x,y,utc,discipline,flight_id
925214.2108374751,6477413.4003977645,1429705344.0,hang gliders,20162442
926579.6848939848,6477585.574299358,1524317056.0,hang gliders,20235259
925418.7163329958,6475138.328325432,1590673536.0,hang gliders,20282134
925019.3683917742,6476305.323143507,1590673664.0,hang gliders,20282134
925580.1208909623,6475246.584756805,1590757120.0,hang gliders,20283237
925675.0426028108,6479072.281995308,1595161472.0,hang gliders,20287547
926986.6305373379,6478236.883343752,1595680384.0,hang gliders,20288479
925493.8896429057,6478556.688971481,1646575232.0,hang gliders,20314671
927193.3701134794,6478482.341078411,1648217856.0,hang gliders,20316396
926873.9691948296,6479827.708236653,1648305408.0,hang gliders,20316586
926649.1480073927,6477508.712920483,1652184192.0,hang gliders,20320591
927051.2510954355,6478289.150101453,1652792320.0,hang gliders,20321980
927672.5141572235,6479774.930606718,1692713344.0,hang gliders,20350501
926917.0552733743,6477220.878182197,1714049408.0,hang gliders,20358139
926912.6430566172,6477153.967502431,1714053120.0,hang gliders,20358139
925901.9032781267,6475659.609421715,1745932032.0,hang gliders,20375195
926259.9222219256,6477159.23728196,1746019328.0,hang gliders,20376200
927406.6594600277,6478326.673025869,1751285248.0,hang gliders,20381553
926966.7791274408,6477310.854105213,1754050573.237478,hang gliders,20383919
926915.3541854131,6477537.865427056,1775565568.0,hang gliders,20391531
926699.622666087,6477458.192745095,1177761280.0,paragliders,20062502
926536.6569378088,6476991.1458052695,1209734493.7195177,paragliders,20071410
927224.8844341943,6478780.18341736,1271851904.0,paragliders,20091610
926404.6499484119,6476964.485825981,1271851776.0,paragliders,20091985
926616.0128835323,6477175.509106827,1301144320.0,paragliders,20101401
927202.8185683239,6478731.515574211,1302952704.0,paragliders,20103089
925627.7859013407,6476237.218381331,1303300224.0,paragliders,20103344
926834.4076095639,6478024.3094059955,1303300480.0,paragliders,20103344
925253.3244541605,6478250.849699484,1332593664.0,paragliders,20111825
926705.9392059925,6476942.541181696,1332591616.0,paragliders,20111918
927057.9631757385,6478308.536858529,1332769664.0,paragliders,20112314
926428.2304858573,6476861.027279761,1332940672.0,paragliders,20112549
926824.1889033976,6477665.564175131,1332590464.0,paragliders,20112724
925409.1981018911,6475436.221416568,1332766208.0,paragliders,20112725
926275.5725141739,6476970.084829492,1332939264.0,paragliders,20112726
926389.0076611781,6477297.726518077,1333976576.0,paragliders,20113191
926346.5397620427,6477132.042740417,1333802240.0,paragliders,20113194
926263.1950312615,6477198.301474865,1333802368.0,paragliders,20113194
926187.2614208087,6477123.128007367,1333976064.0,paragliders,20113257
925294.0416081699,6479922.956403535,1336051072.0,paragliders,20113860
927503.1242078226,6479434.756436393,1338381824.0,paragliders,20115726
925717.0645599165,6475299.14172977,1338299136.0,paragliders,20115764
925378.542032911,6477344.624795614,1338391424.0,paragliders,20115831
925198.3281133771,6476559.666454703,1343223296.0,paragliders,20118644
925502.4963891234,6478674.455690955,1343741056.0,paragliders,20119083
927302.4054244314,6478498.361083249,1344945024.0,paragliders,20120064
926541.8872518141,6477340.569071417,1366112640.0,paragliders,20125103
926667.7732472833,6477358.018123244,1366113280.0,paragliders,20125154
926871.0281600584,6477787.556144359,1366297088.0,paragliders,20125493
926631.7693449096,6477222.7165865665,1366284288.0,paragliders,20125575
926656.0443277954,6477538.525045852,1366893056.0,paragliders,20126655
927562.6077789682,6478847.999754222,1366893824.0,paragliders,20126745
925707.1543661357,6478775.463602771,1371125760.0,paragliders,20129720
925462.8960446151,6478612.286582197,1371125376.0,paragliders,20129721
925350.236168073,6479864.907257453,1374673792.0,paragliders,20132617
925050.8055861462,6476450.25033711,1396273280.0,paragliders,20140454
927069.4845505361,6477442.8790968405,1397220608.0,paragliders,20141537
925456.3783871753,6475021.509541396,1396444672.0,paragliders,20141551
925027.083498651,6475998.589351504,1396444800.0,paragliders,20141551
926595.8207308366,6477455.187050035,1397218176.0,paragliders,20141578
926762.8667643905,6477131.065824099,1397220608.0,paragliders,20141609
926874.9091971212,6477115.832683291,1397221888.0,paragliders,20141631
926601.3788510901,6477651.631315485,1397218944.0,paragliders,20141639
926831.6932875215,6477448.975954481,1397219584.0,paragliders,20141684
925082.6632546759,6475898.055737168,1397223296.0,paragliders,20141697
926959.3889621306,6477652.723604174,1397220608.0,paragliders,20141708
925095.8278121721,6475898.206155486,1397222528.0,paragliders,20141740
925304.0670341849,6477725.481654902,1397222784.0,paragliders,20141740
926625.9554039171,6477030.527648799,1397227264.0,paragliders,20141740
926232.1679819173,6476087.517773502,1396440960.0,paragliders,20141805
927387.5762742504,6477890.526441677,1396441984.0,paragliders,20141805
927108.0392873734,6477709.70176086,1396442624.0,paragliders,20141805
927183.8103561904,6477711.229094311,1396442624.0,paragliders,20141805
927149.8512900141,6477659.937800935,1396442624.0,paragliders,20141805
927080.8952753766,6477854.12880212,1397218944.0,paragliders,20142660
926890.675295175,6476944.354245027,1400327168.0,paragliders,20144860
925609.535380829,6478839.138805124,1400327552.0,paragliders,20144868
926263.6492439153,6476286.075693827,1399122176.0,paragliders,20144883
925513.9121923195,6475301.996139776,1400327552.0,paragliders,20145276
926655.1562142659,6476453.090835752,1401629440.0,paragliders,20146583
927419.6413320876,6479832.852581611,1402400896.0,paragliders,20147501
925116.1854063364,6476640.147101605,1410099840.0,paragliders,20153922
925541.0757917737,6479678.570358974,1410100224.0,paragliders,20153922
926999.7848939903,6477538.983317321,1428754432.0,paragliders,20159945
927302.0210065381,6478355.181137943,1428756992.0,paragliders,20159947
927299.4007650916,6478361.219651412,1428756992.0,paragliders,20159947
927279.4255708226,6478373.370577968,1428756992.0,paragliders,20159947
926466.3999763535,6477215.398539202,1428755456.0,paragliders,20159969
926907.5507599225,6477302.201507326,1428752000.0,paragliders,20160018
926967.1485117677,6476981.902816815,1428752384.0,paragliders,20160050
927142.3493951452,6477549.757519752,1428752512.0,paragliders,20160053
925816.7852552274,6475995.278336423,1428751744.0,paragliders,20160078
925834.3647982712,6475965.546288338,1428751744.0,paragliders,20160078
925834.6640262621,6475953.682118197,1428751744.0,paragliders,20160078
925830.2888122486,6475940.998113787,1428751744.0,paragliders,20160078
926973.8024930654,6477821.7217735965,1428752128.0,paragliders,20160078
926781.13941892,6476825.39685889,1428762496.0,paragliders,20160122
926737.1278098897,6477052.1893159095,1428752640.0,paragliders,20160157
925349.5516547733,6477605.707216589,1428765440.0,paragliders,20160171
925700.5250994714,6475705.402951761,1428842880.0,paragliders,20160240
925575.2882283952,6475548.479770945,1428841344.0,paragliders,20160255
925543.8816038589,6475550.829934569,1428841344.0,paragliders,20160255
926930.6492430366,6478160.512836072,1428841728.0,paragliders,20160255
926774.540660155,6476980.777666654,1428753408.0,paragliders,20160273
925467.42872441,6475054.783563124,1428843520.0,paragliders,20160288
927212.784831948,6478182.684535085,1428841088.0,paragliders,20160317
925369.5849018759,6477852.52857398,1428846208.0,paragliders,20160394
925389.6848642951,6478338.700141513,1428845952.0,paragliders,20160742
925825.1700816273,6475742.956672079,1428836096.0,paragliders,20160824
927107.2749279494,6478454.126036043,1428934400.0,paragliders,20160967
926168.7869685023,6475477.884593621,1428928128.0,paragliders,20161003
926224.5394585753,6476065.278221961,1428923136.0,paragliders,20161291
926848.578322487,6476828.700344546,1428753152.0,paragliders,20161350
926530.1218554527,6476618.4430970615,1429623424.0,paragliders,20161917
925178.5158724437,6475579.858616102,1429621760.0,paragliders,20162020
926568.6171749166,6477171.828332557,1429620352.0,paragliders,20162024
926484.8323264281,6476811.093370393,1429622528.0,paragliders,20162113
925360.5987255895,6478642.792422704,1429624448.0,paragliders,20162134
926499.6312089666,6477211.921624074,1429622144.0,paragliders,20162197
925283.1886969878,6477673.160102403,1429624832.0,paragliders,20162245
926508.4978787494,6476382.192278228,1429710464.0,paragliders,20162266
927228.4656570634,6478006.516069259,1429792256.0,paragliders,20162438
926361.4480853664,6476629.225954497,1429796608.0,paragliders,20162451
926352.7558589256,6476605.745182177,1429790976.0,paragliders,20162454
926838.3345924449,6477281.771449665,1429792256.0,paragliders,20162466
926838.3345924449,6477281.771449665,1429792256.0,paragliders,20162469
925381.128053647,6475195.119970294,1429790848.0,paragliders,20162510
925188.4976350979,6477472.685595207,1429876736.0,paragliders,20162613
925174.9409151437,6478317.7309309775,1429876992.0,paragliders,20162613
927012.6374823244,6477870.973702929,1429876736.0,paragliders,20162722
926804.6555980898,6477848.053867277,1429876864.0,paragliders,20162722
926775.5749475459,6477828.190497936,1429876864.0,paragliders,20162722
926775.0517875827,6477804.90663534,1429876864.0,paragliders,20162722
926778.7761545405,6477798.470825348,1429876864.0,paragliders,20162722
926811.8142906623,6477792.275172501,1429876864.0,paragliders,20162722
927157.1027169118,6478527.738546668,1429882496.0,paragliders,20162722
925160.1281441575,6475925.152456109,1429880832.0,paragliders,20162879
927218.0051886349,6478723.437668118,1429789440.0,paragliders,20162890
926601.4562379282,6476845.046759964,1429622784.0,paragliders,20163036
926983.2347761504,6477378.433539725,1430917248.0,paragliders,20163445
926721.3543229871,6477011.278157229,1430917152.0,paragliders,20163507
925681.254466337,6475551.688085053,1430917376.0,paragliders,20163521
926802.0448132688,6477297.63211074,1430916992.0,paragliders,20163678
927374.732928573,6478346.555037725,1432817536.0,paragliders,20165682
927386.1267301489,6478340.012033764,1432817536.0,paragliders,20165682
927124.295596841,6477817.898596124,1432818816.0,paragliders,20165840
926203.1436691076,6476197.216572067,1433247232.0,paragliders,20166672
927382.7922752496,6478343.46477533,1428932608.0,paragliders,20166892
927447.6840085139,6478212.17920718,1428932608.0,paragliders,20166892
927446.2905111331,6478217.605077656,1428932608.0,paragliders,20166892
927444.1748016798,6478221.977698675,1428932608.0,paragliders,20166892
927424.5344729717,6478234.680929659,1428932608.0,paragliders,20166892
925687.4415337894,6475368.243105619,1434029312.0,paragliders,20167808
925579.7220087135,6475289.554619584,1434021632.0,paragliders,20167980
926122.9481917105,6476620.983942433,1435230592.0,paragliders,20169229
925051.4879759848,6476146.436961359,1435324544.0,paragliders,20169421
925557.0703864507,6475298.579355671,1435753984.0,paragliders,20170456
925432.5192052375,6475266.992730895,1435753984.0,paragliders,20170469
927174.43648464,6478990.064546247,1436615552.0,paragliders,20171257
925067.2902311416,6475714.248748593,1436616960.0,paragliders,20171279
925512.4201864497,6478551.287005993,1436703232.0,paragliders,20171488
925551.9117386766,6478497.16242148,1436703247.357375,paragliders,20171491
926438.1595194332,6476837.8961852165,1436705792.0,paragliders,20171494
925790.1198705857,6475643.578972123,1436709632.0,paragliders,20171494
927175.6531562399,6478007.874634182,1436708992.0,paragliders,20171496
926385.689900422,6477376.432395398,1436702720.0,paragliders,20172004
926386.3082592876,6477383.567906104,1436702720.0,paragliders,20172004
926414.6157649135,6477411.012891292,1436702720.0,paragliders,20172004
925564.1081151805,6475180.897201379,1437048448.0,paragliders,20172144
925620.9547660465,6475448.118649803,1437486976.0,paragliders,20172731
925207.4137003648,6477430.258206753,1437486720.0,paragliders,20172869
925388.6078276236,6478536.917012553,1437486080.0,paragliders,20172973
926360.2147641435,6476783.976995588,1438864384.0,paragliders,20174250
927137.1378405171,6478425.793766629,1438864640.0,paragliders,20174250
925086.210371628,6475728.055799455,1439390208.0,paragliders,20174815
927069.8117603222,6478047.867996169,1439390720.0,paragliders,20174815
925554.6835635107,6479023.799124498,1439393536.0,paragliders,20174815
926709.7982929844,6477093.017470913,1439385984.0,paragliders,20174822
925410.9786556064,6479584.875326825,1439390336.0,paragliders,20174865
925088.7939776359,6475795.722756493,1439385984.0,paragliders,20174876
925109.145677909,6475716.713245187,1439390208.0,paragliders,20174934
927109.7727567735,6478042.924199217,1439390720.0,paragliders,20174934
925427.9752271941,6479208.453136907,1440243840.0,paragliders,20175808
925280.3060904301,6477687.234742941,1440248576.0,paragliders,20175812
925696.8298285631,6479203.140911168,1440247040.0,paragliders,20175953
925439.8762411285,6479764.325192898,1440942848.0,paragliders,20176612
927106.8531100294,6478585.00070413,1458312192.0,paragliders,20181658
927215.4448860451,6477832.468497838,1458395904.0,paragliders,20181962
927123.191627911,6477976.438813444,1458396032.0,paragliders,20181962
927199.8457591081,6478207.211529142,1458397312.0,paragliders,20181968
927005.9361244399,6477638.015429679,1458398464.0,paragliders,20181983
925332.2220214668,6478091.099505974,1458392576.0,paragliders,20182016
925485.3939567669,6478915.044585902,1458399744.0,paragliders,20182096
927291.4706486505,6478276.653555227,1458396672.0,paragliders,20182146
927416.76243473,6478865.279192147,1458391808.0,paragliders,20182242
925394.1177094075,6477853.083311944,1461767808.0,paragliders,20184533
926084.2068099809,6476210.907131371,1461842304.0,paragliders,20184683
926267.8046569452,6476520.130966607,1461842560.0,paragliders,20184716
927175.0425461362,6478095.157283175,1461841152.0,paragliders,20184798
925988.521088347,6475677.800823992,1461841536.0,paragliders,20184798
925943.7618351815,6475644.904356121,1461841536.0,paragliders,20184798
925191.1978612461,6477605.660571651,1461847680.0,paragliders,20184798
925127.7260872285,6476602.372882421,1461932672.0,paragliders,20185065
927402.1956068678,6479539.952080596,1461842560.0,paragliders,20185210
927437.1252716859,6479565.576486509,1461842560.0,paragliders,20185210
927235.4569653267,6479417.863563816,1462532096.0,paragliders,20186114
925620.4835718003,6475651.128296064,1462534528.0,paragliders,20186115
927318.8169312059,6479399.41899947,1462532096.0,paragliders,20186143
927316.0070258093,6479546.069236365,1462532096.0,paragliders,20186226
927007.0634539839,6478364.2267967295,1462532736.0,paragliders,20186241
926972.4418047717,6478437.647941235,1462532736.0,paragliders,20186241
926994.9385374796,6478415.157392835,1462532736.0,paragliders,20186241
927297.0363380524,6479321.549550954,1462531968.0,paragliders,20186275
925701.0379517555,6475596.528240838,1462532736.0,paragliders,20186313
927225.3857885512,6478472.847726913,1462532992.0,paragliders,20186313
925447.6473311371,6475296.057085672,1462532736.0,paragliders,20186318
925531.5684753496,6475649.462662471,1462627328.0,paragliders,20186433
925330.9130938955,6475299.146075217,1462626688.0,paragliders,20186461
926532.397353219,6477016.756329487,1462626944.0,paragliders,20186461
925549.0443536389,6475858.527559567,1462619264.0,paragliders,20186496
927021.4810039997,6478338.269656065,1462619776.0,paragliders,20186496
925430.5122913514,6475209.72737112,1462624256.0,paragliders,20186496
925530.3056607001,6475397.311682539,1462624384.0,paragliders,20186512
925454.6597980515,6475366.746077174,1462624256.0,paragliders,20186577
926375.2411864655,6477354.619858462,1462624896.0,paragliders,20186741
927226.8562481753,6479896.64948098,1462531584.0,paragliders,20186941
926489.233025891,6476882.823594769,1462624640.0,paragliders,20186942
925499.4035894019,6477898.48997603,1465560960.0,paragliders,20189740
925437.8413945569,6477685.927904224,1465560704.0,paragliders,20189795
925310.6607862859,6478751.806862809,1466685184.0,paragliders,20190335
927310.473568054,6478017.221779994,1466779648.0,paragliders,20190522
926904.9293462919,6477563.724020821,1466772608.0,paragliders,20190575
925038.8416078044,6476860.0860786,1466771328.0,paragliders,20190631
926028.0290903148,6476881.039993374,1466775296.0,paragliders,20190640
926359.5944421858,6476256.424471174,1468068352.0,paragliders,20192702
925337.8264002326,6477723.359340169,1470233472.0,paragliders,20195373
926838.9174380775,6477372.080520576,1491739136.0,paragliders,20196030
925529.5879998216,6478531.66570725,1471177344.0,paragliders,20197057
925750.0073133011,6475148.876292329,1471353088.0,paragliders,20197663
927062.8130534908,6477344.376864278,1471353472.0,paragliders,20197663
927161.5786316737,6477394.077354124,1471353344.0,paragliders,20197680
926103.3984867821,6476066.655804056,1471353344.0,paragliders,20197682
925757.3697581096,6475586.497266308,1471353088.0,paragliders,20197688
925811.7644604797,6475247.289707241,1471351936.0,paragliders,20197713
927149.5633111402,6477889.040165101,1471352320.0,paragliders,20197713
925395.195097351,6477684.545833384,1470233984.0,paragliders,20197834
926733.1603986053,6477067.877460908,1472218752.0,paragliders,20198855
925417.8962363995,6475092.846344829,1472219776.0,paragliders,20198961
927042.4693264477,6477693.36227602,1472220160.0,paragliders,20198961
927001.761421015,6477757.58017048,1472223616.0,paragliders,20198961
925748.3193308703,6475632.635975024,1472388352.0,paragliders,20199220
925777.3749713496,6475683.500944288,1472388352.0,paragliders,20199220
925805.0131659241,6475689.74912379,1472388352.0,paragliders,20199220
925816.9053317052,6475683.4498488335,1472388352.0,paragliders,20199220
925821.7469777061,6475656.5330293,1472388352.0,paragliders,20199220
926889.7345948992,6477167.840311068,1472388480.0,paragliders,20199261
926589.4428791841,6477074.284497981,1472390784.0,paragliders,20199321
927173.8650648821,6478105.045182289,1472821632.0,paragliders,20200232
927292.4654636608,6478763.866780188,1473254784.0,paragliders,20200646
927267.2177533583,6478742.584748928,1473254784.0,paragliders,20200646
927312.9817631441,6478727.158614317,1473254784.0,paragliders,20200646
927157.8475652988,6478878.98210943,1473259264.0,paragliders,20200677
927170.3924132376,6478893.26419945,1473259264.0,paragliders,20200677
927195.997043059,6478862.872949544,1473259264.0,paragliders,20200677
927160.618082109,6478324.627439214,1473253376.0,paragliders,20200706
926534.7498191937,6477021.662040479,1473339904.0,paragliders,20200739
925153.2409922907,6475870.628455815,1473337728.0,paragliders,20200741
926875.1883100531,6477606.1025823,1473338112.0,paragliders,20200741
925661.4310723098,6475328.200442759,1473342848.0,paragliders,20200741
925551.2380968118,6475072.224867691,1473341824.0,paragliders,20200782
926610.8496340436,6476983.709459365,1473342080.0,paragliders,20200782
926629.7861837877,6477193.34045517,1473340416.0,paragliders,20200785
925644.6029347937,6475519.552643674,1473340672.0,paragliders,20200785
926378.1156209849,6476750.464939187,1473340160.0,paragliders,20200807
925586.4209461415,6475495.922070454,1473336832.0,paragliders,20200828
926825.6405090074,6477303.036937992,1473603456.0,paragliders,20201300
926469.215588458,6476984.824627985,1473597696.0,paragliders,20201352
926574.4622104645,6476907.48641512,1473597824.0,paragliders,20201360
926802.4249503941,6477106.801044139,1487507712.0,paragliders,20205405
926458.5017569019,6476741.460779257,1489756672.0,paragliders,20206644
926551.2853290257,6477128.942055082,1489759744.0,paragliders,20206665
926506.443622017,6476895.273095226,1489756288.0,paragliders,20206669
926950.1828880538,6477513.6860543825,1489757079.0360622,paragliders,20206695
926795.8765567477,6476868.881896341,1489756416.0,paragliders,20206700
927102.3919722026,6477571.833792439,1489757312.0,paragliders,20206707
925096.644386466,6475864.569219488,1489760000.0,paragliders,20206711
926902.7210883971,6477311.39800763,1489756672.0,paragliders,20206716
926594.110619363,6476678.605120323,1489756160.0,paragliders,20206767
926846.7187778597,6477149.65090565,1489756160.0,paragliders,20206767
925166.318358689,6475716.975440172,1489759744.0,paragliders,20206775
926905.3394933766,6477255.1624705065,1489756800.0,paragliders,20206781
926516.737579906,6476772.00708244,1489756672.0,paragliders,20206808
925891.8906087639,6475575.429139281,1489755264.0,paragliders,20206900
927169.5767279676,6477348.310111878,1489759232.0,paragliders,20206967
925393.1967681329,6478127.286840532,1490706432.0,paragliders,20207637
926880.4848850537,6477481.074437369,1489757184.0,paragliders,20207662
926806.8023416195,6477359.846485505,1490795648.0,paragliders,20207947
926997.1631640712,6478152.372163538,1490791936.0,paragliders,20207973
926534.8804290675,6477318.840202402,1490793728.0,paragliders,20207986
925087.6339496899,6475915.891808043,1490794752.0,paragliders,20208034
927123.4529638572,6477304.892942435,1491660544.0,paragliders,20209284
925472.2736044008,6475054.295241898,1491739008.0,paragliders,20209453
926862.3555378374,6477187.803379444,1491739264.0,paragliders,20209453
926992.0510702777,6477887.8655514745,1491739264.0,paragliders,20209477
926737.5278411917,6477301.997855927,1491743360.0,paragliders,20209493
925315.2688006583,6475129.083994718,1491743744.0,paragliders,20209728
926924.0283275676,6477221.53729235,1491739392.0,paragliders,20209730
926797.9166096455,6477134.324456837,1491740672.0,paragliders,20209789
926834.1271832566,6477281.016976158,1491739136.0,paragliders,20209796
926910.5307257194,6477163.380710231,1491739136.0,paragliders,20209826
926883.3173645945,6477693.701058176,1491737984.0,paragliders,20209829
926758.940094515,6477790.0987367425,1491740032.0,paragliders,20209930
926783.4567564041,6477631.551339842,1491739392.0,paragliders,20209952
926827.9794044418,6477627.925612532,1491737984.0,paragliders,20210014
926815.9496809376,6477290.584049217,1491742208.0,paragliders,20210107
925677.3674147862,6475599.76001836,1491827200.0,paragliders,20210176
925524.2072172107,6475134.19018724,1491822848.0,paragliders,20210193
925734.680310201,6475096.835150521,1491826176.0,paragliders,20210201
927772.4075565747,6477752.975818657,1491826816.0,paragliders,20210201
925255.6625756726,6477425.882545298,1491825408.0,paragliders,20210283
925781.8271109931,6475226.697427131,1491828864.0,paragliders,20210287
925644.4868589409,6475374.491968855,1491825152.0,paragliders,20210292
926955.4292777036,6476443.446670614,1491826688.0,paragliders,20210351
926952.3772957904,6476446.112750428,1491826688.0,paragliders,20210351
926947.8309171464,6476447.136387758,1491826688.0,paragliders,20210351
926830.8931997595,6477088.671342433,1491739008.0,paragliders,20210356
927122.9767414712,6477910.384117441,1491739392.0,paragliders,20210525
926542.7579877711,6477018.789301081,1491822720.0,paragliders,20210548
926590.6265132084,6477067.399071463,1492776704.0,paragliders,20211787
926652.1877110868,6477068.53946976,1492776704.0,paragliders,20211830
926660.3352686986,6477069.156730209,1492776704.0,paragliders,20211845
925378.7940861058,6475005.852684518,1492865280.0,paragliders,20211983
926637.283902081,6477143.716280146,1492865664.0,paragliders,20213084
927325.3206620518,6477303.361804047,1492869888.0,paragliders,20213084
927259.7548004499,6477245.965418863,1492869888.0,paragliders,20213084
927258.584553841,6477181.418233237,1492869888.0,paragliders,20213084
925073.9301103548,6476919.929962176,1494852096.0,paragliders,20214053
927149.7864752087,6479506.116516048,1494852736.0,paragliders,20214053
926883.6569000785,6477476.722398846,1494935680.0,paragliders,20214205
927495.218442473,6479851.613821389,1494941440.0,paragliders,20214242
925030.2644059596,6475832.841147428,1494937600.0,paragliders,20214271
925950.199645859,6475419.130726753,1494943360.0,paragliders,20214349
926685.2692987355,6477630.011748348,1497962368.0,paragliders,20219231
925398.8562926596,6475030.978580619,1497954048.0,paragliders,20219247
927647.6267773558,6478693.436110033,1497958784.0,paragliders,20219276
925708.1097194484,6475389.14465469,1497963648.0,paragliders,20219287
925757.5965206701,6475444.291244803,1497963648.0,paragliders,20219287
925727.5296951379,6475422.29090796,1497963648.0,paragliders,20219287
925046.8868142406,6476731.108163281,1497963904.0,paragliders,20219287
927114.8333351094,6477980.288885449,1497961856.0,paragliders,20219289
925093.5099160215,6476652.470597869,1498051584.0,paragliders,20219351
925405.0070213509,6478556.134750299,1498046336.0,paragliders,20219372
926851.048252195,6477854.070072525,1498131584.0,paragliders,20219539
926920.0756343324,6477374.038826148,1498132992.0,paragliders,20219557
927025.3431697566,6477508.454958249,1498225920.0,paragliders,20219662
926786.4251822939,6477498.494918258,1498131840.0,paragliders,20219722
925389.6289110507,6479202.735071448,1499519744.0,paragliders,20220975
925249.689821562,6477227.028477081,1503402240.0,paragliders,20224460
925334.3581554468,6477402.491119737,1521900928.0,paragliders,20230806
925368.5407111256,6477402.2562933825,1521900928.0,paragliders,20230806
925379.9106091046,6477425.002702009,1521900928.0,paragliders,20230806
925443.792898231,6478172.484826921,1521901056.0,paragliders,20230806
925450.6118525014,6478155.826178281,1521901056.0,paragliders,20230806
925434.8938810136,6478115.265968476,1521901056.0,paragliders,20230806
925672.7264567238,6475167.19661443,1521894144.0,paragliders,20230850
926351.6739747573,6476857.6467923485,1524056832.0,paragliders,20232812
925914.5523319189,6476401.142318495,1524058240.0,paragliders,20232870
927077.2202103696,6478546.064115207,1524058624.0,paragliders,20232870
926305.4560747042,6476982.82354046,1524057216.0,paragliders,20232871
926518.8549374947,6477046.278673923,1524057344.0,paragliders,20232925
925889.8709209389,6476207.269872432,1524046976.0,paragliders,20232958
926565.4618608622,6476926.125147986,1524056704.0,paragliders,20232992
926179.9158981857,6476764.499216245,1524058240.0,paragliders,20232999
925724.8142260085,6475735.860969831,1524053120.0,paragliders,20233008
926373.2289751369,6477274.517723587,1524056064.0,paragliders,20233013
926712.743531628,6477545.843745005,1524053376.0,paragliders,20233028
927215.6159941627,6478473.715245186,1524060416.0,paragliders,20233053
926857.8672749443,6477402.976021148,1524051456.0,paragliders,20233058
926607.9387154465,6477501.97850287,1524051328.0,paragliders,20233060
926528.4021813911,6477363.8569986755,1524052736.0,paragliders,20233130
925880.653383458,6476487.7061068695,1524142080.0,paragliders,20233342
925724.9194222545,6475679.248419182,1524055680.0,paragliders,20233508
926354.9152751984,6476904.510089183,1524139648.0,paragliders,20233562
925838.9634551456,6476375.294614939,1524144000.0,paragliders,20233594
927173.0396762794,6479861.356973376,1524141440.0,paragliders,20233708
926007.2494670914,6476416.419760061,1524141696.0,paragliders,20233807
925569.8796796714,6476605.544165644,1524146176.0,paragliders,20233885
925666.7100995624,6476310.050205421,1524143616.0,paragliders,20234036
925688.3124786208,6475868.518771935,1524059264.0,paragliders,20234046
925317.9903163639,6475494.888847912,1524145408.0,paragliders,20234061
926378.7621179379,6477045.560321496,1524139904.0,paragliders,20234067
926357.1342446752,6476902.5214486,1524060544.0,paragliders,20234074
925137.6730327798,6478437.075301238,1524231936.0,paragliders,20234182
926542.175027173,6477404.324474922,1524229760.0,paragliders,20234227
926834.4918102971,6477835.890351312,1524227968.0,paragliders,20234238
926044.2787584539,6476917.878386015,1524234624.0,paragliders,20234244
926558.0588538793,6477109.134378701,1524230272.0,paragliders,20234262
926692.9031873323,6477900.519792001,1524226176.0,paragliders,20234310
926650.528691985,6477391.777446473,1524228608.0,paragliders,20234401
926265.9091734638,6477028.759769213,1524229632.0,paragliders,20234453
926340.6979603806,6476930.229101815,1524230784.0,paragliders,20234455
925936.8280257958,6476488.542787194,1524142592.0,paragliders,20234489
926613.9392285093,6477342.819867148,1524229632.0,paragliders,20234508
926136.7646793454,6476832.023074047,1524232192.0,paragliders,20234508
926574.1598043169,6477198.184026574,1524226944.0,paragliders,20234524
926157.0729266863,6476678.667234533,1524140800.0,paragliders,20234547
927226.7969852444,6479840.13533253,1524141440.0,paragliders,20234547
926420.9315719004,6477550.7368386,1524312704.0,paragliders,20234579
926649.8909308182,6477515.067855958,1524319232.0,paragliders,20234635
926934.1442740465,6478076.594818427,1524315392.0,paragliders,20234636
926709.8623197335,6477442.284480734,1524312192.0,paragliders,20234647
925546.315773221,6475479.109393225,1524315008.0,paragliders,20234671
925484.3501977792,6475531.878721417,1524315008.0,paragliders,20234671
925461.465668797,6475486.062367719,1524315008.0,paragliders,20234671
926700.2192193979,6477562.077858266,1524318208.0,paragliders,20234683
926837.395339368,6477817.869267315,1524312448.0,paragliders,20234684
926787.2802571726,6477399.433431606,1524311424.0,paragliders,20234704
926598.2036011198,6477182.805709682,1524314624.0,paragliders,20234721
925427.1638195472,6475345.270890168,1524316544.0,paragliders,20234736
926534.6302625581,6477312.542225236,1524316928.0,paragliders,20234736
926351.7328233582,6477316.3664630335,1524314240.0,paragliders,20234749
927346.8796065289,6479422.413622379,1524314624.0,paragliders,20234749
927380.4979307702,6479436.859151586,1524314624.0,paragliders,20234749
927380.4257163474,6479448.33578502,1524314624.0,paragliders,20234749
926903.2414603606,6477727.533225901,1524312448.0,paragliders,20234771
926711.2300944412,6477541.287650615,1524316544.0,paragliders,20234781
925226.7135160813,6478555.783101681,1524057856.0,paragliders,20234793
927047.7870892468,6478204.446820527,1524056064.0,paragliders,20234794
926525.9094451785,6477506.128703432,1524313728.0,paragliders,20234828
926579.102260895,6477535.690282887,1524313728.0,paragliders,20234855
925469.8524333002,6479265.355500699,1524315392.0,paragliders,20234856
926571.0660202071,6477139.007276951,1524314752.0,paragliders,20234880
926529.6850655028,6477224.016580877,1524314752.0,paragliders,20234901
926831.2702968376,6478021.567404328,1524313600.0,paragliders,20234910
926840.448392072,6478052.546711397,1524313600.0,paragliders,20234910
927102.8604892786,6479242.586314208,1524313728.0,paragliders,20234910
926583.0871096149,6477367.288166706,1524316800.0,paragliders,20234958
926596.900646281,6477198.099965046,1524314752.0,paragliders,20234966
926433.5496507885,6477423.319892465,1524312704.0,paragliders,20234978
926836.7595861083,6477695.5773779815,1524318848.0,paragliders,20234983
926529.1312214988,6477202.530697989,1524312960.0,paragliders,20234985
926442.490852569,6477282.925469653,1524312064.0,paragliders,20235012
926600.2472921443,6477322.982494045,1524313600.0,paragliders,20235017
926933.4209577416,6478008.535519451,1524224000.0,paragliders,20235067
925489.1275335843,6475887.185867217,1524312576.0,paragliders,20235081
926440.0788031424,6477425.75778276,1524312832.0,paragliders,20235081
926545.7006112458,6477129.169141089,1524313088.0,paragliders,20235097
926462.791146054,6476983.355758054,1524310912.0,paragliders,20235112
925197.2568093542,6476737.271783088,1524320000.0,paragliders,20235122
925762.0759069058,6476114.007226576,1524312192.0,paragliders,20235131
925515.4667612788,6475760.142624787,1524312832.0,paragliders,20235183
926512.0587041253,6477262.349100594,1524313067.6937945,paragliders,20235183
926941.8377033956,6477847.937406718,1524319616.0,paragliders,20235196
926547.0733408812,6477452.442830855,1524315008.0,paragliders,20235261
926807.4509084427,6477494.341297124,1524054656.0,paragliders,20235284
925548.0124184458,6476278.80234398,1524144128.0,paragliders,20235317
926494.3807647978,6477609.587359646,1524315136.0,paragliders,20235318
926556.2372775464,6477389.036721514,1524313728.0,paragliders,20235351
926528.8094348105,6477160.550856565,1524311936.0,paragliders,20235452
926794.5535090122,6477455.66085542,1524051968.0,paragliders,20235497
925842.4603584723,6475979.989046305,1524408576.0,paragliders,20235540
926679.0352184786,6477456.126752956,1524312192.0,paragliders,20235785
926798.2113192561,6477745.486913719,1524311680.0,paragliders,20235935
926594.1416243665,6477445.621735707,1524311936.0,paragliders,20235955
925847.5926223584,6476358.363072371,1524401536.0,paragliders,20236069
925459.670284513,6479501.569329568,1524395520.0,paragliders,20236153
927070.6041715749,6477935.629692801,1524056064.0,paragliders,20236278
926143.5787144328,6476534.6487753345,1524403456.0,paragliders,20236327
927227.0518314154,6478235.467364756,1524053632.0,paragliders,20236492
926524.0733501862,6477094.052083322,1524230400.0,paragliders,20236501
926947.7237926852,6478085.324224369,1524315392.0,paragliders,20236504
927219.0185239965,6478337.738485862,1524569856.0,paragliders,20236806
926456.1242019814,6477419.773496681,1524573952.0,paragliders,20236841
927082.9437237827,6477670.424894982,1524569984.0,paragliders,20236866
926708.8714037973,6477392.552453916,1524312320.0,paragliders,20236870
926779.2601038141,6476990.402588111,1524571008.0,paragliders,20236912
926640.9375957755,6477283.665977598,1524568192.0,paragliders,20236928
927033.64203833,6478044.910410051,1524573824.0,paragliders,20236935
926579.7027884792,6477411.120897945,1524572544.0,paragliders,20236995
926497.0663880707,6477107.979651054,1524572416.0,paragliders,20236999
926608.3528861911,6477319.287214864,1524315648.0,paragliders,20237024
925442.780876672,6478064.520263678,1524573312.0,paragliders,20237026
926603.3903822419,6477141.154118669,1524572288.0,paragliders,20237038
925699.9425467948,6475549.77138079,1524571392.0,paragliders,20237052
927399.9998942141,6479521.725940139,1524576000.0,paragliders,20237052
926489.9586552308,6477372.412330051,1524574080.0,paragliders,20237059
925461.9983315001,6478872.939738402,1524574720.0,paragliders,20237080
926693.6087565644,6477300.819236304,1524573312.0,paragliders,20237088
926433.5704883725,6477149.445804775,1524571392.0,paragliders,20237126
926538.4908839412,6477237.393394358,1524572544.0,paragliders,20237128
926464.413101318,6477173.326138826,1524571392.0,paragliders,20237133
926791.0498319459,6477424.446506304,1524313600.0,paragliders,20237147
927085.6925171498,6479005.878515442,1524313856.0,paragliders,20237147
926818.5926440903,6477103.592834605,1524570880.0,paragliders,20237163
926534.1600409031,6477372.621424918,1524574080.0,paragliders,20237211
926714.1552330073,6477283.74228122,1524567936.0,paragliders,20237232
926519.3416539778,6477158.918066537,1524575872.0,paragliders,20237248
927399.4489018959,6479490.75431682,1524576128.0,paragliders,20237248
927276.0466535616,6478147.005780412,1524570112.0,paragliders,20237277
927282.6827097586,6478169.094234552,1524570112.0,paragliders,20237277
927291.381902169,6478185.096102854,1524570112.0,paragliders,20237277
926535.760652428,6477646.245740064,1525613824.0,paragliders,20238536
926529.1483861839,6477460.132806652,1524315520.0,paragliders,20238541
926967.2138504134,6477773.898746833,1524050944.0,paragliders,20239169
925382.7481881006,6478578.741497977,1527162880.0,paragliders,20239933
925522.366396987,6478322.273618329,1527159296.0,paragliders,20239970
927423.275692565,6479398.574118878,1527164288.0,paragliders,20240007
927723.8580717603,6479192.1362194745,1527164288.0,paragliders,20240056
925093.0147822313,6475980.810497329,1527250816.0,paragliders,20240105
925779.6983946074,6475724.558752645,1527248128.0,paragliders,20240142
925155.9987493035,6476495.097741278,1527253632.0,paragliders,20240148
925005.7421902866,6476219.40859983,1527253376.0,paragliders,20240154
925154.2982851898,6476709.949899448,1527249664.0,paragliders,20240158
927131.5631551736,6477971.707050888,1527244800.0,paragliders,20240169
927406.7677795737,6479598.046861118,1527245056.0,paragliders,20240169
925362.610353946,6475496.325543067,1527250432.0,paragliders,20240172
925165.5875372923,6477366.701404164,1527249536.0,paragliders,20240176
925043.6185463842,6475870.899849765,1527250560.0,paragliders,20240193
926620.3039267473,6476695.166889681,1527248384.0,paragliders,20240201
925118.5923026259,6477444.317976219,1527249408.0,paragliders,20240202
925147.2224424754,6476472.489597212,1527251456.0,paragliders,20240214
925102.2204485602,6477640.774983689,1527248128.0,paragliders,20240216
925249.1523111414,6477278.414997647,1527248640.0,paragliders,20240245
925267.4181665664,6477277.133563954,1527250176.0,paragliders,20240270
925015.3735762665,6476295.003764518,1527253504.0,paragliders,20240277
927442.8123367109,6478643.861570999,1527249280.0,paragliders,20240376
925188.0516786181,6476177.297981564,1527251840.0,paragliders,20240394
925175.0590491154,6477447.217844056,1527250432.0,paragliders,20240437
925295.8141407134,6478783.894524371,1527164032.0,paragliders,20240584
925933.903119992,6479447.835564577,1527251072.0,paragliders,20240616
925161.0798351262,6476825.935040669,1530359424.0,paragliders,20244143
925138.8116829882,6476699.962463042,1530359936.0,paragliders,20244145
926804.0095425148,6477234.7849170845,1530706688.0,paragliders,20244330
926584.819780855,6477425.303269492,1530707200.0,paragliders,20244360
926569.9319941512,6477601.593480414,1530707584.0,paragliders,20244362
926528.8742120742,6477379.734388063,1530707968.0,paragliders,20244390
926357.6190159516,6477546.051283521,1530707584.0,paragliders,20244404
925468.2590695765,6478912.075046064,1531480704.0,paragliders,20245347
925157.5679295346,6476864.893424998,1530367744.0,paragliders,20246297
925717.7619131133,6475464.934266642,1532610688.0,paragliders,20246804
926773.2159300621,6477300.013455416,1532610944.0,paragliders,20246804
926973.283584056,6476672.049571886,1532696576.0,paragliders,20246975
926748.5989693642,6477529.214377945,1532691968.0,paragliders,20247168
927265.4083107787,6478577.957001664,1532959232.0,paragliders,20247595
925306.2328762606,6477710.55317963,1532960384.0,paragliders,20247595
925378.0228950881,6478408.613139716,1532960768.0,paragliders,20247595
925357.4933739563,6478380.001894691,1532960896.0,paragliders,20247595
925464.2358381114,6478411.026755138,1532960896.0,paragliders,20247595
926451.2083374944,6476771.46363748,1533038848.0,paragliders,20247715
927286.8561172235,6478905.955985245,1533043072.0,paragliders,20247728
927318.9479621195,6479176.395694625,1533041024.0,paragliders,20247836
927360.7880423878,6478616.024611157,1533042048.0,paragliders,20247845
926000.7245202453,6476373.782755741,1533041280.0,paragliders,20247921
926761.1368465995,6477136.195122683,1533297408.0,paragliders,20248131
925543.8489067447,6478167.91518296,1533471232.0,paragliders,20248475
927632.2550289459,6479408.045631789,1536157568.0,paragliders,20251762
927237.8364065256,6478836.929549667,1536146816.0,paragliders,20251774
925547.9291351947,6478055.895778026,1536153728.0,paragliders,20252161
926515.7056931448,6476892.443671762,1536580096.0,paragliders,20252572
926593.0850823878,6477269.886959114,1537447040.0,paragliders,20253544
927217.8272986793,6478333.936749775,1537452160.0,paragliders,20253544
925480.7849680936,6475176.449433903,1536155776.0,paragliders,20254397
925702.8914950369,6475209.366602268,1536158208.0,paragliders,20254397
927670.911477132,6479680.568469544,1551788672.0,paragliders,20257200
927625.7366011868,6479014.371614828,1551788466.6645305,paragliders,20257227
927705.703981916,6479275.260131811,1551788544.0,paragliders,20257227
928398.4456639374,6478852.782762733,1551791232.0,paragliders,20257239
927747.214471177,6479640.885251229,1551788800.0,paragliders,20257242
926870.7796045379,6477067.166554909,1553265152.0,paragliders,20257666
925609.8782438667,6475551.102566717,1553264640.0,paragliders,20257675
925711.4769028876,6475903.896301081,1553265664.0,paragliders,20257739
926589.6117534266,6477255.749307651,1553265920.0,paragliders,20257739
927228.994221875,6479691.279867915,1553266432.0,paragliders,20257739
925743.0281718455,6475745.279483436,1553264512.0,paragliders,20257769
927145.7181301198,6479055.222799777,1553860608.0,paragliders,20258785
927148.7684922167,6479062.205550678,1553860608.0,paragliders,20258785
927152.7281270397,6479070.156653853,1553860608.0,paragliders,20258785
925257.0064919243,6478699.217806101,1553866496.0,paragliders,20258787
926413.435690324,6477522.463034661,1553864320.0,paragliders,20258798
927038.6817780256,6478243.251114626,1553864448.0,paragliders,20258798
926987.8102467085,6478324.080178054,1553864576.0,paragliders,20258860
925307.6385377556,6475286.533417446,1553861632.0,paragliders,20258886
927563.6355209011,6479257.744270461,1553862272.0,paragliders,20258886
926529.0126697356,6477237.882684588,1553864320.0,paragliders,20258895
927349.7307110438,6478772.234022894,1553865344.0,paragliders,20258899
927329.0454980206,6479165.230725268,1553867008.0,paragliders,20258899
927297.4590887519,6479063.394565352,1553867648.0,paragliders,20258901
925399.8844371336,6475286.639472658,1553952896.0,paragliders,20259037
927282.765091176,6479235.766769641,1553865984.0,paragliders,20259120
927228.8362927679,6478906.587344807,1553866752.0,paragliders,20259133
926646.5689386276,6477395.457551116,1553947648.0,paragliders,20259348
927563.5942363986,6479153.359165969,1554037248.0,paragliders,20259520
926779.8790458606,6477417.280546717,1554036608.0,paragliders,20259550
927072.1732121147,6478938.135144274,1554036608.0,paragliders,20259562
927545.0069294418,6479067.859233325,1554037120.0,paragliders,20259690
926897.4883902589,6477437.590595898,1554040704.0,paragliders,20259690
927317.8933096724,6477702.8988982,1554039168.0,paragliders,20259719
925091.0855861288,6475998.720874357,1554037504.0,paragliders,20259723
925075.2427580956,6475962.714783457,1554037632.0,paragliders,20259732
927381.7843487024,6479117.237190502,1554037120.0,paragliders,20259735
926979.498914393,6478263.025545648,1553864576.0,paragliders,20259773
926946.6829778268,6478223.149733903,1553864576.0,paragliders,20259773
926939.6211398927,6478229.9171962105,1553864576.0,paragliders,20259773
925190.561103241,6475792.5489195045,1554037248.0,paragliders,20259788
926717.7150341731,6477175.439085161,1554041472.0,paragliders,20259792
926788.9856070462,6477341.162776102,1554040448.0,paragliders,20259824
926823.5078549096,6477528.985688208,1554040832.0,paragliders,20259826
926889.1032789451,6477596.287334789,1554040832.0,paragliders,20259826
926904.4304426818,6477516.990704979,1554040832.0,paragliders,20259826
925559.5565190119,6479113.346309023,1554038272.0,paragliders,20259900
925553.4864023892,6479140.290858255,1554038272.0,paragliders,20259900
925551.3151958006,6479184.38069241,1554038272.0,paragliders,20259900
927317.6483476388,6478591.308561647,1554037760.0,paragliders,20259995
926635.7659862121,6477610.923124796,1554035328.0,paragliders,20260017
927262.5474298479,6477867.562653074,1554039424.0,paragliders,20260017
927491.4069263897,6478863.583295319,1554036864.0,paragliders,20260022
925403.2570531493,6475229.9803945,1553861632.0,paragliders,20260229
927448.2211741814,6479205.195289025,1553862272.0,paragliders,20260229
927098.7161544744,6478061.684392367,1554035968.0,paragliders,20260247
927368.327106121,6478863.606868772,1554036096.0,paragliders,20260247
927382.2212106112,6478853.816967676,1554036096.0,paragliders,20260247
927361.6236441274,6478825.7877192395,1554036096.0,paragliders,20260247
927241.4844315494,6478630.4918872835,1555505024.0,paragliders,20261136
927237.459395779,6478619.36051358,1555505024.0,paragliders,20261136
927206.7105991845,6478676.850704911,1555505024.0,paragliders,20261136
925317.5274220181,6475162.301595477,1555506048.0,paragliders,20261195
926925.055510866,6478213.456909861,1555506432.0,paragliders,20261195
925368.6448427208,6477766.608561521,1555507200.0,paragliders,20261229
925472.1444795644,6476037.829135552,1555507840.0,paragliders,20261239
925643.8467113372,6475533.044711783,1555502336.0,paragliders,20261257
926649.1243099705,6477632.5733797895,1555592704.0,paragliders,20261364
925128.3005211696,6476106.269051786,1555591296.0,paragliders,20261394
925007.5427339968,6475908.979605952,1555592448.0,paragliders,20261425
925034.8980531651,6476063.012549578,1555591424.0,paragliders,20261471
926641.9133621965,6477225.880151008,1555681920.0,paragliders,20261496
925987.8437033494,6476588.62729846,1555672960.0,paragliders,20261534
927322.2432427404,6479983.310067188,1555678592.0,paragliders,20261546
926620.3734047243,6477555.9105085805,1555678848.0,paragliders,20261546
925099.7341479576,6476845.275680463,1555682304.0,paragliders,20261613
926495.3845942828,6477544.523338052,1555672704.0,paragliders,20261649
925000.4263961003,6475087.766657562,1555592064.0,paragliders,20261652
925023.8453404384,6475173.569489351,1555592064.0,paragliders,20261652
925046.7514012833,6475158.120990795,1555592192.0,paragliders,20261652
925108.161208267,6475927.638213696,1555592192.0,paragliders,20261652
925502.7131367411,6475653.513607389,1555680000.0,paragliders,20261653
926051.4917702017,6476421.8065554695,1555680128.0,paragliders,20261653
926590.704460925,6477196.09542777,1555674240.0,paragliders,20261657
926213.7730059996,6476508.882629045,1555676416.0,paragliders,20261666
925807.7406685174,6475794.926813198,1555764608.0,paragliders,20261718
926967.1339290027,6477104.082642072,1555758464.0,paragliders,20261725
926439.3021622007,6476694.11168036,1555761536.0,paragliders,20261729
925271.6945524253,6478367.553404293,1555678592.0,paragliders,20261757
925473.328015719,6475158.154035835,1555766784.0,paragliders,20261771
925826.1633671873,6475622.1927527,1555767040.0,paragliders,20261771
926928.7251904783,6477344.555567836,1555767296.0,paragliders,20261771
926119.9855364978,6476817.295046416,1555762304.0,paragliders,20261781
925211.3479890819,6475682.397221854,1555766337.4652665,paragliders,20261826
925758.6289927666,6476208.509229972,1555762304.0,paragliders,20261829
927211.3215444235,6479008.586048477,1555765760.0,paragliders,20261867
926187.3246647047,6476186.037753285,1555759104.0,paragliders,20261924
927016.042365265,6477550.397275005,1555760000.0,paragliders,20262011
926679.6188041259,6477059.676274963,1555762688.0,paragliders,20262011
925118.3358972335,6475248.677869974,1555592192.0,paragliders,20262088
925137.441327301,6475258.0759596,1555592192.0,paragliders,20262088
925258.4885604647,6475203.375818466,1555592192.0,paragliders,20262088
925276.9770546952,6475184.545347675,1555592192.0,paragliders,20262088
925294.6296749603,6475153.838050164,1555592192.0,paragliders,20262088
926902.3156349255,6477776.922570442,1555941248.0,paragliders,20262154
925399.9370956696,6475660.517542728,1555941632.0,paragliders,20262154
925742.6114111143,6475992.142222287,1555938304.0,paragliders,20262163
927126.0745551294,6478582.2930027,1555939072.0,paragliders,20262163
926956.5861364863,6477795.981936195,1555941120.0,paragliders,20262163
925784.8690483099,6476465.686280664,1555940992.0,paragliders,20262169
925751.9814589587,6475742.230395069,1555938432.0,paragliders,20262215
927200.2819530487,6479357.1672225585,1555937408.0,paragliders,20262221
926961.7002452962,6478239.446463577,1555764608.0,paragliders,20262313
928112.4065240384,6479522.1106959665,1555768960.0,paragliders,20262313
926182.8041035308,6476232.069521611,1555758464.0,paragliders,20262328
926331.8230758219,6476453.571523494,1555679104.0,paragliders,20262332
927565.909881313,6479398.770297821,1555592576.0,paragliders,20263252
927441.3869057759,6478649.141730562,1558611584.0,paragliders,20264867
927434.4337768443,6478666.269716038,1558611584.0,paragliders,20264867
927413.9312390259,6478648.35131157,1558611584.0,paragliders,20264867
925045.818589156,6475717.84137366,1559308160.0,paragliders,20264919
925318.4272642018,6478987.042849455,1559308416.0,paragliders,20264919
925578.3981549822,6475033.72108362,1558616448.0,paragliders,20265297
925308.1689626256,6479357.4586218335,1559306572.8,paragliders,20265621
925130.7566233897,6477665.960394944,1559306368.0,paragliders,20265730
925112.3947927346,6478957.938201077,1559394944.0,paragliders,20265905
925279.982772677,6479053.271512647,1559395328.0,paragliders,20266110
925662.7430533329,6475075.820758789,1559390720.0,paragliders,20266422
925719.9167658912,6475075.592652318,1559390848.0,paragliders,20266422
926939.9170383943,6478243.749668003,1559482496.0,paragliders,20266491
925031.4319423623,6476151.932532533,1559390464.0,paragliders,20266639
926867.0470627102,6477752.160399258,1559478272.0,paragliders,20266771
927133.1114294714,6478531.004651733,1559476736.0,paragliders,20266886
926790.3988950545,6477560.120964378,1559389824.0,paragliders,20267080
925641.0031981403,6475505.979814186,1559481600.0,paragliders,20267106
925260.8029309226,6476900.516659992,1559400960.0,paragliders,20267499
927242.4578940477,6478851.303124755,1559996544.0,paragliders,20267711
925519.5018860335,6475363.193193481,1559995904.0,paragliders,20267768
927280.8552573975,6478778.045257945,1559996416.0,paragliders,20267768
926721.8030167202,6477422.385880207,1559995904.0,paragliders,20267842
925147.6530012685,6476806.565030303,1561293952.0,paragliders,20269340
925162.2182605,6476815.571891838,1561293952.0,paragliders,20269340
925201.0933604393,6476796.3162873825,1561293952.0,paragliders,20269340
925518.7553572793,6477391.631527466,1561988992.0,paragliders,20269695
925003.2102070122,6475968.141595835,1562343168.0,paragliders,20270101
927472.0335142567,6479699.942836285,1562328832.0,paragliders,20270111
926627.4929987529,6477517.188875461,1562332416.0,paragliders,20270148
927281.2920180169,6479563.985046351,1562332288.0,paragliders,20270173
927333.1529205139,6478966.935597177,1562331776.0,paragliders,20270175
927184.566568586,6478596.20635601,1562330112.0,paragliders,20270202
925199.881938984,6479256.477362298,1559307392.0,paragliders,20270236
927397.5696571972,6479096.975416003,1562331904.0,paragliders,20270262
925272.4165067365,6478393.119725791,1562589440.0,paragliders,20270454
927450.8486964001,6479501.568510065,1562332160.0,paragliders,20270671
925048.3176202106,6476334.785464195,1562933248.0,paragliders,20270729
925285.1849363601,6479305.987634481,1562933632.0,paragliders,20270729
927101.8706651874,6478822.821820895,1563541120.0,paragliders,20271652
925266.3580465118,6477324.58244799,1563544448.0,paragliders,20271675
925350.1862597575,6477311.956718228,1563544448.0,paragliders,20271675
925378.309168365,6477357.500376717,1563544448.0,paragliders,20271675
927449.1353039342,6478537.506941475,1563539584.0,paragliders,20271684
925097.0056985085,6475680.021967629,1563368320.0,paragliders,20271910
927190.5075800165,6477837.847989924,1563717504.0,paragliders,20271997
926940.5272256655,6477946.456226393,1563801728.0,paragliders,20272166
925478.9399653046,6479286.388513569,1563804032.0,paragliders,20272179
925013.4854292177,6475555.255028619,1563887616.0,paragliders,20272259
925075.9153777624,6476359.726619018,1563885440.0,paragliders,20272330
925409.8295104302,6477623.9814627785,1563803904.0,paragliders,20272354
926906.4139447047,6477658.917178998,1563886720.0,paragliders,20272363
927066.6986623511,6477899.721333731,1563883520.0,paragliders,20272405
927212.0546113767,6478212.758760726,1563883008.0,paragliders,20272427
926640.3074985534,6476535.560792457,1563971712.0,paragliders,20272479
927457.564284386,6479099.550443594,1563977344.0,paragliders,20272587
926963.9621579752,6478410.0842090985,1563884672.0,paragliders,20273741
926355.7558217383,6476899.422145335,1566656256.0,paragliders,20275274
926574.6454617841,6477064.275176307,1566656384.0,paragliders,20275274
925027.0064151093,6475485.10825777,1566740352.0,paragliders,20275340
925095.9671641066,6475724.591161898,1566741120.0,paragliders,20275340
925022.3741026786,6475909.124975711,1566739968.0,paragliders,20275676
927314.6979560404,6478095.186025066,1568554368.0,paragliders,20277357
926090.2173533596,6476455.854205589,1568725504.0,paragliders,20277665
927110.5745016953,6477566.496150842,1568724864.0,paragliders,20277713
926754.0769912505,6477989.096644329,1555674624.0,paragliders,20279201
925578.8215637314,6478871.392806165,1563884032.0,paragliders,20279214
926882.9787922158,6478341.597957752,1563884672.0,paragliders,20279214
927078.9910494011,6478055.918028352,1590153728.0,paragliders,20281200
927069.177578761,6478049.059333966,1590153472.0,paragliders,20281285
926675.4251600277,6477140.083558053,1590063616.0,paragliders,20281319
926498.8456041282,6476904.030947528,1590147712.0,paragliders,20281363
926683.6556073071,6477294.892451363,1590150784.0,paragliders,20281410
927262.4187170799,6478706.670769449,1590145920.0,paragliders,20281543
926225.4826219638,6476249.257801065,1590664704.0,paragliders,20282048
925460.4795727413,6477889.387683229,1590926208.0,paragliders,20282647
927317.163269269,6479600.689429661,1590924672.0,paragliders,20282746
925350.4086056153,6479149.577602618,1590844160.0,paragliders,20283318
925937.0309764952,6476297.248160689,1590756096.0,paragliders,20283532
926911.2396435224,6477239.547410068,1590067072.0,paragliders,20285016
926937.4861392656,6477282.984784337,1590067072.0,paragliders,20285016
927360.2125230548,6478658.856425468,1559997568.0,paragliders,20286310
927530.0898011342,6478706.940129506,1559997696.0,paragliders,20286310
927194.2351262331,6477482.213599386,1594556416.0,paragliders,20286471
927543.8641969507,6479112.1775019895,1594642176.0,paragliders,20286704
926779.263961794,6477389.3163122665,1590153216.0,paragliders,20286827
925336.5468701635,6475108.317272498,1590153600.0,paragliders,20286827
925111.6241542405,6477772.085975542,1595161344.0,paragliders,20287381
925246.8964900752,6477115.632035056,1595161216.0,paragliders,20287668
927007.811250854,6477799.19945307,1595166976.0,paragliders,20287709
925046.0861038972,6475848.435831987,1595163264.0,paragliders,20287718
925427.8797188265,6478598.305465394,1595163776.0,paragliders,20287718
927403.7324073054,6479201.769261989,1595167872.0,paragliders,20287718
925572.5563755938,6475311.949143838,1595245440.0,paragliders,20287787
926883.9452445298,6477848.631175748,1595245824.0,paragliders,20287787
926989.1996478004,6478013.691545225,1595245824.0,paragliders,20287787
927049.2672483752,6478151.205188251,1595245824.0,paragliders,20287787
926807.934648208,6477500.037206869,1595243392.0,paragliders,20287878
927067.2297010068,6478085.962874326,1595245056.0,paragliders,20287928
925253.2416304575,6475092.34655199,1595252608.0,paragliders,20287932
927173.4518631464,6478301.885565975,1595248384.0,paragliders,20287948
927018.9946295292,6478247.267398892,1595248256.0,paragliders,20287955
926865.1432244509,6477796.798549622,1595245824.0,paragliders,20287981
926828.287999431,6477618.261816652,1595243008.0,paragliders,20288099
925656.6004338408,6475381.753125367,1595247872.0,paragliders,20288133
926931.8189132627,6477614.118325885,1595245312.0,paragliders,20288167
927048.6052186023,6477971.195176551,1595243904.0,paragliders,20288245
925185.3426566072,6475900.134389966,1595682944.0,paragliders,20288370
925484.1494001072,6479566.262480268,1595687296.0,paragliders,20288401
925680.4351615652,6475762.603846622,1595674880.0,paragliders,20288433
925558.5780405886,6475351.461857319,1595676928.0,paragliders,20288433
926723.6397217733,6477337.967741886,1595677312.0,paragliders,20288433
927197.9680451283,6478063.039716066,1595677440.0,paragliders,20288433
927427.9407806674,6479753.210381285,1595677824.0,paragliders,20288433
925540.8006928678,6475508.314581948,1595674752.0,paragliders,20288478
925451.0713825626,6475398.229720918,1595678592.0,paragliders,20288478
926735.9987230009,6477683.950847127,1595678208.0,paragliders,20288485
925332.3006914078,6475318.225562557,1595672448.0,paragliders,20288509
925323.731371288,6475054.339537285,1595676544.0,paragliders,20288509
927141.4942680885,6478256.411888242,1595677184.0,paragliders,20288509
927681.7148776712,6479953.9276203355,1595675904.0,paragliders,20288572
927102.1755559873,6477864.38987562,1595676928.0,paragliders,20288575
925085.0918912615,6476026.866219198,1595681408.0,paragliders,20288575
927290.4469598334,6479310.856009321,1595684096.0,paragliders,20288630
925588.235516111,6475437.490607297,1595677824.0,paragliders,20288664
926672.5155958513,6477448.531759863,1595678208.0,paragliders,20288664
925530.3837886965,6475374.190690345,1595678848.0,paragliders,20288762
927491.9406289704,6479833.687476992,1595679360.0,paragliders,20288762
927469.455323545,6479843.890672106,1595679360.0,paragliders,20288762
927499.0141202816,6479805.34824657,1595679488.0,paragliders,20288762
927499.4342235957,6479816.994638622,1595679488.0,paragliders,20288762
927496.0660404422,6479849.709054728,1595679488.0,paragliders,20288762
926800.7754378563,6476772.245408635,1596287872.0,paragliders,20289480
926897.5556484163,6477350.711308875,1596287360.0,paragliders,20289499
925222.6374214297,6479727.208526604,1596200960.0,paragliders,20289619
925486.204571634,6479044.022860735,1596726656.0,paragliders,20289945
925455.6625348029,6479090.79119298,1596726656.0,paragliders,20289945
925395.7983970051,6478522.220561208,1596729216.0,paragliders,20289978
926562.1819106983,6477099.588491392,1596807424.0,paragliders,20290095
927168.9020469276,6477734.672758494,1596806784.0,paragliders,20290096
926642.7850493317,6477080.954915831,1596807552.0,paragliders,20290100
926587.1640879316,6476862.282656484,1596805632.0,paragliders,20290106
925245.7468879572,6475775.77309483,1596801792.0,paragliders,20290136
927103.4238346063,6477631.152437698,1596805957.484375,paragliders,20290145
925128.155585195,6475949.600570861,1596808704.0,paragliders,20290177
927559.8246322519,6479642.350707589,1596893696.0,paragliders,20290339
925606.8139985309,6475352.329383566,1596889728.0,paragliders,20290343
926782.9558928552,6477054.948599135,1596982784.0,paragliders,20290472
926952.8760817238,6477155.4428513525,1596981760.0,paragliders,20290488
925133.5000525056,6477140.310224367,1596975232.0,paragliders,20290607
925527.5382149527,6475195.142404731,1597062016.0,paragliders,20290722
925491.6636822592,6475249.65320904,1597147520.0,paragliders,20290745
927624.9415686638,6479911.524058662,1597150592.0,paragliders,20290745
927625.5129387428,6479921.774439038,1597150592.0,paragliders,20290745
927609.920907088,6479925.708619757,1597150592.0,paragliders,20290745
925332.5752821534,6475477.577856218,1597151616.0,paragliders,20290745
925363.5147904678,6475361.16266701,1597151616.0,paragliders,20290747
925283.7851972597,6479625.5685069095,1597153408.0,paragliders,20290753
925306.6937623803,6478813.317409846,1597153152.0,paragliders,20290802
925336.7237056821,6478872.240012498,1597153280.0,paragliders,20290802
925326.9116848729,6478865.205417239,1597153280.0,paragliders,20290802
925196.6446821083,6475013.982341553,1596976384.0,paragliders,20290823
927216.6689771088,6479493.640853019,1596977408.0,paragliders,20290823
927222.2889321599,6479497.00162925,1596977408.0,paragliders,20290823
927252.5852335389,6479481.7135597505,1596977408.0,paragliders,20290823
925291.9199194323,6475084.754922522,1597150464.0,paragliders,20290830
927590.2589788965,6479185.20964111,1597153536.0,paragliders,20290830
925579.7757964002,6475309.397631914,1597154816.0,paragliders,20290838
927210.0515596485,6478831.926567402,1597155328.0,paragliders,20290838
926907.1358088555,6477982.236027218,1597146880.0,paragliders,20290865
925486.5197653053,6478934.326929437,1597151872.0,paragliders,20290885
925326.8463890027,6475376.499436718,1597156864.0,paragliders,20290902
927010.0032252397,6477982.537490422,1597150464.0,paragliders,20290945
925765.5090209848,6475677.142053324,1596808832.0,paragliders,20290961
925047.8036287918,6475840.322206785,1597152128.0,paragliders,20291029
925478.4794865045,6478685.579777391,1597152512.0,paragliders,20291029
927041.9498043249,6478333.850252794,1597500544.0,paragliders,20291148
927370.0209383492,6478690.843142909,1598449792.0,paragliders,20292030
927425.3710194897,6478810.255477688,1600173952.0,paragliders,20294042
927544.9918827967,6478874.377389668,1600175232.0,paragliders,20294114
925321.7378029274,6478434.378153882,1600263936.0,paragliders,20294275
925429.3077290347,6478439.313007289,1590926592.0,paragliders,20295997
926803.9065101778,6477318.869741055,1616678400.0,paragliders,20297838
926880.2334841029,6477278.451398167,1616677248.0,paragliders,20297884
927347.3862497134,6478832.8945971355,1616677376.0,paragliders,20297928
926524.5873118655,6477041.499686737,1616676608.0,paragliders,20297931
926849.8163844012,6477347.864196135,1616678912.0,paragliders,20297939
927298.3665055155,6478659.991471635,1616677120.0,paragliders,20297942
927201.2693561206,6478107.370182987,1616674944.0,paragliders,20297951
927141.9744583295,6477679.592252291,1616677888.0,paragliders,20297965
927361.3316357284,6479202.712473126,1616677376.0,paragliders,20297995
926925.4126786834,6477301.862958105,1616677120.0,paragliders,20298000
927333.667015337,6478574.497089198,1616677120.0,paragliders,20298004
927390.5113604375,6478473.243112296,1616678272.0,paragliders,20298057
927416.5474578997,6478605.00018161,1616678272.0,paragliders,20298058
925426.986158711,6479134.918389049,1617115008.0,paragliders,20298450
925441.4669478855,6478316.847079768,1617113856.0,paragliders,20298453
925398.6673390052,6479142.256325241,1617115008.0,paragliders,20298459
925001.9572420581,6476039.595385542,1617112448.0,paragliders,20298486
925425.5372784573,6479401.599000307,1617115392.0,paragliders,20298507
927338.6888204893,6479264.372739696,1617198080.0,paragliders,20298735
925613.0240017616,6479084.887902223,1617280896.0,paragliders,20298799
925539.4079076805,6478898.7498855535,1617281152.0,paragliders,20298821
925256.97801368,6479187.396665471,1617287424.0,paragliders,20298822
927255.4471873408,6478612.004168612,1617282688.0,paragliders,20298832
925148.3987468848,6475759.637281574,1617282816.0,paragliders,20298835
925044.5662750612,6479401.599348148,1617283584.0,paragliders,20298835
925047.6594703387,6475967.258023593,1617279744.0,paragliders,20298857
925053.2913341677,6475914.373818868,1617279488.0,paragliders,20298858
925507.7585090304,6478843.494840215,1617281152.0,paragliders,20298859
925459.6216792036,6478784.291082913,1617286656.0,paragliders,20298870
927004.4908163017,6477760.582331406,1617285248.0,paragliders,20298876
926665.7046158315,6477550.8860798795,1617281664.0,paragliders,20298890
926965.5274211635,6477997.753314627,1617281280.0,paragliders,20298904
927090.6829878794,6478230.665502173,1617279488.0,paragliders,20298911
926696.743777755,6477549.358131844,1617278848.0,paragliders,20298921
925462.4013952543,6478730.342633761,1617279616.0,paragliders,20298928
925006.0611228333,6475935.444139411,1617278976.0,paragliders,20298935
926713.7613068321,6477380.879619113,1617282560.0,paragliders,20298944
925409.7999645576,6478808.251416306,1617279360.0,paragliders,20298949
926424.3052726047,6477065.176274724,1617284608.0,paragliders,20298957
926480.2275042905,6477179.09982599,1617284352.0,paragliders,20298983
926731.9695086911,6477482.940474525,1617278848.0,paragliders,20298992
926534.0209790351,6477195.42240525,1617283712.0,paragliders,20298999
927093.8883317112,6478338.6847251,1617282944.0,paragliders,20299062
925504.4163063793,6478784.665096856,1617282176.0,paragliders,20299070
926941.0918902466,6478162.082175964,1617281280.0,paragliders,20299071
926894.8741030119,6478066.975292755,1617278208.0,paragliders,20299072
926553.2488979578,6477233.564516374,1617283712.0,paragliders,20299074
927503.8075092242,6478425.394537252,1617113728.0,paragliders,20299122
926721.8919265596,6477572.58717956,1617282816.0,paragliders,20299123
925209.0832806122,6479095.6696148375,1617283968.0,paragliders,20299146
926369.6444956157,6476515.811590506,1617368064.0,paragliders,20299152
925490.5921492454,6478722.8817813005,1617279488.0,paragliders,20299195
927219.3163917043,6478419.582580351,1617192054.280584,paragliders,20299206
926637.4380640541,6477184.289902498,1616676736.0,paragliders,20299227
927267.5048814698,6477596.72043163,1616677948.5101755,paragliders,20299227
925125.1779587441,6475871.330338588,1617279488.0,paragliders,20299233
925404.7316250153,6478738.136289904,1617279872.0,paragliders,20299233
926933.3282743687,6478041.750936772,1617278208.0,paragliders,20299288
926837.2417840541,6477138.187661082,1616678912.0,paragliders,20299371
925076.1943347134,6475943.09096735,1617199104.0,paragliders,20299401
926661.914790542,6477164.402300046,1616676480.0,paragliders,20299432
925449.0877496972,6478730.522364983,1617286528.0,paragliders,20299460
926584.1508304769,6477332.425357518,1617283072.0,paragliders,20299655
925054.770500476,6476147.957043353,1622030080.0,paragliders,20301124
925356.0605739326,6479380.449566021,1622036224.0,paragliders,20301164
925719.8593666028,6475134.124388357,1622202496.0,paragliders,20301364
927319.0690995757,6478472.148020905,1622202880.0,paragliders,20301364
926598.903871427,6477039.831599129,1622209280.0,paragliders,20301533
925599.763223274,6479279.027717832,1622208256.0,paragliders,20301559
925566.5315128954,6479312.878061516,1622208256.0,paragliders,20301559
925578.8115057444,6479283.8543011295,1622208384.0,paragliders,20301559
925038.6658512885,6476275.758231636,1622210432.0,paragliders,20301582
925652.7704449727,6478982.234954327,1623762176.0,paragliders,20303438
925561.702060025,6478599.362921918,1623758464.0,paragliders,20303528
926551.6860480357,6477154.684098284,1623844992.0,paragliders,20303600
925571.459327137,6478874.954190053,1623762048.0,paragliders,20303607
925583.1516838789,6475535.484111568,1623835776.0,paragliders,20303608
925485.7393277219,6475646.67093277,1623840384.0,paragliders,20303608
926292.6095193293,6477369.540654523,1623846528.0,paragliders,20303613
925014.6589095477,6475935.517857861,1623845632.0,paragliders,20303622
926896.3185203037,6477725.06444948,1623842688.0,paragliders,20303666
926904.7541146599,6477932.879578928,1623842816.0,paragliders,20303669
926631.8141921501,6477425.7897828305,1623848192.0,paragliders,20303670
925373.5066947183,6477662.9298359305,1623853568.0,paragliders,20303674
927114.0268965276,6477761.563698609,1623843712.0,paragliders,20303696
927129.7905715419,6478335.691901546,1623839616.0,paragliders,20303705
926873.754636696,6477679.690046528,1623844736.0,paragliders,20303707
927164.0759733365,6478380.876295252,1623850496.0,paragliders,20303728
926897.3885730103,6477913.341126447,1623849472.0,paragliders,20303731
925427.7053846559,6478538.60137362,1623851648.0,paragliders,20303731
926665.3691278205,6477155.162280938,1623845120.0,paragliders,20303735
927297.9302118071,6478514.62762089,1623845504.0,paragliders,20303735
925319.385342374,6477866.032634441,1623853952.0,paragliders,20303746
927132.3323470224,6477953.052397647,1623843712.0,paragliders,20303759
926954.7554687498,6477502.09168172,1623843712.0,paragliders,20303797
927080.9458904539,6478177.2466354715,1623842048.0,paragliders,20303814
927133.6279146541,6477758.637817374,1623847168.0,paragliders,20303817
927480.1175965344,6478507.553006448,1617113600.0,paragliders,20303828
927183.4103517848,6478008.968034081,1623843456.0,paragliders,20303843
925440.2701670092,6475167.590973791,1623840640.0,paragliders,20303857
927282.7707611381,6478688.260573338,1623841152.0,paragliders,20303857
926568.5531425861,6477421.59052446,1623848320.0,paragliders,20303862
927228.7624551086,6478565.67464717,1623841408.0,paragliders,20303886
927225.0658646056,6477810.577095408,1623847296.0,paragliders,20303901
927021.7296306404,6477747.277860783,1623843712.0,paragliders,20303914
927032.356385735,6477737.449890683,1623843712.0,paragliders,20303924
926333.1820931605,6477236.135842618,1623846528.0,paragliders,20303997
927231.1473580288,6478012.395169074,1623843072.0,paragliders,20304133
925694.367347696,6479730.486315926,1625144704.0,paragliders,20304486
926856.3155650971,6477415.985080831,1623847296.0,paragliders,20304504
925640.7174937451,6475220.1516490085,1623845888.0,paragliders,20304769
926988.5378160401,6477805.111222023,1623846272.0,paragliders,20304769
927561.2160517978,6478725.60861428,1629551232.0,paragliders,20307990
926719.407955471,6477333.247483871,1630926336.0,paragliders,20309383
926471.9892041484,6477231.559257806,1630929664.0,paragliders,20309407
926523.969590445,6477297.229227511,1630929792.0,paragliders,20309453
927312.0401405102,6478265.604846454,1631020672.0,paragliders,20309516
925015.1803956244,6475777.635004994,1630931840.0,paragliders,20309737
925506.4594835432,6479476.11414865,1630932352.0,paragliders,20309737
926782.466267456,6477419.033641838,1645967232.0,paragliders,20314097
926648.8725610187,6477136.984484721,1645970560.0,paragliders,20314149
925117.8497568957,6477513.079031273,1645969280.0,paragliders,20314165
925121.0208490002,6477549.749558285,1645969280.0,paragliders,20314165
925125.9762442413,6477571.858574672,1645969280.0,paragliders,20314165
925238.7396597129,6478364.058698969,1645969408.0,paragliders,20314165
926730.1436708043,6477157.525838303,1645971968.0,paragliders,20314170
926700.3953701755,6476988.027972082,1645972352.0,paragliders,20314186
926642.3812437379,6477005.756523714,1645970816.0,paragliders,20314190
926575.6297581668,6477123.387104624,1645971200.0,paragliders,20314250
926809.7984569859,6477424.012980252,1645967872.0,paragliders,20314306
927015.6466335402,6477154.88573094,1646317568.0,paragliders,20314344
925387.5385585781,6478482.038087351,1646572672.0,paragliders,20314620
925370.6736071521,6479306.599140269,1646572544.0,paragliders,20314635
926504.2023230671,6476973.507646199,1645970560.0,paragliders,20314699
926539.7637370346,6476485.220669067,1646484224.0,paragliders,20315045
926713.8837227717,6477465.385435525,1647866752.0,paragliders,20315352
927042.4324856598,6478114.987912033,1647867136.0,paragliders,20315360
927027.5064139533,6478253.207333185,1647867264.0,paragliders,20315360
926855.9441174243,6477933.119540915,1647866112.0,paragliders,20315371
926269.1965524178,6477184.491740493,1647870976.0,paragliders,20315440
926264.2445086656,6477173.339496773,1647870848.0,paragliders,20315450
926458.8602263669,6477379.098644645,1647866880.0,paragliders,20315458
927010.6838505322,6477872.098582701,1648124416.0,paragliders,20315743
927335.6401214846,6478464.064967424,1648125952.0,paragliders,20315755
927386.8309165646,6478216.47661827,1648127360.0,paragliders,20315766
927332.0311538914,6478413.925872967,1648125824.0,paragliders,20315773
927029.136084021,6478423.592308313,1648126080.0,paragliders,20315816
925371.6975855475,6479185.832352438,1648128640.0,paragliders,20315854
926138.7060835661,6477021.09499006,1648215680.0,paragliders,20315915
927213.741956746,6478167.900281159,1648216320.0,paragliders,20315924
927185.9118975349,6478359.434215948,1648214272.0,paragliders,20315932
926528.3662229191,6477155.676954288,1648215040.0,paragliders,20315950
926794.0255281958,6477712.210128945,1648210048.0,paragliders,20315964
926815.795956083,6477750.869494873,1648210048.0,paragliders,20315964
926846.7679661623,6477813.935333049,1648210048.0,paragliders,20315964
926645.8507408135,6477233.906847422,1648213248.0,paragliders,20315968
927106.3346641934,6477726.392362086,1648213888.0,paragliders,20315968
926671.5837761267,6477057.746627315,1648214016.0,paragliders,20315968
926534.1905051868,6477130.830627409,1648214528.0,paragliders,20315982
927223.8442082725,6478192.35207746,1648209664.0,paragliders,20315984
927309.2512668775,6478044.365092602,1648216064.0,paragliders,20315997
926350.8564273219,6476630.090466122,1648219904.0,paragliders,20315997
925175.1550533737,6477463.550539487,1648212096.0,paragliders,20316029
927043.7057377562,6478224.327233986,1648216064.0,paragliders,20316030
927060.1254205054,6478513.060641524,1648219264.0,paragliders,20316030
926843.44511956,6477990.908644056,1648211328.0,paragliders,20316039
926436.3918328751,6477313.858473758,1648215936.0,paragliders,20316054
926817.2515338367,6477361.600319165,1648214784.0,paragliders,20316055
927111.1918577502,6478413.685716077,1648217984.0,paragliders,20316055
926469.9858829171,6476934.609907207,1648216704.0,paragliders,20316063
927165.1801519558,6478238.77436272,1648217600.0,paragliders,20316063
926611.4113784487,6477023.160520078,1648215424.0,paragliders,20316065
926724.1011326931,6477801.382143646,1648211328.0,paragliders,20316075
926516.4418963596,6477449.203413979,1648211328.0,paragliders,20316077
925291.0831193121,6479078.811010135,1648215552.0,paragliders,20316081
926625.4217588993,6477006.861759675,1648215040.0,paragliders,20316086
925173.9839895508,6478717.121039698,1648215424.0,paragliders,20316112
926327.1765699396,6477275.785896285,1648213120.0,paragliders,20316129
927141.957418727,6478510.693423711,1648213248.0,paragliders,20316129
926567.1770355623,6477258.200687706,1648299008.0,paragliders,20316186
926361.0218430851,6477258.464019505,1648299776.0,paragliders,20316208
926388.722362937,6476961.853118502,1648299904.0,paragliders,20316217
926035.2963335605,6476984.923143753,1648300416.0,paragliders,20316224
925953.1562995448,6476558.519329886,1648305152.0,paragliders,20316226
926213.2680800875,6477135.672590314,1648297472.0,paragliders,20316227
926477.7407015741,6477065.805215763,1648299008.0,paragliders,20316228
926466.9869837152,6477353.788288802,1648299648.0,paragliders,20316233
925673.6865759748,6476335.604131839,1648299776.0,paragliders,20316236
926257.6293928648,6476808.717376831,1648297216.0,paragliders,20316285
925530.6582166611,6475244.821083312,1648300288.0,paragliders,20316285
925801.277339219,6476046.935484291,1648305664.0,paragliders,20316299
926307.0960785947,6476838.298924149,1648299904.0,paragliders,20316302
926964.5772424894,6478233.233601517,1648300288.0,paragliders,20316303
926896.0674843444,6479029.315308039,1648300288.0,paragliders,20316313
926181.49389074,6477236.765291341,1648297344.0,paragliders,20316327
926195.0551643341,6477259.062565027,1648297344.0,paragliders,20316327
926204.5522246512,6477277.431508015,1648297344.0,paragliders,20316327
926687.5486493836,6477096.628726135,1648217088.0,paragliders,20316363
926706.2257605338,6477139.670135712,1648217088.0,paragliders,20316363
926765.518900121,6477141.121162206,1648217088.0,paragliders,20316363
926785.5121565631,6477073.495663321,1648217088.0,paragliders,20316363
926741.4749839292,6477040.040701524,1648217088.0,paragliders,20316363
926869.7598987491,6477187.319242419,1648217216.0,paragliders,20316363
926866.5729340252,6477156.6572052445,1648217216.0,paragliders,20316363
926285.3568869842,6476863.199570225,1648299904.0,paragliders,20316381
926522.2838474099,6477149.668822144,1648297984.0,paragliders,20316392
927205.6015312742,6478227.980661291,1648384128.0,paragliders,20316394
927260.0254864777,6478248.5769003285,1648384768.0,paragliders,20316449
925257.2540410488,6475542.289852188,1648387840.0,paragliders,20316449
925270.0659028521,6475600.928824365,1648387840.0,paragliders,20316449
925262.3484578301,6475598.187297866,1648387840.0,paragliders,20316449
927363.4690638455,6478975.085825913,1648385536.0,paragliders,20316498
926717.7365787161,6477206.3309263205,1648215552.0,paragliders,20316539
926935.6850888049,6478499.076279471,1648299136.0,paragliders,20316544
926294.5807223986,6477094.847466567,1648297472.0,paragliders,20316587
925183.2518596876,6475512.521197053,1648302720.0,paragliders,20316589
926208.5404110887,6477299.476070328,1648299904.0,paragliders,20316606
927611.168534221,6479996.852791748,1648468864.0,paragliders,20316674
926237.0276263172,6476812.945811068,1648305152.0,paragliders,20316720
925704.34735225,6475081.205288341,1648472704.0,paragliders,20316781
927283.2446981495,6478165.483075276,1648472960.0,paragliders,20316781
925941.7604985294,6476496.598026279,1648305408.0,paragliders,20316790
925921.1562491708,6476096.140535971,1648468992.0,paragliders,20316796
925513.7833870719,6475011.5933680665,1648468480.0,paragliders,20316818
925753.7000962204,6475327.351727396,1648468480.0,paragliders,20316818
925743.2234031607,6475285.909574448,1648468480.0,paragliders,20316818
925786.0851883768,6475410.067445746,1648468480.0,paragliders,20316818
926613.6461751092,6477190.236293029,1648216704.0,paragliders,20316821
926723.7569252112,6477411.634541727,1647866752.0,paragliders,20316823
926776.9337589617,6477387.605916037,1647866752.0,paragliders,20316823
925514.4969462771,6478839.181508716,1648132480.0,paragliders,20316996
926216.1566806129,6476792.237021117,1648304128.0,paragliders,20317186
927070.5905787966,6479970.534666347,1648305280.0,paragliders,20317186
926343.7964472403,6476878.184217294,1648216832.0,paragliders,20317219
926267.9492367376,6476885.145231069,1648216832.0,paragliders,20317219
926281.7825337908,6476892.584451909,1648216832.0,paragliders,20317219
926289.8204925497,6476891.533955048,1648216832.0,paragliders,20317219
926301.7824152721,6476888.472594971,1648216832.0,paragliders,20317219
926242.0588536649,6476853.1191406315,1648216832.0,paragliders,20317219
926306.0069512419,6476884.919989881,1648216832.0,paragliders,20317219
925546.2343073059,6475403.221929956,1648301568.0,paragliders,20317289
926989.5170909745,6478334.219793508,1649940992.0,paragliders,20317711
925606.3276161876,6475378.127503016,1650283904.0,paragliders,20318118
925324.8872008609,6477832.370574179,1650284544.0,paragliders,20318118
925594.3481142416,6478796.408858579,1650282624.0,paragliders,20318184
926863.7831777438,6477153.170632837,1650284416.0,paragliders,20318220
925284.4244145702,6475122.523564198,1650367744.0,paragliders,20318421
926578.99784336,6476518.219103039,1650368000.0,paragliders,20318421
927021.8175016126,6476925.201362204,1650370816.0,paragliders,20318439
927435.1886110163,6479073.777378055,1650371200.0,paragliders,20318439
927257.846157582,6479056.787241478,1650376192.0,paragliders,20318488
926370.7165937511,6477248.886346252,1648300928.0,paragliders,20318538
927455.6657571443,6479024.576564625,1650375168.0,paragliders,20318558
927052.2055329971,6478579.7543544425,1648212480.0,paragliders,20319170
926560.1621992426,6476583.672302951,1651152128.0,paragliders,20319237
926821.4433302825,6477248.008652703,1651143296.0,paragliders,20319251
926878.5197691751,6477295.805996763,1651145984.0,paragliders,20319278
926658.6045437108,6477032.152447103,1651142784.0,paragliders,20319304
926570.0241960926,6477053.946425687,1651146368.0,paragliders,20319316
925610.755830712,6475662.915634521,1651238016.0,paragliders,20319379
925572.7079411721,6475147.696271426,1651239168.0,paragliders,20319379
925094.3231863986,6475616.185260757,1651239296.0,paragliders,20319379
927073.6283288213,6477809.044012672,1651231360.0,paragliders,20319412
927076.323345927,6477782.776566675,1651231488.0,paragliders,20319424
927039.7422880564,6477772.06296676,1651231488.0,paragliders,20319425
925541.7220768098,6475313.722755473,1651233792.0,paragliders,20319443
926760.0320643097,6477172.293283114,1651234048.0,paragliders,20319443
927079.3142974735,6477861.02261027,1651231360.0,paragliders,20319448
927074.3131560425,6477780.292551945,1651231744.0,paragliders,20319484
925457.795231513,6475023.072740793,1651236224.0,paragliders,20319515
927155.6521254764,6477537.216878022,1651145600.0,paragliders,20319561
925237.6775290688,6475666.929435817,1651236352.0,paragliders,20319666
926728.2683031594,6477299.252121684,1651234048.0,paragliders,20319801
925707.9456992176,6475710.6206739545,1651146496.0,paragliders,20319802
926741.5677771232,6477337.105366058,1651146752.0,paragliders,20319802
927531.3115380874,6479885.065259362,1651152512.0,paragliders,20319910
926572.7093489148,6477194.197613588,1651146368.0,paragliders,20320078
925177.1475193666,6475383.168643126,1648302592.0,paragliders,20320494
925527.7851972426,6475652.733518696,1652189184.0,paragliders,20320679
926982.0277586982,6478688.876875453,1652786048.0,paragliders,20321600
925209.2407740592,6475986.9132635435,1652796160.0,paragliders,20321649
925265.6527774982,6477311.142487567,1652796288.0,paragliders,20321649
925256.9879716117,6478623.077868587,1652796416.0,paragliders,20321649
925070.3240130309,6475888.558140718,1652790912.0,paragliders,20321670
927080.7610604215,6478153.069195877,1652787968.0,paragliders,20321674
925260.3456575916,6479128.249872316,1652796928.0,paragliders,20321710
925217.9113503633,6479129.961386991,1652796928.0,paragliders,20321710
927033.6516752479,6478154.053542764,1652787840.0,paragliders,20321711
927098.8869967526,6478107.384510915,1652787840.0,paragliders,20321712
925324.0882175796,6475040.619000773,1652790912.0,paragliders,20321716
925641.4459873084,6475616.935950833,1652795136.0,paragliders,20321737
927047.310286634,6477757.1633785125,1652788352.0,paragliders,20321739
927042.0577703996,6478666.943286976,1652786048.0,paragliders,20321755
925365.4895087525,6477817.294826951,1652799360.0,paragliders,20321756
925011.2935301745,6475919.427750202,1652790912.0,paragliders,20321780
925592.3751438283,6478765.552757733,1652792832.0,paragliders,20321796
927178.4286999987,6478418.974445407,1652792576.0,paragliders,20321812
925056.9353652227,6476107.509844822,1652797056.0,paragliders,20321826
925158.4925906957,6475843.827566809,1652795776.0,paragliders,20321835
925409.8930956537,6478350.630692526,1652795648.0,paragliders,20321843
925533.7193712336,6478046.98364212,1652798336.0,paragliders,20321852
925619.6243021025,6475608.141557006,1652794880.0,paragliders,20321885
925425.1685302077,6475118.046954271,1652794624.0,paragliders,20322016
926981.4418100757,6478193.042925373,1652787840.0,paragliders,20322146
926654.7913591093,6477084.143903996,1653142144.0,paragliders,20322244
926933.9008105024,6477090.58060517,1655379072.0,paragliders,20324401
926601.8999132093,6476824.921021636,1655380992.0,paragliders,20324669
927181.3703362345,6478394.72903784,1655381120.0,paragliders,20325818
927902.4280541014,6479516.050221136,1655381376.0,paragliders,20325818
926732.0248588045,6477277.816913566,1657621376.0,paragliders,20326213
926923.5886112322,6477462.685442559,1657712384.0,paragliders,20326348
927110.8153862852,6477914.425520641,1657797248.0,paragliders,20326577
926867.5186418389,6477355.89539271,1657797888.0,paragliders,20326639
927075.4607917389,6477939.030088166,1657798912.0,paragliders,20326650
927018.3531635182,6477576.815780998,1657797376.0,paragliders,20326739
925245.0187849432,6479778.877003637,1657808384.0,paragliders,20326760
927158.9346299602,6478793.695389632,1657796992.0,paragliders,20326788
927129.5222024785,6478201.258243138,1655383552.0,paragliders,20326790
926767.3169742492,6477249.006104034,1657795968.0,paragliders,20326809
926243.215634139,6476944.087232705,1658069120.0,paragliders,20327242
926789.7257385546,6477012.472803394,1657801088.0,paragliders,20327333
925557.6977126006,6478646.80528733,1657712512.0,paragliders,20327376
926503.0896481982,6476929.171381037,1658147968.0,paragliders,20327433
925323.0804438307,6478260.129655058,1657808384.0,paragliders,20327435
927323.7921979959,6479449.796849096,1658156544.0,paragliders,20327484
926744.1055395689,6477656.164233107,1658143360.0,paragliders,20327508
927061.7408853236,6477293.852059602,1658152832.0,paragliders,20327547
925336.9147546927,6478119.112316017,1658664960.0,paragliders,20328050
927257.79031578,6478440.787750365,1658666368.0,paragliders,20328050
925337.5767599518,6478832.6712177675,1658925440.0,paragliders,20328462
927430.1314615421,6477961.3722478,1658670976.0,paragliders,20328620
925357.7449520868,6479208.449499407,1657636608.0,paragliders,20328672
926179.170480637,6476721.776836874,1659358720.0,paragliders,20329094
925305.5822015173,6478918.249742034,1659362432.0,paragliders,20329094
926227.5073873486,6476634.433161511,1659444480.0,paragliders,20329222
927319.5518994358,6478622.2646816885,1659528192.0,paragliders,20329410
927362.3411409877,6478637.242025572,1659528192.0,paragliders,20329410
927356.3855010872,6478582.045920682,1659528192.0,paragliders,20329410
926536.4975920286,6477063.497381368,1659525248.0,paragliders,20329440
926588.1491995873,6477229.498081045,1659524992.0,paragliders,20329446
927187.7341512971,6478344.7540901285,1659521536.0,paragliders,20329450
926836.7537812182,6477487.77411899,1659532032.0,paragliders,20329452
925729.5600050077,6475534.422575887,1659525376.0,paragliders,20329465
926735.5137304754,6477572.361827657,1659525632.0,paragliders,20329465
926563.1062619729,6476828.958006296,1659353600.0,paragliders,20329486
925625.3858473315,6475428.179853395,1659524608.0,paragliders,20329492
926646.8774705357,6477340.903822927,1659524224.0,paragliders,20329512
927075.1713227758,6478045.863492759,1659523072.0,paragliders,20329548
925464.6312966357,6475207.324416924,1659445120.0,paragliders,20329567
926428.4874686209,6476931.673854481,1659524992.0,paragliders,20329657
926938.9427399131,6477674.414966534,1659532544.0,paragliders,20329761
926731.2482887285,6477452.133341186,1659526400.0,paragliders,20329770
926647.1472233143,6477289.0230212435,1659525376.0,paragliders,20329845
926638.5792330563,6477283.422431111,1659525376.0,paragliders,20329887
926603.5811660258,6477097.349684445,1659525376.0,paragliders,20330081
925977.8847838847,6476694.510899464,1659439360.0,paragliders,20330160
927088.382645093,6478150.586716353,1660128128.0,paragliders,20330375
926991.2485814879,6477528.603942549,1660129408.0,paragliders,20330380
927154.1440367103,6478098.216367782,1660128000.0,paragliders,20330389
927212.3411343099,6478258.656405957,1660128512.0,paragliders,20330425
926594.7870759931,6477457.3580754055,1660129920.0,paragliders,20330433
927258.34274537,6478677.198681795,1660135040.0,paragliders,20330436
927419.3039729674,6479812.792334137,1660135296.0,paragliders,20330436
925932.5822054415,6476000.514993355,1660131584.0,paragliders,20330516
925481.855275147,6475456.498314227,1659443712.0,paragliders,20330530
929071.0231217218,6479925.953394454,1660224128.0,paragliders,20330609
927394.9318284129,6477694.415124787,1660303360.0,paragliders,20330665
926311.3078804095,6476670.684043,1659444608.0,paragliders,20330782
927272.6533463174,6478915.210944844,1660397056.0,paragliders,20330804
926669.3406413577,6477042.866090787,1660397401.3322651,paragliders,20330804
926718.8041016775,6477247.06463202,1660301568.0,paragliders,20331021
925468.763985306,6477802.663191567,1661353984.0,paragliders,20331539
925462.944546295,6477753.390547312,1661353984.0,paragliders,20331541
925064.6176024113,6476884.476966887,1661348224.0,paragliders,20331679
926858.9938104753,6477534.804644046,1661431680.0,paragliders,20331711
926479.3447380695,6476794.031688941,1661432704.0,paragliders,20331779
927389.9543403233,6479875.91214189,1661433344.0,paragliders,20331779
925129.978244346,6477485.926278047,1661430656.0,paragliders,20331784
926975.4395635856,6477255.897095345,1661431168.0,paragliders,20331824
926797.3102514233,6477547.688302233,1661431424.0,paragliders,20331826
925618.9548552103,6475643.3911275435,1661428352.0,paragliders,20331850
925627.8259601825,6475024.981005568,1661432064.0,paragliders,20331852
927041.1695230975,6478309.190540448,1661777664.0,paragliders,20332116
927611.5034269849,6479529.449137021,1661776640.0,paragliders,20332148
926979.3897770221,6478224.998674103,1661775488.0,paragliders,20332163
925262.8161235568,6476974.423918766,1661777920.0,paragliders,20332168
925314.9879994685,6475084.556595859,1661777664.0,paragliders,20332175
925028.6306646548,6478357.862605427,1661779072.0,paragliders,20332175
927406.184879969,6478697.827283252,1661772800.0,paragliders,20332191
925288.2131322387,6477770.549305645,1661773440.0,paragliders,20332254
927098.2247262154,6478415.053798561,1661779456.0,paragliders,20332289
926925.7369827756,6477879.615089272,1661779712.0,paragliders,20332289
925443.4163369031,6475179.280608787,1661772032.0,paragliders,20332313
927193.9350661677,6478253.208692349,1661777152.0,paragliders,20332714
926989.7608616273,6478222.853529719,1661779712.0,paragliders,20332714
925177.5159001357,6475936.034588456,1678109952.0,paragliders,20337066
927102.2515228932,6478010.229949421,1679495552.0,paragliders,20337563
925520.8891637543,6477558.815346337,1679494144.0,paragliders,20337601
927353.8503095101,6478080.547557806,1679495168.0,paragliders,20337627
925465.1135815398,6478102.59505919,1679494016.0,paragliders,20337634
925839.0332072455,6475667.302859746,1679494272.0,paragliders,20337671
926884.6454525567,6477254.3502952,1680782080.0,paragliders,20337979
926854.1867147129,6477258.607504675,1680781824.0,paragliders,20337987
926809.1827490553,6477168.824437168,1680781824.0,paragliders,20338004
926816.837395699,6477235.7583366735,1680781952.0,paragliders,20338025
926822.1444738411,6477138.554252534,1680788736.0,paragliders,20338031
926758.3624933161,6477227.7100423165,1680782208.0,paragliders,20338035
926815.1363379804,6477189.317877745,1680782597.0514953,paragliders,20338038
926811.1792543567,6477169.7912437515,1680782720.0,paragliders,20338039
926797.4095882243,6477398.222140017,1680780928.0,paragliders,20338043
926995.3748087349,6477887.515331225,1680779264.0,paragliders,20338050
926779.0532853461,6477254.676698207,1680782336.0,paragliders,20338051
926809.1358761636,6477208.724084482,1680782848.0,paragliders,20338056
926703.0075486315,6477217.499904979,1680782208.0,paragliders,20338066
927005.1911729358,6477862.827962027,1680779136.0,paragliders,20338540
927068.7463416108,6477886.801962313,1680779136.0,paragliders,20338571
926792.9400732479,6477461.489589376,1681135616.0,paragliders,20338655
926915.7744149965,6477659.811201454,1681134208.0,paragliders,20338657
927273.2812237386,6477885.202718078,1681133696.0,paragliders,20338720
927398.6733174701,6477454.310707187,1681136768.0,paragliders,20338813
925296.4566825591,6478118.234086334,1679494784.0,paragliders,20339330
925037.2188689284,6476059.957472341,1682515456.0,paragliders,20339512
927351.2855447588,6478999.177294591,1682516224.0,paragliders,20339544
925355.240120807,6479393.617446242,1683376384.0,paragliders,20340420
925257.2797513476,6478056.855983102,1683378432.0,paragliders,20340467
925417.2861893916,6478538.8940547835,1683372160.0,paragliders,20340493
925372.5947348844,6477949.499192068,1683379584.0,paragliders,20340505
925166.9607935454,6478428.20237102,1683380608.0,paragliders,20340533
925981.4600123938,6475690.971663245,1683377920.0,paragliders,20340560
925859.8149491299,6475943.021595494,1683378944.0,paragliders,20340567
925338.1279447798,6478534.361808582,1683378944.0,paragliders,20340605
927452.3697375844,6479452.488708787,1683377280.0,paragliders,20340640
927105.6933902039,6478858.46392065,1683373952.0,paragliders,20340677
925835.8671162548,6475837.194719428,1683372544.0,paragliders,20340756
925569.8649692959,6475784.873378606,1683377280.0,paragliders,20340759
927708.4793704896,6479865.74384016,1683377408.0,paragliders,20340847
925810.039018267,6475268.703178417,1683372544.0,paragliders,20340909
927109.2968474805,6478962.63928375,1683373952.0,paragliders,20341069
927111.830503017,6478971.344656906,1683373952.0,paragliders,20341069
927125.385861809,6478999.024595267,1683373952.0,paragliders,20341069
927148.1294019849,6479033.345435789,1683373952.0,paragliders,20341069
927018.7453201584,6477320.002497565,1685272704.0,paragliders,20342178
927016.0321582721,6477430.096503952,1686055808.0,paragliders,20343237
927199.1566725959,6479157.702772978,1686917376.0,paragliders,20343991
926973.8693713654,6477723.979646512,1687003264.0,paragliders,20344103
926060.7547273815,6479375.657709973,1687011456.0,paragliders,20344148
925517.6311145118,6475286.3626234885,1687003264.0,paragliders,20344170
927343.7471561091,6478910.324513257,1687003776.0,paragliders,20344170
925353.4401561655,6479379.966163594,1687011456.0,paragliders,20344175
927145.3395698599,6477781.685130583,1687006976.0,paragliders,20344181
926958.8572776086,6477786.534238579,1687009024.0,paragliders,20344213
926569.0779702306,6477144.864867892,1687007360.0,paragliders,20344252
926613.6526276404,6477335.427676487,1687008128.0,paragliders,20344271
925593.735645682,6475308.661036178,1687009024.0,paragliders,20344298
927059.9648697454,6478669.842991028,1687009536.0,paragliders,20344298
925635.8824282393,6475433.909227874,1687003648.0,paragliders,20344315
925095.0703090782,6476375.462711323,1687010048.0,paragliders,20344358
927102.6316093695,6477868.473087601,1687003904.0,paragliders,20344420
926909.0239889451,6477895.455244808,1687009024.0,paragliders,20344453
926717.514469612,6477110.056312801,1687007104.0,paragliders,20344525
926720.7430032772,6477162.491125379,1687007104.0,paragliders,20344525
926756.275934198,6477321.910951477,1687007232.0,paragliders,20344525
927168.7816738372,6477991.18961568,1687003904.0,paragliders,20344543
927580.1735876395,6479631.940900634,1687006720.0,paragliders,20344543
927145.1421841492,6478505.571868183,1687006848.0,paragliders,20344543
927040.5090007404,6477798.676411032,1687006976.0,paragliders,20344559
926425.3288662942,6477445.023859363,1687008512.0,paragliders,20344649
926363.6851850967,6477468.457643297,1687008512.0,paragliders,20344649
926961.2238579906,6477543.536517458,1687005440.0,paragliders,20344706
925658.1179942866,6475389.251896994,1687004416.0,paragliders,20344743
927266.7864544374,6478424.396098327,1687004800.0,paragliders,20344743
926822.7881152012,6477318.239055495,1687006720.0,paragliders,20344785
926948.0245081147,6477672.834954992,1687005056.0,paragliders,20344811
927083.4822508326,6477831.364819644,1687699456.0,paragliders,20345075
925303.6312165989,6477895.012704102,1687694848.0,paragliders,20345155
925045.5320072554,6475993.581621713,1687694592.0,paragliders,20345205
925425.5101219887,6477534.362344794,1687694720.0,paragliders,20345205
926974.7694581426,6477530.646517727,1687004928.0,paragliders,20345342
926822.9733797571,6477506.708437883,1687007744.0,paragliders,20345439
925056.1339133326,6476178.42315546,1689255808.0,paragliders,20346596
927251.6325104295,6478345.033773429,1690026880.0,paragliders,20347071
927557.8456201302,6479933.043809614,1690027904.0,paragliders,20347077
927293.1617263596,6478100.65430986,1690027648.0,paragliders,20347079
927285.5076090788,6478075.223437514,1690027648.0,paragliders,20347079
927360.4658558051,6478018.820688892,1690027648.0,paragliders,20347079
927333.4712580568,6478060.276501584,1690027648.0,paragliders,20347080
927364.4179301475,6478092.5482556205,1690027648.0,paragliders,20347080
925407.9502836231,6475164.849377429,1690029824.0,paragliders,20347100
927051.753300847,6477902.799890542,1690030208.0,paragliders,20347100
927302.2817715374,6479082.694253755,1690033536.0,paragliders,20347100
926864.9105536557,6477956.08492221,1690026368.0,paragliders,20347180
925144.2460950888,6479185.567193752,1690032768.0,paragliders,20347184
927137.4687596455,6478237.224503805,1690029056.0,paragliders,20347192
925237.1434683825,6477238.041922337,1690031744.0,paragliders,20347197
927254.9974295906,6478269.296499103,1690030592.0,paragliders,20347302
927301.284277432,6479024.488635678,1690030080.0,paragliders,20347308
926887.402619801,6477957.821386059,1690027264.0,paragliders,20347326
925787.5020003836,6478804.600879987,1690039040.0,paragliders,20347809
926680.4639864835,6477123.465275132,1686047104.0,paragliders,20348022
925548.6130077048,6478860.44368147,1691760640.0,paragliders,20348561
926708.0628069382,6477165.682299237,1691757440.0,paragliders,20348947
925024.0769192653,6476058.543010897,1691844096.0,paragliders,20348953
925136.2250623977,6475771.574148783,1691765632.0,paragliders,20349115
925480.6919102315,6479342.413063353,1691766144.0,paragliders,20349115
927239.0960207516,6477696.959099763,1692194816.0,paragliders,20349155
927270.1039954793,6478847.4049720075,1692445824.0,paragliders,20349583
925934.4086010171,6475779.844665656,1692191872.0,paragliders,20349594
926737.3803622524,6477247.388156412,1692451328.0,paragliders,20349648
926364.5835487156,6476933.721699046,1692537344.0,paragliders,20349730
927271.9994500746,6478300.869261034,1692539008.0,paragliders,20349736
926617.5368468309,6477019.725975172,1692539392.0,paragliders,20349799
925383.1217895527,6475065.586365711,1692536192.0,paragliders,20349810
925143.4772315063,6475552.299650655,1692540288.0,paragliders,20349810
925137.2629312701,6475553.350487957,1692540288.0,paragliders,20349810
925110.0058374124,6475551.489976495,1692540288.0,paragliders,20349810
925074.8513064928,6475530.793563149,1692540288.0,paragliders,20349810
925052.9336926123,6475375.461912775,1692540288.0,paragliders,20349810
926505.2711507452,6477140.526153248,1692368000.0,paragliders,20349903
925094.3273548626,6477366.249266055,1692619264.0,paragliders,20350006
925295.0726437645,6477341.299024566,1692625792.0,paragliders,20350066
926682.4032641489,6476626.149345042,1692707200.0,paragliders,20350365
927734.1047097389,6479909.040896584,1692707840.0,paragliders,20350365
927240.078648841,6478699.089268926,1692362112.0,paragliders,20350479
925971.8557317934,6476616.968797191,1692704128.0,paragliders,20350662
925165.6992873312,6477025.507799496,1692704640.0,paragliders,20350662
925506.7836971668,6475371.43657863,1692624640.0,paragliders,20350831
925069.2797625808,6475901.867024743,1694351872.0,paragliders,20352140
925053.212638707,6476071.188658598,1694264832.0,paragliders,20352297
925370.6737992418,6477886.8166133175,1694265088.0,paragliders,20352297
925389.8731243603,6477936.245403384,1694265088.0,paragliders,20352297
925576.139971833,6478841.5652238075,1694265216.0,paragliders,20352297
925605.2097320744,6478909.1472309325,1694265216.0,paragliders,20352297
925634.9085732397,6478907.097749655,1694265216.0,paragliders,20352297
925092.5580647792,6476039.8850293225,1694350848.0,paragliders,20352607
925095.9108297941,6475936.089451925,1694351360.0,paragliders,20352607
925090.7991543034,6475871.535504411,1713101696.0,paragliders,20357229
926702.2481507419,6477560.5915082125,1713101952.0,paragliders,20357229
927037.3255780928,6477872.145080413,1713101696.0,paragliders,20357259
926879.5160730383,6477542.125875471,1713099776.0,paragliders,20357274
926947.322048636,6477721.103137644,1713104256.0,paragliders,20357309
926999.0291646771,6477455.856003124,1713101952.0,paragliders,20357337
927249.68205359,6477973.129672679,1713105280.0,paragliders,20357337
927043.2022259674,6478015.845146965,1713099648.0,paragliders,20357358
927037.2178213767,6477838.14936968,1713100288.0,paragliders,20357386
926868.0857453977,6477348.1651353,1713102592.0,paragliders,20357532
926994.4298509962,6477661.478419734,1713101824.0,paragliders,20357554
927125.370934812,6477906.719896682,1713097472.0,paragliders,20357629
927118.2381346356,6477967.108653327,1713096960.0,paragliders,20357635
926943.3822625341,6477731.789733068,1713102848.0,paragliders,20357636
927095.8358509655,6478069.571678185,1713102464.0,paragliders,20357645
926785.2176487094,6477413.510889821,1713100928.0,paragliders,20357658
925882.896396398,6475741.930930818,1714044288.0,paragliders,20358049
927981.291301708,6479716.371676617,1714052480.0,paragliders,20358056
927219.2798855985,6476935.289908102,1714050048.0,paragliders,20358086
927057.5013619248,6477405.497996586,1714049024.0,paragliders,20358103
927417.350895339,6477132.765636798,1714048640.0,paragliders,20358112
925683.0836856618,6475765.761056482,1714044416.0,paragliders,20358122
927188.484521845,6477374.70801015,1714048640.0,paragliders,20358153
927230.017264701,6477141.54529031,1714048640.0,paragliders,20358163
926236.4604064255,6476370.569701646,1714051200.0,paragliders,20358197
927185.5640231827,6478282.746536667,1714045952.0,paragliders,20358219
927241.9340952995,6477096.084054979,1714048640.0,paragliders,20358245
927313.8289321047,6478202.416220351,1714048000.0,paragliders,20358338
927289.416690322,6477934.292957452,1715345664.0,paragliders,20358856
927625.5433256811,6479436.579745635,1715346432.0,paragliders,20358984
925344.9669618019,6479570.578571866,1715434752.0,paragliders,20359281
926841.5119449566,6477400.017352486,1715434880.0,paragliders,20359285
927595.1579149425,6478862.830899987,1715346560.0,paragliders,20359842
927955.1124828971,6477758.733841989,1714052224.0,paragliders,20359857
927362.1132551171,6479214.855082592,1716730880.0,paragliders,20360994
925193.9236659898,6476519.280077647,1716730112.0,paragliders,20360999
925459.460102529,6475399.042332181,1717594880.0,paragliders,20361507
925425.4926096286,6479268.895298142,1719491584.0,paragliders,20362866
927074.2063551286,6477984.557398831,1692364672.0,paragliders,20362942
925232.730070947,6477199.829429767,1719579008.0,paragliders,20363045
925182.6307507191,6476602.239905297,1716731264.0,paragliders,20363086
925029.35169751,6476060.459043379,1721479936.0,paragliders,20364465
925236.0306227086,6479713.635510919,1721483136.0,paragliders,20365338
925582.3972998303,6478979.980327531,1722515968.0,paragliders,20365536
925023.8623191663,6476501.094117395,1722947200.0,paragliders,20365867
926922.4835215574,6478109.559556778,1722948096.0,paragliders,20365897
925792.7352739768,6475372.363660457,1722950528.0,paragliders,20365901
925131.6444074495,6477310.725935739,1722947584.0,paragliders,20365947
925280.052811817,6479811.556480252,1722947328.0,paragliders,20366139
927312.5786652614,6478906.018205089,1722947968.0,paragliders,20366388
925067.3911637566,6475671.178094937,1723469184.0,paragliders,20366718
925242.1349975902,6479316.671176566,1723469568.0,paragliders,20366718
925626.7129203022,6479221.87752704,1723380480.0,paragliders,20366748
925379.9265992993,6479238.282522782,1723467648.0,paragliders,20366795
925215.0529530074,6476524.450003916,1722947968.0,paragliders,20366797
925564.8599917346,6476893.6987220105,1722948736.0,paragliders,20366797
927644.4585448703,6479047.2112069875,1723551360.0,paragliders,20366965
925171.5700913519,6475602.723679962,1724763392.0,paragliders,20367877
925422.3284262632,6477925.5973976515,1725018496.0,paragliders,20368035
925060.9658889599,6475717.038300611,1724934528.0,paragliders,20368380
925027.7558593432,6476580.070509849,1730466176.0,paragliders,20369907
925346.036644323,6478533.265889224,1730466432.0,paragliders,20369907
925453.3574820561,6478780.211895515,1730466304.0,paragliders,20369913
925062.5885401372,6475791.670906504,1730465792.0,paragliders,20369925
925251.0355335056,6478354.319672626,1730466304.0,paragliders,20369925
925205.9234040856,6478455.04081417,1730466304.0,paragliders,20369925
925361.308267341,6478784.360372792,1730466304.0,paragliders,20369925
925457.7202018987,6478631.730515478,1730467968.0,paragliders,20369939
925312.4544303833,6475143.6789934775,1730463616.0,paragliders,20369968
925434.8471079696,6478976.499409793,1730466048.0,paragliders,20369968
925302.5540568471,6479137.261875856,1730467456.0,paragliders,20370046
925155.7297782245,6476295.614545037,1741352960.0,paragliders,20372164
925254.4462929361,6479914.423765272,1741353472.0,paragliders,20372164
927337.6296419887,6479376.1567386,1741354624.0,paragliders,20372190
925361.3841430272,6479220.417997478,1741012480.0,paragliders,20372253
925311.9436894301,6478698.419808938,1743598848.0,paragliders,20372921
925537.9332314873,6475260.464253388,1743685248.0,paragliders,20372966
925024.7925173357,6476087.558335217,1743772672.0,paragliders,20373022
925257.3154379202,6477018.79997703,1743771904.0,paragliders,20373053
925242.3545408193,6479060.2180084465,1743772288.0,paragliders,20373053
925266.3420790343,6479202.503009226,1743772288.0,paragliders,20373053
925038.7485653654,6476065.855626014,1743770880.0,paragliders,20373061
927510.6035159753,6479189.637048159,1743771776.0,paragliders,20373070
925054.968203865,6476144.032771198,1743774080.0,paragliders,20373071
927339.3872511921,6479215.620054154,1743774080.0,paragliders,20373073
925027.5026941197,6476032.681501933,1743771520.0,paragliders,20373090
925343.3208716416,6479609.222674256,1743771904.0,paragliders,20373090
927335.3603078518,6479335.805588546,1743771776.0,paragliders,20373116
925626.3069630364,6475763.2172978865,1743770624.0,paragliders,20373136
925580.8315127485,6475800.0795431305,1743770624.0,paragliders,20373136
927371.7667280971,6479267.80766274,1743771264.0,paragliders,20373136
927359.7154626169,6479030.310382506,1743769856.0,paragliders,20373144
925081.2573657905,6476340.449628246,1743772672.0,paragliders,20373394
925397.2941080922,6478463.142126464,1743774336.0,paragliders,20373415
927480.6866916869,6479208.99393653,1743771776.0,paragliders,20373417
925139.5862218437,6476156.453677159,1743772544.0,paragliders,20373555
927025.2439582575,6477574.360331308,1744116096.0,paragliders,20373612
927341.5178105555,6478919.080286784,1744116608.0,paragliders,20373619
925682.2574380701,6475641.130501725,1744118016.0,paragliders,20373665
927251.8991209461,6478269.614839911,1744118528.0,paragliders,20373665
925111.6492848131,6476127.970743198,1743772416.0,paragliders,20373674
926983.0608080724,6477404.642738208,1744114816.0,paragliders,20373764
925519.6079652137,6475131.150130748,1744375808.0,paragliders,20373996
925447.2024157153,6475098.863611883,1744375808.0,paragliders,20374002
925737.7512503236,6475555.867513693,1744375552.0,paragliders,20374005
927004.647511992,6477735.957237224,1744115200.0,paragliders,20374008
926661.648020173,6477444.023706226,1744378496.0,paragliders,20374016
925655.1106372286,6475685.046461164,1744376320.0,paragliders,20374053
926018.6464819809,6476484.5034804195,1744293248.0,paragliders,20374074
926046.5210018815,6476519.567348117,1744293248.0,paragliders,20374074
926063.0356145448,6476488.366918278,1744293248.0,paragliders,20374074
926047.1320788685,6476468.440685539,1744293248.0,paragliders,20374074
926024.5697424237,6476467.848519816,1744293248.0,paragliders,20374074
926957.8268089399,6477869.555090464,1744112768.0,paragliders,20374080
927415.308437685,6478588.990956297,1744374912.0,paragliders,20374127
927362.1675964802,6478006.642831258,1744378624.0,paragliders,20374154
926391.5329292619,6476641.476524467,1744289792.0,paragliders,20374251
925401.4773458464,6475056.153241576,1744376704.0,paragliders,20374258
925411.3611959211,6475072.393550285,1744376704.0,paragliders,20374258
925417.3488975554,6475088.779513851,1744376704.0,paragliders,20374258
926836.6641454124,6478004.077754361,1744112640.0,paragliders,20374435
926866.1831765071,6477602.0808055485,1744377344.0,paragliders,20374552
925431.5045110917,6478709.047630867,1744293632.0,paragliders,20374663
927417.299475539,6479007.463430234,1746015616.0,paragliders,20375395
926872.6747945,6477731.473195569,1746026624.0,paragliders,20375446
926833.4817662742,6477762.441759345,1746026624.0,paragliders,20375446
927007.9792650945,6478076.629811005,1746026624.0,paragliders,20375446
926559.9822239667,6477307.649736363,1746022016.0,paragliders,20375470
926686.1601137472,6477475.393530726,1746022016.0,paragliders,20375470
926710.3094773311,6477480.029565738,1746022016.0,paragliders,20375470
926723.1437049161,6477485.104610623,1746022016.0,paragliders,20375470
926788.04838053,6478072.626028306,1746102528.0,paragliders,20375519
927224.3802297831,6478205.768161347,1746101888.0,paragliders,20375528
927054.2280758007,6478153.675884938,1746102272.0,paragliders,20375577
927179.7030766455,6478344.80801825,1746101248.0,paragliders,20375590
925060.5144037867,6476870.634619826,1746101888.0,paragliders,20375626
926948.5675244572,6477977.350676866,1746102528.0,paragliders,20375642
927040.3314019287,6478158.185754044,1746103552.0,paragliders,20375662
926563.3806633757,6477464.148421301,1746019712.0,paragliders,20375722
926540.5587166301,6477454.559970886,1746019712.0,paragliders,20375722
926533.1734705532,6477468.99527748,1746019712.0,paragliders,20375722
925468.6786361042,6475133.547121559,1746098565.2590425,paragliders,20375730
927242.2924354087,6478254.709811931,1746099072.0,paragliders,20375730
927363.5128052441,6479382.718646771,1741354624.0,paragliders,20375742
927092.6140021612,6478599.64782137,1746106752.0,paragliders,20375749
927211.2345792024,6478144.302525619,1746100352.0,paragliders,20375762
925515.5494357384,6475628.878719794,1746096512.0,paragliders,20375777
927180.1886322928,6478377.251948395,1746099968.0,paragliders,20375777
927027.959669542,6478136.632573191,1746098944.0,paragliders,20375822
927116.5714827146,6478081.24479628,1746101888.0,paragliders,20375875
927171.3816017554,6477942.420587476,1746099200.0,paragliders,20375908
927119.9159986505,6478368.895986559,1746101376.0,paragliders,20375923
926824.547929473,6478264.8886843845,1746098176.0,paragliders,20376009
926836.8812826646,6478315.107421831,1746098176.0,paragliders,20376009
926839.3959663834,6478262.067580074,1746098176.0,paragliders,20376009
926858.7796378116,6477460.321108838,1746100480.0,paragliders,20376014
927054.2291656126,6478113.0620537745,1746098872.710438,paragliders,20376087
925149.7367355699,6476528.3927340275,1746107264.0,paragliders,20376204
926809.321982819,6477455.8560990365,1746023040.0,paragliders,20376313
927023.9153312062,6478038.878344881,1746098944.0,paragliders,20376371
927080.0083489749,6477987.1410687,1746099200.0,paragliders,20376431
925531.3478154846,6475609.269174724,1747570816.0,paragliders,20377215
925507.0767533623,6475589.069708078,1747570816.0,paragliders,20377215
925548.4106662356,6475585.2789465645,1747570816.0,paragliders,20377215
925177.335329293,6476748.435347997,1747573504.0,paragliders,20377321
925080.5472696157,6476940.908722628,1747573376.0,paragliders,20377333
925364.5815170896,6479343.907498408,1747573632.0,paragliders,20377333
926950.3083029153,6477651.273087458,1746100480.0,paragliders,20377390
925523.1214121815,6475137.196592543,1747575424.0,paragliders,20377513
927187.7149331981,6478128.05337612,1746101760.0,paragliders,20377532
927386.8978439725,6478344.9077242045,1747575040.0,paragliders,20377623
927170.894669625,6478497.648426197,1746100096.0,paragliders,20377791
925403.9314208124,6475051.764100227,1747575424.0,paragliders,20377877
925579.2022497272,6475172.313135264,1744380416.0,paragliders,20377954
926882.8930332015,6477557.530489267,1744380800.0,paragliders,20377954
925258.1707441473,6478927.240597948,1748613888.0,paragliders,20378533
925219.1714351062,6478967.344629108,1748613888.0,paragliders,20378533
925239.9953159221,6478949.326461973,1748613888.0,paragliders,20378533
925207.7455812807,6476990.84831438,1748696960.0,paragliders,20378762
925443.8164910061,6477803.639820759,1748777984.0,paragliders,20378924
925453.880432121,6477864.172611984,1748615552.0,paragliders,20379262
925452.9143516318,6478318.325773175,1748615680.0,paragliders,20379262
926807.8154112932,6477807.712811865,1750511872.0,paragliders,20380341
926718.5567012312,6477416.082394204,1750509440.0,paragliders,20380384
927119.8233785272,6477602.21438427,1750513792.0,paragliders,20380396
926928.9482935603,6477389.288035357,1750598016.0,paragliders,20380536
927492.8296432446,6479768.121388491,1750593024.0,paragliders,20380542
927713.7690474439,6479751.9190137265,1750593024.0,paragliders,20380562
925531.4435312228,6475505.478425096,1750593792.0,paragliders,20380571
926954.7384004709,6477685.72111983,1750594176.0,paragliders,20380571
925176.702307786,6475091.276704999,1750594048.0,paragliders,20380586
927664.0641725829,6479704.136565238,1750593024.0,paragliders,20380592
927296.9857397467,6478102.7362451535,1750599040.0,paragliders,20380610
927630.8751399328,6479707.998900666,1750592896.0,paragliders,20380637
927265.9867674599,6478217.409629284,1750505984.0,paragliders,20380665
927221.499943294,6478249.999753604,1750505984.0,paragliders,20380665
927496.5429207346,6479955.80710451,1750506112.0,paragliders,20380665
925190.9787900888,6477482.462475408,1750599936.0,paragliders,20380678
926612.7344856297,6477294.962884955,1750595712.0,paragliders,20380679
925386.9726193344,6475442.247976368,1750596096.0,paragliders,20380679
926244.8429028392,6476535.115267358,1750510080.0,paragliders,20380688
926840.6081579394,6477867.215872137,1750594304.0,paragliders,20380695
925331.3198044421,6477896.729897166,1750511872.0,paragliders,20380719
927707.1765799596,6479888.096202907,1750595328.0,paragliders,20380732
925627.154376769,6479690.390894889,1750422656.0,paragliders,20380747
927099.0772203371,6477869.686104373,1750596608.0,paragliders,20380761
927378.2497309358,6478830.523692189,1750595840.0,paragliders,20380835
925458.8705556912,6475457.252095069,1750596224.0,paragliders,20380835
925430.9489459426,6477884.068474282,1750508160.0,paragliders,20380850
925424.9246898408,6477898.89163275,1750508160.0,paragliders,20380850
925410.7545749606,6477914.0133940745,1750508160.0,paragliders,20380850
927030.7514151152,6478219.431334673,1750598912.0,paragliders,20380873
926803.6326163311,6477322.028307708,1750767104.0,paragliders,20380893
925343.0537661413,6477545.501913332,1750771072.0,paragliders,20380934
925318.8292468935,6477551.875908749,1750771072.0,paragliders,20380937
927011.276156694,6477693.012271848,1750597248.0,paragliders,20380967
927642.7701139194,6479741.895659065,1750593152.0,paragliders,20380994
926980.5694910751,6477657.789305215,1750600320.0,paragliders,20381016
927448.4262751862,6479310.547098224,1750600320.0,paragliders,20381037
925211.9837924313,6476265.007558115,1750507008.0,paragliders,20381462
925208.6317028678,6476300.847864389,1750507008.0,paragliders,20381462
925183.90094759,6476834.755837929,1750507136.0,paragliders,20381462
927149.342393036,6477194.091240707,1751286912.0,paragliders,20381485
926798.3154324366,6476915.128161949,1751200384.0,paragliders,20381486
927364.1022392574,6478032.237747929,1751285760.0,paragliders,20381556
926656.706756403,6477148.480554318,1750512128.0,paragliders,20381779
925029.3499157691,6475941.53422636,1751462656.0,paragliders,20381818
926968.8645018548,6477317.275398243,1751450880.0,paragliders,20381901
925937.2047949205,6475813.884410575,1751455872.0,paragliders,20382002
925226.58278639,6477973.718905347,1751449984.0,paragliders,20382190
925098.8881656143,6477149.257616804,1752235904.0,paragliders,20382323
925350.1771853435,6479173.309167539,1752236288.0,paragliders,20382323
927088.7427816172,6477564.260742422,1752234624.0,paragliders,20382395
927636.3070735165,6478832.279399196,1752320000.0,paragliders,20382422
927593.570219418,6478990.4026152175,1752320000.0,paragliders,20382422
927594.8962390854,6479039.155650669,1752320000.0,paragliders,20382422
927599.4847659373,6479080.396825152,1752320000.0,paragliders,20382422
927603.3462095044,6479200.76172638,1752320128.0,paragliders,20382422
925130.0937552197,6479288.947980677,1752323840.0,paragliders,20382446
925108.3394640317,6479235.004979201,1752323840.0,paragliders,20382446
925113.431652134,6479221.669737693,1752323840.0,paragliders,20382446
927549.2609461132,6478742.904624923,1752323584.0,paragliders,20382480
925378.1529838729,6478997.286213788,1752327424.0,paragliders,20382508
925050.8583270538,6475837.539326309,1752333568.0,paragliders,20382519
926815.9496634043,6477354.341398978,1752320384.0,paragliders,20382593
926456.0613343518,6476704.17614129,1752319616.0,paragliders,20382597
926834.3322711409,6477595.82043737,1752319360.0,paragliders,20382611
926672.4597160597,6477044.2779076565,1752323584.0,paragliders,20382654
927072.8080025868,6477530.663183784,1752234624.0,paragliders,20382658
927035.0685457577,6477566.522741941,1752321920.0,paragliders,20382666
925298.5323646908,6475819.326237141,1752235136.0,paragliders,20382933
927084.2497987258,6477754.485518297,1752327168.0,paragliders,20382950
927397.2024271255,6478018.322086505,1752843648.0,paragliders,20383137
927160.1048025159,6477853.146609604,1752322048.0,paragliders,20383196
926785.9083637706,6477418.01284636,1748691456.0,paragliders,20383239
926898.7321228904,6477534.669710492,1754661888.0,paragliders,20384252
927201.8329832206,6478233.199356054,1754656256.0,paragliders,20384298
927164.0764412164,6478260.795793516,1754656256.0,paragliders,20384298
927280.5076343865,6478282.844362102,1754656256.0,paragliders,20384298
925203.5246888365,6476858.3005404,1754657664.0,paragliders,20384325
925338.0892372165,6476619.196263288,1754660480.0,paragliders,20384326
925172.7193530392,6476642.336875105,1754660480.0,paragliders,20384327
925274.1371607017,6477693.729691371,1754662784.0,paragliders,20384433
925271.3429252914,6476951.538538042,1754657152.0,paragliders,20384440
925431.7338028771,6477313.5823579505,1754660352.0,paragliders,20384475
925131.6517676167,6476217.14909353,1754660096.0,paragliders,20384488
925566.8148283573,6475484.540855831,1754654976.0,paragliders,20385020
926908.1996480168,6477898.519578601,1754655232.0,paragliders,20385020
927172.1343465223,6478195.493433813,1754659712.0,paragliders,20385020
925169.6914692945,6476885.823773482,1754659456.0,paragliders,20385373
925361.2388150356,6477344.837807379,1754659712.0,paragliders,20385373
925281.8113268637,6479118.437725063,1754750208.0,paragliders,20385526
927072.476314354,6478207.328141035,1755006208.0,paragliders,20385551
925761.9325279767,6475392.789447042,1755089024.0,paragliders,20385552
925419.8544031022,6478934.523740475,1754750336.0,paragliders,20385596
925213.1533654635,6475528.489768118,1752498688.0,paragliders,20388228
927451.5054646444,6479822.094753353,1772973696.0,paragliders,20389581
927582.2418091326,6479601.033136964,1772975360.0,paragliders,20389616
927622.0147864306,6479592.791329899,1772975360.0,paragliders,20389616
927676.2614398054,6479658.547882738,1772975360.0,paragliders,20389616
926365.9001813257,6476743.540354694,1773929472.0,paragliders,20390149
927277.4860153107,6477564.754938692,1774017536.0,paragliders,20390171
926612.2632048052,6477378.3715875065,1774011904.0,paragliders,20390194
926680.0913625312,6476932.182417031,1774012672.0,paragliders,20390199
926407.5917595967,6477127.859609147,1774011904.0,paragliders,20390237
926455.6153719861,6477128.915921674,1773926912.0,paragliders,20390303
927021.8819739214,6477476.627576297,1774009216.0,paragliders,20390412
926519.1925328019,6477277.872960487,1774011904.0,paragliders,20390856
925838.6005711681,6475176.604087924,1775393024.0,paragliders,20391158
927457.937255892,6479158.7117204005,1775393408.0,paragliders,20391158
927212.8180828822,6478925.677753406,1775394944.0,paragliders,20391176
925998.8155213234,6476308.814033818,1775395456.0,paragliders,20391176
927259.4843432776,6478040.769942253,1775476864.0,paragliders,20391282
925290.3897826817,6478190.656483289,1775393280.0,paragliders,20391338
927063.8797837272,6477773.328599081,1775471488.0,paragliders,20391346
927153.3027899029,6478319.728003915,1775566592.0,paragliders,20391487
927154.799164164,6478159.851449275,1775478016.0,paragliders,20391489
927195.3512900864,6477905.098006102,1775477120.0,paragliders,20391492
927023.9197641964,6478031.864844808,1775564416.0,paragliders,20391501
926782.720245934,6477725.748537377,1775563904.0,paragliders,20391504
927170.8958734537,6478997.324421642,1775566080.0,paragliders,20391535
926624.483287113,6477162.69410137,1775567488.0,paragliders,20391535
926931.2049672225,6477783.9781728545,1775563264.0,paragliders,20391538
926866.845976717,6477608.436052245,1775563776.0,paragliders,20391539
926947.2159060664,6478252.984817449,1775566848.0,paragliders,20391550
927034.0952830417,6477711.186675541,1775566848.0,paragliders,20391551
926904.7803060734,6478027.122973983,1775565824.0,paragliders,20391553
926710.6025751872,6477570.396129199,1775566208.0,paragliders,20391563
926483.9019775722,6477220.475531121,1775567744.0,paragliders,20391563
927345.2894723702,6478795.651019564,1775482112.0,paragliders,20391573
927037.3620397502,6478201.4780215295,1775563008.0,paragliders,20391581
926883.3900680896,6478326.003813255,1775569280.0,paragliders,20391607
925460.1025463183,6479177.257284768,1775484672.0,paragliders,20391630
926951.7912504369,6477812.572254451,1775563136.0,paragliders,20391666
927048.196655532,6478233.176843165,1775564672.0,paragliders,20391745
927376.2584962008,6478819.835076445,1775482112.0,paragliders,20391760
926522.4830560781,6477210.872225786,1775648768.0,paragliders,20391762
927129.1037634115,6478483.213729136,1775648896.0,paragliders,20391762
925266.6645789567,6478097.229473451,1775569152.0,paragliders,20391770
926951.4878680517,6478097.81200842,1775566720.0,paragliders,20391772
926634.2982013104,6477178.296353608,1775568640.0,paragliders,20391772
926864.630045855,6477878.536469989,1775564800.0,paragliders,20391787
927471.3278250569,6478801.407409857,1775482240.0,paragliders,20391789
925336.3978008426,6477614.959089369,1775394176.0,paragliders,20391808
927280.4273697287,6478827.009229409,1775482240.0,paragliders,20391820
926620.9781329837,6477192.382467833,1775570048.0,paragliders,20391942
927518.6907579093,6478269.580738393,1775479808.0,paragliders,20391948
927510.1673037123,6478274.183846818,1775479808.0,paragliders,20391948
927503.7052228926,6478268.643288844,1775479808.0,paragliders,20391948
925327.8893257399,6475296.979457473,1775480576.0,paragliders,20391948
925349.1550514014,6478492.539234529,1775478912.0,paragliders,20392036
927005.2974271083,6478137.202099657,1775564800.0,paragliders,20392038
926712.7658355619,6477367.4920055,1775396096.0,paragliders,20392041
926824.8954265703,6477778.589774336,1775573504.0,paragliders,20392154
925107.0309876655,6476373.555323766,1775654784.0,paragliders,20392240
925278.7240724795,6477257.422488195,1776429440.0,paragliders,20392582
925312.3409280467,6477304.226553221,1776429440.0,paragliders,20392582
925333.2203866543,6477321.844189808,1776429440.0,paragliders,20392582
925414.4919719263,6477328.296079472,1776429440.0,paragliders,20392582
926750.8874534139,6477261.321331544,1776517120.0,paragliders,20392718
927400.8454413356,6478603.064385326,1776517376.0,paragliders,20392718
926801.467340325,6477231.247834585,1776517632.0,paragliders,20392721
926647.0868941977,6477295.733453761,1776517632.0,paragliders,20392753
927216.5251811438,6478407.332660319,1776517760.0,paragliders,20392753
926748.6467321416,6477404.632404362,1776518528.0,paragliders,20392775
927251.4194739304,6477938.304685326,1775477120.0,paragliders,20392832
926765.4692712298,6477434.796903139,1776518400.0,paragliders,20392868
926564.164082656,6476378.9590555765,1775742208.0,paragliders,20392889
926574.9764635549,6476361.271710064,1775742208.0,paragliders,20392889
926562.5208850817,6476328.692290549,1775742208.0,paragliders,20392889
927685.1818175153,6479499.8719695695,1775742720.0,paragliders,20392889
925486.606676871,6475360.935063177,1776517248.0,paragliders,20392892
926464.7705186217,6476479.271405035,1775742080.0,paragliders,20392897
927810.6660985927,6479473.597246603,1775742592.0,paragliders,20392897
927876.8793261717,6479394.205620393,1775742592.0,paragliders,20392897
927844.3155992251,6479397.508241826,1775742592.0,paragliders,20392897
927821.0365934594,6479414.484462698,1775742720.0,paragliders,20392897
927815.9709152598,6479424.837639601,1775742720.0,paragliders,20392897
926552.4817648988,6477096.179175551,1776516352.0,paragliders,20392942
925247.1612804516,6475060.644973794,1775575936.0,paragliders,20393059
927433.7305561492,6477432.152677966,1775740288.0,paragliders,20393061
926921.0758962766,6478018.469496664,1775564160.0,paragliders,20393172
926315.7304016165,6477472.022649875,1776946176.0,paragliders,20393336
926947.4227855823,6477586.069637953,1777040256.0,paragliders,20393359
925629.251469185,6475500.637667199,1777031936.0,paragliders,20393412
926869.8726198062,6477155.57824377,1777034752.0,paragliders,20393420
925016.5926314042,6476289.350971045,1776947200.0,paragliders,20393426
926540.2751342449,6476892.055784128,1777036416.0,paragliders,20393441
925614.2808448956,6475371.776334994,1777033344.0,paragliders,20393443
925598.3413002793,6475306.342512153,1777033216.0,paragliders,20393460
927378.3764724345,6477748.018312516,1777037824.0,paragliders,20393461
926979.2832835776,6477797.817100253,1777032192.0,paragliders,20393520
927047.0319003871,6477289.713520591,1777035264.0,paragliders,20393547
925406.8882294602,6475051.920924136,1777035776.0,paragliders,20393547
926720.5306048767,6477421.51605048,1776946432.0,paragliders,20393747
927084.3825660043,6477852.840449527,1777122048.0,paragliders,20393796
926586.5261320744,6477063.82931268,1776950016.0,paragliders,20393880
926955.500573667,6478012.649220649,1777292800.0,paragliders,20394130
927216.1585615653,6478288.398543058,1777293568.0,paragliders,20394166
926870.3876720412,6477471.040599993,1777294976.0,paragliders,20394181
926604.7629208269,6477518.916009775,1777209472.0,paragliders,20394182
925142.484693837,6475650.624111526,1776950528.0,paragliders,20394186
925257.5945708345,6477729.705969615,1776951424.0,paragliders,20394186
927081.623328523,6478056.6301940475,1776951808.0,paragliders,20394186
927023.3143147104,6478288.482896721,1776952064.0,paragliders,20394187
927048.8663878078,6478299.536395155,1776952064.0,paragliders,20394187
927225.7409209406,6478361.678598191,1775391616.0,paragliders,20394230
925536.5974017106,6475067.86230699,1779369984.0,paragliders,20395507
925537.4848746245,6475074.955637468,1779369984.0,paragliders,20395507
925569.0265517709,6475095.845512037,1779369984.0,paragliders,20395507
925592.5626956808,6475104.864728447,1779369984.0,paragliders,20395507
925606.6738641533,6475110.464598377,1779369984.0,paragliders,20395507
925134.6625011335,6475875.8307897765,1779372544.0,paragliders,20395510
925074.4024770843,6475806.150417049,1779372544.0,paragliders,20395510
925133.7673442108,6475731.328732526,1779372544.0,paragliders,20395510
925160.3899015,6475706.260768803,1779372544.0,paragliders,20395510
925128.6268646689,6475676.564539521,1779372544.0,paragliders,20395510
925235.0203373901,6477021.718458306,1779371520.0,paragliders,20395565
926724.8849939277,6477545.105105853,1779454464.0,paragliders,20395665
926776.8436630026,6477349.797885606,1779456128.0,paragliders,20395665
926778.263972391,6477331.182706574,1779456128.0,paragliders,20395665
926781.450186597,6477325.75010253,1779456128.0,paragliders,20395665
926458.68954935,6477310.305690902,1779456256.0,paragliders,20395665
926762.3764580527,6477546.486028518,1779455232.0,paragliders,20395731
927252.2304516789,6478451.674403412,1779456128.0,paragliders,20395756
926762.5102875372,6477636.325844664,1779452416.0,paragliders,20395783
926857.2428240556,6477626.438504748,1779454464.0,paragliders,20395813
927104.8153603177,6478216.7473144615,1779457280.0,paragliders,20395840
925503.9074670365,6475050.295030533,1779456768.0,paragliders,20395841
927095.5936581467,6477965.089750516,1779457280.0,paragliders,20395841
926521.5701193047,6477027.2872318,1779538048.0,paragliders,20395862
926821.154404667,6477196.328928446,1779537664.0,paragliders,20395903
926820.1594290722,6477419.658714095,1779537664.0,paragliders,20395959
925447.9359503236,6477752.78432285,1779628160.0,paragliders,20396108
927000.9601169572,6476931.71505263,1779628416.0,paragliders,20396108
925721.427932949,6475097.847976611,1779454464.0,paragliders,20396114
926775.9473001818,6477335.223442102,1779537536.0,paragliders,20396118
926689.0969552157,6477405.979524177,1779454976.0,paragliders,20396192
926623.710846635,6477544.987749933,1779455360.0,paragliders,20396333
925050.5518585019,6479599.013848966,1779714688.0,paragliders,20396345
927041.6597351683,6477574.713317312,1779796480.0,paragliders,20396580
927006.7216556307,6477785.649821139,1779797120.0,paragliders,20396605
927011.8863979869,6477872.9065276785,1779797120.0,paragliders,20396605
927050.7819663135,6477817.979615535,1779797120.0,paragliders,20396605
926922.4931169036,6476846.806454729,1779802624.0,paragliders,20396627
927277.3222454052,6477068.228006724,1779800832.0,paragliders,20396646
927314.8454300754,6477102.366938386,1779800832.0,paragliders,20396646
927297.4006695582,6477142.365740583,1779800832.0,paragliders,20396646
927287.1482987757,6477145.869309244,1779800832.0,paragliders,20396646
927275.0622718156,6477147.153344204,1779800832.0,paragliders,20396646
927029.018505622,6477079.314803164,1775739264.0,paragliders,20396663
926616.4071031504,6477471.804938016,1779454464.0,paragliders,20396664
927261.1640672851,6477939.283495944,1779801728.0,paragliders,20396720
926975.7347888082,6477585.2514149025,1779796864.0,paragliders,20396744
926937.650960979,6477568.760726273,1779796864.0,paragliders,20396744
926950.3256440023,6477512.849125725,1779796864.0,paragliders,20396744
927087.6731647584,6477564.755361457,1779796992.0,paragliders,20396744
927118.909489239,6477696.633600754,1779796992.0,paragliders,20396744
927112.7222813452,6477700.533890327,1779796992.0,paragliders,20396744
927105.5065771791,6477704.846155742,1779796992.0,paragliders,20396744
927300.3399695711,6477091.7323089205,1779800960.0,paragliders,20396753
925508.5719739894,6475302.017851407,1779447168.0,paragliders,20396754
926584.1308720667,6477252.139938729,1779799936.0,paragliders,20396811
927139.7091178446,6477403.708708553,1780056320.0,paragliders,20397104
926982.3823456218,6477394.659882507,1780056064.0,paragliders,20397147
926870.9529201483,6477462.586698526,1780055808.0,paragliders,20397438
925249.9971436666,6477023.074694406,1779373056.0,paragliders,20397589
926820.1582373404,6477351.604368238,1780146944.0,paragliders,20397896
926684.961762234,6477313.0235608565,1781700992.0,paragliders,20398278
926761.3130400341,6477105.561036671,1781701888.0,paragliders,20398342
926521.8244525751,6477109.771952751,1781696640.0,paragliders,20398369
925177.2284611897,6477027.786894241,1781703808.0,paragliders,20398436
926886.4361982081,6477605.624761895,1781610624.0,paragliders,20398489
925230.6296046731,6477844.618263426,1781779840.0,paragliders,20398513
927122.4941027146,6477688.125293905,1781787648.0,paragliders,20398625
927679.3771306882,6479958.517948894,1781788544.0,paragliders,20398658
926514.2977945614,6477319.589308454,1781703040.0,paragliders,20398683
925372.5831000478,6478268.542062412,1781964416.0,paragliders,20398758
927095.2116532784,6478204.767884917,1781964032.0,paragliders,20398836
926967.6438645005,6477979.756732275,1781960704.0,paragliders,20398919
926996.3881656211,6477664.552099233,1782050048.0,paragliders,20398982
925516.7836800634,6475475.051927144,1782048000.0,paragliders,20399010
925375.9783229426,6475606.098408305,1782052992.0,paragliders,20399037
926810.1716241048,6477709.024955584,1782045568.0,paragliders,20399078
927276.6286159748,6478851.195486503,1781782912.0,paragliders,20399090
925223.8226598778,6477678.918191449,1781783424.0,paragliders,20399090
926836.2134890093,6477407.587865201,1781788672.0,paragliders,20399090
926901.5114800889,6477685.154209229,1782045696.0,paragliders,20399106
926759.6321869877,6477255.847716508,1781698944.0,paragliders,20399173
927269.8316490264,6478747.819408725,1781783168.0,paragliders,20399290
926137.4913222075,6476066.003122882,1781784192.0,paragliders,20399290
