x,y,utc,discipline,flight_id
926549.0728820799,6476923.05998595,1461932928.0,hang gliders,20187092
926199.8663035135,6476417.5612861775,1553780096.0,hang gliders,20258663
925047.5691457232,6478423.026211376,1646578944.0,hang gliders,20314671
925030.8432239449,6478454.687787355,1646578944.0,hang gliders,20314671
925000.7176390057,6478380.296555451,1646578944.0,hang gliders,20314671
927616.1469039202,6478546.300092399,1650372352.0,hang gliders,20318551
927643.2893976765,6478607.832461784,1650372352.0,hang gliders,20318551
927587.124914324,6478460.22455613,1650372352.0,hang gliders,20318551
927576.0133766308,6478494.574566936,1650372352.0,hang gliders,20318551
927544.3309940649,6478360.516463306,1650372352.0,hang gliders,20318551
927600.1077662758,6478400.865900749,1650372352.0,hang gliders,20318551
927015.5987618697,6477348.729274306,1652184448.0,hang gliders,20320638
926958.2058798432,6477125.165423233,1652184832.0,hang gliders,20320820
928199.7327906303,6475961.463094008,1652186752.0,hang gliders,20320941
926761.3652319908,6476988.478177203,1662815488.0,hang gliders,20332842
926790.5666164443,6477005.397780451,1662815488.0,hang gliders,20332842
926834.2990941448,6476992.27141959,1662815488.0,hang gliders,20332842
926844.7206419776,6476962.061649853,1662815488.0,hang gliders,20332842
926836.8046304455,6476927.026161748,1662815488.0,hang gliders,20332842
926805.2836553982,6476994.581308649,1662815360.0,hang gliders,20332889
927334.407201348,6477959.92693545,1682517888.0,hang gliders,20339817
927378.5823578176,6477945.53920601,1682517888.0,hang gliders,20339817
927405.2907193361,6478016.798884594,1682517888.0,hang gliders,20339817
927435.363300394,6478144.319432813,1682517888.0,hang gliders,20339817
927423.4468495215,6478167.072575229,1682517888.0,hang gliders,20339817
927440.7406467737,6478214.213355911,1682517888.0,hang gliders,20339817
927469.0302412857,6478203.133597924,1682517888.0,hang gliders,20339817
926954.3360767072,6477128.922334338,1690032256.0,hang gliders,20347228
926989.555996187,6477023.665800838,1714052992.0,hang gliders,20358139
926967.7102631914,6477179.835788854,1271506688.0,paragliders,20091152
926690.0715087996,6477041.220391446,1272110336.0,paragliders,20091660
927232.9395220653,6477670.900888678,1272110336.0,paragliders,20091660
927189.6190817774,6477640.995429834,1272110464.0,paragliders,20091660
927175.5404871983,6477647.798066095,1272110464.0,paragliders,20091660
926898.1644025741,6477294.363534493,1300976128.0,paragliders,20101147
926661.2091097942,6477081.809283917,1302185472.0,paragliders,20102105
927115.6910398043,6477518.1916743675,1302525824.0,paragliders,20102384
927323.6687899447,6478427.547580727,1302954496.0,paragliders,20102582
926713.1768686943,6477142.727496554,1303220608.0,paragliders,20103334
926529.1792274581,6476802.59621465,1303470848.0,paragliders,20103569
927346.84659164,6478743.635510443,1303471360.0,paragliders,20103569
926732.0907639317,6477014.603350233,1303817216.0,paragliders,20103932
926764.8396950332,6476969.123156983,1304253824.0,paragliders,20104579
926638.6139738807,6476916.310195994,1315920640.0,paragliders,20108914
926825.3689557811,6477122.268672797,1330779776.0,paragliders,20111024
927079.6102806923,6477389.779941155,1330782080.0,paragliders,20111064
927049.3855169961,6477383.308656773,1330782208.0,paragliders,20111150
926260.4337219739,6476411.612561243,1332764800.0,paragliders,20112309
926456.5451616541,6476866.799941724,1332939648.0,paragliders,20112478
925878.4738997392,6475633.94059263,1332944512.0,paragliders,20112546
926566.8624594408,6476989.795895648,1333976320.0,paragliders,20113191
926756.7972277884,6476989.6848948235,1333975808.0,paragliders,20113257
929508.4189529316,6479411.681089085,1336053120.0,paragliders,20113760
926605.4584197063,6476985.820833017,1336047360.0,paragliders,20113783
926969.230685587,6476931.236016927,1336394112.0,paragliders,20114031
926567.0636467567,6475619.846613011,1336397696.0,paragliders,20114031
928073.0400787361,6477232.138044094,1336393874.7278032,paragliders,20114378
926742.8778493605,6477090.002222227,1337947520.0,paragliders,20115275
926507.1824949896,6476825.653795067,1343220992.0,paragliders,20118827
926198.5302394616,6476066.107997286,1343220096.0,paragliders,20118886
926342.3825498644,6476565.431201924,1343739264.0,paragliders,20119098
925939.030816847,6475849.946268522,1344344960.0,paragliders,20119533
926065.8443667096,6476471.474730182,1344692224.0,paragliders,20119918
926690.6398358248,6477101.978926227,1344692352.0,paragliders,20119918
926960.709251832,6477441.754682262,1362922240.0,paragliders,20123714
926528.1118184268,6476931.581517,1363872384.0,paragliders,20123955
925328.7516497483,6478995.805212403,1365858816.0,paragliders,20124763
926439.1820401147,6476857.3074723855,1366194432.0,paragliders,20125371
926350.3320427816,6476791.445445875,1366194304.0,paragliders,20125611
926699.40509098,6477020.047997104,1366809088.0,paragliders,20126112
927257.8426066784,6477904.489731399,1366806656.0,paragliders,20126122
926067.3609166353,6476395.930644674,1366806400.0,paragliders,20126230
926408.3271488817,6476777.109922026,1366896128.0,paragliders,20126384
926640.6254500453,6476967.673175052,1366900224.0,paragliders,20126418
927210.6532627153,6477051.549893171,1366805632.0,paragliders,20126428
926427.9070808418,6476798.08087504,1366895616.0,paragliders,20126604
925963.0607895898,6476086.29889769,1366805760.0,paragliders,20126725
926634.8684456822,6476971.634671745,1366806528.0,paragliders,20126762
926641.2452486773,6476900.992329072,1366806528.0,paragliders,20126762
926642.2752045817,6476972.97088559,1366806528.0,paragliders,20126762
926736.9663918376,6477155.947260262,1366809088.0,paragliders,20126762
926017.4901025279,6476130.209613162,1368015360.0,paragliders,20127570
925977.9489993405,6476413.178531553,1370429696.0,paragliders,20128996
927196.5896309672,6476821.369793916,1370605184.0,paragliders,20129212
926380.9958492443,6476712.719615246,1371041920.0,paragliders,20129630
926549.053447128,6476978.710001569,1371040512.0,paragliders,20129655
926593.1194888311,6476962.337796306,1371040512.0,paragliders,20129655
926628.663392218,6477023.693285873,1371040512.0,paragliders,20129655
926159.5285440424,6476504.17493083,1373720576.0,paragliders,20131512
925695.2762222488,6475039.715585037,1373891328.0,paragliders,20131792
926904.6225664658,6477258.226013695,1394806912.0,paragliders,20139348
926836.3602869979,6477143.371948374,1394807936.0,paragliders,20139879
926769.5512686608,6477215.609910093,1394807936.0,paragliders,20139879
926758.2603240807,6477201.168739197,1394807936.0,paragliders,20139879
926894.5351659809,6477174.898430549,1394807296.0,paragliders,20139999
926570.2987226568,6476862.207870362,1396014848.0,paragliders,20140174
926350.0430341,6476797.0425765645,1396008960.0,paragliders,20140227
926727.42385545,6476928.23225757,1396011648.0,paragliders,20140330
927233.1055889685,6477813.789356098,1396013568.0,paragliders,20140406
926314.4785064852,6476605.824477545,1396268160.0,paragliders,20140479
927262.2231569306,6478413.621189348,1396268928.0,paragliders,20140486
926553.8831402921,6476889.755363536,1396267264.0,paragliders,20140488
926847.4317054787,6477158.131077214,1396268800.0,paragliders,20140508
927284.5322350564,6477693.7848827075,1396271488.0,paragliders,20140700
926842.9510251147,6477285.2983946055,1397139072.0,paragliders,20141430
926908.517203424,6477277.611259215,1397227008.0,paragliders,20141740
929981.6397493108,6478487.356089272,1397309824.0,paragliders,20141832
926563.3194375811,6476937.701360129,1397741952.0,paragliders,20142592
926002.4019315334,6476402.642263011,1397734144.0,paragliders,20142602
926707.1331190759,6477089.042662712,1397734272.0,paragliders,20142602
925274.7772938053,6479070.212227012,1397739520.0,paragliders,20142602
925978.6591283539,6475902.930282918,1398344192.0,paragliders,20143345
926694.0607042392,6476971.141621617,1398344320.0,paragliders,20143345
926717.7926755621,6477080.882983685,1394808320.0,paragliders,20144429
926199.3105694517,6476526.373954874,1400326912.0,paragliders,20144869
926625.5517431127,6476912.842174611,1400930816.0,paragliders,20145818
926808.81651072,6477070.582918191,1400933632.0,paragliders,20145857
925985.2136550325,6475795.136266395,1400933888.0,paragliders,20145857
926062.6417944774,6475820.693386522,1400933888.0,paragliders,20145857
926041.5737605365,6475766.11188359,1400933888.0,paragliders,20145857
926003.6898024133,6475763.960550742,1400933888.0,paragliders,20145857
925977.9524525808,6475779.671457432,1400933888.0,paragliders,20145857
927656.9980655275,6479965.00058365,1400930176.0,paragliders,20145949
925840.4832085008,6475615.741288055,1401620608.0,paragliders,20146571
925919.1568496824,6475805.428451944,1401620608.0,paragliders,20146571
925970.800721637,6475944.4296904635,1401620608.0,paragliders,20146571
926650.7243738145,6476881.923098465,1400930560.0,paragliders,20147179
926630.7935865229,6476883.077846267,1400930560.0,paragliders,20147179
926639.9960737646,6476940.081975105,1400930560.0,paragliders,20147179
928328.6642034033,6476917.963048467,1403780864.0,paragliders,20149013
926950.905748911,6477346.435503766,1403866496.0,paragliders,20149164
926275.2824467465,6476645.421621493,1405517440.0,paragliders,20150142
925041.6174457493,6479669.971932624,1405698048.0,paragliders,20150512
926861.149117288,6477236.409542385,1405682816.0,paragliders,20150553
928325.9113247795,6475821.074523215,1408630144.0,paragliders,20152466
925841.8947386155,6475231.965937176,1408625152.0,paragliders,20152697
926727.4382248409,6477126.3968998175,1410008704.0,paragliders,20153740
927037.0058036956,6477679.194699404,1410097280.0,paragliders,20153916
926415.7212619301,6476804.13361859,1426249216.0,paragliders,20157919
926476.9306195794,6476814.847291707,1426252288.0,paragliders,20157919
926318.1060424035,6476743.807633149,1426601344.0,paragliders,20158207
926473.6004951177,6476821.012695252,1426686720.0,paragliders,20158254
926543.7140250385,6476862.248227197,1426681856.0,paragliders,20158295
927127.2540167572,6477686.712472842,1426682752.0,paragliders,20158340
926611.2029158786,6476965.101671038,1426680960.0,paragliders,20158423
926814.3219533493,6477048.936540582,1426684672.0,paragliders,20158423
926832.4683880269,6477118.074325308,1426684672.0,paragliders,20158423
926716.9329877039,6477087.147662269,1426684672.0,paragliders,20158423
926783.04659328,6477177.599938112,1426768512.0,paragliders,20158591
926207.2735714152,6476544.189745355,1426769408.0,paragliders,20158609
926390.2002947682,6476814.731153995,1426769536.0,paragliders,20158609
926418.5070479775,6476878.299694878,1426769536.0,paragliders,20158609
926141.891637392,6476560.615709265,1426768512.0,paragliders,20158611
926339.415204843,6476782.225328625,1426767872.0,paragliders,20158614
926941.7782559741,6477183.866384976,1427118080.0,paragliders,20158841
926817.145095712,6477229.408698584,1427118080.0,paragliders,20158841
926876.3611559749,6477234.470634705,1427118080.0,paragliders,20158841
926954.7651049597,6477306.973999669,1428405888.0,paragliders,20159376
925710.6367634251,6475093.834386585,1428409344.0,paragliders,20159404
926400.6009868648,6476733.651082019,1428406272.0,paragliders,20159447
926795.2583439185,6477185.424068957,1428495616.0,paragliders,20159463
926907.2653779115,6477278.704589308,1428496512.0,paragliders,20159463
926766.1653143517,6477158.689064897,1428496512.0,paragliders,20159463
926453.1140672674,6476855.365971608,1428496000.0,paragliders,20159509
926482.8385877215,6476890.844685462,1428494208.0,paragliders,20159527
926514.4107716932,6476890.678475827,1428494208.0,paragliders,20159527
926449.8139487278,6476852.455709768,1428494208.0,paragliders,20159527
926724.5725332313,6477042.5395313725,1428499584.0,paragliders,20159555
926734.0304068697,6477056.274899616,1428499584.0,paragliders,20159555
926806.3390415644,6477058.131163695,1428499584.0,paragliders,20159555
926753.3939120135,6476953.689234471,1428499712.0,paragliders,20159555
925922.2898345647,6475997.834048401,1428495872.0,paragliders,20159580
926080.9368799309,6476485.564540548,1428493824.0,paragliders,20159626
926276.01123922,6476708.47193705,1428499072.0,paragliders,20159754
926313.3244629889,6476706.638607543,1428499072.0,paragliders,20159754
926274.2154863457,6476712.959391518,1428499072.0,paragliders,20159754
926522.3822978645,6476942.323281306,1428493952.0,paragliders,20160097
926208.393531708,6476588.8095633015,1428498432.0,paragliders,20160097
926445.1789739628,6476965.76157645,1428839040.0,paragliders,20160611
926957.8229338309,6477253.887632123,1428838656.0,paragliders,20160632
928002.529776071,6479018.768307165,1428934016.0,paragliders,20160967
926240.8002205597,6476158.748532683,1429626112.0,paragliders,20161925
926377.2337991036,6476210.228116671,1429626624.0,paragliders,20161925
927057.7096371365,6477537.791464919,1429876736.0,paragliders,20162630
927092.783762681,6477527.78738593,1429876736.0,paragliders,20162630
927018.1795559279,6477536.644109835,1429876736.0,paragliders,20162630
927402.5985245829,6479690.833893721,1429881344.0,paragliders,20162759
926244.0074017699,6476619.862019629,1429791104.0,paragliders,20162782
925889.8973203948,6475726.334110826,1430390912.0,paragliders,20163268
927421.0533708822,6478049.182567087,1430391168.0,paragliders,20163268
925650.6517414924,6475291.170347242,1430916608.0,paragliders,20163445
925667.6067256241,6475324.979169217,1430916608.0,paragliders,20163507
926935.7579726515,6476946.94714289,1430996352.0,paragliders,20163524
925911.1808171162,6475535.036384725,1430999552.0,paragliders,20163532
927258.2879139722,6477896.552707359,1430999040.0,paragliders,20163561
927273.1148076523,6477885.326429154,1430999040.0,paragliders,20163561
927263.5601313269,6477845.225710312,1430999040.0,paragliders,20163561
926900.8248266574,6477248.131496473,1430995200.0,paragliders,20163612
927312.6221010097,6477925.290608218,1430999936.0,paragliders,20163612
925927.5694068035,6476228.60670413,1430999168.0,paragliders,20163667
925881.34435732,6476239.349792575,1430999168.0,paragliders,20163667
925921.598570037,6476274.445008371,1430999203.7826066,paragliders,20163667
925691.86969767,6475386.868678731,1430916352.0,paragliders,20163678
928938.2411575614,6477090.604214685,1432470656.0,paragliders,20165372
927103.146179048,6477678.512194421,1432816896.0,paragliders,20165680
927041.1948386978,6477141.436505914,1432818816.0,paragliders,20165687
927321.4449501559,6477773.229572725,1432815616.0,paragliders,20165752
927557.8278952643,6479986.60410037,1432816000.0,paragliders,20165752
926985.7329398171,6477316.461036671,1432815104.0,paragliders,20165756
926771.035674508,6477118.356075609,1432813568.0,paragliders,20165812
927010.0380285336,6477582.692133914,1432813696.0,paragliders,20165812
927077.3886427737,6477447.886208486,1433076352.0,paragliders,20166252
926971.6697240984,6477336.537585501,1433078016.0,paragliders,20166349
926728.3157646857,6477061.824429864,1433072768.0,paragliders,20166400
927144.1361705209,6477616.611680185,1433072256.0,paragliders,20166471
927135.9478276131,6477384.886274076,1433072768.0,paragliders,20166471
926968.1707922867,6477260.726767921,1433157376.0,paragliders,20166551
926689.373350229,6477053.701129966,1433344128.0,paragliders,20166733
927412.25476615,6479576.536145781,1433334912.0,paragliders,20166843
927408.2810636851,6479671.11463158,1433334912.0,paragliders,20166843
926884.1157689583,6477240.985874998,1433423104.0,paragliders,20167055
925927.3519399713,6475944.687247716,1433507840.0,paragliders,20167208
925931.7772285774,6475940.68601911,1433507840.0,paragliders,20167208
925936.4445219174,6475933.075436634,1433507840.0,paragliders,20167208
927169.9547326368,6477783.81684938,1433506816.0,paragliders,20167223
926131.9495671121,6476383.314701991,1433507584.0,paragliders,20167271
925910.8975886059,6475914.815884827,1433507712.0,paragliders,20167305
925160.2192809524,6475521.660564004,1434979968.0,paragliders,20168836
926889.2915467675,6477302.817514786,1435149056.0,paragliders,20168900
926309.3278927023,6476625.308217399,1435161984.0,paragliders,20168947
927269.0994488111,6478586.521555825,1435227264.0,paragliders,20169103
927264.5942835304,6478548.092212328,1435227264.0,paragliders,20169103
927264.7744525,6478525.529439105,1435227264.0,paragliders,20169103
925664.5977743643,6475054.957270663,1435319936.0,paragliders,20169374
927271.9177122584,6478372.459122955,1435320576.0,paragliders,20169374
927278.508069773,6478376.494113596,1435320576.0,paragliders,20169374
927303.0389204168,6478379.299803842,1435320576.0,paragliders,20169374
927253.7102298465,6478459.468082073,1435318144.0,paragliders,20169375
926555.3303566406,6476989.933336663,1435579904.0,paragliders,20170013
926335.1788131458,6476605.662101276,1436621056.0,paragliders,20171307
927969.8769184949,6476612.295357981,1436621568.0,paragliders,20171446
927266.6584041107,6478396.788177379,1435320576.0,paragliders,20171500
927478.3677401369,6479269.39898914,1435320832.0,paragliders,20171500
926914.1916696854,6477111.287774533,1436873728.0,paragliders,20171982
927142.5138614305,6476973.329731282,1438607232.0,paragliders,20173833
926485.3572640865,6476895.33483989,1438609152.0,paragliders,20173977
927061.6492387992,6477693.838679888,1438865920.0,paragliders,20174187
927118.4840060634,6477312.713745252,1440248192.0,paragliders,20175848
926707.5099008251,6477087.363694888,1438605312.0,paragliders,20175955
927255.4859686394,6477815.909231307,1440157184.0,paragliders,20176153
926334.4281722787,6475936.551789234,1441806336.0,paragliders,20177512
927507.955205675,6479978.928001382,1458305280.0,paragliders,20181651
926446.0911047732,6476827.609086006,1458311296.0,paragliders,20181658
926269.7009907253,6476690.244029872,1458304000.0,paragliders,20181672
926136.5413355828,6476611.9611552935,1458307968.0,paragliders,20181736
926264.8985012545,6476726.425709983,1458307968.0,paragliders,20181736
925834.5907811568,6475824.980035931,1458306560.0,paragliders,20181758
925859.4949652321,6475796.918133527,1458306560.0,paragliders,20181758
925871.9967764479,6475803.667880163,1458306560.0,paragliders,20181758
926927.3584958417,6477200.0772219505,1458309504.0,paragliders,20181786
926290.1311094157,6476677.445548685,1458310272.0,paragliders,20181875
926377.2627959152,6476663.427450917,1458395392.0,paragliders,20181946
926699.0939086792,6477019.354521805,1458399232.0,paragliders,20181961
926490.8759400732,6476885.335531378,1458397440.0,paragliders,20181983
926271.0522126566,6476679.752642412,1458397696.0,paragliders,20182004
926287.4136065826,6476673.350558624,1458394240.0,paragliders,20182012
926653.3640729637,6477012.567682128,1458394368.0,paragliders,20182013
926504.6052488859,6476917.241541712,1458391680.0,paragliders,20182018
926721.2910485823,6477166.591747072,1458396416.0,paragliders,20182049
926450.0090080053,6476872.39741149,1458397696.0,paragliders,20182069
926347.6614215702,6476729.076693752,1458393344.0,paragliders,20182078
926832.4615772534,6477215.75324941,1458395904.0,paragliders,20182079
925892.6206047363,6475960.982190512,1458393344.0,paragliders,20182106
926470.5241072547,6476896.714871318,1458394112.0,paragliders,20182123
926434.6478896902,6476874.479410708,1458396288.0,paragliders,20182125
926787.4491951226,6477227.648082645,1458396032.0,paragliders,20182146
926810.274164118,6477137.374540685,1458396928.0,paragliders,20182147
925947.773505726,6476005.031813585,1458392832.0,paragliders,20182168
925937.8935057229,6476004.747677419,1458392832.0,paragliders,20182168
925932.3182575054,6476002.802208038,1458392832.0,paragliders,20182168
926767.1144415867,6477210.39056214,1458396032.0,paragliders,20182219
926935.9674427791,6477251.880214942,1458393088.0,paragliders,20182222
925934.8526999291,6476077.660132663,1458393600.0,paragliders,20182262
925881.1872860449,6476075.9181705685,1458393600.0,paragliders,20182262
925925.7998536692,6476163.154144267,1458393728.0,paragliders,20182262
926383.0402390149,6476798.403939805,1458393728.0,paragliders,20182262
926320.9246567463,6476628.70360591,1458395904.0,paragliders,20182313
926588.0024271689,6476999.665555021,1458392704.0,paragliders,20182321
925752.2292161183,6475453.367579392,1458395776.0,paragliders,20182356
925769.2151468921,6475446.3871358065,1458395776.0,paragliders,20182356
925742.7077294452,6475460.996887275,1458395904.0,paragliders,20182356
926214.3299119066,6476605.59976723,1458396032.0,paragliders,20182356
926437.4168450139,6476837.969948257,1458397184.0,paragliders,20182368
926926.8144130311,6477185.279120885,1458485120.0,paragliders,20182390
926965.547508827,6477079.839635431,1458485120.0,paragliders,20182390
926972.5056237979,6477095.582291212,1458485120.0,paragliders,20182390
925679.898862464,6475138.409338618,1460635520.0,paragliders,20183657
928379.9950764086,6475444.87646885,1461760640.0,paragliders,20184835
927124.8190636609,6477404.128590586,1461925632.0,paragliders,20184850
927031.3179947004,6477309.026952657,1461929216.0,paragliders,20184895
927045.9357463095,6477387.115987751,1461929728.0,paragliders,20184896
927026.5213611821,6477371.027958754,1461929728.0,paragliders,20184896
926991.2960897723,6477395.246402752,1461929728.0,paragliders,20184896
925953.8084085918,6475714.121655221,1461933440.0,paragliders,20184990
926208.459064751,6476553.96030077,1461928192.0,paragliders,20185050
925742.1414000827,6475086.066637015,1461925504.0,paragliders,20185149
925591.3786486486,6475030.254420358,1461926528.0,paragliders,20185169
926966.2369290015,6477265.707044276,1461930368.0,paragliders,20185252
927082.1640681995,6477583.001290706,1461926400.0,paragliders,20185294
927403.7185049608,6477847.414113841,1461928704.0,paragliders,20185335
926897.897089557,6477231.4475271385,1461934208.0,paragliders,20185575
925805.1095059311,6475560.441537853,1461935360.0,paragliders,20185698
925213.9319662554,6478890.4092101,1461762304.0,paragliders,20186063
926826.469030356,6477164.801075929,1462706816.0,paragliders,20186614
926888.1317552143,6477255.675310354,1462706944.0,paragliders,20186654
925830.4204649357,6475313.155200854,1462537728.0,paragliders,20186767
927049.0711441726,6477315.101448923,1461927808.0,paragliders,20186872
927417.2282151191,6478094.052672508,1461928576.0,paragliders,20186873
927408.8116739098,6478045.452512037,1461928448.0,paragliders,20186874
927405.2644446294,6478023.42419335,1461928448.0,paragliders,20186874
927427.6248369376,6478109.273252686,1461928448.0,paragliders,20186874
926959.220785253,6477043.923653269,1462624384.0,paragliders,20186942
925941.8961129211,6475293.885381987,1463405568.0,paragliders,20187359
925809.3404853373,6475558.912152592,1464351104.0,paragliders,20188854
926693.5906198015,6477035.245209131,1466773376.0,paragliders,20190507
926117.3725052893,6476510.591582355,1466778880.0,paragliders,20190522
926268.556641185,6476685.992715884,1466776448.0,paragliders,20190530
926610.3358568993,6476998.389172922,1466773376.0,paragliders,20190573
926981.8889853199,6477276.075631634,1466772224.0,paragliders,20190575
926281.5014697333,6476695.374942701,1466775040.0,paragliders,20190640
927200.8835092385,6477479.684645952,1467205888.0,paragliders,20191342
927100.8479225677,6477743.782206538,1468844032.0,paragliders,20193597
927780.211715845,6478074.009357064,1469715968.0,paragliders,20194976
927081.046572557,6477667.671676124,1470227456.0,paragliders,20195355
926310.2352410208,6476723.219762008,1470225024.0,paragliders,20195387
926292.879196102,6476691.828475565,1470662784.0,paragliders,20195970
926748.9640188975,6477223.816722504,1471181568.0,paragliders,20196867
926662.9296963996,6476993.453725439,1466773248.0,paragliders,20199347
926688.6317758616,6476955.951562881,1472390784.0,paragliders,20199506
927972.8020662575,6477161.632100893,1472731904.0,paragliders,20199852
926435.3638800846,6476848.207276865,1472814976.0,paragliders,20200065
926790.4375752752,6476987.327606223,1472822272.0,paragliders,20200069
926698.3531970439,6477047.478891511,1472819840.0,paragliders,20200245
926640.9876006373,6476926.127868479,1473426560.0,paragliders,20200913
926671.1918007545,6476926.563558382,1473426560.0,paragliders,20200913
926814.8264898802,6477108.614612861,1473426560.0,paragliders,20200913
927175.2698407994,6477789.877124378,1473420032.0,paragliders,20200979
926619.4819678614,6476421.691332402,1473510784.0,paragliders,20201051
926664.5250891353,6476851.054863112,1473517568.0,paragliders,20201103
925662.2900272127,6475231.014973876,1473424384.0,paragliders,20201576
926663.3881920142,6477030.324269938,1473424768.0,paragliders,20201576
926307.2015933325,6476764.73991467,1475066752.0,paragliders,20202436
926387.343930668,6476842.303585865,1475069440.0,paragliders,20202484
926670.669456471,6477100.554556324,1475066880.0,paragliders,20202512
926343.3149621236,6476773.397446774,1475067520.0,paragliders,20202514
926590.2892956247,6476959.689756878,1487254272.0,paragliders,20205166
926925.5908580493,6476947.723256537,1487513600.0,paragliders,20205469
927037.9293687823,6477184.763970049,1487514368.0,paragliders,20205469
926289.0742950387,6476674.976988251,1487514624.0,paragliders,20205469
926437.5618902713,6476606.914507832,1487513472.0,paragliders,20205489
927184.4080963382,6476906.572242864,1487514112.0,paragliders,20205489
926734.3574203525,6477014.512905523,1471185408.0,paragliders,20205892
926636.8215841685,6477089.051205715,1472909312.0,paragliders,20205893
926786.3322283551,6477281.510744987,1472909312.0,paragliders,20205893
926836.213021373,6477271.69273192,1472912512.0,paragliders,20205893
926164.4374939282,6476561.401704987,1489758592.0,paragliders,20206665
926591.4890458132,6476870.588681665,1490535240.7282615,paragliders,20207241
926513.0144528692,6476595.501774208,1490535808.0,paragliders,20207307
927425.7575880855,6479433.566098501,1490536320.0,paragliders,20207307
926996.4368209989,6477021.357532443,1490621824.0,paragliders,20207496
925676.0295649907,6475105.467132226,1490622080.0,paragliders,20207496
926962.6125141679,6477111.342059373,1490621952.0,paragliders,20207517
925186.5167151227,6479254.720625176,1490712192.0,paragliders,20207598
927299.584107347,6478284.868905062,1490705408.0,paragliders,20207603
926533.8859589156,6476977.6321750535,1490706944.0,paragliders,20207617
927120.4207333757,6477061.8141366,1490703616.0,paragliders,20207640
927484.187797569,6479009.216507618,1490703872.0,paragliders,20207640
926550.6372084918,6476768.712241266,1490790144.0,paragliders,20207844
927003.6714224203,6477354.751671751,1490795392.0,paragliders,20207986
926895.1188803406,6477183.695669337,1487513216.0,paragliders,20208809
926901.4368888517,6477258.232968115,1487513216.0,paragliders,20208809
926909.8379580589,6477227.160435048,1487513216.0,paragliders,20208809
926844.5370312631,6477256.662371986,1487513216.0,paragliders,20208809
926705.5265199207,6477053.560787772,1487513216.0,paragliders,20208809
926400.6390537827,6476779.383015105,1491660160.0,paragliders,20209284
927124.00113275,6477367.683990876,1491745792.0,paragliders,20209374
927221.3799620823,6477517.074884549,1491745152.0,paragliders,20209551
926873.6524526897,6477151.357803531,1491742080.0,paragliders,20210107
927463.0943822276,6478076.197972173,1491746048.0,paragliders,20210246
926098.6316318572,6476419.673647886,1491825920.0,paragliders,20210287
927584.7246935136,6479773.1436638255,1492172544.0,paragliders,20210933
927292.670333138,6478566.431843015,1492175104.0,paragliders,20211011
927519.3316296184,6479738.069437919,1492175232.0,paragliders,20211011
926211.8887681505,6476416.181961106,1492784512.0,paragliders,20211790
925608.9447180299,6475049.781103319,1492784768.0,paragliders,20211790
925170.4758147248,6479184.870221313,1494945024.0,paragliders,20214530
925922.165852209,6475324.1502063405,1491827328.0,paragliders,20214729
926924.2211156039,6477328.00870014,1495369472.0,paragliders,20214850
926946.9786431785,6477208.791455011,1495800064.0,paragliders,20215912
926861.2134600356,6477176.148424859,1495802624.0,paragliders,20216006
927409.1653188028,6477700.902201173,1495894016.0,paragliders,20216145
925808.890092315,6475356.740667762,1495884800.0,paragliders,20216151
926996.6002446521,6477218.987559174,1495886976.0,paragliders,20216221
927413.6288411542,6477933.397710327,1496145536.0,paragliders,20216872
927381.0252872978,6478038.630405701,1496145536.0,paragliders,20216872
927347.4373309299,6478248.918219645,1496145536.0,paragliders,20216872
927406.8861915083,6478868.358317984,1496145664.0,paragliders,20216872
927200.0666519435,6477004.455247209,1496145920.0,paragliders,20216907
926996.5401259334,6477098.93261724,1496145536.0,paragliders,20216978
926477.1887078662,6476755.123615951,1496144896.0,paragliders,20216983
927342.3151250865,6476904.265630086,1495890816.0,paragliders,20217058
927353.0236173009,6476912.187820474,1495890816.0,paragliders,20217058
926807.8963895921,6477169.31202121,1496404480.0,paragliders,20217174
926561.3990176679,6476909.770775908,1496410624.0,paragliders,20217186
926259.1939916709,6476663.751938912,1496407680.0,paragliders,20217206
926763.4218764461,6477229.255493622,1496407808.0,paragliders,20217206
926645.6854730627,6477019.126916726,1497096832.0,paragliders,20217904
926410.0039130439,6476771.676206766,1497093248.0,paragliders,20217951
926066.4058123613,6476422.764561732,1497097088.0,paragliders,20218200
926132.5314293128,6476356.540993581,1497099392.0,paragliders,20218201
926404.8178994488,6476804.734721253,1497962112.0,paragliders,20219194
926383.3427320075,6476807.660244048,1497962112.0,paragliders,20219194
926500.250524859,6477004.551383834,1497962112.0,paragliders,20219194
926717.3753569539,6477209.43355467,1497962112.0,paragliders,20219194
925697.8859470442,6475446.673319087,1498133376.0,paragliders,20219496
926280.0392146844,6476690.788830233,1498132480.0,paragliders,20219543
926566.9421039191,6476924.835976315,1498131456.0,paragliders,20219564
925970.1655541227,6475961.15429428,1498134144.0,paragliders,20220201
926098.0894240167,6476516.908533492,1500552448.0,paragliders,20221827
926325.5037087473,6476796.145771617,1507896448.0,paragliders,20228119
927220.994015663,6477924.669091543,1507897728.0,paragliders,20228119
926482.4458968755,6476887.176266878,1509021312.0,paragliders,20228620
926772.0270302217,6477118.567969051,1521892096.0,paragliders,20230822
926912.6623228409,6477290.753963219,1521896192.0,paragliders,20230851
927031.9158268636,6477057.401963607,1523712512.0,paragliders,20231936
925884.191185356,6475706.401687107,1523712896.0,paragliders,20231973
926790.8994552216,6477087.573649324,1523794048.0,paragliders,20231992
926594.4497540074,6476938.518387061,1523801088.0,paragliders,20232015
927531.0252190286,6479872.564136631,1523801344.0,paragliders,20232015
926598.1322989706,6476901.516515175,1523790464.0,paragliders,20232036
926339.7128756234,6476852.434983824,1523799808.0,paragliders,20232064
926425.2111651638,6476629.339115877,1523792256.0,paragliders,20232066
927541.9880693245,6479951.932822474,1523797504.0,paragliders,20232095
926981.2943285236,6477128.229856315,1523793664.0,paragliders,20232131
926191.199464216,6476566.710070767,1523798272.0,paragliders,20232144
926704.8483999869,6477122.039762286,1523797120.0,paragliders,20232160
926881.5973805712,6477050.512173744,1523797120.0,paragliders,20232169
926924.3065165791,6477076.410071713,1523791232.0,paragliders,20232177
926243.9396316257,6476613.999758214,1523798144.0,paragliders,20232208
926264.7587172118,6476744.720742106,1523796480.0,paragliders,20232225
926917.8598387714,6477208.552106211,1523797376.0,paragliders,20232245
926476.4328870886,6476823.9418610595,1523794432.0,paragliders,20232299
926118.2836669054,6476434.043365969,1523789568.0,paragliders,20232355
926773.1074896721,6477132.169628134,1523792384.0,paragliders,20232410
927557.835270273,6479884.022944079,1523792768.0,paragliders,20232410
926412.3336691243,6476841.007731182,1523965440.0,paragliders,20232501
926946.1612661812,6477617.143535603,1523962240.0,paragliders,20232513
926928.6846499607,6477504.596290563,1523962368.0,paragliders,20232513
926983.597558623,6477245.766942317,1523794816.0,paragliders,20232665
926219.2877233324,6476557.647737258,1524151936.0,paragliders,20233313
927318.5151294563,6477895.706151818,1524138112.0,paragliders,20233561
927324.8217383584,6478034.844176404,1524138112.0,paragliders,20234005
926800.0722178795,6477192.364335249,1523791232.0,paragliders,20234060
926843.771055859,6477096.906206814,1524221568.0,paragliders,20234174
926457.247243479,6476791.979197016,1524230272.0,paragliders,20234277
926663.5928127054,6476945.526759161,1524233216.0,paragliders,20234277
926263.7851150575,6476475.3077501785,1524237440.0,paragliders,20234695
926846.4171827876,6477092.523300212,1524225152.0,paragliders,20234849
926490.4202502962,6476932.390670615,1524223616.0,paragliders,20235067
925878.1739910252,6476249.727250585,1524145920.0,paragliders,20235317
925693.5497507916,6475019.169054802,1524408320.0,paragliders,20235540
926877.6404692188,6477126.87627182,1524569472.0,paragliders,20236806
926820.32281381,6477063.637533638,1523797120.0,paragliders,20237181
927530.50281008,6479941.142239679,1523797504.0,paragliders,20237181
926271.4231634947,6476597.933977063,1524313344.0,paragliders,20237320
925926.1628727453,6475918.586143293,1524137216.0,paragliders,20237381
926466.4837095357,6476808.039180556,1523966336.0,paragliders,20239176
926934.9884519489,6477380.216763639,1526903040.0,paragliders,20239789
926724.7785928792,6477051.651808025,1526902272.0,paragliders,20239842
925094.1881508112,6477486.241401828,1527248000.0,paragliders,20240216
925047.8105128666,6477478.939713834,1527248000.0,paragliders,20240216
925040.2792648781,6477497.7277097255,1527248000.0,paragliders,20240216
925165.5579661814,6479375.184535056,1527250944.0,paragliders,20240616
928497.5530830701,6477235.775294742,1529584384.0,paragliders,20242266
926125.9784535442,6475318.717085917,1529581056.0,paragliders,20242398
926207.3304734133,6476654.047711134,1529754624.0,paragliders,20242669
927484.4066487164,6479847.314527444,1529755392.0,paragliders,20242669
926010.1204745983,6475684.3765635295,1530011008.0,paragliders,20243050
926020.9653609146,6475699.698884988,1530011008.0,paragliders,20243050
926035.1777837902,6475732.061279959,1530011008.0,paragliders,20243050
925105.2155406134,6479515.427661079,1530275840.0,paragliders,20243365
925282.517311355,6478340.470352225,1530274560.0,paragliders,20243377
926287.9905990065,6476676.25942243,1530369024.0,paragliders,20243434
926308.7451131877,6476700.486970592,1530369024.0,paragliders,20243434
926421.39295483,6476854.363653073,1530274176.0,paragliders,20243479
927100.413103989,6477436.264059689,1530364416.0,paragliders,20243512
927024.8017029911,6477338.958463092,1530364416.0,paragliders,20243512
926967.9852490142,6477278.578226168,1530364416.0,paragliders,20243512
926921.8119707787,6477357.030657137,1530707584.0,paragliders,20244390
926221.3743752781,6476706.559266718,1531399552.0,paragliders,20245243
926235.2245235958,6476732.954542419,1531399424.0,paragliders,20245531
925206.8711916589,6479518.8533386635,1531914880.0,paragliders,20245767
925210.2577634442,6479499.265876806,1531914880.0,paragliders,20245767
925186.1941837501,6479628.893985194,1531915008.0,paragliders,20245767
927359.9870469536,6478220.773956661,1531918592.0,paragliders,20245767
927444.4635941545,6478016.964034602,1531918592.0,paragliders,20245767
927442.7994002821,6478003.815346556,1531918592.0,paragliders,20245767
927403.4795526266,6477958.813643738,1531918592.0,paragliders,20245767
927321.7049072561,6477891.249724865,1531918592.0,paragliders,20245767
927306.7977638771,6477868.392477162,1531918592.0,paragliders,20245767
927259.9137836737,6477788.362365753,1531918592.0,paragliders,20245767
926161.3548037239,6476215.114666528,1531918848.0,paragliders,20245767
926010.7623447909,6476298.51183146,1531916672.0,paragliders,20245874
926310.215393601,6476589.110251576,1531917056.0,paragliders,20245874
926210.1142812733,6476596.730292399,1531918848.0,paragliders,20245874
926184.3409320969,6476606.552158512,1531919104.0,paragliders,20245874
926219.6198715098,6476643.021214288,1531919104.0,paragliders,20245874
926716.4581212221,6476908.67143968,1532000768.0,paragliders,20245934
926345.9249559036,6476777.639819478,1532610304.0,paragliders,20246760
926065.7589041665,6475290.032900861,1533130808.6119463,paragliders,20247887
925568.1152059543,6475049.647662898,1532611200.0,paragliders,20247947
927163.0785428098,6477588.119856311,1533297536.0,paragliders,20248135
925008.2770338312,6479009.854321211,1533298560.0,paragliders,20248463
926188.6674374931,6475902.796086314,1534425344.0,paragliders,20251084
926195.0298653636,6475916.042084967,1534425344.0,paragliders,20251084
929107.457943802,6478242.572227583,1536068352.0,paragliders,20251586
926790.5095355998,6477109.447804998,1536497536.0,paragliders,20252267
926662.8349275389,6477037.21132001,1536501376.0,paragliders,20252404
925910.3396218983,6476016.02029256,1536669824.0,paragliders,20252672
925929.3397657692,6476013.819315819,1536669824.0,paragliders,20252672
925969.1829627737,6475988.4215413155,1536669824.0,paragliders,20252672
925895.3072954428,6476025.189718082,1536669824.0,paragliders,20252672
926255.9382683906,6476750.639700678,1536670208.0,paragliders,20252672
926974.0799898722,6477270.195675872,1536670464.0,paragliders,20252672
926867.0438846109,6477268.601724023,1536499072.0,paragliders,20252782
926849.7296743966,6477217.588973989,1536498304.0,paragliders,20252809
926905.3028907448,6477198.397797935,1536498048.0,paragliders,20252811
928492.2058566342,6477267.504473363,1536845440.0,paragliders,20252825
926563.2912591442,6476796.615168072,1537360640.0,paragliders,20253388
926205.4458397448,6476470.497757381,1537361408.0,paragliders,20253394
926135.3555480896,6476588.119973018,1537358592.0,paragliders,20253395
925812.1001953117,6475641.473890245,1537357952.0,paragliders,20253434
927219.9483828954,6477027.442465351,1535459584.0,paragliders,20254013
927159.4091872012,6477047.564119903,1535459584.0,paragliders,20254013
926891.4587189576,6477116.001264416,1537358208.0,paragliders,20254963
925910.6142803833,6475305.128561408,1551790592.0,paragliders,20257239
926374.8260857444,6476669.594193115,1553265920.0,paragliders,20257649
926476.1166962222,6476917.660823326,1553352192.0,paragliders,20257775
926391.9724605586,6476867.476709593,1553352192.0,paragliders,20257775
926592.1989472498,6476970.66145008,1553352576.0,paragliders,20257775
926221.3818278727,6476604.216212542,1553350400.0,paragliders,20257805
926691.465743161,6477069.1945596505,1553351040.0,paragliders,20257824
925202.1858467465,6479038.320668588,1553356928.0,paragliders,20257824
926711.5815925957,6477143.423953932,1553351040.0,paragliders,20257934
926583.1327273429,6476960.5120220985,1553348480.0,paragliders,20257953
926590.407204841,6476958.000575857,1553348480.0,paragliders,20257953
926595.8823485778,6476953.853105247,1553348480.0,paragliders,20257953
926586.5865860726,6476892.642616507,1553348480.0,paragliders,20257953
926586.263288951,6476921.333390314,1553348480.0,paragliders,20257953
926397.7472585848,6476755.304204337,1553347968.0,paragliders,20257975
926538.8399312175,6476958.685131246,1553348224.0,paragliders,20257975
926578.1610033098,6476916.164446935,1553348224.0,paragliders,20257975
926545.7652677994,6476912.67879531,1553348224.0,paragliders,20257975
926540.767277314,6476915.194224594,1553348224.0,paragliders,20257975
926534.8673516802,6476923.974262472,1553348224.0,paragliders,20257975
926908.3534097091,6477190.157618931,1553436032.0,paragliders,20258032
926208.1675287384,6476641.243420547,1553433856.0,paragliders,20258087
926731.0411216937,6477036.155568213,1553437184.0,paragliders,20258117
926905.1388775607,6477203.942878704,1553437440.0,paragliders,20258117
926960.5740153436,6477148.250149435,1553437440.0,paragliders,20258117
926344.9735517174,6476773.445080724,1553435392.0,paragliders,20258133
926474.1976661639,6476633.780314349,1553435520.0,paragliders,20258133
926758.3277086905,6477099.767052257,1553437312.0,paragliders,20258169
926190.3839188514,6476552.842605242,1553433984.0,paragliders,20258303
926130.9428849077,6476449.3587937495,1553351552.0,paragliders,20258359
926153.3620747806,6476490.242397653,1553351552.0,paragliders,20258359
926281.6405611428,6476677.177266019,1553351680.0,paragliders,20258359
926355.9809247031,6476828.952201418,1553433088.0,paragliders,20258389
926778.6704436335,6476987.895282107,1553346304.0,paragliders,20258391
926751.4134065236,6477039.212491115,1553346304.0,paragliders,20258391
926745.2104813153,6477038.506924645,1553346304.0,paragliders,20258391
926176.5964780718,6476558.285638908,1553434368.0,paragliders,20258410
926184.32692292,6476584.471439252,1553434368.0,paragliders,20258410
926220.6764264794,6476590.052751496,1553434368.0,paragliders,20258410
926235.6421835496,6476571.791874977,1553434368.0,paragliders,20258410
926174.0146991528,6476595.179431772,1553434368.0,paragliders,20258410
926242.5861159711,6476617.3901598435,1553434368.0,paragliders,20258410
926224.1125425393,6476600.277345999,1553434368.0,paragliders,20258410
926789.797313462,6477111.042692273,1553437312.0,paragliders,20258442
926247.0459681926,6476676.597920607,1553435008.0,paragliders,20258456
926281.6717923552,6476667.860798033,1553435008.0,paragliders,20258456
926310.0397606024,6476717.283236429,1553435008.0,paragliders,20258456
926334.9839887512,6476743.813465055,1553435008.0,paragliders,20258456
926346.3976321378,6476754.559880559,1553435008.0,paragliders,20258456
926410.8069510938,6476809.759992155,1553435008.0,paragliders,20258456
926435.4177052754,6476831.338346645,1553435008.0,paragliders,20258456
926507.4720436481,6476877.902241052,1553435008.0,paragliders,20258460
926485.4027883257,6476853.659982421,1553434880.0,paragliders,20258462
926556.8455522291,6476938.168452577,1553352832.0,paragliders,20258518
926218.5482807186,6476622.175972973,1553433856.0,paragliders,20258519
926135.7230361704,6476284.641770987,1553777792.0,paragliders,20258641
926470.519410016,6476823.885393521,1553771776.0,paragliders,20258648
926085.9971694375,6476356.717340726,1553777920.0,paragliders,20258651
926366.8600850276,6476804.756769306,1553779840.0,paragliders,20258720
926636.8140291013,6476964.439550404,1553861143.045031,paragliders,20258904
926804.7683818,6477072.381719711,1553949440.0,paragliders,20259049
926604.2627609976,6477043.664579597,1553947904.0,paragliders,20259169
927484.7562816392,6479860.433674788,1553948288.0,paragliders,20259169
927193.0481117977,6477813.26960268,1553952512.0,paragliders,20259169
927437.533557169,6479694.3066691095,1553948672.0,paragliders,20259274
927465.6513759961,6479864.535204474,1553949824.0,paragliders,20259309
927375.462878993,6478862.813877591,1553953536.0,paragliders,20259317
927381.5852206467,6478837.317660395,1553953536.0,paragliders,20259317
927432.967252313,6478855.337422409,1553953536.0,paragliders,20259317
926936.2475782436,6477436.096023821,1553953792.0,paragliders,20259317
926918.2276611124,6477260.07364429,1553947776.0,paragliders,20259347
927009.6236710799,6477223.183052473,1554036864.0,paragliders,20259520
926369.5120054736,6476792.089777438,1554036224.0,paragliders,20259550
926668.0863128703,6477066.950736811,1554033536.0,paragliders,20259638
926687.831291088,6477088.645394902,1554033536.0,paragliders,20259638
926709.003118088,6477105.65942166,1554033536.0,paragliders,20259638
926747.0749493791,6477136.568813231,1554033536.0,paragliders,20259638
926831.2400614038,6477214.082093749,1554033536.0,paragliders,20259638
926701.9412617661,6476938.967872205,1553951488.0,paragliders,20259652
926865.9224336772,6477161.130909826,1554040576.0,paragliders,20259690
926784.8910398834,6477205.7254473595,1554033792.0,paragliders,20259734
926352.9049216731,6476821.032266496,1554030336.0,paragliders,20259775
926424.3499998794,6476800.227344677,1554030976.0,paragliders,20259796
926539.1510560222,6476944.063655638,1554030976.0,paragliders,20259796
926584.9186579357,6476992.724415897,1554030976.0,paragliders,20259796
926676.7726696787,6477141.865807241,1554030976.0,paragliders,20259796
926739.8894645256,6477195.766679255,1554030976.0,paragliders,20259796
926013.7698129272,6476307.528145491,1554034432.0,paragliders,20259915
926880.314249934,6477299.859065068,1554034560.0,paragliders,20259915
926802.4165691874,6477076.223014582,1553951488.0,paragliders,20259935
926245.4759253878,6476594.887209846,1553780608.0,paragliders,20260231
926060.8521303125,6476420.616742923,1554034432.0,paragliders,20260473
927559.3389581473,6479867.771932726,1554814592.0,paragliders,20260499
926853.5464907425,6476599.293439168,1554813696.0,paragliders,20260546
927376.6136730696,6478229.754748414,1554814208.0,paragliders,20260546
927998.6159929034,6477040.624099432,1554813312.0,paragliders,20260607
927351.9191001514,6478240.975168863,1555497600.0,paragliders,20261212
927037.6493352188,6477582.00951259,1555501440.0,paragliders,20261224
927042.8697799549,6477587.482062444,1555501440.0,paragliders,20261224
927169.4859337091,6477723.756888393,1555501440.0,paragliders,20261224
927512.1773991504,6479985.957950758,1555501696.0,paragliders,20261246
927587.4447414388,6479968.843998235,1555501056.0,paragliders,20261271
925934.3333402746,6475604.432138395,1555499776.0,paragliders,20261279
925257.0958136816,6478124.189109654,1555678336.0,paragliders,20261757
927982.6451016815,6475659.069569019,1555941376.0,paragliders,20262183
927971.4520221265,6475667.26168672,1555941376.0,paragliders,20262183
927959.0064036507,6475683.678312941,1555941376.0,paragliders,20262183
927106.0343003098,6477110.816951064,1555757696.0,paragliders,20262212
927020.4795486167,6477427.146544704,1556022400.0,paragliders,20262402
926961.5732325894,6477418.2371530095,1556022400.0,paragliders,20262402
925241.1974964837,6479196.855158589,1556721408.0,paragliders,20262877
926726.918353367,6476984.071445792,1556715008.0,paragliders,20262916
926900.7472632308,6477203.624087571,1556715904.0,paragliders,20263018
926936.9020262309,6477510.506761251,1557492864.0,paragliders,20263900
926935.063940462,6477483.845643563,1557492864.0,paragliders,20263900
926958.6849352486,6477518.448051451,1557492992.0,paragliders,20263900
925938.3609281873,6475803.4919634545,1557491072.0,paragliders,20263923
926371.0925438183,6476759.425397757,1557494656.0,paragliders,20263923
925963.5223855417,6476074.959527887,1557494784.0,paragliders,20263923
925823.269793905,6475615.009699231,1557489408.0,paragliders,20263951
927248.4277300781,6477748.686539353,1557490944.0,paragliders,20263970
926085.995064618,6476464.3495944515,1558010112.0,paragliders,20264300
926603.6739729359,6476915.198797753,1558007424.0,paragliders,20264347
926138.3591602491,6476678.351248547,1558009344.0,paragliders,20264382
927308.4411721604,6478300.492820534,1558009728.0,paragliders,20264382
926905.5362174661,6477257.794592893,1558611200.0,paragliders,20264917
926650.8687421788,6477132.28743238,1558612992.0,paragliders,20264958
926708.6595432688,6477194.811604786,1558612992.0,paragliders,20264958
926725.3552270395,6477204.918089347,1558613095.2292213,paragliders,20264958
926727.0464179011,6477206.210820258,1558613120.0,paragliders,20264958
926970.9828737988,6476909.86027941,1558611840.0,paragliders,20265018
926229.5229232966,6476685.233999985,1559299200.0,paragliders,20265569
926782.0461527698,6477257.069099717,1559299328.0,paragliders,20265569
926871.2266297692,6477097.0053979745,1559303296.0,paragliders,20265761
925187.9003960991,6479254.937325747,1559399808.0,paragliders,20265929
926848.0415346661,6475534.153579067,1559402368.0,paragliders,20266066
925603.3019734089,6475215.194901118,1559303296.0,paragliders,20266420
925611.304225082,6475233.50739251,1559303296.0,paragliders,20266420
926786.6888730356,6477245.831040655,1559303040.0,paragliders,20266967
926809.1539204104,6477305.1212342745,1559303040.0,paragliders,20266967
925968.9438156782,6475972.18026598,1558612096.0,paragliders,20267278
926808.7025019616,6477197.116957985,1558612480.0,paragliders,20267278
925239.0755712208,6479412.272886973,1559399680.0,paragliders,20267499
927541.9137535761,6479795.126524362,1559998976.0,paragliders,20267722
926781.005044022,6477143.675630266,1562333056.0,paragliders,20270064
926503.2250843144,6476847.689922607,1562329728.0,paragliders,20270143
926514.2627696355,6476868.2358712545,1562587008.0,paragliders,20270415
926720.6637103633,6476740.746308983,1563282304.0,paragliders,20271120
928241.5937439409,6476016.393896594,1563279616.0,paragliders,20271121
927395.0661032288,6479834.750373812,1563280384.0,paragliders,20271121
927450.2316430936,6479780.779298512,1563280768.0,paragliders,20271173
927161.63757029,6477749.607410155,1563281024.0,paragliders,20271187
926473.9255997606,6476774.658141915,1563376512.0,paragliders,20271483
926346.2094999703,6476746.670198735,1563535872.0,paragliders,20271661
926823.2926177563,6477144.275139842,1563535872.0,paragliders,20271683
926195.3635788531,6476509.691262894,1563540096.0,paragliders,20273048
926144.5367223442,6476530.538453104,1563540096.0,paragliders,20273048
926147.0055344062,6476575.700749383,1563540096.0,paragliders,20273048
927352.9968123159,6478405.024899092,1563540480.0,paragliders,20273048
927308.2619976535,6478415.317426912,1563540480.0,paragliders,20273048
926889.114356995,6477163.907726914,1563543040.0,paragliders,20273048
926848.4460523125,6477248.033127059,1565267995.184513,paragliders,20273855
926310.0104413303,6476736.284609832,1565957888.0,paragliders,20274574
927558.7871112054,6479981.682584812,1565958400.0,paragliders,20274574
926365.1630732032,6476761.06677367,1566656640.0,paragliders,20275172
926746.1068040242,6477106.875978455,1566655744.0,paragliders,20275274
926405.6736871207,6476726.963385511,1566653056.0,paragliders,20275553
926875.1545985364,6477206.8007914685,1566654848.0,paragliders,20275553
926517.1518642036,6476457.270642583,1567083008.0,paragliders,20276152
927406.8845339697,6478217.715870209,1567256576.0,paragliders,20276365
927426.9793630043,6478233.484250581,1567256576.0,paragliders,20276365
927472.0115974774,6478215.4730631625,1567256576.0,paragliders,20276365
926901.3370406224,6477304.0336144725,1568972544.0,paragliders,20277896
926958.3332691514,6477310.550808892,1568972544.0,paragliders,20277896
926908.8126838391,6477340.149045251,1568972544.0,paragliders,20277896
927123.4423175934,6477777.120936206,1568972544.0,paragliders,20277896
927113.9846155703,6477739.316528603,1568972544.0,paragliders,20277896
927092.9495715774,6477783.1542101735,1568972544.0,paragliders,20277896
926758.925818365,6477209.827556598,1568640768.0,paragliders,20278006
927125.4193769655,6477530.652905454,1569677056.0,paragliders,20278083
926660.9700278034,6477022.496292225,1584190976.0,paragliders,20280322
926390.3266548073,6476681.706974628,1590059904.0,paragliders,20280932
926940.1662033175,6477287.27711059,1590060544.0,paragliders,20280941
926230.8350247202,6476669.418641583,1590060672.0,paragliders,20280941
927045.7501618463,6477627.777671731,1590060032.0,paragliders,20280947
926304.9453815097,6476549.368509527,1590068864.0,paragliders,20281005
926460.2094698489,6476790.711111839,1590060032.0,paragliders,20281047
926475.6973510055,6476801.658392002,1590060032.0,paragliders,20281047
926168.5023703398,6476534.347658516,1590060544.0,paragliders,20281156
926473.6362750801,6476881.010195622,1590060288.0,paragliders,20281305
926372.195880109,6476813.980012379,1590063360.0,paragliders,20281319
926489.1503608293,6476832.6019387,1590066048.0,paragliders,20281362
926903.4495080608,6477104.340644514,1590069248.0,paragliders,20281362
926510.2016873773,6476879.979305049,1590064256.0,paragliders,20281368
925757.9641007527,6475641.478846065,1590062720.0,paragliders,20281369
926515.4196354606,6476854.265844562,1590063173.0514953,paragliders,20281369
926492.8942434639,6476845.543616899,1590061312.0,paragliders,20281498
926462.3102043236,6476862.459841124,1590061312.0,paragliders,20281498
926425.5663686213,6476802.290835162,1590061312.0,paragliders,20281498
926452.2373036582,6476808.544454469,1590061312.0,paragliders,20281498
926453.3358190302,6476836.590781072,1590061312.0,paragliders,20281498
926449.449354504,6476844.401090113,1590061312.0,paragliders,20281498
926410.3883091394,6476848.426045898,1590061312.0,paragliders,20281498
926028.1160552814,6476498.911991128,1590585728.0,paragliders,20281872
926141.2634763943,6475225.504087809,1590582784.0,paragliders,20281891
927076.4116467552,6476840.175424577,1590406144.0,paragliders,20281916
926937.4874211781,6477214.6708447905,1590579712.0,paragliders,20281931
926068.3054601297,6476571.859140842,1590576512.0,paragliders,20281964
925706.8112441205,6475309.977414411,1590576384.0,paragliders,20282006
926474.7227435189,6476824.186054368,1590060288.0,paragliders,20282021
925632.0746928707,6475032.184957903,1590578688.0,paragliders,20282038
925913.3223749074,6475419.2424643105,1590837888.0,paragliders,20282305
928178.8981646145,6475298.485233791,1590839296.0,paragliders,20282418
927793.6784429357,6476625.066534671,1590840960.0,paragliders,20282418
927808.5328450198,6476569.777534776,1590840960.0,paragliders,20282418
927774.368470602,6476521.311500135,1590840960.0,paragliders,20282418
926714.6728629796,6476968.102483158,1590928000.0,paragliders,20282552
927463.0278632708,6479360.171230731,1590925312.0,paragliders,20282566
926000.1949635284,6476033.061342926,1590927232.0,paragliders,20282602
926906.7791919996,6476689.633191333,1590927872.0,paragliders,20282618
926671.6410382297,6476946.994421651,1590929664.0,paragliders,20282636
927494.4669332511,6479638.99696537,1590925312.0,paragliders,20282668
926112.4279405961,6476366.978214303,1590927232.0,paragliders,20282676
926793.3605884931,6477178.844755358,1590919680.0,paragliders,20282712
927417.0176385057,6478314.359952672,1590924288.0,paragliders,20282746
927522.1878138314,6479959.519488977,1590924032.0,paragliders,20282764
925951.9626890592,6475633.377430923,1590924160.0,paragliders,20282865
927375.5701716561,6478366.88029182,1590924800.0,paragliders,20282865
927548.2106453325,6478242.920299306,1590924288.0,paragliders,20282895
926084.6474154464,6476356.03285289,1591013504.0,paragliders,20282897
926988.6795786698,6477130.418980135,1591011072.0,paragliders,20282975
926488.7812567386,6476818.963652856,1590053632.0,paragliders,20283079
926522.0993324085,6476958.014588192,1590928000.0,paragliders,20283093
925936.19827849,6475738.831670473,1592649984.0,paragliders,20284297
926684.466097539,6476987.749504895,1593004032.0,paragliders,20284547
927413.2467634449,6478218.172905255,1593087232.0,paragliders,20284746
927405.6010628666,6478134.769692341,1593087232.0,paragliders,20284939
927382.805056511,6478168.804424071,1593087232.0,paragliders,20284942
927389.9959291269,6478129.354518669,1593087232.0,paragliders,20284947
927380.769693144,6478142.041118105,1593087232.0,paragliders,20284947
927372.872567495,6478152.0353775,1593087232.0,paragliders,20284947
926789.2040610455,6477003.521559602,1593087232.0,paragliders,20284957
927381.7900329471,6476848.422563344,1593091840.0,paragliders,20284957
926915.9391620231,6476903.348474398,1593088000.0,paragliders,20284979
927441.0554238865,6476811.8784656655,1593091968.0,paragliders,20285015
926919.1364575536,6477181.502739812,1590066816.0,paragliders,20285016
928214.8598770952,6475278.280470814,1593092736.0,paragliders,20285017
927115.1527665971,6477504.684390752,1593093120.0,paragliders,20285017
925725.7072351548,6475074.23786825,1593085440.0,paragliders,20285746
926229.9548940839,6476609.460532896,1594208896.0,paragliders,20286061
926217.4437835587,6476626.879115734,1594208896.0,paragliders,20286061
926859.4036244068,6477093.875449243,1594209152.0,paragliders,20286061
927421.0893532466,6478202.994147607,1594212096.0,paragliders,20286061
926715.2764834886,6477149.458216521,1594212352.0,paragliders,20286061
925779.5352618013,6475592.45047136,1594209280.0,paragliders,20286075
925851.0529799208,6475734.41029154,1594209280.0,paragliders,20286075
926280.4561567949,6476619.469471289,1594210048.0,paragliders,20286240
926885.6328777947,6477270.898277686,1594210304.0,paragliders,20286240
926175.1447262567,6476575.123174595,1594555904.0,paragliders,20286471
926923.8962004066,6476995.678842766,1594726784.0,paragliders,20286897
926655.012566937,6477044.164744783,1594637952.0,paragliders,20287043
926545.2291699814,6476878.473082071,1594557440.0,paragliders,20287160
926572.4331925085,6476820.153388511,1594557440.0,paragliders,20287160
926513.1679176101,6476851.587543225,1594557440.0,paragliders,20287160
926807.8351308451,6477229.487089713,1594557568.0,paragliders,20287160
926090.7141874013,6476556.48119761,1594557824.0,paragliders,20287161
925777.0277423027,6475375.990368135,1594556032.0,paragliders,20287164
927620.4316695612,6479912.35095837,1594642432.0,paragliders,20287218
926763.2883204991,6476944.886004082,1595160960.0,paragliders,20287438
926867.0358682763,6477831.663953775,1595167104.0,paragliders,20287577
925783.7813300787,6475056.3442805465,1595159680.0,paragliders,20287591
926288.6863148103,6476640.384534669,1595163776.0,paragliders,20287702
925711.0771937998,6475017.914163506,1594640128.0,paragliders,20287769
927589.4552074649,6478585.532577302,1595505408.0,paragliders,20288236
926708.6362874345,6477015.734999826,1595504256.0,paragliders,20288242
926007.265940832,6476478.322685176,1595509120.0,paragliders,20288263
926032.2935367449,6476470.376119283,1595509120.0,paragliders,20288263
925954.572889577,6475896.255784335,1595676544.0,paragliders,20288421
925953.152032936,6475887.657408742,1595676544.0,paragliders,20288421
925954.2408483546,6475881.598997578,1595676544.0,paragliders,20288421
925979.0059313627,6475877.914540834,1595676544.0,paragliders,20288421
926755.019596361,6477051.77922087,1595681792.0,paragliders,20288427
925946.3745279383,6476163.4352887245,1595673600.0,paragliders,20288493
926070.6654871947,6476224.195776853,1595673600.0,paragliders,20288493
926169.5798817959,6476418.117366036,1595673728.0,paragliders,20288493
925719.7255359507,6475295.380203741,1595673856.0,paragliders,20288584
926993.2268289556,6477579.458811214,1595686272.0,paragliders,20288658
925302.544440981,6478819.049477552,1596730368.0,paragliders,20289945
925184.8746936001,6479031.668533639,1596728960.0,paragliders,20289978
925209.2550685289,6479487.4292224115,1596728832.0,paragliders,20289985
925185.097267433,6479473.317772805,1596728832.0,paragliders,20289985
926515.4453602638,6476848.037733976,1596808704.0,paragliders,20290048
926778.6499107517,6477044.107346451,1596809728.0,paragliders,20290048
925844.8036202504,6475641.381343516,1596808192.0,paragliders,20290099
926388.6092684582,6476753.483873964,1596808448.0,paragliders,20290099
926411.382215854,6476714.687273856,1596808448.0,paragliders,20290099
926360.6677204693,6476725.736376148,1596808448.0,paragliders,20290099
926163.2850446638,6476575.450410739,1596976256.0,paragliders,20290658
926620.8021803952,6476917.861394937,1597497600.0,paragliders,20291238
926062.4928357815,6476380.897450356,1597495680.0,paragliders,20291346
926326.8549869688,6476397.836383937,1597156608.0,paragliders,20291424
926334.1624391377,6476381.763756897,1597156608.0,paragliders,20291424
926332.5644489259,6476350.493167174,1597156608.0,paragliders,20291424
926471.6211098946,6476863.645721011,1597495552.0,paragliders,20291498
927399.3984410912,6478209.306603459,1597495552.0,paragliders,20291504
926429.9493763037,6476767.903467336,1597495514.8401322,paragliders,20291512
925996.4377916327,6476325.956046162,1597493632.0,paragliders,20291518
927321.7451052674,6476228.199733904,1597755008.0,paragliders,20291629
926863.4775176933,6477117.628696752,1598445824.0,paragliders,20292021
926270.937759935,6476720.945928396,1598452608.0,paragliders,20292030
926902.3149969846,6477374.251641752,1598529280.0,paragliders,20292127
927377.6318840005,6478044.287206868,1598529536.0,paragliders,20292167
926304.0356075581,6476773.643195621,1599310592.0,paragliders,20293053
927028.777817565,6477149.462443179,1599316096.0,paragliders,20293054
926320.1382425565,6476763.115349934,1599311616.0,paragliders,20293056
926548.2301517153,6476914.435769381,1599911808.0,paragliders,20293462
926752.4396182799,6476978.5508491,1600172544.0,paragliders,20294076
925213.9884792822,6479480.974844876,1614523136.0,paragliders,20296914
926712.3991479131,6477053.120191168,1614865408.0,paragliders,20297082
926284.4017881566,6476764.694612096,1614864896.0,paragliders,20297088
926645.4371565235,6477069.140578274,1614865024.0,paragliders,20297088
926675.0709444738,6477110.194540609,1614865024.0,paragliders,20297088
926773.2921949115,6477229.272602059,1614865152.0,paragliders,20297088
926842.0496460715,6477282.886676134,1614865152.0,paragliders,20297088
926906.8964866755,6477256.170120119,1614866560.0,paragliders,20297109
926521.7894362148,6476817.723766605,1614867072.0,paragliders,20297109
926499.0498697861,6476896.468338616,1614867456.0,paragliders,20297118
926328.1508254416,6476766.205920172,1614867712.0,paragliders,20297124
926329.0109477668,6476775.442185773,1614867712.0,paragliders,20297124
926291.85090994,6476742.097780446,1614867712.0,paragliders,20297124
926489.9211135239,6476811.73156278,1614868480.0,paragliders,20297124
926571.8042350791,6476950.704814733,1614866816.0,paragliders,20297132
927231.4666154649,6477856.224746025,1616675840.0,paragliders,20297975
926559.5748482785,6477003.136924029,1617027200.0,paragliders,20298337
926542.8048015601,6477008.423534712,1617027200.0,paragliders,20298337
926528.841413444,6476985.083789922,1617027200.0,paragliders,20298337
926513.9961011016,6476979.811770652,1617027200.0,paragliders,20298337
926542.6475001188,6476978.395707951,1617027200.0,paragliders,20298337
926683.7271903801,6477112.597016097,1617112832.0,paragliders,20298457
926009.166577577,6476081.405656402,1616674432.0,paragliders,20298538
925186.3372537397,6479195.5045041535,1617287296.0,paragliders,20298822
926862.7021037295,6477203.435362231,1617277568.0,paragliders,20299048
926747.2685869832,6477196.726450057,1617279872.0,paragliders,20299169
925296.6812401902,6478737.168350227,1617286400.0,paragliders,20299460
927547.7326428866,6477791.976329897,1620042496.0,paragliders,20300091
929223.3111792381,6479590.440189425,1620044416.0,paragliders,20300091
928990.9494513328,6478381.447044919,1620040832.0,paragliders,20300108
927510.1558710351,6479930.979625891,1620046592.0,paragliders,20300108
925730.2148759303,6475297.423070031,1620050432.0,paragliders,20300221
925718.6382025653,6475296.001915123,1620050432.0,paragliders,20300221
925692.8910407749,6475330.008354908,1620050432.0,paragliders,20300221
929115.7792342483,6478264.091730959,1620040832.0,paragliders,20300223
926612.3300385795,6477006.83352042,1620042752.0,paragliders,20300235
926031.9203666756,6475948.797144301,1620044672.0,paragliders,20300272
926878.9924804969,6477193.013496202,1620044928.0,paragliders,20300272
926104.5776363447,6475851.594383779,1620045824.0,paragliders,20300278
927014.3753679999,6477467.6986620985,1621777408.0,paragliders,20300807
925993.4486566923,6476082.206731121,1622031488.0,paragliders,20300961
926723.0518574528,6476979.805246271,1621774336.0,paragliders,20300964
929526.6883277204,6477096.863652444,1621943168.0,paragliders,20301022
926911.9119073291,6477216.514676994,1622030720.0,paragliders,20301079
925773.5252250253,6475503.400363593,1622038400.0,paragliders,20301097
926901.194159804,6477193.121660538,1622033024.0,paragliders,20301104
926073.7349935932,6476486.630888007,1622206336.0,paragliders,20301386
925576.6668389502,6475104.776770513,1622201344.0,paragliders,20301499
925525.2176098393,6475101.24846965,1622201472.0,paragliders,20301499
925521.6814260005,6475073.809727823,1622201472.0,paragliders,20301499
927157.034328747,6477472.707332223,1622201856.0,paragliders,20301499
927200.8303880292,6477537.193880724,1622201856.0,paragliders,20301499
925867.6443308697,6475789.512642648,1622375936.0,paragliders,20301699
926165.0778476069,6476471.983538936,1622376064.0,paragliders,20301699
927475.7900168252,6479757.110167918,1622376448.0,paragliders,20301699
927406.9926869812,6478920.6379903825,1622376448.0,paragliders,20301717
927436.2762528426,6478923.54547846,1622376448.0,paragliders,20301717
926130.9885833038,6476644.742494326,1622373504.0,paragliders,20301718
926947.1704824332,6477271.840103885,1622374272.0,paragliders,20301750
926900.5940222695,6477222.368791375,1622374144.0,paragliders,20301766
927041.4111504566,6477359.413377044,1622374400.0,paragliders,20301793
925854.7044200122,6475427.259972585,1622462976.0,paragliders,20301876
926574.6618971479,6476923.308481106,1622203776.0,paragliders,20302547
926491.135197489,6476835.390524002,1623500288.0,paragliders,20302983
926560.3097428838,6476811.130678541,1623500288.0,paragliders,20302983
926522.7627366142,6476801.534691304,1623500288.0,paragliders,20302983
926510.8854544399,6476825.607761486,1623500288.0,paragliders,20302983
926511.3372662729,6476832.011126718,1623500288.0,paragliders,20302983
926512.7557337318,6476838.346636121,1623500288.0,paragliders,20302983
926545.8207777248,6476871.8086046055,1623500288.0,paragliders,20302983
926405.6332081561,6476809.514424507,1623500032.0,paragliders,20303124
926146.3355597863,6476603.139721595,1623671552.0,paragliders,20303274
926855.2863624212,6477290.078804327,1623671680.0,paragliders,20303274
926564.0570376293,6475150.155170799,1623761536.0,paragliders,20303420
926228.1267819288,6476590.880818583,1623761024.0,paragliders,20303455
925562.7480391928,6475086.753157251,1623757312.0,paragliders,20303483
926874.8138133698,6477468.86829209,1623840768.0,paragliders,20303629
926850.3750690932,6477377.056012185,1623840768.0,paragliders,20303629
926842.0229139404,6477413.706670616,1623840768.0,paragliders,20303629
927128.0724949795,6477440.727188617,1623846400.0,paragliders,20303634
926516.6191102433,6476952.568483857,1623846656.0,paragliders,20303723
926842.9153450343,6477064.376132061,1623846528.0,paragliders,20303817
926667.6879875057,6477189.911808833,1617113088.0,paragliders,20303828
926768.8329595879,6477226.259487155,1617113088.0,paragliders,20303828
925894.1703049791,6475894.463988759,1623847680.0,paragliders,20303862
925907.2016593742,6475964.059752396,1623847680.0,paragliders,20303862
925921.6302182632,6476092.552641527,1623847680.0,paragliders,20303862
926423.4104828461,6476843.764306711,1623847808.0,paragliders,20303862
926646.9735522707,6477015.010262533,1623848064.0,paragliders,20303862
926622.5487616673,6476938.1632719,1623854336.0,paragliders,20303894
927035.0065275084,6477640.184268223,1623846912.0,paragliders,20303901
925792.0597996709,6475660.824996713,1623846528.0,paragliders,20304504
927019.0181772391,6477108.543769419,1625227008.0,paragliders,20304583
927021.0642896704,6477332.919553727,1625230336.0,paragliders,20304626
926975.0994856665,6477331.354583522,1625228928.0,paragliders,20304777
925261.4069442769,6478560.4647380095,1626871680.0,paragliders,20305769
927110.6702393303,6477085.223468568,1626961536.0,paragliders,20305850
927132.9188512082,6477103.063081474,1626961536.0,paragliders,20305850
927072.0904866641,6477105.503618286,1626961664.0,paragliders,20305850
926156.6005081285,6476664.201514787,1626956416.0,paragliders,20305885
926448.7031876117,6476799.6331273895,1626961152.0,paragliders,20305899
926642.4783495369,6477125.4340663655,1626959232.0,paragliders,20305994
927003.505864273,6477361.245776033,1626960768.0,paragliders,20306623
927094.1924043036,6477205.661555828,1630933376.0,paragliders,20309341
926890.2607366159,6477350.973701163,1630931200.0,paragliders,20309373
926738.9797739629,6477160.753129601,1630930432.0,paragliders,20309487
926671.8632720847,6476992.147934328,1631023488.0,paragliders,20309516
927148.3756752103,6477616.894863838,1625228544.0,paragliders,20309616
926910.5115849773,6477285.883470257,1635079168.0,paragliders,20312216
926395.1854763144,6476815.797860643,1645881088.0,paragliders,20314062
926719.1217139326,6477195.201171748,1645971072.0,paragliders,20314306
926726.0296846711,6477178.07744454,1645971072.0,paragliders,20314306
926752.2205814964,6477187.891850977,1645971072.0,paragliders,20314306
926899.8703939988,6477300.090968156,1646316928.0,paragliders,20314344
926909.1241125398,6477379.108183557,1646316928.0,paragliders,20314344
926906.7736676958,6477274.82333074,1646317056.0,paragliders,20314344
926327.3084955853,6476692.861486326,1646315648.0,paragliders,20314350
926504.4852094705,6476854.788774788,1646313600.0,paragliders,20314353
926936.7837983313,6477286.315491105,1646317184.0,paragliders,20314387
926872.6493342951,6477280.970581977,1646317184.0,paragliders,20314387
926824.3929538681,6477377.002425253,1646317184.0,paragliders,20314387
926343.5670050989,6476623.049724045,1646485504.0,paragliders,20314536
926806.0703239844,6477111.815886976,1646569344.0,paragliders,20314539
926184.8658351761,6476586.636273492,1646571392.0,paragliders,20314551
927324.6931972731,6478015.979406416,1646571648.0,paragliders,20314551
926579.6279293058,6476749.3893737225,1646573056.0,paragliders,20314559
926577.4992722168,6476668.984629206,1646573056.0,paragliders,20314559
926480.5814113668,6476655.694122001,1646574208.0,paragliders,20314705
926526.7365536677,6476736.77261268,1646574208.0,paragliders,20314705
926595.1089139801,6476970.8547949325,1646661248.0,paragliders,20314754
926888.4770740187,6477265.747631646,1646658944.0,paragliders,20314816
926205.1602712972,6476681.695023093,1646833536.0,paragliders,20314905
926963.5581897788,6477212.876662827,1646833920.0,paragliders,20314905
927025.9641074914,6477368.58314464,1646834304.0,paragliders,20314905
925965.8512947639,6475510.719127803,1646826496.0,paragliders,20314915
926009.905782428,6475594.247247537,1646826496.0,paragliders,20314915
926927.3080146571,6477355.697876478,1646826880.0,paragliders,20314915
926861.433923141,6477349.054265054,1646826880.0,paragliders,20314915
926926.2372605924,6477364.4212472355,1646826880.0,paragliders,20314915
926923.3402605687,6477342.367306188,1646826880.0,paragliders,20314915
927489.7977985217,6479777.546528003,1646830080.0,paragliders,20314936
925354.4031294342,6478971.482154291,1646319488.0,paragliders,20315033
926304.3160610817,6476657.630562466,1646832512.0,paragliders,20315036
927115.9741866039,6477684.941121267,1647689984.0,paragliders,20315201
927111.0589043732,6476964.589560474,1647697152.0,paragliders,20315207
926998.3597765958,6477279.899241676,1647697152.0,paragliders,20315207
926991.528157268,6477309.556720163,1647697152.0,paragliders,20315207
926947.8834917076,6476916.738996138,1647699456.0,paragliders,20315221
925963.6064943906,6475932.067785386,1647694336.0,paragliders,20315232
926357.4950450273,6476768.941184718,1647694592.0,paragliders,20315232
926856.5842484848,6477242.996134652,1647694208.0,paragliders,20315239
926848.5664907522,6477223.691327482,1647696256.0,paragliders,20315255
926908.7188444082,6477299.961468029,1647696384.0,paragliders,20315276
926861.5578891854,6477107.985144968,1647697536.0,paragliders,20315291
926985.3941289344,6477441.113725383,1647698560.0,paragliders,20315307
927087.3329351066,6477098.957467163,1647698048.0,paragliders,20315313
926154.105235628,6476505.294318049,1647693568.0,paragliders,20315315
926180.5738048075,6476508.614930085,1647693568.0,paragliders,20315315
926185.1455731891,6476472.95951727,1647693568.0,paragliders,20315315
926242.4131258948,6476643.620765302,1647693568.0,paragliders,20315315
926461.6525611095,6476866.164628154,1647693568.0,paragliders,20315315
926954.9527066691,6476680.747480549,1647868416.0,paragliders,20315339
926953.5490282483,6476680.154976546,1647868416.0,paragliders,20315339
926906.8533563607,6476751.230909406,1647868416.0,paragliders,20315339
926882.5107953213,6476707.260183036,1647868416.0,paragliders,20315339
926858.8550803148,6476742.6225795895,1647868544.0,paragliders,20315339
927022.1267096981,6477014.422793614,1647698816.0,paragliders,20315367
926711.8481263012,6476962.941124392,1647860992.0,paragliders,20315378
926899.2761373578,6477167.598033221,1647874816.0,paragliders,20315385
926362.7951344238,6476643.966973628,1647864960.0,paragliders,20315447
927082.8805552035,6477467.8346562125,1647866880.0,paragliders,20315447
926982.215845237,6476979.346734774,1647700224.0,paragliders,20315451
927114.2048452626,6476802.103982609,1647696512.0,paragliders,20315461
926949.5174791454,6477191.120391056,1647949696.0,paragliders,20315470
926410.7909740721,6476734.086802119,1647953792.0,paragliders,20315487
926950.2248246492,6477302.203789745,1647954944.0,paragliders,20315497
926428.2783860102,6476807.467935245,1647954176.0,paragliders,20315498
926834.9425688192,6477282.917581331,1647950720.0,paragliders,20315500
926839.5939700343,6477272.0346533945,1647950976.0,paragliders,20315504
926844.8394853503,6477047.218284321,1647950464.0,paragliders,20315507
926483.9084732805,6476892.598681117,1647954048.0,paragliders,20315508
927701.1075984121,6476844.455124364,1647952512.0,paragliders,20315509
927659.4958596324,6476854.987420443,1647952512.0,paragliders,20315509
927651.3054051768,6476881.892920862,1647952512.0,paragliders,20315509
927033.3358686254,6477210.0260650525,1647952640.0,paragliders,20315509
926412.5887417118,6476742.375557761,1647952896.0,paragliders,20315515
926047.6958241964,6476318.991668758,1647948672.0,paragliders,20315527
926059.947525987,6476334.405228058,1647948672.0,paragliders,20315527
926242.8182605066,6476816.770809097,1647959168.0,paragliders,20315534
926494.5732594361,6476947.994448918,1647959296.0,paragliders,20315534
926505.171887873,6476964.531471472,1647959296.0,paragliders,20315534
926514.8992729848,6476972.675779345,1647959296.0,paragliders,20315534
926605.4218947806,6477034.205713816,1647959296.0,paragliders,20315534
926890.1476524964,6477111.172303135,1647947520.0,paragliders,20315560
927024.2376964678,6477203.212818031,1647947904.0,paragliders,20315560
926963.0104448679,6477213.649645495,1647948032.0,paragliders,20315581
926498.6465930571,6476898.5042860685,1647957760.0,paragliders,20315586
926399.7544428296,6476777.389496504,1647955712.0,paragliders,20315631
926501.3938910115,6476921.17709717,1648038528.0,paragliders,20315660
926503.4253338198,6476889.058878598,1648038656.0,paragliders,20315660
926487.3908351989,6476877.359630019,1648038656.0,paragliders,20315660
926498.9824379263,6476909.699948586,1648041472.0,paragliders,20315660
926669.522360268,6477009.993113128,1648041216.0,paragliders,20315663
926884.3754975806,6477223.859789809,1646826880.0,paragliders,20315666
926985.1198524792,6477086.099341703,1647947008.0,paragliders,20315686
927437.4603482008,6478483.212854505,1647949824.0,paragliders,20315686
926620.6635395963,6476934.482473025,1647950080.0,paragliders,20315686
926509.3848966177,6476874.134004824,1648122752.0,paragliders,20315718
926230.0648351731,6476592.962405989,1648127488.0,paragliders,20315727
926914.0573163052,6477175.549603941,1648128768.0,paragliders,20315810
927015.4094067463,6476977.543999358,1648127104.0,paragliders,20315903
925999.2124124251,6476215.84843825,1648215680.0,paragliders,20315924
926020.5217212418,6476204.061837353,1648215680.0,paragliders,20315924
926465.9758464253,6476716.800796577,1648219136.0,paragliders,20315997
925737.0739051998,6475006.223714648,1648218496.0,paragliders,20316100
926276.1985734047,6476688.346045001,1648304896.0,paragliders,20316226
925922.0188274601,6476168.77505919,1648299648.0,paragliders,20316236
926365.4064826928,6475879.5958161205,1648299648.0,paragliders,20316313
927518.934078874,6479795.400223773,1648302720.0,paragliders,20316359
925962.8039862801,6475890.513416615,1647948672.0,paragliders,20316401
926132.4213879273,6476430.109557618,1647948800.0,paragliders,20316401
926111.1179786836,6476391.958000667,1647948800.0,paragliders,20316401
926090.0504534304,6476382.55796536,1647948800.0,paragliders,20316401
927306.2214186229,6477798.698517953,1647949056.0,paragliders,20316401
926977.0245093316,6477209.083619617,1647952896.0,paragliders,20316401
926963.8680149806,6477112.694074742,1647952896.0,paragliders,20316401
926905.6836694335,6477125.513796717,1647952925.990836,paragliders,20316401
927107.0297650454,6476871.2428555805,1647696640.0,paragliders,20316480
926947.3552489999,6477087.702847906,1647697408.0,paragliders,20316480
926914.1008254818,6477469.36353312,1648388608.0,paragliders,20316498
926506.8113584319,6476851.117882099,1648216960.0,paragliders,20316539
926833.1026941241,6477146.464722238,1648208512.0,paragliders,20316608
926725.2477290109,6477160.891993042,1647696000.0,paragliders,20316615
926708.3526379406,6477198.421363863,1647955456.0,paragliders,20316618
927503.5062575889,6479034.519779614,1648468608.0,paragliders,20316722
925987.1034367871,6475888.49194716,1647948672.0,paragliders,20316800
926903.6453989199,6477140.88438242,1647952896.0,paragliders,20316800
926644.9857068632,6476827.114016944,1648469120.0,paragliders,20316811
926192.229554137,6476477.969457307,1648130048.0,paragliders,20316822
926944.8048895855,6477250.402610649,1647698304.0,paragliders,20316878
926896.9546270241,6476945.352827204,1647699456.0,paragliders,20316878
927424.662651934,6479472.554832608,1648305152.0,paragliders,20316990
926659.1687888821,6477262.82952146,1648477312.0,paragliders,20316999
926266.21444042,6476681.814636055,1649853440.0,paragliders,20317637
926893.147079354,6477203.203865821,1649940864.0,paragliders,20317667
926859.0206971403,6477298.27740107,1649940992.0,paragliders,20317667
926925.823703718,6477271.111291686,1649944832.0,paragliders,20317667
926910.9801144145,6477190.8855738705,1649944832.0,paragliders,20317667
926883.255401205,6477190.763124286,1650278656.0,paragliders,20318116
925972.5207591978,6476071.06506598,1650198400.0,paragliders,20318316
926058.1448274497,6476018.212146651,1651057152.0,paragliders,20319046
926903.8237159156,6477317.67603809,1651060608.0,paragliders,20319046
926897.8126814247,6477202.83215814,1651062016.0,paragliders,20319126
926603.1886143708,6476926.673868328,1651229700.8597078,paragliders,20319482
927283.8699543594,6478309.871029928,1651060352.0,paragliders,20319806
926939.3017706275,6477561.247258131,1651060480.0,paragliders,20319806
926589.2940416287,6476986.4640593985,1651494784.0,paragliders,20319823
926233.6502611276,6475344.010588203,1651493760.0,paragliders,20319905
926752.3388654094,6477123.753423929,1651494272.0,paragliders,20319912
926925.6190634844,6477307.67190147,1651491840.0,paragliders,20320211
929815.1435016968,6479329.789957268,1651502464.0,paragliders,20320342
927409.3345527815,6477496.809333351,1652183296.0,paragliders,20320514
926716.0257758324,6477054.84026544,1652189824.0,paragliders,20320526
926568.6446049983,6476447.456972021,1652182784.0,paragliders,20320529
926992.8504787168,6477172.702013799,1652184064.0,paragliders,20320533
926972.311405793,6477180.743694716,1652183424.0,paragliders,20320574
927714.8978566282,6477740.460114981,1652183296.0,paragliders,20320596
926991.2927075638,6477354.838287704,1652184192.0,paragliders,20320603
927054.7298649905,6477293.063041812,1652183936.0,paragliders,20320647
927099.9925449524,6477194.488657315,1652183680.0,paragliders,20320653
927158.3012266255,6477669.546893303,1652182528.0,paragliders,20320659
926944.0144321063,6477339.869933766,1652184064.0,paragliders,20320661
926254.2152014694,6476479.444603241,1652182528.0,paragliders,20320670
926957.396349037,6477344.105505047,1652184320.0,paragliders,20320678
926743.3793189576,6477035.754628867,1652179200.0,paragliders,20320683
926015.8900811098,6476114.66254767,1652182144.0,paragliders,20320699
927147.0451833304,6477590.58749293,1652182528.0,paragliders,20320699
927189.9721761162,6477690.026511956,1652182528.0,paragliders,20320704
927080.3746179533,6477341.306821855,1652183808.0,paragliders,20320729
927148.4984186164,6477121.261568744,1652185600.0,paragliders,20320729
925139.488651945,6477753.172895588,1652182016.0,paragliders,20320756
925086.3906960157,6477788.709920327,1652182016.0,paragliders,20320756
925093.0565548509,6477745.0953943785,1652182016.0,paragliders,20320756
926675.8146735878,6476680.944632265,1652181504.0,paragliders,20320771
926145.8445994572,6476450.182886872,1652186880.0,paragliders,20320852
926113.2929664468,6476486.765458874,1652186880.0,paragliders,20320852
926338.9997947082,6476817.583084786,1652187008.0,paragliders,20320852
926752.7820025791,6477222.353672018,1651064832.0,paragliders,20320857
926278.8724224851,6476710.861197091,1652447488.0,paragliders,20320972
926786.1767127662,6477181.953697797,1652450944.0,paragliders,20320998
926401.4399858627,6476830.037420016,1652536320.0,paragliders,20321176
927884.3780482484,6477043.683678711,1652185344.0,paragliders,20321480
926706.0269903577,6476938.877656462,1652188416.0,paragliders,20321480
926842.6581705711,6476990.779302273,1651061120.0,paragliders,20321500
926823.083605917,6477093.207767819,1651061248.0,paragliders,20321500
925797.9347444127,6475447.409107929,1652784128.0,paragliders,20321653
925270.9844522433,6478125.550454766,1652799104.0,paragliders,20321756
926334.4562592895,6476799.053007208,1652791680.0,paragliders,20321860
927015.6880142654,6477541.621170411,1652878976.0,paragliders,20321942
927149.3425573804,6477169.51278303,1652184960.0,paragliders,20322023
925823.696058958,6476209.186344939,1652872064.0,paragliders,20322063
926171.0123636702,6476528.464295256,1652787200.0,paragliders,20322070
926817.134729909,6477169.0331318425,1652788352.0,paragliders,20322126
926882.0380959226,6477148.13565703,1652788352.0,paragliders,20322126
926824.7444011895,6477220.585684066,1652788480.0,paragliders,20322126
926804.1249831269,6477203.823158873,1652788480.0,paragliders,20322126
926808.4804607752,6477150.0817288365,1652788480.0,paragliders,20322126
926639.9677865253,6476914.458432282,1652179328.0,paragliders,20322145
926243.4265411051,6476394.539650573,1653571200.0,paragliders,20322640
925961.6491135858,6475407.864370458,1653569152.0,paragliders,20322660
926553.0222261901,6476688.371774668,1652192896.0,paragliders,20323350
926245.5193339833,6476460.688960865,1654517632.0,paragliders,20323394
925975.8000803331,6475894.179828889,1654517504.0,paragliders,20323415
926412.6296886259,6476759.8716179235,1654518272.0,paragliders,20323423
926370.0859442662,6476799.977758589,1654518272.0,paragliders,20323533
927002.2630746735,6477206.3304510275,1652185216.0,paragliders,20323649
926994.021944529,6477161.886939138,1652185856.0,paragliders,20323674
926312.9671594047,6476650.076352016,1655380736.0,paragliders,20324302
926838.2022250282,6477108.694942515,1657620992.0,paragliders,20326516
925554.6343257581,6475043.829081777,1657541248.0,paragliders,20327070
926845.2123366345,6477224.163157912,1658136832.0,paragliders,20327523
926503.1816281328,6476874.354116141,1658142080.0,paragliders,20327523
925613.5011177403,6475169.253761455,1658141696.0,paragliders,20327535
926827.4468518877,6477203.718995135,1658662144.0,paragliders,20328035
926032.1924566433,6476147.232509952,1658664064.0,paragliders,20328224
926962.3853903976,6477093.843294135,1658664320.0,paragliders,20328224
927509.5597848768,6479999.110006239,1658660608.0,paragliders,20328404
927496.1992002175,6478762.151866649,1659445120.0,paragliders,20329162
927594.0807016094,6476951.199150143,1659526784.0,paragliders,20329571
927285.4794025009,6478218.123531426,1659436800.0,paragliders,20329622
927281.6008648891,6478303.620204232,1659436800.0,paragliders,20329622
927252.7078378205,6478282.842861249,1659436800.0,paragliders,20329622
926849.9666694207,6477170.309402195,1659436928.0,paragliders,20329622
926939.3918064897,6477175.9268808635,1659536512.0,paragliders,20329761
927092.9861216504,6477125.890567944,1659526272.0,paragliders,20329770
926856.8328669296,6477279.546916166,1659436928.0,paragliders,20330163
926988.762807419,6477441.303418186,1659436928.0,paragliders,20330203
927495.8463517494,6479272.226353888,1659436672.0,paragliders,20330278
927488.5709844532,6479284.843379908,1659436672.0,paragliders,20330278
927361.1524600881,6478229.76868115,1659436928.0,paragliders,20330278
926656.8412814749,6476849.292445489,1659437312.0,paragliders,20330278
926004.3859690225,6475981.154273153,1659437568.0,paragliders,20330278
927314.6659321429,6478251.913415505,1659436800.0,paragliders,20330285
926922.8788176851,6477421.115661159,1659436928.0,paragliders,20330285
926942.801778089,6477392.992859174,1659436928.0,paragliders,20330285
926951.9871753504,6477415.11797859,1659436928.0,paragliders,20330285
926863.3547628828,6477405.130688844,1659436928.0,paragliders,20330285
926861.6384642654,6477391.423259172,1659436928.0,paragliders,20330285
926139.8213493681,6475183.336732211,1660220672.0,paragliders,20330561
929293.4695295783,6479988.215981511,1660223744.0,paragliders,20330609
927563.392460465,6478257.2173064565,1660395264.0,paragliders,20330811
927067.1545407224,6477437.569167192,1661431552.0,paragliders,20331641
926724.4120262729,6477043.711706973,1661776256.0,paragliders,20332168
926669.5422959737,6477095.344725529,1662295936.0,paragliders,20332645
926773.9624555741,6477055.850622142,1662296448.0,paragliders,20332651
926875.5951289001,6476982.886253598,1662296064.0,paragliders,20332746
927125.8930913234,6477614.053036392,1663851136.0,paragliders,20333582
926941.0385339395,6477043.086806757,1663853824.0,paragliders,20333582
926796.35864122,6477196.380379422,1663852160.0,paragliders,20333688
926897.0830045477,6477132.326244411,1663852288.0,paragliders,20333692
926594.1386538891,6476879.615267417,1675774976.0,paragliders,20336060
926954.2437284911,6477162.406544789,1678112512.0,paragliders,20337040
926903.6026244392,6477303.2652383335,1678111232.0,paragliders,20337110
926666.818401822,6477009.800430411,1678111616.0,paragliders,20337110
926988.7177848867,6477034.091165737,1678108288.0,paragliders,20337161
926189.2832968478,6476722.894429717,1679489920.0,paragliders,20337493
926912.0540012987,6477369.267036205,1679494912.0,paragliders,20337627
926409.0209122394,6476704.932280489,1680781696.0,paragliders,20337979
926857.612624533,6477243.051168118,1680781056.0,paragliders,20337995
927166.0910370852,6477734.524561047,1680780544.0,paragliders,20337999
926055.6236357768,6476377.342072288,1680781952.0,paragliders,20338005
926758.8098267387,6477126.641839848,1680780800.0,paragliders,20338043
926941.902725733,6477149.2146005845,1681043968.0,paragliders,20338349
926020.4666046097,6476059.7169385925,1681039360.0,paragliders,20338358
927192.4870494037,6477792.506918155,1681039744.0,paragliders,20338358
927315.9018686332,6477803.124105769,1681042304.0,paragliders,20338383
926542.0213508707,6476912.299164241,1681039104.0,paragliders,20338419
926539.4370194748,6476864.534741013,1681039744.0,paragliders,20338431
926881.8171535598,6477196.941579255,1681040000.0,paragliders,20338450
926884.5680156266,6477114.734159184,1681042176.0,paragliders,20338482
926930.2824984029,6477057.599406402,1681044736.0,paragliders,20338482
926508.7796327617,6476858.785433215,1681039744.0,paragliders,20338494
926463.2058563326,6476885.065582756,1681039104.0,paragliders,20338513
926500.037708419,6476885.044013228,1681039744.0,paragliders,20338515
926509.3232352614,6476898.287677544,1681039744.0,paragliders,20338515
926457.4369043417,6476874.355161159,1681039872.0,paragliders,20338515
926862.1840334652,6477163.808071272,1681040000.0,paragliders,20338515
926454.8961312583,6476815.630650613,1681047936.0,paragliders,20338596
926632.2280354624,6477031.372245267,1681048192.0,paragliders,20338636
926966.180890882,6477462.746087013,1681135360.0,paragliders,20338655
926751.0836049007,6477077.3459367715,1681041024.0,paragliders,20338696
926429.4989375815,6476742.785295119,1681042944.0,paragliders,20338723
926547.8925360498,6476750.354654326,1681046016.0,paragliders,20338723
926840.8549878668,6477199.136706343,1680779136.0,paragliders,20338837
926972.1611800771,6477207.036376021,1681041408.0,paragliders,20338935
927117.8454713178,6477657.867575984,1681041408.0,paragliders,20339045
925902.1074609465,6475847.186566419,1681906688.0,paragliders,20339087
926219.244620689,6476650.6768693365,1681906944.0,paragliders,20339121
926985.5289618223,6476922.222756213,1681906304.0,paragliders,20339177
925860.0914568198,6475697.396679287,1681906816.0,paragliders,20339226
927103.0952815965,6477712.636526691,1682342144.0,paragliders,20339430
926929.1122663596,6477230.9005586775,1682503552.0,paragliders,20339534
926992.873118416,6477093.464871782,1682513408.0,paragliders,20339535
925908.5217453156,6475751.377035082,1682502784.0,paragliders,20339548
925834.243263514,6475802.971156113,1682502784.0,paragliders,20339548
925841.8503376544,6475879.250496699,1682502784.0,paragliders,20339548
925872.0916986367,6475990.142996833,1682502784.0,paragliders,20339548
926688.7242851376,6477088.288415075,1682502912.0,paragliders,20339548
926504.0416692535,6476876.5639002165,1682508800.0,paragliders,20339554
927114.7768720646,6477748.637203086,1682508032.0,paragliders,20339560
926465.2055190878,6476900.390049037,1682508160.0,paragliders,20339563
926880.4323977034,6477209.823900551,1682508800.0,paragliders,20339564
926756.0554748917,6477182.641824595,1682509824.0,paragliders,20339566
927536.9570379411,6479978.765813269,1682504320.0,paragliders,20339583
926949.8321932651,6477303.16481678,1682502656.0,paragliders,20339586
925818.9521090613,6475407.523876073,1682508672.0,paragliders,20339615
925981.6513169978,6475669.058078575,1682508672.0,paragliders,20339615
927261.1791897031,6477857.185731815,1682507648.0,paragliders,20339618
926945.9478925527,6477220.66204738,1682511104.0,paragliders,20339618
926773.7268912399,6477043.462854041,1682508032.0,paragliders,20339802
926621.342690067,6477014.171812211,1682507264.0,paragliders,20339830
926120.5869829732,6476425.62671448,1682508544.0,paragliders,20339860
927193.2311052722,6477837.9989421945,1682508800.0,paragliders,20339860
925762.5507226496,6475555.732304988,1682506240.0,paragliders,20339937
926923.0573084336,6477434.351899757,1683117056.0,paragliders,20340041
926572.5899927043,6476955.366838837,1682508416.0,paragliders,20340072
926346.0293225076,6476728.433475773,1683112448.0,paragliders,20340095
926359.4966946217,6476702.163575981,1683112448.0,paragliders,20340095
926344.4695783606,6476684.33363655,1683112448.0,paragliders,20340095
926846.4052408355,6477217.334659428,1683112576.0,paragliders,20340095
926999.991272152,6477335.368593184,1683110784.0,paragliders,20340131
926752.8495104408,6477106.123478059,1683117696.0,paragliders,20340160
926461.934254152,6476829.549007152,1683118976.0,paragliders,20340196
927419.4384521594,6479702.54115322,1683373696.0,paragliders,20340447
926450.3493619855,6476911.1599163525,1682513792.0,paragliders,20340566
927391.6049944152,6479660.945078647,1683374080.0,paragliders,20340570
927242.2460027882,6476389.1846641805,1683378304.0,paragliders,20340601
925994.9328329369,6476030.838462366,1683374592.0,paragliders,20340811
925996.3585998765,6476001.840454113,1683374592.0,paragliders,20340811
925930.1601328658,6475840.333021992,1683374592.0,paragliders,20340811
926690.6840124476,6477038.434828051,1684759552.0,paragliders,20341733
926429.3347019257,6476722.13053668,1685192192.0,paragliders,20342059
927123.6417951768,6477666.074192096,1685359360.0,paragliders,20342268
926854.8721753436,6477059.555154984,1685449856.0,paragliders,20342687
927507.5956063702,6479415.037741484,1685450368.0,paragliders,20342687
925614.5240463569,6475109.057929819,1684754176.0,paragliders,20342712
925613.409230982,6475177.902665168,1684754176.0,paragliders,20342712
926296.3342499901,6476569.165517458,1684754432.0,paragliders,20342712
925566.661428112,6475058.818503284,1686053120.0,paragliders,20343085
926211.0562598753,6476672.815399134,1686053632.0,paragliders,20343085
928261.6870273696,6475232.7252061535,1686056320.0,paragliders,20343085
926898.051844429,6477047.51476542,1686050304.0,paragliders,20343111
927359.8477106903,6477707.6013436755,1686050304.0,paragliders,20343114
928340.4275659521,6475045.6810526755,1686057728.0,paragliders,20343125
926201.995782766,6476187.053562185,1686052608.0,paragliders,20343252
926443.5166130204,6475419.70980255,1686055680.0,paragliders,20343269
927268.4366183336,6476463.567342128,1686135040.0,paragliders,20343311
926689.1852089552,6476392.91091173,1686055040.0,paragliders,20343418
925551.7831213133,6475030.536788744,1687008128.0,paragliders,20344213
926901.8974745242,6477305.643267401,1687008640.0,paragliders,20344213
926904.0967974735,6477310.631012477,1687008640.0,paragliders,20344213
926923.9371430093,6477328.740567984,1687008640.0,paragliders,20344213
927479.0747215976,6479804.6880492335,1687008640.0,paragliders,20344487
925736.535504549,6475371.407332291,1687002880.0,paragliders,20344596
925594.447011428,6475117.628149687,1687004160.0,paragliders,20344743
926206.0015035227,6476553.54057851,1687607808.0,paragliders,20344878
926243.3170597394,6476609.7872151695,1687607808.0,paragliders,20344878
926522.92701022,6476922.023580763,1687616512.0,paragliders,20344944
926244.8529546537,6476522.519671315,1687696768.0,paragliders,20345090
926241.1228590718,6476508.651544194,1687696768.0,paragliders,20345090
926245.9159140931,6476569.0035751425,1687696768.0,paragliders,20345090
926623.8271027063,6476996.118217855,1687696896.0,paragliders,20345090
926201.4321981635,6476643.04511835,1687608064.0,paragliders,20345230
926867.0440490232,6477272.66770146,1687699456.0,paragliders,20345254
926957.7346313046,6477222.566029893,1687606272.0,paragliders,20345292
926967.7072126225,6477273.700189347,1687606272.0,paragliders,20345292
926978.0182033471,6477517.467804891,1687606272.0,paragliders,20345292
927485.8651639295,6479943.204050817,1687692672.0,paragliders,20345303
926159.0351590118,6476659.701471443,1687608704.0,paragliders,20345481
926683.7709196797,6477063.453783903,1687701376.0,paragliders,20345483
926134.8079667086,6476564.338943685,1687696128.0,paragliders,20345640
926168.5582720106,6476561.982472002,1687696128.0,paragliders,20345640
929074.2244000058,6476140.771018506,1688476928.0,paragliders,20345824
925907.4105136831,6476071.652284348,1687696768.0,paragliders,20345839
926956.2581681804,6477031.142709016,1688997120.0,paragliders,20346343
927405.5130098714,6478070.275237949,1689765120.0,paragliders,20346838
927409.6378397753,6478051.589713598,1689765120.0,paragliders,20346838
927385.7236960479,6478101.221596738,1689765120.0,paragliders,20346838
925669.4426717602,6475041.202690992,1689856896.0,paragliders,20346871
925674.2387020643,6475011.542605565,1689856896.0,paragliders,20346871
925866.8564101799,6475471.804808469,1689854208.0,paragliders,20346874
926791.2363013173,6477196.811713239,1689847552.0,paragliders,20346877
927392.8693667778,6478200.335253972,1689857664.0,paragliders,20346879
927610.0521413595,6479958.201156023,1689849216.0,paragliders,20346913
926609.1121257272,6477012.215411715,1689848320.0,paragliders,20346963
926643.0233303657,6477053.6326181805,1689848320.0,paragliders,20346963
926206.6920633174,6476485.448806857,1690019968.0,paragliders,20347067
927504.3646092457,6477775.139940585,1690020864.0,paragliders,20347071
926062.413000655,6476002.780189771,1690021120.0,paragliders,20347071
925931.4871048102,6475000.279586236,1690025856.0,paragliders,20347087
926900.5512747099,6476082.1717861565,1690029568.0,paragliders,20347087
925804.1564322173,6475535.764223641,1690030464.0,paragliders,20347104
926047.7150488013,6476397.2642339235,1690024960.0,paragliders,20347109
926877.8845280845,6477042.92733381,1690025600.0,paragliders,20347134
925564.4298290224,6475000.015646913,1690021504.0,paragliders,20347156
927229.2477542934,6477746.203265626,1690020352.0,paragliders,20347157
927105.5859860269,6477269.281721727,1690020608.0,paragliders,20347190
925959.5187615873,6475416.537250879,1690023168.0,paragliders,20347194
925764.7408905843,6475233.963896436,1690023168.0,paragliders,20347234
927153.7808414093,6477586.212020054,1690030336.0,paragliders,20347302
927141.8753811488,6477577.419674353,1690030336.0,paragliders,20347302
927099.2369463339,6477583.4219716275,1690030336.0,paragliders,20347302
925866.5868925585,6475055.645726256,1689862784.0,paragliders,20347306
926819.8842247946,6477073.489637252,1690025728.0,paragliders,20347320
925548.7244953758,6475093.887672389,1690024576.0,paragliders,20347384
926526.4349306391,6476838.528579631,1690724224.0,paragliders,20347773
926552.9904291766,6476821.328958834,1690724224.0,paragliders,20347779
929840.2304752765,6479664.541250081,1690725248.0,paragliders,20347779
929646.3872064168,6479455.6108007515,1690723712.0,paragliders,20347791
929963.0969446861,6479148.698632756,1690725248.0,paragliders,20347805
929137.1256008842,6478480.3779844465,1691060480.0,paragliders,20348040
926085.333242546,6476451.836492261,1691062528.0,paragliders,20348047
928190.387931539,6475812.469126241,1691065216.0,paragliders,20348048
929098.3761808177,6479381.775404147,1691065728.0,paragliders,20348048
926835.6026177737,6476846.944374502,1691060224.0,paragliders,20348049
927567.4144501018,6479303.168586423,1691057664.0,paragliders,20348054
928449.2493536137,6476055.497863123,1691066368.0,paragliders,20348055
925650.3254911733,6475062.726252179,1691054080.0,paragliders,20348062
925900.4806776424,6475280.366500453,1691059328.0,paragliders,20348091
928151.0096919613,6476135.489853257,1690033664.0,paragliders,20348159
926811.1291096385,6477206.5370064685,1687608960.0,paragliders,20348161
928601.1065802943,6478275.728406028,1691054848.0,paragliders,20348321
927026.8005091014,6477616.451500396,1691587072.0,paragliders,20348350
926530.4445379943,6476811.078287114,1691501824.0,paragliders,20348513
926698.9979995124,6477057.268728562,1691760768.0,paragliders,20348558
926543.7793606275,6476924.470303007,1691755520.0,paragliders,20348570
926134.5055084227,6476429.860455301,1691757568.0,paragliders,20348587
926778.113444522,6477162.9909780845,1691757952.0,paragliders,20348587
926785.3790535384,6477160.717492178,1691757952.0,paragliders,20348587
926791.6720689868,6477160.524889393,1691757952.0,paragliders,20348587
926563.1536239802,6476909.466892882,1691763200.0,paragliders,20348587
927450.1355713005,6478197.558057252,1691758848.0,paragliders,20348879
926503.1684512189,6476944.6015126705,1691760128.0,paragliders,20348959
926554.3443922219,6476955.8977947915,1691763840.0,paragliders,20349115
925633.7137219557,6475196.768590565,1691764224.0,paragliders,20349115
926962.3926521294,6477149.634381065,1692360320.0,paragliders,20349440
926702.7368007964,6477037.131659664,1692366464.0,paragliders,20349457
926942.9822841773,6477116.736025316,1693485056.0,paragliders,20350874
926456.6993765451,6476724.434967635,1693485952.0,paragliders,20350884
926973.3154193569,6477000.934157056,1693484800.0,paragliders,20350887
926829.2505626769,6477035.850680213,1693485568.0,paragliders,20350890
926963.7492941205,6477185.056899778,1693491456.0,paragliders,20350892
926862.4280553653,6477110.712433631,1693485696.0,paragliders,20350896
926897.7876470491,6477197.832553898,1693490688.0,paragliders,20350904
926737.9262815602,6477156.163799054,1693483904.0,paragliders,20350908
926231.4336618955,6476698.269345759,1693489536.0,paragliders,20350918
926823.2168487889,6477240.336053517,1693486720.0,paragliders,20350927
927033.9929549491,6477027.565248396,1693486336.0,paragliders,20351041
926823.4212749909,6477202.573814806,1693486592.0,paragliders,20351093
926994.0180044167,6477312.307687853,1693657600.0,paragliders,20351121
927002.1712663234,6477348.931130092,1693657600.0,paragliders,20351121
926235.5181434397,6476531.415665715,1693742592.0,paragliders,20351256
926184.0843917012,6476546.708782529,1693742656.659631,paragliders,20351256
926203.6461541249,6476530.143216994,1693742720.0,paragliders,20351256
926166.0862996894,6476557.045489977,1693742720.0,paragliders,20351256
926171.0635129388,6476546.86143235,1693742720.0,paragliders,20351256
926566.822363243,6476967.261260581,1693742848.0,paragliders,20351256
926484.831360867,6476946.479264584,1693486720.0,paragliders,20351300
926878.608406844,6477187.451019462,1693486848.0,paragliders,20351300
926564.4706096245,6476955.896263048,1693491968.0,paragliders,20351402
926852.6995984729,6477158.320063741,1694008832.0,paragliders,20351471
926751.4749376464,6477190.112767744,1694089472.0,paragliders,20351516
926338.1561836033,6476782.006117452,1694003840.0,paragliders,20351567
927052.9493717442,6477511.30365139,1694176384.0,paragliders,20351609
926116.5020470063,6476392.151198149,1694173952.0,paragliders,20351621
927003.6248050346,6476829.209866485,1694181248.0,paragliders,20351626
926200.6734244329,6476562.093150461,1694175872.0,paragliders,20351670
926831.0813355945,6477013.360029419,1694178304.0,paragliders,20351675
926838.9063504651,6476981.285597275,1694178304.0,paragliders,20351675
926830.624761668,6476975.189616656,1694178304.0,paragliders,20351675
926819.367627503,6477102.603529289,1694264192.0,paragliders,20351741
926392.3013251337,6476717.814523682,1694180352.0,paragliders,20351755
926681.1335444198,6477160.89291819,1694262912.0,paragliders,20351757
926716.7481872559,6477225.305234489,1694263168.0,paragliders,20351789
926694.5738458823,6477118.407702181,1694263168.0,paragliders,20351832
926669.5957432822,6477142.65026555,1694263168.0,paragliders,20351832
926665.6374001579,6477174.67497607,1694263168.0,paragliders,20351832
926581.7378576176,6476905.089373654,1694354816.0,paragliders,20351892
926795.7333938254,6477211.047767405,1694176128.0,paragliders,20351912
926765.0935624271,6476915.766866394,1694178304.0,paragliders,20351919
927124.6373635281,6477664.134838725,1694178432.0,paragliders,20351919
926141.2501465277,6476560.733618009,1694350080.0,paragliders,20351922
927521.7682085711,6479994.6655793525,1694351104.0,paragliders,20351922
926785.1377991163,6477178.041134578,1694351488.0,paragliders,20351922
927274.4946738991,6477827.09782418,1694263552.0,paragliders,20351994
926737.3403654705,6477205.908448678,1694266112.0,paragliders,20352071
926794.1953282111,6477242.8256359715,1694348928.0,paragliders,20352072
926317.608115177,6476735.598141355,1694178176.0,paragliders,20353053
926614.4651829601,6476973.759911385,1694178304.0,paragliders,20353053
928743.3997215037,6476477.782066301,1712060800.0,paragliders,20356706
926286.5139147218,6475489.346656602,1712061312.0,paragliders,20356706
928490.3343282092,6477795.451991222,1712061184.0,paragliders,20356746
925918.1994181415,6475546.0339509975,1713098112.0,paragliders,20357528
927068.8559417017,6477141.071048776,1714048896.0,paragliders,20358052
928093.850110084,6476083.348941554,1714051840.0,paragliders,20358056
927833.0036902146,6479733.084026699,1714052352.0,paragliders,20358056
927615.9717279085,6476106.256675748,1714047360.0,paragliders,20358063
927496.5319162128,6476415.724600771,1714047232.0,paragliders,20358071
927263.3728730754,6477012.331454606,1714050048.0,paragliders,20358086
927410.6644033694,6478050.443439463,1714045952.0,paragliders,20358090
927666.194313055,6478915.371425446,1714045824.0,paragliders,20358092
926565.7971090908,6476502.625627532,1714048640.0,paragliders,20358103
926979.346301079,6477347.065997734,1714048256.0,paragliders,20358112
926927.5510555694,6477249.147755672,1714045568.0,paragliders,20358115
925925.7122275443,6475703.13312127,1714044160.0,paragliders,20358122
926971.17968707,6477282.307837059,1714048512.0,paragliders,20358153
929471.7210795818,6479885.202851079,1714040704.0,paragliders,20358154
927898.8315067664,6477654.126394921,1714043648.0,paragliders,20358163
927082.0534210224,6476898.903033152,1714048512.0,paragliders,20358163
926370.3861310637,6475856.350517242,1714044800.0,paragliders,20358192
926156.3884150146,6476375.47358269,1714051072.0,paragliders,20358197
927082.0355909342,6477075.873832091,1714052224.0,paragliders,20358228
927209.7718400897,6476802.303890191,1714044672.0,paragliders,20358283
927259.8870868986,6476741.88775208,1714044672.0,paragliders,20358283
927302.626451259,6476792.070241001,1714044672.0,paragliders,20358283
927319.5968292406,6476280.515939108,1714047104.0,paragliders,20358283
927012.1778865469,6477306.688602651,1714043136.0,paragliders,20358302
927045.8338198921,6477062.4392268,1714048896.0,paragliders,20358302
926204.3304255907,6476422.872590918,1714044800.0,paragliders,20358307
926713.4317547844,6477027.503906726,1714048128.0,paragliders,20358347
927048.9050940154,6476961.996710737,1714045952.0,paragliders,20358430
926039.3373943325,6475429.688292597,1714046336.0,paragliders,20358430
927064.4593433131,6477728.146535782,1715345408.0,paragliders,20358856
926642.872621873,6476992.483295255,1715346816.0,paragliders,20358895
926992.1920480542,6477058.188692338,1715346432.0,paragliders,20358919
927521.417434961,6479923.555847517,1715344000.0,paragliders,20358923
927129.3618430025,6477106.67585703,1715346432.0,paragliders,20358923
926250.7043662169,6476656.692107768,1715346432.0,paragliders,20358934
926267.2352630357,6476651.899909851,1715346432.0,paragliders,20358934
926251.700819244,6476690.156908303,1715346432.0,paragliders,20358934
926259.1068881842,6476640.577915077,1715346432.0,paragliders,20358934
927023.4485094905,6477199.02940116,1715346176.0,paragliders,20358967
926910.6860431713,6477241.5818431,1715345920.0,paragliders,20358984
926466.2887152681,6475275.537571959,1715344384.0,paragliders,20358997
925915.3806595893,6475728.074388297,1715347456.0,paragliders,20358999
925985.6317853433,6476153.222142594,1715346816.0,paragliders,20359045
926016.2659780422,6476194.439615868,1715346816.0,paragliders,20359045
926033.088455691,6476228.836670543,1715346816.0,paragliders,20359045
926055.672636998,6476264.302273691,1715346816.0,paragliders,20359045
926076.1875437163,6476301.500688327,1715346816.0,paragliders,20359045
926988.3801859063,6477319.204210983,1715426944.0,paragliders,20359112
926630.6715513495,6476992.777284278,1715431936.0,paragliders,20359135
926658.7701513972,6476914.760952578,1715431808.0,paragliders,20359162
926895.5641740344,6477021.109566134,1715433728.0,paragliders,20359216
926820.6724751283,6476738.614758304,1715430528.0,paragliders,20359259
927221.1774946756,6476915.786162968,1715436160.0,paragliders,20359262
926876.5747947851,6477171.202163797,1715428992.0,paragliders,20359285
926856.0022073545,6476812.679065339,1715434624.0,paragliders,20359285
926948.7533007103,6477329.937340855,1715429248.0,paragliders,20359326
927071.2013156608,6477703.116526853,1715429120.0,paragliders,20359337
926875.5630236855,6475360.138033666,1714041344.0,paragliders,20359370
926078.3369666894,6476332.31544313,1715432320.0,paragliders,20359405
927028.7497389829,6477554.006117057,1715345792.0,paragliders,20359410
927026.5429298051,6477325.92499584,1715427840.0,paragliders,20359499
926882.1516889064,6477270.582599421,1715264000.0,paragliders,20359559
926727.0155602029,6477093.254402948,1715431424.0,paragliders,20359587
925816.932408215,6475534.464653487,1715347584.0,paragliders,20359592
926346.4890697157,6475302.413685232,1715344512.0,paragliders,20359744
927100.0942183654,6477083.425555841,1715436288.0,paragliders,20359776
927307.658546257,6478200.124760609,1715432704.0,paragliders,20359807
926850.5084743783,6477184.412768497,1713533952.0,paragliders,20359812
926988.8696296084,6477199.253933446,1715345920.0,paragliders,20359842
927014.4231544617,6477351.966177183,1714051968.0,paragliders,20359857
926937.4411833703,6476323.7837806605,1715437184.0,paragliders,20359907
926310.1811778335,6475252.79214136,1715344512.0,paragliders,20359952
926736.9920786682,6477065.372683911,1715433984.0,paragliders,20360059
926771.5658202098,6477119.826061819,1716118784.0,paragliders,20360442
927190.5363122484,6477204.850208598,1715429632.0,paragliders,20360651
926920.2071872372,6476905.428871138,1716641792.0,paragliders,20360778
927516.108451006,6479298.946066599,1716642304.0,paragliders,20360778
927207.7528475802,6476821.305460198,1716639360.0,paragliders,20360843
928196.0343512158,6475511.7043568995,1716641536.0,paragliders,20360967
926762.9640643212,6477009.021702245,1716637568.0,paragliders,20361215
927317.662433208,6476753.062771786,1716638208.0,paragliders,20361215
927291.4965327306,6476795.034174065,1716638208.0,paragliders,20361215
927385.4004229835,6476776.604612787,1716638336.0,paragliders,20361215
926957.0441340213,6477114.072437096,1717588992.0,paragliders,20361500
926930.7109182775,6477134.447965277,1717588992.0,paragliders,20361500
926936.7016742069,6477143.729503249,1717588992.0,paragliders,20361500
926985.8386925126,6477154.363002885,1717588992.0,paragliders,20361500
926991.5570228375,6477144.791292725,1717588992.0,paragliders,20361500
927002.4896928874,6477191.095783889,1717588992.0,paragliders,20361500
926979.6603127117,6477203.909416518,1717588992.0,paragliders,20361500
927025.0246981161,6477227.83284716,1717588992.0,paragliders,20361500
927014.1377778768,6477258.567927688,1717588992.0,paragliders,20361500
927017.1323334787,6477262.56093317,1717588992.0,paragliders,20361500
927035.3118042961,6477276.992459373,1717588992.0,paragliders,20361500
927078.3484887657,6477285.0675907,1717589120.0,paragliders,20361500
927143.7199136015,6477306.751125467,1717589120.0,paragliders,20361500
926643.9567651177,6476823.594065647,1717589237.8970091,paragliders,20361510
927012.6856363623,6477443.644418274,1717584000.0,paragliders,20361636
926927.3535193097,6477094.521412811,1717588992.0,paragliders,20361764
926241.5160587021,6476234.6773857055,1718281088.0,paragliders,20362017
926232.9438744205,6476236.603839813,1718281088.0,paragliders,20362017
926224.5225454944,6476237.1423812,1718281088.0,paragliders,20362017
927574.4553654873,6479139.235648909,1718284928.0,paragliders,20362080
927512.3485740712,6479752.930015377,1718285056.0,paragliders,20362080
928417.7928672306,6477217.100370289,1718282368.0,paragliders,20362150
928424.8917885394,6477342.174413447,1718282240.0,paragliders,20362207
926370.0443798647,6476828.4256758,1718287616.0,paragliders,20362253
926445.7309004499,6476957.406376234,1718287616.0,paragliders,20362253
926613.2422403508,6477008.846729685,1718287616.0,paragliders,20362253
926341.5318349362,6476580.421365548,1716640000.0,paragliders,20362393
926396.8440350947,6476685.913644178,1716640128.0,paragliders,20362393
926936.1028545807,6477146.9222520925,1717588608.0,paragliders,20362394
925817.399405782,6475610.703706943,1719489536.0,paragliders,20362859
926613.1617139931,6476960.687081205,1719492224.0,paragliders,20362890
926638.832997664,6477022.866686139,1719492224.0,paragliders,20362976
926017.8091203846,6476226.759991792,1721215104.0,paragliders,20364131
925186.3387585374,6479168.282161649,1721483520.0,paragliders,20364465
926394.9328731137,6476736.062160638,1722517120.0,paragliders,20365385
926426.0335243683,6476782.61411367,1722517120.0,paragliders,20365385
926435.0081601712,6476821.849729197,1722517120.0,paragliders,20365385
926341.614996907,6476747.509523075,1722515840.0,paragliders,20365396
925260.8738362048,6479137.0845565535,1722517509.484375,paragliders,20365421
926550.6389170879,6476923.261237687,1722512896.0,paragliders,20365426
926409.9409555884,6476834.557960422,1722512512.0,paragliders,20365721
926074.0849711675,6476414.492481147,1722513792.0,paragliders,20365738
926055.9991868058,6476440.9314283505,1722513792.0,paragliders,20365738
926891.8410069714,6477126.735695403,1722513920.0,paragliders,20366540
926228.3431612574,6476443.152719059,1723469184.0,paragliders,20366714
926976.7750456892,6477152.400699883,1716639616.0,paragliders,20367639
926371.7128325361,6476838.544293281,1724853504.0,paragliders,20367784
926847.2028385898,6477213.525152894,1725027584.0,paragliders,20368034
926978.9299240418,6477352.222627866,1725365760.0,paragliders,20368312
926052.3266938373,6476245.2562459,1715431808.0,paragliders,20370440
926635.264684934,6476888.883823436,1715431936.0,paragliders,20370440
926280.7056737015,6476712.509308341,1741185536.0,paragliders,20372141
925315.9720521708,6478669.380406842,1741187200.0,paragliders,20372144
926899.9636518175,6477188.203395934,1741356544.0,paragliders,20372183
926895.0565821319,6477162.575901726,1741356544.0,paragliders,20372183
926853.0404709573,6477157.137324629,1741356544.0,paragliders,20372183
926846.5831970809,6477162.338862385,1741356544.0,paragliders,20372183
926847.2943327435,6477215.006879084,1741356544.0,paragliders,20372183
926788.4034021014,6477217.436893245,1741356416.0,paragliders,20372193
926295.7811067265,6476751.110271903,1741355904.0,paragliders,20372330
927084.5702261555,6477616.5110789705,1743596928.0,paragliders,20372914
926310.7946388148,6476693.9601541115,1743595776.0,paragliders,20372939
926288.0339834321,6476703.113137093,1743595776.0,paragliders,20372939
926285.471956534,6476701.264066609,1743595776.0,paragliders,20372939
926263.7835793198,6476680.537394948,1743595776.0,paragliders,20372939
926810.8296155685,6477199.742861479,1743595904.0,paragliders,20372939
927268.0922062867,6478395.845269747,1743598336.0,paragliders,20372939
926218.7020272905,6476586.65463575,1743768960.0,paragliders,20373035
926226.720537709,6476563.8897022465,1743768832.0,paragliders,20373050
926909.9148971246,6477184.275001054,1743774464.0,paragliders,20373054
927513.9080931637,6479987.115135451,1743769344.0,paragliders,20373062
926761.4538543095,6477140.812670442,1743775104.0,paragliders,20373095
927435.9724538497,6479018.875952725,1743856896.0,paragliders,20373150
926991.7428058026,6477473.069692228,1743858304.0,paragliders,20373154
926774.5080052295,6477108.614253006,1743776256.0,paragliders,20373394
927003.3995979506,6477472.7403343,1743769344.0,paragliders,20373405
927280.860874618,6477769.325319547,1743857920.0,paragliders,20373478
927254.1166456692,6477769.815636466,1743857920.0,paragliders,20373478
927229.4016992868,6477655.817330684,1743857920.0,paragliders,20373478
927148.8306726641,6477407.524507862,1743858176.0,paragliders,20373478
927101.5456162371,6477659.9689987255,1743854336.0,paragliders,20373570
927107.4982834217,6477123.679795799,1744113024.0,paragliders,20373603
926289.4610931244,6476681.388531244,1744115200.0,paragliders,20373616
926600.1190189688,6476837.454332914,1744115200.0,paragliders,20373616
926792.7537336536,6476939.573264982,1744115200.0,paragliders,20373616
927109.728151947,6477380.604777114,1743858176.0,paragliders,20373625
927144.218529876,6477452.159219473,1744120832.0,paragliders,20373655
927077.1309440072,6477370.579052034,1744120960.0,paragliders,20373655
927142.4673787605,6477567.596634639,1743775872.0,paragliders,20373674
926910.2416333004,6477142.027509164,1744113536.0,paragliders,20373681
926864.651028215,6477218.012293103,1744114304.0,paragliders,20373723
927355.0283878242,6478337.317797033,1743773440.0,paragliders,20373729
926869.4726679933,6477167.790698586,1744114560.0,paragliders,20373747
927103.7576988031,6477533.970619137,1743776512.0,paragliders,20373754
926366.7408148062,6476806.563972198,1744287872.0,paragliders,20373885
926762.3792122445,6477114.371271388,1744285696.0,paragliders,20373931
925821.1585884264,6475474.111326527,1744112000.0,paragliders,20374080
926905.2580778637,6477218.958387365,1744112384.0,paragliders,20374080
927532.9206733132,6479948.994548929,1744372352.0,paragliders,20374129
926145.2205275262,6476336.439237248,1744381184.0,paragliders,20374204
925589.3679548475,6475125.247570728,1743770112.0,paragliders,20374263
926854.5261120405,6477165.478759955,1743770496.0,paragliders,20374263
926683.6071319024,6476985.206248308,1744033408.0,paragliders,20374666
926996.4374467924,6477038.03013876,1746014336.0,paragliders,20375386
926954.2963429613,6477086.457211051,1746014848.0,paragliders,20375427
926820.166927355,6477140.7614322845,1746101504.0,paragliders,20375528
926826.2950872456,6477153.45561945,1746101504.0,paragliders,20375528
926764.4564159863,6477239.038901409,1746101504.0,paragliders,20375528
926431.0952692158,6476761.600975794,1743688448.0,paragliders,20377109
926396.3426359633,6476747.994029988,1743688448.0,paragliders,20377109
927056.1410080938,6477299.945347748,1747567104.0,paragliders,20377196
925733.0669790268,6475287.380057701,1747566848.0,paragliders,20377268
927320.8598082523,6477766.784149928,1747567232.0,paragliders,20377268
927510.8617559414,6477932.662083128,1747564800.0,paragliders,20377269
927384.6464205522,6477194.861650024,1747566080.0,paragliders,20377274
925752.6868880941,6475344.644053407,1747566592.0,paragliders,20377295
926920.2446226545,6477380.805101395,1747563008.0,paragliders,20377297
926654.9909999005,6476896.8029547585,1747567872.0,paragliders,20377844
926678.0198139495,6476880.538399551,1747567872.0,paragliders,20377844
926348.1405330972,6476630.242582908,1747562496.0,paragliders,20377966
925912.9500964493,6476055.988845548,1748430976.0,paragliders,20378329
925898.5688277795,6476075.993273691,1748430976.0,paragliders,20378329
925897.3281187577,6476091.922226209,1748430976.0,paragliders,20378329
926810.9120244192,6477164.341244699,1748435200.0,paragliders,20378341
925674.7821487582,6475260.236549688,1748435328.0,paragliders,20378435
926709.3222940136,6476799.737515693,1748437888.0,paragliders,20379039
926863.6463001062,6477240.218318637,1748613248.0,paragliders,20379040
926986.095048,6477433.777877296,1750247680.0,paragliders,20379901
926962.2290889384,6477354.529385892,1750249472.0,paragliders,20379936
926970.9060740664,6477266.066244743,1750249472.0,paragliders,20379940
926070.4865993708,6476198.006964525,1750253312.0,paragliders,20379940
925966.6635571544,6476082.095498048,1750253312.0,paragliders,20379940
925917.5411746522,6475859.898546622,1750253312.0,paragliders,20379940
926739.4476481786,6476909.296207191,1750335488.0,paragliders,20380010
926722.8071343107,6477079.488548212,1750336000.0,paragliders,20380084
925828.7900554463,6475684.830837375,1750421504.0,paragliders,20380106
926435.3790219916,6476845.813329956,1750421760.0,paragliders,20380106
926687.8318157332,6476963.00459261,1750420480.0,paragliders,20380117
926646.4046285716,6476976.486012407,1750420480.0,paragliders,20380117
926684.8257792309,6476983.377294772,1750420480.0,paragliders,20380117
926137.1286030019,6476474.660330665,1750421120.0,paragliders,20380144
926504.2644280787,6476820.481183499,1750512512.0,paragliders,20380433
927267.4276309463,6477608.184833812,1750595072.0,paragliders,20380572
926309.3338221563,6476652.312616426,1750249088.0,paragliders,20380748
926314.0840289632,6476656.923018736,1750249088.0,paragliders,20380748
926317.784579665,6476663.364758751,1750249088.0,paragliders,20380748
926302.7967685973,6476704.851474185,1750249088.0,paragliders,20380748
926259.8551504741,6476688.949318783,1750249088.0,paragliders,20380748
925646.3054953524,6475132.481767843,1750417664.0,paragliders,20380762
926910.6785844887,6477199.818120165,1750418176.0,paragliders,20380762
926939.5202316866,6477380.679755444,1750593408.0,paragliders,20380783
926945.1286994845,6477405.481862025,1750593408.0,paragliders,20380783
926972.044971125,6477489.935886355,1750593408.0,paragliders,20380783
927111.5247310116,6477679.459341243,1750593408.0,paragliders,20380783
926203.1861823052,6476562.200768988,1750763392.0,paragliders,20380909
927030.9550595263,6477430.118310744,1750763648.0,paragliders,20380909
927463.5890866771,6479709.46872549,1750764160.0,paragliders,20380909
926983.9314502453,6477626.6874985155,1750513024.0,paragliders,20380971
926742.0713686403,6476976.450055472,1750760960.0,paragliders,20380976
925848.9000288111,6475492.416268996,1750417920.0,paragliders,20381509
925861.9164097579,6475484.702864097,1750417920.0,paragliders,20381509
925854.238247764,6475421.023330352,1750417920.0,paragliders,20381509
927084.0151616171,6477618.145095405,1750418432.0,paragliders,20381509
926966.2866572752,6477186.009344811,1750593408.0,paragliders,20381808
927589.473553561,6478379.2136400975,1751280256.0,paragliders,20381810
927173.7719256406,6477571.77740459,1751713024.0,paragliders,20381915
926870.8992910604,6477066.062068079,1751720576.0,paragliders,20382298
926545.2901272641,6476890.190646461,1752324864.0,paragliders,20382430
926311.8620696315,6476703.766985394,1752326912.0,paragliders,20382435
926384.1341301387,6476634.668937971,1752320000.0,paragliders,20382456
929607.3848412826,6479333.718910754,1752330240.0,paragliders,20382503
925751.8813337922,6475244.947038585,1747569920.0,paragliders,20382635
927264.5723966112,6477805.799340456,1752492800.0,paragliders,20382792
926431.0415608993,6476784.720308461,1752235520.0,paragliders,20382800
926919.6346077813,6477130.131041289,1752839936.0,paragliders,20383040
926701.1103987449,6476992.5429422725,1752843008.0,paragliders,20383137
926617.8462267196,6476893.120966817,1752841856.0,paragliders,20383163
928189.3400392991,6476392.11374485,1754050176.0,paragliders,20383693
927596.8809435423,6478187.880601898,1754050048.0,paragliders,20383700
926993.2246961918,6477174.742093942,1754570240.0,paragliders,20384078
926422.4448291264,6476852.872618857,1754654976.0,paragliders,20384267
926693.1131804874,6477196.558999688,1754661888.0,paragliders,20384444
926885.2030791524,6477263.011465884,1755174272.0,paragliders,20385125
926216.6909022311,6476599.342651962,1755090304.0,paragliders,20385552
927156.5425831503,6477484.494132743,1756037376.0,paragliders,20385764
926798.8790670498,6477269.870287554,1756035968.0,paragliders,20385787
926795.802499915,6477193.110843949,1756035968.0,paragliders,20385787
926804.2556924075,6477267.26999106,1756035968.0,paragliders,20385787
927061.0437932959,6477710.904140872,1756036096.0,paragliders,20385787
926754.4785076127,6477004.499839954,1756041088.0,paragliders,20385824
926777.40422403,6477047.250781859,1756037248.0,paragliders,20385838
925750.0555552903,6475316.348705648,1756038400.0,paragliders,20385893
926123.2465405739,6476463.058054902,1756038656.0,paragliders,20385893
926378.9940173387,6476733.4574687,1756038656.0,paragliders,20385893
926432.9799087471,6476784.782542029,1756038656.0,paragliders,20385893
925933.1195274432,6475814.488842456,1756042368.0,paragliders,20385893
927033.2335347869,6477206.512917208,1756038912.0,paragliders,20385990
927556.7396457692,6479883.130956672,1756039424.0,paragliders,20385990
927070.966712649,6477402.898860044,1756039040.0,paragliders,20386136
927379.1534365704,6478202.4949874515,1756039168.0,paragliders,20386136
925989.5532557768,6476230.638663517,1756042112.0,paragliders,20386136
926904.3260949907,6477290.597256712,1754656049.2291512,paragliders,20387148
929883.7447966519,6479988.199348215,1752494848.0,paragliders,20388228
926823.1257019375,6477246.677587327,1772630400.0,paragliders,20389367
926429.6472445688,6476872.298638361,1772630656.0,paragliders,20389388
926773.9268714042,6477230.939584357,1772631808.0,paragliders,20389427
926778.6591408062,6477196.570356339,1772631808.0,paragliders,20389427
926781.4001280267,6477236.929243885,1772631808.0,paragliders,20389427
926456.7022200333,6476730.147126922,1772887296.0,paragliders,20389543
927344.3125489433,6478245.227556648,1772975104.0,paragliders,20389609
927207.0117903345,6477659.4312567245,1772974848.0,paragliders,20389643
927167.3160098884,6477682.070062736,1772974848.0,paragliders,20389643
927163.4041416591,6477681.423775226,1772974848.0,paragliders,20389643
926797.5915533676,6477027.582788754,1772974976.0,paragliders,20389643
927139.2874884596,6477732.609947603,1772977024.0,paragliders,20389651
927046.5621514828,6477393.577013136,1772976384.0,paragliders,20389672
926741.7250885232,6477224.021296857,1772980736.0,paragliders,20389672
926736.6481497717,6477225.219399615,1772980736.0,paragliders,20389672
926728.0969326139,6477225.384353736,1772980736.0,paragliders,20389672
926151.3102922696,6476409.050813995,1772886400.0,paragliders,20389950
927026.1906895267,6477651.71027091,1772976896.0,paragliders,20390025
926277.3939745622,6476692.797100936,1773921024.0,paragliders,20390109
926122.5958555848,6476473.491082941,1773926144.0,paragliders,20390113
926686.7254676177,6477072.821314143,1773922432.0,paragliders,20390114
926387.8701773883,6476767.820051315,1773922560.0,paragliders,20390115
926406.3520721317,6476796.614713607,1773922560.0,paragliders,20390115
926388.128641761,6476755.590137103,1773922560.0,paragliders,20390115
926273.9793439552,6476616.789221497,1773924736.0,paragliders,20390122
927045.7043876941,6477555.238094577,1773924480.0,paragliders,20390125
927089.3857590468,6477549.055953854,1773924480.0,paragliders,20390125
927025.41707245,6477521.768586867,1773924480.0,paragliders,20390125
926635.4306217781,6476921.682342745,1774015744.0,paragliders,20390199
925970.4237686644,6475864.282639074,1774006144.0,paragliders,20390213
925289.4710869999,6478854.51839424,1774012032.0,paragliders,20390274
926960.6504972231,6477394.098478356,1774357888.0,paragliders,20390680
926504.4762726284,6476831.891592427,1774358912.0,paragliders,20390691
927001.1233872974,6477162.448812899,1774361856.0,paragliders,20390691
927021.9869471596,6477335.307207395,1774357632.0,paragliders,20390772
926663.9287643185,6476947.726079407,1774357760.0,paragliders,20390818
925066.3995629293,6479259.677568127,1775484544.0,paragliders,20391630
927421.285135659,6478335.462233275,1775481984.0,paragliders,20391691
926563.7642921174,6476928.890408761,1775653888.0,paragliders,20391699
926889.8951228298,6477176.295491342,1775651200.0,paragliders,20391707
926965.2862400889,6477256.391214171,1775651584.0,paragliders,20391719
927414.5738720291,6478149.240562601,1775481984.0,paragliders,20391789
926564.9581256976,6476803.415977292,1774358272.0,paragliders,20391791
926677.2463513082,6476955.966610227,1776343552.0,paragliders,20392431
926934.4474372135,6477271.211821199,1776431232.0,paragliders,20392506
926618.1568831186,6476997.330694902,1776435072.0,paragliders,20392543
926670.9954443154,6476933.508486312,1776521344.0,paragliders,20392692
926750.8389929894,6477065.490652109,1776686976.0,paragliders,20393148
926133.1579822811,6476552.242774851,1776945280.0,paragliders,20393277
926805.1731964988,6477130.207749335,1776944896.0,paragliders,20393479
926728.2216848467,6477037.933512894,1776688000.0,paragliders,20393519
926941.0002486834,6477166.26800348,1777290368.0,paragliders,20393999
926405.5679615851,6476701.430903058,1777290496.0,paragliders,20393999
926211.1878630182,6476404.663244115,1778238976.0,paragliders,20394701
926637.6775166399,6476834.234355245,1778239360.0,paragliders,20394742
926335.540707919,6476576.700573631,1778241536.0,paragliders,20394742
926973.4650892246,6477254.953022828,1778330752.0,paragliders,20394812
926393.8542049215,6476495.633487387,1778326912.0,paragliders,20394818
927292.5658217496,6477741.986681073,1778328576.0,paragliders,20394880
927287.0792695276,6477706.539708603,1778328576.0,paragliders,20394880
927262.7971183441,6477732.628180968,1778328576.0,paragliders,20394880
926509.2725831238,6476845.1142498,1778328064.0,paragliders,20394964
926484.3192793682,6476802.609497023,1778327936.0,paragliders,20394991
926485.4643183444,6476805.978751915,1778327936.0,paragliders,20394991
926620.1765468597,6476954.364789653,1778328064.0,paragliders,20394991
926990.3913597633,6477382.028356257,1779022336.0,paragliders,20395257
926005.3962965992,6476018.82966633,1779022848.0,paragliders,20395257
927507.0272284644,6479852.744923429,1779022848.0,paragliders,20395303
926911.8322443956,6477288.451061771,1779020544.0,paragliders,20395317
926371.5087518211,6476623.440971197,1779019904.0,paragliders,20395319
926085.0843286536,6476494.339403771,1779367296.0,paragliders,20395506
925892.5930194615,6475833.873747118,1779366272.0,paragliders,20395564
926762.8629267842,6477195.902984526,1779366784.0,paragliders,20395564
926802.5164010867,6477198.29111887,1779366784.0,paragliders,20395564
926783.2887908049,6477225.572586667,1779366784.0,paragliders,20395564
926681.9387254916,6476944.5922825355,1779539200.0,paragliders,20395857
926754.5354407168,6477022.602322845,1779537408.0,paragliders,20396200
925758.391745378,6475279.35114778,1779451264.0,paragliders,20396341
926958.5257039025,6477224.578684035,1779447680.0,paragliders,20396517
926562.1634865927,6476944.995595087,1779797504.0,paragliders,20396625
926878.7972831705,6477200.502752072,1779452800.0,paragliders,20397084
927266.1820381786,6477925.355562663,1780055296.0,paragliders,20397167
926454.8074081034,6476844.967356575,1780142848.0,paragliders,20397240
925050.1591836897,6479114.288347259,1780146304.0,paragliders,20397240
926869.7002964641,6477224.6959322635,1780144512.0,paragliders,20397253
926479.9275362648,6476813.728200843,1780140032.0,paragliders,20397264
926426.6328426888,6476788.292265206,1780140032.0,paragliders,20397264
926421.9294892276,6476820.858656248,1780140032.0,paragliders,20397264
925212.1003946785,6479350.3941607075,1780143488.0,paragliders,20397264
925216.1972117731,6479394.236117008,1780143488.0,paragliders,20397264
925249.4320234166,6479364.703906197,1780143488.0,paragliders,20397264
925895.3622927384,6475997.66987892,1780144128.0,paragliders,20397369
926851.1593991485,6477198.236686892,1780144384.0,paragliders,20397369
928459.6907795931,6476038.644161293,1780232064.0,paragliders,20397448
925251.273352824,6477999.273900967,1780147584.0,paragliders,20397550
926480.8298670793,6476911.815698937,1781611136.0,paragliders,20398198
925646.2618203007,6475242.123602675,1781613312.0,paragliders,20398225
927164.2411971857,6477301.324791377,1781963008.0,paragliders,20398774
927048.1091680927,6477202.29139819,1781963136.0,paragliders,20398774
927010.3862828861,6477171.832812749,1781963136.0,paragliders,20398774
926284.0227278903,6476673.096161624,1781613184.0,paragliders,20398900
925585.4542602409,6475039.14189882,1782045056.0,paragliders,20399078
925641.3169541779,6475160.241075775,1782045056.0,paragliders,20399078
926671.6322793829,6477095.00860484,1782045312.0,paragliders,20399078
926605.6716154929,6477036.9751043795,1782045312.0,paragliders,20399106
