x,y,utc,discipline,flight_id
445884.9912661258,6874670.071302833,1567250688.0,hang gliders,20276551
445978.25321666355,6874857.132125414,1567250944.0,hang gliders,20276551
447436.9420632968,6870167.179591669,1253970816.0,paragliders,20090226
446034.51458144025,6874789.635862029,1307790976.0,paragliders,20106164
446008.2916830459,6874845.504109122,1307788544.0,paragliders,20106191
446010.90915862145,6874918.969904331,1309436544.0,paragliders,20107087
448095.75556496304,6870145.187663213,1311853696.0,paragliders,20107631
447467.4517278994,6870372.025648639,1332681088.0,paragliders,20112246
447431.5326401576,6870433.441344236,1332681728.0,paragliders,20112246
447983.27361308585,6870108.693764723,1334581760.0,paragliders,20113379
447665.0174730621,6870119.409961993,1335955840.0,paragliders,20113700
447563.5104875709,6870652.751144457,1337185536.0,paragliders,20115003
447426.23752670357,6870492.866836624,1337189376.0,paragliders,20115003
447588.2517433708,6870081.89870628,1337168512.0,paragliders,20115007
447551.26463999925,6870293.43492942,1344512640.0,paragliders,20119692
447552.30802924855,6870319.101434822,1344512640.0,paragliders,20119692
447545.5625439979,6870326.320928661,1344512640.0,paragliders,20119692
447363.5011320015,6870358.941062028,1344519680.0,paragliders,20119710
447311.89822761016,6870435.556272851,1344506752.0,paragliders,20119770
447331.02395237016,6870378.459509939,1344506752.0,paragliders,20119770
447393.49843686825,6870519.144535925,1344506752.0,paragliders,20119770
445964.33539827535,6874920.832727346,1345641216.0,paragliders,20120709
446110.59855947254,6874805.18333238,1345642368.0,paragliders,20120709
445947.494275604,6874931.797138264,1345642496.0,paragliders,20120709
445980.2464796476,6874875.404279901,1345643008.0,paragliders,20120729
447246.17652746,6870748.932142007,1366456192.0,paragliders,20125813
447354.04323114123,6870288.093225378,1367144960.0,paragliders,20126855
447656.0251755862,6870212.3263362,1367152896.0,paragliders,20126880
447831.2356442798,6870111.913704862,1367153280.0,paragliders,20126880
447324.4076233279,6871027.6246686,1368868480.0,paragliders,20128300
447430.91730687197,6870401.107248372,1368870656.0,paragliders,20128300
447445.5803756735,6870420.310875935,1368870400.0,paragliders,20128302
447435.65895400586,6870413.387623757,1368870400.0,paragliders,20128302
447427.7808554049,6870372.764584613,1368870400.0,paragliders,20128302
447416.3239466013,6870689.942289682,1368870656.0,paragliders,20128302
447394.56748332776,6870402.328153417,1368870016.0,paragliders,20128305
448101.0254971383,6870251.637372754,1369575936.0,paragliders,20128537
447600.7528275107,6870248.444157257,1370173568.0,paragliders,20128863
447760.7412730392,6870146.283368066,1370172928.0,paragliders,20128875
447533.9828034846,6870239.1784653915,1370173568.0,paragliders,20128875
447838.40973329195,6870274.990921998,1370174336.0,paragliders,20128875
447504.8245704895,6870285.061983978,1370174464.0,paragliders,20128875
447486.2196832661,6870268.250633634,1370174464.0,paragliders,20128875
447410.2508353056,6870297.40530457,1370174464.0,paragliders,20128875
447940.72835306573,6870235.736784079,1370176640.0,paragliders,20128957
447540.01439712493,6870366.311545669,1370176896.0,paragliders,20128957
447939.0630383644,6870275.784377762,1370178176.0,paragliders,20128957
445883.8180975687,6874984.294766927,1372945408.0,paragliders,20130913
447402.7344484511,6870379.275707419,1373111296.0,paragliders,20131124
447470.9102703173,6870332.165560921,1370177920.0,paragliders,20131837
447598.61771251843,6870320.673980563,1370178048.0,paragliders,20131837
447812.1963146176,6870220.932422719,1370178048.0,paragliders,20131837
447869.60311580356,6870218.748323626,1370178048.0,paragliders,20131837
447436.19361241395,6870232.049704147,1373810560.0,paragliders,20131840
447240.6296512486,6870622.804542968,1373810816.0,paragliders,20131840
447195.1929883155,6870616.117786778,1373810816.0,paragliders,20131840
447203.13242698205,6870671.422872701,1373810816.0,paragliders,20131840
447895.76485770673,6870275.316369438,1374055296.0,paragliders,20131994
447430.0204149292,6870507.6860725535,1377692672.0,paragliders,20135511
447433.35755793954,6870360.93489556,1397909888.0,paragliders,20142668
447622.68016430514,6870140.710469302,1400321920.0,paragliders,20144828
447395.9512845634,6870427.217457557,1400322432.0,paragliders,20144828
447770.6748750215,6870306.855994571,1400322688.0,paragliders,20144828
447796.94782380713,6870326.195795679,1400322688.0,paragliders,20144828
447793.93938365066,6870335.363632681,1400322688.0,paragliders,20144828
447785.8030223192,6870342.370121229,1400322688.0,paragliders,20144828
447739.3377429133,6870344.493484619,1400322688.0,paragliders,20144828
447719.6660837299,6870225.142992778,1400322944.0,paragliders,20144828
447709.21250325174,6870236.2242541425,1400322944.0,paragliders,20144828
447671.1742396281,6870256.104998149,1400322944.0,paragliders,20144828
447411.2978187724,6870230.500396167,1400325632.0,paragliders,20145006
447551.2362071413,6870338.412490784,1402220800.0,paragliders,20147312
445890.35320340167,6874811.778744314,1404653696.0,paragliders,20149746
445863.6705221314,6874783.422758689,1404653696.0,paragliders,20149746
445876.9558165901,6874764.581528777,1404653696.0,paragliders,20149746
446098.1240575136,6874830.200855734,1405342592.0,paragliders,20149991
445986.29682330426,6874916.837358346,1405348224.0,paragliders,20149997
446032.8378497135,6874946.119553151,1405349632.0,paragliders,20149997
446033.1498347094,6874935.042045552,1405349632.0,paragliders,20149997
446020.7981323517,6874933.37663942,1405349632.0,paragliders,20149997
446017.0332139736,6874944.672959057,1405349632.0,paragliders,20149997
446043.2429805317,6874984.54605335,1405349687.4031374,paragliders,20149997
446051.3043782626,6874796.828217142,1405336320.0,paragliders,20150007
446046.8701628028,6874852.656359848,1405336320.0,paragliders,20150007
446079.32758396363,6874806.975314883,1405336320.0,paragliders,20150007
447499.86839240656,6870301.927087873,1406286336.0,paragliders,20150980
447256.39221339166,6870575.378603877,1406287488.0,paragliders,20150980
447372.16109341005,6870538.036534286,1406285312.0,paragliders,20150995
447475.005218643,6870354.3537183,1406286336.0,paragliders,20150995
447435.2413696441,6870323.440648458,1406286336.0,paragliders,20150995
447446.07683503337,6870316.776899384,1406286336.0,paragliders,20150995
447404.340527017,6870326.390277078,1406286720.0,paragliders,20150995
447308.63045426883,6870587.478728834,1406287488.0,paragliders,20150995
447364.52178022737,6870602.689946348,1410606848.0,paragliders,20154464
447485.0239997911,6870232.472409519,1410605312.0,paragliders,20154469
447497.3622619431,6870378.501475578,1427113472.0,paragliders,20158917
447810.1715068664,6870289.237680725,1428318720.0,paragliders,20159305
447589.39151331625,6870214.517785888,1430131328.0,paragliders,20163088
447406.1644370463,6870158.632373374,1430136448.0,paragliders,20163113
445995.9814542004,6874997.045502278,1432986240.0,paragliders,20166084
446016.894317008,6874864.420818369,1432986496.0,paragliders,20166084
446068.1854670337,6874732.234300119,1432984960.0,paragliders,20166097
445979.2212070387,6874707.010221817,1433339264.0,paragliders,20166947
446013.0982033372,6874892.475563658,1434203776.0,paragliders,20168036
447640.2119985686,6870566.812671236,1434708864.0,paragliders,20168402
447639.503066616,6870566.7484033,1434708864.0,paragliders,20168402
447617.0571183988,6870334.121633081,1434708864.0,paragliders,20168402
448073.22136942076,6870186.255446743,1435063424.0,paragliders,20168843
447812.16433473525,6870241.565457663,1435063936.0,paragliders,20168843
447616.1877956756,6870755.437218826,1435064448.0,paragliders,20168843
447662.41570758406,6870259.513509804,1435064576.0,paragliders,20168843
447673.53225155984,6870259.919040148,1435064576.0,paragliders,20168843
447673.9151502366,6870262.28737363,1435064576.0,paragliders,20168843
447546.2257194432,6870299.0003549,1435065728.0,paragliders,20168843
447770.42090921465,6870377.730286861,1435065728.0,paragliders,20168843
447778.5124569402,6870394.907966417,1435065728.0,paragliders,20168843
447796.8377929797,6870184.208783021,1435068672.0,paragliders,20168843
447763.2456538094,6870554.115355182,1435070720.0,paragliders,20168857
447792.6048717864,6870220.017338756,1435063936.0,paragliders,20168879
446050.5290215786,6874888.216580484,1435146368.0,paragliders,20168899
446004.526921585,6874974.569252588,1436010624.0,paragliders,20170733
447346.9751083347,6870314.070471833,1441537280.0,paragliders,20177028
447369.013866432,6870256.723187555,1441537408.0,paragliders,20177028
447326.7021074114,6870262.904738228,1441537408.0,paragliders,20177028
447535.3676719215,6870376.7996836165,1441541888.0,paragliders,20177094
447526.9444534616,6870407.577598213,1441541888.0,paragliders,20177094
447231.04993899644,6870666.925448563,1441543808.0,paragliders,20177179
447783.13452874805,6870306.45008979,1441630720.0,paragliders,20177242
447731.9044782994,6870234.230634791,1441632000.0,paragliders,20177242
447615.9714793919,6870432.563599311,1441632512.0,paragliders,20177242
447582.7103876167,6870572.589344631,1441633024.0,paragliders,20177242
447624.74932696973,6870321.365427696,1441541760.0,paragliders,20177623
447446.0360810434,6870399.084770143,1441541888.0,paragliders,20177623
447404.8633613443,6870532.30664805,1443268352.0,paragliders,20178205
447481.2624183643,6870603.419174483,1443268992.0,paragliders,20178205
447773.0511502177,6870522.560666031,1443271808.0,paragliders,20178205
447536.07328645396,6870256.575737536,1443272576.0,paragliders,20178205
447326.18926696875,6870615.183701278,1443273472.0,paragliders,20178205
447373.6288066204,6870438.695768322,1443274368.0,paragliders,20178205
447354.6352261114,6870768.749718059,1443275008.0,paragliders,20178205
447393.88779133867,6870541.441337524,1443267328.0,paragliders,20178223
447686.8511371896,6870336.481970787,1443270656.0,paragliders,20178250
447512.05046475685,6870231.249905161,1443269248.0,paragliders,20178283
447496.7668700259,6870226.776078569,1443269248.0,paragliders,20178283
447221.5216273553,6870920.500857502,1445170688.0,paragliders,20179074
447354.0826210375,6870453.855317027,1457788160.0,paragliders,20181215
447386.0189521599,6870505.529488486,1457788160.0,paragliders,20181220
447545.6958644284,6870308.022347354,1458305024.0,paragliders,20181824
446115.96893391665,6874990.442518874,1460981632.0,paragliders,20183937
447359.6821458863,6870396.735228601,1462102144.0,paragliders,20185402
447358.8660986194,6870404.9134283345,1462102144.0,paragliders,20185402
447334.30229923915,6870463.091626275,1462102144.0,paragliders,20185402
447913.0146862663,6870281.939562388,1462103040.0,paragliders,20185402
447867.8444389542,6870275.614640534,1462103168.0,paragliders,20185402
447896.6877355732,6870295.7543277405,1462103168.0,paragliders,20185402
447906.4668819101,6870272.409729863,1462103168.0,paragliders,20185402
447362.13687979145,6870357.088836787,1462103296.0,paragliders,20185402
446057.4006657788,6874902.670667965,1462115456.0,paragliders,20185444
446014.40626426873,6874702.9966923585,1463398528.0,paragliders,20187434
445921.0922178852,6874792.018905914,1463400832.0,paragliders,20187434
447366.8764043178,6870506.271164809,1464094720.0,paragliders,20188533
447186.6867694789,6870748.990556416,1464095360.0,paragliders,20188533
447361.2918891054,6870559.415974339,1465394688.0,paragliders,20189384
445957.02571852214,6874923.98788723,1466336640.0,paragliders,20189953
446006.3614663024,6874900.505625995,1467977088.0,paragliders,20192455
445936.51917142567,6874938.971374489,1467978624.0,paragliders,20192455
445960.79701436457,6874957.50028886,1469360000.0,paragliders,20194448
445976.475769553,6874919.104803212,1469360000.0,paragliders,20194448
445938.38887473167,6874920.013921578,1469360000.0,paragliders,20194448
445986.2988337286,6874955.855736941,1469360000.0,paragliders,20194449
446018.027048528,6874822.678901999,1469358080.0,paragliders,20194453
446061.1469671633,6874911.233411606,1469358080.0,paragliders,20194453
445949.66527146025,6874911.668771487,1469359104.0,paragliders,20194453
449916.42281885905,6871198.2344510835,1469361280.0,paragliders,20194453
449953.44748778467,6871145.87362191,1469361408.0,paragliders,20194453
449955.2309702278,6871148.013701273,1469361408.0,paragliders,20194453
446126.3189093254,6874987.508378507,1470054144.0,paragliders,20195195
447744.1173232402,6870103.7253800975,1470736000.0,paragliders,20196130
447839.6909520294,6870022.572654357,1470736000.0,paragliders,20196130
447620.692354563,6870236.084623687,1471350272.0,paragliders,20197705
447822.1914539525,6870262.3215090325,1471350400.0,paragliders,20197743
447626.3234255879,6870192.444079946,1471351936.0,paragliders,20197793
447553.6880822928,6870281.630728195,1471351936.0,paragliders,20197793
447845.65415956016,6870189.619463313,1471352448.0,paragliders,20197793
447991.29290583293,6870206.3991254205,1471352960.0,paragliders,20197793
447636.9998531909,6870311.693291773,1475934464.0,paragliders,20203063
447669.640462205,6870122.388000941,1476189440.0,paragliders,20203236
447583.53137470805,6870178.809444023,1476189440.0,paragliders,20203236
447701.10500549705,6870176.551850165,1476189440.0,paragliders,20203236
447980.7693646916,6870215.2177330265,1476187136.0,paragliders,20203241
447989.2379113285,6870241.945466723,1476187136.0,paragliders,20203241
447941.7393488817,6870176.816566583,1476187136.0,paragliders,20203241
447933.2248445664,6870176.230887971,1476187136.0,paragliders,20203241
447902.52980974334,6870150.991110495,1476187136.0,paragliders,20203241
447283.82616390527,6870636.774159279,1491479424.0,paragliders,20208758
447266.54399763484,6870663.0816130275,1491479424.0,paragliders,20208758
447217.4775814896,6870603.506302942,1491479552.0,paragliders,20208758
447698.75150248513,6870199.3975497335,1491916032.0,paragliders,20210725
447615.00558496476,6870321.639524949,1492594304.0,paragliders,20211500
447294.60171286983,6870549.726795792,1492858240.0,paragliders,20211893
447303.82758330874,6870549.677255716,1492858240.0,paragliders,20211893
447314.1813560157,6870539.171859049,1492858240.0,paragliders,20211893
447279.31385408563,6870502.141232396,1492858240.0,paragliders,20211893
447322.9451773081,6870651.803797996,1492954624.0,paragliders,20212368
447344.8627369905,6870620.825589772,1492954752.0,paragliders,20212685
447734.1268194912,6870193.74573566,1492955264.0,paragliders,20212685
445980.94008510065,6874632.433516403,1494771968.0,paragliders,20213982
447519.31219377986,6870319.675503978,1496232960.0,paragliders,20217036
447517.94722814794,6870235.166666377,1496232832.0,paragliders,20217042
447449.4454237334,6870370.320590181,1496232832.0,paragliders,20217042
447561.8683955208,6870348.501696069,1496232832.0,paragliders,20217042
446080.89673237526,6874954.571524026,1496572672.0,paragliders,20217431
445933.99304378947,6874654.427914474,1496573056.0,paragliders,20217431
446047.8119147665,6874928.805904278,1496577920.0,paragliders,20217432
446019.307684141,6874692.749610032,1496572800.0,paragliders,20217458
445967.91492225515,6874587.568121614,1496573056.0,paragliders,20217477
445979.2551188203,6874618.642200455,1496572928.0,paragliders,20217484
447710.33874690643,6870293.508979876,1497700224.0,paragliders,20218817
447709.44664898026,6870286.41570962,1497700224.0,paragliders,20218817
447711.77918355283,6870271.1508501135,1497700224.0,paragliders,20218817
447441.6912067267,6870693.286731983,1497785600.0,paragliders,20218910
446067.19318413915,6874996.427769073,1500123776.0,paragliders,20221336
447445.3893279982,6870452.958931852,1500298752.0,paragliders,20221663
446037.5921534831,6874979.151171672,1502027008.0,paragliders,20223046
446076.6015704143,6874927.338879199,1502028544.0,paragliders,20223046
445979.523543079,6874883.780679463,1507122048.0,paragliders,20227599
447580.4533251551,6870362.2163658375,1509363328.0,paragliders,20229982
447437.40794523346,6870289.398121207,1521635072.0,paragliders,20230635
447331.3331941144,6870436.00452542,1521633024.0,paragliders,20230654
447359.00635010336,6870371.183957091,1521637120.0,paragliders,20230659
447421.343573863,6870328.794078821,1521633152.0,paragliders,20230667
447360.01300869905,6870375.632688503,1521637120.0,paragliders,20230687
447357.6221992034,6870380.713143365,1521637120.0,paragliders,20230687
447368.14108330023,6870418.0815111995,1521637120.0,paragliders,20230687
447515.83012805827,6870246.8687177375,1521637504.0,paragliders,20230687
447509.6203696941,6870255.664138006,1521637504.0,paragliders,20230687
447509.2653266991,6870262.8773610825,1521637504.0,paragliders,20230687
445923.1107246939,6874671.163660094,1522924928.0,paragliders,20231597
446080.9554968536,6874623.494704793,1522928512.0,paragliders,20231621
446009.0164649906,6874739.394992092,1524922496.0,paragliders,20237564
447546.0407868481,6870343.618789307,1525438720.0,paragliders,20237946
447405.94765658,6870425.34711423,1525696512.0,paragliders,20238394
447565.43130808143,6870325.380719335,1525695616.0,paragliders,20238437
447519.5987321272,6870304.660647272,1525695616.0,paragliders,20238437
447552.99668089324,6870251.229772321,1525695616.0,paragliders,20238437
447605.4861455383,6870253.068292716,1525695616.0,paragliders,20238437
447692.5423008584,6870405.789340085,1525695616.0,paragliders,20238437
447683.66552338406,6870413.314288663,1525695616.0,paragliders,20238437
447670.71592676616,6870416.688209546,1525695616.0,paragliders,20238437
447556.3317408276,6870383.589341027,1525695616.0,paragliders,20238437
446005.97242327087,6874805.442798575,1525873792.0,paragliders,20238598
446037.1274719504,6874854.076031086,1525873792.0,paragliders,20238598
445927.64730699017,6874811.849634837,1525873920.0,paragliders,20238598
446022.7794899111,6874899.377267538,1525870208.0,paragliders,20238633
445985.37962125626,6874952.620337612,1525871104.0,paragliders,20238633
447445.5552339041,6870521.080975174,1525696128.0,paragliders,20239053
447489.9876366319,6870297.316599831,1529668992.0,paragliders,20242503
447489.30557851575,6870364.579036253,1529663360.0,paragliders,20242505
447160.216688582,6870648.387491055,1529750016.0,paragliders,20242526
447277.40220798226,6870639.887907931,1529748864.0,paragliders,20242551
447414.06922374654,6870381.087340177,1529750272.0,paragliders,20242551
447341.9677405381,6870572.45183753,1529751168.0,paragliders,20242551
447312.4787065798,6870495.661499331,1529751936.0,paragliders,20242551
447551.97180124786,6870245.440402722,1529752192.0,paragliders,20242551
447420.7344492351,6870464.656336262,1529752576.0,paragliders,20242551
447433.1536421357,6870337.849975441,1529753344.0,paragliders,20242551
447508.9897840561,6870369.543171275,1529754496.0,paragliders,20242551
447504.6525489165,6870238.125312317,1529754368.0,paragliders,20242592
447320.7682933244,6870635.885123737,1529755648.0,paragliders,20242600
447392.065535936,6870464.351232462,1529756800.0,paragliders,20242600
447308.8616690657,6870571.62723473,1529751168.0,paragliders,20242610
447363.15177915693,6870493.9912928855,1529751936.0,paragliders,20242610
447715.06214488123,6870322.107273124,1529752192.0,paragliders,20242610
447694.9490376931,6870253.6583021525,1529752192.0,paragliders,20242610
447611.7969460046,6870246.766380286,1529752192.0,paragliders,20242610
447364.7040312001,6870472.9352978645,1529752576.0,paragliders,20242610
447291.61724516493,6870515.13154692,1529753216.0,paragliders,20242610
447447.92724692734,6870260.150877191,1529753344.0,paragliders,20242610
447381.9726599777,6870210.180146523,1529753344.0,paragliders,20242610
447366.11721246724,6870243.945552189,1529753344.0,paragliders,20242610
447366.1570062609,6870267.903333124,1529753344.0,paragliders,20242610
447379.5974111505,6870281.49254698,1529753344.0,paragliders,20242610
447469.77488514653,6870292.315656746,1529754496.0,paragliders,20242610
447337.3546667616,6870724.285187023,1529748224.0,paragliders,20242630
447308.40363294963,6870717.995706166,1529748224.0,paragliders,20242630
447292.03626981284,6870708.721628575,1529748224.0,paragliders,20242630
447719.6664924078,6870290.914769449,1529837952.0,paragliders,20242738
447509.07210858923,6870295.68861792,1529752192.0,paragliders,20242743
447513.2941592195,6870308.330765266,1529752192.0,paragliders,20242743
447519.9394928328,6870309.901729882,1529752192.0,paragliders,20242743
447521.89800556976,6870322.401989162,1529752192.0,paragliders,20242743
447420.2435614495,6870464.893242953,1529752576.0,paragliders,20242743
447622.8730147666,6870291.5310793575,1529754240.0,paragliders,20242743
447506.7999526663,6870311.191090355,1529754624.0,paragliders,20242743
447734.71972224506,6870294.529737117,1529837952.0,paragliders,20242750
447399.72521416936,6870366.889100681,1529759360.0,paragliders,20242797
447522.09268838936,6870562.512725047,1529756800.0,paragliders,20242888
447425.11995987466,6870651.040733571,1529835648.0,paragliders,20242930
447324.1934995431,6870451.034640152,1529747840.0,paragliders,20243085
447377.69589590764,6870469.82541475,1529747968.0,paragliders,20243085
447334.52255419985,6870505.274258265,1529748096.0,paragliders,20243085
447340.10648235696,6870501.563913881,1529748096.0,paragliders,20243085
447368.4920199235,6870747.314871766,1529749248.0,paragliders,20243103
447353.3890342473,6870441.926883959,1529764992.0,paragliders,20243389
447610.89595361595,6870208.328237039,1529668224.0,paragliders,20244084
447464.5298989564,6870512.895939245,1529756032.0,paragliders,20244086
447345.9178009157,6870538.0594761325,1531306368.0,paragliders,20245103
447472.7559106039,6870366.565146554,1531665920.0,paragliders,20245584
447287.8412198806,6870515.565772441,1531668480.0,paragliders,20245584
447887.9672519515,6870284.583397551,1531668608.0,paragliders,20245584
447615.9791133371,6870219.786550352,1531655168.0,paragliders,20245593
447478.9588692952,6870215.221368528,1533376256.0,paragliders,20248486
447414.0976120155,6870257.02340875,1533376896.0,paragliders,20248486
447407.63493615924,6870542.941825008,1535896192.0,paragliders,20251392
447237.2993712524,6870561.522201882,1535889536.0,paragliders,20251463
447311.12314469006,6870595.4649296645,1535893632.0,paragliders,20251530
447401.2704569296,6870586.043948667,1536054784.0,paragliders,20251581
447855.0164985383,6870135.869462065,1536056192.0,paragliders,20251581
447803.12480783253,6870099.996093735,1536056192.0,paragliders,20251581
447859.7797402057,6870044.237839048,1536056192.0,paragliders,20251581
448122.1195989526,6870265.681503573,1536056320.0,paragliders,20251581
447248.85909088433,6870574.234634731,1536056960.0,paragliders,20251581
447637.76165235165,6870369.5131349275,1536055424.0,paragliders,20251627
447585.34463207296,6870380.380992825,1536055478.8562129,paragliders,20251627
447553.66875410796,6870243.127344482,1536055552.0,paragliders,20251627
447450.82326972764,6870445.973485068,1536056960.0,paragliders,20251627
445936.1841438057,6874970.708028168,1536493824.0,paragliders,20252211
447679.8166790022,6870291.597582056,1537783936.0,paragliders,20253949
447574.1652834978,6870288.08688893,1539952512.0,paragliders,20255134
447460.80195273686,6870379.842169978,1546429952.0,paragliders,20255959
447408.5503078798,6870400.803456227,1546430336.0,paragliders,20255959
447376.3175814465,6870455.94281869,1546431360.0,paragliders,20255959
447397.7979696994,6870406.362896782,1553343616.0,paragliders,20257799
447519.86544004316,6870567.9084072905,1553344128.0,paragliders,20257799
446892.4589962466,6870851.6460916735,1553346944.0,paragliders,20257845
446393.5949012503,6871748.9142992925,1553348224.0,paragliders,20257845
446665.84928683646,6871105.98738848,1553348480.0,paragliders,20257845
447475.9005642751,6870329.232786881,1553348864.0,paragliders,20257845
447266.11666639254,6870585.237366784,1553349632.0,paragliders,20257845
446619.30354464916,6871251.475578196,1553351424.0,paragliders,20257845
447233.386512665,6870698.904046076,1553351680.0,paragliders,20257845
448100.23319462454,6870047.31274625,1553352064.0,paragliders,20257845
448089.6490841443,6870048.5685963575,1553352064.0,paragliders,20257845
448084.2039513319,6870053.841011453,1553352064.0,paragliders,20257845
448230.71241989505,6870317.512112155,1553352448.0,paragliders,20257845
446913.48542328214,6870946.10355779,1553353088.0,paragliders,20257845
446432.22880675364,6871121.018749847,1553353856.0,paragliders,20257845
447361.8658436857,6870278.227135397,1553354240.0,paragliders,20257845
446993.0079122728,6870863.815433825,1553346688.0,paragliders,20257985
447148.21988990984,6870785.789575963,1553603328.0,paragliders,20258481
447489.13692302856,6870479.038350982,1553600896.0,paragliders,20258505
447631.6508680966,6870394.932344736,1553601152.0,paragliders,20258513
447632.1943992518,6870412.299748735,1553601152.0,paragliders,20258513
447575.6943196085,6870415.437108112,1553601152.0,paragliders,20258513
447452.5499945316,6870412.182060988,1553689472.0,paragliders,20258549
448009.13428100315,6870220.089372815,1553688704.0,paragliders,20258560
447268.88883316657,6870523.62134068,1553688064.0,paragliders,20258561
447293.99711848353,6870510.929714688,1553688064.0,paragliders,20258561
447305.21428260265,6870475.1803482985,1553688064.0,paragliders,20258561
447289.60244786344,6870436.959680381,1553688064.0,paragliders,20258561
447281.6514269467,6870456.015233487,1553688064.0,paragliders,20258561
447983.1810580634,6870075.071246528,1553688704.0,paragliders,20258587
447649.4684470247,6870113.332685157,1553689216.0,paragliders,20258587
447662.29494920414,6870121.304557314,1553689216.0,paragliders,20258587
447552.63029141305,6870192.202543749,1553689344.0,paragliders,20258587
447575.8329908576,6870351.796309721,1553689856.0,paragliders,20258587
447609.93444226956,6870332.878793151,1553689984.0,paragliders,20258587
447641.17926862405,6870311.570889222,1553689984.0,paragliders,20258587
447220.7136954814,6870479.05098302,1553687936.0,paragliders,20258607
447335.720560154,6870337.065072568,1553688192.0,paragliders,20258616
447358.3558750192,6870336.772507154,1554032640.0,paragliders,20259466
447428.3105481339,6870358.2048314195,1554032640.0,paragliders,20259535
447552.49537687184,6870187.665397231,1554033280.0,paragliders,20259585
447525.5193794372,6870288.00981682,1554032512.0,paragliders,20259604
447520.5753630567,6870294.384045564,1554032512.0,paragliders,20259604
447481.6961009526,6870313.094811035,1554032512.0,paragliders,20259604
447697.2389790109,6870374.4305390995,1554033536.0,paragliders,20259721
447413.29466468806,6870404.27834036,1554034048.0,paragliders,20259736
447418.77828938334,6870251.822437628,1554034560.0,paragliders,20259736
447444.17642371135,6870307.319554209,1554034688.0,paragliders,20259736
447374.240630908,6870415.185393446,1554034944.0,paragliders,20259736
447559.65246563073,6870318.798348549,1554035968.0,paragliders,20259736
447247.90247601265,6870745.10945198,1554034048.0,paragliders,20259817
447705.05436717876,6870205.74298008,1554034432.0,paragliders,20259817
447004.4428060458,6870847.06329329,1554034560.0,paragliders,20259817
447558.9161202935,6870092.340770465,1554032768.0,paragliders,20259830
447352.9907103065,6870762.55877164,1554032896.0,paragliders,20259830
447434.98979533004,6870333.8077492835,1554031872.0,paragliders,20259846
447305.4677502455,6870319.50545255,1554031872.0,paragliders,20259846
447217.3341762186,6870376.873894383,1554032000.0,paragliders,20259846
447606.4866576112,6870302.814260386,1554032512.0,paragliders,20259846
447309.03373725305,6870511.72681936,1554032640.0,paragliders,20259972
447422.8337789033,6870218.377598267,1554033280.0,paragliders,20259972
447451.4824959956,6870429.194908388,1554035072.0,paragliders,20259972
447410.6145005521,6870429.660521012,1554035072.0,paragliders,20259972
447396.8969286964,6870423.95611991,1554035072.0,paragliders,20259972
447395.39694488456,6870399.776461919,1554035712.0,paragliders,20259972
447582.0646400489,6870282.493314424,1554035840.0,paragliders,20259972
447585.37726136413,6870377.489968576,1554036096.0,paragliders,20259972
447347.65096370556,6870374.368240588,1554032640.0,paragliders,20260089
447653.2575865466,6870327.976238655,1554032512.0,paragliders,20260201
447592.76626673824,6870131.5276913,1554032768.0,paragliders,20260284
447302.668352148,6870610.892051319,1554033024.0,paragliders,20260284
447309.81882941525,6870609.214934483,1554033024.0,paragliders,20260284
445803.4382462013,6874499.322869662,1554644736.0,paragliders,20260407
447493.38032073097,6870309.146898949,1555071360.0,paragliders,20260635
447317.2733253747,6870527.281081311,1555063808.0,paragliders,20260657
447487.9155267416,6870261.282581876,1555071360.0,paragliders,20260658
447491.01554217085,6870257.276607048,1555071360.0,paragliders,20260658
447430.6206996952,6870286.980459562,1555071488.0,paragliders,20260658
447447.2846032053,6870536.260341317,1555070848.0,paragliders,20260664
447442.7585911015,6870595.870112466,1555070848.0,paragliders,20260664
447480.78619016433,6870630.477799751,1555070848.0,paragliders,20260664
447389.73060092767,6870274.7324636625,1555069440.0,paragliders,20260674
447327.7834259914,6870452.704676791,1555070464.0,paragliders,20260674
447488.7196817898,6870320.337673513,1555064320.0,paragliders,20260675
447163.443660057,6870554.797039234,1555067776.0,paragliders,20260962
447402.7112101151,6870498.599416678,1555069440.0,paragliders,20260962
447027.5817961168,6870853.423333191,1555070208.0,paragliders,20260962
447649.8616658372,6870100.672536531,1555675904.0,paragliders,20261501
447645.81269438384,6870102.033079498,1555675904.0,paragliders,20261501
447302.1091563612,6870364.5563198775,1555679360.0,paragliders,20261571
447331.5921454779,6870517.674545894,1555678208.0,paragliders,20261574
447403.8870121001,6870482.004972434,1555679616.0,paragliders,20261574
447401.70543567004,6870495.70020036,1555679616.0,paragliders,20261574
447398.1330505293,6870501.756409763,1555679616.0,paragliders,20261574
447312.4750656596,6870350.7281957455,1555679360.0,paragliders,20261590
447440.83210160304,6870394.655762731,1555852544.0,paragliders,20262096
447446.3569381186,6870371.172157167,1555852544.0,paragliders,20262096
447424.8262128137,6870337.79675941,1555852544.0,paragliders,20262096
447412.2007643762,6870406.411727687,1555852672.0,paragliders,20262096
447556.8439530765,6870320.453347572,1555852800.0,paragliders,20262096
447497.26711499237,6870375.035276158,1555852800.0,paragliders,20262096
447473.7633257388,6870354.5246370025,1555852800.0,paragliders,20262096
447397.28802099713,6870471.883251863,1555851648.0,paragliders,20262264
447387.72987499955,6870447.287062317,1555851648.0,paragliders,20262264
447336.505636925,6870443.3606418045,1555851648.0,paragliders,20262264
447579.6648845083,6870370.069984883,1555852800.0,paragliders,20262264
447418.89771999663,6870350.075226948,1555852928.0,paragliders,20262264
447415.12184479466,6870340.856185925,1554032512.0,paragliders,20263418
447981.82016711787,6870043.4756511105,1557071360.0,paragliders,20263630
446040.2974760701,6874744.809338412,1557145600.0,paragliders,20263638
447196.2754539188,6870669.494883072,1557655424.0,paragliders,20264038
447431.2966522198,6870575.616243363,1557656192.0,paragliders,20264038
447628.6746017119,6870255.426798491,1557659904.0,paragliders,20264059
447393.44580911123,6870461.811824503,1557656704.0,paragliders,20264152
447258.6393428735,6870441.009296597,1557656832.0,paragliders,20264152
447260.40812988504,6870434.851343612,1557656832.0,paragliders,20264152
447728.09010740096,6870209.552683912,1557051904.0,paragliders,20264297
447725.30774375907,6870211.205189096,1557051904.0,paragliders,20264297
447713.3394520711,6870223.860691722,1557051904.0,paragliders,20264297
447305.2409482763,6870582.7204598375,1557655424.0,paragliders,20265282
447430.684904846,6870553.9846618185,1557656192.0,paragliders,20265282
447391.0218199171,6870440.448591923,1561205120.0,paragliders,20268732
447431.7349128243,6870553.111667981,1562064768.0,paragliders,20269758
447325.1989290938,6870633.637460868,1562064768.0,paragliders,20269761
447422.7143947662,6870250.416620522,1562327936.0,paragliders,20270041
447334.7965642593,6870438.027770264,1562327296.0,paragliders,20270100
445998.58067686163,6874915.252157596,1562841728.0,paragliders,20270677
445991.26454490767,6874759.610060423,1562849280.0,paragliders,20270684
446017.57685832214,6874913.299836675,1562849792.0,paragliders,20270684
446093.49996245716,6874870.010606525,1563363968.0,paragliders,20271316
445975.26763464307,6874558.589338401,1564304512.0,paragliders,20272935
445935.00562693283,6874632.607552397,1564304512.0,paragliders,20272955
447510.76177820226,6870180.109442957,1564752640.0,paragliders,20273313
446050.3887223399,6874952.502467305,1566309760.0,paragliders,20274961
446021.9431851553,6874921.714373151,1566308864.0,paragliders,20275017
445995.8456611853,6874956.116922979,1566309248.0,paragliders,20275325
446061.8031240042,6874777.112143444,1567330304.0,paragliders,20276434
446032.95972043014,6874989.409607864,1567510272.0,paragliders,20276568
447863.13926261704,6870070.674808697,1567940992.0,paragliders,20276855
447872.61173737055,6870077.671775135,1567940992.0,paragliders,20276855
447903.5408359256,6870046.427577609,1567940992.0,paragliders,20276855
447863.8163762113,6870020.19200255,1567940992.0,paragliders,20276855
447852.8434308642,6870040.121636182,1567940992.0,paragliders,20276855
447847.6223810492,6870046.656548156,1567940992.0,paragliders,20276855
447836.6400757627,6870063.562278532,1567940992.0,paragliders,20276855
448005.70627691614,6870108.940389981,1567941504.0,paragliders,20276855
447389.07691079844,6870809.052947227,1567950464.0,paragliders,20276860
448235.9208682634,6870097.471339839,1567948416.0,paragliders,20276890
447854.087141801,6870031.163297961,1567941632.0,paragliders,20276897
447642.877853347,6870263.561637159,1567941888.0,paragliders,20276897
448360.8423657518,6870129.444702154,1567948288.0,paragliders,20276935
447878.72099671833,6870260.659709715,1568121088.0,paragliders,20276986
447938.2083519759,6870159.171508655,1568116864.0,paragliders,20277103
447358.01550808694,6870550.179337013,1568460928.0,paragliders,20277189
447421.7375038041,6870336.862509675,1568461568.0,paragliders,20277189
447329.95889060345,6870413.898601601,1568459520.0,paragliders,20277257
447255.9322488074,6870665.354308617,1568460032.0,paragliders,20277257
447373.46006466425,6870419.210569361,1568461440.0,paragliders,20277257
447388.4651501124,6870511.395937739,1589630080.0,paragliders,20280640
448003.6477355453,6870403.666552689,1589898752.0,paragliders,20280860
447364.64398368,6870513.728077461,1590410880.0,paragliders,20281754
447600.82764029625,6870229.937937357,1590411392.0,paragliders,20281754
447419.8959843772,6870260.415276809,1590406784.0,paragliders,20281880
447345.8860029841,6870618.806293048,1591007872.0,paragliders,20283052
447941.01307455136,6870071.5360216135,1591096064.0,paragliders,20283210
447943.7894121064,6870013.865678269,1591100544.0,paragliders,20283225
447708.9900144819,6870181.027975669,1591100800.0,paragliders,20283225
447727.0276496421,6870230.748632366,1591101184.0,paragliders,20283225
448203.1586096703,6870153.814859707,1591101696.0,paragliders,20283225
448159.16790614254,6870144.3100953065,1591101696.0,paragliders,20283225
448223.7343029774,6870064.901241161,1591101696.0,paragliders,20283225
447864.40641541133,6870101.422171799,1591095936.0,paragliders,20283228
447933.116277577,6870050.53201963,1591096064.0,paragliders,20283228
447949.42472091736,6870037.315933629,1591096064.0,paragliders,20283228
447893.61506218166,6870147.636289736,1591096192.0,paragliders,20283228
447505.3786022558,6870425.704025495,1591096448.0,paragliders,20283228
447589.5452951931,6870728.43446364,1591097088.0,paragliders,20283228
447429.6019047669,6870230.8373204535,1591096704.0,paragliders,20283286
446047.5010095413,6874920.67534365,1592832768.0,paragliders,20285030
445882.9361587346,6874983.429038639,1594124928.0,paragliders,20286014
448254.59292848397,6870159.189599446,1594464896.0,paragliders,20286432
448119.12151519617,6870043.052887455,1594465408.0,paragliders,20286443
448389.42390029423,6870237.760042156,1594464000.0,paragliders,20286447
448113.1480289887,6870156.806480348,1594642560.0,paragliders,20286658
448296.28407632816,6870002.093891277,1594641920.0,paragliders,20286791
447477.6137396501,6870435.079886136,1595417984.0,paragliders,20288165
447461.4198198072,6870498.944403919,1595418112.0,paragliders,20288165
447546.38784790324,6870458.00620582,1595418112.0,paragliders,20288165
447729.9361475898,6870325.3277821615,1595418176.0,paragliders,20288165
447587.929732723,6870393.96585743,1595418240.0,paragliders,20288165
447374.9349425584,6870637.178373135,1614340352.0,paragliders,20296714
445990.42680085165,6874975.412158941,1616668288.0,paragliders,20298023
447268.2579777919,6870604.269695332,1622285696.0,paragliders,20301575
447499.53831918375,6870380.229048499,1622375296.0,paragliders,20301688
447302.40523075993,6870775.202923166,1622366592.0,paragliders,20301697
447355.47802829114,6870541.5668922635,1622369024.0,paragliders,20301697
447373.9694942816,6870564.75617845,1622369408.0,paragliders,20301697
447302.468689786,6870653.706139358,1622369408.0,paragliders,20301697
447463.20262060844,6870607.693829941,1622370048.0,paragliders,20301697
447479.0065844078,6870431.556251021,1622370304.0,paragliders,20301697
447473.6575907167,6870451.734293891,1622370304.0,paragliders,20301697
447470.25938511384,6870463.800491218,1622370304.0,paragliders,20301697
447318.2964193643,6870812.979108703,1622370560.0,paragliders,20301697
447838.2402439082,6870300.736868972,1622373888.0,paragliders,20301697
447847.7392726749,6870310.521240225,1622373888.0,paragliders,20301697
447865.2922872303,6870339.307832793,1622373888.0,paragliders,20301697
447493.0777770495,6870241.977385312,1622374912.0,paragliders,20301730
447418.0410107757,6870421.5834157355,1622384384.0,paragliders,20301755
447335.7729432625,6870824.741550426,1622366080.0,paragliders,20301827
447184.3526509837,6870775.968478589,1622366720.0,paragliders,20301827
447296.8655019867,6870960.635780314,1622367104.0,paragliders,20301827
447393.08275735995,6870679.895769693,1622370688.0,paragliders,20301827
447287.6905862414,6870717.70920761,1622366080.0,paragliders,20301889
447289.3304498298,6870717.107561444,1622366080.0,paragliders,20301889
447290.7485432874,6870715.163984997,1622366080.0,paragliders,20301889
447384.59669349267,6870849.108660773,1622366080.0,paragliders,20301889
447423.030336449,6870368.3665210325,1622366848.0,paragliders,20301889
447291.8635919307,6870951.790796845,1622367104.0,paragliders,20301889
446771.63154162484,6871181.627603199,1622368384.0,paragliders,20301889
447406.2227480216,6871041.613356358,1622370432.0,paragliders,20301889
447818.8011017591,6870272.088318164,1623754240.0,paragliders,20303568
447336.5153875386,6870564.804197811,1626782976.0,paragliders,20305542
447327.8509910222,6870518.776604152,1626784000.0,paragliders,20305542
447305.6351741501,6870509.653182298,1626784000.0,paragliders,20305542
447024.7955278352,6870633.746630332,1626784000.0,paragliders,20305542
447425.5161164486,6870377.632945977,1626784384.0,paragliders,20305542
447192.85827808373,6870576.29003353,1626784000.0,paragliders,20305563
447407.4084822896,6870650.153107254,1626783104.0,paragliders,20305570
447230.54207519547,6870693.566491677,1626784000.0,paragliders,20305570
447187.6453485668,6870658.43376973,1626784000.0,paragliders,20305570
447169.98171043745,6870684.408454982,1626784000.0,paragliders,20305570
447103.7782252409,6870683.026710732,1626780096.0,paragliders,20305583
447462.29570341815,6870532.822084304,1626879360.0,paragliders,20305676
447737.42372162035,6870250.94791416,1626873856.0,paragliders,20305728
447764.0909129365,6870210.6276235,1626873856.0,paragliders,20305766
447235.4753372993,6870613.750592088,1626781056.0,paragliders,20305771
447333.9266005511,6870531.2973127635,1626781696.0,paragliders,20305771
447580.5384671046,6870311.980925464,1626881536.0,paragliders,20305780
447661.4859017674,6870194.907941953,1626873856.0,paragliders,20305854
447678.4631556091,6870255.921896618,1626873856.0,paragliders,20305980
447368.8160980888,6870552.121657308,1626781696.0,paragliders,20306009
445787.8730612673,6874408.589432017,1628775424.0,paragliders,20307192
445985.6337810708,6874836.744595635,1628872960.0,paragliders,20307334
447393.45189481333,6870402.052724588,1630062976.0,paragliders,20308457
447621.86248369113,6870225.234333315,1630065024.0,paragliders,20308457
447456.2113399816,6870196.202891362,1630064512.0,paragliders,20308478
447486.8605869077,6870158.287600578,1630065792.0,paragliders,20308478
447495.6492784419,6870163.403808042,1630065792.0,paragliders,20308478
447767.62343619904,6870226.694457351,1630065920.0,paragliders,20308478
447325.753243603,6870653.530806156,1630669312.0,paragliders,20308995
447150.603090935,6870663.533911054,1630668672.0,paragliders,20309017
445924.7147395078,6874929.995832573,1631361664.0,paragliders,20309787
446105.2727484207,6874969.578053109,1631364736.0,paragliders,20309790
445947.6155474306,6874604.149458733,1631365120.0,paragliders,20309790
446023.3491622395,6874949.404355082,1631361536.0,paragliders,20309797
446019.88621680805,6874954.1202686345,1631361536.0,paragliders,20309797
445997.7269345367,6874974.549853563,1631361536.0,paragliders,20309797
445991.4968079925,6874977.968669416,1631361536.0,paragliders,20309797
445984.3439472122,6874977.611530267,1631361536.0,paragliders,20309797
445927.05501799716,6874741.442676644,1631368320.0,paragliders,20309823
445974.45576969464,6874979.645078888,1631361792.0,paragliders,20309827
445943.1702472514,6874961.911817412,1631363712.0,paragliders,20309827
445938.36292544054,6874957.1142614605,1631363712.0,paragliders,20309827
446882.6882657518,6872323.852759072,1631366272.0,paragliders,20309830
446007.3805982596,6874983.08902512,1631361792.0,paragliders,20310007
446081.36505773413,6874548.199073773,1631362816.0,paragliders,20310007
445990.22779557266,6874537.080005155,1631362816.0,paragliders,20310007
445994.2780050701,6874525.719924944,1631362816.0,paragliders,20310007
447575.5786821439,6870278.212466437,1632223616.0,paragliders,20310732
448008.193175904,6870105.128636979,1647526016.0,paragliders,20315187
447490.39462575305,6870341.829960652,1648981760.0,paragliders,20317119
447460.62120024697,6870362.889503667,1648981760.0,paragliders,20317119
447641.596752565,6870344.38894955,1648983552.0,paragliders,20317119
447358.0514465841,6870431.454562097,1648984064.0,paragliders,20317119
447558.0398006144,6870384.979671787,1648984320.0,paragliders,20317119
447569.93711138784,6870438.596699533,1648984320.0,paragliders,20317119
447605.98602472426,6870602.625637852,1648984320.0,paragliders,20317119
447472.83081321034,6870541.166924467,1648985984.0,paragliders,20317119
447482.97320874274,6870400.485807544,1648984576.0,paragliders,20317182
447470.98465093935,6870401.711411692,1648984576.0,paragliders,20317182
447451.84045700263,6870398.275242776,1648984576.0,paragliders,20317182
447423.0006388915,6870526.155923839,1648985984.0,paragliders,20317182
447691.46202416235,6870190.364748319,1650038784.0,paragliders,20317831
447338.86698368157,6870670.303458915,1650037760.0,paragliders,20317873
447389.26502136816,6870584.091515496,1650112640.0,paragliders,20317908
447454.6586089301,6870444.28006796,1650112768.0,paragliders,20317916
447454.69000071543,6870471.694095061,1650112768.0,paragliders,20317916
447767.44685784634,6870357.038847515,1650113408.0,paragliders,20317916
447429.76909200987,6870331.163267525,1650114688.0,paragliders,20317959
447514.16371668415,6870482.087554153,1650115584.0,paragliders,20317965
447401.2972279046,6870604.9129838,1650112512.0,paragliders,20317967
447521.1323759808,6870538.99579338,1650113920.0,paragliders,20317974
447370.84029737907,6870291.367993712,1650103552.0,paragliders,20317992
447377.17975719814,6870296.358202529,1650103552.0,paragliders,20317992
447381.7589477429,6870308.189572258,1650103552.0,paragliders,20317992
447989.9128413572,6870119.6902550645,1650374272.0,paragliders,20318427
447866.3062797271,6870367.952652049,1650374400.0,paragliders,20318427
447613.24656587053,6870315.894811563,1650454272.0,paragliders,20318632
447521.7861544937,6870238.068698239,1650109696.0,paragliders,20318684
447536.7640538581,6870176.753222681,1650455168.0,paragliders,20318686
447281.4155489261,6870595.953465143,1650884736.0,paragliders,20318907
447479.4773978699,6870437.69304425,1650884736.0,paragliders,20318918
447483.06800722674,6870635.21700227,1650885888.0,paragliders,20318939
447479.0428518142,6870341.510993876,1650969856.0,paragliders,20318948
447301.10455285426,6870699.643210807,1650970496.0,paragliders,20318948
447346.82091113564,6870579.494552322,1650973312.0,paragliders,20318948
447156.89402548067,6870632.107978277,1650968704.0,paragliders,20319004
447407.009127655,6870439.292799929,1650971264.0,paragliders,20319011
447497.11740882974,6870506.945295365,1650971264.0,paragliders,20319011
447448.3990959738,6870384.288445151,1650971264.0,paragliders,20319011
447481.33987506723,6870458.766306701,1650972288.0,paragliders,20319011
447291.29188549536,6870650.531900393,1650973312.0,paragliders,20319011
447654.67001113977,6870330.914761653,1651054848.0,paragliders,20319024
447547.66293724265,6870329.0185596,1651055616.0,paragliders,20319024
447475.0022783828,6870423.662843193,1651063936.0,paragliders,20319038
447480.7841841187,6870426.817270704,1651063936.0,paragliders,20319038
447483.99157835706,6870421.549094191,1651063936.0,paragliders,20319038
447416.4964344889,6870479.511662452,1651063936.0,paragliders,20319038
447736.4050811839,6870759.8240694655,1651064832.0,paragliders,20319038
447753.43476516363,6870648.803548395,1651064832.0,paragliders,20319038
447780.77002407186,6870243.31472244,1651055360.0,paragliders,20319090
447939.1031211061,6870235.400485281,1651055360.0,paragliders,20319090
447582.4795461629,6870306.64154212,1651055616.0,paragliders,20319090
447751.3819667769,6870223.641886539,1651055360.0,paragliders,20319144
447475.16327469377,6870228.7699598055,1651234176.0,paragliders,20319414
447273.28048641374,6870558.378961267,1651234560.0,paragliders,20319414
447286.61041471176,6870581.665356851,1651234560.0,paragliders,20319414
447253.48643459077,6870562.821328762,1651234560.0,paragliders,20319414
447250.41769337264,6870520.798614166,1651234560.0,paragliders,20319414
447282.54938416934,6870491.893056727,1651234560.0,paragliders,20319414
447604.21020534437,6870382.805445276,1651233280.0,paragliders,20319437
447474.49338597606,6870329.0518951025,1651234304.0,paragliders,20319437
447490.7484054939,6870394.326500129,1651492992.0,paragliders,20319953
447503.1290890891,6870413.159252206,1651493120.0,paragliders,20319953
447519.63580415724,6870390.571649684,1651493120.0,paragliders,20319953
447426.5591410185,6870248.484435748,1651573888.0,paragliders,20319978
447408.4721256065,6870285.33787717,1651573888.0,paragliders,20319978
447352.16388280055,6870461.957023984,1651574272.0,paragliders,20319978
447377.1834388508,6870494.715504425,1651575296.0,paragliders,20319978
447783.00556637644,6870148.457359479,1651577600.0,paragliders,20319984
447660.9499709499,6870151.364032133,1651573120.0,paragliders,20320002
447437.328150517,6870569.8069969695,1651573376.0,paragliders,20320002
447423.81526926963,6870492.484741647,1651574400.0,paragliders,20320002
447350.5750721459,6870563.450547866,1651575296.0,paragliders,20320002
447501.552657789,6870255.757317137,1652017920.0,paragliders,20320276
447729.51157067576,6870190.002383267,1652018304.0,paragliders,20320276
447599.1397195187,6870333.236998821,1652021888.0,paragliders,20320278
447389.6502091662,6870331.283823634,1652019840.0,paragliders,20320404
445901.0151515348,6874872.010782725,1652364416.0,paragliders,20320898
445952.9131237183,6874674.8871112205,1652371456.0,paragliders,20320899
445954.1277482914,6874880.443640907,1652364416.0,paragliders,20320920
445987.44000286417,6874718.030949542,1652365056.0,paragliders,20320920
445893.4856337372,6874829.403595018,1652365056.0,paragliders,20320940
446015.1084543726,6874998.284664054,1652448128.0,paragliders,20321024
445950.74238153675,6874432.8663577,1653148416.0,paragliders,20322211
446034.7730880366,6874933.460326224,1653139840.0,paragliders,20322214
445813.7315828028,6874193.483497778,1653140736.0,paragliders,20322214
445812.19045738643,6874194.1758441115,1653140736.0,paragliders,20322214
445798.2563080649,6874208.2682737885,1653140864.0,paragliders,20322214
447428.7610124344,6870324.087555306,1653731200.0,paragliders,20322744
447742.43056269246,6870027.795233099,1654090112.0,paragliders,20323233
448009.4638646815,6870209.6696365625,1654090624.0,paragliders,20323233
445889.6141494454,6874935.908554688,1654954240.0,paragliders,20323769
447591.6008377083,6870005.28115497,1655121792.0,paragliders,20324092
446054.45078452677,6874748.107264476,1655470464.0,paragliders,20324445
445978.46006702154,6874830.774766417,1655471232.0,paragliders,20324460
445983.0240152459,6874822.508192403,1655471232.0,paragliders,20324460
445968.4970188713,6874805.32403937,1655471232.0,paragliders,20324460
446011.68577157764,6874839.773063405,1655471360.0,paragliders,20324460
445987.4454562959,6874833.354988305,1655471360.0,paragliders,20324460
445997.28104654385,6874850.11820765,1655471360.0,paragliders,20324460
445994.2947865737,6874960.225627478,1655471872.0,paragliders,20324460
445453.34245596227,6874968.914134299,1656258048.0,paragliders,20324802
447456.60373758373,6870352.955251393,1655119232.0,paragliders,20325263
447529.4245054242,6870279.096103452,1655119872.0,paragliders,20325263
445882.0735127108,6874994.388572504,1656855936.0,paragliders,20325389
447643.21405746555,6870206.358245438,1657103872.0,paragliders,20325713
447553.7050901298,6870149.437837658,1657103872.0,paragliders,20325751
447987.55980991235,6870074.856967093,1657108480.0,paragliders,20325758
448003.82622049435,6870081.786502125,1657108480.0,paragliders,20325758
447870.4867612592,6870075.393815675,1657108480.0,paragliders,20325758
447663.9724301992,6870120.738066493,1657108736.0,paragliders,20325758
447267.3259979796,6870643.0520365,1657280256.0,paragliders,20325805
447447.3655768595,6870172.312617109,1657278976.0,paragliders,20325809
447644.55951437895,6870289.22062088,1657279360.0,paragliders,20325809
447231.0844718907,6870834.773610204,1657280256.0,paragliders,20325809
447580.46866147267,6870293.6928749345,1657278976.0,paragliders,20325814
447582.6063944108,6870233.58533629,1657278976.0,paragliders,20325814
447555.76393581595,6870228.224078047,1657278976.0,paragliders,20325814
447169.90044659754,6870809.095184637,1657279814.7883024,paragliders,20325814
447517.81871519604,6870297.193556236,1657278976.0,paragliders,20325820
447493.8543038076,6870562.362209038,1657280128.0,paragliders,20325820
447198.5723773873,6870684.4486305835,1657279744.0,paragliders,20325827
447302.5393521034,6870537.9776058365,1657280256.0,paragliders,20325828
447799.8352219473,6870247.485918407,1657279232.0,paragliders,20325833
447318.17538672924,6870552.986898221,1657279872.0,paragliders,20325836
447309.9316066803,6870675.7518083155,1657280256.0,paragliders,20325845
447334.4750252538,6870493.545906417,1657362304.0,paragliders,20325883
447924.04793897335,6870131.439596832,1657365248.0,paragliders,20325921
447403.4408863663,6870525.516389221,1657366272.0,paragliders,20325921
447372.1452897047,6870596.643080459,1657366272.0,paragliders,20325921
447401.91957947577,6870463.674572066,1657367808.0,paragliders,20325930
446095.8319729331,6874816.9466056125,1657711744.0,paragliders,20326363
447610.54866003996,6870397.16257897,1657883776.0,paragliders,20326859
447613.283081504,6870271.712434219,1657885184.0,paragliders,20326865
447694.800071856,6870376.880936853,1657882368.0,paragliders,20326884
447768.43225170043,6870103.417122884,1657882240.0,paragliders,20326909
447492.11911180353,6870359.371761706,1657968640.0,paragliders,20327096
447386.57000079105,6870391.917585792,1657967616.0,paragliders,20327101
447384.9908561369,6870537.711144774,1657279872.0,paragliders,20328615
446071.4120228757,6874962.376205339,1659441672.7282615,paragliders,20329202
446143.1906045239,6873452.991303014,1661002496.0,paragliders,20331200
446707.378478541,6872363.624615376,1661002880.0,paragliders,20331200
446158.2990176134,6874805.267573338,1660998528.0,paragliders,20331204
445999.8429687854,6874885.7453203425,1661006336.0,paragliders,20331228
446054.97746485414,6874867.622266504,1661006336.0,paragliders,20331228
446082.10170906753,6874888.363789377,1661006336.0,paragliders,20331228
446124.5918832287,6874896.7994211605,1660999040.0,paragliders,20331236
446126.3772076566,6874984.870483933,1660999168.0,paragliders,20331236
446118.8554929368,6874988.558881769,1660999168.0,paragliders,20331236
446098.22436424595,6874930.046081152,1660999168.0,paragliders,20331236
446174.3148406192,6874936.830924426,1660999296.0,paragliders,20331242
447363.2829115802,6870831.737807467,1661596416.0,paragliders,20331873
447342.251145115,6870395.36952787,1661595008.0,paragliders,20331885
447418.4090701449,6870370.403503007,1661595008.0,paragliders,20331885
447464.7133278074,6870853.3754088245,1661596544.0,paragliders,20331904
447587.74047360296,6870293.442206397,1661600128.0,paragliders,20331922
447574.1791810981,6870255.833994586,1661600768.0,paragliders,20331922
447319.2083436677,6870513.163647052,1661595136.0,paragliders,20331932
447856.9766638294,6870477.62827626,1661695744.0,paragliders,20331970
447729.64075741527,6870272.131403406,1661690624.0,paragliders,20332128
447755.237999479,6870234.58992031,1661691136.0,paragliders,20332128
448098.8111866961,6870363.21411337,1661858560.0,paragliders,20332315
447355.5032594543,6870714.308317403,1661860352.0,paragliders,20332315
447495.9554941995,6870566.040722713,1661601536.0,paragliders,20332319
447593.51865143393,6870307.430830915,1661602176.0,paragliders,20332319
447504.89598760975,6870245.254295079,1661953408.0,paragliders,20332395
447521.32301479846,6870392.98441725,1661953408.0,paragliders,20332398
447477.90902259457,6870798.629847153,1661953920.0,paragliders,20332405
447526.41541675944,6870248.555277873,1663416192.0,paragliders,20333227
447563.37003017555,6870119.948523776,1663416320.0,paragliders,20333227
447927.36266980664,6870101.508603182,1663416320.0,paragliders,20333236
447481.62946850713,6870455.685147262,1663413120.0,paragliders,20333237
447472.1382187187,6870657.6591928415,1663413120.0,paragliders,20333238
447837.90801429225,6870232.486235197,1663416320.0,paragliders,20333241
447280.73337745405,6870525.918867394,1663589632.0,paragliders,20333402
447429.3534455395,6870510.840105628,1663589632.0,paragliders,20333412
447445.0865011676,6870538.9351776065,1663589632.0,paragliders,20333412
447403.77740476356,6870590.346039515,1663589632.0,paragliders,20333412
447394.42064168386,6870592.7334369365,1663589632.0,paragliders,20333412
447381.97364509635,6870592.128494986,1663589632.0,paragliders,20333412
447408.88454825757,6870309.723097748,1663589760.0,paragliders,20333422
447357.320380382,6870342.12028585,1663589760.0,paragliders,20333422
447444.5054760146,6870528.302531233,1663591680.0,paragliders,20333500
447175.0170073969,6870553.710910179,1663765760.0,paragliders,20333544
447557.28340718907,6870169.295890628,1663766016.0,paragliders,20333544
447662.17516239453,6870301.198290103,1663766016.0,paragliders,20333558
447545.7667778768,6870144.347327612,1663766016.0,paragliders,20333560
447295.3500218108,6870313.1851983955,1663766272.0,paragliders,20333560
447323.7111411387,6870343.373754988,1663766272.0,paragliders,20333560
447374.76865553716,6870371.508271746,1663766272.0,paragliders,20333560
445902.6399608569,6874599.712606413,1665149184.0,paragliders,20334227
447539.1032345669,6870406.283960165,1680525440.0,paragliders,20337819
447346.6898195917,6870502.541613302,1680523776.0,paragliders,20337824
447511.47708437586,6870338.368183433,1680612736.0,paragliders,20337839
447364.10155034345,6870547.857477647,1680609792.0,paragliders,20337842
447656.21687315416,6870316.935452167,1680612608.0,paragliders,20337855
447369.93487187865,6870457.225658713,1680523008.0,paragliders,20337862
447446.5530676879,6870248.012899109,1680523520.0,paragliders,20337862
447431.47411464836,6870290.418719358,1680523520.0,paragliders,20337862
447439.4594809333,6870291.306943618,1680523520.0,paragliders,20337862
447444.52543837694,6870289.2439252315,1680523520.0,paragliders,20337862
447473.7150453376,6870256.029022122,1680523520.0,paragliders,20337862
447487.563102122,6870259.595365675,1680523520.0,paragliders,20337862
447502.5899428295,6870276.435065952,1680523520.0,paragliders,20337862
447507.09290668636,6870279.172244712,1680523520.0,paragliders,20337862
447388.72117380664,6870339.655359577,1680612096.0,paragliders,20337866
447340.99402554845,6870494.76100788,1680606976.0,paragliders,20337901
447308.07086417463,6870489.482241251,1680608000.0,paragliders,20337901
447660.68158015364,6870291.791707177,1680864512.0,paragliders,20338081
447707.17932579253,6870211.183752776,1680869120.0,paragliders,20338088
447547.1925701809,6870144.08922665,1680879232.0,paragliders,20338130
447766.62680228666,6870221.222929157,1680868992.0,paragliders,20338132
447760.7466706025,6870335.747877951,1680869120.0,paragliders,20338132
448198.55023678625,6870022.144563593,1680864000.0,paragliders,20338139
448229.73358067434,6870085.621838285,1680864000.0,paragliders,20338139
447432.07801333925,6870371.926255145,1680864384.0,paragliders,20338139
447603.265301015,6870253.9810607815,1680872704.0,paragliders,20338143
447708.4912775591,6870157.914815219,1680869120.0,paragliders,20338149
447724.4139502036,6870124.689309208,1680869120.0,paragliders,20338149
447681.0778237757,6870364.372189575,1680869248.0,paragliders,20338149
447985.61465229146,6870082.535662156,1680863488.0,paragliders,20338156
447467.9510440552,6870271.3536121445,1680612736.0,paragliders,20338176
447478.865516005,6870382.787892101,1680613120.0,paragliders,20338176
447407.08459122485,6870512.282293743,1680613504.0,paragliders,20338176
447501.08380192245,6870437.021840612,1680614016.0,paragliders,20338176
445970.1286998204,6874947.744087205,1680695680.0,paragliders,20338258
445667.031444147,6874721.184868207,1680698752.0,paragliders,20338258
447619.9758984772,6870281.097949109,1680871552.0,paragliders,20338325
447619.7025473856,6870201.458111096,1680871936.0,paragliders,20338643
447577.9653305908,6870234.713688629,1680871936.0,paragliders,20338643
447794.3791753493,6870169.612930168,1680872448.0,paragliders,20338643
447330.04053457844,6870776.258019976,1681729792.0,paragliders,20339021
447673.9529760353,6870389.607264967,1681730176.0,paragliders,20339021
447387.41203181504,6870576.6652023345,1681727360.0,paragliders,20339388
447424.4054755065,6870611.869936283,1682423936.0,paragliders,20339466
447584.50843668706,6870452.553699801,1682419840.0,paragliders,20339499
447438.5421104966,6870452.759038525,1682422784.0,paragliders,20341016
447874.5832736133,6870127.951853887,1684319232.0,paragliders,20341147
447932.73664254806,6870305.565327885,1684319360.0,paragliders,20341150
447393.175353519,6870533.025211131,1684321024.0,paragliders,20341178
447447.13728769263,6870432.7946069315,1684319488.0,paragliders,20341208
447864.60952272423,6870206.537788828,1684319360.0,paragliders,20341209
447417.4239127324,6870463.253921236,1684320768.0,paragliders,20341245
447346.4369560618,6870474.213446383,1684321024.0,paragliders,20341245
447641.3526895475,6870274.594913954,1684410368.0,paragliders,20341368
447422.84673219855,6870498.262052828,1684320640.0,paragliders,20341374
447258.46521147137,6870459.950514979,1684320768.0,paragliders,20341374
447218.87145552435,6870661.447101173,1684405760.0,paragliders,20341409
447354.9682053034,6870731.777752953,1684490624.0,paragliders,20341412
447755.9784570692,6870170.884550938,1684491648.0,paragliders,20341412
447533.32812267274,6870324.424804781,1684492032.0,paragliders,20341412
447509.6854031578,6870479.554604445,1684492288.0,paragliders,20341412
447524.3593419568,6870384.064315187,1684406016.0,paragliders,20341438
447511.9978954361,6870465.244074742,1684411136.0,paragliders,20341512
447453.91717538843,6870393.773156375,1684411136.0,paragliders,20341512
447436.85713783983,6870404.337413945,1684411136.0,paragliders,20341512
447328.9212075571,6870595.004190768,1684934144.0,paragliders,20341632
447460.0275556585,6870327.66927469,1684926464.0,paragliders,20341644
447257.22987481864,6870603.020412061,1684926464.0,paragliders,20341652
447697.69686277525,6870160.458518908,1685184640.0,paragliders,20341862
447976.9552424231,6870339.272057046,1685186304.0,paragliders,20341862
448040.4808767276,6870090.881599328,1685186944.0,paragliders,20341862
447794.0485715927,6870175.230839565,1685183616.0,paragliders,20341873
447849.8156948181,6870223.131513079,1685184384.0,paragliders,20341890
447363.48968002805,6870476.470218776,1685186944.0,paragliders,20341890
447664.6766053007,6870314.16017115,1685187072.0,paragliders,20341890
448052.02925331244,6870522.678011106,1685187712.0,paragliders,20341890
447430.8147421472,6870338.178078094,1685196928.0,paragliders,20341998
447685.23961912893,6870229.983389787,1685196544.0,paragliders,20342015
447721.35227661143,6870043.097821005,1685197568.0,paragliders,20342015
447636.4840736023,6870224.295968017,1685185920.0,paragliders,20342064
447921.09548094874,6870269.627569831,1685186432.0,paragliders,20342064
447459.0008200967,6870344.033855979,1685197056.0,paragliders,20342176
447719.9211244401,6870258.129658631,1685187200.0,paragliders,20342665
447438.8110984466,6870549.517445568,1686139264.0,paragliders,20343284
447386.72051467374,6870570.412505386,1686140160.0,paragliders,20343284
447462.90713657916,6870469.040651066,1686138368.0,paragliders,20343287
447739.94104897144,6870272.937526743,1686138624.0,paragliders,20343287
447423.77026491286,6870555.947358089,1686139136.0,paragliders,20343287
447223.1676995158,6870709.980867408,1686145536.0,paragliders,20343287
447328.32357635704,6870590.981571508,1686137216.0,paragliders,20343317
447453.0811722007,6870677.575848081,1686137472.0,paragliders,20343317
447510.86084974714,6870403.004409086,1686138240.0,paragliders,20343323
447694.8929267901,6870286.534728663,1686138624.0,paragliders,20343323
447405.17319364124,6870542.429985938,1686139264.0,paragliders,20343323
447424.3356656592,6870561.513834775,1686139264.0,paragliders,20343323
447450.6819724574,6870519.555261456,1686139264.0,paragliders,20343323
447453.5108465286,6870512.691379438,1686139264.0,paragliders,20343323
447456.80863451085,6870506.425456038,1686139264.0,paragliders,20343323
447425.69768802094,6870559.370945872,1686136704.0,paragliders,20343409
447429.12553599884,6870521.42508766,1686137344.0,paragliders,20343409
447609.095145636,6870183.889873369,1686659968.0,paragliders,20343784
446274.7779889785,6873444.654550412,1687355136.0,paragliders,20344769
446004.9195580393,6874873.662903723,1687866624.0,paragliders,20345448
446066.18519600714,6874857.903560278,1691410304.0,paragliders,20348225
446139.01383999217,6874845.771940396,1692537856.0,paragliders,20349806
446066.94254600245,6874982.2500583995,1692538368.0,paragliders,20349840
445961.7867036133,6874987.460633537,1692956160.0,paragliders,20350637
445980.72618390515,6874917.133911248,1693308800.0,paragliders,20350819
446027.10399364517,6874966.786023728,1695472512.0,paragliders,20352773
447284.6385233343,6870552.836335691,1697367936.0,paragliders,20354182
447298.2681916491,6870573.364090098,1697367936.0,paragliders,20354182
447331.8596132595,6870556.876273607,1697367936.0,paragliders,20354182
447355.217714087,6870504.236224698,1697368704.0,paragliders,20354182
447318.6062869451,6870521.054324869,1697367936.0,paragliders,20354185
447361.7658145804,6870485.293611299,1697368704.0,paragliders,20354185
447619.7160134412,6870214.193967935,1697369216.0,paragliders,20354185
446053.232792812,6874887.74607855,1709465600.0,paragliders,20355765
446072.4317492517,6874883.386268213,1709465600.0,paragliders,20355765
446086.51374084415,6874864.909787368,1709465600.0,paragliders,20355765
446028.61055545794,6874994.934013954,1709463040.0,paragliders,20355773
446062.49955197703,6874876.378096966,1709465600.0,paragliders,20355773
447241.2849624376,6870255.606017046,1713440896.0,paragliders,20357697
448419.43911734887,6870099.205330532,1713441152.0,paragliders,20357697
447702.88883030426,6870204.073576248,1713439616.0,paragliders,20357704
448084.1212183893,6870098.399637902,1713439872.0,paragliders,20357704
447761.4587137293,6870069.810920982,1713440512.0,paragliders,20357707
447837.22052563785,6870120.139242575,1713440256.0,paragliders,20357708
448019.6240426543,6870193.248996663,1713435008.0,paragliders,20357711
448113.59716761654,6870117.893367243,1713435136.0,paragliders,20357711
447798.51763162366,6870340.124517205,1713435392.0,paragliders,20357711
447373.20664239203,6870443.38176091,1713435904.0,paragliders,20357711
447372.34109960194,6870446.909004534,1713435904.0,paragliders,20357711
447371.5667507557,6870450.189278968,1713435904.0,paragliders,20357711
447728.78565641725,6870105.819070732,1713436544.0,paragliders,20357711
447555.8253284198,6870267.260225596,1713437184.0,paragliders,20357711
447903.1438245173,6870153.259495757,1713437312.0,paragliders,20357711
447858.0291217395,6870128.832183213,1713440128.0,paragliders,20357723
448037.53131028445,6870011.362879818,1713440000.0,paragliders,20357725
447634.3647461358,6870282.260959421,1713439616.0,paragliders,20357735
447648.97372001153,6870275.451961976,1713439616.0,paragliders,20357735
447594.55617646704,6870206.559263188,1713439616.0,paragliders,20357735
448047.1126575224,6870186.990221714,1713439872.0,paragliders,20357735
447269.8519296247,6870854.491634915,1713440128.0,paragliders,20357735
447504.606334597,6870402.970256909,1713780224.0,paragliders,20357917
447507.7984223157,6870323.2674647495,1713780608.0,paragliders,20357917
447600.54166256473,6870427.275605972,1713783040.0,paragliders,20358014
448295.8233044228,6870047.894027429,1713783424.0,paragliders,20358014
447244.2431382285,6870652.335457574,1715078656.0,paragliders,20358531
447681.8072472037,6870388.1586209005,1715080832.0,paragliders,20358531
447469.7375877866,6870313.336377877,1715081344.0,paragliders,20358531
447720.6710181018,6870178.901037632,1715081856.0,paragliders,20358537
447782.4155658918,6870157.621782572,1715081856.0,paragliders,20358537
447815.354855513,6870183.942090192,1715081984.0,paragliders,20358537
447808.5023796026,6870247.017967211,1715081984.0,paragliders,20358539
447442.1034427812,6870443.664269108,1715081472.0,paragliders,20358540
447627.20020705875,6870690.2592442315,1715081984.0,paragliders,20358540
447594.178964173,6870252.996777175,1715080576.0,paragliders,20358550
447629.9681041207,6870277.6785294125,1715080960.0,paragliders,20358550
447415.4383870109,6870625.593673123,1715081472.0,paragliders,20358550
447668.79186951893,6870319.938080493,1715170816.0,paragliders,20358553
447550.4377824123,6870381.177216544,1715171712.0,paragliders,20358553
447956.89567345474,6870161.748831617,1715162112.0,paragliders,20358555
447507.27158373245,6870299.026104649,1715080448.0,paragliders,20358556
447968.7029771595,6870165.518503876,1715161984.0,paragliders,20358557
447526.8231607877,6870190.614270872,1715080576.0,paragliders,20358563
447321.3109391449,6870532.218006339,1715165184.0,paragliders,20358564
448011.102243747,6870071.591987262,1715162240.0,paragliders,20358569
447569.03540045285,6870223.292514702,1715163136.0,paragliders,20358569
447460.5430078518,6870220.287648783,1715080576.0,paragliders,20358570
447706.73817938264,6870324.404832274,1715080832.0,paragliders,20358570
447519.6309870111,6870358.617831679,1715081472.0,paragliders,20358570
447509.0643880815,6870362.789112747,1715081600.0,paragliders,20358570
447579.5302967397,6870246.237564582,1715163136.0,paragliders,20358572
447188.9417176349,6870641.6567109395,1715078528.0,paragliders,20358574
447730.8860098941,6870248.911066591,1715170560.0,paragliders,20358575
447622.36480154016,6870309.101498303,1715171456.0,paragliders,20358575
447488.96829041856,6870083.558690727,1715165440.0,paragliders,20358576
447707.8938462852,6870328.462055701,1715170560.0,paragliders,20358578
447746.197855568,6870362.779866863,1715170560.0,paragliders,20358578
447476.7918497543,6870417.83546822,1715170688.0,paragliders,20358578
447581.07867970597,6870246.8673736835,1715171328.0,paragliders,20358578
447629.8388235323,6870208.198693836,1715164032.0,paragliders,20358582
448120.50845135486,6870279.705614016,1715164160.0,paragliders,20358582
447524.83223952487,6870489.101543642,1715081344.0,paragliders,20358584
447372.32076782204,6870351.655372044,1715163264.0,paragliders,20358591
447500.70059086167,6870235.375210619,1715163136.0,paragliders,20358592
447959.2994026089,6870069.660337431,1715161984.0,paragliders,20358599
447127.8105473165,6870500.240016213,1715254400.0,paragliders,20358620
447147.8835743604,6870493.6308395825,1715254400.0,paragliders,20358620
447152.3822642919,6870494.250420848,1715254400.0,paragliders,20358620
447169.91759801854,6870509.456178113,1715254400.0,paragliders,20358620
447149.65552196087,6870550.058197128,1715254400.0,paragliders,20358620
447446.06430751324,6870386.584949783,1715254528.0,paragliders,20358620
447116.73797520343,6870601.493072619,1715255168.0,paragliders,20358620
447439.14509346493,6870496.476513935,1715257600.0,paragliders,20358624
447381.2385799197,6870681.192466358,1715257856.0,paragliders,20358624
447291.92666481383,6870849.502535453,1715258240.0,paragliders,20358624
447379.1196318901,6870709.793734171,1715253248.0,paragliders,20358626
447494.884317811,6870763.578000177,1715253248.0,paragliders,20358626
447355.0103786715,6870332.918999992,1715254912.0,paragliders,20358643
447364.3540526169,6870731.695778486,1715255040.0,paragliders,20358643
447289.48361359705,6870413.33927739,1715254528.0,paragliders,20358655
447290.0368648631,6870443.934886865,1715254600.34718,paragliders,20358655
447313.1905743737,6870444.200926834,1715254656.0,paragliders,20358655
447534.5958357781,6870969.517632272,1715254912.0,paragliders,20358655
447427.54423201253,6870316.231781984,1715171456.0,paragliders,20358693
447482.47138075164,6870591.3928772025,1715337728.0,paragliders,20358752
447393.460413259,6870685.210637329,1715337856.0,paragliders,20358752
447403.78456261544,6870731.136267295,1715337856.0,paragliders,20358752
447406.0734022133,6870741.928621105,1715337856.0,paragliders,20358752
447416.07906845864,6870780.687438203,1715337856.0,paragliders,20358752
447401.99783422315,6870662.3277167,1715337600.0,paragliders,20358757
447796.3039557514,6870194.355912801,1715170560.0,paragliders,20358812
447489.07614958007,6870771.819630551,1715337856.0,paragliders,20358827
447328.7533132653,6870482.251042235,1715343232.0,paragliders,20358873
447450.09216953575,6870492.4594938345,1715256064.0,paragliders,20359164
447394.930546613,6870733.097848564,1715256448.0,paragliders,20359164
447348.11850451294,6870598.733144769,1715256960.0,paragliders,20359164
447459.71981937217,6870426.318933305,1716209408.0,paragliders,20360428
447554.44624711014,6870202.401813092,1715173632.0,paragliders,20360503
447672.32947468816,6870293.653986004,1717930624.0,paragliders,20361823
447935.4113339017,6870191.6421751715,1717932672.0,paragliders,20361826
447861.609281637,6870187.719813806,1717932672.0,paragliders,20361830
447661.5894560739,6870235.997069341,1717939072.0,paragliders,20361834
447459.54155005165,6870401.415897257,1717939200.0,paragliders,20361834
447884.4441587546,6870115.588627231,1717931904.0,paragliders,20361864
447392.07453347347,6870321.809640196,1717928960.0,paragliders,20361867
447715.99984271673,6870227.260554713,1717929216.0,paragliders,20361867
447595.04212883464,6870239.62227688,1717930496.0,paragliders,20361900
448069.08105560543,6870121.350736291,1717930752.0,paragliders,20361900
446102.9234963347,6874931.200093624,1719147392.0,paragliders,20362606
446088.9249617271,6874935.83920059,1719147392.0,paragliders,20362606
446094.6467347262,6874870.021081436,1719147392.0,paragliders,20362606
446193.74870192324,6874960.4149190625,1719147264.0,paragliders,20362607
446096.19794475834,6874860.090053523,1719151104.0,paragliders,20362624
447823.0835780041,6870287.206051131,1719312640.0,paragliders,20362706
447819.1099332115,6870268.619703112,1719312640.0,paragliders,20362706
447823.3220611247,6870262.275265681,1719312674.9099383,paragliders,20362706
447429.16866012523,6870365.462463159,1719312256.0,paragliders,20362713
447445.77099209704,6870308.226721209,1719312256.0,paragliders,20362713
447405.0920415821,6870240.963222414,1719312256.0,paragliders,20362713
447662.78312847606,6870243.082806336,1719312896.0,paragliders,20362713
447467.1543390534,6870611.456899876,1719313920.0,paragliders,20362719
447318.7082774535,6870632.706021404,1719313792.0,paragliders,20362748
447800.0955848941,6870283.503007162,1719312768.0,paragliders,20362754
447435.7007174824,6870339.19024419,1719312256.0,paragliders,20362759
447414.55496648216,6870365.186799073,1719312256.0,paragliders,20362759
447907.1379884115,6870217.796797098,1719312384.0,paragliders,20362759
447851.27726936643,6870281.463363017,1719312768.0,paragliders,20362759
447467.8083035778,6870338.84494774,1719312256.0,paragliders,20362761
447813.6071138169,6870297.80267177,1719312768.0,paragliders,20362761
447604.84885550046,6870251.455562745,1719312896.0,paragliders,20362766
447580.3360040212,6870293.055886123,1719312896.0,paragliders,20362771
447307.5240205458,6870290.318691832,1719312640.0,paragliders,20362846
447727.2818277632,6870259.609581746,1719312768.0,paragliders,20362846
445122.9264000921,6874354.136696958,1720966912.0,paragliders,20363934
445804.2880361421,6874724.771532844,1720964992.0,paragliders,20363959
445837.8059847748,6874936.984561272,1721387136.0,paragliders,20364286
447483.5026373265,6870476.007483144,1722159744.0,paragliders,20365020
445945.6780579556,6874966.996106692,1722601728.0,paragliders,20365488
446013.54088137875,6874960.57153592,1723024768.0,paragliders,20366087
445898.3000487084,6874740.013412301,1723029632.0,paragliders,20366104
445858.8617330418,6874922.578338896,1723728000.0,paragliders,20366990
445839.1155804341,6874916.484829086,1723728000.0,paragliders,20366990
445837.02034033503,6874928.944958903,1723728000.0,paragliders,20366990
445841.1819684167,6874944.154677878,1723728000.0,paragliders,20366990
445871.7864282506,6874980.69761441,1723728000.0,paragliders,20366990
445830.103446954,6874629.8438699525,1724237824.0,paragliders,20367305
446102.0904708621,6874981.500103253,1724237440.0,paragliders,20367328
446015.7131048021,6874865.649959021,1724580736.0,paragliders,20367596
445942.6171364679,6874909.002637973,1724678144.0,paragliders,20367653
445940.4802850747,6874901.976157383,1724678144.0,paragliders,20367653
445945.0123429285,6874893.03102597,1724678144.0,paragliders,20367653
447742.964587965,6870268.693304929,1726231296.0,paragliders,20368447
447447.6193638503,6870463.276996682,1726231424.0,paragliders,20368456
447537.1858279074,6870315.5745267,1726228224.0,paragliders,20368461
447625.32086741185,6870144.195649018,1726228608.0,paragliders,20368461
447578.96879657794,6870264.123637531,1726228352.0,paragliders,20368463
447710.7881047679,6870236.939871215,1726228736.0,paragliders,20368463
447665.9355644759,6870230.407509237,1726228608.0,paragliders,20368466
447525.1737346078,6870310.924305896,1726226816.0,paragliders,20368475
447648.4211999105,6870224.761171389,1726227328.0,paragliders,20368475
447625.9043286312,6870384.951969363,1726830208.0,paragliders,20368835
447599.1565477761,6870256.98868637,1726830976.0,paragliders,20368835
445793.7813674147,6874765.67668252,1729603968.0,paragliders,20369530
446145.02534076176,6874846.0018398035,1729597696.0,paragliders,20369533
446155.2979825531,6874761.0278913,1729599232.0,paragliders,20369533
445790.61932208604,6874487.2860225495,1729603968.0,paragliders,20369533
445856.58881919243,6874561.824671282,1729605888.0,paragliders,20369533
447685.143167495,6870253.237922429,1740742912.0,paragliders,20371656
447412.24536055594,6870448.510334418,1740745984.0,paragliders,20371659
447711.2420159856,6870305.786281791,1740742528.0,paragliders,20371660
447657.21203097445,6870365.69300867,1740742450.604799,paragliders,20371661
448007.21709670883,6870009.942785064,1740741760.0,paragliders,20371662
448185.3404982955,6870158.767522581,1740741760.0,paragliders,20371666
448152.9171859691,6870180.994134489,1740741760.0,paragliders,20371668
447914.7890475853,6870110.762634016,1740742144.0,paragliders,20371687
447411.3913249769,6870509.892581542,1740746624.0,paragliders,20371706
448361.2151658991,6870255.672371175,1740741888.0,paragliders,20371711
448166.0684026646,6870072.83336211,1740741888.0,paragliders,20371712
448033.00809402834,6870099.822073574,1740742016.0,paragliders,20371721
447348.0591569467,6870493.4842861155,1740739200.0,paragliders,20371725
447627.43463527126,6870195.380607834,1740739968.0,paragliders,20371725
447792.84946997405,6870214.842725396,1740740096.0,paragliders,20371725
448103.9516423182,6870124.161828499,1740741888.0,paragliders,20371725
447816.8099046361,6870104.234280317,1740742144.0,paragliders,20371727
447812.7977041153,6870094.391608643,1740742144.0,paragliders,20371727
447810.16278009594,6870084.0648566075,1740742144.0,paragliders,20371727
447560.64328852016,6870851.069927716,1740744960.0,paragliders,20371736
447572.66302868957,6870828.152297239,1740744960.0,paragliders,20371736
447556.5777942241,6870816.782699763,1740744960.0,paragliders,20371736
447273.1686469919,6870520.743468852,1740745856.0,paragliders,20371736
447827.5809665227,6870260.717833589,1740744192.0,paragliders,20371737
447289.049641453,6870505.577554296,1740739456.0,paragliders,20371745
447720.0390733613,6870095.845035208,1740740096.0,paragliders,20371745
447691.1623640052,6870091.481264045,1740740224.0,paragliders,20371745
447693.6243961627,6870041.235581222,1740740224.0,paragliders,20371745
447939.0696271766,6870235.885223017,1740742144.0,paragliders,20371745
448055.40154763754,6870108.07193304,1740742016.0,paragliders,20371799
447621.2267616035,6870220.779770232,1740742400.0,paragliders,20371849
447430.8936094669,6870531.460871067,1741006848.0,paragliders,20371894
447435.21805306006,6870543.555153087,1741007104.0,paragliders,20371894
447675.7347364324,6870346.083083229,1740742528.0,paragliders,20372013
447940.1894404042,6870231.700433999,1741956352.0,paragliders,20372339
447520.28734395443,6870473.846293419,1741957632.0,paragliders,20372347
447915.50433548016,6870415.820751827,1741960192.0,paragliders,20372351
447799.44457683794,6870109.347688876,1743080576.0,paragliders,20372670
447658.05114434625,6870096.6499135755,1743080576.0,paragliders,20372680
447654.25713173876,6870095.968940724,1743080576.0,paragliders,20372680
447629.35164336965,6870105.332411297,1743080576.0,paragliders,20372680
447665.4765512695,6870129.062370031,1743080576.0,paragliders,20372680
447685.9568241058,6870129.949214274,1743080576.0,paragliders,20372680
448041.6957898646,6870207.246213083,1743080960.0,paragliders,20372689
447774.46860667825,6870300.065504152,1743240960.0,paragliders,20372712
447655.5046254432,6870155.177329407,1743080576.0,paragliders,20372737
447750.4754413974,6870285.31701057,1743082112.0,paragliders,20372764
447669.3076135981,6870420.682486019,1743082624.0,paragliders,20372764
447294.7165517778,6870768.64840541,1743418112.0,paragliders,20372815
447264.4634511218,6870816.289531924,1743418240.0,paragliders,20372818
447205.37300273735,6870858.286028715,1743418240.0,paragliders,20372819
447110.37366979156,6870775.239779328,1743423872.0,paragliders,20372821
447184.90897653496,6870760.866134183,1743418368.0,paragliders,20372847
447234.51625749737,6870780.306963977,1743418240.0,paragliders,20372862
447213.1318832155,6870816.264404885,1743418240.0,paragliders,20372862
447259.18351496797,6870789.590386525,1743418240.0,paragliders,20372868
447294.8960087513,6870448.6384968525,1744033920.0,paragliders,20373524
447234.51012111385,6870450.663031345,1744034688.0,paragliders,20373524
447463.3784377906,6870267.21250919,1744034944.0,paragliders,20373524
447349.75135645707,6870211.690083309,1744110208.0,paragliders,20373604
447595.671635366,6870157.441712542,1744112640.0,paragliders,20373608
447432.7311294464,6870267.575774125,1744110080.0,paragliders,20373716
447651.18536681257,6870178.439534516,1744284288.0,paragliders,20374242
447809.5200399319,6870195.180639532,1744284928.0,paragliders,20374242
447683.9394460479,6870159.971430359,1744285568.0,paragliders,20374242
445975.73936650733,6874771.590048463,1744887552.0,paragliders,20374514
445432.0417079589,6874354.517136431,1745332352.0,paragliders,20374707
445500.20969019714,6874410.386692978,1745332352.0,paragliders,20374707
445448.38294657285,6874372.665068423,1745332480.0,paragliders,20374707
446002.0729334482,6874805.902321402,1745325056.0,paragliders,20374771
445999.52977069723,6874814.402227127,1745325056.0,paragliders,20374771
446037.7815115903,6874852.625766207,1745325056.0,paragliders,20374771
446047.0571066257,6874852.281880881,1745325056.0,paragliders,20374771
446083.5752898335,6874796.941898643,1745325056.0,paragliders,20374771
447808.817214288,6870204.579015006,1745757824.0,paragliders,20374985
447609.2815004696,6870169.204886788,1745751040.0,paragliders,20374987
447612.38449506444,6870164.411293297,1745751040.0,paragliders,20374987
447772.1929795203,6870250.275891885,1745751168.0,paragliders,20374987
447614.8922936096,6870379.100745864,1745760000.0,paragliders,20374994
447310.6250775304,6870588.372989069,1745750016.0,paragliders,20375000
447422.0599919072,6870509.267771061,1745750784.0,paragliders,20375000
447881.28054456814,6870242.021010449,1745751424.0,paragliders,20375000
447370.707438042,6870539.546470265,1745750016.0,paragliders,20375009
447241.96437018545,6871004.683991452,1745750272.0,paragliders,20375009
447251.2390931085,6871011.88813165,1745750272.0,paragliders,20375009
447261.6021539059,6871011.261170033,1745750272.0,paragliders,20375009
447850.80142982054,6870156.760951914,1745751424.0,paragliders,20375009
447360.6483020936,6870467.254167027,1745750784.0,paragliders,20375013
447758.264888068,6870293.940324458,1745751168.0,paragliders,20375013
447919.2479104389,6870130.834387901,1745751424.0,paragliders,20375013
447950.93053182086,6870223.184363049,1745751424.0,paragliders,20375013
447827.393362671,6870261.591697664,1745751168.0,paragliders,20375018
447761.25265061995,6870231.050530915,1745751168.0,paragliders,20375018
447784.8556324404,6870175.906936757,1745751168.0,paragliders,20375018
447481.2167800725,6870370.27801206,1745752064.0,paragliders,20375044
447953.6569602185,6870142.974065174,1745751424.0,paragliders,20375046
447415.24785359134,6870341.2315561045,1745750912.0,paragliders,20375048
447885.8432746363,6870213.038676254,1745751552.0,paragliders,20375048
447391.51088286366,6870458.1409154795,1745750784.0,paragliders,20375052
447408.428104332,6870493.315589886,1745750784.0,paragliders,20375052
447432.234110537,6870505.302889138,1745750784.0,paragliders,20375052
447977.61028716457,6870079.707779534,1745751040.0,paragliders,20375052
448091.3447085732,6870057.744933731,1745751296.0,paragliders,20375052
448120.54489290406,6870048.641269752,1745751296.0,paragliders,20375052
448131.2238795976,6870051.038446535,1745751296.0,paragliders,20375052
448144.02145418996,6870063.160364242,1745751296.0,paragliders,20375052
447892.04845208797,6870194.043557898,1745751680.0,paragliders,20375052
447877.5907765763,6870151.777349076,1745751680.0,paragliders,20375052
447897.5532225642,6870097.626505929,1745751680.0,paragliders,20375052
447827.6070034342,6870173.609813635,1745751424.0,paragliders,20375053
447627.4571743302,6870216.161847365,1745751168.0,paragliders,20375057
447622.8486489472,6870232.31727582,1745751168.0,paragliders,20375057
447831.26081639435,6870280.988004366,1745751424.0,paragliders,20375057
447498.4507732053,6870393.939156976,1746795904.0,paragliders,20376447
447483.64316845994,6870439.061747738,1746789120.0,paragliders,20376486
447438.9914929755,6870395.344088402,1747563136.0,paragliders,20377143
447567.37694836967,6870344.318442096,1747563008.0,paragliders,20377144
447451.2492803972,6870265.907974178,1747566080.0,paragliders,20377151
447560.5875182954,6870352.879807423,1747563008.0,paragliders,20377164
447747.21421425213,6870173.162512491,1747564032.0,paragliders,20377195
447434.67845668935,6870550.674712829,1747563392.0,paragliders,20377325
447933.42593087134,6870125.228739233,1747563904.0,paragliders,20377347
447471.256699136,6870512.844252571,1747564416.0,paragliders,20377361
447313.3978699803,6870545.3245405005,1747563392.0,paragliders,20377367
447495.9137775273,6870443.309107738,1747574144.0,paragliders,20377372
447364.82253768796,6870526.281717018,1747569152.0,paragliders,20377377
447455.29907518916,6870401.306733062,1747569408.0,paragliders,20377377
447410.5273678354,6870343.718084448,1747563520.0,paragliders,20377391
447537.4836929294,6870396.368182059,1747652096.0,paragliders,20377576
447386.4894864561,6870704.595751277,1747650944.0,paragliders,20377578
447391.1210398454,6870447.784364068,1747649920.0,paragliders,20377580
447366.60928830365,6870482.109322393,1747650688.0,paragliders,20377621
447373.80377896724,6870471.199457664,1747650688.0,paragliders,20377621
447388.1340527072,6870454.721471377,1747650688.0,paragliders,20377621
447107.0785237999,6870692.157780324,1747650304.0,paragliders,20377624
447305.8193648676,6870414.803879582,1747646464.0,paragliders,20377635
447324.44782727596,6870442.666909489,1747646464.0,paragliders,20377635
447332.3440951408,6870453.505378779,1747646464.0,paragliders,20377635
447341.9350590408,6870454.90812374,1747646464.0,paragliders,20377635
447365.63228607236,6870445.9613065785,1747646464.0,paragliders,20377635
447410.59815886687,6870344.475068271,1747646464.0,paragliders,20377635
447413.72046572476,6870351.7614888,1747646464.0,paragliders,20377635
447749.78216608946,6870196.105328503,1747563904.0,paragliders,20377702
447362.13238328125,6870934.6809543995,1747651072.0,paragliders,20377720
447519.2104460733,6870490.345511796,1747654400.0,paragliders,20377825
447376.2456995734,6870371.487826874,1747563648.0,paragliders,20378138
447940.3934822361,6870178.970525815,1747563776.0,paragliders,20378138
445991.6792415015,6874722.362010628,1748612096.0,paragliders,20378572
446201.4519012348,6871455.144808933,1748867072.0,paragliders,20379131
445957.65629208396,6874971.717117782,1749376512.0,paragliders,20379309
446141.8992670882,6874957.692270804,1749372800.0,paragliders,20379354
445950.75153305434,6874971.172505133,1749373056.0,paragliders,20379360
446110.4208267472,6874939.669525667,1749372800.0,paragliders,20379375
446106.50765061524,6874946.230661232,1749372800.0,paragliders,20379375
446105.81337864103,6874952.905008742,1749372800.0,paragliders,20379375
446004.9381561781,6874934.114342148,1749373056.0,paragliders,20379382
446012.9170150508,6874978.587909528,1749376512.0,paragliders,20379390
446057.81071708124,6874939.941144969,1749373056.0,paragliders,20379404
445282.9221477785,6874623.115471683,1749472512.0,paragliders,20379405
445983.24397471006,6874889.140543173,1749479808.0,paragliders,20379432
446064.94800453185,6874811.389317299,1749481344.0,paragliders,20379432
446066.0011397921,6874924.3677178435,1749468032.0,paragliders,20379462
446009.36864546733,6874958.31550114,1749468032.0,paragliders,20379462
446117.8791731016,6874910.469575713,1749468032.0,paragliders,20379462
446094.5748227262,6874794.441961297,1749469440.0,paragliders,20379462
445836.80300735374,6874895.800252347,1749469568.0,paragliders,20379462
445974.6688657885,6874824.730464316,1749469568.0,paragliders,20379462
445953.90794316126,6874845.890480958,1749469568.0,paragliders,20379462
445973.77542347513,6874831.148710873,1749469568.0,paragliders,20379462
446142.30931850383,6874882.440404766,1749470720.0,paragliders,20379485
446133.9125795593,6874876.463738568,1749470720.0,paragliders,20379485
447996.8756562071,6870176.738062595,1750082176.0,paragliders,20379826
447998.5413105832,6870177.280598058,1750082176.0,paragliders,20379826
448011.0687198205,6870071.965648134,1750082304.0,paragliders,20379826
447992.562182091,6870076.180061209,1750082304.0,paragliders,20379826
447675.8257059983,6870244.92453929,1750082432.0,paragliders,20379826
447495.3661171769,6870270.589517598,1750082560.0,paragliders,20379826
447654.3948925651,6870302.99916729,1750082560.0,paragliders,20379826
447601.58854023594,6870229.389753081,1750169088.0,paragliders,20379864
447383.1085648155,6870396.640847299,1750162688.0,paragliders,20379870
447581.71129571437,6870253.952688355,1750168960.0,paragliders,20379877
447412.29523949086,6870494.474940012,1750336512.0,paragliders,20379999
446108.3379860038,6874945.456555178,1750593920.0,paragliders,20380643
445919.71355395595,6874874.852843257,1750589056.0,paragliders,20380699
445991.8144773941,6874975.801440966,1750764544.0,paragliders,20380898
447366.40981524263,6870582.031192266,1751205248.0,paragliders,20381320
447572.3118562328,6870380.040774619,1751543040.0,paragliders,20381778
447420.86859212175,6870374.240426389,1751539072.0,paragliders,20381787
447598.70340686874,6870303.63243282,1751540352.0,paragliders,20381788
447654.84083350765,6870521.332168653,1751539072.0,paragliders,20381790
447357.801951729,6870585.198556305,1751542400.0,paragliders,20381791
447665.3776826756,6870466.238061617,1751539072.0,paragliders,20381809
447254.0011695265,6870584.773488348,1751542528.0,paragliders,20381812
447622.72446052486,6870438.604233032,1751539072.0,paragliders,20381813
447519.8425186571,6870361.998237767,1751539200.0,paragliders,20381823
446384.6462361174,6872032.676900367,1752071296.0,paragliders,20382172
446028.22691009246,6874863.583048606,1752073728.0,paragliders,20382175
447533.02358827135,6870325.096903551,1752233344.0,paragliders,20382347
447775.618721878,6870319.258502949,1752315776.0,paragliders,20382445
447356.9318145315,6870461.4467406925,1752315904.0,paragliders,20382510
447360.36431345425,6870477.549626933,1752315904.0,paragliders,20382510
447578.50189151074,6870413.850816344,1752315904.0,paragliders,20382510
447625.1531574553,6870181.260462027,1752320384.0,paragliders,20382650
447499.6240877233,6870226.673780345,1752321024.0,paragliders,20382650
447349.9903205862,6870433.121063952,1752322304.0,paragliders,20382660
446011.7932945324,6874693.159292352,1752409728.0,paragliders,20382686
447261.6689182437,6870480.808165369,1754822528.0,paragliders,20384470
447408.0053989473,6870546.82369241,1754823552.0,paragliders,20384470
447457.016908147,6870350.9553760635,1754822656.0,paragliders,20384471
447419.5224561684,6870391.720670887,1754822912.0,paragliders,20384471
447437.7470915374,6870432.716141374,1754822912.0,paragliders,20384471
447442.1400598062,6870432.46075946,1754822912.0,paragliders,20384471
447371.2787211426,6870495.527773792,1754823424.0,paragliders,20384471
447324.9058282579,6870454.466302622,1754822784.0,paragliders,20384474
447384.2230076925,6870298.753743321,1754823552.0,paragliders,20384474
447324.311414815,6870505.846475412,1754821248.0,paragliders,20384504
447222.4526432884,6870835.9978733435,1754821504.0,paragliders,20384504
447175.3685023746,6870784.735445473,1754821504.0,paragliders,20384504
447152.2309011222,6870821.688731576,1754821504.0,paragliders,20384504
447595.4405527554,6870247.875513205,1754822400.0,paragliders,20384504
447513.43421656743,6870467.226524433,1754822656.0,paragliders,20384504
447303.5178806253,6870558.383092734,1754823552.0,paragliders,20384504
447266.7984845039,6870464.497286316,1754819328.0,paragliders,20384506
447184.3178189463,6870603.54522521,1754819584.0,paragliders,20384513
447362.7191115022,6870504.150899847,1754828416.0,paragliders,20384524
447278.9262958773,6870600.16277671,1754818816.0,paragliders,20384542
447393.99229101255,6870575.544518498,1755260416.0,paragliders,20385066
447349.5205469812,6870520.252313513,1755260672.0,paragliders,20385068
447601.1324875358,6870286.27585398,1755261056.0,paragliders,20385068
447617.40314746246,6870358.164571098,1755265024.0,paragliders,20385138
447358.9997150131,6870525.012838752,1755265280.0,paragliders,20385138
447469.836307569,6870421.849198164,1755265408.0,paragliders,20385220
447479.2632648881,6870359.698673495,1755265408.0,paragliders,20385220
447498.38698599086,6870359.000614912,1755265408.0,paragliders,20385220
447738.50536479964,6870300.9973900765,1755265408.0,paragliders,20385220
447747.8985819276,6870476.738755373,1755856384.0,paragliders,20385619
447367.5174186567,6870287.103596663,1755857408.0,paragliders,20385622
447359.4376577776,6870250.7057351675,1755857664.0,paragliders,20385622
447451.96197590756,6870308.660586229,1755857664.0,paragliders,20385622
447526.4922414236,6870288.419291453,1755857664.0,paragliders,20385622
447433.9683355712,6870466.41757154,1755856256.0,paragliders,20385626
447457.57404307014,6870320.74641068,1755857664.0,paragliders,20385631
447893.508582741,6870036.11866671,1755858688.0,paragliders,20385631
448523.1001228502,6870323.04000959,1755870976.0,paragliders,20385633
447836.3200421234,6870137.59099178,1755860224.0,paragliders,20385644
447474.4725684373,6870484.311726298,1755856256.0,paragliders,20385651
447432.8973506215,6870321.697224039,1755862912.0,paragliders,20385658
447916.15160871245,6870423.232100361,1755863296.0,paragliders,20385658
447677.21218124987,6870156.5060414905,1755856512.0,paragliders,20385661
447591.4149213339,6870225.710948357,1755861376.0,paragliders,20385663
447588.8794565023,6870229.558415204,1755861376.0,paragliders,20385663
447588.27652865695,6870235.767877768,1755861376.0,paragliders,20385663
447636.5089378719,6870302.265634028,1755861632.0,paragliders,20385663
447841.6644425917,6870140.127497127,1755863168.0,paragliders,20385663
447955.69219246873,6870406.345893212,1755863296.0,paragliders,20385663
447376.1930180472,6870242.468266335,1755855488.0,paragliders,20385676
447465.39331298484,6870464.497226228,1755856000.0,paragliders,20385676
447350.3358359156,6870380.774360931,1756042368.0,paragliders,20385798
447420.4526650451,6870453.800652396,1755856000.0,paragliders,20385909
445877.5984783886,6874830.325791522,1757331328.0,paragliders,20386395
447367.29818433116,6870527.135474109,1774009088.0,paragliders,20390231
447255.55436963594,6870695.50961998,1774010368.0,paragliders,20390231
447393.86769616825,6870400.48457164,1774009216.0,paragliders,20390241
447192.3395916427,6870597.214785532,1774010496.0,paragliders,20390241
447995.52257620695,6870286.7751099765,1774010880.0,paragliders,20390241
447855.91859829007,6870323.083919532,1774010880.0,paragliders,20390241
447386.8039094158,6870568.253428462,1774011136.0,paragliders,20390241
447349.7854748884,6870644.769399036,1774011904.0,paragliders,20390241
447251.029618995,6870423.666238505,1774009088.0,paragliders,20390244
447239.47783415305,6870471.812224752,1774009088.0,paragliders,20390244
447508.0333591581,6870516.963200959,1774009216.0,paragliders,20390244
447550.7318285112,6870432.437740653,1774009856.0,paragliders,20390244
447465.89461138344,6870510.370862577,1774010496.0,paragliders,20390244
447522.32832208695,6870428.833403906,1774009856.0,paragliders,20390254
447454.7908802142,6870550.562580443,1774010496.0,paragliders,20390254
447400.15863806143,6870951.30592638,1774011776.0,paragliders,20390254
447399.04041325755,6870947.46813255,1774011776.0,paragliders,20390254
447451.0540593351,6870664.413715897,1774012160.0,paragliders,20390254
447531.9571178873,6870377.913151187,1774009216.0,paragliders,20390255
447568.87427258154,6870362.034147609,1774009216.0,paragliders,20390255
447559.45304241456,6870388.083458753,1774009216.0,paragliders,20390255
447260.17549837293,6870714.955075552,1774010496.0,paragliders,20390255
447541.46651486785,6870575.025101579,1774011136.0,paragliders,20390255
447518.1414710914,6870555.142248026,1774011136.0,paragliders,20390255
447486.6603610397,6870553.396373212,1774011136.0,paragliders,20390255
447466.8765673467,6870271.718516784,1774093952.0,paragliders,20390343
447400.1817601497,6870290.144073549,1774093952.0,paragliders,20390343
447359.7903905563,6870241.147724971,1774093952.0,paragliders,20390343
447525.1450683744,6870399.665523271,1774094208.0,paragliders,20390343
447511.8505753279,6870375.735441291,1774094336.0,paragliders,20390376
447452.6594417396,6870380.162653414,1774093440.0,paragliders,20390385
447522.3490422285,6870359.895077306,1774093824.0,paragliders,20390385
447668.85216681776,6870315.073358314,1774094208.0,paragliders,20390385
447481.67370837205,6870305.209869002,1774092544.0,paragliders,20390400
447596.2435412813,6870308.525773721,1774094208.0,paragliders,20390426
447652.88697881496,6870231.377086052,1774094208.0,paragliders,20390431
448282.5983488776,6870166.338632995,1774182144.0,paragliders,20390492
447583.1308016944,6870411.01660327,1774179712.0,paragliders,20390507
447625.9445309055,6870215.814409205,1774180480.0,paragliders,20390522
447626.8318158709,6870219.711333225,1774180480.0,paragliders,20390522
448230.28201227833,6870217.994577636,1774180608.0,paragliders,20390522
448212.0568858079,6870149.225804875,1774180736.0,paragliders,20390549
447441.8289915237,6870361.976110288,1774094336.0,paragliders,20390592
447480.5566064487,6870421.16767651,1774094336.0,paragliders,20390607
446000.24792480754,6874769.301205321,1774783104.0,paragliders,20390885
446061.75915745075,6874922.566192004,1774784896.0,paragliders,20390906
446077.2124088928,6874930.315262731,1774784896.0,paragliders,20390906
446080.83438569144,6874943.195227408,1774784896.0,paragliders,20390906
447535.8982226747,6870292.58014932,1776594688.0,paragliders,20392946
447544.3484017502,6870315.190809158,1776594816.0,paragliders,20392946
447549.8076507993,6870715.433989136,1776594944.0,paragliders,20392946
447529.63060170185,6870597.162997253,1776594944.0,paragliders,20392946
447700.7574252292,6870243.301953646,1776594176.0,paragliders,20392947
447303.4690958696,6870387.825307288,1776591232.0,paragliders,20392959
447710.2042174831,6870332.188131621,1776594176.0,paragliders,20393035
447410.0766894502,6870356.969892872,1777125376.0,paragliders,20393602
447681.90665149596,6870101.44168345,1777125120.0,paragliders,20393616
447746.6509555031,6870104.345486261,1777125120.0,paragliders,20393629
447434.752578381,6870389.115714082,1777130624.0,paragliders,20393629
447701.66978727194,6870093.9230570095,1777125120.0,paragliders,20393677
447467.66836770304,6870475.193677688,1777286784.0,paragliders,20393996
447464.2991114432,6870433.97868368,1777287808.0,paragliders,20393996
447905.7563704552,6870310.020928664,1777288576.0,paragliders,20393996
447536.2292160518,6870267.744382581,1777289088.0,paragliders,20393996
447551.57968986843,6870356.740250282,1777287680.0,paragliders,20394012
447591.76137075294,6870325.78943799,1777287808.0,paragliders,20394012
447502.21533756884,6870297.37649144,1777289216.0,paragliders,20394012
447444.05989378254,6870501.765806617,1777289344.0,paragliders,20394012
447382.65257066034,6870295.396230337,1777290752.0,paragliders,20394026
447375.1604298715,6870454.485452944,1777290880.0,paragliders,20394026
447372.61357052036,6870481.386446091,1777290880.0,paragliders,20394026
447235.4193721934,6870607.999781377,1777291136.0,paragliders,20394029
447349.0258724213,6870400.872765547,1777287936.0,paragliders,20394049
447434.4038318527,6870544.611090411,1777289344.0,paragliders,20394049
447630.1570610823,6870024.074884432,1777291648.0,paragliders,20394060
447660.70838662924,6870014.117989221,1777291648.0,paragliders,20394060
447661.7042073469,6870024.3924705135,1777291776.0,paragliders,20394060
447661.946379733,6870032.349713333,1777291776.0,paragliders,20394060
447527.64606054535,6870272.954487711,1777289088.0,paragliders,20394061
447299.1197361639,6870542.738301781,1777291264.0,paragliders,20394100
447321.5085430619,6870555.46636392,1777291008.0,paragliders,20394125
447321.97979719203,6870596.347568117,1777291008.0,paragliders,20394145
446079.8339491019,6874594.604550485,1778584576.0,paragliders,20395076
446036.7758463782,6874720.583320807,1778584448.0,paragliders,20395085
445933.5138147387,6874751.021228652,1778588895.9971519,paragliders,20395376
445940.8065798472,6874748.461261359,1778588928.0,paragliders,20395376
445947.0074698241,6874744.703578893,1778588928.0,paragliders,20395376
445915.83734326,6874724.05401156,1778588928.0,paragliders,20395376
445930.5499870796,6874776.312534879,1778588928.0,paragliders,20395376
447278.77044737857,6870649.72380728,1779626752.0,paragliders,20396088
446094.2061011808,6874647.918662728,1781620736.0,paragliders,20398226
447584.6057442198,6870206.608151391,1782040320.0,paragliders,20398909
447533.59593307733,6870458.665481238,1782040960.0,paragliders,20398909
447522.2575701517,6870307.162007122,1782041728.0,paragliders,20398909
447522.49231700937,6870415.321606736,1782302848.0,paragliders,20399327
447448.0274269125,6870281.280967829,1782301952.0,paragliders,20399334
447662.64476560394,6870359.321404194,1782302720.0,paragliders,20399334
447608.3265745442,6870324.907731032,1782302720.0,paragliders,20399347
