x,y,utc,discipline,flight_id
442262.7149539989,6862716.949458363,1245673856.0,paragliders,20082573
440130.9400103717,6862250.585008589,1274441856.0,paragliders,20092346
441875.57754975953,6862536.180692179,1284292096.0,paragliders,20100179
440687.1264512007,6864488.652938345,1309783040.0,paragliders,20107063
443459.50918862375,6863055.851711111,1309528064.0,paragliders,20107104
441481.0553862501,6861638.025489038,1311939968.0,paragliders,20107638
444464.3848303179,6864051.864889712,1337171456.0,paragliders,20115007
444168.93833608134,6860934.161035453,1346762880.0,paragliders,20121263
444103.02504397766,6860873.096617935,1346763008.0,paragliders,20121271
442297.2741433088,6861318.088254411,1347717632.0,paragliders,20121919
442485.56049734604,6860690.358616056,1367146624.0,paragliders,20126855
442901.4544853174,6860578.413573214,1367149696.0,paragliders,20126945
443297.853046266,6863255.5843684,1370174848.0,paragliders,20128859
443212.85469567985,6864295.266828618,1370174592.0,paragliders,20128863
444278.25181342044,6861968.32163495,1370179456.0,paragliders,20128957
444654.09255629755,6864924.372194325,1373814144.0,paragliders,20131715
440201.49010389956,6860164.515336817,1373815296.0,paragliders,20131715
443916.3033363637,6861213.649517965,1370179712.0,paragliders,20131837
442800.2607065067,6864996.761223128,1377694720.0,paragliders,20135511
441149.1348916968,6860408.581340857,1378035200.0,paragliders,20135965
440828.1457303615,6860437.937825422,1378035072.0,paragliders,20136015
440819.14770965,6860357.139589518,1378035072.0,paragliders,20136015
440781.53872378136,6860361.806922997,1378035072.0,paragliders,20136015
440051.89765628346,6864067.366138426,1400329856.0,paragliders,20144893
444617.9304207744,6862231.745793477,1406289792.0,paragliders,20150995
443007.3838955268,6861023.313639889,1406292992.0,paragliders,20151033
443022.5760257497,6860863.189228517,1427117184.0,paragliders,20158917
443301.0624326388,6863799.7968466105,1427115136.0,paragliders,20158953
443887.08130860847,6860079.933921377,1434296064.0,paragliders,20168131
443622.56872668513,6863954.10254495,1441545600.0,paragliders,20177069
442385.1176348883,6863665.935219806,1441543296.0,paragliders,20177094
440448.0909661773,6864352.114259771,1457790208.0,paragliders,20181220
441962.1496366889,6864416.736074748,1459511040.0,paragliders,20183023
441107.99476571835,6860992.154887312,1491481472.0,paragliders,20208758
441046.5667147976,6860944.755218309,1491481472.0,paragliders,20208758
441057.81496783585,6860950.639780788,1491481472.0,paragliders,20208758
441759.39312885626,6864561.874631376,1491909632.0,paragliders,20210537
441791.7944866411,6863782.568035554,1496236032.0,paragliders,20217036
442406.0029727622,6862517.14083977,1496246784.0,paragliders,20217065
442645.86332086363,6864363.509965731,1497711744.0,paragliders,20218835
442598.73738407803,6864206.481776724,1497711744.0,paragliders,20218835
442512.0424996397,6864196.593423224,1497711744.0,paragliders,20218835
440457.5926022939,6864737.305462297,1500293120.0,paragliders,20221681
441822.462218635,6860418.531050293,1521639808.0,paragliders,20230659
444233.2452391546,6864864.823088024,1521634816.0,paragliders,20230667
442717.5353099028,6860875.225529802,1525441152.0,paragliders,20237946
442299.603626249,6864928.645324431,1529494400.0,paragliders,20242042
440604.88105530944,6861761.653170618,1529494912.0,paragliders,20242042
441330.74073649023,6862013.879524965,1529495296.0,paragliders,20242171
442088.16317562794,6861547.843045593,1529504132.8265984,paragliders,20242171
442811.87704864086,6864763.014299758,1529505280.0,paragliders,20242171
442593.36382220034,6860893.608174818,1529670400.0,paragliders,20242503
443945.5326485762,6861467.308804334,1529840896.0,paragliders,20242735
443426.7286636337,6862208.832121186,1529838080.0,paragliders,20242768
443865.40443874313,6863830.037276692,1529839360.0,paragliders,20242879
443546.04326176026,6863457.29546394,1529838976.0,paragliders,20242975
443162.7654821354,6863175.786306816,1531307776.0,paragliders,20245103
443940.2359042472,6864365.828525627,1531396608.0,paragliders,20245217
443396.5651294065,6863789.23538946,1531396864.0,paragliders,20245217
444494.4543663608,6863593.687200571,1531657216.0,paragliders,20245593
444451.5752041071,6863086.248609453,1531657472.0,paragliders,20245593
443117.5102834847,6863866.795681111,1537794688.0,paragliders,20253880
440652.7962651125,6863419.902410788,1537785472.0,paragliders,20253949
443250.1120040179,6861754.12169215,1553604864.0,paragliders,20258481
442174.1732116296,6863094.1957740905,1553691008.0,paragliders,20258549
442425.8771711332,6862022.365892607,1553690240.0,paragliders,20258607
442391.37130672246,6860934.715847329,1553690496.0,paragliders,20258612
443453.10732772824,6863948.896017849,1555065984.0,paragliders,20260657
443459.55698909186,6863962.168378299,1555065984.0,paragliders,20260657
443475.93545877276,6863964.123789299,1555065984.0,paragliders,20260657
440756.4638836944,6863206.814622996,1555073152.0,paragliders,20260658
440744.42135182,6863198.5731157325,1555073152.0,paragliders,20260658
440717.6675509261,6863201.753171021,1555073152.0,paragliders,20260658
441430.0127357672,6863976.730350361,1555072640.0,paragliders,20260674
443831.5522994277,6864283.235551554,1555065856.0,paragliders,20260675
443835.5739868036,6864308.246815828,1555065856.0,paragliders,20260675
443800.26370566356,6864313.400172687,1555065856.0,paragliders,20260675
443781.80832226307,6864305.003965956,1555065856.0,paragliders,20260675
443761.8500422861,6864136.109273033,1555065856.0,paragliders,20260675
443673.5353101273,6864030.517017578,1555065856.0,paragliders,20260675
443681.87454256305,6864031.000396575,1555065856.0,paragliders,20260675
443689.3775183298,6864046.330335825,1555065856.0,paragliders,20260675
443655.8792637293,6864130.452197966,1555065856.0,paragliders,20260675
442840.55701298907,6860942.322595893,1555066368.0,paragliders,20260675
442809.2838838665,6860884.315065533,1555066368.0,paragliders,20260675
442830.3621861649,6860850.149111024,1555066368.0,paragliders,20260675
442827.67770621635,6860973.95748003,1555066368.0,paragliders,20260675
442815.1749710872,6860974.864759474,1555066368.0,paragliders,20260675
444909.20874027244,6863686.404536698,1555071744.0,paragliders,20260962
444922.2682298862,6863681.763117967,1555071744.0,paragliders,20260962
444937.3316597842,6863661.449582043,1555071744.0,paragliders,20260962
440613.5408991614,6863056.718080434,1555681664.0,paragliders,20261590
440574.7372225218,6863012.776950544,1555681664.0,paragliders,20261590
440508.46438247187,6863015.500501598,1555681664.0,paragliders,20261590
441681.4803992815,6863421.653977977,1557659648.0,paragliders,20264152
441948.35396742943,6860150.530355746,1566489728.0,paragliders,20274955
442755.3342029527,6862267.261737297,1566490240.0,paragliders,20274955
443234.9116593674,6861364.266646601,1568118144.0,paragliders,20276984
443879.3932302921,6862497.747939302,1568122624.0,paragliders,20276986
443529.0601148496,6862128.579593799,1568122752.0,paragliders,20276987
444691.8317051432,6863687.077524935,1568118016.0,paragliders,20277103
442906.77175494045,6863168.387841753,1590408064.0,paragliders,20281880
444045.7635059009,6863086.965777221,1594642816.0,paragliders,20286790
441297.3240638327,6860779.287932584,1595421184.0,paragliders,20288165
440418.81796922593,6863119.613813839,1614341888.0,paragliders,20296714
442730.66698851145,6864917.807820582,1622385664.0,paragliders,20301755
443939.11159870157,6864249.811948642,1630067712.0,paragliders,20308478
441511.24955250113,6862780.79655891,1632226816.0,paragliders,20310732
441657.83349063975,6862900.592850396,1632226688.0,paragliders,20310774
441005.4527461412,6864951.869291157,1650106240.0,paragliders,20317992
440785.8880063371,6864959.912163435,1650106240.0,paragliders,20317992
444713.10217264725,6863297.052957661,1650375936.0,paragliders,20318427
444733.0339644255,6863291.525156053,1650375936.0,paragliders,20318427
444762.02778338874,6863158.934829346,1650375936.0,paragliders,20318427
443040.6518965072,6864824.55349077,1650885888.0,paragliders,20318907
443004.21549523546,6864829.031368996,1650885888.0,paragliders,20318907
442992.972584128,6864834.724709299,1650885888.0,paragliders,20318907
443074.1246151652,6864545.749097624,1650886144.0,paragliders,20318919
443085.42290617735,6864713.73818802,1650886016.0,paragliders,20318943
443010.4853265272,6862126.362089817,1651235968.0,paragliders,20319437
440786.15979312005,6862908.904086178,1654093952.0,paragliders,20323233
441570.4520679938,6862648.310711162,1655123712.0,paragliders,20324092
442761.2935538589,6862418.048726496,1655120896.0,paragliders,20324124
440675.0072988573,6863023.420792702,1655121408.0,paragliders,20325263
442509.873870168,6860957.447055606,1657111680.0,paragliders,20325713
443853.920799056,6862385.042986734,1657281664.0,paragliders,20325809
444375.6492227149,6864532.053092463,1661693696.0,paragliders,20332128
441247.6992045606,6864062.878848591,1661955840.0,paragliders,20332395
440496.294982418,6863222.19117403,1661956096.0,paragliders,20332398
442534.06007094326,6864990.069547434,1663591424.0,paragliders,20333381
442104.0747591984,6864280.074600959,1663591552.0,paragliders,20333422
444607.7324057837,6861357.427820633,1665059200.0,paragliders,20334096
442388.10075059644,6860098.7479733545,1665059712.0,paragliders,20334096
440301.4568894684,6860512.765280186,1665059584.0,paragliders,20334104
441460.3628914401,6863702.048593558,1665060608.0,paragliders,20334104
444563.9183005459,6861880.1996204285,1680869888.0,paragliders,20338081
444103.18982662505,6863301.816744358,1680867328.0,paragliders,20338139
442579.4177785678,6862731.004453358,1680874752.0,paragliders,20338143
441526.1368409514,6861687.221630851,1680875136.0,paragliders,20338168
443334.5316998617,6864501.199725307,1680878976.0,paragliders,20338173
440412.1359899795,6864366.282674375,1680873600.0,paragliders,20338322
441634.05277936114,6862725.82718806,1681731712.0,paragliders,20339021
442803.5416679894,6860278.578954944,1684075392.0,paragliders,20341003
441853.13519921247,6863274.870625768,1684407424.0,paragliders,20341409
440032.1762438471,6860548.977919952,1684407936.0,paragliders,20341438
444039.88292191975,6864475.162072677,1684936064.0,paragliders,20341650
442526.1670705097,6863064.630744313,1685199232.0,paragliders,20341998
440568.2101433273,6861187.155260519,1697371008.0,paragliders,20354182
443778.4473251402,6862833.855794536,1713445888.0,paragliders,20357692
442869.06789580034,6860506.978464059,1713442304.0,paragliders,20357704
442521.0805798304,6862968.437612002,1715083904.0,paragliders,20358540
441415.950021781,6864868.094246748,1715083264.0,paragliders,20358556
443302.94035262335,6861344.164319248,1717685248.0,paragliders,20361709
444299.6830879331,6863680.612303325,1719152896.0,paragliders,20362607
443396.92418247496,6864221.366546503,1719315584.0,paragliders,20362719
441497.1810125287,6863262.683755465,1719315328.0,paragliders,20362748
443951.5332860141,6860654.556307242,1726233728.0,paragliders,20368447
443246.66682715766,6864457.046133826,1726224512.0,paragliders,20368451
440216.1633234317,6862974.4760252405,1740744064.0,paragliders,20371660
441798.0628414624,6864705.314226924,1740743424.0,paragliders,20371687
441298.47130278713,6863479.491447847,1740743424.0,paragliders,20371711
440757.66789120546,6863526.551117217,1740743936.0,paragliders,20371745
443790.7601443929,6864629.682010425,1745753600.0,paragliders,20374986
443815.5922610547,6864701.613383346,1745753472.0,paragliders,20374987
443966.39636911784,6861976.352083229,1745762304.0,paragliders,20375006
441718.01529034134,6861160.143325642,1745753216.0,paragliders,20375018
441814.31658636325,6861272.162980003,1745753344.0,paragliders,20375052
441798.78836048895,6861300.969550449,1745753344.0,paragliders,20375052
441749.1380709045,6861306.430137646,1745753344.0,paragliders,20375052
443861.30184810126,6864740.024607086,1745753472.0,paragliders,20375057
442288.8984993983,6864841.396513353,1747566208.0,paragliders,20377149
442392.28095737885,6864936.330403241,1747566080.0,paragliders,20377182
440638.800899196,6862436.966562133,1747566336.0,paragliders,20377195
442045.9942703142,6864788.572416018,1747566336.0,paragliders,20377347
441865.902748574,6864757.95017814,1747566336.0,paragliders,20378138
441038.5916892686,6860034.321123873,1745753600.0,paragliders,20378139
442788.17707478226,6862273.549496604,1750084864.0,paragliders,20379826
440252.03297656716,6861539.908594334,1750165248.0,paragliders,20379870
444115.0692655106,6861351.622815671,1751541888.0,paragliders,20381767
441468.02830266237,6864715.729162653,1751544576.0,paragliders,20381786
444248.8228780475,6861596.58838995,1751541760.0,paragliders,20381809
444279.8097648006,6861647.568800256,1751541760.0,paragliders,20381813
443750.1704678917,6862505.00582007,1755858432.0,paragliders,20385619
443309.0972535682,6862290.37701518,1755859456.0,paragliders,20385622
443835.28924008674,6864086.906218713,1755858304.0,paragliders,20385642
442568.82368926186,6861618.291939315,1755858176.0,paragliders,20385676
441152.13510563737,6864336.522455242,1774094720.0,paragliders,20390323
441152.98689102207,6864333.516158179,1774094720.0,paragliders,20390323
441150.3692146756,6864269.633593291,1774094720.0,paragliders,20390323
441140.04167469236,6864673.233496057,1774095872.0,paragliders,20390376
440992.84765215684,6864520.829582163,1774095872.0,paragliders,20390376
440482.0310765417,6863721.191934299,1774096128.0,paragliders,20390376
441031.0200961499,6864166.696398557,1774094848.0,paragliders,20390397
440067.3918216763,6861969.128584109,1774096256.0,paragliders,20390431
444847.22490721836,6864073.675032508,1774181888.0,paragliders,20390522
442546.6125434091,6860798.030476545,1774181376.0,paragliders,20390563
443426.0792876396,6861588.561497357,1776596864.0,paragliders,20392946
440223.13873335475,6860878.592479287,1776595968.0,paragliders,20393035
443543.4983419952,6861038.081716569,1776595200.0,paragliders,20393043
440156.79508217797,6864015.218825913,1777293184.0,paragliders,20394029
440150.093924934,6863987.1408112515,1777293184.0,paragliders,20394029
440113.7413297607,6863935.514501498,1777293184.0,paragliders,20394029
443795.9235457566,6864892.6743861055,1777293184.0,paragliders,20394060
440386.8372515502,6863695.032952052,1782305024.0,paragliders,20399327
440404.56359251396,6863896.757572949,1782305152.0,paragliders,20399334
440410.775204469,6863932.038914171,1782305024.0,paragliders,20399347
447893.3769573984,6863417.068203627,1251029120.0,hang gliders,2985
445490.16152753355,6860530.057155376,1306935993.221589,paragliders,20106025
447460.50330854557,6861296.635391688,1367156096.0,paragliders,20126880
446511.9197456626,6864154.659805689,1373112704.0,paragliders,20130970
446411.7591346056,6863982.222546303,1373112832.0,paragliders,20130976
446334.07984528696,6863962.12037376,1373112832.0,paragliders,20131124
446087.16919491545,6860720.458321691,1397046528.0,paragliders,20141276
445583.6412607287,6863780.474087867,1403185024.0,paragliders,20148117
447145.10299075284,6862011.824067925,1430133760.0,paragliders,20163114
446957.2499113416,6860504.829273354,1430135168.0,paragliders,20163116
448927.9480086318,6861779.197142681,1435070208.0,paragliders,20168843
445822.33755982236,6860489.335518032,1462104960.0,paragliders,20185402
447873.0307697167,6863337.376857556,1470737152.0,paragliders,20196130
445267.3339968486,6864926.547226935,1471352064.0,paragliders,20197705
445275.7358890244,6864941.876055661,1471351936.0,paragliders,20197743
445154.87368270446,6861987.994547922,1475936128.0,paragliders,20203055
445869.354555021,6862285.433608521,1491914240.0,paragliders,20210574
445242.8012484885,6863207.368239847,1491917440.0,paragliders,20210725
448255.7581343847,6863458.635200589,1557072768.0,paragliders,20263702
445942.23438207293,6864283.885621952,1563020160.0,paragliders,20270849
446156.84714041837,6864495.108211842,1564754304.0,paragliders,20273313
449190.1158585426,6863653.278515273,1589900416.0,paragliders,20280860
446989.90894759865,6861493.352781476,1591098368.0,paragliders,20283210
445960.42331571237,6860625.6665456295,1591099136.0,paragliders,20283228
445940.75059640786,6860594.282790748,1591099136.0,paragliders,20283228
448404.41650706175,6861970.672007569,1594468480.0,paragliders,20286395
447480.30942731234,6863722.806479492,1622131072.0,paragliders,20301276
445272.988893891,6864723.63432235,1650375552.0,paragliders,20318427
446323.398281789,6863683.116715609,1661353856.0,paragliders,20331508
445982.8802205075,6861317.107955752,1665058944.0,paragliders,20334096
446075.06563171017,6861339.0221407525,1665058688.0,paragliders,20334104
448546.99504983536,6860471.48314466,1680865024.0,paragliders,20338156
445521.46485177614,6861530.451789734,1684412416.0,paragliders,20341512
448385.4784810749,6864366.879939723,1687350656.0,paragliders,20344775
448373.15285318054,6864357.1540773325,1687350528.0,paragliders,20344812
445132.0302250048,6863824.869938925,1713441792.0,paragliders,20357704
445107.0113023035,6863830.342678055,1713441792.0,paragliders,20357704
445114.29673372593,6863878.697238504,1713441792.0,paragliders,20357704
445402.1765949174,6864350.494346314,1713441664.0,paragliders,20357708
445453.76948791376,6864338.709032699,1713441536.0,paragliders,20357735
447592.4426037042,6864530.685851627,1715163008.0,paragliders,20358555
447645.18415666866,6863057.582191859,1715163136.0,paragliders,20358555
447595.11486035393,6864517.656671626,1715162880.0,paragliders,20358557
447597.207408901,6862906.959017603,1715163136.0,paragliders,20358557
447846.22657934704,6860701.95284604,1715163264.0,paragliders,20358557
445656.4739720347,6863408.661839405,1715172992.0,paragliders,20358575
447935.9779054498,6861771.376348697,1715165696.0,paragliders,20358582
447590.14475939545,6864466.541217632,1715163008.0,paragliders,20358583
447836.38356817974,6860946.026420045,1715163264.0,paragliders,20358583
447607.13085069356,6864554.000273818,1715162880.0,paragliders,20358593
447612.23356699815,6864494.895642968,1715162880.0,paragliders,20358599
447657.78870085574,6863016.606898989,1715163008.0,paragliders,20358599
445425.6241907495,6861760.872312135,1715172224.0,paragliders,20358812
446686.82823333616,6863531.383606503,1717933312.0,paragliders,20361864
449037.4996414032,6864343.454438448,1719152256.0,paragliders,20362600
449705.86416423426,6862959.732555737,1719151488.0,paragliders,20362606
449789.60339160496,6862798.181780209,1719151488.0,paragliders,20362607
446118.9005049068,6862859.078418354,1719409280.0,paragliders,20362804
448210.3571436913,6864356.553260577,1726230016.0,paragliders,20368463
448250.77802424366,6864266.354377543,1726230016.0,paragliders,20368463
448251.7534836529,6864250.680138351,1726230016.0,paragliders,20368463
447514.722717484,6862226.976379641,1726228224.0,paragliders,20368469
447477.53320860944,6862211.858393919,1745762560.0,paragliders,20374992
446477.9356033887,6864066.32193856,1745753344.0,paragliders,20375009
445827.04947523476,6860062.100104012,1745753984.0,paragliders,20375009
447169.3066623652,6864584.948129605,1751540480.0,paragliders,20381767
447288.6447289631,6864586.878458759,1751540480.0,paragliders,20381790
446859.93998928723,6860351.991069733,1751541504.0,paragliders,20381790
447227.7653530094,6864521.770450704,1751540480.0,paragliders,20381809
446329.0680115013,6863386.416388758,1751541120.0,paragliders,20381809
446182.171292644,6863231.571633669,1751541248.0,paragliders,20381809
446748.03494390374,6863729.850823867,1751540864.0,paragliders,20381813
445187.66730290157,6862171.7503027255,1751540224.0,paragliders,20381882
445130.92929911317,6864252.9204114005,1774181888.0,paragliders,20390526
445020.47776382125,6864035.551316589,1774181888.0,paragliders,20390557
446180.5542957202,6864171.034296964,1776594816.0,paragliders,20393043
450619.9778487809,6861244.660748409,1306928256.0,paragliders,20106028
453453.4080772172,6861885.48111465,1397052032.0,paragliders,20141298
452251.363419037,6861786.286918187,1434710784.0,paragliders,20168402
452951.80185528274,6860214.9130682545,1567954176.0,paragliders,20276898
450200.7031736177,6861113.171976963,1589900800.0,paragliders,20280860
452741.36053691694,6862631.103514485,1594466816.0,paragliders,20286443
452654.02959646244,6864184.751821504,1623756928.0,paragliders,20303568
453649.9212705608,6863250.448219244,1654087424.0,paragliders,20323258
451325.68049447064,6864738.655147659,1679920384.0,paragliders,20337694
450217.92008571513,6863923.819679471,1719150976.0,paragliders,20362607
450188.70631589246,6863926.290375015,1719150976.0,paragliders,20362607
450852.0720123253,6864069.4399342835,1719588608.0,paragliders,20363014
453674.39930157096,6864067.085138761,1751122688.0,paragliders,20381242
457899.3250600246,6863740.583666422,1310645760.0,paragliders,20107371
455657.5252987543,6864211.051942166,1472739328.0,paragliders,20199969
459444.49086639733,6860991.006366522,1506090240.0,paragliders,20226490
456500.21492722095,6863894.103592361,1525872128.0,paragliders,20238617
457263.86762073665,6863811.033714492,1531753984.0,paragliders,20245681
459537.9907362409,6864966.341226563,1534601856.0,paragliders,20249908
457436.0245118029,6864701.109203498,1537016448.0,paragliders,20253015
455319.77288410853,6861030.376006379,1567090816.0,paragliders,20276227
456823.70947077556,6860779.672794423,1567091072.0,paragliders,20276227
455412.26631850813,6863921.133525275,1622898688.0,paragliders,20302496
457205.7015465299,6864491.188864064,1630849920.0,paragliders,20309115
457524.80006926414,6863212.040390859,1630851712.0,paragliders,20309115
458029.9861978852,6864744.375527961,1685193856.0,paragliders,20342029
456611.3117948696,6864903.434733063,1687359872.0,paragliders,20344781
457765.20146000537,6863451.300488535,1692542592.0,paragliders,20349806
455959.2454063109,6860095.335546171,1719152896.0,paragliders,20362612
455501.32290976186,6864486.684940811,1719150976.0,paragliders,20362618
456227.5568085129,6864886.247238483,1719409920.0,paragliders,20362812
458132.4061100465,6863720.336090726,1719410560.0,paragliders,20362812
459887.3355446637,6861183.595392012,1719577856.0,paragliders,20362995
458182.0218298191,6862241.069565564,1748870400.0,paragliders,20379131
442464.2249814263,6866406.959729064,1273228288.0,paragliders,20092233
443093.3494936946,6869652.092719489,1283256192.0,paragliders,20094557
441099.07589123293,6868787.727509189,1303053312.0,paragliders,20102841
442257.86022687174,6869267.680925498,1304424320.0,paragliders,20104361
443135.3237975419,6869848.522622414,1309614976.0,paragliders,20107082
443916.2694466461,6865381.177092674,1311939200.0,paragliders,20107638
440670.4974199517,6866829.596683864,1332683136.0,paragliders,20112020
440447.29316039867,6866754.268149748,1332683136.0,paragliders,20112128
442868.70016164274,6868073.648547277,1332682624.0,paragliders,20112246
440657.95805543935,6866752.388486276,1332683008.0,paragliders,20112246
441315.7059906619,6869822.562697659,1336914816.0,paragliders,20114710
440578.67847837287,6869406.80574837,1336914944.0,paragliders,20114710
444259.86209642957,6867533.268181069,1336916736.0,paragliders,20114757
440387.10526851524,6865865.916073569,1344521088.0,paragliders,20119710
440388.1431009108,6865805.627022834,1344521088.0,paragliders,20119778
444745.4995170963,6867819.352022012,1346759424.0,paragliders,20121262
443887.5084822188,6869072.045313283,1347714304.0,paragliders,20121919
442184.7767685276,6865536.724038517,1368871680.0,paragliders,20128300
444839.2349809314,6865528.490357442,1373109760.0,paragliders,20131525
442191.3957128955,6865814.839682203,1374056832.0,paragliders,20131994
444789.2240425432,6867095.946740051,1397045248.0,paragliders,20141276
443155.46879925166,6867790.6806446705,1400152448.0,paragliders,20144725
444625.5625710232,6869349.006326651,1400239232.0,paragliders,20144798
441519.89826368954,6866521.082463258,1400324608.0,paragliders,20144828
443871.6568455836,6867095.385753946,1402574286.8108368,paragliders,20147710
443569.72623837914,6866855.156669068,1402574336.0,paragliders,20147710
443602.6512899069,6866805.654775566,1402574464.0,paragliders,20147710
443005.8649930811,6866718.784867063,1402574464.0,paragliders,20147710
442648.23727071565,6868642.326853447,1409745792.0,paragliders,20153449
442241.36201717885,6867685.085574742,1410357248.0,paragliders,20154273
441406.58221035835,6868193.092165333,1410608000.0,paragliders,20154476
444807.36087220546,6868675.55475742,1410606976.0,paragliders,20154509
441060.7620242554,6866130.418106256,1441539968.0,paragliders,20177049
443124.98276581516,6865837.4589220695,1441546496.0,paragliders,20177085
443666.7676804798,6868914.70145807,1443275776.0,paragliders,20178205
443431.09510411735,6868690.678144089,1443268096.0,paragliders,20178271
444207.09991882415,6868808.42951303,1457789312.0,paragliders,20181220
441753.07311964344,6867408.684564237,1464183168.0,paragliders,20188670
441332.7983382438,6869347.087736251,1471259008.0,paragliders,20197375
441950.4146492442,6867217.034250355,1475933952.0,paragliders,20203062
444411.7630933933,6868255.924657487,1476190208.0,paragliders,20203232
443479.02062901197,6867550.850498436,1476188288.0,paragliders,20203241
440023.5014785601,6867324.00229585,1476188544.0,paragliders,20203241
444672.086472871,6868805.276735813,1476188544.0,paragliders,20203248
444667.0098814396,6868754.275125598,1476188544.0,paragliders,20203248
444607.80379264854,6868795.003243438,1476188672.0,paragliders,20203248
444541.7443099862,6868759.225842316,1476188672.0,paragliders,20203248
444509.1686928918,6868840.684266889,1476188672.0,paragliders,20203248
444440.424449879,6868798.867562047,1476188672.0,paragliders,20203248
444393.3458483952,6868793.912634072,1476188672.0,paragliders,20203248
444405.2606776128,6868795.1763387425,1476188672.0,paragliders,20203248
444408.2548789106,6868804.84745709,1476188672.0,paragliders,20203248
444207.4997346877,6868800.234921625,1476188672.0,paragliders,20203248
441370.0671071083,6865105.982896089,1491915392.0,paragliders,20210539
442900.0314285145,6867537.448972332,1492699776.0,paragliders,20211563
441604.9776903082,6867041.473152718,1492699904.0,paragliders,20211563
444936.2826861422,6867402.755796791,1497711232.0,paragliders,20218835
444793.81390058965,6868703.6836129045,1497700736.0,paragliders,20218849
444772.384595689,6867036.308865656,1499520896.0,paragliders,20220984
444941.44552166795,6868622.914188921,1509364736.0,paragliders,20228671
443073.60558311123,6866809.87708312,1509364992.0,paragliders,20228671
443513.36191813,6867581.627158028,1509364864.0,paragliders,20229982
444448.06713795435,6865364.887282837,1521634816.0,paragliders,20230654
443307.5406327758,6869910.728364121,1522932608.0,paragliders,20231666
444689.28371747566,6868510.248646157,1529493760.0,paragliders,20242042
443203.3339336965,6866324.447914114,1529494144.0,paragliders,20242042
444651.38093098975,6868468.939797777,1529493888.0,paragliders,20242171
444656.33797773445,6868452.120479264,1529493888.0,paragliders,20242171
444629.6807931753,6868424.606169531,1529493888.0,paragliders,20242171
442346.76023944025,6865152.328866114,1529494528.0,paragliders,20242171
444671.10578952596,6866124.251553725,1529664640.0,paragliders,20242505
444541.6875191339,6865965.581284793,1529664768.0,paragliders,20242505
444449.7227004214,6865647.80312274,1529664768.0,paragliders,20242505
441204.83282284025,6866973.477988511,1529756032.0,paragliders,20242554
443950.5424123693,6868160.518760267,1529760000.0,paragliders,20242598
442818.8667580562,6869595.807632349,1529750272.0,paragliders,20242630
444843.69497599115,6865095.364099236,1529839360.0,paragliders,20242688
440252.8344330492,6866771.695390817,1529756160.0,paragliders,20242743
443415.9544859355,6868029.763054497,1529760256.0,paragliders,20242797
442687.51618750166,6869424.976772218,1529748992.0,paragliders,20243085
442568.37976336357,6869374.40929676,1529748992.0,paragliders,20243085
442696.3947787223,6869569.411489856,1529750272.0,paragliders,20243103
442068.6193158394,6869404.958713432,1529750400.0,paragliders,20243103
441662.56641151867,6869025.996734408,1529750528.0,paragliders,20243103
440890.71188541217,6866591.1647961885,1530015104.0,paragliders,20243287
444816.5905027016,6868546.683320772,1529758848.0,paragliders,20243289
443265.2326539864,6867516.633633344,1529765888.0,paragliders,20243389
444637.07827578567,6868101.092466051,1529669248.0,paragliders,20244084
442434.00379179954,6869780.286256546,1530890624.0,paragliders,20244470
444022.02135859797,6869618.019545363,1530968448.0,paragliders,20244580
443343.78828844655,6866621.142021443,1531398400.0,paragliders,20245160
441182.38296042674,6869456.527916872,1533130880.0,paragliders,20247914
443200.3382637645,6869109.22846389,1533482368.0,paragliders,20248551
443435.7176857703,6868793.600849252,1535897600.0,paragliders,20251392
443219.5306872817,6868494.416445999,1535897728.0,paragliders,20251392
442997.6840352799,6868543.965581443,1535897728.0,paragliders,20251392
442658.26434696355,6866485.568193993,1537784960.0,paragliders,20253949
442045.9323809263,6869275.065107186,1546432896.0,paragliders,20255959
444760.5165367043,6868665.533392196,1554033920.0,paragliders,20259585
444502.2227678445,6869102.88012733,1554033792.0,paragliders,20259627
440638.9125793327,6866158.453721345,1554036224.0,paragliders,20259817
441464.42133323255,6868684.960905582,1554033920.0,paragliders,20260089
440718.7663445729,6866715.814377353,1555073152.0,paragliders,20260635
442847.85040825146,6868788.891389949,1555154688.0,paragliders,20260750
440129.52271620394,6867533.207048309,1555854720.0,paragliders,20262264
440396.44915808475,6868476.029841645,1554034048.0,paragliders,20263418
440106.1183717968,6866805.209161969,1557657472.0,paragliders,20264038
444874.0107921924,6869349.739903833,1557657984.0,paragliders,20264173
440101.15764729655,6866802.917641504,1557657472.0,paragliders,20265282
442952.79018110555,6867218.564133851,1562065920.0,paragliders,20269758
444428.88795323716,6869225.980864944,1562329088.0,paragliders,20270041
441498.4829205983,6867907.46507542,1562329600.0,paragliders,20270041
440422.8635162854,6867764.348213016,1566401408.0,paragliders,20274901
442336.01001480315,6868122.417792401,1590407168.0,paragliders,20281712
442433.5095348633,6868561.395991046,1595084544.0,paragliders,20287308
443631.6135311254,6865666.932370562,1595420288.0,paragliders,20288165
441087.3203153994,6866088.483019453,1622130176.0,paragliders,20301242
440921.0967618713,6866039.887649239,1622130176.0,paragliders,20301242
440985.9540681158,6866066.783004127,1622130176.0,paragliders,20301242
444469.9531365497,6867999.685800054,1622376448.0,paragliders,20301688
442521.3681617031,6867655.68226868,1622372992.0,paragliders,20301827
444084.1427086576,6868396.10813907,1622376448.0,paragliders,20301847
441472.78180889465,6867590.294912279,1622376704.0,paragliders,20301847
443889.221146203,6869122.220235662,1626785536.0,paragliders,20305542
444255.1791482237,6869783.082077891,1626784896.0,paragliders,20305563
440329.5294251252,6866909.299378095,1626785408.0,paragliders,20305563
443515.3731741826,6868818.337282533,1626785664.0,paragliders,20305570
443038.9380776473,6868605.673228471,1626785920.0,paragliders,20305570
440427.695734057,6868871.803724915,1626781312.0,paragliders,20305583
441401.2246042115,6869644.913967123,1626782976.0,paragliders,20306009
441407.248142794,6869641.283857506,1626782976.0,paragliders,20306009
441417.37411325966,6869626.284179533,1626782976.0,paragliders,20306009
440137.2863695862,6867501.906898051,1630672768.0,paragliders,20309017
444561.6293976925,6867282.221767088,1632225664.0,paragliders,20310732
444936.0276743524,6867712.244488624,1632225536.0,paragliders,20310774
444808.90478276473,6868421.406624902,1648983168.0,paragliders,20317203
443530.4415749739,6866544.578182426,1650105728.0,paragliders,20317906
442056.19105823355,6865776.996088297,1650105984.0,paragliders,20317906
444713.6177651451,6869417.871529117,1650115328.0,paragliders,20317959
441861.888365933,6868642.238225917,1650115840.0,paragliders,20317959
440322.37632189895,6868383.5619794475,1650116096.0,paragliders,20317959
440149.97896389925,6867337.042911015,1650116992.0,paragliders,20317965
444105.0228889755,6868203.281542616,1650115328.0,paragliders,20317974
441162.1063065605,6865070.420786966,1650106240.0,paragliders,20317992
441108.12614031753,6865090.363336131,1650106240.0,paragliders,20317992
441039.4579146414,6865035.698126701,1650106240.0,paragliders,20317992
442415.34397754015,6867313.923333824,1650110592.0,paragliders,20317995
443327.7864836092,6867872.045805744,1650110592.0,paragliders,20318684
443562.3831754628,6865449.398360789,1650885888.0,paragliders,20318918
444911.6343969853,6867817.289037476,1650886784.0,paragliders,20318939
442970.9273105815,6869358.916261054,1650974208.0,paragliders,20318948
440003.99281347106,6869235.728259748,1650974336.0,paragliders,20318974
440701.17291684164,6869490.555753847,1650974208.0,paragliders,20318977
443172.3894896744,6869502.072448209,1650974208.0,paragliders,20319011
443919.69641259714,6869135.709357152,1651065600.0,paragliders,20319038
442677.4015377538,6868889.935033101,1651057792.0,paragliders,20319060
442937.3208592768,6867579.562527852,1651057920.0,paragliders,20319090
443526.1050761862,6867679.796067035,1651577088.0,paragliders,20320002
443526.6751419467,6867678.645254491,1651577088.0,paragliders,20320002
443551.63351247256,6867659.378873751,1651577088.0,paragliders,20320002
443550.25973242463,6867670.086417314,1651577088.0,paragliders,20320002
443514.42316271586,6867671.549702276,1651577088.0,paragliders,20320002
442298.7689119072,6866882.066143768,1651577216.0,paragliders,20320002
444673.7445635046,6867270.989081909,1655120000.0,paragliders,20324124
442067.4281342931,6868877.825448265,1657969536.0,paragliders,20327101
441403.06102979067,6867898.615874523,1661598208.0,paragliders,20331861
444252.42247724615,6869011.735687763,1661597440.0,paragliders,20331873
440051.8910714711,6866822.541135969,1661598208.0,paragliders,20331873
444819.01339193963,6869852.278655185,1661595776.0,paragliders,20331885
440367.4255360328,6867216.848918132,1661600768.0,paragliders,20331893
444176.443160689,6869053.432464721,1661597440.0,paragliders,20331919
443643.73018718074,6868866.95668891,1661597568.0,paragliders,20331927
442788.3943628023,6865834.116204086,1661955328.0,paragliders,20332395
443771.06260270416,6869002.383438335,1661597568.0,paragliders,20332399
444458.4918832027,6867608.533032024,1663590528.0,paragliders,20333402
442669.3645088575,6869273.04085264,1663591296.0,paragliders,20333412
443658.8600418529,6868585.971296924,1663767552.0,paragliders,20333560
440529.2248556675,6867503.459465205,1665062400.0,paragliders,20334096
440467.910580193,6867419.092054562,1665062656.0,paragliders,20334096
440424.1220786269,6866311.054617543,1680528128.0,paragliders,20337819
440417.9794474371,6866304.172868428,1680528000.0,paragliders,20337823
444218.53957798984,6867280.728989894,1680880512.0,paragliders,20338130
441803.9431011688,6868677.229700319,1680873216.0,paragliders,20338789
443143.68690558674,6866284.419905947,1682420736.0,paragliders,20339499
441934.3174502174,6869694.009273569,1682424832.0,paragliders,20341016
444442.00198163826,6868483.313089022,1684320000.0,paragliders,20341147
444461.988863169,6868301.518311142,1684320256.0,paragliders,20341150
442708.0072897484,6866336.662511378,1684326784.0,paragliders,20341268
444300.4543554931,6867870.684767005,1684319616.0,paragliders,20341377
440220.2680937868,6865136.842105838,1684934912.0,paragliders,20341638
444330.61606566695,6866694.7946401,1684927360.0,paragliders,20341652
444298.02042426134,6866701.488057525,1684927360.0,paragliders,20341652
442066.86067169596,6866595.217815548,1685188096.0,paragliders,20341873
440217.7612516019,6865222.949155014,1685190528.0,paragliders,20341890
443475.72145595826,6867977.827614623,1685193088.0,paragliders,20341952
444830.0919439571,6869154.678724159,1685879936.0,paragliders,20342951
441854.79849414877,6866564.083799264,1686147456.0,paragliders,20343287
443552.4835962153,6869933.877501169,1686923520.0,paragliders,20343954
441673.6438250138,6865328.323002375,1697370368.0,paragliders,20354182
443966.6874820538,6865379.155488997,1697370240.0,paragliders,20354185
444991.55836905725,6867552.482083234,1713441408.0,paragliders,20357707
444796.99698947923,6867007.293516567,1713441536.0,paragliders,20357725
444219.31914389343,6866386.164544359,1717683328.0,paragliders,20361684
444370.1914746793,6865834.964413289,1717683584.0,paragliders,20361709
441855.8037063651,6866794.900995451,1719316480.0,paragliders,20362717
441913.7902125957,6869651.315741555,1719314048.0,paragliders,20362745
441327.95676638826,6866698.564729936,1719314304.0,paragliders,20362759
444528.1310315444,6865719.340077382,1719407232.0,paragliders,20362804
441715.7785721636,6866907.407696681,1719314304.0,paragliders,20362846
442039.0571818497,6869686.759799738,1721226496.0,paragliders,20364078
440195.00879872596,6866439.395016396,1721232512.0,paragliders,20364090
441378.9567173314,6868787.073268901,1721233152.0,paragliders,20364090
440079.28967335453,6867067.4041447565,1721231104.0,paragliders,20364121
444865.1632712599,6869876.742926642,1726833920.0,paragliders,20368835
444882.0426398545,6869871.280506402,1726833920.0,paragliders,20368835
443240.743916837,6868200.3157751085,1740746880.0,paragliders,20371659
442950.68512835284,6865269.081182685,1740743168.0,paragliders,20371721
442568.4182728549,6869554.25322322,1743419136.0,paragliders,20372815
440284.44598805194,6867861.008916152,1743419392.0,paragliders,20372819
440373.26975337596,6867867.743746089,1743419264.0,paragliders,20372834
442712.81971328525,6869555.719474932,1743419136.0,paragliders,20372847
441737.8138037523,6866560.791167037,1743432704.0,paragliders,20372855
442573.6227941608,6868327.573252126,1744036096.0,paragliders,20373524
444756.27374109265,6868449.484695715,1744111104.0,paragliders,20373604
444583.84981549124,6868747.579633132,1744111104.0,paragliders,20373716
444549.9375166661,6868682.9492405625,1744111104.0,paragliders,20373748
442693.8392758451,6867843.667211007,1744114304.0,paragliders,20373760
441101.3900555758,6866149.441141601,1747565696.0,paragliders,20377143
441053.5592473744,6866161.572129632,1747565696.0,paragliders,20377143
441017.2135966439,6866140.938403658,1747565696.0,paragliders,20377143
440288.38226670143,6866034.573779173,1747566208.0,paragliders,20377143
440340.132320734,6867072.367281995,1747565056.0,paragliders,20377144
441684.6682256856,6867105.627475036,1747568000.0,paragliders,20377151
440073.17256665305,6867314.142544994,1747565056.0,paragliders,20377164
440074.4808046025,6867302.282585391,1747565056.0,paragliders,20377164
440039.21620198886,6867272.504813752,1747565056.0,paragliders,20377164
443801.5390070624,6866322.439251933,1747565440.0,paragliders,20377195
443086.3631532862,6865052.028928524,1747565824.0,paragliders,20377233
440090.8619478516,6867002.429798658,1747565184.0,paragliders,20377325
443341.8971513002,6869119.47114736,1747651712.0,paragliders,20377578
441709.60809047887,6868137.432031747,1747652096.0,paragliders,20377578
441708.63404754334,6868136.230569464,1747652096.0,paragliders,20377578
441633.3778807746,6868124.885317198,1747652096.0,paragliders,20377578
442615.67935868684,6868559.7578520235,1747651072.0,paragliders,20377580
442479.2403682872,6868600.318802719,1747651072.0,paragliders,20377580
442456.2367820065,6868577.855988186,1747651072.0,paragliders,20377580
442440.214100351,6868537.942931516,1747651072.0,paragliders,20377580
442461.0237983436,6868488.986161913,1747651200.0,paragliders,20377580
444789.6728081396,6868522.164568725,1747662532.2586257,paragliders,20377599
440802.8873335702,6867009.0023577055,1747651456.0,paragliders,20377624
440023.59802180197,6866996.440960349,1747565184.0,paragliders,20377634
444005.730274217,6869748.530125017,1747648384.0,paragliders,20377635
443984.8073630628,6869744.809543516,1747648384.0,paragliders,20377635
443975.60229526897,6869739.385876696,1747648384.0,paragliders,20377635
443464.8460854225,6865711.100220581,1747565568.0,paragliders,20377702
443205.7417848052,6865256.001484487,1747565696.0,paragliders,20377702
442570.9432640923,6868796.289343465,1747651712.0,paragliders,20377720
441309.8655553132,6869294.286517981,1747655936.0,paragliders,20377825
442026.1547182661,6868180.63073258,1747652736.0,paragliders,20378134
442381.2484872567,6867576.32658771,1750164224.0,paragliders,20379870
442938.0833257383,6866234.681533018,1750170624.0,paragliders,20379870
441391.2827940437,6865580.500992154,1751206912.0,paragliders,20381320
443454.68965759093,6867764.229377074,1752067072.0,paragliders,20382188
443153.6897905435,6867378.0459801275,1752317184.0,paragliders,20382510
443165.1783888475,6867386.89515852,1752317184.0,paragliders,20382510
443148.66947988037,6867397.843214908,1752317184.0,paragliders,20382510
444922.8118317421,6869915.0268696025,1752759040.0,paragliders,20382982
444246.3261920062,6869504.0547926845,1754824832.0,paragliders,20384474
444262.4014966799,6869273.972012654,1754824448.0,paragliders,20384504
441118.9533505715,6868451.222452727,1754825088.0,paragliders,20384504
442750.4385895332,6869652.370661849,1754820480.0,paragliders,20384506
442328.13482083846,6869004.505921059,1754820736.0,paragliders,20384513
444728.65516588336,6869998.53987194,1754820096.0,paragliders,20384542
444444.0638319935,6866093.337921076,1755857536.0,paragliders,20385626
442231.13233065815,6867270.883536966,1755872896.0,paragliders,20385633
444820.4231181841,6868336.525857996,1755856896.0,paragliders,20385909
444818.27733860177,6868344.250652335,1755856896.0,paragliders,20385909
444794.4645980352,6868400.267472185,1755856896.0,paragliders,20385909
441639.28329616337,6869898.923762878,1774008832.0,paragliders,20390219
443767.08125037747,6867169.611970245,1774094336.0,paragliders,20390323
444418.0112396925,6868321.113382533,1774094592.0,paragliders,20390340
443325.67484228645,6867583.067081695,1774094848.0,paragliders,20390340
443751.98818380636,6867135.497891941,1774094336.0,paragliders,20390352
443149.43678196275,6866491.043919646,1774095616.0,paragliders,20390376
443186.844614594,6866455.539495375,1774095616.0,paragliders,20390376
443063.65704856854,6866337.4339250075,1774095616.0,paragliders,20390385
443784.2947651015,6866761.991107873,1774094336.0,paragliders,20390397
442696.66432156105,6865881.072241068,1774094464.0,paragliders,20390397
443716.58466089476,6867017.375874864,1774094336.0,paragliders,20390400
442589.12986407074,6865843.228352435,1774094464.0,paragliders,20390400
443308.4593704934,6866382.34994632,1774094208.0,paragliders,20390623
443414.0690895263,6865246.2490035165,1776595200.0,paragliders,20393035
441870.3039689389,6865478.638821362,1777292544.0,paragliders,20394026
441909.5059897288,6865577.212607298,1777292544.0,paragliders,20394125
441562.5293442127,6865338.393095436,1777292672.0,paragliders,20394145
442088.117283031,6865608.0073853275,1777292544.0,paragliders,20394153
444699.82056150225,6865812.965694373,1778073344.0,paragliders,20394933
446325.84161097277,6867935.183776911,1492513024.0,hang gliders,20211502
447429.4770733416,6868262.691163494,1557064832.0,hang gliders,20263575
447640.2009707338,6869533.100811889,1240408704.0,paragliders,20081331
445420.1154013096,6868488.63542271,1253971584.0,paragliders,20090226
447290.90473868075,6868523.815717172,1270735616.0,paragliders,20090827
447385.91912168433,6869106.842780637,1274274560.0,paragliders,20092322
446661.2589648795,6869398.843219813,1274361984.0,paragliders,20092329
445050.67175483936,6866202.315927805,1277208576.0,paragliders,20093129
446998.27045712486,6869743.981143031,1277205248.0,paragliders,20093132
446931.4158870654,6869610.3942695325,1277205248.0,paragliders,20093318
446736.46212760505,6868183.520393661,1277737600.0,paragliders,20093336
445121.73456822557,6869903.481118547,1303052544.0,paragliders,20102836
446236.6130107323,6869818.493354083,1304427648.0,paragliders,20104371
447423.35752818856,6866238.023647991,1306928512.0,paragliders,20106026
447312.347497812,6867976.284531538,1306932736.0,paragliders,20106027
447545.79211866966,6868205.22848225,1306927360.0,paragliders,20106028
448684.2962176641,6866563.329947545,1309352320.0,paragliders,20106916
447411.6654692587,6868888.508200748,1309527552.0,paragliders,20106950
446253.0018574654,6868210.583328187,1309620608.0,paragliders,20107001
446920.3645801166,6868835.437259235,1309527296.0,paragliders,20107045
447684.9365160459,6869521.86546279,1309783296.0,paragliders,20107051
445189.7338755846,6868978.12128791,1309782144.0,paragliders,20107063
445743.89058430877,6869246.666225175,1310390656.0,paragliders,20107323
448245.1055339087,6867029.390348352,1310557312.0,paragliders,20107375
448214.75124863716,6868373.040864648,1311854208.0,paragliders,20107631
448531.4440939471,6865108.68560824,1311856512.0,paragliders,20107635
445483.2465733027,6867502.88805383,1311938560.0,paragliders,20107647
448608.89365386346,6867728.390653148,1332165888.0,paragliders,20111617
447533.10768792697,6867741.676615779,1335956736.0,paragliders,20113700
446718.342111374,6869473.347994365,1336916096.0,paragliders,20114757
447503.47734766593,6869711.298583181,1336917888.0,paragliders,20114796
447722.7216381108,6869945.911198582,1337168768.0,paragliders,20115007
446544.900304334,6869323.782743994,1344520192.0,paragliders,20119710
446384.0331039199,6869215.72058582,1344520276.6785834,paragliders,20119778
446240.94555363525,6869441.253650224,1346759168.0,paragliders,20121262
446741.5373715681,6868579.740947088,1346761728.0,paragliders,20121271
445004.6558592823,6866747.457280944,1347715584.0,paragliders,20121919
449564.2726384334,6869582.380489475,1348053120.0,paragliders,20122098
447292.1636892355,6869848.447559428,1367154048.0,paragliders,20126853
446951.1981115768,6869653.5119117685,1367145472.0,paragliders,20126855
445150.7886002456,6866514.575623451,1367145856.0,paragliders,20126855
447046.7401587816,6869802.014560137,1367154304.0,paragliders,20126880
446087.38395899767,6867180.908828699,1367154944.0,paragliders,20126880
447173.8730761519,6868350.950645213,1367148288.0,paragliders,20126945
448979.2459144841,6868616.27833656,1367585408.0,paragliders,20127018
448578.11017571925,6869910.897030325,1369577216.0,paragliders,20128539
448834.0257087739,6868715.400977337,1370100992.0,paragliders,20128830
448832.40694621584,6867428.751731259,1370101504.0,paragliders,20128830
446363.37019025756,6866096.142961586,1370190592.0,paragliders,20128858
446501.0988356698,6868484.169840967,1370174208.0,paragliders,20128859
446593.17225754954,6868852.68401373,1370174080.0,paragliders,20128863
447076.040956518,6869156.773922826,1370174720.0,paragliders,20128875
447081.6134259643,6865002.792337364,1370175232.0,paragliders,20128875
447524.0311435888,6868145.67844535,1370181632.0,paragliders,20128880
446337.1578865991,6865825.3959189635,1370183424.0,paragliders,20128882
447728.31672790385,6867874.5567951575,1370178688.0,paragliders,20128957
446943.5195303381,6868782.509848432,1373112064.0,paragliders,20130976
447057.73988595564,6868256.887946458,1373112192.0,paragliders,20131124
448379.0579666812,6869589.390540623,1373808384.0,paragliders,20131691
445796.7749235498,6868200.845933138,1373813760.0,paragliders,20131715
447903.7790686963,6868515.625309556,1370178560.0,paragliders,20131837
446398.2121559098,6869437.056452251,1373811200.0,paragliders,20131840
446058.8266158774,6868324.914118132,1373813120.0,paragliders,20131846
446477.7090327773,6868498.881238926,1374056192.0,paragliders,20131994
446336.03435421985,6868320.962451016,1374056192.0,paragliders,20131994
447098.2718320967,6869841.358312878,1377693056.0,paragliders,20135511
447346.68437994766,6869657.921806572,1377693184.0,paragliders,20135518
447313.9003511725,6869240.79972998,1378033536.0,paragliders,20135965
445859.023879666,6867174.428247843,1397824128.0,paragliders,20142647
446507.85369692853,6869987.384280184,1397910144.0,paragliders,20142668
446493.72404958314,6869428.455908705,1399115904.0,paragliders,20143558
447069.7998782137,6869594.495842476,1399115904.0,paragliders,20143560
445476.48351469205,6869014.078720479,1399112064.0,paragliders,20143565
446009.42507737956,6868263.692644327,1399117184.0,paragliders,20143598
446461.6522039866,6868854.504825205,1399116160.0,paragliders,20143602
445254.2335892128,6868918.257144253,1400323840.0,paragliders,20144828
445717.07220333535,6869175.939548484,1402573824.0,paragliders,20147710
446406.1591961918,6869694.286820496,1404302336.0,paragliders,20149423
447192.6931640963,6869380.183031979,1406288896.0,paragliders,20150995
446619.1291876579,6867910.96289766,1406291584.0,paragliders,20152866
446180.4897473039,6866804.498250332,1406291712.0,paragliders,20152866
446891.9155452399,6866782.905134036,1430131840.0,paragliders,20163088
446840.33740635106,6867376.332911515,1430137344.0,paragliders,20163113
447780.11823966546,6868957.622460097,1430134144.0,paragliders,20163117
447422.67688031483,6868621.195519248,1430132864.0,paragliders,20163121
449981.8919020401,6869812.105481106,1434196480.0,paragliders,20168017
448107.7829298295,6869533.241238419,1434205952.0,paragliders,20168036
449044.0803750765,6868120.989002068,1434206464.0,paragliders,20168036
447728.80564318213,6868019.630250725,1434294656.0,paragliders,20168131
448571.1692709912,6868510.761150357,1435073664.0,paragliders,20168871
447118.1327017726,6868494.954801197,1435064576.0,paragliders,20168879
446586.9237590944,6868963.617950204,1441538176.0,paragliders,20177028
446597.1792958507,6868962.079407897,1441538176.0,paragliders,20177028
446617.69290865614,6868946.231132545,1441538176.0,paragliders,20177028
446417.61518027604,6868894.563218574,1441544576.0,paragliders,20177069
446720.49232972047,6869237.740276788,1441542784.0,paragliders,20177070
447808.8115083059,6869075.023406368,1441543936.0,paragliders,20177085
447513.59456160193,6868905.835681043,1441545600.0,paragliders,20177085
445807.0103095612,6867930.111689388,1441542656.0,paragliders,20177094
445839.6678996823,6868061.779425746,1441545088.0,paragliders,20177110
446776.2086664817,6869785.744959923,1441537152.0,paragliders,20177117
446761.45930426504,6869775.077117161,1441537152.0,paragliders,20177117
446752.62644971546,6869765.94867997,1441537152.0,paragliders,20177117
446451.5039460103,6869639.050226854,1441547392.0,paragliders,20177143
447260.8819823463,6868675.9173784545,1441547136.0,paragliders,20177156
446848.285308793,6869645.737615492,1441537152.0,paragliders,20177161
446643.282023943,6869585.619288247,1441544192.0,paragliders,20177180
445262.9687588148,6867547.341625717,1441545216.0,paragliders,20177185
447322.59963308455,6869894.597475219,1441536896.0,paragliders,20177220
445586.23263409897,6869511.317568151,1443267712.0,paragliders,20178223
446410.7602720166,6869548.466559498,1443271680.0,paragliders,20178251
445148.77711773914,6868971.289074329,1443271040.0,paragliders,20178283
447128.716981037,6869957.924222136,1443271680.0,paragliders,20178285
447227.20790736715,6869586.62114854,1462103680.0,paragliders,20185402
448244.3866201336,6868637.587112562,1470736256.0,paragliders,20196127
448246.88672962785,6868627.866464407,1470736256.0,paragliders,20196127
448266.244441358,6868600.0071384795,1470736256.0,paragliders,20196127
447526.33690961753,6869740.568520056,1471350784.0,paragliders,20197705
446492.430204181,6867057.944642154,1471351680.0,paragliders,20197705
447585.00672225986,6869804.17739568,1471350656.0,paragliders,20197743
446498.6241183716,6867065.18337818,1471351424.0,paragliders,20197743
446179.99801175745,6867222.827842014,1471353728.0,paragliders,20197793
445124.15116080217,6865080.030228718,1471353984.0,paragliders,20197793
445516.8615931844,6866165.156432181,1475935488.0,paragliders,20203055
445395.28828588576,6866079.5832940005,1475935488.0,paragliders,20203055
445090.7413171612,6868349.591255263,1476190080.0,paragliders,20203240
446093.4633444906,6868961.871222533,1476187904.0,paragliders,20203241
445257.22405016096,6867474.32725106,1491480448.0,paragliders,20208758
447255.4730644707,6868790.3933622455,1491916544.0,paragliders,20210479
445695.9728365605,6867874.293865329,1491908736.0,paragliders,20210537
446151.45460191765,6868766.855926477,1491914368.0,paragliders,20210539
447322.4806927967,6869023.091682251,1491913088.0,paragliders,20210574
445242.0461670291,6867435.757396864,1492603648.0,paragliders,20211453
445640.77914624324,6869106.984963367,1492593920.0,paragliders,20211485
446799.4362507322,6869576.25440717,1492859520.0,paragliders,20211847
446469.7185332309,6869046.1472354345,1492859776.0,paragliders,20211893
446684.34029624955,6869547.660105781,1492866816.0,paragliders,20211988
449302.8223803295,6865075.59509279,1492867712.0,paragliders,20211988
445553.0689542164,6869317.152503879,1492957824.0,paragliders,20212277
445677.8585795915,6869016.385154636,1496233984.0,paragliders,20217042
446799.54617740086,6868698.889742284,1496245760.0,paragliders,20217065
447184.22923739493,6869137.315653279,1497710592.0,paragliders,20218835
447021.8344658149,6869482.223501172,1497700096.0,paragliders,20218849
446905.7745799069,6869336.372633505,1497700096.0,paragliders,20218849
445559.8677898683,6869965.090062818,1497787520.0,paragliders,20218899
446984.16953255964,6869477.8628898235,1497700096.0,paragliders,20218902
446934.8043027883,6869391.321724637,1497700096.0,paragliders,20218902
445055.11896526924,6869656.1811127085,1497700736.0,paragliders,20218902
448644.65583749465,6865819.716458435,1499521664.0,paragliders,20220953
446628.1085933856,6869744.654926,1500297472.0,paragliders,20221557
448005.49099397653,6869921.15055117,1500291328.0,paragliders,20221681
445189.43862946075,6868646.314798878,1509364608.0,paragliders,20229982
447037.45020925836,6869202.843636567,1521635584.0,paragliders,20230646
446095.5889338708,6867701.474130931,1521635840.0,paragliders,20230646
447092.48408227327,6869181.95895687,1521634304.0,paragliders,20230654
446655.91472484893,6869413.005717549,1521638272.0,paragliders,20230659
446929.92830781604,6868834.135535194,1521634304.0,paragliders,20230665
446214.81500736723,6869373.696322065,1525440000.0,paragliders,20237946
446240.7335176177,6869399.2954078,1525440000.0,paragliders,20237946
446224.15058769117,6869285.131804071,1525440000.0,paragliders,20237946
446066.31545586884,6868107.576011394,1525440128.0,paragliders,20237946
446580.83403283363,6867906.299490002,1525434368.0,paragliders,20237947
445395.0436423451,6869635.557648623,1529493632.0,paragliders,20242171
445701.21325225953,6868469.2736127945,1529674112.0,paragliders,20242442
445433.40786102077,6868230.999810473,1529666816.0,paragliders,20242458
446945.06824015535,6869789.213269412,1529675648.0,paragliders,20242483
445896.24995918985,6869006.698318862,1529666688.0,paragliders,20242485
446937.05184165534,6869169.202849199,1529664896.0,paragliders,20242486
446906.53863647423,6869158.286541599,1529664910.039145,paragliders,20242498
446337.09553814906,6868711.02108677,1529669376.0,paragliders,20242503
445919.3960464329,6869423.373869702,1529755136.0,paragliders,20242551
446533.3021721402,6867860.824721803,1529838464.0,paragliders,20242677
446553.8691956798,6867843.415906142,1529838592.0,paragliders,20242679
446727.73055842536,6868735.172477548,1529838720.0,paragliders,20242688
447292.33626470313,6869368.585651742,1529838464.0,paragliders,20242692
447270.371979167,6869392.506409586,1529838592.0,paragliders,20242692
447193.6148081566,6869352.8166352175,1529838592.0,paragliders,20242692
447665.2341047792,6868889.532473647,1529838208.0,paragliders,20242704
447013.662558754,6869451.570181925,1529837184.0,paragliders,20242713
446917.00134928676,6868430.167478944,1529838464.0,paragliders,20242731
446926.089021003,6868373.653101972,1529838336.0,paragliders,20242738
446517.81557755434,6867818.291794077,1529838592.0,paragliders,20242750
446512.6811770638,6868991.056228814,1529837440.0,paragliders,20242788
446737.53813097253,6869061.485433548,1529837312.0,paragliders,20242824
446207.20738145616,6869956.163266882,1529757184.0,paragliders,20242827
447034.1601744908,6868845.590743068,1529838336.0,paragliders,20242831
446593.4212918046,6868548.240666385,1529676288.0,paragliders,20242842
446655.98312359845,6868830.214869588,1529838720.0,paragliders,20242879
447062.46511944773,6869290.532488017,1529835904.0,paragliders,20242930
446994.0214412374,6868611.675135383,1529838336.0,paragliders,20242975
446578.3089365077,6869779.607800724,1531306752.0,paragliders,20245103
447425.50255842594,6869413.122755837,1531397376.0,paragliders,20245160
447116.64877733565,6869346.044050677,1531395584.0,paragliders,20245217
445955.0253612207,6867478.105694177,1531396096.0,paragliders,20245217
446998.5154351476,6869658.970522471,1531666688.0,paragliders,20245584
447630.97593734117,6869705.096100382,1531656064.0,paragliders,20245593
447286.8534530309,6869613.239873203,1533388928.0,paragliders,20248303
447307.81988485064,6869605.032556376,1533388928.0,paragliders,20248303
447318.91748630645,6869613.107552021,1533388928.0,paragliders,20248303
445055.4492403108,6869984.086353256,1533468384.683146,paragliders,20248488
447295.30696224055,6868947.623222215,1533552640.0,paragliders,20248680
446582.03176562506,6869749.306672059,1535902080.0,paragliders,20251375
445301.9357255976,6869094.045404081,1535897216.0,paragliders,20251392
445956.2616078246,6869287.823505124,1535890048.0,paragliders,20251463
445648.6983097622,6869454.416879048,1535894016.0,paragliders,20251530
446789.02986747614,6869264.5803894615,1537787587.1709228,paragliders,20253871
446252.44907019724,6868239.604687766,1537784576.0,paragliders,20253949
445875.90732344025,6867850.522883572,1553603968.0,paragliders,20258481
446545.88544986956,6869230.8842439065,1553601664.0,paragliders,20258505
447285.55479914136,6868823.234910689,1553605760.0,paragliders,20258516
447848.50418027485,6868795.78242941,1553689088.0,paragliders,20258560
446249.72223337204,6868004.663693647,1553688704.0,paragliders,20258561
447686.59746794606,6869849.238790993,1553690240.0,paragliders,20258587
446606.58849511115,6868838.317231742,1553600256.0,paragliders,20258606
447755.3193330729,6868694.344288477,1553688960.0,paragliders,20258612
446259.29043155187,6868053.525594665,1553688704.0,paragliders,20258616
445063.9509922181,6865650.987488755,1553689088.0,paragliders,20258616
445233.6053064461,6869800.150471132,1554033152.0,paragliders,20259535
445044.34594026906,6869787.947305014,1554033024.0,paragliders,20259604
445295.3895596362,6869283.528667108,1554034048.0,paragliders,20259721
445043.3589029557,6868574.158003282,1554033792.0,paragliders,20259768
445092.40265878564,6868916.409789294,1554033792.0,paragliders,20259830
445025.21905936213,6869757.730529475,1554033152.0,paragliders,20259846
445645.90031006665,6869855.3212219495,1554033024.0,paragliders,20260201
446134.79386233736,6869503.94383736,1554033536.0,paragliders,20260284
446549.01739425247,6868922.426713052,1555070976.0,paragliders,20260962
447456.0532715634,6868912.115462785,1557064832.0,paragliders,20263535
446885.39613549947,6868339.64326655,1557047936.0,paragliders,20263593
446911.3574969226,6868324.711592824,1557047936.0,paragliders,20263593
446919.8420798376,6868311.466368178,1557047936.0,paragliders,20263593
448552.1930725439,6865796.698085666,1557072128.0,paragliders,20263630
447486.0500739925,6869393.648468738,1557145216.0,paragliders,20263688
446611.0007982827,6868961.89465724,1557660160.0,paragliders,20264096
446986.79893157864,6868945.858838004,1557658752.0,paragliders,20264152
446998.5891661566,6868948.9173605805,1557658752.0,paragliders,20264152
446974.87979251065,6868851.194690416,1557658752.0,paragliders,20264152
447337.7544364848,6868811.024615581,1557052160.0,paragliders,20264297
446226.40404556796,6869828.487235629,1557656704.0,paragliders,20265282
445875.18702256854,6869212.740702357,1562066048.0,paragliders,20269761
446010.63670982973,6869399.753093575,1562067456.0,paragliders,20269802
445385.06443033816,6869311.143089478,1562067456.0,paragliders,20269802
446692.07153400156,6869849.100147367,1562328704.0,paragliders,20270041
446719.7061217944,6869856.878711016,1562328704.0,paragliders,20270041
447751.8582287906,6869577.72017362,1562333952.0,paragliders,20270100
447753.9663702613,6869587.775490825,1562333952.0,paragliders,20270100
447742.847978023,6869602.978928318,1562333952.0,paragliders,20270100
449067.7205533502,6868055.816785849,1562334848.0,paragliders,20270100
449106.70686601015,6868055.515852567,1562334848.0,paragliders,20270100
449013.98114450165,6868022.385291877,1562334848.0,paragliders,20270100
446639.124125872,6869871.921419382,1562594176.0,paragliders,20270451
449038.74594837334,6866971.90373751,1563009920.0,paragliders,20270833
446225.5576046267,6867018.063342238,1564754048.0,paragliders,20273302
448634.7347935864,6868737.051910673,1566400256.0,paragliders,20274907
448548.691841898,6866532.393021759,1566402176.0,paragliders,20274907
445556.58087128896,6868341.965828528,1566398080.0,paragliders,20274980
449871.39439237944,6869246.6715095285,1567088000.0,paragliders,20276227
447636.59344313055,6869528.500600245,1567942144.0,paragliders,20276855
447751.4470668133,6868393.558515074,1567951232.0,paragliders,20276857
447744.32095069496,6869098.446226006,1567951104.0,paragliders,20276860
448373.09941252886,6866361.384227147,1567949184.0,paragliders,20276890
447646.96203044156,6869550.803395295,1567942144.0,paragliders,20276897
448536.14186284336,6868669.080746488,1567953152.0,paragliders,20276898
448318.29631424474,6867152.556632392,1567949056.0,paragliders,20276935
447370.8475473872,6869313.870795505,1568117248.0,paragliders,20276971
447751.9045453753,6869279.182145871,1568117120.0,paragliders,20276984
447179.72473082185,6869463.483804074,1568121472.0,paragliders,20276986
446990.384158928,6869365.446323894,1568121600.0,paragliders,20276987
446263.4752945798,6868354.665674906,1568116864.0,paragliders,20276988
447055.57684499427,6868996.588494097,1568117376.0,paragliders,20277103
445110.1186223962,6869817.776750708,1568462080.0,paragliders,20277189
445127.92740455293,6869813.878592992,1568462080.0,paragliders,20277257
446263.0990890607,6869866.673517231,1568472704.0,paragliders,20277267
447905.9713820618,6869892.833071482,1589630336.0,paragliders,20280640
445938.275829216,6869948.922304665,1589720960.0,paragliders,20280678
448350.05968064297,6869062.212526721,1589899264.0,paragliders,20280860
445374.3903904793,6869330.750604938,1590406528.0,paragliders,20281737
446166.4624832579,6868494.174113522,1590412160.0,paragliders,20281754
445272.5031917914,6869117.936465302,1590407168.0,paragliders,20281880
447084.8382102437,6868465.545662107,1591097472.0,paragliders,20283210
448653.5665246514,6866594.937183426,1591102592.0,paragliders,20283225
448652.4633901645,6866596.2994589815,1591102592.0,paragliders,20283225
448629.2546162063,6866607.030214396,1591102592.0,paragliders,20283225
447426.57906362927,6869013.199331476,1591097728.0,paragliders,20283228
447180.5726473191,6868566.060352804,1591097344.0,paragliders,20283286
446975.8701292682,6868121.881983182,1591097472.0,paragliders,20283286
445296.4946812235,6869627.81227298,1591009024.0,paragliders,20283783
448735.0389588439,6867545.612577323,1594467840.0,paragliders,20286395
449260.48865390895,6865680.829253077,1594467200.0,paragliders,20286415
447997.82322698744,6867166.150063785,1594465536.0,paragliders,20286432
448404.64608588937,6866035.543056755,1594466176.0,paragliders,20286432
448942.15510506905,6869137.4885749,1594464512.0,paragliders,20286447
448189.5420175752,6866781.722324139,1594643584.0,paragliders,20286658
448276.40749428846,6868675.376696538,1594641792.0,paragliders,20286790
449144.79595617566,6867962.662859844,1594642688.0,paragliders,20286791
447089.8599120642,6868894.763704778,1595419136.0,paragliders,20288165
447054.83365964325,6869741.854435115,1598966912.0,paragliders,20292467
446666.02442768135,6868652.256728716,1622385152.0,paragliders,20301755
446675.32935943105,6868643.242621443,1622385152.0,paragliders,20301755
446677.9517706419,6868650.533078993,1622385152.0,paragliders,20301755
447657.16006578866,6869838.626216604,1622294144.0,paragliders,20302127
448610.5550176049,6869537.207759655,1623755008.0,paragliders,20303568
448933.84789760754,6866945.248708131,1623756160.0,paragliders,20303568
445597.0663334058,6869554.495692605,1626874752.0,paragliders,20305854
445397.34543557,6869046.51707498,1626874880.0,paragliders,20305980
447540.68817071064,6869443.064951213,1630065792.0,paragliders,20308457
447565.72877023584,6869381.659593634,1630065920.0,paragliders,20308457
447515.07097563456,6869442.97238404,1630065920.0,paragliders,20308457
446584.785480244,6868093.083239387,1630066048.0,paragliders,20308457
445362.68501785304,6867455.255728059,1630066176.0,paragliders,20308457
446632.2288961562,6868919.009333301,1630066816.0,paragliders,20308478
445719.3367984748,6867989.194218525,1630066944.0,paragliders,20308478
446988.83689186396,6868496.210926539,1647524736.0,paragliders,20315178
446963.3608089614,6868555.679311384,1647524736.0,paragliders,20315188
445310.8107024615,6866060.866561491,1648984960.0,paragliders,20317116
446804.46878951276,6869387.560417259,1648986368.0,paragliders,20317119
446804.3919330178,6869369.921199802,1648986368.0,paragliders,20317119
446792.935384709,6869343.163643207,1648986368.0,paragliders,20317119
445049.40520949534,6866206.20377111,1648987008.0,paragliders,20317182
445202.8143992977,6868026.830592688,1650039680.0,paragliders,20317831
445191.3481646516,6868032.867456674,1650039808.0,paragliders,20317831
445133.9246765291,6868049.150872882,1650039808.0,paragliders,20317831
445307.39969092957,6868710.343380782,1650038784.0,paragliders,20317873
445835.503095924,6868526.33632282,1650113280.0,paragliders,20317908
446210.03826941375,6868792.74502677,1650109056.0,paragliders,20317953
445914.92851119564,6868639.414713981,1650113152.0,paragliders,20317967
445778.51842707215,6869359.371025165,1650115072.0,paragliders,20317968
445759.35268274206,6869388.592837952,1650115072.0,paragliders,20317968
445677.7062341547,6869210.56436175,1650115072.0,paragliders,20317968
446088.95198100444,6869587.497427265,1650635392.0,paragliders,20318756
446614.55001140636,6868982.436025105,1650885376.0,paragliders,20318907
446584.6159363999,6869057.2770967735,1650885376.0,paragliders,20318918
446368.9500836624,6868689.003645845,1650885376.0,paragliders,20318943
446369.2740203628,6868693.6389535265,1650885376.0,paragliders,20318943
446351.7849303246,6868560.820812633,1650885376.0,paragliders,20318943
446224.89690853585,6869737.084133301,1650973696.0,paragliders,20318948
446267.8697365193,6869812.473265524,1650973696.0,paragliders,20318977
446961.08860052517,6869744.664811124,1651057280.0,paragliders,20319090
445534.5136913325,6865347.782392769,1651235456.0,paragliders,20319414
445474.42396608985,6865340.557444918,1651235456.0,paragliders,20319414
445468.71090640954,6865283.74243926,1651235456.0,paragliders,20319414
445259.4597926573,6865059.615310848,1651235456.0,paragliders,20319437
446831.03702326195,6868628.85761223,1651493504.0,paragliders,20319953
446413.02480582,6869828.340087483,1651576448.0,paragliders,20319978
446288.5360953318,6866753.231396962,1651578624.0,paragliders,20319984
446418.17059054726,6869924.717889325,1651576448.0,paragliders,20320002
446889.526899545,6867353.984273765,1651578880.0,paragliders,20320277
446971.7677240351,6869948.140707394,1652022400.0,paragliders,20320278
445936.9680341328,6869327.763647791,1653146368.0,paragliders,20322211
446815.2823743568,6869259.280681803,1653731456.0,paragliders,20322744
446804.558410362,6869251.248227104,1653731584.0,paragliders,20322744
446822.327156316,6869222.897863867,1653731584.0,paragliders,20322744
446442.04436171945,6869340.27067056,1655119488.0,paragliders,20324124
446703.34412089956,6869437.564796606,1655122688.0,paragliders,20324136
447425.868538507,6869811.018341263,1655120256.0,paragliders,20325263
447503.58729674463,6867952.453879009,1657104512.0,paragliders,20325713
447429.3342537276,6868298.0701269545,1657104512.0,paragliders,20325728
447532.3229131442,6868162.104748726,1657104512.0,paragliders,20325751
448459.77122590935,6867914.723882779,1657109376.0,paragliders,20325758
446444.297621638,6869089.311523879,1657280768.0,paragliders,20325805
446889.01633691316,6869950.2975398125,1657280512.0,paragliders,20325809
445759.54977663193,6869496.065059332,1657280512.0,paragliders,20325814
446187.6041235148,6868516.761181992,1657280896.0,paragliders,20325820
445987.8063850502,6869329.934147176,1657280384.0,paragliders,20325827
446950.0388225264,6869901.423575422,1657280640.0,paragliders,20325828
446954.1185594316,6869880.667367343,1657280640.0,paragliders,20325828
446952.99976820464,6869858.785924993,1657280640.0,paragliders,20325828
445622.06909345905,6868765.314379797,1657280128.0,paragliders,20325833
446931.9527506504,6869831.252640169,1657280512.0,paragliders,20325836
447092.3282774686,6869800.338212492,1657362560.0,paragliders,20325883
446764.42550783773,6869088.321366635,1657366656.0,paragliders,20325921
445964.06756522646,6868798.862909216,1657368448.0,paragliders,20325930
445781.2299269594,6868816.478729086,1657368576.0,paragliders,20325930
446104.3177763797,6869867.267026947,1657969024.0,paragliders,20327096
446085.3366879203,6869786.691635761,1657968896.0,paragliders,20327101
446910.163497396,6869815.6718960395,1657280512.0,paragliders,20328615
445894.02324138547,6869951.01265759,1661597568.0,paragliders,20331861
446131.25028005923,6869979.990751146,1661597568.0,paragliders,20331871
445849.2114377469,6868852.725256372,1661601152.0,paragliders,20331922
446870.4699278928,6869699.103134299,1661696384.0,paragliders,20331970
445838.0776871657,6869065.41586695,1661860864.0,paragliders,20332315
446778.46321175934,6869971.166715557,1661605888.0,paragliders,20332319
447109.2819827707,6869467.6037394805,1661954688.0,paragliders,20332395
446943.0635876085,6869258.70479942,1661954816.0,paragliders,20332398
447873.94474513794,6868595.352798074,1663416704.0,paragliders,20333227
447785.115146874,6867784.449142688,1663416704.0,paragliders,20333236
445130.1399221262,6867054.353472352,1663414016.0,paragliders,20333237
448215.37294377823,6869105.534441995,1663414144.0,paragliders,20333238
447795.1203848636,6868806.80184978,1663419435.4140525,paragliders,20333239
447793.6287437499,6868368.61861885,1663416704.0,paragliders,20333241
446019.74916885205,6868391.097442236,1663590656.0,paragliders,20333381
446605.77116213855,6869763.772593318,1663589888.0,paragliders,20333402
448191.03202433226,6868952.94803331,1665057664.0,paragliders,20334096
447230.75198128854,6865723.439187329,1665058048.0,paragliders,20334096
446357.13599394297,6869190.598965523,1665056896.0,paragliders,20334104
446424.2989305537,6866629.011754557,1665057664.0,paragliders,20334104
445033.73076138424,6867046.086040981,1665061376.0,paragliders,20334104
448901.70598622505,6867621.953506622,1679921408.0,paragliders,20337694
445154.4185078848,6868427.767711692,1680527360.0,paragliders,20337819
445216.5496159866,6868606.61661903,1680527232.0,paragliders,20337823
445664.52187464625,6869057.37956879,1680613376.0,paragliders,20337839
445709.48727143655,6869103.841251849,1680613376.0,paragliders,20337855
446299.7620356792,6868989.533760337,1680612608.0,paragliders,20337866
447572.17878650373,6869249.470104978,1680870016.0,paragliders,20338088
445868.95774737425,6867212.069018689,1680877824.0,paragliders,20338122
446729.78366884706,6868775.250359002,1680873856.0,paragliders,20338143
447426.45770346315,6869918.422995681,1680869760.0,paragliders,20338149
448249.52618272544,6866775.9268896235,1680864384.0,paragliders,20338156
447599.242639198,6869462.477943759,1680872704.0,paragliders,20338322
447625.8792744083,6869468.269186188,1680872704.0,paragliders,20338643
445712.10241131525,6869129.68967858,1680872704.0,paragliders,20338789
446626.6575130942,6868274.276797752,1681732224.0,paragliders,20338994
446025.65613891196,6869266.044890195,1681730944.0,paragliders,20339021
446571.82191249164,6869681.8043286605,1681729792.0,paragliders,20339388
446950.9448272968,6869824.768874182,1682420224.0,paragliders,20339499
445735.1858254539,6869328.769158605,1684319744.0,paragliders,20341147
446721.37452525075,6869601.088792642,1684326528.0,paragliders,20341159
445928.0979774448,6869350.2914686985,1684319744.0,paragliders,20341209
446140.3188475703,6868026.971298158,1684408064.0,paragliders,20341228
446906.454132098,6869396.255190808,1684406528.0,paragliders,20341270
445356.3732412253,6869499.206392619,1684321664.0,paragliders,20341374
445363.2370587088,6868427.291126881,1684319744.0,paragliders,20341385
446035.8243744044,6868992.627896453,1684318720.0,paragliders,20341399
446765.6737649354,6869002.21725228,1684406528.0,paragliders,20341438
446793.00416758045,6869047.377858284,1684406528.0,paragliders,20341458
447052.69669540896,6869056.452486734,1684411520.0,paragliders,20341512
447385.4572687104,6869103.15959334,1684935168.0,paragliders,20341632
446567.923608602,6868918.226398187,1684934912.0,paragliders,20341656
447154.6332503363,6869621.707967088,1684934784.0,paragliders,20341667
445438.67723612284,6868163.265361222,1685196288.0,paragliders,20341874
447227.4170303271,6869198.655033333,1685189120.0,paragliders,20341890
446890.57944687444,6868395.611644222,1685197696.0,paragliders,20342176
446646.3470871726,6869771.072270451,1685877504.0,paragliders,20342951
446072.04322527244,6869686.219012159,1685879680.0,paragliders,20342951
446082.6854578762,6869688.9746566,1685879680.0,paragliders,20342951
446027.4113019316,6869615.89506487,1685879680.0,paragliders,20342951
446346.6213311297,6869929.363702981,1686141824.0,paragliders,20343284
445777.92833556514,6869889.965471626,1686142336.0,paragliders,20343287
447493.79509890295,6869649.054990867,1686143488.0,paragliders,20343287
447084.450812732,6869457.6253563445,1686143744.0,paragliders,20343409
446512.4077439818,6869222.321269247,1686755968.0,paragliders,20343821
446511.0896374171,6869183.432856669,1686756096.0,paragliders,20343838
448891.4980993496,6869180.458605009,1687348864.0,paragliders,20344775
448888.02880757087,6867893.049136462,1687349504.0,paragliders,20344775
448861.902837074,6867909.847075691,1687349376.0,paragliders,20344812
447773.68486757664,6869435.781071986,1713441664.0,paragliders,20357697
446346.48217978113,6869478.805677137,1713440768.0,paragliders,20357704
446194.12470094615,6869420.049973715,1713440896.0,paragliders,20357708
446948.4227771833,6869250.631491732,1713437952.0,paragliders,20357711
446370.93957735115,6869540.664292193,1713440768.0,paragliders,20357723
446288.882466651,6869346.161584118,1713440896.0,paragliders,20357735
445757.2575923979,6867479.154446411,1713446656.0,paragliders,20357741
445770.01834135386,6867469.536083311,1713446656.0,paragliders,20357741
445778.4817626033,6867465.146889916,1713446656.0,paragliders,20357741
447426.126755242,6869599.5277550155,1713781632.0,paragliders,20357917
447697.97635985364,6868815.372555802,1713783808.0,paragliders,20358014
446139.2176793346,6865534.484145685,1715172736.0,paragliders,20358575
447776.24750910496,6868917.338871665,1715162368.0,paragliders,20358593
445850.9064286018,6866969.043845407,1715174656.0,paragliders,20360503
445422.43894101074,6865104.344149074,1715174912.0,paragliders,20360503
448195.0095405101,6868506.678103332,1717931136.0,paragliders,20361823
448176.1327662127,6867945.946808292,1717933312.0,paragliders,20361830
447556.89216522756,6869569.248433519,1717939712.0,paragliders,20361834
447536.2268041428,6868383.453088034,1717929600.0,paragliders,20361867
447788.13213432534,6868941.731257685,1717936384.0,paragliders,20361896
448218.32787300425,6868149.462351772,1717931520.0,paragliders,20361900
448587.8936322968,6867520.238468236,1719151744.0,paragliders,20362600
448566.334690016,6867546.8256559875,1719151744.0,paragliders,20362600
448569.10667519644,6867550.891645232,1719151744.0,paragliders,20362600
448303.7120006799,6869229.162855267,1719153792.0,paragliders,20362600
446631.76510569,6869841.238297967,1719313280.0,paragliders,20362706
446504.8545618162,6869902.572162847,1719313280.0,paragliders,20362713
445554.73071083234,6869097.450992427,1719314560.0,paragliders,20362719
445571.4580841431,6867703.787181649,1719314816.0,paragliders,20362719
445333.4863292733,6868718.202710434,1719313597.0501807,paragliders,20362741
446118.00348538515,6869385.338190276,1719313408.0,paragliders,20362745
446661.8978127566,6869439.327395411,1719314176.0,paragliders,20362748
446603.0093853443,6869597.249093838,1719314048.0,paragliders,20362752
446369.71188134246,6869511.003628944,1719313408.0,paragliders,20362754
446435.41553125466,6869522.02792034,1719313280.0,paragliders,20362759
446376.6667180253,6869346.292372815,1719314048.0,paragliders,20362766
446326.59824563714,6869546.186027852,1719313408.0,paragliders,20362771
446326.88591690676,6869671.871498653,1719313408.0,paragliders,20362846
447660.8973287967,6868893.194772403,1726232576.0,paragliders,20368447
447880.7359139027,6868920.666571407,1726232704.0,paragliders,20368447
447888.98398132814,6869137.555848096,1726232576.0,paragliders,20368456
447898.42151839624,6868532.223824268,1726229248.0,paragliders,20368461
447858.0846983171,6868427.503185412,1726229248.0,paragliders,20368463
447944.44681076874,6868378.73195328,1726229248.0,paragliders,20368466
448021.47856304137,6865398.279503774,1726229760.0,paragliders,20368466
447136.3117464683,6867867.370568895,1726227712.0,paragliders,20368469
445306.18839052774,6869906.345916778,1726833792.0,paragliders,20368835
445259.97374632786,6869883.037931969,1726833792.0,paragliders,20368835
445437.228017157,6867924.75017911,1740742784.0,paragliders,20371687
446524.03655891854,6869133.576261828,1740748672.0,paragliders,20371714
446829.72637202375,6869145.344031855,1741960576.0,paragliders,20372351
445436.5846387451,6869872.845123825,1743424256.0,paragliders,20372842
445520.6355315837,6869158.90447786,1744035584.0,paragliders,20373524
445198.78607812506,6869347.0182540575,1744036352.0,paragliders,20373529
445907.899367904,6866228.604134624,1745758976.0,paragliders,20374985
446794.4543882931,6868979.090771683,1745752704.0,paragliders,20374986
446444.1445004239,6867210.2279603295,1745761536.0,paragliders,20374992
445061.91683511174,6867443.697280019,1745761408.0,paragliders,20374994
445194.0226914448,6865808.0752036,1745761920.0,paragliders,20375006
445141.7169051166,6865880.893323571,1745761920.0,paragliders,20375006
445060.876342979,6865850.822660315,1745761920.0,paragliders,20375006
446655.48266786506,6868855.597991336,1745752704.0,paragliders,20375009
447061.05203855387,6868569.012518676,1745752064.0,paragliders,20375018
446909.1588099262,6868900.426849933,1745752576.0,paragliders,20375044
446741.9950819366,6868388.014971001,1745752192.0,paragliders,20375046
447009.37131232553,6868525.638644831,1745752192.0,paragliders,20375048
446745.5779370494,6868340.862488394,1745752192.0,paragliders,20375052
446863.8497689113,6868961.754406244,1745752704.0,paragliders,20375057
446587.57111063215,6867337.482139192,1745761536.0,paragliders,20375068
446613.39280526177,6869989.831037003,1746794880.0,paragliders,20376456
446260.8297933451,6868696.783427971,1747564544.0,paragliders,20377143
445634.0631379277,6868266.08173784,1747564800.0,paragliders,20377143
445343.49928238365,6868456.811694343,1747564928.0,paragliders,20377143
445862.4787073128,6869552.631387467,1747563904.0,paragliders,20377144
446157.85197310115,6869711.510822852,1747566848.0,paragliders,20377151
446074.9604948321,6869685.91873265,1747566848.0,paragliders,20377151
445973.7879057476,6869628.686091868,1747566976.0,paragliders,20377151
447008.5166058955,6869978.306687957,1747572608.0,paragliders,20377171
445348.2548563047,6868305.76838177,1747564928.0,paragliders,20377182
445338.21500080696,6868250.736579093,1747564928.0,paragliders,20377182
446023.7209658072,6869856.610978662,1747563904.0,paragliders,20377325
445749.93826385535,6868223.8216986125,1747564800.0,paragliders,20377347
445963.64847255906,6869833.6386429,1747563776.0,paragliders,20377367
446157.95399855764,6869147.1330755595,1747570048.0,paragliders,20377377
446977.6683522125,6869812.56523488,1747572480.0,paragliders,20377428
445418.0902482195,6868436.714219894,1747564800.0,paragliders,20377702
445236.3706728272,6869334.762436622,1747655424.0,paragliders,20377825
447256.61217277317,6869633.252875151,1747572608.0,paragliders,20378112
446719.682988242,6868342.648132496,1745752192.0,paragliders,20378139
447200.0588567657,6867849.7069757,1748613248.0,paragliders,20378487
446684.9889674191,6867634.8089316515,1748612992.0,paragliders,20378609
447278.48179967905,6867887.815604252,1748613248.0,paragliders,20378609
445919.5242864959,6867367.003642366,1750084096.0,paragliders,20379826
447476.82922544755,6869110.836408438,1750169600.0,paragliders,20379864
447599.79459154006,6869852.506574337,1750174592.0,paragliders,20379864
446844.9347786644,6868891.653974366,1750169728.0,paragliders,20379877
446743.13304856495,6869796.466082067,1751539456.0,paragliders,20381767
447040.6624037483,6869915.70305444,1751539328.0,paragliders,20381774
446883.30573444837,6869970.269156866,1751543424.0,paragliders,20381778
446861.7966549289,6869794.388050915,1751543296.0,paragliders,20381786
446894.69282751187,6869707.243960305,1751539456.0,paragliders,20381787
447097.5832240134,6869918.1440984085,1751540736.0,paragliders,20381788
446721.4718229358,6869949.952975561,1751539456.0,paragliders,20381790
445908.06813609326,6869629.933482166,1751543168.0,paragliders,20381791
446754.1778230755,6869555.815469199,1751539584.0,paragliders,20381809
445710.4229505407,6869190.748134836,1751543296.0,paragliders,20381812
446753.1246115767,6869712.319826124,1751539584.0,paragliders,20381813
446495.74153738184,6869357.672136603,1751539712.0,paragliders,20381823
445686.9062534969,6869682.037359149,1752316416.0,paragliders,20382510
445675.1924518765,6869675.95795699,1752316416.0,paragliders,20382510
445629.21360380435,6869682.505974208,1752316416.0,paragliders,20382510
445747.3168760489,6868948.358712098,1755266048.0,paragliders,20385138
446228.9901704767,6869388.283934609,1755857152.0,paragliders,20385619
445928.0186399517,6869275.69349996,1755858560.0,paragliders,20385622
446808.18125669647,6869411.272688013,1755857024.0,paragliders,20385626
446746.6490610006,6868609.135423493,1755860992.0,paragliders,20385644
447128.22872633586,6869811.274062658,1755856896.0,paragliders,20385651
447406.98016136425,6868205.055174251,1755864064.0,paragliders,20385658
446008.00989365205,6868772.506389048,1755857664.0,paragliders,20385661
446002.66800347815,6868783.631274643,1755857664.0,paragliders,20385661
445976.7265374637,6868797.275681127,1755857664.0,paragliders,20385661
447379.96166444925,6868239.018090966,1755864192.0,paragliders,20385663
447214.9798029802,6869914.7054615505,1755856896.0,paragliders,20385676
446650.4175526964,6869571.997779875,1755856512.0,paragliders,20385909
445566.9260056049,6868683.895785028,1774094976.0,paragliders,20390343
445759.7244256388,6869484.055142254,1774093440.0,paragliders,20390400
445491.7454476106,6868643.806133691,1774095104.0,paragliders,20390431
447492.2154447376,6865358.082297696,1774183296.0,paragliders,20390492
447101.4507633184,6869056.674724646,1774180224.0,paragliders,20390507
446552.3760347406,6867301.538280026,1774180352.0,paragliders,20390507
447113.5252322418,6868133.922103705,1774181376.0,paragliders,20390522
447113.5230199854,6867900.391323161,1774181376.0,paragliders,20390526
447521.71253813885,6869801.201197722,1774181376.0,paragliders,20390557
446515.2526699229,6867207.945636285,1774180480.0,paragliders,20390563
447637.989726316,6869803.548055982,1776595328.0,paragliders,20392946
447563.97626287566,6869733.454674737,1776595328.0,paragliders,20392947
446478.0575144323,6868130.639822545,1776594688.0,paragliders,20393035
447154.336834895,6869126.850468729,1776594048.0,paragliders,20393043
447337.8346930077,6865760.079816288,1776594560.0,paragliders,20393043
447336.91010246426,6865760.151529351,1776594560.0,paragliders,20393043
447335.0133481956,6865772.166772821,1776594560.0,paragliders,20393043
446988.7871710716,6869760.423363296,1777125888.0,paragliders,20393629
446384.7949478219,6869738.0914513245,1777131264.0,paragliders,20393629
447083.36000919255,6869966.014908404,1777125888.0,paragliders,20393677
446630.25847515115,6869688.894842133,1777291648.0,paragliders,20394026
446889.4330920702,6869555.063926512,1777292288.0,paragliders,20394060
446364.94038436643,6869470.651122264,1777291776.0,paragliders,20394125
446526.18097570183,6869590.572966719,1777291648.0,paragliders,20394145
446373.856521814,6869561.8315518545,1777291776.0,paragliders,20394153
446961.8977086547,6868644.572838076,1782303616.0,paragliders,20399327
446968.31758407183,6868608.456317982,1782303616.0,paragliders,20399327
446992.76217367465,6868587.382171965,1782303616.0,paragliders,20399327
446674.2338228494,6867843.418545042,1782303872.0,paragliders,20399327
446600.59606209217,6867860.208972331,1782303744.0,paragliders,20399334
447056.3846179762,6868685.370056587,1782303488.0,paragliders,20399347
446617.25232067826,6867588.3470656285,1782303872.0,paragliders,20399347
451722.1898898598,6869032.381394892,1310643968.0,paragliders,20107373
451850.5274742322,6868994.165320962,1310644096.0,paragliders,20107374
452902.47384688474,6869869.552546263,1343483392.0,paragliders,20118918
451688.20003811194,6867710.546097687,1345646080.0,paragliders,20120729
450199.658850656,6869165.94152002,1425049216.0,paragliders,20157342
454044.7092539811,6865325.12705093,1430224000.0,paragliders,20163141
454459.21037633385,6866720.305079423,1432742912.0,paragliders,20165615
454095.7409796357,6868319.407686736,1434197248.0,paragliders,20168017
451138.1221195344,6865565.8844800135,1435074176.0,paragliders,20168871
453873.1155512968,6869938.888815336,1501508224.0,paragliders,20222300
450679.0446602709,6869736.506654179,1525870976.0,paragliders,20238617
453411.86901250767,6869435.966366123,1525873536.0,paragliders,20238620
452722.823314204,6869585.639812525,1525873536.0,paragliders,20238633
451595.46646317706,6869543.281506996,1537015040.0,paragliders,20253015
454785.8027267232,6867328.139782819,1559574144.0,paragliders,20267355
453780.7522441557,6868172.091112079,1567331584.0,paragliders,20276434
450893.140976396,6867476.961865818,1596036096.0,paragliders,20289037
450169.97164759395,6869547.706723737,1596036608.0,paragliders,20289037
452437.05077893916,6869630.41626324,1599055104.0,paragliders,20292592
451159.1456262299,6869382.260849081,1630848768.0,paragliders,20309115
452467.05657622387,6869407.5026114965,1652098944.0,paragliders,20320354
450722.4779648106,6867872.815011785,1679919232.0,paragliders,20337694
453937.78132650466,6869952.133498934,1688297472.0,paragliders,20345694
451663.15995049785,6867387.491241391,1689941120.0,paragliders,20347048
450838.1271208858,6868461.791309761,1691412480.0,paragliders,20348162
453637.1057665111,6866296.990672771,1692541568.0,paragliders,20349732
453971.48503399,6865998.774119197,1692541824.0,paragliders,20349806
454416.71279853984,6866470.808964984,1692541824.0,paragliders,20349840
450387.05216049036,6869614.323654033,1719150080.0,paragliders,20362618
452928.05035520316,6868600.293619463,1719575808.0,paragliders,20363003
453346.9243727644,6868154.696082615,1719576192.0,paragliders,20363012
459468.3732346843,6868939.926426571,1345635840.0,paragliders,20120724
457640.56007350754,6869681.458628198,1345635328.0,paragliders,20120757
458777.63323313394,6869973.097600179,1346159360.0,paragliders,20121112
456936.468097544,6866071.392658791,1367848192.0,paragliders,20127275
458097.77026502264,6865078.0370057635,1367848576.0,paragliders,20127275
455950.19394730625,6869789.3094365,1397050112.0,paragliders,20141298
455150.2854937753,6865827.775350051,1397050752.0,paragliders,20141298
459752.2402397957,6869812.943593817,1408885120.0,paragliders,20152772
457534.34618020046,6866515.904002074,1433599232.0,paragliders,20167399
456841.0212072774,6867127.974850166,1434207488.0,paragliders,20168036
455292.28832678066,6868674.658064913,1460989440.0,paragliders,20184142
459414.2756192509,6868124.520935408,1463328640.0,paragliders,20187295
457516.39419262245,6868507.27263735,1500124672.0,paragliders,20221371
457092.96993649646,6869699.8594276775,1506087808.0,paragliders,20226490
455511.96032662544,6869753.139327936,1506085120.0,paragliders,20226501
457776.9654181391,6866390.040992404,1506085760.0,paragliders,20226501
458820.88850069244,6866403.579563502,1506087808.0,paragliders,20226501
457891.5303747651,6868099.44147281,1506088320.0,paragliders,20226501
457916.2067215258,6868167.324013394,1506088448.0,paragliders,20226501
457982.3160367718,6868139.405966461,1506088448.0,paragliders,20226501
455730.5262584879,6869594.65156669,1506084864.0,paragliders,20226506
458844.58852536255,6866434.253751683,1506087680.0,paragliders,20226506
457945.23307150305,6868087.735767111,1506088320.0,paragliders,20226506
457380.26237452216,6867827.1108408,1525870208.0,paragliders,20238592
458915.274926453,6867327.657307817,1525874304.0,paragliders,20238620
458749.97809797083,6867489.976445392,1525874304.0,paragliders,20238633
457862.6865340801,6865714.426672719,1526214528.0,paragliders,20239137
458257.2973553933,6869666.456635503,1534515968.0,paragliders,20249812
457866.9312144848,6865570.984503369,1534601472.0,paragliders,20249908
457928.87565682345,6865595.256221126,1534601472.0,paragliders,20249908
457986.63660718116,6865502.750693252,1534601472.0,paragliders,20249908
457960.3427372852,6865463.833613656,1534601472.0,paragliders,20249908
457949.7779481421,6865520.046186731,1534601472.0,paragliders,20249908
458043.87491285865,6865458.365593117,1534601600.0,paragliders,20249908
456932.55218922655,6869792.877861558,1558535680.0,paragliders,20264637
458505.05038642447,6866896.682693962,1563367040.0,paragliders,20271316
458870.9796727816,6866669.984344048,1563367040.0,paragliders,20271359
459974.1230587303,6867431.883319441,1563709696.0,paragliders,20271912
458866.14090484503,6869709.259785334,1563709312.0,paragliders,20271923
458870.55493608344,6869706.763537529,1563709312.0,paragliders,20271923
458902.0604561152,6869659.519266035,1563709312.0,paragliders,20271923
459725.1981460576,6869450.338643339,1563709440.0,paragliders,20271923
457890.753519332,6869325.335315837,1563708800.0,paragliders,20272016
458156.1358650664,6868104.627067756,1594037248.0,paragliders,20285880
459550.9498368056,6868128.586283642,1594122240.0,paragliders,20286012
459977.90393454034,6868812.467535595,1631368576.0,paragliders,20309830
458679.28900920885,6868704.750315876,1652099968.0,paragliders,20320354
457221.5171403222,6869952.815890293,1652445568.0,paragliders,20320995
457698.651014135,6869969.509539131,1652448256.0,paragliders,20320997
459776.1510650595,6869836.490368353,1654946560.0,paragliders,20323864
459027.2661516385,6869286.937095299,1657711744.0,paragliders,20326458
456133.2809047851,6866917.540875284,1659360896.0,paragliders,20329024
458100.6579981354,6865484.842447319,1659361280.0,paragliders,20329024
458747.0298761342,6869978.757652895,1659449216.0,paragliders,20329267
455983.0786584249,6866845.969449835,1687349760.0,paragliders,20344778
459465.9031835781,6866818.093425768,1687350912.0,paragliders,20344778
458426.5911574703,6867865.850411507,1687356544.0,paragliders,20344781
456503.3999606385,6867210.909843488,1687358208.0,paragliders,20344781
455658.4926546133,6865333.64105279,1687359360.0,paragliders,20344781
455452.78995261015,6865414.960776056,1687359360.0,paragliders,20344781
455493.68177912437,6865410.799308619,1687359360.0,paragliders,20344781
455514.6487736732,6865406.22466605,1687359360.0,paragliders,20344781
459689.17615892086,6865609.2909476,1687356032.0,paragliders,20344787
458929.12446539267,6869032.576432788,1687869696.0,paragliders,20345448
456573.75779663265,6868443.503012956,1688297728.0,paragliders,20345694
456481.7600822936,6869616.806959936,1691415296.0,paragliders,20348213
459120.303216049,6868233.972701599,1692964096.0,paragliders,20350638
458556.2064353534,6868026.816335099,1693311616.0,paragliders,20350819
455271.5181452364,6869246.563208303,1719151232.0,paragliders,20362619
458392.51105311397,6869633.812175322,1719579520.0,paragliders,20362998
456625.97666122235,6866586.456095213,1719576832.0,paragliders,20363003
456185.2182967976,6869510.514685658,1724239616.0,paragliders,20367305
455605.0987148281,6869326.327665653,1724239488.0,paragliders,20367395
455643.4198112238,6869517.19547914,1724586240.0,paragliders,20367596
458975.9718146577,6868028.166124058,1745326720.0,paragliders,20374713
459871.1903508904,6867419.18212715,1745327488.0,paragliders,20374728
459298.1392377705,6866114.683628178,1749378304.0,paragliders,20379521
456723.9831205933,6869979.653426635,1750593152.0,paragliders,20380483
458887.69839692453,6866678.218057023,1774785024.0,paragliders,20390885
459745.97341177246,6868967.269999228,1778586624.0,paragliders,20395035
444679.02661343705,6874426.217323177,1240411776.0,paragliders,20081331
443543.6858701925,6871037.199639805,1313415040.0,paragliders,20108062
441581.43391155964,6874794.697894593,1345730432.0,paragliders,20120792
443465.378048449,6871929.630002063,1346170496.0,paragliders,20121072
440275.74519899086,6871645.48623503,1345736192.0,paragliders,20121102
444737.00086388475,6870484.523907299,1397044864.0,paragliders,20141276
444691.14940483845,6870555.0373088615,1397044736.0,paragliders,20141315
441012.84491323505,6874777.5181450425,1400423168.0,paragliders,20145090
444527.27346643386,6871194.159519942,1404395136.0,paragliders,20149472
444125.3474358876,6874987.069858763,1435588352.0,paragliders,20170062
444857.97634029953,6871558.14192488,1440770176.0,paragliders,20176382
442854.7555978463,6873062.19017027,1459508992.0,paragliders,20183023
443317.08441557514,6871043.413637903,1492687488.0,paragliders,20211509
440546.3212333704,6870424.749642605,1492686720.0,paragliders,20211598
444984.89356355724,6874164.527761777,1503241728.0,paragliders,20224246
444127.9077052173,6873238.887327347,1524148096.0,paragliders,20233784
444236.8223138512,6872807.523150641,1524147968.0,paragliders,20233978
443706.92025033414,6874530.763843756,1525701248.0,paragliders,20238334
442625.37675918953,6874619.810647064,1525702016.0,paragliders,20238334
444436.46538964205,6870147.4970745,1525697920.0,paragliders,20238382
441732.3126790517,6870712.754233403,1525611392.0,paragliders,20238622
444127.06521337864,6871266.908290474,1530889728.0,paragliders,20244470
443645.6769738319,6874434.8322129715,1537106560.0,paragliders,20253098
442628.27990916977,6874871.004130825,1557149824.0,paragliders,20263643
444669.4366554755,6870419.063934766,1557145728.0,paragliders,20263688
443307.67568191054,6874631.028509743,1559315584.0,paragliders,20265552
444553.78020743566,6870271.067885858,1561206016.0,paragliders,20268732
444994.2979846238,6872086.904443605,1562328320.0,paragliders,20270100
444975.9091177201,6870028.153469342,1562583552.0,paragliders,20270445
443767.9615209657,6870028.920284825,1566400512.0,paragliders,20274980
441045.0063891898,6873370.173570049,1566401408.0,paragliders,20274980
440369.83374114963,6874652.015225619,1566402816.0,paragliders,20274980
442943.50573930994,6874225.910730376,1567092864.0,paragliders,20276182
444818.3799746424,6871948.685517281,1567094272.0,paragliders,20276182
443596.80908555415,6871776.20773173,1592832256.0,paragliders,20284250
443980.5992261847,6871887.307392634,1592837376.0,paragliders,20284257
444392.80611405906,6871243.897277978,1595083520.0,paragliders,20287308
444131.8087665875,6871994.477683817,1596028544.0,paragliders,20288948
440983.7371701925,6873187.521162838,1599659520.0,paragliders,20293224
444690.71958693326,6873451.28453665,1600005504.0,paragliders,20293902
442187.2833278275,6871695.223533047,1622128384.0,paragliders,20301242
443541.98819165525,6872927.010392232,1625144960.0,paragliders,20304483
444340.230457635,6870108.527670723,1626784768.0,paragliders,20305563
444570.6537892511,6870349.4847962065,1626783872.0,paragliders,20305620
443912.5525551495,6870181.867069828,1626875264.0,paragliders,20305728
444496.50269701873,6870389.269870795,1626784000.0,paragliders,20305761
442633.47222455184,6872747.420076353,1630848640.0,paragliders,20309149
444248.3416783336,6870238.741220169,1650973952.0,paragliders,20319011
444158.0580784469,6870248.832891593,1650973952.0,paragliders,20319011
444119.1618440421,6870221.104077036,1650973952.0,paragliders,20319011
444037.81852690584,6870231.957093678,1650973952.0,paragliders,20319011
444020.22010810405,6870213.327851484,1650973952.0,paragliders,20319011
443933.550687388,6870207.736849363,1650973952.0,paragliders,20319011
444767.2693857845,6871129.861298097,1652097536.0,paragliders,20320354
443725.83618658193,6874800.941389864,1652098944.0,paragliders,20320377
442981.42741362005,6872768.826500001,1653142912.0,paragliders,20322198
444625.3385679864,6870895.542939793,1653145216.0,paragliders,20322211
443474.0150562204,6871943.713902,1653142656.0,paragliders,20322212
440345.9040326327,6870167.790389523,1653144064.0,paragliders,20322212
443092.56176246074,6871746.612761117,1653143680.0,paragliders,20322235
444657.60691306274,6871975.595421748,1652972672.0,paragliders,20322246
444689.322275476,6872238.847605651,1655476992.0,paragliders,20324445
444952.1400554976,6873732.422908406,1658581760.0,paragliders,20327923
444272.9304413931,6873704.760913304,1658581888.0,paragliders,20327923
444260.7634241085,6873697.711943999,1658581888.0,paragliders,20327923
444247.6456299884,6873675.101033872,1658581888.0,paragliders,20327923
443442.2502733838,6872305.126652423,1658582528.0,paragliders,20327923
441407.386682855,6871945.491348935,1658583424.0,paragliders,20327923
442258.94403298467,6872530.533501558,1661352960.0,paragliders,20331553
441779.8770651593,6870361.019726513,1661353984.0,paragliders,20331553
443631.3385818219,6872552.611325834,1661608960.0,paragliders,20332319
443836.65252277773,6874095.977717224,1665059328.0,paragliders,20334110
443770.99002923665,6873396.734062475,1665060480.0,paragliders,20334115
441039.8848580058,6870806.9357824465,1686924416.0,paragliders,20343954
444384.5431277035,6873788.5293027675,1686924160.0,paragliders,20344009
442709.70606936235,6871400.027195366,1686926976.0,paragliders,20344030
444630.2963852083,6874406.150394356,1687348736.0,paragliders,20344802
442711.1488823526,6871374.357750932,1687349504.0,paragliders,20344802
442668.35102335294,6871414.56824883,1687349504.0,paragliders,20344802
442683.67208410753,6871446.326783732,1687349504.0,paragliders,20344802
440633.56736832974,6871154.236498839,1687350144.0,paragliders,20344802
444491.63419893343,6874284.027688405,1687523968.0,paragliders,20344872
444479.9697789607,6871474.732368484,1689689984.0,paragliders,20346821
444282.67456607876,6873692.639699711,1692540544.0,paragliders,20349801
442888.5964752414,6871303.567351262,1692627584.0,paragliders,20350091
443809.90531964053,6873654.879181173,1711805952.0,paragliders,20356647
443507.056767912,6874452.948912268,1711805568.0,paragliders,20356653
443925.137363731,6873608.341006996,1711805952.0,paragliders,20356653
444803.26935978234,6871876.85633822,1712931328.0,paragliders,20356952
444901.6280337238,6872512.777179219,1712932480.0,paragliders,20356982
444813.7054169195,6872368.214929261,1712932352.0,paragliders,20357705
443383.99342086393,6870917.017821911,1715338624.0,paragliders,20358752
443358.9244176934,6870841.193510225,1715338496.0,paragliders,20358757
443379.4396304333,6870871.166687809,1715338624.0,paragliders,20358827
441529.3255623595,6870313.239507935,1715344384.0,paragliders,20358873
444501.46470030287,6873457.288528795,1716642176.0,paragliders,20360750
444326.90403208643,6871872.837835447,1719151104.0,paragliders,20362600
442014.2601762789,6874607.897943744,1719157120.0,paragliders,20362606
440993.5587852107,6874301.880541608,1719157632.0,paragliders,20362606
442474.98687662365,6874619.638742602,1719143808.0,paragliders,20362611
440864.6404378903,6874215.709409612,1719144192.0,paragliders,20362611
444906.096507736,6872239.620439657,1719153024.0,paragliders,20362624
440194.5057305712,6871640.2777510295,1722161152.0,paragliders,20365020
441944.5145750082,6871205.999513298,1724684544.0,paragliders,20367695
442015.16773454484,6874803.764745452,1726321664.0,paragliders,20368490
442029.5937061593,6874798.91662329,1726321664.0,paragliders,20368490
442091.03293394746,6874842.582766514,1726321664.0,paragliders,20368490
442039.595822285,6874961.707207044,1726321664.0,paragliders,20368490
442029.9705642911,6874964.9281143695,1726321664.0,paragliders,20368490
441999.93595544633,6874966.889277358,1726321664.0,paragliders,20368490
441472.4595563413,6872134.051252189,1726322432.0,paragliders,20368490
444818.65965816355,6872750.529111068,1726406272.0,paragliders,20368549
441804.524021236,6870353.744927221,1742225280.0,paragliders,20372411
444967.5786086683,6870559.084802976,1742221824.0,paragliders,20372455
444951.8979220419,6870529.436774917,1742221824.0,paragliders,20372455
444958.35923417716,6870512.321941954,1742221824.0,paragliders,20372455
444236.38662707194,6870325.727356819,1742221952.0,paragliders,20372455
444954.92767907394,6870205.373696724,1743418624.0,paragliders,20372815
444362.3211998755,6870083.90829238,1743418880.0,paragliders,20372847
444350.6957885399,6870105.83237045,1743418880.0,paragliders,20372847
444869.512020999,6870259.049905979,1743418752.0,paragliders,20372868
444189.95887264895,6870091.790217934,1750170368.0,paragliders,20379877
441040.3769387039,6870084.883898974,1750337664.0,paragliders,20379999
441143.7189028697,6871886.745610471,1751296000.0,paragliders,20381539
442407.69319904415,6872234.3047249885,1751296896.0,paragliders,20381561
444268.83095467545,6871406.401760595,1752068224.0,paragliders,20382172
440106.6187904393,6871333.19029377,1752074112.0,paragliders,20382173
444857.6177173022,6874728.463015032,1752074496.0,paragliders,20382175
444183.00851952424,6874780.868667094,1752076160.0,paragliders,20382175
444864.31295286136,6874063.150104606,1752077056.0,paragliders,20382175
444450.52561705356,6871729.802763402,1752077696.0,paragliders,20382175
444283.985787281,6870548.265613136,1752068736.0,paragliders,20382180
444031.08538582525,6870920.773145505,1752066176.0,paragliders,20382188
442476.1877770403,6870195.485602514,1752317440.0,paragliders,20382445
443469.0058188469,6870987.3399364455,1754491648.0,paragliders,20384044
444064.3541990138,6870558.5877789445,1754492032.0,paragliders,20384044
444087.3189750972,6870656.364254876,1754492032.0,paragliders,20384044
440259.9741487191,6870767.559996071,1754493824.0,paragliders,20384044
444300.7620306731,6870822.512102904,1756043008.0,paragliders,20385798
443115.5784148908,6870818.940932918,1756043136.0,paragliders,20385798
443762.87161545904,6870605.761244741,1777130447.249811,paragliders,20393616
444777.213861055,6874059.441350165,1777127296.0,paragliders,20393677
444300.3174702437,6872789.169146764,1777128448.0,paragliders,20393677
443923.2662038694,6874848.924186192,1780321280.0,paragliders,20397693
444050.26478344976,6873146.02239789,1781710720.0,paragliders,20398572
446973.8777797663,6874778.194818214,1179574784.0,paragliders,20061569
445976.14948588115,6871969.9800513685,1240410112.0,paragliders,20081331
448228.464408897,6874164.173992841,1245331840.0,paragliders,20082513
446528.2008145442,6874554.9882183,1251546880.0,paragliders,20084145
449199.1106199917,6870956.151452565,1273839104.0,paragliders,20092291
447957.0162759862,6873269.560444385,1274007168.0,paragliders,20092292
448122.0224763682,6874145.243536036,1281539328.0,paragliders,20094245
446500.3904011584,6870765.267184505,1283256064.0,paragliders,20094556
447957.51535162213,6874867.645655069,1284386304.0,paragliders,20100217
447721.58826868015,6874260.271104015,1284986752.0,paragliders,20100286
446204.52064121945,6870102.33813674,1304423808.0,paragliders,20104361
446968.580835819,6874536.916698314,1305292416.0,paragliders,20104953
447226.1258978876,6874678.819125071,1305723008.0,paragliders,20105462
447038.5311492878,6874985.439973324,1307789312.0,paragliders,20106191
446952.0094111001,6874806.730685653,1309441152.0,paragliders,20106918
446316.03069349425,6870274.169264681,1309782016.0,paragliders,20107061
446272.72614603885,6870764.778284626,1309614592.0,paragliders,20107082
447228.2761805952,6874850.06580987,1310643072.0,paragliders,20107371
448202.52997479815,6874898.693465044,1310729344.0,paragliders,20107428
446571.75245659536,6874882.612514274,1310729472.0,paragliders,20107468
446212.22421176493,6873856.906217619,1313415680.0,paragliders,20108062
445692.9342853691,6872330.0753521025,1335886848.0,paragliders,20113684
446383.6476343423,6874711.685627555,1336057984.0,paragliders,20113869
445342.8389371591,6870422.562990075,1336909952.0,paragliders,20114707
448959.54304256703,6871386.957577501,1337179008.0,paragliders,20114962
447126.8589031261,6870448.668086341,1337185792.0,paragliders,20115003
446929.4536743697,6874845.339377591,1338202240.0,paragliders,20115424
446882.2111607164,6874383.731134483,1338203520.0,paragliders,20115424
449411.58325339726,6874080.839551591,1340451968.0,paragliders,20117004
447263.50188004697,6874808.701757133,1343482496.0,paragliders,20118918
447510.94916344935,6874674.822811448,1345651072.0,paragliders,20120709
448870.16670032777,6873578.466070535,1345649024.0,paragliders,20120718
448504.22001395444,6873897.716080865,1345648896.0,paragliders,20120722
446664.58687568136,6874778.6929481365,1345634304.0,paragliders,20120724
448060.4845605103,6872431.200546449,1346172288.0,paragliders,20121072
446023.12104757334,6873747.485439627,1346156928.0,paragliders,20121112
446545.8240910881,6873898.902283757,1347712640.0,paragliders,20121919
445088.60668394034,6870985.496285752,1347713536.0,paragliders,20121919
447353.99437648157,6873069.767984289,1348060288.0,paragliders,20122084
448526.57176194474,6872629.452902769,1360937216.0,paragliders,20123486
446895.14938049624,6874803.720338998,1367844736.0,paragliders,20127275
446441.96566343505,6872579.657386202,1367939072.0,paragliders,20127397
447593.3987409323,6874924.100543837,1372599680.0,paragliders,20130555
448514.4433441732,6874669.752200704,1372947456.0,paragliders,20130913
448791.262203567,6874495.5194404,1377872512.0,paragliders,20135623
445975.5871492947,6874687.106194772,1378570112.0,paragliders,20136368
448583.0859971028,6872180.019853794,1397043497.6329346,paragliders,20141276
447778.17964885675,6872981.03645517,1397043840.0,paragliders,20141276
445273.67255167966,6872717.141916789,1397044608.0,paragliders,20141276
447727.21050384035,6874176.866776561,1405338624.0,paragliders,20149977
448065.72947763983,6874845.591207653,1405338112.0,paragliders,20149978
447518.613874815,6874910.265267312,1405344512.0,paragliders,20149985
447344.73918910936,6874473.576027169,1405332608.0,paragliders,20149989
449796.91685901774,6874160.297302342,1405332864.0,paragliders,20149989
448978.14586596115,6874987.94752305,1405344384.0,paragliders,20149991
447484.6394564927,6874894.760934778,1405351808.0,paragliders,20149997
446838.6215856304,6874871.7745357845,1405346048.0,paragliders,20150000
445889.27803989995,6874948.266699302,1405346560.0,paragliders,20150000
449775.2799687867,6874258.323859143,1405347584.0,paragliders,20150000
447603.61399362294,6874972.086214283,1405337984.0,paragliders,20150007
447319.8245229892,6874551.219190329,1405332608.0,paragliders,20150027
447569.7450560349,6874012.496005333,1408881664.0,paragliders,20152772
449112.4864888128,6873028.083344572,1408882816.0,paragliders,20152772
449153.423338846,6872990.958171003,1408882944.0,paragliders,20152772
449160.3102518547,6873038.575080672,1408882944.0,paragliders,20152772
447687.1335798634,6874873.642140143,1425048704.0,paragliders,20157342
446758.4808178243,6874918.696073533,1430226048.0,paragliders,20163150
448532.96401803807,6874966.113682183,1431863424.0,paragliders,20165064
447207.6722704197,6874507.726084377,1432302336.0,paragliders,20165309
447097.2395300421,6874920.618329615,1432985344.0,paragliders,20166097
446733.7175518529,6874983.621413083,1432985088.0,paragliders,20166116
446658.88975734345,6874963.952536163,1432985216.0,paragliders,20166176
447377.54983175115,6874948.197755451,1432991744.0,paragliders,20166256
447047.6356094554,6874818.948518664,1433339904.0,paragliders,20166947
446595.0237715471,6874350.749054945,1433597056.0,paragliders,20167399
447071.29668892606,6874415.120274512,1433591808.0,paragliders,20167408
446209.33139732655,6872357.3039118545,1434195200.0,paragliders,20168017
448324.15209866693,6871320.446252249,1434195840.0,paragliders,20168017
446266.826437124,6873655.61452814,1434204672.0,paragliders,20168036
447276.2305353457,6873803.564124817,1435240320.0,paragliders,20169259
447815.79229622637,6874068.410486238,1435413760.0,paragliders,20169650
449096.776949666,6874595.388889066,1435500416.0,paragliders,20173183
447482.3227140053,6874636.11241398,1439216512.0,paragliders,20174637
447231.2492046775,6870020.740967047,1441542400.0,paragliders,20177094
447124.73087498907,6870000.424914388,1441544448.0,paragliders,20177124
448451.25347584405,6874490.010956554,1459859584.0,paragliders,20183131
446970.1542443121,6874582.388920312,1460982400.0,paragliders,20183937
446843.2223412652,6874678.57489175,1460982272.0,paragliders,20183938
447313.25422359025,6873221.800903851,1460984192.0,paragliders,20183961
445465.8634820754,6873003.736241275,1460984320.0,paragliders,20183966
446657.66864293657,6874708.738906553,1460982528.0,paragliders,20183979
447109.862614079,6874461.4249113705,1460987776.0,paragliders,20184142
449668.9291747041,6873570.94362677,1460988288.0,paragliders,20184142
449293.3674565477,6872734.2350163115,1461838080.0,paragliders,20184628
449297.038754436,6872733.410139922,1461838080.0,paragliders,20184628
447726.3432956653,6874853.728048413,1462116864.0,paragliders,20185444
447084.6872520687,6874915.293085063,1463327104.0,paragliders,20187295
446870.24380381545,6874801.874174161,1463326464.0,paragliders,20187311
447865.987862637,6874615.752904425,1466339840.0,paragliders,20189953
448053.01197355025,6874726.730824265,1466339840.0,paragliders,20189958
447830.07259729947,6874684.93192014,1466339840.0,paragliders,20189959
447118.54234472255,6874777.685782651,1466771200.0,paragliders,20190495
448878.8654042538,6874169.574922528,1466771712.0,paragliders,20190537
448355.8536461098,6874854.556693162,1466770176.0,paragliders,20190540
448240.5457385201,6874853.39821344,1466770176.0,paragliders,20190540
448334.6310224124,6874741.810870686,1466770176.0,paragliders,20190540
448548.07554412057,6874381.664111597,1466771584.0,paragliders,20190544
446034.88688776543,6874396.144017324,1467896320.0,paragliders,20192328
448803.34164096013,6874170.900040074,1467894912.0,paragliders,20192369
446781.60044026264,6874624.968159186,1469361152.0,paragliders,20194443
449167.96002026135,6874997.537753192,1469361792.0,paragliders,20194449
449197.26824636204,6874961.554323723,1469361792.0,paragliders,20194449
447127.1830776865,6874851.7733141435,1470054400.0,paragliders,20195254
446511.4336713788,6874724.411343427,1470054016.0,paragliders,20195343
447010.8819309846,6874312.286105128,1472651264.0,paragliders,20199818
446506.4131737719,6870027.680327699,1476189696.0,paragliders,20203240
447494.1717260793,6874995.765994611,1490104832.0,paragliders,20207116
448543.64236324286,6874524.319858822,1490105088.0,paragliders,20207124
446371.58835034363,6874693.307490866,1491222656.0,paragliders,20208608
448943.66799497406,6873109.4300657455,1491223808.0,paragliders,20208608
448383.6909692274,6874405.19731562,1491755264.0,paragliders,20209827
446573.6897875881,6870756.079604432,1492687488.0,paragliders,20211513
446804.5852146818,6870274.854368374,1492954880.0,paragliders,20212276
446779.47603110987,6870063.881101506,1492955776.0,paragliders,20212685
446790.02160201635,6874890.287732934,1494765056.0,paragliders,20213825
449351.9481502951,6874835.64462202,1494770560.0,paragliders,20213875
447364.177744074,6874456.191514771,1494758144.0,paragliders,20213878
449135.83930810646,6873839.608945631,1496574208.0,paragliders,20217431
448238.12390712684,6874768.859085788,1496573568.0,paragliders,20217458
449117.53875840234,6873542.641471827,1496574336.0,paragliders,20217473
449096.16863344517,6873566.809978242,1496574336.0,paragliders,20217477
448290.0166495433,6874766.066076156,1496573696.0,paragliders,20217484
447940.86515854474,6874789.413025484,1496573440.0,paragliders,20217497
445502.3112066856,6870293.538924884,1497780480.0,paragliders,20218883
446075.8813547177,6870160.518761816,1497786496.0,paragliders,20218910
445956.9903680673,6870124.92293384,1497786624.0,paragliders,20220190
447958.9436416939,6874921.592490585,1500121984.0,paragliders,20221294
448969.8698427505,6874324.7474980485,1500122240.0,paragliders,20221294
446339.8454146778,6874288.371003848,1500118528.0,paragliders,20221353
447315.7938042384,6874828.783170439,1500122752.0,paragliders,20221371
446615.231148228,6870085.155186857,1500301568.0,paragliders,20221628
446381.4188596927,6870072.387172019,1500300160.0,paragliders,20221663
446446.4986789618,6874972.043828249,1501504896.0,paragliders,20222293
446561.4200313512,6874388.843641938,1501508608.0,paragliders,20222297
446984.59457085864,6874791.054353164,1501600000.0,paragliders,20222310
449087.2170789774,6874812.894366948,1501935872.0,paragliders,20222647
446475.05819784995,6874592.85097172,1502020992.0,paragliders,20222809
448787.8970093713,6873510.300218882,1502030336.0,paragliders,20222839
446508.65959843807,6874568.922509522,1502020992.0,paragliders,20222883
447209.12428434985,6870907.466504282,1502022144.0,paragliders,20222883
448227.97531585966,6874784.319180397,1502027776.0,paragliders,20222895
446905.0682133868,6874117.1977711255,1502460544.0,paragliders,20223190
447023.0827939671,6874032.62975369,1502460544.0,paragliders,20223190
447053.5680023017,6874074.230793661,1502460544.0,paragliders,20223190
447080.537309246,6874159.644122784,1502460544.0,paragliders,20223190
447070.39109589765,6874154.332922685,1502460544.0,paragliders,20223190
449071.8012696629,6874958.311909517,1503234944.0,paragliders,20224208
446954.5228169915,6874866.264681959,1503582848.0,paragliders,20224861
447660.3412930484,6874157.3444383675,1504364544.0,paragliders,20225457
449892.8494858431,6873843.9341290025,1504360448.0,paragliders,20225462
449977.3174910585,6873754.204983788,1504360448.0,paragliders,20225462
449052.88202566945,6873276.375926844,1506083712.0,paragliders,20226501
449279.90997558093,6874863.246214863,1506091008.0,paragliders,20226501
446506.64396016556,6870117.493369444,1522933120.0,paragliders,20231666
448890.3796937718,6874033.467829928,1522930560.0,paragliders,20231699
445164.36196463567,6871140.253428529,1525700352.0,paragliders,20238334
445972.98916647234,6870255.201480137,1525697875.753081,paragliders,20238394
447273.2622605314,6870358.631083068,1525696128.0,paragliders,20238437
445243.0866472779,6872991.361715914,1525868160.0,paragliders,20238589
446896.6768871703,6874919.797166211,1525866880.0,paragliders,20238592
446501.5952017682,6874732.800126464,1525867264.0,paragliders,20238592
446377.98879050417,6874355.410476882,1525867264.0,paragliders,20238592
448919.902330552,6872709.047445589,1525870976.0,paragliders,20238598
447299.13072946225,6874369.879769772,1525872384.0,paragliders,20238598
447532.469903441,6874912.779952853,1525874816.0,paragliders,20238598
448455.32745802664,6874407.035115191,1525872768.0,paragliders,20238620
447473.23995480716,6874369.764223476,1525872384.0,paragliders,20238633
445412.2515195031,6870191.564203064,1525698048.0,paragliders,20239053
448631.8572931955,6871426.739831649,1526212096.0,paragliders,20239137
445157.5767721973,6870619.878958819,1529493504.0,paragliders,20242171
445218.8891138807,6870571.468273342,1529506688.0,paragliders,20242171
446288.95895917737,6870160.635585988,1529757056.0,paragliders,20242563
446306.0937604504,6870098.336573712,1529757056.0,paragliders,20242600
446157.14361418976,6870019.0247440785,1529757184.0,paragliders,20242888
446307.41438481986,6870102.287871325,1529757056.0,paragliders,20242978
448521.43921691907,6874370.014009139,1531751808.0,paragliders,20245681
448397.79285371216,6874072.071113757,1531841024.0,paragliders,20245722
448399.51897756633,6873747.3728707535,1531841024.0,paragliders,20245744
445781.42052195244,6874640.828678688,1532264320.0,paragliders,20246260
446148.85785526363,6874352.284700393,1532264448.0,paragliders,20246304
447238.61328939896,6870141.621504659,1533129728.0,paragliders,20247914
446901.71395781985,6870117.750256645,1533480704.0,paragliders,20248551
449191.905198254,6874721.925635022,1533566208.0,paragliders,20248693
449965.6800555909,6873846.788064868,1533738368.0,paragliders,20248850
449964.0858346507,6874006.505595739,1533738368.0,paragliders,20248850
449222.4669536759,6874020.421099706,1534517120.0,paragliders,20249805
447211.4045148938,6874410.235819837,1534514560.0,paragliders,20249812
445995.3686686432,6870055.411719323,1535894016.0,paragliders,20251530
445966.7061095866,6870081.051275113,1535894016.0,paragliders,20251530
447173.8415370192,6874120.710904364,1536405632.0,paragliders,20251985
447649.31383581494,6874972.152915596,1536497792.0,paragliders,20252371
445612.14596901764,6873811.54022195,1536499712.0,paragliders,20252371
447397.17168618704,6874356.042665623,1537013888.0,paragliders,20253015
446564.09796337987,6873691.596322603,1537022336.0,paragliders,20253032
446715.10856443737,6874872.1650543865,1537104128.0,paragliders,20253224
447614.85997987626,6873801.363633889,1537105664.0,paragliders,20253224
447010.886715157,6870889.929044384,1553689984.0,paragliders,20258549
447625.0851563532,6872770.7048572,1553954560.0,paragliders,20259278
447179.50570746104,6874869.596028582,1553957248.0,paragliders,20259325
446488.73138652043,6870319.154726345,1555072000.0,paragliders,20260658
445329.97742776066,6870977.987330183,1555152512.0,paragliders,20260850
445630.2567786352,6870980.100985709,1555152128.0,paragliders,20260989
445622.5217743101,6870295.183819642,1555680640.0,paragliders,20261571
446462.0723333645,6870312.888570509,1555680512.0,paragliders,20261574
445809.5028099539,6870187.719235199,1555680512.0,paragliders,20261590
446903.75725177396,6870544.542711257,1555854336.0,paragliders,20262080
446867.18895897584,6870156.076256825,1555853568.0,paragliders,20262096
445482.53569553327,6874624.755322496,1555932800.0,paragliders,20262135
445848.146918027,6874893.200853734,1555934080.0,paragliders,20262164
446786.89669289894,6874484.759577663,1555935104.0,paragliders,20262164
446994.6687384109,6873298.485587883,1555936000.0,paragliders,20262164
446728.8921962633,6870173.560913965,1555853568.0,paragliders,20262264
446092.8354430914,6870266.054997878,1555854720.0,paragliders,20262489
446276.93996483274,6874746.123585567,1557146368.0,paragliders,20263643
446195.7281783908,6874904.499685451,1557141504.0,paragliders,20263688
447066.69545445853,6873442.77811408,1557142784.0,paragliders,20263688
445652.64309447416,6874968.221176197,1557146632.071876,paragliders,20263688
446141.80685218127,6874635.028738505,1557141504.0,paragliders,20263693
447044.3196518244,6873577.236102157,1557142784.0,paragliders,20263693
448188.0655732964,6871058.29844975,1559313280.0,paragliders,20265552
448342.58625785273,6874286.621824955,1559572224.0,paragliders,20267355
446447.9233937489,6874916.160994711,1560780032.0,paragliders,20268390
447667.91997500905,6870888.907639123,1560781056.0,paragliders,20268390
445003.00494587043,6872095.397621292,1562328320.0,paragliders,20270038
446618.6060071735,6871902.997333183,1562333056.0,paragliders,20270038
445451.5743700508,6874772.520910251,1562329088.0,paragliders,20270100
445504.6616384323,6874339.067190483,1562332672.0,paragliders,20270100
446547.95992517413,6871912.273882441,1562333184.0,paragliders,20270100
446663.2506548662,6874604.295263341,1562851456.0,paragliders,20270684
448671.33871556405,6874251.074321677,1563365376.0,paragliders,20271316
447061.96663708315,6874776.4806879405,1563364736.0,paragliders,20271359
448627.5612274128,6874301.847110931,1563365376.0,paragliders,20271359
448679.66458596784,6874314.350056901,1563365376.0,paragliders,20271359
448681.98045780207,6874319.949880977,1563365376.0,paragliders,20271359
446863.2720652936,6874299.596286723,1563718400.0,paragliders,20271913
448735.03971650806,6874397.230528828,1564307712.0,paragliders,20272898
448368.1344631168,6874602.316801588,1564307712.0,paragliders,20272927
448476.70562911255,6874767.420589396,1564307712.0,paragliders,20272949
446675.86777320126,6874768.355745985,1563718656.0,paragliders,20273742
449895.2367016359,6870978.649008454,1566401408.0,paragliders,20274894
447197.6544231122,6874545.033429526,1566398464.0,paragliders,20274907
446420.88331933145,6870603.828873509,1566403072.0,paragliders,20274907
446728.31952659256,6873908.001769787,1566481536.0,paragliders,20274942
446900.23160792526,6873924.642215435,1566481664.0,paragliders,20274944
447422.41504328814,6874204.342302443,1566310784.0,paragliders,20275017
447507.0533458537,6874180.928167712,1566310784.0,paragliders,20275325
447062.85946383607,6872523.465462839,1567087616.0,paragliders,20276182
449159.67178071034,6871992.740863494,1567095424.0,paragliders,20276182
449145.4247749276,6872049.174558565,1567095424.0,paragliders,20276182
449157.31462475966,6871925.331373785,1567095424.0,paragliders,20276182
446608.873919976,6874952.794429508,1567086336.0,paragliders,20276233
446014.35379835387,6874309.848960751,1567088384.0,paragliders,20276233
446842.86153112707,6874437.306250252,1567095552.0,paragliders,20276235
447548.70020428224,6874443.17126598,1567341056.0,paragliders,20276433
449855.6035720922,6873183.77752608,1567419008.0,paragliders,20276508
448282.2509924679,6874778.447330847,1563720320.0,paragliders,20277861
448276.6597693142,6874769.3243124755,1563720320.0,paragliders,20277861
448278.24420785333,6874771.945821074,1563720320.0,paragliders,20277861
447629.7943241336,6871386.899496527,1589631232.0,paragliders,20280640
445886.57314718753,6872277.881333312,1589720320.0,paragliders,20280678
446977.2315697102,6874773.436831048,1589811712.0,paragliders,20280783
447015.83668428735,6874598.145822174,1589812480.0,paragliders,20280826
446446.5378519133,6874624.553847149,1590330496.0,paragliders,20281625
446665.37816171563,6874918.7325313,1592833536.0,paragliders,20284257
445321.0746402624,6872896.195543973,1592835968.0,paragliders,20284257
447283.3536131528,6874586.036010912,1592838400.0,paragliders,20284259
445437.43531584163,6874495.0832647635,1592659968.0,paragliders,20285026
446960.9306924935,6874797.341969863,1594125184.0,paragliders,20285941
448284.4170253634,6874762.250013096,1594125824.0,paragliders,20285942
446976.33340318315,6874869.384328353,1594125184.0,paragliders,20285953
447545.4997300868,6874682.367622525,1594125696.0,paragliders,20285992
447497.8634804676,6874809.970090962,1594125440.0,paragliders,20286014
447078.69522447436,6873791.249215133,1594985344.0,paragliders,20287230
446293.62224494625,6874023.392510047,1594992768.0,paragliders,20287233
448612.8960945494,6872170.492878842,1594993536.0,paragliders,20287233
446702.9279214209,6874325.383835856,1595083008.0,paragliders,20287308
446922.39149820583,6874752.176511235,1595163520.0,paragliders,20287451
447073.30589194776,6874894.706493218,1595163520.0,paragliders,20287502
447065.8448366118,6873721.081717829,1595163776.0,paragliders,20287699
447919.95871248416,6873940.23110097,1599053440.0,paragliders,20292592
447046.0202158979,6874743.68387566,1599656576.0,paragliders,20293224
448045.4457723443,6873698.123836383,1616669440.0,paragliders,20298023
447893.1679275965,6873752.23657951,1616671488.0,paragliders,20298023
446708.81446341873,6870222.905145685,1622372224.0,paragliders,20301827
446796.415700369,6874844.201907771,1622893824.0,paragliders,20302491
446544.4661588777,6874651.34211877,1625142528.0,paragliders,20304483
446782.4038818523,6874866.488185672,1625142784.0,paragliders,20304496
445705.77544475335,6874402.092967963,1625144576.0,paragliders,20304496
447279.101088512,6874998.0384719875,1625146752.0,paragliders,20304528
446918.8024309267,6873946.151076143,1628777728.0,paragliders,20307192
446563.72181924264,6874189.488272439,1630847616.0,paragliders,20309115
449998.62549188756,6871024.223882026,1630848384.0,paragliders,20309115
446648.617332575,6873935.443818828,1630844800.0,paragliders,20309149
446653.5915478312,6873989.5707861185,1630844800.0,paragliders,20309149
446636.6081151988,6874008.966425476,1630844800.0,paragliders,20309149
446660.10218665306,6873402.548645911,1630845056.0,paragliders,20309149
448081.49908638885,6870624.526673698,1630847232.0,paragliders,20309149
448086.9850303475,6870635.413319404,1630847232.0,paragliders,20309149
448090.8049079598,6870658.56568495,1630847232.0,paragliders,20309149
447194.7209065442,6874615.39168694,1631365760.0,paragliders,20309785
447196.02648667624,6874613.497022753,1631365760.0,paragliders,20309785
447273.70559055323,6874606.301130065,1631365760.0,paragliders,20309785
447089.61707324826,6874666.668535461,1631365760.0,paragliders,20309787
449142.9952416189,6874549.732784901,1631365888.0,paragliders,20309790
447883.6098975133,6874029.571596027,1631369600.0,paragliders,20309823
447836.6523140563,6873997.726534925,1631369600.0,paragliders,20309827
449972.45040595176,6871613.376821313,1631367168.0,paragliders,20309830
448918.1445276002,6874440.844678801,1631365888.0,paragliders,20310007
447244.3535778663,6873566.857969052,1649938432.0,paragliders,20317652
447802.2861780153,6870555.3719733,1650114048.0,paragliders,20317916
446939.3773119134,6870584.082909143,1650115968.0,paragliders,20317965
446876.8599217391,6870235.711431823,1650114944.0,paragliders,20317974
446416.4043259311,6870566.209582617,1650973696.0,paragliders,20319011
446067.24726478703,6870221.1412822865,1651057536.0,paragliders,20319060
447603.98452891735,6870126.723216492,1652023680.0,paragliders,20320278
446677.55936890806,6871344.55306037,1652024192.0,paragliders,20320278
447620.75895594154,6870004.137905513,1652025728.0,paragliders,20320278
446028.0488623436,6872047.015471761,1652098048.0,paragliders,20320377
446593.82151183934,6874280.228390851,1652101760.0,paragliders,20320406
446132.79435682786,6874309.248333499,1652111232.0,paragliders,20320407
448904.1079253737,6874026.623610132,1652379392.0,paragliders,20320904
447731.46118638635,6874997.521014405,1652369024.0,paragliders,20320935
447033.36219087546,6874038.054246373,1652446592.0,paragliders,20320977
446724.4696604323,6874921.849614033,1652444288.0,paragliders,20320995
447980.6381241755,6874942.2356511075,1652446720.0,paragliders,20320997
447903.8791088573,6874911.936633873,1652446848.0,paragliders,20321003
446830.5675613662,6873666.203733994,1652454016.0,paragliders,20321004
446330.03871062153,6874910.644890464,1652455552.0,paragliders,20321004
447474.26188297995,6873523.817658346,1652454144.0,paragliders,20321006
446973.22548844456,6874784.493696911,1652455808.0,paragliders,20321006
448668.3769524068,6874912.84971096,1652446464.0,paragliders,20321016
447155.9809990782,6873502.060558685,1652454272.0,paragliders,20321017
447194.9743806966,6874699.506428989,1652456064.0,paragliders,20321017
446430.9347565302,6874583.222344288,1652458880.0,paragliders,20321017
446466.1810817936,6874533.769406606,1652458880.0,paragliders,20321017
446474.7594102896,6874528.091695689,1652458880.0,paragliders,20321017
446674.77715990995,6872525.004541091,1652459392.0,paragliders,20321017
446885.7382797022,6874992.457137621,1652444288.0,paragliders,20321034
447173.3046656963,6874879.862065662,1652361728.0,paragliders,20321448
446281.47925123066,6874399.669845401,1653141760.0,paragliders,20322198
445300.09569494374,6873984.28527203,1653142016.0,paragliders,20322198
446315.57450432744,6874366.899787083,1653141888.0,paragliders,20322211
445386.5476470264,6874006.478891559,1653142198.9003255,paragliders,20322211
445353.55404111545,6873974.50116461,1653142272.0,paragliders,20322211
445428.4255344969,6874057.326185732,1653142272.0,paragliders,20322211
445973.0324204505,6873717.223869385,1653148800.0,paragliders,20322211
446284.4723262032,6874375.315880762,1653141888.0,paragliders,20322214
446288.21388950624,6874368.146045133,1653141888.0,paragliders,20322214
446300.8669167149,6874353.748168996,1653141888.0,paragliders,20322214
445661.24837583926,6874221.78720069,1653142400.0,paragliders,20322214
446313.9413940859,6874314.609557131,1653141888.0,paragliders,20322235
448622.6896141658,6874570.716230722,1654518912.0,paragliders,20323389
448147.40875615744,6874982.0180527875,1654519936.0,paragliders,20323442
446370.8006025991,6874971.826103298,1654954496.0,paragliders,20323769
449445.5231702653,6874273.660802438,1654954880.0,paragliders,20323769
449444.01735215925,6874272.248001664,1654954880.0,paragliders,20323769
449437.1072299426,6874256.1434623925,1654954880.0,paragliders,20323769
445980.75086362835,6873379.739272193,1655477888.0,paragliders,20324423
445218.98432561144,6874465.625841479,1655479296.0,paragliders,20324433
445294.70499451447,6873633.410570556,1655478400.0,paragliders,20324436
445239.67538891436,6874570.477536233,1655479424.0,paragliders,20324436
445500.2212522457,6873983.549558074,1655476480.0,paragliders,20324445
449999.42466914287,6872326.911905337,1655474304.0,paragliders,20324460
445842.31642071775,6874898.4833286125,1655477120.0,paragliders,20324562
445404.10243445076,6873680.999817245,1655478400.0,paragliders,20324562
446340.5592713582,6874164.011735421,1656778624.0,paragliders,20325247
446564.66258407856,6874620.738920601,1656782720.0,paragliders,20325247
447433.4870203059,6874967.247334811,1656778112.0,paragliders,20325253
446278.9657951915,6874245.782373501,1656778496.0,paragliders,20325253
447532.96375524043,6874808.494939105,1656782848.0,paragliders,20325255
446593.31723509484,6874780.391208602,1656765568.0,paragliders,20325262
446062.374149867,6872700.743037689,1657641216.0,paragliders,20326231
446699.73965152825,6874433.33392674,1657712000.0,paragliders,20326363
447308.80895787315,6870641.128280153,1657884416.0,paragliders,20326859
447545.27630145976,6870222.458529186,1657885696.0,paragliders,20326865
446566.7489291853,6870295.712353873,1657882836.0576248,paragliders,20326884
446760.2136906744,6870268.35926693,1657882752.0,paragliders,20326909
446862.6558103347,6874731.703306906,1657633792.0,paragliders,20326970
447300.66143805004,6870017.549381173,1657968768.0,paragliders,20327101
446773.18511468393,6873601.041452982,1659180160.0,paragliders,20328627
446833.51441328163,6873579.132531553,1659180160.0,paragliders,20328627
446853.15147214587,6873651.134925986,1659180160.0,paragliders,20328627
446819.4486670751,6873600.517012882,1659180160.0,paragliders,20328627
446936.13294214144,6873452.790079227,1659180160.0,paragliders,20328627
447009.975816427,6873398.786248876,1659180160.0,paragliders,20328627
446996.7777621891,6873448.287598312,1659180288.0,paragliders,20328627
448769.1090297234,6871287.315192861,1659180672.0,paragliders,20328627
446095.7423361477,6874652.9853078695,1659180160.0,paragliders,20328631
445787.33770592697,6874047.772706807,1659180672.0,paragliders,20328631
446125.9064009004,6874884.76521994,1659179136.0,paragliders,20328714
446678.41206170246,6874627.686755816,1659179392.0,paragliders,20328715
445763.8389568785,6873837.35655745,1659358976.0,paragliders,20329024
448716.93493649457,6870515.104471891,1659359488.0,paragliders,20329024
447389.6805823758,6874626.891937395,1659442176.0,paragliders,20329202
445700.6446319158,6874255.551773099,1659443968.0,paragliders,20329295
445692.7418390933,6874260.059296005,1659443968.0,paragliders,20329295
445673.89083770476,6874270.926164308,1659443968.0,paragliders,20329295
448033.55256746826,6874300.451609168,1659527808.0,paragliders,20329471
447053.43105212436,6874844.994938998,1661000576.0,paragliders,20331200
448149.3449529574,6872636.591462732,1661000960.0,paragliders,20331200
449183.95646256633,6872023.80196947,1661003776.0,paragliders,20331200
447217.6869796908,6874866.28049453,1660999552.0,paragliders,20331204
446090.6339908561,6872544.523836439,1661000192.0,paragliders,20331204
447040.94349502533,6874799.0252189785,1660999424.0,paragliders,20331205
446085.8700377689,6872510.857995668,1661000192.0,paragliders,20331205
447815.99830517784,6874636.284495481,1661001344.0,paragliders,20331226
449220.8646618228,6874411.009489496,1661007488.0,paragliders,20331228
447351.0515512808,6874847.3383885445,1660999552.0,paragliders,20331236
446157.8864998557,6872919.819778969,1661000064.0,paragliders,20331236
446081.91441566095,6870047.4295687415,1661600128.0,paragliders,20331893
445965.37563577056,6870081.146922637,1661597568.0,paragliders,20331904
446620.4773616951,6870123.993091846,1661598336.0,paragliders,20331904
446118.74534563546,6871716.188699979,1661602944.0,paragliders,20332319
447394.0536373091,6870881.821033002,1661604224.0,paragliders,20332319
446689.0717610137,6870585.105749586,1661604864.0,paragliders,20332319
446371.3411062773,6870070.241456914,1661607552.0,paragliders,20332319
446827.2396190666,6872664.816096692,1661000832.0,paragliders,20332363
446650.6522399999,6870250.556995885,1663770752.0,paragliders,20333524
446593.8868371845,6870287.525824864,1663770752.0,paragliders,20333543
446267.40844168235,6872909.068060954,1665055872.0,paragliders,20334104
445750.05950323364,6871691.909337485,1665056256.0,paragliders,20334104
447859.64189504395,6874290.952553265,1665058560.0,paragliders,20334115
447882.0144934554,6874250.879084346,1665058560.0,paragliders,20334115
448015.8319792567,6874421.484365988,1665058560.0,paragliders,20334115
448092.4066740113,6874365.850836513,1665058560.0,paragliders,20334115
448037.07722016016,6874309.090440471,1665058560.0,paragliders,20334115
448014.53262274957,6874318.263391384,1665058560.0,paragliders,20334115
447967.2884582214,6874334.747945006,1665058560.0,paragliders,20334115
446149.16634546296,6873979.796832134,1665059328.0,paragliders,20334115
446495.6235503792,6874911.239079188,1665150592.0,paragliders,20334227
449081.640160613,6874014.79912974,1654953216.0,paragliders,20335006
447253.1331231499,6872551.168707847,1679917952.0,paragliders,20337694
447075.2885018398,6874599.4284621775,1680698752.0,paragliders,20337922
447057.3186805681,6874666.928542322,1680698752.0,paragliders,20337922
446129.64157032536,6873977.495985818,1680701824.0,paragliders,20337922
446178.8592825308,6873889.360724222,1680701824.0,paragliders,20337922
446204.5012194437,6873894.518525616,1680701824.0,paragliders,20337922
447275.81982799305,6870821.385405302,1680872192.0,paragliders,20338325
446122.6028246264,6870121.941110378,1682424064.0,paragliders,20341016
446128.45044203807,6870004.794478594,1686142336.0,paragliders,20343284
446528.0487528635,6870034.903834415,1686141056.0,paragliders,20343287
446543.56526763656,6870968.503003065,1686139904.0,paragliders,20343409
446505.447503127,6870044.944114429,1686141056.0,paragliders,20343409
446704.781847872,6870052.14476303,1686141696.0,paragliders,20343409
446545.7092598249,6870282.443361602,1686142080.0,paragliders,20343409
445408.94453758636,6871923.520555161,1686924762.1909986,paragliders,20344009
445394.59320293355,6871923.009860946,1686924800.0,paragliders,20344009
445386.73762914847,6871919.211704071,1686924800.0,paragliders,20344009
448621.2898921642,6872335.01260373,1687347712.0,paragliders,20344775
447935.73997456586,6871911.280561507,1687346944.0,paragliders,20344778
446852.6268011926,6874790.229063631,1687352576.0,paragliders,20344787
447385.68319374614,6873945.348263276,1687352832.0,paragliders,20344787
448663.0460145066,6872472.659460564,1687347584.0,paragliders,20344812
448646.7288424884,6874530.026474258,1687776256.0,paragliders,20345298
447692.8952125369,6874729.931086817,1687867136.0,paragliders,20345448
447950.17562836455,6874808.2526650885,1688294656.0,paragliders,20345693
447107.9061863031,6874627.265612027,1688294400.0,paragliders,20345716
448295.7337624285,6873337.472319527,1688647936.0,paragliders,20346120
447981.9536640374,6874529.411369748,1689942656.0,paragliders,20347061
448568.3213486911,6874460.320669243,1691414272.0,paragliders,20348213
447128.8516971047,6874301.525648435,1691497728.0,paragliders,20348262
446402.3637581607,6873155.785888145,1691498368.0,paragliders,20348262
446207.263134141,6874917.81802588,1691500288.0,paragliders,20348262
446375.52749910194,6873559.309361468,1691678720.0,paragliders,20348480
448489.8887292952,6872888.481518392,1691679360.0,paragliders,20348480
445517.19620881556,6874224.084006847,1691683072.0,paragliders,20348487
445398.40451963333,6874218.489484733,1691683072.0,paragliders,20348487
445677.0561913621,6874487.143422436,1691683072.0,paragliders,20348487
447890.4533138699,6874161.5580135835,1692539648.0,paragliders,20349840
447121.1085515563,6874123.727619947,1695476352.0,paragliders,20352761
445363.89978830825,6874938.697106063,1695477248.0,paragliders,20352761
447197.31604178925,6874346.178720775,1695735040.0,paragliders,20352929
449046.2049051434,6872829.948579591,1709732736.0,paragliders,20355820
448853.2460168738,6873644.896326163,1709733120.0,paragliders,20355823
448837.3839664858,6873307.665662632,1709732992.0,paragliders,20355828
446506.7100877675,6870891.355138037,1712931840.0,paragliders,20356952
447688.447601965,6872897.91339317,1712933120.0,paragliders,20356952
447201.53551070753,6873133.228835808,1713445504.0,paragliders,20357697
448997.17090224155,6874747.786269137,1714038656.0,paragliders,20358044
448683.5627766568,6874609.079548672,1714038528.0,paragliders,20358050
447338.65795615356,6874750.824449023,1714736000.0,paragliders,20358475
449216.86214212497,6872404.82207956,1714736640.0,paragliders,20358475
446098.8293900325,6870278.461362916,1715345024.0,paragliders,20358869
445860.6858601757,6872307.46868751,1715956224.0,paragliders,20360207
446380.777550797,6872333.324181217,1716642688.0,paragliders,20360750
446442.2975758164,6874956.637780534,1718973568.0,paragliders,20362560
447217.7371105822,6872428.699338157,1719154560.0,paragliders,20362600
446206.0873305074,6874575.767481614,1719155456.0,paragliders,20362600
446764.8365074192,6874496.967218744,1719148288.0,paragliders,20362606
447051.723628195,6871049.772382714,1719149056.0,paragliders,20362606
445439.2077069186,6874129.642505102,1719156352.0,paragliders,20362606
446653.9086906408,6874049.867139878,1719147776.0,paragliders,20362607
447179.70486108045,6871228.404375134,1719148928.0,paragliders,20362607
445050.10222181416,6873992.89969341,1719156224.0,paragliders,20362607
446051.3557181284,6874543.698785341,1719149952.0,paragliders,20362624
445321.5969887218,6872723.79281931,1719154560.0,paragliders,20362624
445571.65559435193,6874208.224997625,1719156352.0,paragliders,20362624
445631.95685243676,6872695.040655262,1719151104.0,paragliders,20362651
448734.88134573825,6870071.324531017,1719152512.0,paragliders,20362651
446476.1067252932,6874773.982212734,1719154560.0,paragliders,20362651
447721.0550979267,6874639.753214845,1719579136.0,paragliders,20362967
447004.2654840556,6873189.148492984,1719574528.0,paragliders,20362995
446906.29125692364,6874452.980287348,1719581568.0,paragliders,20362999
447537.59956508793,6874599.626186664,1718976384.0,paragliders,20363000
447158.2318074289,6872906.833513267,1719574656.0,paragliders,20363003
447838.358086017,6874787.326962646,1719585408.0,paragliders,20363082
447582.982562712,6874972.344217975,1720087552.0,paragliders,20363280
446204.8134609026,6874416.050784262,1720964352.0,paragliders,20363906
445738.4677890972,6874661.957364505,1721230336.0,paragliders,20364088
449310.00115771824,6874463.353819905,1722613760.0,paragliders,20365463
447585.4016237841,6874411.829031298,1722602112.0,paragliders,20365467
447708.9304019772,6874301.497060813,1722602240.0,paragliders,20365467
447694.11866865994,6874308.801354492,1722602240.0,paragliders,20365467
447737.8268738714,6874349.5741689205,1722602240.0,paragliders,20365467
449433.87668252946,6874494.7183415955,1722602368.0,paragliders,20365467
447202.2886332152,6874656.25873891,1722602112.0,paragliders,20365488
449412.0323473331,6874453.398362808,1722602368.0,paragliders,20365488
447398.8294946684,6874415.745968352,1722784384.0,paragliders,20365647
446839.58801615634,6874987.131720506,1723029888.0,paragliders,20366087
449728.3672509468,6871538.460262204,1723026304.0,paragliders,20366092
448421.44377811265,6874544.5154889105,1723030144.0,paragliders,20366100
448446.3724808048,6874579.102851169,1723030144.0,paragliders,20366100
448433.8648380879,6874616.546511791,1723030244.825045,paragliders,20366100
446979.78460454347,6874795.152256232,1723029888.0,paragliders,20366121
446649.8728388983,6874957.710104448,1723029888.0,paragliders,20366255
447019.23946315364,6874053.758210342,1722868608.0,paragliders,20367001
449031.0799527988,6874699.639831231,1723993344.0,paragliders,20367162
447133.3298300468,6874118.594608625,1724238336.0,paragliders,20367305
447858.04526470834,6874982.804371157,1724238070.8732572,paragliders,20367310
447081.10457292123,6874124.064167227,1724238336.0,paragliders,20367327
447172.18411306443,6874071.140457547,1724238336.0,paragliders,20367328
446978.8800780065,6874077.687525566,1724238336.0,paragliders,20367349
447036.7015802156,6874079.939329851,1724238208.0,paragliders,20367369
447038.77489688614,6874054.314798341,1724238208.0,paragliders,20367395
449972.2621390537,6871138.9642151045,1724238720.0,paragliders,20367395
445405.4645732293,6874836.714152825,1724075008.0,paragliders,20367397
449789.72623990313,6874388.989820914,1724682240.0,paragliders,20367653
445459.83497832256,6874535.279966331,1724683264.0,paragliders,20367695
446763.6986210464,6873531.127902602,1726323584.0,paragliders,20368490
445371.3597281769,6871466.871947323,1726404480.0,paragliders,20368561
446938.1468108385,6873064.5421119025,1726406504.96757,paragliders,20368561
445855.1849983408,6870110.215950403,1726833664.0,paragliders,20368835
445355.57138505485,6870291.477106348,1743418624.0,paragliders,20372819
445669.92613185284,6870545.881176596,1743418496.0,paragliders,20372834
445695.5765033569,6870555.325850984,1743418624.0,paragliders,20372834
445494.77040822565,6870276.564788802,1743418624.0,paragliders,20372862
446513.0739618655,6874778.194518216,1744553984.0,paragliders,20374309
448608.91613389924,6874882.398754786,1745320576.0,paragliders,20374718
449126.0532361286,6873803.709313544,1745320960.0,paragliders,20374718
448340.7094059953,6874515.116070015,1745323648.0,paragliders,20374719
446976.48892801884,6873987.602456739,1745325440.0,paragliders,20374728
447019.3173123823,6874197.128412544,1745323648.0,paragliders,20374748
448856.7940304089,6873942.622839783,1745320832.0,paragliders,20374753
447234.3341154959,6874236.316209804,1745324288.0,paragliders,20374765
448633.0457602024,6874868.139466734,1745320448.0,paragliders,20374774
446419.97151205194,6874820.827902813,1745320320.0,paragliders,20374788
446301.6664844812,6874703.869308138,1745320320.0,paragliders,20374788
446311.91269477207,6874467.894934446,1745320320.0,paragliders,20374788
445214.3522028868,6870067.087304501,1745850752.0,paragliders,20375144
446421.7886724248,6870603.859076484,1746796800.0,paragliders,20376447
446292.0411043065,6870175.669735078,1747563648.0,paragliders,20377164
446216.5218856068,6870157.393010177,1747563776.0,paragliders,20377231
447725.2709230873,6870164.42023968,1747574528.0,paragliders,20377372
446177.04336474324,6870299.330601726,1747652736.0,paragliders,20377576
445985.68894408294,6870785.378451459,1747651328.0,paragliders,20377578
446222.02590309427,6870622.623191095,1747650560.0,paragliders,20377580
445877.8711740289,6870464.670683673,1747651456.0,paragliders,20377621
446200.31530107564,6870008.559863079,1747563776.0,paragliders,20377634
446361.43447249883,6870618.730687766,1747651328.0,paragliders,20377720
445954.5801714173,6870019.581799319,1747652096.0,paragliders,20378134
447092.3403043743,6874202.74933139,1748610432.0,paragliders,20378578
447094.3206076217,6874185.312630785,1748610432.0,paragliders,20378578
447108.8231639563,6874169.373038735,1748610432.0,paragliders,20378578
445877.65701496997,6874775.716395055,1748610176.0,paragliders,20378609
446725.88595690025,6874244.960055495,1748610304.0,paragliders,20378609
446195.4785331284,6874975.297298911,1748610176.0,paragliders,20378669
447250.3092636161,6874019.449952075,1748858496.0,paragliders,20379038
447227.92549465504,6874001.454172717,1748858496.0,paragliders,20379038
447191.1994410485,6874028.20143,1748858496.0,paragliders,20379038
449823.2395401959,6872150.829818486,1748859008.0,paragliders,20379038
446942.6040990839,6874455.61093033,1748858240.0,paragliders,20379137
446948.8229577823,6874490.389660068,1748858240.0,paragliders,20379137
447035.7065577679,6874440.664485602,1748858368.0,paragliders,20379247
447030.5775941584,6874428.746369363,1748858368.0,paragliders,20379247
447028.6083258454,6874418.61233027,1748858368.0,paragliders,20379247
449641.3441765454,6872280.29646348,1748859008.0,paragliders,20379247
447157.58590298606,6874958.342997258,1749377536.0,paragliders,20379382
446567.3227000904,6873971.2073492175,1749379072.0,paragliders,20379395
447709.4439980284,6873464.358182916,1749379328.0,paragliders,20379395
446546.5763003282,6874368.082517452,1749470720.0,paragliders,20379405
447244.1074968317,6874949.612836521,1749472000.0,paragliders,20379462
445707.5559386064,6874879.532780785,1750073600.0,paragliders,20379855
448794.8055837252,6871088.486045425,1750171904.0,paragliders,20379870
449119.62070964876,6870322.504252367,1750171904.0,paragliders,20379877
447670.604218876,6874681.470621747,1750591488.0,paragliders,20380471
447738.12659387884,6874561.050318942,1750592000.0,paragliders,20380472
447637.65910502145,6874558.606205703,1750592000.0,paragliders,20380483
447525.96077196626,6874552.683287287,1750592000.0,paragliders,20380639
449352.753828144,6874433.071804985,1750590208.0,paragliders,20380644
448208.46754863445,6874516.21009353,1750591744.0,paragliders,20380653
447941.3091321879,6874988.301526188,1750595456.0,paragliders,20380669
446680.04186793044,6874834.0114353495,1750596864.0,paragliders,20380696
447251.6772335979,6874587.9313789345,1750591872.0,paragliders,20380698
445509.2684434082,6874833.103152211,1750766976.0,paragliders,20380986
447700.33287483803,6873452.775484966,1750767616.0,paragliders,20380986
447605.53897607606,6873478.8753794115,1750767872.0,paragliders,20380986
447581.2044683574,6873500.921960069,1750767872.0,paragliders,20380986
447683.5076332408,6873538.595497385,1750767872.0,paragliders,20380986
447657.181414391,6873440.884733158,1751119232.0,paragliders,20381242
447202.46344870335,6870708.720184351,1751545216.0,paragliders,20381804
446759.14095601905,6874882.458880382,1752063104.0,paragliders,20382172
446919.2383074436,6874987.687048125,1752065280.0,paragliders,20382188
446325.1738246663,6870551.340307248,1752322560.0,paragliders,20382530
446513.7219507907,6870065.564631353,1752321280.0,paragliders,20382650
446316.5186455239,6870492.343778384,1752322472.5311406,paragliders,20382660
446992.457287781,6871879.799484572,1752756992.0,paragliders,20382982
446206.5791347499,6873306.921562521,1754490240.0,paragliders,20384045
446222.4965666807,6873266.309284315,1754490240.0,paragliders,20384045
446213.1550627303,6873242.351683481,1754490240.0,paragliders,20384045
445940.8758659218,6873437.836405942,1754489728.0,paragliders,20384055
449068.3143496721,6870912.924198312,1754491392.0,paragliders,20384055
446028.9028408563,6873472.64924156,1754489728.0,paragliders,20384062
449132.15212047065,6870932.272032935,1754491392.0,paragliders,20384062
446500.13649533887,6874770.666735907,1754485888.0,paragliders,20384063
446068.76532497397,6870047.10784368,1754823936.0,paragliders,20384470
445950.35704786266,6870252.33748984,1754829312.0,paragliders,20384524
445873.3199052834,6870508.859975564,1754819712.0,paragliders,20384542
448053.310780038,6870324.115294057,1755871360.0,paragliders,20385633
445554.5228003259,6874813.177671771,1756137472.0,paragliders,20385957
446769.2701913816,6872070.060541369,1756139264.0,paragliders,20385957
448087.1841868064,6874411.0081538055,1757076864.0,paragliders,20386273
448583.6674240755,6874420.396113828,1757076864.0,paragliders,20386275
446495.7908793011,6874054.317513602,1757077632.0,paragliders,20386276
447379.70234822255,6871128.6660817005,1757079296.0,paragliders,20386276
447262.78400938696,6872469.631668799,1757080320.0,paragliders,20386276
449509.2817890836,6873416.897542104,1757080192.0,paragliders,20386286
446733.76122800435,6872926.050486513,1757079040.0,paragliders,20386298
447804.5553570258,6871411.80826052,1757079552.0,paragliders,20386298
447352.01432948746,6873403.764219041,1757079296.0,paragliders,20386302
447450.5264536168,6874955.143216014,1757331584.0,paragliders,20386396
446070.8128513107,6874707.399973977,1757331456.0,paragliders,20386408
449186.5069468405,6872796.765591873,1757330432.0,paragliders,20386424
449236.4027117321,6872802.275968202,1757330432.0,paragliders,20386424
449300.25471416645,6872909.752505507,1757330432.0,paragliders,20386424
449267.60397529654,6872933.221607609,1757330432.0,paragliders,20386424
449251.0124283861,6872928.351666769,1757330432.0,paragliders,20386424
445517.8051891022,6871460.3862617565,1774013568.0,paragliders,20390231
445467.2213445229,6871540.887309018,1774013568.0,paragliders,20390244
446124.4270950722,6871210.243636851,1774013440.0,paragliders,20390255
446965.0604290971,6874668.157143849,1774785536.0,paragliders,20390906
446776.77754073427,6871226.565533084,1777126272.0,paragliders,20393602
446465.3365053569,6871063.978953185,1777127040.0,paragliders,20393602
445673.94288075215,6872477.582871633,1777127296.0,paragliders,20393602
445067.47059133934,6873517.370201427,1777127680.0,paragliders,20393602
445221.0166857973,6873766.238222415,1777127936.0,paragliders,20393602
445747.84115477506,6873660.238123819,1777127936.0,paragliders,20393602
446729.8118469822,6870847.384966869,1777126272.0,paragliders,20393629
445466.14571917814,6872661.3401478585,1777128704.0,paragliders,20393629
446133.8552089003,6873867.054711627,1777127040.0,paragliders,20393677
445043.38065799803,6873512.282409082,1777127808.0,paragliders,20393677
445346.8930514057,6872367.144137869,1777128704.0,paragliders,20393677
445444.567466183,6871048.7007216755,1777130240.0,paragliders,20393677
446914.56962648005,6870331.630448634,1777289600.0,paragliders,20393996
446770.7646106916,6870067.516846547,1777289600.0,paragliders,20394012
446810.0514643508,6870182.484297481,1777289600.0,paragliders,20394049
446809.6866274835,6870176.941134153,1777289600.0,paragliders,20394061
447135.7363798495,6874748.926958567,1778584832.0,paragliders,20395035
446989.5625838449,6874984.07176483,1778589159.0492072,paragliders,20395048
446670.334026721,6874931.146583209,1778589056.0,paragliders,20395058
448964.2590427585,6874431.1765048485,1778589440.0,paragliders,20395058
446623.2618981356,6874874.72684939,1778589056.0,paragliders,20395071
446860.54043370165,6874858.796407484,1778589056.0,paragliders,20395081
447178.8628595307,6874726.910635304,1778584832.0,paragliders,20395085
447440.97150961607,6874918.044749975,1778590464.0,paragliders,20395086
445345.90917011676,6874960.556128942,1780316928.0,paragliders,20397620
445580.07718467887,6874856.92575054,1780317184.0,paragliders,20397620
446430.6277962512,6873402.182999614,1780318848.0,paragliders,20397620
447642.33085843304,6873159.017340885,1780319872.0,paragliders,20397620
447148.3132277149,6873919.479828008,1781615488.0,paragliders,20398190
447135.6234680805,6873861.873945313,1781615488.0,paragliders,20398190
447220.6129556358,6873855.078387751,1781615488.0,paragliders,20398190
447224.2833393095,6873821.868296424,1781615488.0,paragliders,20398190
447840.5953840241,6873852.966900946,1781615616.0,paragliders,20398190
447841.17291471583,6873867.503697189,1781615616.0,paragliders,20398190
447863.0484205104,6873898.771044239,1781615616.0,paragliders,20398190
448627.3226864058,6873857.07963163,1781615744.0,paragliders,20398190
448316.16280878644,6873785.469103064,1781615744.0,paragliders,20398239
447775.78281891724,6872664.4066483425,1781708032.0,paragliders,20398317
448956.4897121421,6873853.483440989,1781701888.0,paragliders,20398341
446551.4245969227,6874334.64020486,1781695872.0,paragliders,20398383
447581.39838366007,6870222.862725201,1782045312.0,paragliders,20398909
449329.21020074503,6870438.369534822,1782045952.0,paragliders,20398909
453170.19650335074,6872648.159781777,1245332608.0,paragliders,20082513
453573.5691514034,6873536.745704764,1284987520.0,paragliders,20100286
450729.71158150776,6874074.54348095,1305722752.0,paragliders,20105247
453312.53605694545,6873290.757514033,1305724469.3588216,paragliders,20105462
450814.3045588739,6871844.486284909,1307795200.0,paragliders,20106164
452281.47155507974,6874553.684663841,1307789824.0,paragliders,20106179
450321.26578020275,6871198.484564731,1309437568.0,paragliders,20107087
451861.47197987325,6872746.185201091,1310643840.0,paragliders,20107368
452266.5825914984,6873609.096830743,1336995712.0,paragliders,20114768
451747.5207054728,6873803.189308901,1336995826.0491054,paragliders,20114769
451779.0095991235,6873568.277196805,1336995706.840299,paragliders,20114791
454121.3807082981,6874494.655383031,1344772224.0,paragliders,20119930
452171.0969856854,6872198.761858086,1345634944.0,paragliders,20120724
451619.44882948574,6872559.263467395,1345634688.0,paragliders,20120757
451221.92787751247,6872644.985828568,1346155904.0,paragliders,20121088
454181.8060932463,6872716.345755158,1372600960.0,paragliders,20130555
450110.7318536407,6874120.459572434,1372599424.0,paragliders,20130573
454624.0729577863,6871506.316104551,1372601088.0,paragliders,20130573
454443.6151259595,6874103.055764856,1372948224.0,paragliders,20130913
454028.2620588451,6873048.307486166,1405339008.0,paragliders,20149978
450793.13696891285,6873650.909286522,1405344768.0,paragliders,20149991
453439.083524501,6874706.818099083,1405352576.0,paragliders,20149997
451673.9018325442,6873658.468509263,1405345024.0,paragliders,20150029
451670.85358507035,6873668.941073019,1405345024.0,paragliders,20150029
451676.5563380787,6873694.825048889,1405345024.0,paragliders,20150029
453414.1848871613,6870015.537627963,1408884352.0,paragliders,20152772
454693.7367059676,6874735.172112238,1412080512.0,paragliders,20155201
450621.63589950855,6873373.8867811775,1431868928.0,paragliders,20164801
450284.1237460042,6873297.293336191,1431868672.0,paragliders,20164823
451073.6338233982,6873816.535074541,1431870720.0,paragliders,20164837
454356.994481969,6873463.967333417,1431871104.0,paragliders,20164837
451202.6411898552,6873772.295465957,1431865856.0,paragliders,20164901
453419.54226893134,6874329.407207714,1432985088.0,paragliders,20166022
453337.41263468226,6872373.183926135,1432988672.0,paragliders,20166084
453174.3820274572,6872831.034215626,1432985472.0,paragliders,20166110
450820.17968767596,6872473.625199371,1434206336.0,paragliders,20168040
450874.83366861235,6871548.455287549,1435244032.0,paragliders,20169225
450872.6550982679,6871427.830680841,1435243264.0,paragliders,20169236
450906.9990655157,6871589.037874048,1435244032.0,paragliders,20169236
454783.1643642,6870634.7943393905,1435415040.0,paragliders,20169624
454509.2239945057,6870832.26008976,1435414912.0,paragliders,20169650
451712.97965783504,6873667.006321369,1435498752.0,paragliders,20169873
451256.98618777236,6871979.945251989,1436012288.0,paragliders,20170733
452277.9264092319,6872597.708446372,1460978688.0,paragliders,20184024
451810.997798797,6872659.490955404,1460978560.0,paragliders,20184084
453240.5637831222,6872755.768183994,1461845632.0,paragliders,20184647
451590.9693834641,6873363.315049191,1466340480.0,paragliders,20189953
453902.2276563299,6872648.969243129,1466341120.0,paragliders,20189953
454348.44961376005,6872705.898927135,1466341248.0,paragliders,20189953
453678.7744114597,6873698.271645807,1466340864.0,paragliders,20189958
452477.27774514636,6873022.2435034625,1467896064.0,paragliders,20192369
452516.5591217903,6872986.786562599,1467896064.0,paragliders,20192369
452553.9285057489,6872999.102052405,1467896064.0,paragliders,20192369
452511.0585950049,6873193.108180423,1467982464.0,paragliders,20192455
454238.6739911843,6873841.747464063,1468578944.0,paragliders,20193245
453599.66980971314,6873562.990458935,1469361536.0,paragliders,20194440
453770.87555340014,6874937.538715384,1469362432.0,paragliders,20194449
453451.1970898196,6871766.298329242,1469362304.0,paragliders,20194453
453487.6413690557,6871729.802270355,1469362304.0,paragliders,20194453
453495.0948155411,6871724.536209001,1469362304.0,paragliders,20194453
454780.10225215857,6874320.583876391,1469363200.0,paragliders,20194538
451164.8232029478,6873788.351616672,1472739328.0,paragliders,20199875
452701.146267363,6870832.663338208,1490105728.0,paragliders,20207124
451301.69558303565,6873121.453118185,1491222272.0,paragliders,20208520
454048.9522179339,6874202.335662423,1494765056.0,paragliders,20213849
454948.44432253035,6872464.359121277,1494761600.0,paragliders,20213976
451444.3490322659,6873361.809052772,1496575104.0,paragliders,20217492
452001.48893599777,6872977.525827319,1500122880.0,paragliders,20221294
451785.9788302113,6873070.491812338,1500127104.0,paragliders,20221336
452209.1431714106,6872616.941700384,1500123520.0,paragliders,20221371
452166.6918973873,6872630.7474292,1500121472.0,paragliders,20221828
452178.58227557025,6872682.991748392,1500121472.0,paragliders,20221828
452196.9641350414,6872687.322275914,1500121472.0,paragliders,20221828
452919.01999778236,6872964.913722827,1501593856.0,paragliders,20222312
450325.002299229,6873818.11647049,1501502976.0,paragliders,20222320
454550.50408421416,6872551.251507186,1501503744.0,paragliders,20222320
450947.3814424721,6872089.070264896,1502018176.0,paragliders,20222738
450016.1856992962,6872768.669587266,1502030592.0,paragliders,20223046
451261.00852737966,6871886.680483996,1502030848.0,paragliders,20223046
451184.72335067106,6874135.031119535,1502461056.0,paragliders,20223190
451770.57453375,6872215.797942893,1503230080.0,paragliders,20224252
454359.9785911184,6872069.415514548,1504367993.0850267,paragliders,20225450
450654.0549576231,6873586.209823026,1506086016.0,paragliders,20226490
451581.8000513789,6872296.622419065,1506086272.0,paragliders,20226490
452172.1096870779,6873423.000513643,1506089984.0,paragliders,20226501
451457.811931597,6873870.337486615,1506090233.028518,paragliders,20226501
451759.78627967346,6873876.188319113,1506090368.0,paragliders,20226506
451729.4541188663,6870937.140136168,1506083200.0,paragliders,20226811
453080.71947571664,6874523.665383842,1522930432.0,paragliders,20231617
454587.94366239297,6874807.769278714,1523874304.0,paragliders,20232361
450002.1892856806,6872542.559965229,1525868672.0,paragliders,20238592
451016.7200567348,6872950.326360178,1531841280.0,paragliders,20245722
452872.51276188536,6872313.865570663,1531832192.0,paragliders,20245729
452294.4903635731,6872952.935991588,1531831936.0,paragliders,20245737
453164.0269445647,6871128.032361167,1531842048.0,paragliders,20245744
454971.5108074628,6874487.633524191,1533037568.0,paragliders,20247748
450001.5232476356,6873995.930384697,1533738403.010527,paragliders,20248850
451196.94694126915,6873053.747214424,1533738624.0,paragliders,20248850
454893.9658299104,6874931.831582893,1536406656.0,paragliders,20252017
451131.70533293043,6874010.0756125385,1536408448.0,paragliders,20252140
451369.4659115268,6874801.630827659,1536404736.0,paragliders,20252141
451342.52491616434,6874803.217574453,1536404736.0,paragliders,20252141
451373.19476280606,6874768.89365934,1536404736.0,paragliders,20252141
450639.29824934254,6870527.1735412255,1536500608.0,paragliders,20252211
451540.48000538215,6873354.004265402,1554639872.0,paragliders,20260966
452310.53535222093,6873577.2523273,1558530688.0,paragliders,20264603
453233.05060765694,6872230.813263156,1558531072.0,paragliders,20264603
454568.73868285894,6872794.557024244,1559313280.0,paragliders,20265755
450359.1570274818,6873459.640836304,1561030912.0,paragliders,20268576
453233.828292043,6872036.883286978,1563366016.0,paragliders,20271316
453319.46963027323,6872013.630762592,1563366016.0,paragliders,20271359
451066.29308254016,6874588.029215599,1563707520.0,paragliders,20271923
450363.5411886051,6874672.003043233,1563706880.0,paragliders,20272016
454902.98667896684,6872545.98681349,1564308352.0,paragliders,20272927
454254.6612397522,6872316.344122138,1565173376.0,paragliders,20273846
453391.63691191335,6874461.795819511,1566917120.0,paragliders,20276048
453383.05235343496,6874316.183254835,1566924288.0,paragliders,20276056
451337.7412614472,6873560.623013098,1567512704.0,paragliders,20276568
450175.2368377297,6873095.152092321,1589632640.0,paragliders,20280640
454862.4497057503,6871377.820418864,1589813760.0,paragliders,20280783
453805.0241991388,6872515.768361432,1589723904.0,paragliders,20281055
453814.19312053954,6872660.9813507935,1589724032.0,paragliders,20281055
453783.6617820194,6872663.771626572,1589724032.0,paragliders,20281055
453762.429105286,6872652.255840603,1589724032.0,paragliders,20281055
453882.11737860413,6872434.054977293,1589724032.0,paragliders,20281055
454664.9083750581,6872193.438076425,1589724160.0,paragliders,20281055
452950.1417305435,6871253.503883465,1594126336.0,paragliders,20285953
453711.73805361893,6874745.617285909,1594996352.0,paragliders,20287235
453378.0783887084,6873499.155154715,1595164672.0,paragliders,20287451
453319.4561008958,6871532.522252322,1595163776.0,paragliders,20287495
450142.3722110409,6873390.565553707,1596032640.0,paragliders,20288943
452116.1151431632,6873662.416900517,1596731392.0,paragliders,20289944
453652.5608781545,6870736.562806498,1599055744.0,paragliders,20292573
450610.063350499,6872565.392321266,1599056640.0,paragliders,20292573
452226.85828058206,6874382.149475331,1599829376.0,paragliders,20293372
452406.4180614437,6874421.600249273,1599829376.0,paragliders,20293376
450207.1721373203,6873589.942416221,1616677504.0,paragliders,20297898
451703.13922497694,6873451.102500774,1621346304.0,paragliders,20300581
451577.02253898483,6870311.41479196,1622894720.0,paragliders,20302491
451346.8893878438,6872670.724114687,1631366656.0,paragliders,20309785
452023.530820234,6870575.7489551995,1631367296.0,paragliders,20309785
450879.87950333406,6872399.991547732,1631366400.0,paragliders,20309787
451499.92473840975,6872608.77083313,1631366656.0,paragliders,20309787
452191.9215953147,6870531.4450568175,1631367296.0,paragliders,20309787
454989.64001399186,6871620.038371585,1652366976.0,paragliders,20320920
451725.96305882535,6873041.0423589805,1652447104.0,paragliders,20320977
454868.21409434243,6873788.931217482,1652443776.0,paragliders,20320979
452181.370337862,6872258.63624145,1652450560.0,paragliders,20320983
454927.00173489185,6872189.151817575,1652445184.0,paragliders,20320995
454238.2311287199,6871718.821122277,1652447744.0,paragliders,20320997
452508.9381262165,6872576.7078966955,1652447616.0,paragliders,20321003
450720.8268913449,6874702.274052035,1652446208.0,paragliders,20321007
451437.39047545695,6873206.027848986,1652444544.0,paragliders,20321015
454999.8527735336,6872012.631033233,1652445184.0,paragliders,20321015
452766.18992534885,6872139.505624144,1652450688.0,paragliders,20321024
452217.2491005528,6871406.742330709,1652445312.0,paragliders,20321034
453838.19389446016,6870806.730942508,1652445568.0,paragliders,20321034
452773.7429524474,6872414.784889359,1652447104.0,paragliders,20321043
453691.91574522725,6874167.605582542,1654519296.0,paragliders,20323389
453794.89152452134,6874132.411883616,1654519424.0,paragliders,20323389
453750.54155671824,6874144.445852228,1654519424.0,paragliders,20323389
452549.65780681395,6872882.6363969445,1654519552.0,paragliders,20323405
454836.49554216553,6874988.894993409,1654520704.0,paragliders,20323442
451833.19089505996,6872912.844138261,1654955264.0,paragliders,20323769
450008.550431343,6873548.866876481,1654945408.0,paragliders,20323802
453730.2659533381,6870935.262614288,1655475072.0,paragliders,20324460
454789.496514019,6872689.477313248,1659181824.0,paragliders,20328631
450237.2423935,6872628.51527544,1659180544.0,paragliders,20328678
450772.10453957104,6873840.474433945,1659179904.0,paragliders,20328714
450582.7844228095,6873892.486834153,1659179776.0,paragliders,20328715
450376.90360885725,6874213.183052604,1659354880.0,paragliders,20328990
450299.14666884876,6871488.983295397,1659443328.0,paragliders,20329202
450336.51750882674,6871559.326904868,1659443328.0,paragliders,20329202
450669.55132845877,6871464.087333348,1659443456.0,paragliders,20329202
451206.7852915078,6872938.888097676,1661002496.0,paragliders,20331226
454890.3937611566,6872046.11465159,1661003008.0,paragliders,20331226
453573.4033493621,6870929.300803246,1661002240.0,paragliders,20332363
452361.0598319101,6872822.198941847,1661002880.0,paragliders,20332363
453880.05748993775,6872512.453005142,1687523968.0,paragliders,20344867
452949.50045164704,6871165.0335960565,1688295680.0,paragliders,20345693
451105.74003485346,6872365.905107834,1691412352.0,paragliders,20348190
451428.01784467336,6872313.104191383,1691412480.0,paragliders,20348225
450429.0105170056,6871679.725337037,1691497600.0,paragliders,20348290
453866.89726056025,6874499.405473546,1691938816.0,paragliders,20348927
450202.56546742585,6872918.088517676,1692540288.0,paragliders,20349806
451084.9088210341,6873398.100979325,1692963072.0,paragliders,20350638
451617.9248036423,6872821.994036551,1695475328.0,paragliders,20352758
451490.85953060276,6874516.167711441,1695475712.0,paragliders,20352760
453471.4323991328,6874879.422766396,1695645952.0,paragliders,20352855
450668.861972297,6871957.024482784,1713443328.0,paragliders,20357697
450495.18089910626,6872598.544523263,1713443712.0,paragliders,20357697
450680.71567832853,6872299.823909778,1713443840.0,paragliders,20357697
450076.31812474685,6873617.259050366,1713444352.0,paragliders,20357697
453521.92455965834,6874633.47633551,1714050816.0,paragliders,20358137
453946.60535392823,6872570.497500754,1719150336.0,paragliders,20362612
450398.1572213788,6872501.586931423,1719153280.0,paragliders,20362651
451530.1344567897,6870852.078772541,1719586560.0,paragliders,20363014
451219.75238461024,6872251.786479834,1722603648.0,paragliders,20365466
452091.43475199566,6873494.296353436,1722602880.0,paragliders,20365467
450605.07834462204,6874527.096112059,1722602624.0,paragliders,20365488
452371.2208797256,6873357.097226995,1722602880.0,paragliders,20365488
451927.7341221219,6874357.091671338,1722600064.0,paragliders,20365493
451033.3676192921,6873060.917715727,1723030656.0,paragliders,20366100
451429.6582094235,6872694.225421009,1723030400.0,paragliders,20366104
453859.40784159675,6872387.759871532,1723030912.0,paragliders,20366121
451203.5837856606,6872664.455422903,1723030400.0,paragliders,20366255
450849.73011763353,6871382.905252179,1724239104.0,paragliders,20367291
453754.0948883682,6874471.555693833,1724238720.0,paragliders,20367310
450062.28343651193,6871061.393970728,1724238720.0,paragliders,20367395
450072.01499468676,6871107.060873983,1724238720.0,paragliders,20367395
452780.3803341647,6870780.616004663,1724585728.0,paragliders,20367596
453398.8651614715,6872738.590477841,1743262336.0,paragliders,20372751
452062.81603443495,6873492.733680835,1744555136.0,paragliders,20374309
451373.6122586545,6873612.969645824,1745324288.0,paragliders,20374748
453288.9683988486,6874812.118677921,1745328256.0,paragliders,20374771
450779.8024911058,6874812.43679095,1748613504.0,paragliders,20378669
451000.7986445664,6874189.19695428,1748613632.0,paragliders,20378669
451008.57563739404,6874185.953088316,1748613632.0,paragliders,20378669
451040.7373313634,6874164.715357732,1748613632.0,paragliders,20378669
452020.84729885194,6871422.283201221,1748859648.0,paragliders,20379137
453883.6773010662,6872035.604882033,1748859776.0,paragliders,20379247
452605.53220089735,6870993.719568262,1749378048.0,paragliders,20379309
454772.69173202175,6871477.416407854,1749380480.0,paragliders,20379310
454804.1259623705,6871484.229771246,1749380480.0,paragliders,20379310
454847.032869969,6871510.319710706,1749380480.0,paragliders,20379310
452122.99259640335,6871469.8009646,1749377960.5311406,paragliders,20379312
450095.99192398635,6873747.19492574,1749376512.0,paragliders,20379351
454480.37327821954,6870154.773730843,1749378432.0,paragliders,20379382
452794.07803267275,6871061.566776804,1749378048.0,paragliders,20379392
451400.7973834482,6872319.059067372,1749379840.0,paragliders,20379395
450626.01820411434,6873161.955508686,1749470464.0,paragliders,20379417
450669.0823653419,6873184.995899723,1749470464.0,paragliders,20379417
450682.2471408553,6873177.875018112,1749470464.0,paragliders,20379417
450637.3635471956,6872975.3506708965,1749470464.0,paragliders,20379422
450891.04893550696,6873809.58669555,1749482496.0,paragliders,20379432
451627.30166048295,6874147.931740914,1749472512.0,paragliders,20379485
452284.55954731366,6874467.629995356,1749472768.0,paragliders,20379485
452321.09496732027,6874405.322863112,1749472768.0,paragliders,20379485
452327.08252247766,6874394.349951717,1749472768.0,paragliders,20379485
452346.40265474736,6874347.6611680575,1749472768.0,paragliders,20379485
452465.52589061495,6874214.147204695,1749472768.0,paragliders,20379485
452514.71905405255,6874266.88538636,1749472896.0,paragliders,20379485
452518.8223486737,6874256.138600078,1749472896.0,paragliders,20379485
450625.13807038614,6872937.615086886,1749470464.0,paragliders,20379492
452133.2817962437,6873504.592013062,1749377152.0,paragliders,20379521
454173.6057088525,6871623.033546258,1749378688.0,paragliders,20380062
451852.7192347585,6874144.123349128,1750591872.0,paragliders,20380471
454461.35855507315,6870757.012509869,1750593280.0,paragliders,20380472
452972.55456862814,6871266.7007436985,1750592640.0,paragliders,20380483
452085.113534424,6874152.756518758,1750591744.0,paragliders,20380532
454471.29775184713,6870693.408645435,1750593280.0,paragliders,20380639
453709.00543235673,6872207.844772863,1750591104.0,paragliders,20380644
453035.8998223413,6871301.203840472,1750592768.0,paragliders,20380698
453963.12360877986,6873426.233068128,1750768896.0,paragliders,20380898
451650.6064138044,6873087.6321107345,1754216576.0,paragliders,20383858
454450.853089868,6872123.451432171,1754216832.0,paragliders,20383858
451166.44761714817,6874856.2710359525,1754562304.0,paragliders,20384072
451555.664341608,6874716.898424583,1754562304.0,paragliders,20384141
450931.10583997413,6873465.4670435805,1757078400.0,paragliders,20386282
453825.0648396068,6873502.426780918,1757079552.0,paragliders,20386297
450220.65177284245,6874395.106729902,1757081216.0,paragliders,20386302
453301.0662881109,6874593.466201005,1757085184.0,paragliders,20386302
454476.1099269304,6873526.167354488,1757330560.0,paragliders,20386390
452208.35412898764,6872856.891831075,1757332608.0,paragliders,20386395
454109.1443142605,6870576.654242233,1757332736.0,paragliders,20386408
453303.57045626716,6872290.503441724,1757331456.0,paragliders,20386423
452564.13380237744,6872946.53503959,1757332736.0,paragliders,20386427
453270.28579350264,6872526.439887557,1757331584.0,paragliders,20386515
454920.5274739154,6870396.738412514,1778585984.0,paragliders,20395064
451786.41019054054,6874041.505983747,1778586496.0,paragliders,20395065
451456.847989968,6874064.213622134,1778586496.0,paragliders,20395076
450733.73284124106,6874708.393895293,1778589952.0,paragliders,20395376
450423.7382458045,6870726.38665417,1780320768.0,paragliders,20397620
454715.61800323206,6871458.186923488,1781616768.0,paragliders,20398190
454891.1383250762,6871892.682159908,1781617254.9054904,paragliders,20398239
450845.32719159976,6871934.555886398,1781697024.0,paragliders,20398383
450139.02778086375,6874744.2940365365,1781694208.0,paragliders,20398475
457016.7497257094,6872991.176137135,1565181312.0,hang gliders,20274133
455108.6768148826,6873495.751901303,1179576064.0,paragliders,20061569
458998.94062208687,6874712.078946147,1305724800.0,paragliders,20105261
455155.8014872752,6874628.61525966,1307790464.0,paragliders,20106191
456851.8738369432,6870377.127633162,1308911488.0,paragliders,20107121
457691.4563973003,6873774.3180717435,1310730880.0,paragliders,20107428
457025.60150693473,6873177.59647244,1310731264.0,paragliders,20107468
458138.67783604504,6872038.810370908,1344337664.0,paragliders,20119543
456132.29461766355,6873496.274274524,1349013888.0,paragliders,20122304
456949.82012211357,6874228.741200036,1367668736.0,paragliders,20127057
458485.25971783325,6870457.203604565,1372601600.0,paragliders,20130573
455505.5532808774,6873711.182028757,1372948480.0,paragliders,20130816
456617.36902460485,6872770.721745026,1372948480.0,paragliders,20130913
457659.4633749549,6870874.066436624,1405345792.0,paragliders,20149985
457544.6502251728,6874218.275116489,1405353088.0,paragliders,20149997
455830.3340503542,6874704.719218398,1405349504.0,paragliders,20150000
456949.0137911217,6873744.71669465,1431871488.0,paragliders,20164837
458498.5919549679,6873093.864895733,1431871744.0,paragliders,20164837
455470.8481961535,6872649.680796395,1431864832.0,paragliders,20165043
459097.29557245126,6870159.461122427,1431865984.0,paragliders,20165043
455843.64555441623,6872436.95736488,1431864960.0,paragliders,20165064
458769.3845671647,6873583.855424584,1432297728.0,paragliders,20165282
457395.98642725416,6873490.659716679,1432986112.0,paragliders,20166015
458935.4388287042,6874292.675920941,1432986624.0,paragliders,20166097
458490.8861851792,6874048.570950531,1432986368.0,paragliders,20166116
459086.50959157833,6873900.178932726,1432986624.0,paragliders,20166176
458683.9553206449,6873851.855033111,1432986496.0,paragliders,20166179
457291.8685997491,6873907.785796099,1433160192.0,paragliders,20166491
455004.59698705585,6871032.294531705,1434206976.0,paragliders,20168040
455166.1507979704,6874675.556358909,1434193408.0,paragliders,20168080
458059.6862930739,6874557.588270755,1434194048.0,paragliders,20168080
458230.8930132406,6874612.257323263,1434194048.0,paragliders,20168080
458223.2653186023,6874614.863096303,1434194048.0,paragliders,20168080
458537.0096253723,6874257.49934503,1435243008.0,paragliders,20169259
458525.3918849038,6874234.944020518,1435243008.0,paragliders,20169259
458644.93112961616,6874194.066295333,1435243008.0,paragliders,20169259
458646.31480905344,6874226.533038016,1435243008.0,paragliders,20169259
458656.42125517526,6874218.814382653,1435243008.0,paragliders,20169259
459441.90133037715,6873961.1531592775,1435243520.0,paragliders,20169259
456315.7992773048,6870271.538641565,1435415296.0,paragliders,20169624
458486.46965404396,6872505.1231645215,1436013056.0,paragliders,20170733
456988.6985943217,6874784.8169763945,1436963584.0,paragliders,20171875
457746.9622562538,6873133.11347899,1436969472.0,paragliders,20172022
459543.248214942,6872857.152089291,1460972800.0,paragliders,20183934
455445.37706415314,6871775.035971336,1461837696.0,paragliders,20184656
458272.07799888286,6870252.5380063,1461838080.0,paragliders,20184656
457277.6846847863,6872239.057127945,1462118400.0,paragliders,20185444
458238.8042079515,6870524.701308688,1466342400.0,paragliders,20189953
456843.94908159383,6870217.918151556,1466773120.0,paragliders,20190495
456109.56426449586,6870301.655161924,1466772992.0,paragliders,20190537
457063.27005354647,6873450.140332536,1467897984.0,paragliders,20192369
457071.6387467516,6873434.439777994,1467897984.0,paragliders,20192369
457138.8882587732,6873570.811369488,1467897984.0,paragliders,20192369
458077.69820393756,6873308.100901064,1467898496.0,paragliders,20192369
459864.5107733099,6874543.732412229,1468579456.0,paragliders,20193270
459275.380101652,6873515.494502485,1468579712.0,paragliders,20193273
457462.88623917947,6873223.233488059,1468581120.0,paragliders,20193275
456853.78439250897,6873277.824751926,1468583808.0,paragliders,20193294
455722.78825576126,6874136.108699944,1468579584.0,paragliders,20194007
455745.9146088886,6874118.244217625,1468579584.0,paragliders,20194007
455727.5857391436,6874085.471013074,1468579584.0,paragliders,20194007
455944.4059644546,6874184.721060854,1468579584.0,paragliders,20194007
455923.07694398536,6874281.654314973,1468579584.0,paragliders,20194007
455824.69086082804,6874239.798752355,1468579712.0,paragliders,20194007
455828.9707893797,6874276.323491406,1468579712.0,paragliders,20194007
455149.54949332157,6871143.248615609,1469362560.0,paragliders,20194453
458587.961449777,6873894.020780627,1469364480.0,paragliders,20194462
457702.1259032055,6871551.750430662,1472737280.0,paragliders,20199952
457679.6400170346,6871521.227470693,1472737280.0,paragliders,20199952
457691.2053484996,6871501.186000307,1472737280.0,paragliders,20199952
458541.8630212834,6871446.17986362,1473427584.0,paragliders,20201195
457182.4528101712,6874611.941764816,1491751936.0,paragliders,20209887
458178.84714679443,6874229.233890917,1494771584.0,paragliders,20213875
456589.52522968245,6870470.2174022775,1494759680.0,paragliders,20213878
456278.50328665675,6873717.168779094,1494765824.0,paragliders,20214188
457908.18390271364,6874430.435344869,1496574592.0,paragliders,20217458
455569.52851704153,6870390.569212864,1496588288.0,paragliders,20217466
458894.30315239594,6871060.950036677,1496575872.0,paragliders,20217473
457938.00472864095,6874040.988407056,1496574976.0,paragliders,20217484
456845.9385800553,6873722.8887285385,1496574720.0,paragliders,20217497
456154.0894007224,6872375.402358259,1500123648.0,paragliders,20221294
457405.77091317123,6872328.81255905,1500123904.0,paragliders,20221294
459633.896007296,6872284.588805522,1500124288.0,paragliders,20221294
456726.66260655306,6870983.206470095,1500120320.0,paragliders,20221353
456853.2033682378,6870957.606582505,1500120320.0,paragliders,20221353
456846.58102283435,6871010.449347756,1500120320.0,paragliders,20221353
459684.8495253923,6872921.891130907,1501593344.0,paragliders,20222313
457388.875336983,6872035.352037599,1503231744.0,paragliders,20224303
457279.293125663,6871913.748392567,1503584640.0,paragliders,20224861
457517.9689748721,6871998.007722048,1504361088.0,paragliders,20225462
459460.5660356218,6870653.783575183,1522932352.0,paragliders,20231699
458075.7999129377,6870440.834281753,1525870080.0,paragliders,20238589
458226.04150846147,6870494.773346317,1531833216.0,paragliders,20245737
458204.36207898945,6871618.239829431,1533037440.0,paragliders,20247818
458732.0845848927,6873947.638033476,1534945920.0,paragliders,20250360
458790.22410087456,6873860.434813016,1536407552.0,paragliders,20252017
458855.8975933149,6873970.031744858,1536407680.0,paragliders,20252124
458396.00201538065,6873850.449652047,1536409984.0,paragliders,20252140
457012.52003550454,6873480.138166711,1536406400.0,paragliders,20252141
456349.0204360933,6870031.667213323,1557145472.0,paragliders,20263693
455111.90236820583,6871587.118343407,1558537216.0,paragliders,20264637
455131.3307437372,6871564.443089682,1558537216.0,paragliders,20264637
455093.23055469216,6871553.044006078,1558537216.0,paragliders,20264637
455067.4877442037,6871399.338575368,1558537472.0,paragliders,20264637
457450.9389499602,6872879.101640833,1560782336.0,paragliders,20268390
456409.87821982714,6872083.848962133,1563708288.0,paragliders,20271923
456829.1309072152,6872401.296079832,1563708544.0,paragliders,20272015
458865.2707821807,6870065.190348625,1563709696.0,paragliders,20272015
458035.60067664954,6874575.773836049,1563710080.0,paragliders,20272029
457982.07421458594,6871151.966882827,1564308736.0,paragliders,20272898
457097.8994952219,6873421.415330441,1566569856.0,paragliders,20275041
458513.81379767327,6871678.313164265,1567513344.0,paragliders,20276568
457177.2458761851,6873015.135953074,1567510784.0,paragliders,20276569
458181.9310087908,6871600.075703168,1589725056.0,paragliders,20281055
457030.56433863455,6871900.614126656,1594122752.0,paragliders,20285913
456056.0307236683,6874559.162207762,1594126592.0,paragliders,20286014
457694.13015192735,6873617.663869284,1599830144.0,paragliders,20293367
458404.88074612897,6873375.740843213,1599830528.0,paragliders,20293376
455049.1969295827,6872466.014533611,1621346688.0,paragliders,20300579
459385.7773084284,6872283.213740189,1622135296.0,paragliders,20301276
455766.62240859895,6873183.556051385,1628779136.0,paragliders,20307192
455958.1879799546,6874512.629240948,1652367104.0,paragliders,20320940
456649.3661865784,6870156.942058724,1652445568.0,paragliders,20320995
459085.0388201724,6870919.88407598,1652451712.0,paragliders,20321024
456579.3702573974,6871873.863505236,1652367488.0,paragliders,20321033
458988.3251265943,6872526.834452511,1654945024.0,paragliders,20323690
459137.34806228173,6872658.956962037,1654945024.0,paragliders,20323692
455435.3193223633,6871040.449751183,1654946304.0,paragliders,20323802
457251.37774384575,6873727.325749496,1654944512.0,paragliders,20323864
458439.04580586153,6872667.56871058,1654944768.0,paragliders,20323886
455064.89198667806,6874211.913173453,1656668672.0,paragliders,20325260
458326.3750692273,6870742.02308092,1659182336.0,paragliders,20328631
459636.8473620953,6873081.30364733,1659181312.0,paragliders,20328714
456495.9129781972,6873736.621123067,1659444736.0,paragliders,20329202
459201.1409782013,6873324.330098352,1659445376.0,paragliders,20329202
459790.99520642846,6874477.4236040125,1659450752.0,paragliders,20329216
455800.6013102212,6873580.154022255,1687351552.0,paragliders,20344781
459785.85274415597,6871401.651801147,1687525248.0,paragliders,20344843
459907.45779204,6872476.287383027,1687524480.0,paragliders,20345536
458585.83721682493,6872378.248241039,1688295680.0,paragliders,20345716
456101.22710384306,6870369.574927045,1691498624.0,paragliders,20348290
456091.7849477323,6870338.328856489,1691498624.0,paragliders,20348290
456095.36677295767,6870323.766814435,1691498624.0,paragliders,20348290
456599.28139493085,6870861.90301768,1692960128.0,paragliders,20350637
457558.5326393494,6870580.925584958,1692960384.0,paragliders,20350637
457177.81065458746,6873030.6705005085,1714039680.0,paragliders,20358044
457288.1463869897,6872737.762772204,1714039552.0,paragliders,20358050
457693.8136733302,6872187.661631191,1714039808.0,paragliders,20358068
456205.2578840703,6872104.362106342,1714050304.0,paragliders,20358096
456204.4766871392,6872113.937726534,1714050304.0,paragliders,20358096
456204.6665097676,6872119.3301958535,1714050304.0,paragliders,20358096
458473.52098590316,6873216.649080158,1714051072.0,paragliders,20358110
457157.2219610091,6874502.78295679,1714051968.0,paragliders,20358137
455501.2276431472,6870768.964979593,1714739072.0,paragliders,20358444
457151.35950981063,6871422.288179133,1719579520.0,paragliders,20363015
457161.6167710907,6871482.843108016,1719579520.0,paragliders,20363015
457181.81932447955,6871484.622960591,1719579520.0,paragliders,20363015
457211.6496837826,6871472.758906788,1719579520.0,paragliders,20363015
457233.38234860305,6871456.698610095,1719579520.0,paragliders,20363015
459053.6043573991,6871492.286824924,1719580416.0,paragliders,20363015
455239.873842425,6871038.983308542,1719579776.0,paragliders,20363016
456549.4917851019,6870965.559658237,1722603392.0,paragliders,20365467
455782.17611941695,6871337.39162728,1722603264.0,paragliders,20365488
458416.8160534468,6872352.22091339,1745324800.0,paragliders,20374719
458086.1837535364,6874413.624425552,1745330176.0,paragliders,20374762
456967.98616278335,6870659.091572881,1749471360.0,paragliders,20379417
457006.5637843412,6870629.248763713,1749471360.0,paragliders,20379422
457627.34121033794,6873747.754385187,1749483392.0,paragliders,20379432
457612.85234996123,6873725.8696142575,1749483392.0,paragliders,20379432
457661.94110362977,6873654.618500038,1749483392.0,paragliders,20379432
458274.5840250422,6873829.034705211,1749483520.0,paragliders,20379432
456047.8974344578,6872821.0468328055,1749473664.0,paragliders,20379462
456081.5548303629,6872859.823071555,1749473664.0,paragliders,20379485
456976.05079598277,6870654.751324369,1749471360.0,paragliders,20379492
459791.8772842024,6872564.7191339405,1750592896.0,paragliders,20380471
459235.25182955706,6872797.121590936,1750592256.0,paragliders,20380518
458855.8346174081,6872441.322883708,1750592768.0,paragliders,20380532
459428.4192476084,6870253.0304743545,1750593792.0,paragliders,20380639
459008.02311814774,6874265.461679964,1750596992.0,paragliders,20380643
459046.2252838211,6874235.038787932,1750596992.0,paragliders,20380643
459052.022071021,6874180.763440074,1750596992.0,paragliders,20380643
458184.08389788447,6870925.877551325,1750591616.0,paragliders,20380644
457826.50650717923,6870084.226910816,1750593408.0,paragliders,20380698
458132.80110433896,6871096.477081693,1757078656.0,paragliders,20386275
455498.7389934453,6870334.045009639,1757083392.0,paragliders,20386302
455511.061835237,6870361.177353604,1757083392.0,paragliders,20386302
455511.440403593,6870375.458070048,1757083392.0,paragliders,20386302
457440.36311389523,6873810.7634743955,1757332736.0,paragliders,20386393
456838.2427514106,6874055.588339912,1757331200.0,paragliders,20386415
459820.8256572206,6870077.440851611,1757332224.0,paragliders,20386424
456184.6802819943,6873335.985177765,1757332352.0,paragliders,20386425
456523.3759172644,6873984.279722343,1757331072.0,paragliders,20386429
455914.7168079415,6874073.892741275,1778587008.0,paragliders,20395046
458925.99450447864,6871396.175930237,1778587776.0,paragliders,20395046
455475.6025398791,6874694.189964933,1778587136.0,paragliders,20395065
458002.31265575864,6873344.239528582,1778590848.0,paragliders,20395071
455479.88601812994,6870170.265625049,1778586112.0,paragliders,20395085
457842.63031171984,6873065.021062381,1778590720.0,paragliders,20395090
457958.92837764195,6873291.030123805,1778590848.0,paragliders,20395376
455229.2549854486,6870546.650560364,1780321920.0,paragliders,20397620
458726.13471094443,6871690.889788016,1781617920.0,paragliders,20398239
455767.2626310976,6872750.430474615,1781707392.0,paragliders,20398324
457449.00274732395,6874493.510350016,1781695360.0,paragliders,20398475
441428.6804558154,6879135.030052575,1251029888.0,hang gliders,2985
444370.57529196807,6875925.382874251,1279461632.0,paragliders,20093721
444072.8615097831,6879325.290912399,1305987840.0,paragliders,20105322
444914.8732111286,6875851.049925076,1329835392.0,paragliders,20110821
444551.7742730802,6876588.530286235,1338205184.0,paragliders,20115424
443128.3298504,6877038.989892241,1338205824.0,paragliders,20115424
444338.5402685027,6877199.876959912,1338206464.0,paragliders,20115424
442508.3786909314,6875333.485831672,1344427392.0,paragliders,20119597
442483.20976523525,6875310.779599266,1344427392.0,paragliders,20119597
442523.0534762764,6875310.240989652,1344427392.0,paragliders,20119597
442499.27512336435,6875354.608619319,1344427392.0,paragliders,20119597
442469.70496424305,6875320.347653227,1344427392.0,paragliders,20119597
442470.0706725735,6875319.574561521,1344427392.0,paragliders,20119597
442519.3436083899,6875317.245562501,1344427392.0,paragliders,20119597
442534.3968244644,6875340.733159043,1344427392.0,paragliders,20119597
441659.3021075487,6875984.333099472,1345726464.0,paragliders,20120781
443104.7689442581,6879380.480103697,1397045376.0,paragliders,20141298
444984.0183764502,6876792.977201585,1400419456.0,paragliders,20145387
444590.7938965278,6877492.432835932,1404397056.0,paragliders,20149472
443287.48811639455,6878905.120779076,1404397440.0,paragliders,20149472
441943.42766989156,6876140.47351044,1435148800.0,paragliders,20168899
443743.4786639989,6879712.474310213,1435237888.0,paragliders,20169225
440335.93499321974,6878393.908367288,1435589504.0,paragliders,20170062
441327.4027432217,6878034.81709747,1435593088.0,paragliders,20170062
441284.0441457652,6878080.242045136,1435593088.0,paragliders,20170062
441526.6950303963,6878121.046153503,1435593088.0,paragliders,20170062
444794.57651230705,6876723.712867049,1435593600.0,paragliders,20170062
442217.203128666,6878310.719643598,1436191360.0,paragliders,20170910
443083.8580169698,6877544.172208012,1459507456.0,paragliders,20183023
444534.82744265447,6877382.616472728,1460458880.0,paragliders,20183558
442384.2638447725,6878945.823587893,1467896832.0,paragliders,20192301
444370.5681988632,6876487.348784619,1472735488.0,paragliders,20199952
444100.35145964223,6878854.66034003,1473421568.0,paragliders,20200895
443558.67599868786,6879331.345892105,1473422080.0,paragliders,20200898
442579.48883368826,6878412.74825507,1473431936.0,paragliders,20200986
444713.3890597011,6875076.948159234,1491747840.0,paragliders,20209807
443477.8677103271,6878519.5760075655,1491750272.0,paragliders,20209988
444897.93557482533,6876473.760709913,1496315520.0,paragliders,20217136
442740.23392361513,6878189.839460827,1496586624.0,paragliders,20217486
442736.0657134834,6878159.1142765675,1496586624.0,paragliders,20217486
442865.1999053496,6878187.137294523,1496586624.0,paragliders,20217486
442871.7352418962,6877878.261045554,1496587648.0,paragliders,20217486
441277.07925102464,6876936.441136039,1496588288.0,paragliders,20217486
444952.7958863697,6875144.92184126,1501593088.0,paragliders,20222312
444278.2295112968,6878074.031526413,1502715136.0,paragliders,20223458
444278.96498944185,6878075.270837835,1502715136.0,paragliders,20223458
444290.7214528426,6878110.760799596,1502715136.0,paragliders,20223458
443886.8710734612,6877060.788615745,1503234688.0,paragliders,20224246
443907.58483375754,6877179.856491429,1503234688.0,paragliders,20224246
443899.2315024441,6877111.867396809,1503234688.0,paragliders,20224246
444512.79265910614,6878983.4339680225,1503237120.0,paragliders,20224246
442740.80950454675,6876293.73270313,1532265216.0,paragliders,20246260
442788.3604927289,6876116.908506224,1532265344.0,paragliders,20246304
440256.19629223965,6876741.403283991,1532265728.0,paragliders,20246304
440028.7049400108,6876666.039545814,1532266112.0,paragliders,20246304
440686.93345304456,6876586.254810597,1537016832.0,paragliders,20252969
441486.2329752231,6876296.7727039475,1537020416.0,paragliders,20253032
444673.3685440556,6875802.85686272,1537105024.0,paragliders,20253098
442558.32733911386,6875634.844479611,1537106048.0,paragliders,20253098
441692.284232884,6877593.288598844,1553950848.0,paragliders,20259045
441673.9462502443,6877596.5222237315,1553950848.0,paragliders,20259045
441663.09053294087,6877593.867903607,1553950848.0,paragliders,20259045
441408.54668883455,6877924.131827634,1553950976.0,paragliders,20259180
441427.2310726499,6877847.827462041,1553950848.0,paragliders,20259262
444875.7021841204,6877360.6581649,1553956224.0,paragliders,20259325
443977.47989631025,6875687.762185046,1553955328.0,paragliders,20259374
444858.4062429703,6879973.750530902,1553951488.0,paragliders,20259855
443657.2440441428,6877686.077495294,1554727040.0,paragliders,20260430
440951.4411042823,6877937.040015326,1554727680.0,paragliders,20260430
443939.8612699808,6876971.438224107,1554725120.0,paragliders,20260468
442980.210765571,6876605.308026645,1554725888.0,paragliders,20260965
440920.54461036815,6877299.263944545,1554727424.0,paragliders,20260965
442538.86790314625,6878464.492214375,1555937536.0,paragliders,20262135
444197.266408044,6879744.3119864,1555935104.0,paragliders,20262404
442463.9247060149,6878595.097098014,1559316352.0,paragliders,20265552
441989.9121415101,6879445.633578444,1559316736.0,paragliders,20265552
441989.08683728526,6879439.824536161,1559316736.0,paragliders,20265552
442066.1421646279,6879468.889148083,1559316736.0,paragliders,20265552
441332.6513409267,6879783.614300781,1559316992.0,paragliders,20265552
441688.69442670845,6877357.283676154,1560773632.0,paragliders,20268328
441673.14858359663,6877381.425540866,1560773632.0,paragliders,20268328
441654.5569129934,6877386.973674843,1560773632.0,paragliders,20268328
441643.74381342065,6877361.588203118,1560773632.0,paragliders,20268328
441693.7265980409,6877366.818170291,1560773632.0,paragliders,20268328
441706.5151990401,6877410.617223878,1560773632.0,paragliders,20268328
441689.4219086574,6877448.819484524,1560773632.0,paragliders,20268328
441669.5105982843,6877459.830540707,1560773632.0,paragliders,20268328
441658.84757961263,6877451.303739506,1560773632.0,paragliders,20268328
441037.7325941042,6879864.573437303,1560774144.0,paragliders,20268328
443532.4612938043,6879073.573417022,1563794944.0,paragliders,20272373
444387.4393372694,6875962.498211706,1563719936.0,paragliders,20273742
444307.60669140774,6876735.700620889,1566479360.0,paragliders,20274955
441754.20070737577,6876557.038832765,1566480640.0,paragliders,20274955
442000.94785016944,6875817.47518213,1566481152.0,paragliders,20274955
442388.0528756239,6875608.102995836,1567090560.0,paragliders,20276182
443307.8668457687,6876563.341017729,1567091200.0,paragliders,20276234
441091.48765669885,6879422.101587763,1589983232.0,paragliders,20280884
441240.24254526175,6877609.682785611,1589985792.0,paragliders,20280891
441049.1483459913,6877609.121099061,1589985920.0,paragliders,20280891
441537.2118459909,6877133.308014972,1592824448.0,paragliders,20284226
444959.03860598145,6876507.205781749,1592823296.0,paragliders,20284250
441604.9576115964,6877308.124081289,1592824448.0,paragliders,20284250
440774.6269284724,6877238.34312034,1592824704.0,paragliders,20284250
443636.25440184184,6877020.161516745,1592830720.0,paragliders,20284259
443537.65535448375,6877063.537109553,1592830720.0,paragliders,20284259
441555.75957513874,6878377.028167729,1592831232.0,paragliders,20284259
440853.0774861915,6877896.589221861,1592835968.0,paragliders,20284259
441614.24127783417,6878267.126511204,1592831360.0,paragliders,20284292
444335.77928452165,6876574.294073582,1596023808.0,paragliders,20288943
440950.2467778281,6876108.63456499,1596024960.0,paragliders,20288943
440159.7668698293,6879687.900471945,1596027776.0,paragliders,20288943
444129.61371064663,6877639.691115029,1596709760.0,paragliders,20289937
440703.7662408167,6877635.845201323,1622119936.0,paragliders,20301210
443955.5948832458,6875130.299111469,1622122496.0,paragliders,20301245
442434.8353253405,6877214.191398442,1622119424.0,paragliders,20301313
441035.24829733535,6876992.699092521,1622119808.0,paragliders,20301326
444826.4969250028,6876081.734569772,1622118912.0,paragliders,20301568
441226.1170951143,6877210.920539399,1622119552.0,paragliders,20301568
444973.68847428024,6876986.085469135,1625143680.0,paragliders,20304483
444164.0850623373,6875867.847688055,1625145344.0,paragliders,20304496
441924.11112021183,6877500.328842811,1625146624.0,paragliders,20304496
442129.56897266064,6875901.214358397,1625147008.0,paragliders,20304496
442610.5187964475,6876684.743224988,1625149568.0,paragliders,20304719
441588.9999121093,6875336.2351138415,1625150720.0,paragliders,20304719
443351.7873832408,6877122.903672599,1630929024.0,paragliders,20309305
444667.3670174529,6876703.808643507,1630929024.0,paragliders,20309359
444870.45860716474,6876152.869186826,1630928768.0,paragliders,20309456
443571.2378356768,6875641.099015395,1652105344.0,paragliders,20320406
443555.4631934383,6875624.243414407,1652105344.0,paragliders,20320406
443574.7024011939,6875585.14484738,1652105344.0,paragliders,20320406
443789.8716492444,6876605.911474863,1652527232.0,paragliders,20321068
443619.4002631326,6876703.927563553,1652527232.0,paragliders,20321068
443569.7170890827,6876755.156163726,1652527360.0,paragliders,20321068
443524.4527009014,6876762.135428502,1652527360.0,paragliders,20321068
443488.62399091304,6876726.091510637,1652527360.0,paragliders,20321068
443507.4699173524,6876710.195966993,1652527360.0,paragliders,20321068
443190.3821831178,6877306.0616632765,1652527744.0,paragliders,20321068
443188.416050708,6877353.352621095,1652527744.0,paragliders,20321068
443152.1405578106,6877366.814935538,1652527744.0,paragliders,20321068
443431.45402470574,6876587.321239569,1652530048.0,paragliders,20321068
443404.18473804486,6877276.250272556,1652527616.0,paragliders,20321158
443414.5906396761,6876590.322473172,1652530048.0,paragliders,20321158
444067.79757691344,6875378.342745702,1653143552.0,paragliders,20322211
444203.5227088865,6875411.668264361,1653143680.0,paragliders,20322214
444470.2447170892,6876091.058318916,1661007360.0,paragliders,20331212
440120.48713007366,6879604.126027741,1661350144.0,paragliders,20331528
441463.6018089385,6879343.474594042,1661350144.0,paragliders,20331544
441458.8560718626,6879275.769092149,1661350144.0,paragliders,20331544
440718.4790386132,6878115.4249810465,1661350784.0,paragliders,20331544
440204.0233420788,6878956.972730676,1661348736.0,paragliders,20331553
444160.14599892613,6879513.6543364655,1662902784.0,paragliders,20332935
442572.9730261733,6877188.455632032,1662903296.0,paragliders,20332999
443690.15166622185,6875171.014295298,1665064448.0,paragliders,20334096
444001.5218835088,6875919.131446894,1665063680.0,paragliders,20334115
444453.2466402816,6875553.987915032,1678888832.0,paragliders,20337235
444349.70334744226,6876962.79291862,1680700800.0,paragliders,20337922
444880.0346629197,6876410.465682378,1686921856.0,paragliders,20344009
443802.7627321396,6875517.327860594,1686923264.0,paragliders,20344009
444954.3183035387,6875739.19252145,1686924032.0,paragliders,20344015
443403.9673317264,6876651.929819088,1687017088.0,paragliders,20344157
444369.27345494926,6876945.067048908,1687348608.0,paragliders,20344780
444855.66787637654,6876661.587683522,1687521792.0,paragliders,20344852
444546.999098677,6878252.1075132275,1687522560.0,paragliders,20344852
444755.7720146006,6875710.923383777,1687523712.0,paragliders,20344872
444486.8091560698,6875589.6505422965,1687607168.0,paragliders,20344879
440539.63584673265,6879881.521093493,1688647936.0,paragliders,20345930
440584.8313532073,6879732.539089311,1688647936.0,paragliders,20345960
440475.0472893796,6879957.838737231,1688648192.0,paragliders,20345993
442719.3847780178,6875232.252357333,1692540672.0,paragliders,20349761
444744.90818551794,6877727.84502034,1696084352.0,paragliders,20353587
444036.5823509824,6877277.15787605,1709733888.0,paragliders,20355817
441789.7243702714,6878773.519180221,1709737600.0,paragliders,20355819
444091.9261823487,6877386.287828655,1709733888.0,paragliders,20355820
442597.6791298128,6878398.237918366,1709735168.0,paragliders,20355820
443841.5496834521,6877332.308683638,1709733888.0,paragliders,20355823
440542.15320612455,6877992.708007755,1709735424.0,paragliders,20355823
444058.10076768574,6877208.364904784,1709734016.0,paragliders,20355828
441488.96801214025,6879785.949254903,1709736576.0,paragliders,20355828
443981.67166004825,6876110.690659029,1711804288.0,paragliders,20356647
440975.0678646731,6878667.878903027,1711804160.0,paragliders,20356651
443877.65732370707,6875571.092796973,1711804288.0,paragliders,20356653
440768.07656927634,6879447.980075382,1711804160.0,paragliders,20356655
441012.27458992053,6878716.149455261,1711804032.0,paragliders,20356656
441005.8186970439,6878698.038868729,1711804032.0,paragliders,20356660
444914.250483958,6876363.1762221195,1711803520.0,paragliders,20356662
440790.94325609336,6879401.445601024,1711804288.0,paragliders,20356662
441003.6253977821,6878631.1310374625,1711804032.0,paragliders,20356664
440815.4735386881,6879201.165126491,1711804288.0,paragliders,20356667
440845.3295442281,6879186.568039621,1711804288.0,paragliders,20356669
440676.8375837647,6878741.796475264,1711802469.8194292,paragliders,20356674
441760.00909424527,6879629.164572707,1711804928.0,paragliders,20356676
441776.36796599085,6879643.712467295,1711804928.0,paragliders,20356676
441784.59380301,6879652.183758949,1711804928.0,paragliders,20356676
444908.94129467546,6877043.052727638,1711803648.0,paragliders,20356683
440783.55829272413,6879812.686744783,1711804380.8745217,paragliders,20356686
443665.1308832057,6879134.314768679,1712927744.0,paragliders,20356952
443597.6297252022,6879289.817567668,1712927744.0,paragliders,20356969
443627.04786417156,6879252.473075234,1712927744.0,paragliders,20358000
444068.7654520933,6878475.758748408,1716638080.0,paragliders,20360711
444592.73018817377,6876042.33334413,1716640384.0,paragliders,20360750
443611.17937261553,6875498.683795596,1716641280.0,paragliders,20360750
441510.74070582003,6878501.076177277,1716642176.0,paragliders,20360918
442409.5602508445,6876128.637607944,1719156480.0,paragliders,20362600
441850.07532921864,6876632.680836068,1719156864.0,paragliders,20362600
441314.80127632496,6878331.922131857,1719158016.0,paragliders,20362600
440406.6716470322,6876727.280689377,1719158400.0,paragliders,20362606
444981.2762399884,6875450.131908939,1719587072.0,paragliders,20363082
443795.28877547465,6876972.352943614,1720960384.0,paragliders,20363883
442883.55013125495,6877529.402071895,1720960640.0,paragliders,20363883
444771.1584764303,6877344.611753836,1720959232.0,paragliders,20363895
444131.07184323255,6876591.285672142,1720960256.0,paragliders,20363895
443681.6934986408,6877076.151508628,1720960384.0,paragliders,20363896
442814.23333034426,6877368.75706999,1720960640.0,paragliders,20363896
440840.8104252156,6879218.634227878,1720961152.0,paragliders,20363896
444549.6036019444,6876439.25861826,1720960512.0,paragliders,20363897
444546.2840708739,6876801.165113913,1720960685.879454,paragliders,20363906
443815.89745799237,6876892.69650663,1720960256.0,paragliders,20363911
444095.1880495792,6876642.892551214,1720960256.0,paragliders,20363918
444553.4296395985,6876838.085991591,1720960768.0,paragliders,20363934
440911.5057077136,6875099.841617259,1721220608.0,paragliders,20364078
441789.68935794244,6876628.446480795,1721228800.0,paragliders,20364088
440738.2844063838,6875410.520130153,1721219712.0,paragliders,20364090
440738.89282481,6875397.490541166,1721219712.0,paragliders,20364090
440791.5598576638,6875256.634323234,1721219712.0,paragliders,20364093
440688.92765386705,6875419.570007638,1721219968.0,paragliders,20364121
440204.80927058734,6878266.0443076175,1721309184.0,paragliders,20364170
444198.94285112753,6877146.36408888,1726314624.0,paragliders,20368486
444524.8444878306,6877548.852238416,1744893568.0,paragliders,20374531
444624.3309704794,6877550.554579922,1748615424.0,paragliders,20378487
444673.78568983095,6877571.22492692,1748615424.0,paragliders,20378609
444649.82256549725,6876719.310639178,1748870912.0,paragliders,20379063
442308.904567443,6878623.350075077,1750075136.0,paragliders,20379855
441867.3332815,6879989.542131205,1750075648.0,paragliders,20379855
443894.14497286465,6879150.605545062,1751289216.0,paragliders,20381499
442494.0514959075,6878689.521763595,1751289472.0,paragliders,20381499
444808.54523061216,6877205.753095758,1751289088.0,paragliders,20381539
444852.7863478809,6876878.642087983,1751288832.0,paragliders,20381561
442624.8892818418,6878683.301862376,1751289600.0,paragliders,20381561
444799.84705414483,6877130.185445251,1751289088.0,paragliders,20381567
442529.6743006622,6878796.779060785,1751289600.0,paragliders,20381567
444860.84671895235,6875548.166494626,1752067456.0,paragliders,20382172
440442.1328235441,6878758.219973595,1752065408.0,paragliders,20382173
444828.0532260138,6875530.703510381,1752067584.0,paragliders,20382180
442722.84559046687,6877275.899830341,1754484736.0,paragliders,20384044
442675.50208375923,6877342.850091924,1754484736.0,paragliders,20384044
442517.43422644824,6877391.869280114,1754484864.0,paragliders,20384044
442454.49433813134,6877386.969544045,1754484864.0,paragliders,20384044
442345.71475668455,6877486.766224264,1754484864.0,paragliders,20384044
441941.1910928558,6879185.582279593,1754486272.0,paragliders,20384044
443328.2529215818,6876059.709629327,1754484480.0,paragliders,20384045
442248.76034767606,6879421.829039646,1754486272.0,paragliders,20384045
444180.93590551533,6875942.28975451,1754489216.0,paragliders,20384045
442702.8280012392,6877321.585702078,1754484736.0,paragliders,20384055
442649.2276832568,6877325.808346754,1754484736.0,paragliders,20384055
442649.676526822,6877315.417151201,1754484736.0,paragliders,20384055
442618.7218960902,6877381.04472909,1754484736.0,paragliders,20384055
442589.5213961856,6877363.491466704,1754484736.0,paragliders,20384055
443007.1662507865,6878644.5498485835,1754485632.0,paragliders,20384055
443120.3861021388,6878019.8333084015,1754476160.0,paragliders,20384061
442359.9053339859,6877270.109561014,1754484864.0,paragliders,20384062
443048.011571233,6878619.511559358,1754485632.0,paragliders,20384062
442623.994066762,6879947.228159828,1756039424.0,paragliders,20385782
443906.73770501517,6875466.518992308,1756140544.0,paragliders,20385957
441656.4312096321,6878022.078935874,1756121984.0,paragliders,20385991
441658.026824291,6878022.761097177,1756121984.0,paragliders,20385991
441688.5296914253,6878094.944582158,1756121984.0,paragliders,20385991
441628.2991148337,6878127.077095484,1756121984.0,paragliders,20385991
442897.7331672395,6877394.970147622,1756121600.0,paragliders,20385992
442872.5102103034,6877452.979211249,1756121600.0,paragliders,20385992
442843.08335031726,6877448.634589268,1756121600.0,paragliders,20385992
441722.0839249945,6878241.267719224,1756122112.0,paragliders,20385992
440628.13842447806,6879305.829967192,1756122368.0,paragliders,20385992
440538.33785407,6879327.006681139,1756122368.0,paragliders,20385992
443048.9221294435,6878907.06910806,1757419008.0,paragliders,20386478
443977.44105758256,6877889.42900399,1772628224.0,paragliders,20389392
442458.8199147074,6879141.108600021,1777128832.0,paragliders,20393616
442082.3184896399,6876772.352430084,1779367808.0,paragliders,20395560
442787.6762180335,6877017.657823863,1779368704.0,paragliders,20395560
444991.9651709655,6876147.193157548,1779366016.0,paragliders,20395572
444882.22595742234,6876300.407297443,1779366144.0,paragliders,20396645
443567.6121927071,6878749.135676047,1779366784.0,paragliders,20396645
442798.7929906956,6879332.578088141,1779366912.0,paragliders,20396645
442721.4032607842,6879727.064627312,1780315392.0,paragliders,20397494
442760.5354705521,6876703.10033295,1780322048.0,paragliders,20397693
443033.8421398238,6879566.157621635,1780322560.0,paragliders,20397693
443005.3158009,6876915.739231356,1781712128.0,paragliders,20398317
443873.89672318264,6876987.827704391,1781709952.0,paragliders,20398329
447834.6666497695,6875659.3275032565,1565180672.0,hang gliders,20274133
447518.42897718813,6876301.544017754,1220273024.0,hang gliders,2652
447115.19554033346,6876598.150952621,1150640640.0,paragliders,20051615
446557.925785008,6876055.33666338,1177245696.0,paragliders,20061078
447319.4677296917,6875012.024395492,1179570944.0,paragliders,20061665
449358.4182642849,6875017.322475328,1216036992.0,paragliders,20072630
448113.17430488847,6876852.065111994,1220267776.0,paragliders,20080004
448104.12721272465,6875655.450977475,1248532480.0,paragliders,20083194
446007.503878194,6876097.254365839,1248786858.9367683,paragliders,20083298
449808.99949643546,6876285.45922143,1248789376.0,paragliders,20083298
447034.21791350737,6875389.474795398,1249213440.0,paragliders,20083403
445120.9668041625,6876104.34356703,1272375296.0,paragliders,20092003
446651.1811682139,6876826.130407849,1273837824.0,paragliders,20092291
446068.7717644073,6876070.417178698,1273833600.0,paragliders,20092299
445973.43966752343,6875540.518979105,1274704768.0,paragliders,20092500
445146.99253313587,6877096.86566699,1274705152.0,paragliders,20092514
445104.2209239355,6877110.5827769255,1274705152.0,paragliders,20092514
445098.1275389347,6877081.576053433,1274705152.0,paragliders,20092514
446233.45815714175,6875755.97147573,1275656576.0,paragliders,20092867
446254.6363548163,6875291.442312607,1279460096.0,paragliders,20093721
446247.355424711,6875333.4136941405,1305722624.0,paragliders,20105261
446128.0609199109,6876601.646434274,1305984000.0,paragliders,20105322
446998.7379943955,6875685.48069147,1305984640.0,paragliders,20105322
446096.46410625154,6877181.752791931,1305986944.0,paragliders,20105322
446442.4630079758,6875534.543653234,1306673584.2065115,paragliders,20105762
446822.17065931996,6876038.456568331,1306678784.0,paragliders,20105817
449995.76487786486,6877737.991096473,1306679424.0,paragliders,20105817
447828.1557429882,6875505.180711058,1307794688.0,paragliders,20106164
447546.42324965924,6875116.7002831865,1308909696.0,paragliders,20107121
447616.9528618829,6875054.860210537,1310643200.0,paragliders,20107368
447071.22758663504,6875138.4666817235,1310643072.0,paragliders,20107373
447232.7265019785,6875077.644165044,1310643072.0,paragliders,20107374
447376.43026052805,6875915.776186026,1310728960.0,paragliders,20107385
446902.0161858823,6875657.736910577,1310728832.0,paragliders,20107428
446520.75121257117,6875170.274476752,1313420288.0,paragliders,20108076
446540.3896486782,6877437.104048917,1313424000.0,paragliders,20108076
446579.1139832145,6877117.650468743,1329833344.0,paragliders,20110821
446495.33355110156,6875629.159895976,1335884416.0,paragliders,20113684
445237.584692858,6875303.459241639,1335885824.0,paragliders,20113684
446034.369512514,6875870.244613703,1336056576.0,paragliders,20113761
448457.524720937,6875002.335564504,1336995200.0,paragliders,20114768
448618.0422284914,6875101.779472692,1336995200.0,paragliders,20114791
446009.2898829826,6879461.448851127,1337181184.0,paragliders,20114962
446642.6739506537,6875803.393604201,1340451200.0,paragliders,20117004
447235.30192894005,6875568.979445731,1343651968.0,paragliders,20119170
448312.8406588107,6876398.376150404,1344335360.0,paragliders,20119540
447803.2767981381,6875924.229961818,1344335616.0,paragliders,20119543
445190.2278980018,6875726.833263949,1344426624.0,paragliders,20119597
447037.6092700265,6875231.288448091,1345644800.0,paragliders,20120709
445539.88534825086,6875532.929581514,1345725696.0,paragliders,20120753
446173.75489556405,6875066.020264707,1345633792.0,paragliders,20120757
445596.9091802123,6875462.329115025,1345725696.0,paragliders,20120775
445705.88562625425,6875752.393346941,1345728768.0,paragliders,20120776
445567.3305996801,6875536.853974587,1345725696.0,paragliders,20120781
445738.3002387649,6875480.057584156,1345729664.0,paragliders,20120792
445139.2020311828,6875666.082586038,1345726080.0,paragliders,20120838
446486.88169809844,6875459.230396374,1346167936.0,paragliders,20121072
445875.6418217008,6876894.63581577,1346173056.0,paragliders,20121072
446743.22230581887,6875452.730095772,1346155136.0,paragliders,20121088
445486.2815313278,6875498.144592269,1345725824.0,paragliders,20121102
446521.8903489868,6875896.494644264,1346156160.0,paragliders,20121112
445076.171870442,6875565.798463417,1345726208.0,paragliders,20121128
446158.84228818194,6875637.862629228,1347711360.0,paragliders,20121919
446155.88504877465,6875757.1767165605,1347712128.0,paragliders,20121919
446870.54535221454,6875834.914535798,1347798400.0,paragliders,20121923
446916.1627538246,6875825.120778608,1347798400.0,paragliders,20121951
448883.2873214809,6875792.350474287,1347798784.0,paragliders,20121951
446328.69608721905,6876020.787163446,1349011968.0,paragliders,20122304
449313.91122153524,6875110.482686847,1366640384.0,paragliders,20125925
445215.4830866629,6876122.199905713,1367937792.0,paragliders,20127397
445308.58775485994,6876090.619116258,1367937792.0,paragliders,20127521
447263.19906993763,6875230.16183614,1372598784.0,paragliders,20130573
446915.3251532202,6877017.82771163,1375610496.0,paragliders,20133233
445578.1266482267,6876049.726141622,1375611904.0,paragliders,20133243
446641.2199830049,6877384.914141914,1375615104.0,paragliders,20133246
446641.2199830049,6877384.914141914,1375615104.0,paragliders,20133250
447319.40036542644,6877880.02600303,1375612032.0,paragliders,20133257
446226.70852634293,6876032.421465851,1375612160.0,paragliders,20133299
446170.5915417514,6877121.762755692,1375614976.0,paragliders,20133306
447335.2005637673,6877393.267990492,1375617920.0,paragliders,20133358
446511.74999587896,6876136.159618733,1376570496.0,paragliders,20133972
446473.0199852007,6876060.910182132,1376570496.0,paragliders,20133976
446627.374717917,6876209.563252977,1376570624.0,paragliders,20134007
446891.3757437003,6876331.469991063,1376570752.0,paragliders,20134018
447897.91911796795,6875038.889286354,1393679744.0,paragliders,20138524
445673.7906550481,6875658.41318878,1397042560.0,paragliders,20141276
445646.2816798328,6875924.875511477,1397043456.0,paragliders,20141298
445413.2959173427,6875889.723195403,1397043328.0,paragliders,20141315
445396.472166386,6876359.034813794,1400418816.0,paragliders,20145090
445451.74952453165,6876357.6123088645,1400418688.0,paragliders,20145322
446006.6418805671,6875717.968775281,1402400768.0,paragliders,20147524
446891.84224152815,6875869.897032615,1404391936.0,paragliders,20149472
446110.7327293305,6876213.599931322,1404394240.0,paragliders,20149499
447019.8508542163,6875958.341860786,1404729728.0,paragliders,20149792
446684.8663503511,6875426.098916588,1405345536.0,paragliders,20150015
447844.40948908177,6877285.765197452,1407240064.0,paragliders,20151756
445184.5871343333,6876341.83570449,1407591680.0,paragliders,20151783
446837.8449869131,6875873.421955282,1408627844.046193,paragliders,20152567
446717.89110079815,6877280.541192387,1408879744.0,paragliders,20152729
446429.20465186075,6876620.520854799,1408879488.0,paragliders,20152772
447313.993834413,6876217.19222143,1408888832.0,paragliders,20152840
446580.9880061034,6875889.649998983,1407166976.0,paragliders,20152867
446160.80872118124,6875926.901948292,1412078976.0,paragliders,20155201
448013.7900911374,6875222.988083779,1430219264.0,paragliders,20163181
446017.3284827804,6876174.381439414,1431001088.0,paragliders,20163559
446471.8904249237,6875876.686160803,1431004288.0,paragliders,20163559
446921.1434454827,6875614.3909356715,1431868288.0,paragliders,20164823
445924.72837420943,6875497.214312565,1431865088.0,paragliders,20164913
446537.16518391,6875553.327507542,1431862400.0,paragliders,20165043
446408.6852704143,6876065.658734443,1431862784.0,paragliders,20165064
447444.4555604355,6875874.174450202,1432737920.0,paragliders,20165615
447817.49862193316,6875656.171272699,1432984960.0,paragliders,20166015
447454.5698489331,6875836.219936983,1432983808.0,paragliders,20166022
447450.86974388623,6875838.805249747,1432983808.0,paragliders,20166022
447526.25741106767,6875898.133898313,1432983808.0,paragliders,20166022
447555.9634354086,6875893.223198323,1432983808.0,paragliders,20166022
447581.116183829,6875876.569609876,1432983808.0,paragliders,20166022
447276.4629426278,6876208.348027367,1432983936.0,paragliders,20166022
446929.8290803416,6875438.404141768,1432987264.0,paragliders,20166031
446668.9176239019,6875355.168386381,1432987136.0,paragliders,20166084
446352.45315657486,6875445.13244122,1432987520.0,paragliders,20166084
446336.01754551014,6875677.651040653,1432984320.0,paragliders,20166110
448347.14951640903,6876866.417536559,1432984576.0,paragliders,20166126
446805.76231818827,6875571.801977688,1432989568.0,paragliders,20166131
446891.20285589877,6875384.842133563,1432987264.0,paragliders,20166142
447002.9004610272,6875914.3391886875,1432983680.0,paragliders,20166147
446932.854570259,6876115.428680685,1432983936.0,paragliders,20166147
447138.36053256417,6875855.46416539,1432983808.0,paragliders,20166276
446448.08207424835,6876592.525613936,1433158400.0,paragliders,20166491
446507.61983235425,6875949.801598628,1434191872.0,paragliders,20168006
446488.3773722383,6875368.42548637,1434192640.0,paragliders,20168018
446367.3809720426,6875834.734849274,1434193792.0,paragliders,20168024
446468.1750333186,6875889.374226117,1434193792.0,paragliders,20168027
446778.0703869007,6875281.80555041,1434205696.0,paragliders,20168040
446719.46731112036,6875603.752337752,1434192896.0,paragliders,20168042
447768.1238754233,6876456.86591332,1434193280.0,paragliders,20168042
446098.21314765554,6875358.213629958,1434190592.0,paragliders,20168043
446241.29145253665,6875343.314238151,1434192512.0,paragliders,20168050
447609.4511587017,6878524.61002921,1434193152.0,paragliders,20168051
446733.0244709018,6875153.554896031,1434208384.0,paragliders,20168053
446592.00824393984,6875214.374011008,1434190208.0,paragliders,20168061
446122.69130606035,6875389.139840642,1434190720.0,paragliders,20168061
446374.8304197553,6875424.518415159,1434191488.0,paragliders,20168061
446202.1971415328,6875709.0397549495,1434191744.0,paragliders,20168061
447154.7930009012,6876259.228761863,1434193024.0,paragliders,20168063
445617.9587694423,6875423.811342772,1434191616.0,paragliders,20168080
445976.9285024731,6876341.587348436,1435236480.0,paragliders,20169225
445085.19647592946,6875626.943545873,1435241344.0,paragliders,20169225
446443.34171688074,6875027.516196926,1435245568.0,paragliders,20169225
446216.91520442045,6875802.097125378,1435234688.0,paragliders,20169236
446498.8111743989,6875814.952079472,1435235584.0,paragliders,20169236
446375.781875827,6876607.086167621,1435236736.0,paragliders,20169236
445986.8135412194,6875717.31705322,1435237248.0,paragliders,20169236
445466.9734166224,6875896.605787007,1435238016.0,paragliders,20169236
445251.1035935355,6876127.054518926,1435239936.0,paragliders,20169236
445788.686339833,6876317.724533864,1435241728.0,paragliders,20169236
447150.16370828747,6875585.451090566,1435491968.0,paragliders,20169775
446415.112760129,6875291.102713549,1435494656.0,paragliders,20169949
446970.0886580322,6875134.879153407,1435587456.0,paragliders,20170062
446188.8494009431,6875220.421100911,1435593984.0,paragliders,20170062
446497.7514212005,6875269.237085057,1436011520.0,paragliders,20170733
448036.9530121415,6875310.15599504,1436011776.0,paragliders,20170733
446459.54533712787,6876332.059589134,1436019328.0,paragliders,20170805
449824.903235826,6876053.74078252,1436020352.0,paragliders,20170805
449491.4768713746,6876096.358563801,1436020736.0,paragliders,20170805
447075.2840657468,6875191.751152223,1436962176.0,paragliders,20171875
447130.3111576312,6875254.863411147,1436962560.0,paragliders,20171963
446691.44802478055,6875277.439080542,1439211648.0,paragliders,20174629
447622.4316862923,6875469.806591579,1439211904.0,paragliders,20174629
447257.4091396909,6875786.539294111,1460971136.0,paragliders,20183934
446437.43964203895,6875403.234924895,1460975744.0,paragliders,20184024
447147.9607405002,6875251.129870632,1460977792.0,paragliders,20184024
446495.0709414433,6875263.443340153,1460977408.0,paragliders,20184084
448038.677491473,6875786.00804049,1461847936.0,paragliders,20184634
447754.1037154895,6875555.713488926,1466335616.0,paragliders,20189969
446397.4079634618,6875464.420986092,1467894912.0,paragliders,20192301
446092.15594254003,6875726.492073729,1467895808.0,paragliders,20192328
446081.4978210887,6876018.666502143,1467894272.0,paragliders,20192369
448394.8130605924,6877210.350867269,1468076672.0,paragliders,20192625
447138.40414276894,6876571.986015285,1468078208.0,paragliders,20192826
447194.4890724037,6875849.375313008,1468578048.0,paragliders,20193245
446581.67228600243,6875663.666532631,1468579921.712985,paragliders,20193268
446367.21103144455,6875413.242272672,1468577664.0,paragliders,20193270
447140.04538254463,6875757.124041833,1468577920.0,paragliders,20193273
446730.3016417941,6875241.678745834,1468580480.0,paragliders,20193277
446444.97710357734,6875546.602866383,1468582016.0,paragliders,20193294
447762.27405388217,6876157.598515443,1468578432.0,paragliders,20194007
446481.91862251435,6875049.459587232,1469360512.0,paragliders,20194440
449371.05445568555,6875082.373602396,1469361920.0,paragliders,20194449
447444.3890254243,6875580.320653246,1469362048.0,paragliders,20194462
447098.22989596584,6875210.928973917,1469360640.0,paragliders,20194494
446922.1508604611,6875485.2433726415,1469361920.0,paragliders,20194538
446771.00168753444,6875536.926357698,1470054528.0,paragliders,20195195
447905.25055411144,6876189.567862748,1472650752.0,paragliders,20199762
446993.686341883,6875519.559464439,1472650496.0,paragliders,20199809
446874.4037335367,6875774.906699842,1472737024.0,paragliders,20199969
447683.20096510777,6875942.488109938,1472737280.0,paragliders,20200520
445833.9728235332,6875999.71033828,1473421056.0,paragliders,20200895
446036.6193738722,6875594.655767981,1473421312.0,paragliders,20200903
445728.33239842346,6876371.967584984,1473431040.0,paragliders,20200986
445946.47234186047,6876451.689022791,1473424256.0,paragliders,20201195
446627.9652716283,6875540.613055499,1474636416.0,paragliders,20202029
448776.946641096,6876612.433364389,1474640768.0,paragliders,20202073
446561.8737975085,6875302.929314971,1474636416.0,paragliders,20202074
446573.48921724653,6875296.029275556,1474636416.0,paragliders,20202752
446173.69399198587,6877560.101597883,1491220480.0,paragliders,20208512
446131.78698643635,6877611.55294859,1491220480.0,paragliders,20208512
446133.4853307485,6877668.187985741,1491220480.0,paragliders,20208512
445898.1934829884,6876601.653348826,1491217152.0,paragliders,20208520
446548.61059362645,6876137.968981014,1491220352.0,paragliders,20208520
445959.39254044194,6876501.05105205,1491220864.0,paragliders,20208523
449948.4050888901,6877003.798445585,1491221504.0,paragliders,20208523
446364.3948930679,6876198.791900637,1491220736.0,paragliders,20208597
445846.165410536,6876222.34878281,1491220608.0,paragliders,20208613
446544.6762609152,6876414.765209522,1491753856.0,paragliders,20209827
445936.3677827467,6876740.849579675,1491742336.0,paragliders,20209887
446178.8120273229,6876136.677072599,1491748992.0,paragliders,20209887
447814.6093197565,6875148.376399956,1494764288.0,paragliders,20213849
446444.03140797926,6875343.283622416,1494764288.0,paragliders,20214188
446739.1098481265,6875119.686277996,1494945664.0,paragliders,20214487
447083.97659189644,6875368.339635103,1495885824.0,paragliders,20216245
445877.2012158305,6875435.917601554,1495888384.0,paragliders,20216245
447009.16003134265,6876653.99745726,1495892224.0,paragliders,20216245
446953.0868158187,6875473.312927431,1495895680.0,paragliders,20216245
446917.13367320935,6875167.4697321,1496573696.0,paragliders,20217431
447631.6089040653,6876369.73808771,1496578560.0,paragliders,20217432
447609.2781190306,6876421.138261968,1496578560.0,paragliders,20217432
447661.1658471158,6876437.108660547,1496578560.0,paragliders,20217432
446481.3325259308,6875556.111262786,1496582656.0,paragliders,20217465
447133.6634534938,6875124.872475957,1496573824.0,paragliders,20217473
447082.12040341133,6875181.169205953,1496573824.0,paragliders,20217477
446215.8147697934,6875882.874880697,1496585600.0,paragliders,20217486
446947.66145072825,6875183.217185157,1496573694.496674,paragliders,20217492
446908.33559201576,6875254.733886436,1496573952.0,paragliders,20217492
447238.6168059706,6875832.42839056,1496588928.0,paragliders,20217513
446266.7326011374,6875532.631342867,1496582656.0,paragliders,20217538
446450.11553644825,6875449.449602043,1496582400.0,paragliders,20217624
446994.39817344013,6875684.896953,1498228736.0,paragliders,20219686
447295.2786413115,6875056.701511916,1500121856.0,paragliders,20221294
446970.8164649586,6875097.696502319,1500126336.0,paragliders,20221336
446704.18439534405,6875002.261049085,1500128128.0,paragliders,20221360
447303.8969254973,6875280.211898546,1500120960.0,paragliders,20221828
446526.31046808127,6875051.015688856,1501504896.0,paragliders,20222297
446504.19710467436,6875175.131403873,1501505664.0,paragliders,20222300
447081.0581223916,6875223.642880383,1501591552.0,paragliders,20222313
446152.41948222497,6876000.214493431,1501502208.0,paragliders,20222320
448681.6144275461,6875117.34304375,1501939840.0,paragliders,20222604
447030.0863503368,6875699.597966338,1502027136.0,paragliders,20222711
447022.89384408697,6875426.594252079,1502029184.0,paragliders,20222711
445947.2813751144,6875039.634026113,1502023808.0,paragliders,20222789
445685.65385404346,6875702.347527511,1502016256.0,paragliders,20222842
445903.2974794776,6876003.893308517,1502031488.0,paragliders,20222862
445580.10142098146,6878476.158118749,1502714368.0,paragliders,20223458
446335.00262682035,6876290.951768837,1503233280.0,paragliders,20224208
447472.2666362998,6875939.029429944,1503231360.0,paragliders,20224246
448654.5896090499,6876213.283404661,1503231616.0,paragliders,20224246
447361.5795537646,6877423.684322474,1503232896.0,paragliders,20224246
445260.76625732874,6877016.469771759,1503234176.0,paragliders,20224246
446132.9043822079,6876465.316979434,1503243264.0,paragliders,20224246
446848.10900404846,6875947.672153655,1503229312.0,paragliders,20224293
447169.14278458426,6875846.565175326,1503229696.0,paragliders,20224303
446604.8117888596,6875575.101668548,1506085504.0,paragliders,20226490
446632.4927803402,6875287.099716816,1506083200.0,paragliders,20226501
446292.3322517549,6875268.69297923,1506083072.0,paragliders,20226506
446669.0438653738,6875246.701676019,1506082304.0,paragliders,20226811
447292.27363847045,6876661.959651055,1522586496.0,paragliders,20231422
446496.8645310865,6875766.551859237,1522580096.0,paragliders,20231444
446462.6838879869,6875739.898324427,1522580096.0,paragliders,20231463
446436.77226283867,6875933.523652325,1522580224.0,paragliders,20231473
447264.56044580473,6875914.79536082,1522929408.0,paragliders,20231617
449866.5572811327,6875097.552562598,1522929920.0,paragliders,20231617
447109.5749540241,6875868.948738581,1522929408.0,paragliders,20231621
449627.1205335461,6875175.274122146,1522929920.0,paragliders,20231621
449639.4954207279,6875173.669972334,1522929920.0,paragliders,20231621
449794.81034947955,6875192.752657583,1522929920.0,paragliders,20231621
446913.99608622404,6875345.59504107,1522929264.9957006,paragliders,20231666
448820.1063777864,6875932.395157494,1522929280.0,paragliders,20231742
446698.0273457841,6876939.651623839,1523880064.0,paragliders,20232358
449743.56889988476,6878024.264968819,1523880448.0,paragliders,20232358
446573.6941965523,6876917.0598358195,1523872768.0,paragliders,20232361
446450.92322252534,6876365.92256734,1524146816.0,paragliders,20233784
446494.3913977186,6876646.405342376,1524146816.0,paragliders,20233978
445238.1343146057,6879019.613283669,1524146048.0,paragliders,20234044
448585.04198694567,6875124.522983124,1524488448.0,paragliders,20236631
445166.09127266426,6879201.8342479225,1524146048.0,paragliders,20237472
447273.2873981057,6875311.435424428,1525869696.0,paragliders,20238598
446167.3662131575,6878817.880305161,1525876096.0,paragliders,20238598
447334.26317489886,6875328.972334746,1525869696.0,paragliders,20238617
445857.9702004345,6875720.6375448415,1526210944.0,paragliders,20239137
445525.35887066444,6875940.004391974,1529492224.0,paragliders,20242042
445506.8192294043,6875971.247774802,1529492352.0,paragliders,20242171
446924.04495062266,6876103.935333121,1529157504.0,paragliders,20242307
446374.021647666,6875850.932090081,1530885504.0,paragliders,20244472
446331.9507822365,6875634.296947613,1530885888.0,paragliders,20244472
445113.0292184457,6875093.720430219,1530967680.0,paragliders,20244711
447471.9918966408,6875257.627659935,1531831168.0,paragliders,20245737
446519.3746745602,6875749.149331356,1533036288.0,paragliders,20247748
446711.36955195747,6875288.88131111,1533035904.0,paragliders,20247818
446195.9209995313,6876228.699142957,1533564032.0,paragliders,20248648
446168.6769960053,6875774.742242883,1533565696.0,paragliders,20248648
446970.79690556694,6875645.540317537,1533556480.0,paragliders,20248666
447891.18841384986,6875725.946498608,1533738240.0,paragliders,20248836
446658.081897059,6876510.195447969,1533736448.0,paragliders,20248850
446403.8888598182,6875433.907357833,1533737600.0,paragliders,20248850
446991.49806297687,6875924.510160133,1533727488.0,paragliders,20248854
449072.44256743614,6875524.381769583,1533729280.0,paragliders,20248882
446642.8690167983,6875716.222766583,1534944256.0,paragliders,20250360
445360.2029863273,6876052.822255274,1535802112.0,paragliders,20251314
445103.4826941642,6876445.776056344,1535804288.0,paragliders,20251318
445319.67492535315,6876279.670152693,1535804288.0,paragliders,20251320
445544.6672338235,6876285.816054675,1535802624.0,paragliders,20251338
445569.0006275193,6876383.359633857,1535802624.0,paragliders,20251461
445298.8207394766,6876411.086432511,1535804288.0,paragliders,20251536
446597.997130847,6875223.81342002,1536405120.0,paragliders,20251985
446063.60496066505,6876576.243046702,1536404864.0,paragliders,20252017
446793.67456119263,6876582.290349555,1536405248.0,paragliders,20252017
445811.31200411747,6876779.7707853345,1536404736.0,paragliders,20252028
445850.472181247,6876763.169483324,1536404736.0,paragliders,20252028
445849.4594387066,6876742.235197833,1536404736.0,paragliders,20252028
446698.6907017192,6876424.995596945,1536405248.0,paragliders,20252028
446665.4001204146,6876413.360326023,1536405248.0,paragliders,20252028
446928.15518560534,6876042.55558953,1536405248.0,paragliders,20252028
446146.2158435932,6876762.217949591,1536404992.0,paragliders,20252055
446929.08829368145,6875941.167750504,1536405248.0,paragliders,20252055
446630.04534354364,6875885.539208023,1536413696.0,paragliders,20252067
446761.19273239805,6876174.552808189,1536404096.0,paragliders,20252107
446792.1182958834,6876183.7310482655,1536404096.0,paragliders,20252107
446795.9973018092,6876182.91496803,1536404096.0,paragliders,20252107
446768.66925012774,6875483.606238475,1536409856.0,paragliders,20252114
446979.6240120451,6876005.061132514,1536405376.0,paragliders,20252124
446260.77908806136,6876608.490202617,1536407168.0,paragliders,20252140
447403.7592600211,6875397.458514505,1536407680.0,paragliders,20252140
446581.7106434769,6875677.731614942,1536403840.0,paragliders,20252141
447519.1252994339,6875260.426055208,1536498048.0,paragliders,20252211
446832.14354735205,6875987.528648412,1536497024.0,paragliders,20252371
445658.76958049374,6875753.375079638,1537016704.0,paragliders,20253032
445615.5388035075,6875794.941955965,1537016704.0,paragliders,20253032
445638.46218060603,6875848.8459167015,1537016704.0,paragliders,20253032
445733.12520648894,6875881.4372832235,1537016704.0,paragliders,20253032
445424.7462136873,6877087.555383984,1553950080.0,paragliders,20259045
446078.8282435621,6876142.10054343,1553952128.0,paragliders,20259046
445925.30267974647,6876103.156959888,1553951616.0,paragliders,20259064
445257.1659713505,6877065.780890126,1553954560.0,paragliders,20259076
446087.6909043442,6876816.480377378,1553953152.0,paragliders,20259126
445367.3659583657,6878559.249683641,1553956608.0,paragliders,20259131
445951.12535817875,6876675.9630290065,1553953280.0,paragliders,20259138
445910.8421610749,6876791.786730622,1553953792.0,paragliders,20259209
445977.94612846815,6876975.809008565,1553953408.0,paragliders,20259254
445832.35868275067,6876717.2127581155,1553954176.0,paragliders,20259257
445382.5080831893,6877273.152780201,1553949952.0,paragliders,20259262
446024.3601928295,6875769.163050108,1553951744.0,paragliders,20259278
446047.6370854967,6876828.5237010205,1553953792.0,paragliders,20259325
445391.0752782734,6875837.511754692,1553956736.0,paragliders,20259325
446019.4966276102,6876904.795714012,1553953280.0,paragliders,20259331
445956.04463451036,6876292.496206487,1553951744.0,paragliders,20259357
445923.0135863121,6876774.470250927,1553953280.0,paragliders,20259374
446028.7941927901,6876869.352706216,1553953408.0,paragliders,20259415
446109.0893040784,6876775.041169101,1553953152.0,paragliders,20259634
446138.04078480526,6876321.202073707,1553952000.0,paragliders,20259754
445754.872103284,6875846.136518104,1553953408.0,paragliders,20260003
445836.57519865467,6876718.4041352635,1553954048.0,paragliders,20260162
445634.8050947106,6875386.909390664,1554646144.0,paragliders,20260407
445381.54873267363,6876342.44929505,1554726016.0,paragliders,20260430
446519.7727283427,6875676.732579191,1554725248.0,paragliders,20260527
446459.0201595931,6875666.150602068,1554725120.0,paragliders,20260965
445565.2427899955,6875761.312768773,1555936896.0,paragliders,20262135
445394.36063972604,6876258.48050238,1555932672.0,paragliders,20262164
445969.21392235823,6875649.574691799,1555933568.0,paragliders,20262164
445373.46949170314,6875491.494811781,1555932672.0,paragliders,20262404
446481.22557181044,6876688.616875786,1557140224.0,paragliders,20263688
446486.31972128246,6876579.494847806,1557140224.0,paragliders,20263693
446562.0321752117,6875556.06037839,1558526976.0,paragliders,20264637
445878.87287396565,6878015.742301818,1558528000.0,paragliders,20264637
445077.5203371234,6876509.034046852,1559310080.0,paragliders,20265552
445300.5834647655,6876195.849892546,1559310208.0,paragliders,20265755
448042.78323035466,6875563.072536819,1559318272.0,paragliders,20265755
445969.26162570884,6875596.067031292,1560771879.980707,paragliders,20268328
445711.41841532907,6878382.110745729,1560772480.0,paragliders,20268328
448590.7794396007,6876201.843204084,1560780800.0,paragliders,20268455
447433.76884810004,6875095.816765263,1561024128.0,paragliders,20268589
445601.15031821217,6877399.051202759,1562332160.0,paragliders,20270038
446003.7510772429,6876550.199625768,1562329728.0,paragliders,20270100
445997.659117856,6876592.346360343,1562329728.0,paragliders,20270100
445540.2175688884,6877115.434828925,1562330368.0,paragliders,20270100
445493.58498675225,6877109.795453133,1562330368.0,paragliders,20270100
445647.3071666094,6877693.0372983925,1562332160.0,paragliders,20270100
446854.1347146439,6875041.405887396,1562842112.0,paragliders,20270677
446513.98536592285,6876466.690378516,1563707136.0,paragliders,20271908
446000.0032640347,6876079.990351319,1563706240.0,paragliders,20271912
446967.89538717846,6875766.441755702,1563717248.0,paragliders,20271913
446032.1483421509,6876036.661279778,1563706240.0,paragliders,20271923
447202.39886814205,6875241.96993141,1563706752.0,paragliders,20271923
448128.06654080126,6876471.8370557185,1563724032.0,paragliders,20271993
448112.6985221897,6876448.076680654,1563724032.0,paragliders,20271993
448099.7614580693,6876452.448624428,1563724032.0,paragliders,20271993
446082.2928954939,6876025.300398507,1563706240.0,paragliders,20272015
447408.2259129403,6875644.961833093,1563706496.0,paragliders,20272015
447251.41219421633,6875311.619330456,1563706880.0,paragliders,20272015
445990.08262254205,6876156.059266947,1563705728.0,paragliders,20272016
449784.54057907005,6875153.140429997,1563706752.0,paragliders,20272016
446323.9976410684,6876232.675768303,1563707136.0,paragliders,20272029
449162.18914008996,6876647.555801805,1563707776.0,paragliders,20272029
445736.9800695639,6876596.808910267,1563794048.0,paragliders,20272373
445738.763464576,6876624.886644408,1563794048.0,paragliders,20272373
446623.9447918745,6875298.646892927,1563716864.0,paragliders,20273742
448759.2411636763,6875521.471262635,1565199744.0,paragliders,20273946
446769.34414732957,6876056.461142246,1566396928.0,paragliders,20274887
446750.6041198768,6876061.832745533,1566396928.0,paragliders,20274887
446679.33707258047,6876093.723353995,1566396928.0,paragliders,20274887
446765.6668672239,6875967.916182341,1566396928.0,paragliders,20274894
446028.0647129554,6876662.591984561,1566393216.0,paragliders,20274901
446335.123044651,6875449.681490478,1566479872.0,paragliders,20274942
446054.68969632935,6875499.365120937,1566485888.0,paragliders,20274942
446335.84233474964,6876017.237134032,1566476928.0,paragliders,20274944
446563.28774868057,6876288.5528598735,1566477696.0,paragliders,20274944
446285.1355145614,6875443.957004518,1566479744.0,paragliders,20274944
445557.9685675726,6875737.9997804165,1566478848.0,paragliders,20274955
445523.01619228,6876668.009680382,1566653312.0,paragliders,20275150
445539.3805897152,6876644.246733864,1566653312.0,paragliders,20275150
445417.46279700793,6876734.155407888,1566653312.0,paragliders,20275150
445521.4137062422,6876943.106991281,1566738560.0,paragliders,20275372
445782.34852010076,6875455.185338018,1567085568.0,paragliders,20276182
446307.4959472817,6875347.468511996,1567086976.0,paragliders,20276182
446316.37254491745,6875137.389450464,1567086336.0,paragliders,20276227
446602.304079051,6875061.5104392115,1567088640.0,paragliders,20276233
446021.6678750983,6875462.476697421,1567087872.0,paragliders,20276234
446691.8698752517,6875808.23488678,1567170176.0,paragliders,20276257
446585.463908908,6875597.265627666,1567170304.0,paragliders,20276257
446374.7638386213,6876751.582163083,1567172480.0,paragliders,20276257
446105.6913016788,6876100.551167884,1567171328.0,paragliders,20276276
445801.0431546345,6875213.814730517,1567177984.0,paragliders,20276277
447477.43581906526,6875409.4256115435,1567509760.0,paragliders,20276526
447458.76548684743,6875389.893711384,1567509760.0,paragliders,20276569
447107.43856969016,6875285.114767994,1563720064.0,paragliders,20277861
447363.2858634131,6875996.7335299,1536579968.0,paragliders,20277863
446547.1722802563,6875332.643394802,1589718784.0,paragliders,20280675
446591.22991522314,6875344.890893197,1589719168.0,paragliders,20280675
446101.65230042784,6875565.06302735,1589719808.0,paragliders,20280675
446969.636236843,6875161.939384203,1589722624.0,paragliders,20280675
445936.0546324418,6875444.80808138,1589715200.0,paragliders,20280678
445043.6150926119,6878585.630620818,1589718656.0,paragliders,20280678
445533.8893097444,6877052.8586448915,1589718912.0,paragliders,20280678
445921.54598611617,6876097.049377413,1589810816.0,paragliders,20280805
445713.24918424845,6875266.900325649,1589981824.0,paragliders,20280884
445454.9211101545,6875291.249524684,1590331063.9723065,paragliders,20281625
446135.96713088773,6876015.929326465,1592822656.0,paragliders,20284226
445044.83635306277,6876765.917946058,1592823040.0,paragliders,20284226
446182.1847516108,6876041.822662455,1592822656.0,paragliders,20284250
446167.9540793786,6876184.188991255,1592833152.0,paragliders,20284257
446793.8373932537,6875550.47759587,1592834816.0,paragliders,20284257
445453.48163133307,6875863.2224189555,1592830080.0,paragliders,20284259
447260.960122291,6875313.733489076,1592837888.0,paragliders,20284259
446460.00013162376,6875425.333345736,1592839808.0,paragliders,20284259
445435.3697967339,6875863.361853059,1592830208.0,paragliders,20284292
446446.9900760822,6875906.116301849,1593090688.0,paragliders,20284806
445931.578645689,6875501.108301209,1592659584.0,paragliders,20285026
446721.2613455812,6875447.869125832,1593780480.0,paragliders,20285467
446741.18321937637,6875494.43126789,1593780608.0,paragliders,20285481
446947.779294935,6875131.959239255,1594036224.0,paragliders,20285880
446546.8141761699,6875173.489593058,1594121344.0,paragliders,20285913
446519.7032098314,6875548.048023392,1594128896.0,paragliders,20285941
447052.3277622067,6875327.213431607,1594120448.0,paragliders,20285966
447096.10892426013,6875340.493706714,1594120448.0,paragliders,20285968
446545.09672015626,6875205.362857447,1594121344.0,paragliders,20285970
446995.6430975198,6875309.2922274005,1594122368.0,paragliders,20285996
448509.81873363286,6875088.540705231,1594995456.0,paragliders,20287235
445912.50138311443,6875485.949073221,1595078400.0,paragliders,20287290
447551.6194338629,6876114.400609988,1595163264.0,paragliders,20287405
446305.4972453344,6875906.443206109,1595162752.0,paragliders,20287495
447835.51685758494,6875984.4710692335,1595503872.0,paragliders,20288222
447016.25486705615,6876149.151939004,1596023168.0,paragliders,20288943
445983.20778625924,6876845.616449297,1596021888.0,paragliders,20289037
446742.95647977304,6877923.968263059,1596038528.0,paragliders,20289037
446930.28956376313,6876118.69326762,1596543744.0,paragliders,20289775
445925.99164312496,6876240.270670271,1596709120.0,paragliders,20289937
445391.1573216002,6876421.874054749,1596709376.0,paragliders,20289937
448164.3744335956,6875618.807110108,1596730368.0,paragliders,20289944
446895.58503312233,6875772.481602082,1596719104.0,paragliders,20289961
446083.6382094717,6876209.257334759,1596714496.0,paragliders,20289992
445920.9001134652,6875654.527673057,1596715136.0,paragliders,20289992
446148.1769846237,6875620.4711962,1596717683.041332,paragliders,20289992
445325.91695738386,6876932.7198360795,1596720640.0,paragliders,20289992
445376.37872938043,6876637.596778962,1596726144.0,paragliders,20289992
446756.22296261834,6875679.9450967675,1596730112.0,paragliders,20289992
445994.6860269855,6876117.848386377,1599052544.0,paragliders,20292573
446702.8162518149,6875707.829194121,1599052800.0,paragliders,20292592
445062.9556601877,6875044.005466236,1599657344.0,paragliders,20293224
447357.4032955975,6875072.003066968,1599828096.0,paragliders,20293331
447109.3272763685,6875184.142145948,1599827968.0,paragliders,20293367
446836.1628172073,6875255.034252933,1599828480.0,paragliders,20293372
447531.42245531955,6875118.293927601,1616591744.0,paragliders,20297775
447742.11825877405,6875196.8539186055,1616591744.0,paragliders,20297775
447773.03280957043,6875214.434396962,1616591744.0,paragliders,20297775
445261.1238746123,6879271.414754811,1616680576.0,paragliders,20297845
445780.9963156273,6875632.620929346,1616676608.0,paragliders,20297898
446437.0442549456,6876160.0072077885,1620396032.0,paragliders,20300280
448448.11043123045,6875063.833120957,1621345920.0,paragliders,20300579
448456.46446950134,6875066.458085619,1621345920.0,paragliders,20300579
448544.6667149617,6875061.986793686,1621345920.0,paragliders,20300579
449263.1752948941,6875124.909105966,1621345920.0,paragliders,20300581
445581.0846528455,6875866.7763568135,1622119552.0,paragliders,20301207
445738.93222595414,6875964.020216853,1622119168.0,paragliders,20301210
445345.96165607846,6876237.860175444,1622118656.0,paragliders,20301236
446016.9244597182,6875161.515232258,1622127616.0,paragliders,20301236
445715.80617695523,6875223.632640129,1622123384.5860329,paragliders,20301242
445373.8737990598,6875766.639982026,1622118272.0,paragliders,20301276
445801.08887926483,6875309.778369808,1622123392.0,paragliders,20301280
445464.8872962708,6876465.985480767,1622116864.0,paragliders,20301283
445846.51610624726,6875322.962078088,1622126720.0,paragliders,20301294
445675.9603803308,6875922.635584619,1622118656.0,paragliders,20301313
445525.10486066435,6876020.146527758,1622119168.0,paragliders,20301326
445696.2611689891,6875871.754403546,1622118784.0,paragliders,20301568
446246.0363677166,6875419.149421328,1622896256.0,paragliders,20302496
445659.6643994436,6875456.738708125,1623670144.0,paragliders,20303565
445646.58058963297,6877318.916117168,1625143040.0,paragliders,20304483
446882.0811884147,6875667.235116134,1625148416.0,paragliders,20304719
446772.4403718811,6876126.005419143,1628874112.0,paragliders,20307334
446333.7052998509,6875816.929524673,1628876032.0,paragliders,20307334
445221.1686133096,6875716.611128153,1630843904.0,paragliders,20309149
445411.24260155787,6876201.437581873,1630928512.0,paragliders,20309339
447022.48428895575,6875702.4061637055,1631371776.0,paragliders,20309823
446643.1630809286,6875995.039915773,1649937664.0,paragliders,20317652
446119.50461678987,6876153.149989491,1652096000.0,paragliders,20320354
448054.95226277394,6877269.226174262,1652098304.0,paragliders,20320369
446257.1361240339,6875663.074849042,1652098816.0,paragliders,20320370
446338.96230160136,6876454.632940248,1652096128.0,paragliders,20320377
446111.11109433393,6876100.040545569,1652096000.0,paragliders,20320388
448636.90305881074,6877007.8963554865,1652098432.0,paragliders,20320392
446390.9721976853,6875785.419966635,1652098944.0,paragliders,20320406
446171.35097944626,6876571.210943977,1652103424.0,paragliders,20320406
446638.2930291992,6876345.614524217,1652107264.0,paragliders,20320407
446286.9181966081,6875693.634518499,1652098944.0,paragliders,20320417
446912.1727503877,6876139.933360416,1652097920.0,paragliders,20320437
448271.31946948625,6875235.1208674805,1652365952.0,paragliders,20320898
447831.5439949336,6875005.092765158,1652368896.0,paragliders,20320901
447830.7082251082,6875015.678966914,1652368896.0,paragliders,20320901
447816.7317653138,6875031.831996942,1652368896.0,paragliders,20320901
446737.4412687791,6876184.676647597,1652380928.0,paragliders,20320904
447970.60701119184,6875348.43228854,1652365952.0,paragliders,20320920
448060.18656977045,6875254.9699822245,1652365824.0,paragliders,20320940
447680.3885927241,6875223.023889346,1652449664.0,paragliders,20320983
447032.39653663256,6875369.008749462,1652452992.0,paragliders,20321004
447841.47057451046,6875514.090103938,1652453120.0,paragliders,20321006
447055.70361883886,6875334.323417068,1652452992.0,paragliders,20321017
447823.38892095484,6875278.210948778,1652449664.0,paragliders,20321024
448405.377313241,6875165.759618349,1652365824.0,paragliders,20321033
446386.0026520518,6875853.882684211,1652098944.0,paragliders,20321136
445223.4679240502,6876056.61402528,1652533376.0,paragliders,20321352
446695.14940156805,6875416.921150558,1653146368.0,paragliders,20322214
447264.78607233503,6875421.067397358,1652970383.7033432,paragliders,20322246
445717.0416003274,6876091.30466685,1652971776.0,paragliders,20322246
446210.5925486752,6875704.668701903,1654518528.0,paragliders,20323389
446219.29575942113,6875720.787868857,1654518528.0,paragliders,20323405
447255.2553819608,6875705.251509269,1654516992.0,paragliders,20323429
445747.8836782244,6875259.835754264,1654518144.0,paragliders,20323434
446515.9634920681,6875710.804590755,1654519680.0,paragliders,20323434
448257.44181898615,6875181.530194464,1654520064.0,paragliders,20323434
446273.99695876153,6875233.439575777,1654942592.0,paragliders,20323690
446301.4703131168,6875287.311977855,1654942592.0,paragliders,20323692
446192.3683552809,6875046.788305057,1654942592.0,paragliders,20323700
448019.7971196489,6876069.810207217,1654942848.0,paragliders,20323700
446708.28490684845,6875546.853368637,1654942720.0,paragliders,20323737
447866.09905919957,6875540.262825089,1654950912.0,paragliders,20323808
446043.299529484,6875032.065924865,1654942592.0,paragliders,20323864
446019.59178522095,6875017.264605183,1654942464.0,paragliders,20323886
446118.33488843055,6875462.14154233,1655477248.0,paragliders,20324423
446118.8757040133,6876041.070821434,1655475712.0,paragliders,20324433
446227.48016833386,6876431.429864359,1655478400.0,paragliders,20324433
446222.169304317,6876475.659152576,1655478400.0,paragliders,20324433
446105.32793144486,6876127.863494537,1655478400.0,paragliders,20324433
446260.3227783953,6875821.391263795,1655481600.0,paragliders,20324433
446193.4247073864,6876049.863903793,1655476736.0,paragliders,20324436
446110.62823149824,6875872.373955556,1655476992.0,paragliders,20324436
445785.16934286244,6875433.827841886,1655477248.0,paragliders,20324436
446198.7724676782,6875861.989294351,1655481728.0,paragliders,20324436
446982.2822514259,6875358.469814502,1655470848.0,paragliders,20324445
446725.2685836242,6875517.422544699,1655472512.0,paragliders,20324445
446901.1808535154,6876174.6282797735,1655474560.0,paragliders,20324445
446110.5833337708,6875745.865452028,1655475840.0,paragliders,20324445
446214.2722014507,6875056.751468985,1655477120.0,paragliders,20324459
446711.5070266672,6875535.204846836,1655473024.0,paragliders,20324460
446219.8406925562,6875983.831686649,1655475968.0,paragliders,20324562
445868.18297322246,6875997.616952114,1655987840.0,paragliders,20324735
446394.0684172305,6876556.519201218,1655988096.0,paragliders,20324736
445679.3172054245,6875484.334173993,1656260352.0,paragliders,20324802
446538.61504706,6875208.763279914,1656678400.0,paragliders,20325195
445510.01261762,6875471.165733268,1656776704.0,paragliders,20325247
445479.04867648415,6875454.9646247495,1656776704.0,paragliders,20325247
445653.22230959655,6875435.002563549,1656776704.0,paragliders,20325247
445900.095913862,6875759.435222218,1656776704.0,paragliders,20325253
445994.7028934785,6875736.047298125,1656776704.0,paragliders,20325253
446053.5148282352,6875805.726044084,1656776704.0,paragliders,20325253
449108.41364641313,6876647.362150378,1656667776.0,paragliders,20325260
448169.6299330677,6875012.358711869,1656783232.0,paragliders,20325271
445667.5558158605,6876106.595405613,1657627904.0,paragliders,20326231
445470.7265910677,6875960.183941295,1657628928.0,paragliders,20326263
445865.32749570307,6875888.144914584,1657632384.0,paragliders,20326266
445414.0803021552,6875982.52791904,1657628800.0,paragliders,20326291
446516.14219935733,6875443.101931049,1657640320.0,paragliders,20326291
445644.49784282816,6876119.174534004,1657628032.0,paragliders,20326310
445130.9318622277,6876444.706993677,1657628928.0,paragliders,20326352
446933.9930489358,6875559.422962289,1657710464.0,paragliders,20326382
445583.75917148613,6875697.609934811,1657629312.0,paragliders,20326429
448158.778292294,6875886.339690585,1658588288.0,paragliders,20327923
447940.33520458784,6875240.978473837,1659179520.0,paragliders,20328652
447915.9950622007,6875266.579427386,1659179520.0,paragliders,20328652
447927.91089206666,6875240.983896538,1659179520.0,paragliders,20328652
447261.0577170078,6875611.019838041,1659178368.0,paragliders,20328714
447332.06085135933,6875665.919871831,1659178496.0,paragliders,20328714
447329.2406805282,6875655.646733611,1659178496.0,paragliders,20328714
447251.8090670858,6875609.603180217,1659178496.0,paragliders,20328714
446887.87019362475,6875496.16848071,1659178880.0,paragliders,20328715
447346.8482059481,6875858.16383336,1659354368.0,paragliders,20328990
448623.9158059335,6875741.676955892,1659354586.0864964,paragliders,20328990
446822.495814266,6875776.947846147,1659448576.0,paragliders,20329216
447552.7690535129,6876019.214736004,1659446656.0,paragliders,20329251
447155.04640816036,6875852.697951273,1659448704.0,paragliders,20329259
447569.5989764961,6875984.331916617,1659446656.0,paragliders,20329267
446155.1481305115,6876140.151357156,1659443456.0,paragliders,20329295
447302.2264658001,6875139.610016524,1660999680.0,paragliders,20331242
445502.95323087176,6876524.274680039,1661341952.0,paragliders,20331508
446428.0584252833,6875981.583617271,1661345408.0,paragliders,20331528
445736.5995704348,6876817.377703227,1661344768.0,paragliders,20331544
445661.39171655383,6876400.990844942,1661352704.0,paragliders,20331546
446365.244900478,6875975.178488178,1661345408.0,paragliders,20331553
447546.05816631677,6875149.353356246,1660999680.0,paragliders,20332363
448031.65144783375,6876048.672799148,1665065344.0,paragliders,20334096
446451.66304320504,6876716.49546363,1665054592.0,paragliders,20334104
446878.2579877645,6875660.308695028,1665058432.0,paragliders,20334110
445730.0106557379,6876255.420463616,1665064448.0,paragliders,20334115
446457.2021209123,6875416.590427519,1654952960.0,paragliders,20335006
445461.32487233775,6876983.771402632,1678887296.0,paragliders,20337235
445744.19161571213,6875404.65427905,1678890240.0,paragliders,20337235
445265.1633344533,6877011.819598047,1678887808.0,paragliders,20337259
445965.66267279355,6875898.225247099,1678890496.0,paragliders,20337259
446963.41270189936,6875893.494427502,1680697216.0,paragliders,20337922
447021.00005345163,6875066.696577819,1680697728.0,paragliders,20337922
446362.3787114692,6875040.004906258,1680704768.0,paragliders,20337922
446370.68077912205,6875417.111793523,1686921216.0,paragliders,20343954
446498.2006129715,6875920.400859461,1686925568.0,paragliders,20343998
447017.1983814906,6876559.915956728,1686929280.0,paragliders,20343998
446432.7952045684,6875365.511696833,1686921344.0,paragliders,20344009
445707.4810217031,6875079.097280625,1686927104.0,paragliders,20344015
446353.6949952045,6875881.342755703,1686925568.0,paragliders,20344030
445684.50333052786,6876124.02983811,1686925696.0,paragliders,20344030
447227.7326015876,6876778.017964322,1687015040.0,paragliders,20344157
446331.7349754847,6875287.823563763,1687354368.0,paragliders,20344769
446443.59464677965,6876025.54023363,1687356160.0,paragliders,20344769
446678.03658850613,6875609.707925699,1687346048.0,paragliders,20344775
446351.6214034048,6876873.693941951,1687345024.0,paragliders,20344778
446654.3470645184,6875636.777666491,1687345920.0,paragliders,20344778
445959.00156900997,6875947.769971795,1687348096.0,paragliders,20344780
445938.46698262595,6875942.509591593,1687348096.0,paragliders,20344781
448277.7271658745,6877343.433701977,1687348864.0,paragliders,20344781
445991.6261021973,6875505.465112887,1687352448.0,paragliders,20344787
445956.2450002644,6875953.88641292,1687348096.0,paragliders,20344802
446622.1912785197,6875627.4594378965,1687345920.0,paragliders,20344812
447946.7697556424,6875057.489116093,1687522816.0,paragliders,20344843
446025.27315075754,6876198.637549164,1687518464.0,paragliders,20344851
449407.0479963228,6876917.982812223,1687519232.0,paragliders,20344851
446211.00561282254,6875687.990041983,1687520896.0,paragliders,20344852
447102.71918209136,6875098.302051019,1687522432.0,paragliders,20344867
446187.94681006554,6876335.669361625,1687694464.0,paragliders,20345010
447550.09841921576,6875110.687333968,1687784192.0,paragliders,20345335
447571.635673128,6875104.342550104,1687784192.0,paragliders,20345335
447585.8140597614,6875096.158525144,1687784192.0,paragliders,20345335
446386.6820245011,6876020.083621844,1687521280.0,paragliders,20345536
447650.2826045289,6875112.674458066,1688296576.0,paragliders,20345694
446006.3054810422,6876427.410898153,1688646144.0,paragliders,20345930
445574.1984982732,6877036.121240714,1688647552.0,paragliders,20345940
445927.4033391258,6876077.408898771,1688646016.0,paragliders,20345949
445993.6039737313,6876404.384574384,1688646144.0,paragliders,20345953
445913.1088108838,6876049.464455806,1688646144.0,paragliders,20345960
445621.4349785214,6876489.0515586175,1688646912.0,paragliders,20345978
446021.79228675616,6876448.3479883615,1688646144.0,paragliders,20345983
445534.4126995119,6876404.034891776,1688646272.0,paragliders,20345993
445847.1040658549,6875954.582878539,1688646016.0,paragliders,20346012
445348.39040520246,6876307.37176484,1688646016.0,paragliders,20346023
445974.3622385645,6876311.435139862,1688646272.0,paragliders,20346120
445817.7721478308,6875708.936803361,1688646656.0,paragliders,20346120
445539.486927811,6876070.688751987,1689687296.0,paragliders,20346820
446273.6225092719,6875517.64262168,1689684864.0,paragliders,20346821
446738.42847930174,6875949.65498635,1689685120.0,paragliders,20346825
446582.6524435639,6875590.199162677,1691496192.0,paragliders,20348262
446860.79376063624,6875572.600038779,1691497088.0,paragliders,20348262
447020.80179386056,6875819.219919532,1691499904.0,paragliders,20348262
446243.98868700897,6876045.412583807,1691677952.0,paragliders,20348487
445865.7845437851,6876249.646589668,1691683456.0,paragliders,20348487
446246.3676203847,6876080.494894048,1691685120.0,paragliders,20348487
445694.281155009,6876939.5635276055,1691674240.0,paragliders,20348489
446493.4888513652,6876002.464691491,1691675520.0,paragliders,20348489
447440.1143285733,6876220.314590884,1691677952.0,paragliders,20348489
447164.3980371967,6876026.0902451845,1691934848.0,paragliders,20348927
446373.7663682931,6876169.526398086,1691936256.0,paragliders,20348927
446182.6228268494,6875163.996084778,1691937024.0,paragliders,20348927
445554.7652908413,6875391.182763012,1691937664.0,paragliders,20348927
447261.3417174407,6875270.605998581,1692454016.0,paragliders,20349631
446865.55874226236,6875678.10897939,1692451328.0,paragliders,20349651
449970.9276158664,6876060.336850286,1692451712.0,paragliders,20349651
446861.2549243879,6875593.287604923,1692451200.0,paragliders,20349670
445317.84857254394,6875876.573359766,1692539008.0,paragliders,20349732
446936.761459031,6875629.359000735,1692540416.0,paragliders,20349749
445436.06634857197,6875144.470423102,1692539776.0,paragliders,20349761
445305.73665577295,6875877.363222401,1692539136.0,paragliders,20349801
445303.2172527183,6875919.783274837,1692539136.0,paragliders,20349806
445753.6050990096,6875455.1716353195,1692626304.0,paragliders,20350091
448190.03496308153,6875559.982517146,1692958976.0,paragliders,20350637
445916.7824360941,6876267.440071178,1695474688.0,paragliders,20352758
445885.6127920932,6875037.2299042875,1695473792.0,paragliders,20352761
446351.87915906403,6875547.129390682,1695474048.0,paragliders,20352768
445983.185558415,6876094.732972302,1695474688.0,paragliders,20352768
446790.527512001,6876192.467499733,1695644416.0,paragliders,20352855
445794.7551573285,6877505.822041071,1695645440.0,paragliders,20352946
446856.79044512793,6876630.633032987,1695650688.0,paragliders,20353217
445200.05370515405,6875399.88352545,1695652352.0,paragliders,20353217
446805.2147766243,6875753.681580818,1696422528.0,paragliders,20353571
446839.630805568,6875674.1575846,1696422400.0,paragliders,20353577
446955.27780953824,6875807.154237061,1696424960.0,paragliders,20353585
446123.70638535736,6876150.187963562,1709730048.0,paragliders,20355817
446516.7209955542,6875096.863075337,1709733376.0,paragliders,20355817
445203.69750204403,6876680.769220438,1709735296.0,paragliders,20355819
445427.1953875364,6875366.385566243,1709739264.0,paragliders,20355819
445774.05718515575,6876100.750997928,1709740416.0,paragliders,20355819
446284.4967434734,6875808.846360939,1709729792.0,paragliders,20355820
446191.0401043679,6875128.430204073,1709733632.0,paragliders,20355820
446130.96217684844,6876194.713750672,1709730048.0,paragliders,20355823
445822.6906574638,6876012.502759759,1709730944.0,paragliders,20355828
446228.886868959,6875041.201819768,1709733504.0,paragliders,20355828
445314.39862780564,6876840.769598168,1711803392.0,paragliders,20356647
445236.31045348675,6877154.625771193,1711803520.0,paragliders,20356648
445190.1128533915,6877281.61678804,1711803520.0,paragliders,20356652
445194.5178583071,6877233.664438185,1711803520.0,paragliders,20356655
445467.9447555089,6876844.892865405,1711803392.0,paragliders,20356656
445187.33669051557,6877473.138381082,1711803520.0,paragliders,20356660
445573.25285223604,6876532.1837087795,1711803136.0,paragliders,20356663
445244.7850453775,6877153.996541371,1711803392.0,paragliders,20356664
445395.6175243823,6876817.211345158,1711803392.0,paragliders,20356667
445965.3767743581,6876918.260394713,1711801728.0,paragliders,20356668
445351.07529768575,6877049.058938527,1711803520.0,paragliders,20356669
446037.4428486185,6876912.983985294,1711801728.0,paragliders,20356674
445078.07256225776,6877482.381437935,1711803520.0,paragliders,20356678
446115.58613698825,6876957.730434843,1711803136.0,paragliders,20356685
445940.1002746856,6876342.719058505,1712926848.0,paragliders,20356952
445909.83820376155,6876280.753662116,1712926720.0,paragliders,20356969
446851.9859596872,6876506.526354576,1712928000.0,paragliders,20356973
445682.61852268036,6877238.778779417,1712928768.0,paragliders,20356973
445631.295672488,6877261.949091513,1712928768.0,paragliders,20356973
445705.78908844595,6877265.1891394155,1712928896.0,paragliders,20356973
445654.3112326136,6877337.0608147485,1712928896.0,paragliders,20356973
445675.9959211971,6877356.006504787,1712928896.0,paragliders,20356973
445697.30049299315,6876983.016198401,1712929024.0,paragliders,20356973
445726.1127275557,6877201.996686298,1712929024.0,paragliders,20356973
445725.17440309486,6875534.640077322,1712929536.0,paragliders,20356973
446167.6083239502,6875415.82745307,1712931328.0,paragliders,20356973
446765.1535513498,6876010.683910754,1712931840.0,paragliders,20356973
447823.47836515005,6875391.58366643,1712934656.0,paragliders,20356982
447824.41925161117,6875390.107267353,1712934656.0,paragliders,20356982
447929.6409099507,6875385.8161641285,1712934656.0,paragliders,20356982
446277.15948535636,6875051.132817598,1712931328.0,paragliders,20356993
445846.80456556455,6875349.155243184,1712929408.0,paragliders,20357007
445820.7526280009,6875322.42675135,1712929408.0,paragliders,20357007
445815.8584184511,6875323.326804054,1712929408.0,paragliders,20357007
446286.5865377952,6875059.792371713,1712931328.0,paragliders,20357705
445890.53762962826,6876318.384005488,1712926720.0,paragliders,20358000
445899.9132499413,6876269.464688404,1712926720.0,paragliders,20358000
445917.35671682423,6876300.4734275695,1712926720.0,paragliders,20358000
447100.82653147524,6875574.361183767,1714038272.0,paragliders,20358044
446763.90560914594,6875255.882693782,1714038016.0,paragliders,20358050
446669.82325019327,6875256.818771884,1714038016.0,paragliders,20358068
447450.8160678666,6876081.9699797835,1714048640.0,paragliders,20358096
448122.79349873157,6876362.0290686255,1714048896.0,paragliders,20358110
446592.5193164092,6876122.063604002,1714047488.0,paragliders,20358120
447470.0582146192,6875959.245455974,1714048512.0,paragliders,20358137
446665.75119375135,6876223.106863305,1714047616.0,paragliders,20358166
446683.7076460077,6877197.21176038,1715955072.0,paragliders,20360207
447070.74500466144,6875787.334103225,1715955456.0,paragliders,20360207
446470.38571741513,6876199.921991599,1715958400.0,paragliders,20360207
445420.9841078413,6877658.095574484,1716642816.0,paragliders,20360817
445151.8638125155,6877123.08792742,1716642688.0,paragliders,20360872
446768.40633108054,6875528.636409158,1718975744.0,paragliders,20362571
446268.6967340093,6875608.706856664,1719149312.0,paragliders,20362600
447004.85868037207,6875086.860720697,1719157504.0,paragliders,20362607
447022.8153933926,6875406.198828515,1719142528.0,paragliders,20362611
446730.53465715883,6875642.3177944245,1719149056.0,paragliders,20362612
446759.8858430876,6875615.876120768,1719149056.0,paragliders,20362612
446785.8923933301,6875611.182379112,1719149056.0,paragliders,20362612
446217.6365928711,6875489.462592602,1719149312.0,paragliders,20362618
445921.27954738314,6875261.453389824,1719152512.0,paragliders,20362624
446684.3138386298,6875603.950927484,1719148928.0,paragliders,20362651
446182.4628559016,6875708.967529052,1719404672.0,paragliders,20362804
446371.6012386034,6875482.6506483,1719405440.0,paragliders,20362812
446284.02965612715,6875587.666135606,1719404672.0,paragliders,20362819
448240.291150251,6875209.656376667,1719577216.0,paragliders,20362967
446440.2929698044,6875306.151440769,1719576832.0,paragliders,20362993
448154.3876688562,6875176.767074971,1719577216.0,paragliders,20362993
446395.1315630976,6875336.693659773,1719574016.0,paragliders,20362995
446540.4210795181,6875045.967663771,1719584896.0,paragliders,20362999
447911.5820063595,6875143.908155503,1718978432.0,paragliders,20363000
446361.5625981946,6875432.506862342,1719574016.0,paragliders,20363003
446362.3315793949,6875371.253154748,1719574016.0,paragliders,20363012
447449.47259080457,6875203.22702809,1719584384.0,paragliders,20363014
446283.0677864826,6875225.337749802,1719576832.0,paragliders,20363015
446129.58402805077,6875695.361777539,1719577856.0,paragliders,20363016
446653.41304837883,6876896.7887365855,1720955904.0,paragliders,20363896
445676.54699580383,6876677.699066365,1720962688.0,paragliders,20363897
446623.00207630906,6877693.284577483,1720965504.0,paragliders,20363897
445650.2754422158,6876729.180323955,1720962688.0,paragliders,20363900
445446.5448314127,6876519.895525636,1720962560.0,paragliders,20363906
446653.90879168134,6877667.327074273,1720965504.0,paragliders,20363906
445857.9802922478,6875463.221995605,1720967296.0,paragliders,20363906
446640.7595695278,6876849.743936221,1720955904.0,paragliders,20363918
446423.6819448968,6876981.454975972,1720965504.0,paragliders,20363934
447453.48698988615,6876105.711903325,1720967808.0,paragliders,20363959
448819.3311343979,6875717.017518064,1720968448.0,paragliders,20363959
445512.61176805774,6876083.577507276,1721219328.0,paragliders,20364078
445186.2347566732,6877957.316714071,1721222016.0,paragliders,20364088
446154.20281354943,6876135.871089991,1721218048.0,paragliders,20364090
446045.53118541563,6876199.5267142495,1721218048.0,paragliders,20364093
446110.23685934977,6876180.629323054,1721218048.0,paragliders,20364121
446703.54655646393,6876887.756019358,1720955776.0,paragliders,20364140
445534.36974579096,6875767.82911234,1721308160.0,paragliders,20364170
448713.74129488686,6877227.360689143,1721388800.0,paragliders,20364284
447121.9312269429,6876451.004148667,1721388160.0,paragliders,20364286
447053.64101879235,6876580.202684993,1721388160.0,paragliders,20364286
447102.82028032735,6876609.309188061,1721388160.0,paragliders,20364286
449111.08548904705,6877087.687293215,1721388672.0,paragliders,20364286
448874.63611164637,6877388.069211253,1721388672.0,paragliders,20364308
447059.56149645796,6876475.25777664,1721388160.0,paragliders,20364516
447139.98008443095,6876669.227972169,1721388288.0,paragliders,20364516
447189.31311190233,6876683.128193191,1721388288.0,paragliders,20364516
449298.02006446035,6877681.103940237,1721388928.0,paragliders,20364516
446780.02356023534,6875814.339539093,1722782208.0,paragliders,20365647
445160.58941712347,6876518.852499774,1722785664.0,paragliders,20365647
446565.8738878926,6876173.215368453,1723732096.0,paragliders,20366990
446485.6315276094,6876182.232675114,1723732096.0,paragliders,20366991
446906.5554041591,6875987.659455898,1722866176.0,paragliders,20367001
446791.2007373103,6875138.998958179,1722866944.0,paragliders,20367001
446442.8075550068,6876199.284253371,1723732096.0,paragliders,20367008
445503.7443631826,6876198.368902663,1724069760.0,paragliders,20367206
446801.65625547024,6879498.912384527,1724070784.0,paragliders,20367206
446771.7160268581,6879504.019975869,1724070784.0,paragliders,20367206
446759.01367532974,6879508.76792573,1724070784.0,paragliders,20367206
447103.8184158401,6876327.724803142,1724074112.0,paragliders,20367216
445513.6234037635,6875093.421480732,1724075264.0,paragliders,20367225
447045.1157448338,6875270.523842053,1724237696.0,paragliders,20367291
447368.6361769327,6875350.829095803,1724237952.0,paragliders,20367324
447124.73853937455,6876350.78743073,1724074240.0,paragliders,20367397
446668.8488691267,6875020.082837335,1724584192.0,paragliders,20367596
445229.911812739,6875469.094777063,1723724544.0,paragliders,20367642
445515.7593523273,6876277.612785998,1723725824.0,paragliders,20367642
445550.4659152782,6876224.562294582,1723725824.0,paragliders,20367642
445989.00613456796,6875386.928653362,1723726592.0,paragliders,20367642
447186.0239415451,6875417.61830963,1723728640.0,paragliders,20367642
447822.54374910495,6876078.65282128,1724672256.0,paragliders,20367683
446212.96515517676,6876403.757913928,1724852224.0,paragliders,20368370
446275.45781049115,6876396.921493942,1724852352.0,paragliders,20368370
446270.5340256135,6876438.560309041,1724852352.0,paragliders,20368370
445775.9268217143,6876716.66997227,1724853376.0,paragliders,20368370
445230.9474809667,6876380.918512936,1726313984.0,paragliders,20368486
446265.32796195266,6875696.020161504,1726319616.0,paragliders,20368490
445910.3240288553,6875685.974620108,1726317440.0,paragliders,20368507
445802.95684974384,6875956.360959725,1726315904.0,paragliders,20368528
445955.5589938444,6875499.688434486,1726403584.0,paragliders,20368561
445018.02702503686,6876553.238898019,1726407680.0,paragliders,20368561
447327.4759112114,6875464.5346942935,1744554112.0,paragliders,20374319
447314.41764085327,6875466.0553112235,1744554112.0,paragliders,20374319
447504.29306662746,6875463.309809971,1744554112.0,paragliders,20374319
445130.36266218463,6877458.428721711,1744888320.0,paragliders,20374514
445155.2863065154,6877012.329783644,1744894976.0,paragliders,20374515
445214.58573017217,6877613.275553965,1744888448.0,paragliders,20374516
445726.7269406189,6876404.024276912,1744891648.0,paragliders,20374516
445698.2692602639,6876588.8688937435,1744892800.0,paragliders,20374517
445287.059812621,6876251.527597529,1744893056.0,paragliders,20374517
445275.12004024483,6876599.067840938,1744894976.0,paragliders,20374520
445925.1096776598,6876301.1796855265,1744887296.0,paragliders,20374523
446630.22639265016,6875948.8206667835,1744887808.0,paragliders,20374523
446549.56306966185,6875812.989347563,1744887808.0,paragliders,20374524
445161.3046164553,6875921.695117567,1744894720.0,paragliders,20374527
445310.77030816046,6876736.572766847,1744894976.0,paragliders,20374528
445382.2426183429,6876285.094267572,1744888064.0,paragliders,20374529
445240.675557989,6876316.901718345,1744893184.0,paragliders,20374531
447925.87955685926,6876293.092380114,1745324672.0,paragliders,20374713
447233.1492345395,6875531.179119365,1745322496.0,paragliders,20374714
446879.08756338333,6875915.0815248545,1745319424.0,paragliders,20374718
447098.98180552083,6876038.429017314,1745319424.0,paragliders,20374753
446993.35818820354,6875619.171824025,1745328384.0,paragliders,20374762
446774.54619155184,6875489.190606318,1745327488.0,paragliders,20374771
446962.3254988075,6875454.948860508,1745322368.0,paragliders,20374777
446301.1601819523,6875530.790399491,1745328256.0,paragliders,20374813
446712.329401981,6875535.711213838,1748609536.0,paragliders,20378487
446822.15327935014,6875860.736779709,1748617728.0,paragliders,20378487
447696.1835837392,6875173.743400438,1748612992.0,paragliders,20378503
446630.20481045556,6878553.004474919,1748614784.0,paragliders,20378503
448436.5454464613,6878290.389688218,1748616704.0,paragliders,20378503
446894.2555119685,6875955.11389957,1748617856.0,paragliders,20378503
445771.3503192387,6875403.379358559,1748612096.0,paragliders,20378578
446819.92468267813,6875825.470639414,1748617728.0,paragliders,20378609
446296.75480367325,6875374.478890106,1748866176.0,paragliders,20379063
446816.1457800417,6875076.453023367,1749377536.0,paragliders,20379309
446948.3042279514,6875164.414892448,1749377536.0,paragliders,20379312
447649.09380702954,6875351.555675434,1749375104.0,paragliders,20379354
446860.4832192253,6875437.719637736,1749375232.0,paragliders,20379360
447313.94910227315,6875315.949270666,1749375104.0,paragliders,20379366
447619.5126422275,6875022.5304971775,1749377792.0,paragliders,20379367
447704.7196345911,6875278.379060098,1749375232.0,paragliders,20379375
446816.27105302503,6875180.236614263,1749377536.0,paragliders,20379390
446705.2768606532,6875121.3391499445,1749377536.0,paragliders,20379392
447741.06937353004,6875352.1365963435,1749375488.0,paragliders,20379404
447148.1629335101,6875121.798959454,1749468288.0,paragliders,20379417
448412.62611027574,6875437.415998509,1749469696.0,paragliders,20379417
447810.13858333445,6875056.550529384,1749478144.0,paragliders,20379420
447283.6117139767,6875121.0661924295,1749468288.0,paragliders,20379422
447925.62002926134,6875199.341197692,1749469440.0,paragliders,20379422
446502.8904736024,6875144.601380166,1749471872.0,paragliders,20379485
447179.7599003408,6875092.989714788,1749468288.0,paragliders,20379492
446970.7842104046,6875159.666025783,1749377536.0,paragliders,20379505
446960.8303716548,6875099.032363067,1749377664.0,paragliders,20379690
446535.9356640146,6876271.420767323,1749909248.0,paragliders,20379726
445025.61382087367,6876534.766496049,1750074240.0,paragliders,20379855
445919.0753092513,6876725.906303464,1750076672.0,paragliders,20379855
447412.6960964955,6875803.909185067,1750590080.0,paragliders,20380518
447636.43464921694,6875095.421336309,1750595456.0,paragliders,20380643
447570.7901695469,6875740.125957639,1750590080.0,paragliders,20380699
446633.8705544688,6875581.589765051,1750765568.0,paragliders,20380898
447278.9559479355,6876355.236505126,1750765568.0,paragliders,20380918
447295.9346285204,6876412.94949064,1750765568.0,paragliders,20380918
447369.9926162413,6876422.519821672,1750765568.0,paragliders,20380918
447492.98545131483,6876541.539156923,1750765568.0,paragliders,20380918
447621.5848640282,6876573.73274316,1750765568.0,paragliders,20380918
447633.62458539224,6876541.860680437,1750765568.0,paragliders,20380918
447470.7788018907,6875936.149086931,1750765824.0,paragliders,20380918
447537.5687251191,6876220.801047613,1750765824.0,paragliders,20380942
447345.3432974043,6876675.211639918,1750767488.0,paragliders,20380942
447325.62987533887,6876013.21113964,1750765312.0,paragliders,20380968
447195.3060132046,6876501.921609845,1750767488.0,paragliders,20380968
447325.44291564595,6876057.151632418,1750765312.0,paragliders,20380986
447228.30469142797,6876216.321076918,1750765440.0,paragliders,20380986
447671.6103558662,6875326.9880014295,1749375104.0,paragliders,20381309
445976.7546482109,6875903.169365418,1751288320.0,paragliders,20381499
446035.6075211208,6875867.802913379,1751288320.0,paragliders,20381539
446113.0345393853,6876374.933260783,1751288448.0,paragliders,20381561
445982.84669184004,6875825.012270465,1751288320.0,paragliders,20381567
446013.14248641545,6876137.922984687,1751375104.0,paragliders,20381973
446038.2059983334,6875207.556369704,1752063744.0,paragliders,20382173
446032.278526217,6875180.360780711,1752063744.0,paragliders,20382180
446002.65466535435,6875684.36074063,1752410624.0,paragliders,20382686
445288.00689119566,6875783.347395163,1752410880.0,paragliders,20382786
447238.3210021025,6875306.523423976,1752756224.0,paragliders,20382982
445658.5233234753,6876049.670950902,1754484224.0,paragliders,20384044
445588.2246984943,6875378.035287236,1754489856.0,paragliders,20384044
445376.9149424992,6875184.436369531,1754489728.0,paragliders,20384045
445566.70731431415,6876007.020392029,1754482688.0,paragliders,20384055
445555.81547562167,6875715.853410151,1754483968.0,paragliders,20384062
445637.7023620238,6875806.27945008,1754482688.0,paragliders,20384063
445987.433153497,6876112.438254071,1754484096.0,paragliders,20384063
445711.36540817923,6876716.421573828,1754486912.0,paragliders,20384063
446171.8283364822,6876610.808081302,1754487680.0,paragliders,20384063
446895.4766763303,6875260.788296839,1754561664.0,paragliders,20384072
446922.7152316862,6875332.325602353,1754561536.0,paragliders,20384075
446971.9797290792,6875278.901938034,1754561536.0,paragliders,20384075
447033.01268227724,6875293.732213947,1754561536.0,paragliders,20384075
446376.306880466,6875921.910484951,1754561408.0,paragliders,20384141
446989.35695975844,6877728.074851562,1756128896.0,paragliders,20385988
446955.5366249017,6877360.280717485,1757075712.0,paragliders,20386270
446780.5049217627,6875846.47901552,1757077376.0,paragliders,20386270
446780.1460342267,6875847.41578575,1757077376.0,paragliders,20386270
447215.2848681423,6875849.48053251,1757077504.0,paragliders,20386270
445488.70360733074,6875877.278983736,1757076224.0,paragliders,20386273
446915.3401171124,6875529.330175667,1757077760.0,paragliders,20386274
446013.69401875837,6876487.304830431,1757076352.0,paragliders,20386275
446072.0725358653,6875193.109636797,1757077120.0,paragliders,20386276
445510.10011984786,6875056.153997716,1757078272.0,paragliders,20386276
446558.9862620877,6876882.765882491,1757075456.0,paragliders,20386282
447658.9572770322,6875814.087936023,1757077504.0,paragliders,20386282
447455.9668349433,6875845.190070968,1757077760.0,paragliders,20386282
446413.0192574928,6875560.73856238,1757078272.0,paragliders,20386289
446653.5099527773,6875606.539875026,1757077632.0,paragliders,20386290
447472.3051307641,6875824.342287121,1757077888.0,paragliders,20386291
446740.3603186543,6875796.077573058,1757077376.0,paragliders,20386297
446713.4311154939,6875843.736611506,1757077376.0,paragliders,20386297
446735.09642658883,6875874.702270249,1757077376.0,paragliders,20386297
446736.1961242002,6875875.826467935,1757077376.0,paragliders,20386297
446808.82427847694,6875874.7413899675,1757077376.0,paragliders,20386297
447219.54111218,6875061.324047667,1757078272.0,paragliders,20386297
447228.80775257415,6875081.829348929,1757078272.0,paragliders,20386297
447222.35056337685,6875098.408899141,1757078272.0,paragliders,20386297
445483.4255387296,6875138.364388843,1757078272.0,paragliders,20386298
446854.2826025287,6875754.575241263,1757078272.0,paragliders,20386302
447276.5417023062,6875506.610862762,1757079296.0,paragliders,20386376
447231.9550720308,6875271.661143828,1757329536.0,paragliders,20386390
448680.7628141231,6875871.575984355,1757331456.0,paragliders,20386393
447685.1496859896,6875158.535803012,1757327360.0,paragliders,20386404
446455.77597832726,6875105.1171752885,1757330688.0,paragliders,20386409
448996.7131037918,6876035.7703728285,1757328896.0,paragliders,20386415
446651.88560818316,6875510.154472978,1757330816.0,paragliders,20386423
447134.2875351934,6875761.893645111,1757330560.0,paragliders,20386425
446498.3129210448,6875026.108331174,1757331712.0,paragliders,20386427
447579.0342556305,6875603.920787739,1757330816.0,paragliders,20386455
446484.4223911925,6876842.831428415,1757416958.7128155,paragliders,20386475
445264.31817578233,6876050.575971724,1757417600.0,paragliders,20386475
446862.233354946,6876138.071215105,1757416320.0,paragliders,20386478
445747.956067118,6876604.520436713,1757417728.0,paragliders,20386478
446146.3274659758,6875377.682333048,1757330688.0,paragliders,20386515
449223.17169282614,6875677.843695944,1774788096.0,paragliders,20390907
446975.99122214026,6875321.2159133265,1778585344.0,paragliders,20395046
447073.19478524954,6875468.792509528,1778585472.0,paragliders,20395065
446787.8153822445,6875529.561702506,1778585216.0,paragliders,20395076
446937.7631651218,6875079.027686081,1778589312.0,paragliders,20395090
447133.4787978373,6875097.159760594,1778589440.0,paragliders,20395376
445032.7133223824,6876142.978287916,1779365888.0,paragliders,20395509
445053.0062211694,6876382.084665774,1779366016.0,paragliders,20395523
445508.853379,6876732.577895352,1779367680.0,paragliders,20395554
446111.6527526981,6876632.989544948,1780312832.0,paragliders,20397494
445689.19447700854,6875316.470784873,1780316672.0,paragliders,20397620
445757.307878273,6875580.367088266,1780320512.0,paragliders,20397693
448401.1571230662,6876341.9844723465,1781623040.0,paragliders,20398226
448966.41294212785,6875013.7420638595,1781700096.0,paragliders,20398276
446900.2786569601,6875633.8725036895,1781705728.0,paragliders,20398296
446485.9250377855,6875464.152137445,1781706880.0,paragliders,20398317
446663.9944214432,6876212.828799184,1781705600.0,paragliders,20398324
446469.74894045934,6875941.5998460315,1781707008.0,paragliders,20398329
445378.013956878,6876671.908609126,1781709312.0,paragliders,20398329
446887.8225089558,6876560.491682342,1781698432.0,paragliders,20398341
446883.5148228171,6876549.127109722,1781698560.0,paragliders,20398341
446854.3145748803,6876622.4393980075,1781698560.0,paragliders,20398341
446862.0406991672,6876656.289979834,1781698560.0,paragliders,20398341
446881.2577435387,6876687.041092952,1781698560.0,paragliders,20398341
445892.4281912938,6876299.369335111,1781700864.0,paragliders,20398341
447665.37569050735,6876725.564955597,1781697920.0,paragliders,20398410
445782.2580997337,6875818.667142001,1781692928.0,paragliders,20398475
445278.6001948559,6876452.436575096,1781708800.0,paragliders,20398572
451314.83532497514,6876036.8912393255,1179571328.0,paragliders,20061665
454238.07078572264,6877733.383083716,1220268288.0,paragliders,20080004
451194.4095776236,6875974.667177361,1308917504.0,paragliders,20106684
454484.23754289595,6876569.859017663,1336057472.0,paragliders,20113761
453893.5231067323,6875981.127391417,1344336512.0,paragliders,20119540
453738.25488268986,6875927.16188756,1344336512.0,paragliders,20119543
452050.09942084795,6875259.217169271,1344771968.0,paragliders,20119930
451519.9938354147,6876730.84062197,1347799680.0,paragliders,20121951
451112.9404201747,6877295.184954139,1349358848.0,paragliders,20122374
451489.7361024593,6875074.254550007,1372947968.0,paragliders,20130913
450254.1778719846,6879901.631958594,1375611520.0,paragliders,20133296
450363.2041562991,6879973.817424055,1375611008.0,paragliders,20133298
450377.06845949363,6879926.994736151,1375611008.0,paragliders,20133298
450519.6607580917,6879949.645301785,1375611008.0,paragliders,20133298
450219.3291687977,6879779.937414773,1397047936.0,paragliders,20141298
453506.6720182364,6876402.227781073,1397048960.0,paragliders,20141298
453507.7238257871,6876401.562183704,1397048960.0,paragliders,20141298
453544.0578451595,6876422.561567664,1397048960.0,paragliders,20141298
451596.01607277273,6875461.053680944,1398860544.0,paragliders,20143470
454714.8185695994,6878664.0109511865,1407240832.0,paragliders,20151756
454535.1467055271,6877777.297105774,1405351680.0,paragliders,20152863
450693.55098578817,6879923.131704197,1430999552.0,paragliders,20163536
451946.46389038826,6878704.833780598,1431005312.0,paragliders,20163559
453358.18646206113,6875182.076531173,1432986880.0,paragliders,20166192
452966.1213319254,6875459.122801644,1432992512.0,paragliders,20166256
453637.95190764667,6876026.257938696,1434193536.0,paragliders,20168018
453622.42563229107,6876038.038635607,1434193536.0,paragliders,20168018
453619.33086189773,6876076.810371318,1434193536.0,paragliders,20168018
454922.50386253407,6877250.59602775,1434193920.0,paragliders,20168018
453109.05288817233,6879155.706667959,1434195200.0,paragliders,20168027
450578.2417544525,6877888.01652754,1434194688.0,paragliders,20168037
450525.82737609604,6875376.134767986,1434192768.0,paragliders,20168043
454885.5504502339,6877270.908359481,1434193792.0,paragliders,20168043
453802.86986619816,6876484.307740742,1434193664.0,paragliders,20168050
450524.66518724477,6875441.039359402,1434192896.0,paragliders,20168061
452934.64600500057,6876435.413699201,1434193536.0,paragliders,20168148
453932.9407846546,6875637.035755715,1436963200.0,paragliders,20171875
454773.79128154926,6875978.614332373,1461848832.0,paragliders,20184634
453244.78378054517,6875025.176463974,1466336256.0,paragliders,20189969
453300.12453473994,6875103.318317723,1466336256.0,paragliders,20189969
453280.7804151994,6875086.8270532945,1466336256.0,paragliders,20189969
452886.3510612969,6875921.362357241,1467898752.0,paragliders,20192328
450236.7892558399,6878921.068082971,1468078592.0,paragliders,20192700
450579.06637011166,6879201.674080654,1468078720.0,paragliders,20192700
451128.28373888717,6879332.18072373,1468078848.0,paragliders,20192700
451970.5689212942,6875090.9267834835,1468580480.0,paragliders,20193275
450030.420510746,6877105.150580589,1491221504.0,paragliders,20208523
452717.3216490605,6877919.054555633,1491222016.0,paragliders,20208591
450230.5747074098,6877075.247807109,1491221632.0,paragliders,20208613
450088.1324612351,6875372.873160842,1491750656.0,paragliders,20209887
453239.87902684987,6877560.559549577,1496579584.0,paragliders,20217432
453896.09987730294,6876423.551787946,1503235712.0,paragliders,20224208
454419.390814789,6879042.882986253,1522581504.0,paragliders,20231444
454413.39031433867,6879023.19602574,1522581504.0,paragliders,20231444
454391.7500083015,6879077.966495476,1522581504.0,paragliders,20231444
450792.7844403697,6875036.912055899,1522580864.0,paragliders,20231463
451640.14023066644,6876458.17560059,1522580992.0,paragliders,20231473
454466.38339711196,6878079.639688892,1533729664.0,paragliders,20248854
453921.95969507983,6875218.575424784,1534945408.0,paragliders,20250360
450511.6042224837,6876203.138407584,1536405248.0,paragliders,20252107
451590.385513995,6875394.622483247,1536405888.0,paragliders,20252107
450339.42618674715,6875626.3115649745,1557147776.0,paragliders,20263688
451729.22783073946,6877605.858367875,1560781440.0,paragliders,20268455
451123.212007115,6876598.268519192,1563708160.0,paragliders,20272029
450167.62701672036,6877051.013430937,1567089664.0,paragliders,20276234
453813.8135339729,6879264.558918654,1536580992.0,paragliders,20277863
451110.46878142864,6876910.91847918,1584102016.0,paragliders,20280375
453300.7780648816,6876253.6393490145,1595163648.0,paragliders,20287406
450430.68895062606,6877519.133084106,1596719744.0,paragliders,20289961
450036.5497960736,6875217.24483287,1616592128.0,paragliders,20297775
454606.1816378352,6875594.024129288,1616681600.0,paragliders,20297892
453993.9177127951,6876265.222645229,1652446848.0,paragliders,20321007
454182.44723396277,6877474.246400674,1654943872.0,paragliders,20323700
454117.31595579465,6877461.664234954,1654943872.0,paragliders,20323737
452821.4920265206,6876428.819456054,1654951808.0,paragliders,20323841
450491.96835945477,6876174.3885598825,1655472000.0,paragliders,20324416
450485.1769142455,6876174.232233029,1655472000.0,paragliders,20324416
450088.91628923605,6879966.626513414,1659446144.0,paragliders,20329295
450065.58555438794,6879719.8304494,1659446144.0,paragliders,20329295
450483.2547936535,6878160.6131508015,1659446528.0,paragliders,20329295
453197.3714636982,6876618.653873482,1687520000.0,paragliders,20344851
453205.94462522044,6876612.055663447,1687520000.0,paragliders,20344851
453257.18469466694,6876599.811618069,1687520000.0,paragliders,20344851
453428.66547623643,6876894.46330937,1687520256.0,paragliders,20344851
454529.18189611356,6878327.131459653,1687522944.0,paragliders,20345536
451076.70371891063,6875900.515706057,1692451968.0,paragliders,20349651
452011.57980128063,6875472.798522228,1720968448.0,paragliders,20363906
454547.58406731236,6879547.696296456,1721390080.0,paragliders,20364308
450026.1900465865,6875304.332772454,1744555008.0,paragliders,20374319
452671.7961977937,6876751.030655735,1749910144.0,paragliders,20379726
451440.28553357953,6875234.719493614,1750597376.0,paragliders,20380696
450722.972843191,6876345.145895481,1757332224.0,paragliders,20386396
450126.00752216816,6876493.298474878,1757329536.0,paragliders,20386415
450078.7490147542,6875276.3844441855,1757329920.0,paragliders,20386415
452308.9027715227,6879332.335796605,1757423232.0,paragliders,20386475
451452.5073698996,6875589.339202199,1781698688.0,paragliders,20398410
458713.7834598468,6878718.735024844,1150642816.0,paragliders,20051615
455518.9342955913,6875938.9932856625,1305724416.0,paragliders,20105261
457147.05365282955,6877632.28043605,1408890752.0,paragliders,20152742
457122.7780384915,6877571.338800435,1408890752.0,paragliders,20152840
457057.9099312562,6875971.580696438,1432989184.0,paragliders,20166142
458544.4079439937,6875798.425462988,1432987776.0,paragliders,20166192
455316.29283427104,6877488.031391663,1434194048.0,paragliders,20168006
458772.5941045494,6876882.20953716,1434194816.0,paragliders,20168018
458817.1280381147,6877309.472975572,1434194944.0,paragliders,20168018
455398.2885477443,6877524.995525112,1434194048.0,paragliders,20168026
456838.1016393437,6876214.425121484,1434195328.0,paragliders,20168034
456804.71103855124,6876219.362398865,1434195328.0,paragliders,20168034
455740.3687815393,6875943.548922536,1434195712.0,paragliders,20168037
455680.0114849572,6877730.263078604,1434194304.0,paragliders,20168042
457932.8006607999,6876865.142219703,1434194560.0,paragliders,20168043
455524.1298573339,6877489.832643462,1434194048.0,paragliders,20168050
458125.28552148887,6876837.4546859395,1434194688.0,paragliders,20168050
456444.4600127993,6877910.051413486,1434194432.0,paragliders,20168061
458566.935748391,6877232.138683941,1434194944.0,paragliders,20168061
455690.97716260556,6877777.408128615,1434194304.0,paragliders,20168063
459292.3009763975,6877678.542985882,1434195072.0,paragliders,20168063
459114.3045035094,6875679.012929155,1469363840.0,paragliders,20194538
458380.9049714322,6876052.3791428665,1472824960.0,paragliders,20200524
455482.5762132755,6878136.574569375,1491222912.0,paragliders,20208523
458605.4951989861,6877361.997064613,1491223936.0,paragliders,20208523
458834.88667673484,6877764.848678039,1491224064.0,paragliders,20208613
456537.2080815651,6875481.298105424,1496575744.0,paragliders,20217492
456536.2920723333,6875869.644030076,1503236224.0,paragliders,20224208
456600.8068913911,6875889.096138719,1503236224.0,paragliders,20224208
456572.92705735844,6875904.838352989,1503236224.0,paragliders,20224208
456654.00814384327,6875799.221524944,1503236257.3332043,paragliders,20224208
457113.5096788144,6878414.398805793,1503231744.0,paragliders,20224293
455203.8559064255,6876029.290625376,1522581504.0,paragliders,20231463
455230.1939353757,6876078.244753686,1522581504.0,paragliders,20231463
455299.14902139845,6876093.928448578,1522581504.0,paragliders,20231463
456559.0460343849,6878284.520214204,1523881344.0,paragliders,20232358
456920.37654991716,6875286.493264285,1524489600.0,paragliders,20236631
457253.9953479306,6875076.012703804,1536407168.0,paragliders,20252028
459482.51548271236,6877303.272038403,1536416384.0,paragliders,20252067
455085.65400516614,6875164.980869089,1536406912.0,paragliders,20252124
459357.39363221097,6875359.793176282,1566917888.0,paragliders,20276048
457970.6432220082,6875839.731576944,1595505152.0,paragliders,20288222
456590.5239582317,6875821.0638528,1596545024.0,paragliders,20289775
457202.26384833816,6879311.1662452975,1596721152.0,paragliders,20289961
458099.2242384818,6878235.005414273,1652098432.0,paragliders,20320388
456061.7630930649,6875805.042421789,1654944128.0,paragliders,20323690
455892.3274441673,6875787.552892845,1654944128.0,paragliders,20323692
457611.4444672669,6875271.75209832,1654944640.0,paragliders,20323700
457498.6254638787,6875256.10603519,1654944640.0,paragliders,20323737
457218.31282937806,6876430.877533452,1654952448.0,paragliders,20323808
455893.0166268819,6875759.56908071,1654944128.0,paragliders,20323864
455822.975133384,6875720.242856931,1654944000.0,paragliders,20323886
455927.7166252332,6878738.51068271,1659180928.0,paragliders,20328652
455438.47504960455,6877801.543629476,1687520512.0,paragliders,20344851
458409.2736855015,6875027.787395018,1692455808.0,paragliders,20349631
456652.28137929447,6876006.914723908,1692453504.0,paragliders,20349651
458128.61955646717,6875595.293032961,1692454272.0,paragliders,20349651
458884.0543174222,6876152.4531620545,1692454912.0,paragliders,20349651
456864.5055683431,6876059.894820485,1714048768.0,paragliders,20358120
455675.1484804348,6877463.885405158,1720969600.0,paragliders,20363906
455731.33415144216,6876332.186178483,1721390336.0,paragliders,20364286
456641.9709621741,6875383.83719212,1744555776.0,paragliders,20374319
455841.2148137861,6875261.29575575,1745328640.0,paragliders,20374704
458685.628353121,6875276.144033094,1749911168.0,paragliders,20379726
457364.636687998,6878304.980252583,1750767744.0,paragliders,20380918
456124.3469573852,6875599.273914349,1757079168.0,paragliders,20386274
459649.9277695654,6875010.436074379,1757079680.0,paragliders,20386290
456079.2296615317,6875655.137018505,1757079168.0,paragliders,20386291
456950.1614872817,6875479.984050205,1757333120.0,paragliders,20386396
457271.09582126915,6875990.295856018,1757333376.0,paragliders,20386409
457272.0420764107,6875991.37115101,1757333376.0,paragliders,20386409
457272.543856566,6876050.152814299,1757333376.0,paragliders,20386409
457251.09030537866,6876055.257461785,1757333376.0,paragliders,20386409
457389.3054061463,6875815.300330654,1757333504.0,paragliders,20386409
459054.240507739,6876154.904760051,1781697664.0,paragliders,20398415
