x,y,utc,discipline,flight_id
481081.3934026217,6192737.072174989,1177332736.0,paragliders,20061182
482021.85211769934,6191549.405844122,1243598976.0,paragliders,20082140
482075.04264557647,6191634.477337137,1243598720.0,paragliders,20082141
484553.7828315352,6190070.887935882,1243606144.0,paragliders,20082152
484593.4310400498,6190124.62594147,1243606144.0,paragliders,20082152
484561.677275782,6190233.306265177,1243606144.0,paragliders,20082152
483447.5233979453,6190837.2171881795,1243512192.0,paragliders,20082310
484811.8497853815,6190872.768018904,1245766400.0,paragliders,20082653
481187.7366890649,6192209.233113847,1246194304.0,paragliders,20082685
484029.8258421085,6194817.08889398,1251375104.0,paragliders,20084078
481010.20559284725,6192264.906219598,1272371072.0,paragliders,20091992
484438.6648196199,6194014.11407613,1272457600.0,paragliders,20092100
480752.8428386932,6192159.507784547,1272282112.0,paragliders,20092132
482082.59693911637,6191572.893230215,1272282368.0,paragliders,20092132
484426.3398944717,6193413.850272088,1274698240.0,paragliders,20092517
484516.54245634226,6193613.398575182,1274698368.0,paragliders,20092607
484729.36313374544,6190761.232120457,1302269824.0,paragliders,20102209
483580.24767193594,6191048.431067052,1305114880.0,paragliders,20104864
484955.6672453785,6193390.944262879,1312112128.0,paragliders,20107673
484524.69819389493,6193746.690489364,1317474688.0,paragliders,20109577
481256.54023645533,6192318.853218637,1331817984.0,paragliders,20111508
484988.25945190265,6191035.758519858,1331819008.0,paragliders,20111508
484253.3882576822,6194387.794205238,1340542208.0,paragliders,20117145
480756.39987831406,6192117.09975866,1367668096.0,paragliders,20127584
481071.92200908606,6192336.781204845,1372335616.0,paragliders,20130378
480973.2002230692,6192438.600293134,1396790400.0,paragliders,20141049
484993.3797735416,6193283.419646809,1400325504.0,paragliders,20144854
484779.48351191654,6193464.871748777,1414762368.0,paragliders,20156072
481154.7221709249,6192256.346385611,1431352960.0,paragliders,20164300
481034.015722577,6192247.98333569,1434546688.0,paragliders,20168314
484829.14587529877,6190548.394110365,1434548736.0,paragliders,20168314
484943.84178697254,6190541.629330151,1434548864.0,paragliders,20168314
484841.69827340794,6190518.221105739,1434548864.0,paragliders,20168314
484854.0580953679,6190467.66446793,1434548864.0,paragliders,20168314
480990.44578879175,6191617.368775829,1434550400.0,paragliders,20168314
480915.1555621179,6192191.515410666,1434554368.0,paragliders,20168314
481105.7690983274,6192549.91711115,1434807552.0,paragliders,20168645
482345.0677939471,6192980.271532929,1446301824.0,paragliders,20179392
482294.2795064178,6192991.303391767,1446301952.0,paragliders,20179392
482386.1358488863,6192914.467467353,1446301952.0,paragliders,20179392
482404.2118559828,6192918.722321191,1446301952.0,paragliders,20179392
481392.813926287,6192866.527948191,1461584640.0,paragliders,20184600
482153.09162440186,6191735.410251772,1461584896.0,paragliders,20184600
481820.4972013351,6191842.880421044,1463400320.0,paragliders,20187491
482345.11999456416,6191728.473228921,1463400064.0,paragliders,20187555
484726.51074032014,6193410.283397866,1463751936.0,paragliders,20188167
483567.761280757,6190790.189103142,1466342339.713968,paragliders,20189960
484995.00262831186,6193602.835658743,1466339968.0,paragliders,20189970
481304.40415122104,6191819.985947241,1466342026.7578208,paragliders,20189970
484825.4024232413,6190853.604826156,1466342656.0,paragliders,20189970
484613.81225871906,6194591.836810557,1466423296.0,paragliders,20190002
483874.573357361,6194892.417074804,1466424960.0,paragliders,20190009
483911.4917758763,6194845.681543062,1466424960.0,paragliders,20190037
484849.71524237294,6191104.973043665,1466440064.0,paragliders,20191635
484915.6711951728,6191104.180617716,1466440064.0,paragliders,20191635
484754.2841702465,6190802.3085217485,1466517760.0,paragliders,20191637
483505.5875430673,6191017.914506411,1468767232.0,paragliders,20193468
481108.8306471894,6192304.208291558,1468590976.0,paragliders,20193568
483167.463291734,6191294.740131177,1468591488.0,paragliders,20193568
484629.50098317035,6194442.053506261,1466423552.0,paragliders,20194396
484670.0512055825,6194434.105284274,1466423552.0,paragliders,20194396
484640.19917933136,6194423.4397460325,1466423552.0,paragliders,20194396
481221.5840787021,6192618.322792928,1470663680.0,paragliders,20196080
480888.46705692034,6192234.008201104,1470836736.0,paragliders,20196247
480898.3125025021,6192235.949387024,1470836736.0,paragliders,20196247
480923.5621963353,6192209.535112845,1470836736.0,paragliders,20196247
484478.04601011093,6194154.432481385,1471085696.0,paragliders,20196547
481581.3424880074,6191790.515169447,1471089536.0,paragliders,20196550
480980.05894138565,6192234.238975527,1471091968.0,paragliders,20196785
484652.76793642377,6194750.427256364,1471177088.0,paragliders,20196997
484533.5117078213,6193974.666983847,1471257856.0,paragliders,20197279
484519.4644663404,6194950.049249316,1471955200.0,paragliders,20198502
484761.44249571604,6190637.725855539,1472216320.0,paragliders,20198912
484536.7742742113,6193553.583810489,1472645120.0,paragliders,20199718
481833.967408,6191503.066370754,1472821632.0,paragliders,20200052
484981.9464217472,6193341.237265863,1472819200.0,paragliders,20200092
484454.73897326534,6194289.938592955,1489669760.0,paragliders,20206390
484515.945811776,6194258.174359332,1489669888.0,paragliders,20206390
484361.19764305407,6194374.654281864,1489669888.0,paragliders,20206390
484414.1650961666,6194344.734418583,1489669760.0,paragliders,20206393
484051.1666223211,6194706.95125573,1489669248.0,paragliders,20206398
484420.5386242424,6194315.649696349,1489669888.0,paragliders,20206425
484516.0449325308,6194005.575337004,1489668864.0,paragliders,20206437
484313.2817860451,6194344.5226090485,1489670272.0,paragliders,20206520
484316.85077473853,6194093.917472939,1489754880.0,paragliders,20206577
484433.6273093392,6193843.192126931,1489756416.0,paragliders,20206589
484243.95587743394,6194211.704768628,1489754624.0,paragliders,20206626
484236.34512782434,6194157.01729963,1489754624.0,paragliders,20206652
483974.47299625,6194651.033287649,1489668352.0,paragliders,20206680
483975.8533377369,6194601.607196254,1489668352.0,paragliders,20206680
483985.3896681969,6194636.761564882,1489668352.0,paragliders,20206680
481141.4400157688,6192287.127620057,1489758080.0,paragliders,20206722
481021.2727430545,6192020.335509704,1489758080.0,paragliders,20206722
484926.3755488233,6193393.251632936,1489756288.0,paragliders,20206780
484706.1412367324,6194334.845723068,1489754752.0,paragliders,20206843
484455.0407301493,6193666.898573081,1490795136.0,paragliders,20208417
484878.660523418,6193441.069266381,1491653760.0,paragliders,20210349
484658.0314353302,6194807.821083112,1492952320.0,paragliders,20212153
484905.8802749377,6190884.386950611,1492950016.0,paragliders,20212167
481098.86910539086,6192628.269727009,1494249728.0,paragliders,20213515
481773.2865590741,6191142.665076641,1495708288.0,paragliders,20215645
480989.68352773663,6192163.156409555,1495720192.0,paragliders,20215682
480861.3477758893,6192203.05737026,1495718912.0,paragliders,20215761
480691.103774526,6192021.33927654,1495718912.0,paragliders,20215762
480675.2593048627,6192030.159202943,1495718912.0,paragliders,20215762
480664.584981919,6192049.810367867,1495718912.0,paragliders,20215762
481010.01262363576,6192216.199845077,1497183360.0,paragliders,20218130
481399.1869573982,6191784.570031177,1497183488.0,paragliders,20218130
484394.9818951678,6193984.335079653,1499169920.0,paragliders,20220362
484517.24162860867,6193722.984652737,1499170432.0,paragliders,20220426
484501.1379066017,6193775.447404489,1499170304.0,paragliders,20220429
481366.5971541264,6192244.642584687,1503407616.0,paragliders,20224432
484399.3480962944,6194462.514296248,1504612224.0,paragliders,20225922
480971.90999557805,6192162.981838481,1529496576.0,paragliders,20242391
484476.34031862253,6193485.676435896,1530357120.0,paragliders,20243416
480942.31891248486,6192344.566645635,1533308672.0,paragliders,20248191
484307.77780529985,6193810.557009794,1533298048.0,paragliders,20248292
484719.50693510746,6193309.660204089,1533386496.0,paragliders,20248311
481844.914921701,6191676.968499558,1533382400.0,paragliders,20248417
482116.20938269736,6191644.516695796,1533394304.0,paragliders,20248434
481352.73626117164,6191973.800624191,1533395840.0,paragliders,20248481
480871.3629781077,6192121.129718037,1533474432.0,paragliders,20248544
481147.85822020215,6192532.994173806,1533568000.0,paragliders,20248656
480879.92811005766,6191989.793622898,1533564032.0,paragliders,20248722
480982.8017156005,6191719.914327128,1533559040.0,paragliders,20248852
480945.05209575355,6191733.045065466,1533559168.0,paragliders,20248852
481026.49517137435,6191704.340579104,1533559168.0,paragliders,20248852
481054.547576217,6191721.794044031,1533559168.0,paragliders,20248852
480988.2805717108,6191751.280625607,1533559168.0,paragliders,20248852
481063.728308197,6191694.446001393,1533559168.0,paragliders,20248852
480913.5570436981,6191885.525887635,1533559296.0,paragliders,20248852
480913.8495302562,6191907.919230251,1533559296.0,paragliders,20248852
480950.58953714237,6191813.934324997,1533559296.0,paragliders,20248852
480950.2718741027,6191802.314915543,1533559424.0,paragliders,20248852
480912.8910538403,6191887.043607351,1533559424.0,paragliders,20248852
480925.5915999194,6191922.286845525,1533559424.0,paragliders,20248852
480877.6378349572,6191964.510814881,1533559552.0,paragliders,20248852
480923.05695002165,6191927.535474501,1533559808.0,paragliders,20248852
480955.2743685845,6191829.356984066,1533559808.0,paragliders,20248852
480999.27237680566,6191864.208576277,1533559936.0,paragliders,20248852
480924.95572609454,6191884.5976120895,1533559936.0,paragliders,20248852
481102.4987985991,6192089.571300614,1533560704.0,paragliders,20248852
483014.7715073175,6191555.34975163,1533311488.0,paragliders,20249296
483276.97228727455,6191203.337823033,1537452800.0,paragliders,20253627
483556.9068501179,6190510.8845224595,1537451648.0,paragliders,20253652
483596.7993055911,6190522.613427232,1537451648.0,paragliders,20253652
483581.23998269835,6190502.679229703,1537451648.0,paragliders,20253652
481801.6876988284,6191510.039117626,1538140928.0,paragliders,20254122
481853.87079270935,6191543.947706191,1538140928.0,paragliders,20254122
481827.45096371806,6191567.624237711,1538140928.0,paragliders,20254122
484674.44159921346,6193534.351648667,1553349376.0,paragliders,20257888
484646.01912544976,6193513.766611224,1553349376.0,paragliders,20257888
484658.18001992727,6193420.4299923675,1553349376.0,paragliders,20257888
484670.2900860135,6193406.328433744,1553349376.0,paragliders,20257888
484694.7006366979,6193370.953961307,1553349376.0,paragliders,20257888
480915.3358663482,6192374.3720792895,1556628736.0,paragliders,20262531
481071.7945230162,6192563.759229358,1556625536.0,paragliders,20262567
484816.7582048421,6190792.914060107,1559395328.0,paragliders,20265834
484617.98999571864,6194248.261597321,1559480960.0,paragliders,20266392
480665.64345716714,6191885.166968782,1559396480.0,paragliders,20266474
484700.8265605384,6190957.638775923,1559396992.0,paragliders,20266474
481093.37962057214,6192373.831398257,1559478272.0,paragliders,20267194
480908.1291258308,6192094.834497024,1559485056.0,paragliders,20267204
480984.43664802914,6192279.930782604,1560775168.0,paragliders,20268436
484285.4772413307,6194307.655596362,1561815552.0,paragliders,20269371
481139.7669092671,6192247.941962291,1566743040.0,paragliders,20275343
484935.0375815803,6193391.063053231,1566566400.0,paragliders,20275497
481309.3051682233,6191777.4280780675,1566655104.0,paragliders,20275887
481536.257499981,6191853.258935818,1589807104.0,paragliders,20280771
484892.36807872955,6190647.492203183,1589807744.0,paragliders,20280771
484972.30274353136,6193566.9302705005,1582461056.0,paragliders,20283760
484743.1000455406,6193589.353918334,1593001600.0,paragliders,20285750
481410.3320110993,6191839.710664368,1596540928.0,paragliders,20289786
483562.1641431361,6190861.12419162,1596541440.0,paragliders,20289786
484627.51582915406,6190625.097361654,1596806016.0,paragliders,20290090
481472.8002438777,6191720.973643738,1598360064.0,paragliders,20292123
482168.44267519616,6191590.511929497,1598363648.0,paragliders,20292123
481636.6448694129,6191509.451930443,1599916928.0,paragliders,20293487
484547.1039050386,6194743.844782251,1600256768.0,paragliders,20294141
484812.9672376278,6193544.7151768105,1603022848.0,paragliders,20295163
484828.05877624336,6193402.9579488,1622114816.0,paragliders,20301214
484575.89108296507,6194702.572085644,1623157120.0,paragliders,20302685
484594.0056474949,6193674.070170644,1623151947.788283,paragliders,20302700
482164.07360062486,6191511.199387662,1623065472.0,paragliders,20302701
483668.52094054886,6190933.168828875,1623156224.0,paragliders,20302878
484920.63211646763,6190694.149776662,1623156480.0,paragliders,20302878
481413.0426623326,6192227.88941531,1623070464.0,paragliders,20303051
481071.9459498443,6192228.414364198,1623595008.0,paragliders,20303208
483504.28464435076,6190666.624365776,1626538880.0,paragliders,20305322
480958.5160229831,6192326.503884474,1626607872.0,paragliders,20305399
480999.97619454097,6192209.705729845,1630842624.0,paragliders,20309108
481954.5020458406,6191528.030602285,1630843008.0,paragliders,20309108
483352.8995567428,6190140.570152452,1630851072.0,paragliders,20309185
483748.4690120262,6194646.778754042,1652185344.0,paragliders,20320634
481910.06894052454,6191541.69025017,1652189952.0,paragliders,20320644
483553.79667430563,6190651.993536642,1653826304.0,paragliders,20322841
480933.41273594036,6192255.29566982,1653829248.0,paragliders,20322932
483641.07486298116,6190992.399418286,1653829888.0,paragliders,20322932
483537.234491275,6190556.86734174,1657375616.0,paragliders,20325900
481825.84641487896,6191822.499004815,1657375616.0,paragliders,20325905
484789.46003334,6190728.355953486,1657376512.0,paragliders,20325905
483469.28811032523,6190489.50444659,1657461120.0,paragliders,20326027
481297.6650272549,6191963.883642837,1657627392.0,paragliders,20326250
483495.0949587951,6190598.593860836,1657632512.0,paragliders,20326264
484799.6418567296,6190765.347904449,1657632768.0,paragliders,20326264
483591.6431869188,6190738.246627605,1657811328.0,paragliders,20326649
484511.0201318859,6194889.85935891,1658069120.0,paragliders,20327210
480913.3857297284,6192153.124401687,1658061440.0,paragliders,20327239
480912.58043455885,6192137.921920927,1658061440.0,paragliders,20327239
480927.9206611183,6192125.897895349,1658061440.0,paragliders,20327239
481016.47433298314,6192193.745063511,1658064512.0,paragliders,20327243
481197.5489777561,6192357.631090243,1663855104.0,paragliders,20333611
483290.7736511976,6190237.331141317,1663856000.0,paragliders,20333611
484938.6056777333,6193535.872667452,1664713216.0,paragliders,20333857
484724.9439461836,6193394.717145558,1664973184.0,paragliders,20334047
483554.355779568,6190648.679486733,1664976512.0,paragliders,20334335
483428.33352708817,6190578.329873271,1664976512.0,paragliders,20334335
483306.25226216146,6190087.290920072,1664976512.0,paragliders,20334335
483362.12975984754,6190116.8958790535,1664976640.0,paragliders,20334335
483358.1193071564,6190090.336298688,1664976640.0,paragliders,20334335
483698.83648975217,6190803.792019338,1664976896.0,paragliders,20334335
484794.30971857975,6190612.485314903,1664977024.0,paragliders,20334335
484129.728969892,6194088.145355083,1676642560.0,paragliders,20336449
484137.2090489303,6194579.806003965,1676816128.0,paragliders,20336548
484358.50890556513,6193790.268030165,1680958976.0,paragliders,20338731
480992.16544715,6192139.661189592,1681739648.0,paragliders,20339399
484569.8162972776,6193537.155317898,1683116928.0,paragliders,20340146
481016.76618958445,6192440.486086639,1692449024.0,paragliders,20349523
481126.7970679414,6191696.22289869,1692449792.0,paragliders,20349523
481052.35594895424,6191699.830984354,1692449792.0,paragliders,20349523
481080.11810157023,6191704.827217709,1692449920.0,paragliders,20349523
483581.12434048526,6190727.250587079,1695738624.0,paragliders,20352924
484887.36471926223,6193103.687880756,1696087040.0,paragliders,20353359
484557.747181391,6194917.731211869,1696767872.0,paragliders,20353761
484558.2362024702,6194900.936815477,1696767872.0,paragliders,20353761
484546.099907752,6194877.095196775,1696767872.0,paragliders,20353761
484838.59773974295,6190501.082255096,1696254080.0,paragliders,20354046
484529.2748883429,6193509.872082186,1709733120.0,paragliders,20355910
483729.0743974109,6191067.613303326,1712932480.0,paragliders,20356954
483582.7005394138,6190834.860916715,1713100032.0,paragliders,20357251
484232.2621858447,6194222.650732608,1713011584.0,paragliders,20357264
484155.77922187356,6194358.2187386565,1713011456.0,paragliders,20357341
484718.69043629966,6193508.724825064,1713012480.0,paragliders,20357578
484890.548656009,6190689.971735241,1713699072.0,paragliders,20357888
481923.4079903176,6191421.183436388,1713097216.0,paragliders,20357923
480971.44463481236,6192087.286313111,1713617920.0,paragliders,20358543
480972.7280937918,6192117.731794867,1713617920.0,paragliders,20358543
484203.7853715996,6194384.827075149,1713011072.0,paragliders,20359460
480931.3734498092,6192168.277270721,1724326144.0,paragliders,20367387
480933.79187710315,6192148.509748522,1724326144.0,paragliders,20367387
480913.7305040481,6192094.023644056,1724326144.0,paragliders,20367387
484327.12359639467,6194390.079364394,1740575616.0,paragliders,20371595
480903.59124386474,6192108.119871365,1744119040.0,paragliders,20373689
480849.4861592259,6192142.338729954,1744123648.0,paragliders,20373727
480962.7187239275,6192182.141493372,1744120576.0,paragliders,20373732
484914.0261382365,6190606.412533783,1744121344.0,paragliders,20373732
484715.31264235737,6190579.764616809,1747832448.0,paragliders,20377989
484576.77043953224,6194033.738780265,1747825920.0,paragliders,20378131
480958.5920657729,6192029.852779693,1748608640.0,paragliders,20378461
480909.95600881544,6192356.742312619,1751198976.0,paragliders,20381355
482126.4231133834,6191556.351044709,1751203840.0,paragliders,20381355
483943.08594452374,6194053.869921543,1751284864.0,paragliders,20381495
484812.7112361773,6193580.53450058,1751284992.0,paragliders,20381495
484964.9122541725,6190813.45308663,1751285632.0,paragliders,20381625
483500.2282636084,6190722.031704537,1752769920.0,paragliders,20382998
481336.4252168514,6192272.610896522,1753881600.0,paragliders,20383522
484916.2635678166,6190737.524744899,1753882368.0,paragliders,20383522
480894.9676743657,6192313.817464365,1754322560.0,paragliders,20383946
482126.4126324965,6192202.7301939335,1754324480.0,paragliders,20383946
483537.5708755346,6191269.447740283,1754324992.0,paragliders,20383946
481155.274058602,6192550.785879012,1754913024.0,paragliders,20385095
481110.1019072902,6192247.69070423,1754837248.0,paragliders,20385105
482612.67362741876,6192024.9759858465,1754324608.0,paragliders,20385109
483501.37425890303,6191286.9314902015,1754324864.0,paragliders,20385109
482003.8379292982,6191488.669064711,1760706176.0,paragliders,20387620
484018.533835218,6194668.221277608,1760793344.0,paragliders,20387808
483998.55942936783,6194573.917353434,1760793216.0,paragliders,20387860
484634.4462465629,6194913.028115019,1773837568.0,paragliders,20390084
483329.49449053116,6190742.759244074,1774093184.0,paragliders,20390535
484998.7785475387,6193259.988014247,1776427648.0,paragliders,20392951
481213.27275745926,6192533.834447104,1779370624.0,paragliders,20395513
481226.76323420356,6192688.686595266,1779370624.0,paragliders,20395521
482171.25902346586,6191531.510931089,1779544064.0,paragliders,20395991
484320.7460723963,6194185.874954064,1779362304.0,paragliders,20396039
481470.708531425,6191980.089195577,1779986944.0,paragliders,20397032
481283.1377978157,6192594.785179843,1779801216.0,paragliders,20397122
481141.36264056567,6192703.869766845,1779441664.0,paragliders,20397435
481177.8837593795,6192355.998889292,1779365376.0,paragliders,20397558
480953.6381111571,6192159.625071141,1781363712.0,paragliders,20397989
481081.3056279627,6192007.338880135,1781353088.0,paragliders,20398099
486544.8046035864,6191101.002485765,1366723712.0,hang gliders,20126788
486726.0528483976,6190784.0718811685,1366726400.0,hang gliders,20126788
485945.3504703085,6193402.343340655,1366727936.0,hang gliders,20126788
485626.32284118485,6193578.811887166,1377946752.0,hang gliders,20136009
485874.3978927601,6193654.559542328,1397646080.0,hang gliders,20142444
485765.83373690664,6193621.392665599,1399203712.0,hang gliders,20145663
486126.0289562042,6194099.558285208,1431256320.0,hang gliders,20164104
486258.06743164564,6194124.307428702,1431257216.0,hang gliders,20164104
486161.0285449396,6191715.946223351,1443361664.0,hang gliders,20178971
485739.09876768827,6193293.497425729,1495278336.0,hang gliders,20215461
486054.5607395295,6193709.946709444,1507896704.0,hang gliders,20228335
485666.8920730206,6191010.74921257,1559403264.0,hang gliders,20266432
485650.0596172644,6192247.720235042,1559403904.0,hang gliders,20266432
486130.5968236993,6193903.129149122,1559471488.0,hang gliders,20266436
485936.45574144064,6193596.127319326,1559386112.0,hang gliders,20266932
485767.8731035675,6193601.880984619,1559386496.0,hang gliders,20267118
486114.8847797242,6193884.031193082,1559470720.0,hang gliders,20267148
485812.87043591443,6193668.131090304,1559384704.0,hang gliders,20267324
486257.244654228,6193894.793449028,1559297408.0,hang gliders,20267327
486213.02214729536,6193803.418074247,1559471616.0,hang gliders,20267464
486068.3256240625,6193732.910933747,1559471616.0,hang gliders,20267493
486058.3951323974,6193596.613419156,1565956864.0,hang gliders,20276627
486354.3779355932,6192616.928914871,1565965696.0,hang gliders,20276627
485782.6625501414,6193907.512438628,1596798208.0,hang gliders,20290253
486709.0601717876,6194460.231056083,1596803072.0,hang gliders,20290253
485946.7347013498,6193790.163959321,1596713472.0,hang gliders,20291310
486318.70884073037,6194061.003835617,1596797568.0,hang gliders,20291311
486225.28040824906,6194024.142719405,1596798080.0,hang gliders,20291311
485776.72547213896,6190995.849282314,1755960832.0,hang gliders,20385789
486579.0110640195,6192498.594657222,1756043008.0,hang gliders,20385981
485806.27661776775,6193548.410957424,1779444736.0,hang gliders,20398183
489228.08972581534,6190218.409935273,1779458170.7148297,hang gliders,20398183
489240.49725638423,6190246.2164778225,1779458176.0,hang gliders,20398183
489251.99293571874,6190250.964054782,1779458176.0,hang gliders,20398183
489284.38255640405,6190251.850913241,1779458176.0,hang gliders,20398183
489308.2534254391,6190245.762268984,1779458176.0,hang gliders,20398183
486543.0460497919,6193997.9601081675,1779964672.0,hang gliders,20398185
485330.44454196846,6193631.653487218,1779964928.0,hang gliders,20398185
485293.04375221446,6193639.247178907,1779964928.0,hang gliders,20398185
485276.5357756921,6193570.173215448,1779964928.0,hang gliders,20398185
485770.38170845545,6193536.9024341265,1779965184.0,hang gliders,20398185
485494.8202205547,6192805.253051672,1272109952.0,hang gliders,3117
486069.13608642115,6193807.329843442,1086430336.0,paragliders,20030923
486812.10313455435,6190568.111739922,1086432640.0,paragliders,20030923
485715.4441239045,6193533.492976132,1114771328.0,paragliders,20040534
485255.1670974383,6193405.745984586,1148555136.0,paragliders,20051224
486712.73529724684,6190566.556649442,1153472640.0,paragliders,20052004
486008.1956867318,6192146.5627568895,1176032000.0,paragliders,20060750
488820.54242715077,6191876.525404411,1176036662.5717032,paragliders,20060750
489900.53917002503,6193187.921640585,1176037888.0,paragliders,20060750
485914.1321806985,6193799.42237515,1176979840.0,paragliders,20060919
486001.827723871,6193608.745654378,1177064320.0,paragliders,20060921
486654.79761198774,6190115.529504264,1175948160.0,paragliders,20060922
486590.83328352345,6190913.142109773,1175949440.0,paragliders,20060922
486239.22430965165,6193793.399624005,1177323281.6411467,paragliders,20061103
486280.450540097,6193839.581812041,1177324288.0,paragliders,20061107
486314.2909876576,6194405.9220611565,1177410944.0,paragliders,20061179
486129.66756418475,6193872.861768691,1177411840.0,paragliders,20061179
486177.6951769881,6191543.225116037,1177418112.0,paragliders,20061181
486273.93155611894,6193807.668336675,1177323008.0,paragliders,20061182
486219.8298731996,6194159.320677828,1177410304.0,paragliders,20061183
486180.70155104966,6194126.761397059,1177410432.0,paragliders,20061263
485865.36505872663,6193561.176479562,1178883200.0,paragliders,20061500
486725.8502200295,6191132.801155695,1178884608.0,paragliders,20061500
486690.93779241253,6190087.776247531,1178885248.0,paragliders,20061500
485775.8148649363,6191262.7798887165,1178887808.0,paragliders,20061500
485876.7951975152,6193686.196494778,1185708928.0,paragliders,20062229
485728.2792596147,6193666.88335161,1203685120.0,paragliders,20070548
485866.03065555147,6193652.0048383055,1211367168.0,paragliders,20072177
486018.43796653254,6193815.371976329,1216119552.0,paragliders,20072645
486432.3504519914,6190264.990255641,1216122240.0,paragliders,20072645
485842.76020020404,6193831.812350776,1217157632.0,paragliders,20072827
485861.17178510706,6193849.808618901,1217157632.0,paragliders,20072827
485874.68270704424,6193831.417939841,1217157632.0,paragliders,20072827
485272.6380775765,6193789.872039986,1217763328.0,paragliders,20072885
485309.0088935996,6193796.581613401,1217763328.0,paragliders,20072885
485323.3046516974,6193798.30304835,1217763328.0,paragliders,20072885
485483.92379429407,6193717.431997461,1217674624.0,paragliders,20072919
485760.39939274994,6193694.843139588,1217762560.0,paragliders,20072941
485789.25293821766,6193764.338347966,1218366976.0,paragliders,20072964
486102.3961808611,6193669.790628852,1218368768.0,paragliders,20072964
486649.5929838089,6190266.92102002,1218370176.0,paragliders,20072964
486651.8267609763,6190249.513745195,1218370176.0,paragliders,20072964
486714.8613319979,6190233.449811767,1218370304.0,paragliders,20072964
486193.14625648275,6193688.410249268,1218366080.0,paragliders,20073066
485999.7037955093,6193702.847744962,1218367872.0,paragliders,20073066
485926.4050880757,6193774.993450499,1221910272.0,paragliders,20080130
485774.405139236,6193767.433467931,1221995264.0,paragliders,20080131
485729.18778036104,6193681.881983837,1222598528.0,paragliders,20080179
486353.3130452068,6193722.598304837,1237297920.0,paragliders,20080645
486404.1103946181,6193831.936815511,1240050176.0,paragliders,20081281
485860.2525654046,6193671.48534532,1240051456.0,paragliders,20081306
488476.81984387425,6193030.136789174,1240053248.0,paragliders,20081306
486432.13060438255,6193620.033504665,1240057472.0,paragliders,20081306
486636.1988447478,6190332.464327153,1240401024.0,paragliders,20081328
486413.927321652,6190416.246898183,1240400896.0,paragliders,20081330
488700.43347429245,6192294.985633134,1240402688.0,paragliders,20081330
488902.3009902989,6192332.569771169,1240488064.0,paragliders,20081352
486349.27294425614,6193980.635940479,1243506560.0,paragliders,20082128
486150.64478652,6193712.430305982,1243593600.0,paragliders,20082140
485710.4848179821,6193587.404249364,1243594624.0,paragliders,20082141
485940.8826094812,6193700.109593221,1243593856.0,paragliders,20082152
486064.83181582927,6193895.453576289,1243506560.0,paragliders,20082310
485808.7408187692,6193703.9284691885,1243593856.0,paragliders,20082317
485935.6496787219,6193658.76908425,1245578240.0,paragliders,20082548
486268.5730181255,6193684.248691617,1245753984.0,paragliders,20082584
486123.9010779201,6193640.692422854,1245750656.0,paragliders,20082653
486414.90893222875,6193923.687096053,1246184960.0,paragliders,20082670
485878.39627673215,6193641.796300623,1246185472.0,paragliders,20082685
489463.9495495182,6190078.716178473,1246196224.0,paragliders,20082685
486065.34195737995,6193610.490526981,1246186240.0,paragliders,20082695
486148.46254638507,6193712.793939261,1246185088.0,paragliders,20082701
486183.06116604496,6193783.629143652,1246184192.0,paragliders,20082740
486099.69914190867,6192422.400861494,1249396992.0,paragliders,20083528
486209.5798411034,6193835.916946797,1250333568.0,paragliders,20083955
486054.44992855686,6193961.83980243,1251371520.0,paragliders,20084078
486082.3549199881,6193674.816800826,1251372083.4786706,paragliders,20084169
486226.9739975549,6194052.311765488,1252494592.0,paragliders,20090129
486136.8531973384,6193872.319574619,1252750592.0,paragliders,20090155
486193.9268725824,6193871.781949354,1252750592.0,paragliders,20090155
486231.49148785445,6193928.524378443,1252750720.0,paragliders,20090155
486080.2125842597,6194021.464143685,1270465664.0,paragliders,20090815
485493.26642771054,6193704.905994186,1270465664.0,paragliders,20090843
485491.79633060034,6193691.12328138,1270465664.0,paragliders,20090843
485513.9246839622,6193663.019499661,1270465664.0,paragliders,20090843
485968.97201292776,6193691.609687069,1270468352.0,paragliders,20090843
486211.8890754175,6193647.038287096,1270984960.0,paragliders,20090935
485809.4714371161,6192105.408108779,1270987392.0,paragliders,20090935
486003.45273100195,6191653.720028803,1270984064.0,paragliders,20090941
486088.3921729273,6193727.328033914,1270987008.0,paragliders,20090941
486041.9074528149,6190863.645628521,1271764736.0,paragliders,20091354
486116.39246320754,6191188.410158513,1271771520.0,paragliders,20091354
489623.83846046095,6194619.400573024,1272195584.0,paragliders,20091762
485631.1686893992,6192148.522539042,1272196352.0,paragliders,20091762
485158.68353252346,6193172.2455727225,1272199040.0,paragliders,20091762
485793.69216780755,6193638.167174338,1272369152.0,paragliders,20092022
485764.16453709954,6193643.991668134,1272451456.0,paragliders,20092100
486212.15030188777,6193962.986118263,1272279808.0,paragliders,20092132
485946.60153070383,6193646.831190864,1272365440.0,paragliders,20092200
486462.23223010375,6194015.4337383015,1272451968.0,paragliders,20092201
486026.38945214875,6193733.720894753,1272366592.0,paragliders,20092228
486254.0057675843,6193775.741437004,1275130532.2399118,paragliders,20092741
486079.1611094561,6193796.237121825,1282389120.0,paragliders,20094377
485152.6472883356,6193354.959601998,1282393984.0,paragliders,20094447
486598.74639762234,6190289.645939424,1282394752.0,paragliders,20094447
486177.5154638789,6193752.478049685,1283085696.0,paragliders,20094545
486571.4351976808,6190221.336126915,1283090304.0,paragliders,20094545
486064.20682137174,6193649.834733985,1283685248.0,paragliders,20100128
486533.49536684435,6190264.780127583,1283687296.0,paragliders,20100128
486066.9645214851,6192600.140903435,1297516032.0,paragliders,20100576
486101.34056373953,6193933.245269564,1299498368.0,paragliders,20100703
486016.5299972809,6193712.151529435,1300621696.0,paragliders,20101383
486465.54638602876,6190399.951330456,1300625024.0,paragliders,20101383
485634.9225896768,6194711.341031382,1302178304.0,paragliders,20102118
485425.99596456316,6193466.7261464,1302180096.0,paragliders,20102126
485364.16872129106,6194264.829439875,1302178048.0,paragliders,20102128
485607.2398920428,6194236.37211115,1302263680.0,paragliders,20102209
486394.79940453696,6190755.107483644,1302270336.0,paragliders,20102209
489692.91485614824,6190178.937479117,1302271360.0,paragliders,20102209
486142.27153790573,6193794.219373494,1302260736.0,paragliders,20102220
486334.2761056062,6193986.300048574,1302259968.0,paragliders,20102297
485925.96844617336,6193858.102181002,1303039360.0,paragliders,20102880
486283.47158634884,6193787.657156417,1302953344.0,paragliders,20102886
485862.77007561084,6193553.747056052,1302953683.0773735,paragliders,20102886
486276.86160412425,6192633.542139053,1303126272.0,paragliders,20103545
485594.731632015,6193568.732518226,1303126528.0,paragliders,20103545
486276.86160412425,6192633.542139053,1303126272.0,paragliders,20103769
485594.731632015,6193568.732518226,1303126528.0,paragliders,20103769
485427.694683672,6194012.638298244,1304943232.0,paragliders,20104794
489182.32677001675,6190827.622484938,1305117824.0,paragliders,20104864
486127.7690733536,6193871.552630019,1306666496.0,paragliders,20105778
485984.2800816442,6193792.690223491,1306667904.0,paragliders,20105790
489048.45603926573,6191078.986370977,1306670976.0,paragliders,20105790
485949.5774623135,6193530.848708737,1306667392.0,paragliders,20105944
485923.9473236792,6193552.898644307,1306667392.0,paragliders,20105944
485929.25078965485,6193590.365176423,1306667392.0,paragliders,20105944
486098.16216027463,6193968.314841389,1306673152.0,paragliders,20105944
486142.36641743884,6193952.740932419,1306673152.0,paragliders,20105944
486149.0675829708,6193904.439044632,1306673152.0,paragliders,20105944
486131.5077283888,6193875.058032733,1306673152.0,paragliders,20105944
485991.13362787245,6193823.545860031,1306673152.0,paragliders,20105944
485908.79693473555,6193759.88511226,1306667648.0,paragliders,20105982
488925.7672636662,6191267.171354086,1306671360.0,paragliders,20105982
486107.56060277333,6193856.069565874,1306669056.0,paragliders,20106054
489064.8155423466,6191571.003131443,1306672512.0,paragliders,20106054
486109.4261036977,6193899.943673028,1306668928.0,paragliders,20106157
489045.66536959325,6192490.029543817,1306672000.0,paragliders,20106157
485878.70405455766,6193640.680221095,1309088000.0,paragliders,20106720
486364.59158918535,6194015.743343654,1309172480.0,paragliders,20106812
486339.30275852734,6193973.618195194,1309172608.0,paragliders,20106812
486301.39329277544,6193972.92067756,1309172608.0,paragliders,20106812
485664.73070124077,6193561.176040213,1309091328.0,paragliders,20106813
485728.16902085254,6191138.049907071,1309091328.0,paragliders,20106884
485753.66143745306,6191152.3230259875,1309091328.0,paragliders,20106884
485718.4515382795,6191097.575837911,1309091328.0,paragliders,20106884
485794.7803798316,6191095.586657687,1309091456.0,paragliders,20106884
485701.5807709986,6191060.622391483,1309091456.0,paragliders,20106884
485794.0296853728,6190998.916063683,1309091456.0,paragliders,20106884
485770.5381151055,6191329.059361636,1309091456.0,paragliders,20106884
485872.363818302,6191731.05504273,1309089664.0,paragliders,20106944
486025.42339880136,6193840.264207648,1312109312.0,paragliders,20107672
485897.5962692932,6193649.50808961,1312112512.0,paragliders,20107672
485989.86318318656,6193825.457618388,1312112768.0,paragliders,20107672
485710.8406250827,6191019.6382827135,1312108928.0,paragliders,20107673
485834.29353797494,6193773.367650175,1312112256.0,paragliders,20107673
489924.5361212688,6190758.912206034,1312457472.0,paragliders,20107815
485979.01519857015,6193621.910364608,1312454656.0,paragliders,20108028
486128.6331486749,6193913.284145715,1315916032.0,paragliders,20108944
485805.4724817631,6193772.405572823,1317466112.0,paragliders,20109478
485699.8813767054,6193841.6509862505,1317465472.0,paragliders,20109481
485776.2205951073,6193734.754429482,1317466240.0,paragliders,20109560
485860.3781860463,6193623.55308281,1317559296.0,paragliders,20109564
485479.38454879256,6193591.648554556,1317552000.0,paragliders,20109569
485449.2041485847,6193624.966353372,1317552000.0,paragliders,20109569
485490.75771668024,6193641.701043181,1317552000.0,paragliders,20109569
485469.5438529723,6193781.967847474,1317552256.0,paragliders,20109574
486239.5578566903,6193784.419994241,1317467264.0,paragliders,20109591
485990.09405124653,6192120.408920232,1317476096.0,paragliders,20109591
486032.9042614834,6193713.337177539,1317552512.0,paragliders,20109597
486059.8735488358,6193789.102265466,1317552640.0,paragliders,20109597
486063.9264224288,6193792.2571487,1317552640.0,paragliders,20109597
486270.4536306215,6193877.95332522,1317551872.0,paragliders,20109606
486295.89785923756,6193916.1806075,1317552000.0,paragliders,20109608
486148.2794155422,6193795.56234188,1317467264.0,paragliders,20109667
486268.14553767146,6193894.309603141,1317466496.0,paragliders,20109834
485909.3618086269,6193720.934643815,1318764672.0,paragliders,20109986
486718.85794532957,6190536.442226202,1318768000.0,paragliders,20109986
486228.52159176226,6193704.107190962,1331725952.0,paragliders,20111445
486051.94057985157,6193781.740957511,1331813888.0,paragliders,20111495
485985.50963725307,6193782.051173639,1331813760.0,paragliders,20111508
486377.82630414073,6194094.151263775,1331812992.0,paragliders,20111511
486044.4727590826,6193484.3830300765,1331818240.0,paragliders,20111511
486395.2200622749,6193827.12901462,1331726464.0,paragliders,20111513
489710.2303771697,6192902.890496694,1331734144.0,paragliders,20111513
486522.16158366896,6193970.984689372,1331813248.0,paragliders,20111517
486490.19804683456,6194055.019924412,1332673536.0,paragliders,20112079
486138.7337054248,6193916.895560341,1332672384.0,paragliders,20112112
485423.67618864,6193342.024013042,1333103360.0,paragliders,20112868
489300.9837678815,6190444.235429231,1333108096.0,paragliders,20112868
486153.1646775803,6193875.790755872,1333189632.0,paragliders,20112871
486267.32077464985,6193704.693153443,1333103616.0,paragliders,20112955
486333.45082724316,6193698.275992909,1333104256.0,paragliders,20112955
486393.2347132501,6193727.940041069,1333104512.0,paragliders,20112955
486361.52842752857,6194090.795367782,1333107840.0,paragliders,20112955
486430.3816420192,6193881.658012961,1333108352.0,paragliders,20112955
488840.1548601232,6191815.221526936,1333108992.0,paragliders,20112955
486172.37652835884,6193836.850684276,1333192704.0,paragliders,20112976
489689.8922516622,6191628.704866274,1333196672.0,paragliders,20112976
488953.9057544252,6192210.174284594,1336735232.0,paragliders,20114517
485766.88893586973,6194853.597710091,1338896640.0,paragliders,20116328
486203.8143024256,6193805.349164885,1340535040.0,paragliders,20117145
486025.8683084667,6193746.565264641,1340534016.0,paragliders,20117155
485151.4548482552,6193300.242647927,1340542336.0,paragliders,20117155
486037.8821353994,6193604.245522652,1340533799.8429224,paragliders,20117156
486065.70691729325,6193591.700627442,1340533888.0,paragliders,20117156
486073.1183339439,6193642.320397722,1340533888.0,paragliders,20117156
485961.47825484775,6193952.87068299,1340534016.0,paragliders,20117156
485941.15377101576,6193786.038288973,1340534016.0,paragliders,20117156
486077.87115047674,6193759.739312143,1340534016.0,paragliders,20117158
486145.7647653896,6193743.7256425135,1340535296.0,paragliders,20117158
486034.1450920858,6193587.179052582,1340622592.0,paragliders,20117220
486221.6452794075,6193814.678682735,1340534656.0,paragliders,20117360
485195.7777082983,6193509.312666056,1340542848.0,paragliders,20117429
486101.85979747755,6193627.098671185,1340622464.0,paragliders,20117457
486152.38189833576,6191283.3657382345,1340193408.0,paragliders,20118241
485905.4016658531,6193573.72517686,1343215744.0,paragliders,20119342
489674.624824889,6193421.027390684,1343218944.0,paragliders,20119342
486337.5185401618,6193898.123457903,1340799104.0,paragliders,20119479
486179.4493899852,6193730.81474557,1344513024.0,paragliders,20119697
485814.47106647474,6193688.547992203,1344512256.0,paragliders,20119755
485754.7736104331,6192374.711132492,1344523776.0,paragliders,20119755
486076.0000413905,6193624.647399663,1344599808.0,paragliders,20119793
485906.38171520544,6193633.030251332,1344514176.0,paragliders,20119863
485900.5987106804,6193584.633816272,1345978368.0,paragliders,20120947
489519.27298176324,6191099.689746821,1345986304.0,paragliders,20120947
489643.0835535722,6191049.456092488,1345986304.0,paragliders,20120947
486013.8437572731,6193614.994383646,1347186944.0,paragliders,20121519
486466.78490488225,6194005.945628974,1347797248.0,paragliders,20121968
485749.6451150771,6192632.177865161,1366540544.0,paragliders,20126005
486538.22858391027,6190231.4958149195,1366800896.0,paragliders,20126080
485776.06912827416,6193254.542770101,1367666816.0,paragliders,20127031
485872.378712724,6193914.068378072,1367747840.0,paragliders,20127142
485636.00814764586,6193381.245731245,1367752832.0,paragliders,20127142
485940.0628508597,6190796.111140625,1367753600.0,paragliders,20127142
489394.2060611829,6190287.083918329,1367754368.0,paragliders,20127142
486166.4026722445,6193926.387612871,1367750400.0,paragliders,20127196
486023.8109705522,6193614.981820543,1367749632.0,paragliders,20127198
485923.56926029787,6193378.086963342,1367666688.0,paragliders,20127206
485914.8142831102,6193541.362626433,1367749504.0,paragliders,20127227
485542.97919183364,6192917.131764923,1367667072.0,paragliders,20127228
485591.44633077265,6192347.3118283,1367669120.0,paragliders,20127228
486095.87817635614,6193987.548265669,1367833856.0,paragliders,20127245
486102.55310274725,6193525.170921669,1367749376.0,paragliders,20127285
485673.4079704251,6193813.757533189,1367749120.0,paragliders,20127290
485697.35215748724,6193817.387807524,1367749120.0,paragliders,20127290
485696.5531057727,6193732.300832951,1367749248.0,paragliders,20127290
489582.92404098116,6190171.933039643,1367842304.0,paragliders,20127319
485870.9896191149,6193664.738407128,1367749632.0,paragliders,20127362
485919.5055646686,6193480.290243508,1367666688.0,paragliders,20127366
486325.9296265473,6190557.240633664,1367669248.0,paragliders,20127584
485670.8929359099,6193604.941493448,1368357760.0,paragliders,20127975
486679.7872251238,6190350.795141564,1368360064.0,paragliders,20127975
489615.8291034204,6190002.536231616,1368362496.0,paragliders,20127975
489460.0830451562,6190320.479303257,1368363904.0,paragliders,20127975
486303.1477011882,6193882.872763109,1369563520.0,paragliders,20128488
485903.01048346487,6193807.6574885165,1369564800.0,paragliders,20128549
486235.6705979447,6193627.671149703,1369567232.0,paragliders,20130100
486047.90293853247,6194715.11007251,1369568896.0,paragliders,20130100
489614.98960364773,6190019.026553065,1369570688.0,paragliders,20130100
485575.0987329359,6193433.27904675,1372329088.0,paragliders,20130378
485542.0248002936,6192748.385947301,1372331648.0,paragliders,20130378
485211.61951541255,6193673.913908881,1372325760.0,paragliders,20130381
486512.77552103624,6190236.456899753,1372588672.0,paragliders,20130465
485958.0973775129,6193567.476490038,1373106688.0,paragliders,20130992
486672.46579673374,6190379.140139271,1375182592.0,paragliders,20132935
486116.9865930119,6193834.66431724,1375270144.0,paragliders,20133122
486090.4549562414,6193883.043425992,1375270016.0,paragliders,20133175
486715.4410747484,6190194.169248988,1375182976.0,paragliders,20133200
489438.2654034852,6190031.181878232,1375192960.0,paragliders,20133200
486083.27859539643,6193787.784683394,1376823808.0,paragliders,20134454
485615.6574151019,6192331.34514006,1377861248.0,paragliders,20135620
486037.1346355334,6190955.984043259,1377864320.0,paragliders,20135620
489729.4570637746,6191698.254348448,1377867776.0,paragliders,20135620
489872.7044167925,6191641.2959207315,1377867776.0,paragliders,20135620
489885.2403867864,6191494.333245077,1377867904.0,paragliders,20135620
485988.72749310755,6193571.30019999,1377942528.0,paragliders,20135871
486336.43041387305,6190219.685617412,1377944960.0,paragliders,20135871
485627.1131764975,6193557.578007699,1378032640.0,paragliders,20135975
485683.4817826725,6190979.675920794,1378039424.0,paragliders,20135975
485821.5510150721,6193836.146370692,1378380800.0,paragliders,20136737
486016.40105184994,6193814.170800761,1379934208.0,paragliders,20136877
486216.68327099946,6193839.37904107,1380024999.6008174,paragliders,20137132
486104.44980035914,6193991.446843937,1396784896.0,paragliders,20140887
486075.313485604,6193922.956355793,1396784896.0,paragliders,20140887
489944.5741825409,6193139.846220399,1396790528.0,paragliders,20141283
486343.95883164497,6193926.464480843,1397475712.0,paragliders,20142278
486021.28999392135,6191289.978305582,1397476224.0,paragliders,20142278
489585.40877857816,6190272.415697635,1397478272.0,paragliders,20142278
486125.1396996579,6193855.667256577,1397646976.0,paragliders,20143235
485964.6825325716,6193699.464727069,1399202944.0,paragliders,20143626
486230.8434123197,6193830.359706537,1399203456.0,paragliders,20143626
486158.69470911217,6193705.628908901,1399203584.0,paragliders,20143626
486142.05825452827,6193702.663740109,1399203584.0,paragliders,20143626
489566.54903643456,6190013.904498774,1399208704.0,paragliders,20143626
485779.85655344586,6193811.222712331,1399288960.0,paragliders,20143853
486025.8860964268,6193671.597957307,1399288704.0,paragliders,20143884
485724.61526051356,6193768.722659287,1399288832.0,paragliders,20143884
485895.3592844632,6193677.630469532,1399288832.0,paragliders,20143884
485286.4638206791,6193453.396871716,1399288576.0,paragliders,20144035
486138.504952713,6194348.248449836,1399287936.0,paragliders,20144427
486000.49653172825,6193890.26882869,1399287680.0,paragliders,20144434
485200.8873019228,6193532.141130062,1399287296.0,paragliders,20144557
485871.1986523044,6193492.683053366,1400235904.0,paragliders,20144752
486219.58721262525,6193649.071124945,1400237696.0,paragliders,20145195
485874.0061397116,6193562.491378351,1400323456.0,paragliders,20145248
489486.9377929437,6190061.575027431,1400326784.0,paragliders,20145248
489659.8348015312,6190392.416588454,1400327168.0,paragliders,20145248
489579.1602295254,6190965.874365787,1400327552.0,paragliders,20145248
486255.00565487007,6193683.21885201,1403175424.0,paragliders,20148065
485351.12008595007,6193141.437510157,1403264768.0,paragliders,20148555
486154.7587099529,6193932.535028652,1405508992.0,paragliders,20150154
486131.527097683,6193981.383699285,1405508992.0,paragliders,20150154
486072.87370616815,6193887.367173906,1405508992.0,paragliders,20150154
486146.3387719288,6193980.360757569,1405508608.0,paragliders,20150171
486096.74949190725,6193929.506365977,1405508992.0,paragliders,20150178
486098.2432085935,6193868.5275999,1405508224.0,paragliders,20150290
486222.882677886,6193880.462012807,1406375808.0,paragliders,20151045
486597.57033124723,6190315.200824367,1406376448.0,paragliders,20151045
486069.943383599,6193821.182621932,1406372480.0,paragliders,20151401
485816.4369289363,6193597.651896909,1410434816.0,paragliders,20154675
485682.71302594256,6192335.006493135,1412428160.0,paragliders,20155361
486221.6470427585,6193682.225951765,1414322048.0,paragliders,20155835
485914.5792295685,6193752.968244008,1414321792.0,paragliders,20155838
485967.2315306874,6193507.1667682715,1414322048.0,paragliders,20155841
486017.29551761877,6193614.982138718,1414321152.0,paragliders,20155849
485600.2287347418,6193466.996198078,1414328832.0,paragliders,20155849
486564.37340081204,6192071.174318365,1414333568.0,paragliders,20155849
486342.07264362724,6193966.545452232,1414414720.0,paragliders,20155866
486364.7141373368,6193779.910091597,1414411008.0,paragliders,20156019
489260.3843999973,6191369.148082691,1414414592.0,paragliders,20156019
485742.430978395,6193640.239718374,1414584832.0,paragliders,20156020
489094.908099767,6191491.286776876,1414587392.0,paragliders,20156020
485991.4170583795,6193628.672168338,1414663838.1579351,paragliders,20156021
485855.0135828964,6193484.120151191,1414581888.0,paragliders,20156030
485734.6509641211,6193749.7609762885,1414583936.0,paragliders,20156030
485764.6938600128,6193696.209078051,1414583936.0,paragliders,20156030
485751.68428737257,6193766.831454687,1414583936.0,paragliders,20156030
485844.7797552206,6193553.771497726,1414665600.0,paragliders,20156031
485653.7320612219,6191812.8401396815,1414668928.0,paragliders,20156031
485829.7191885498,6193454.127641202,1414675328.0,paragliders,20156045
485724.42132518376,6193338.519486761,1414676096.0,paragliders,20156049
489642.559991534,6190469.805292147,1414677376.0,paragliders,20156049
485896.1921920999,6193653.077028627,1414759680.0,paragliders,20156066
486108.1048943808,6193857.485481627,1414755584.0,paragliders,20156072
486137.74175971997,6193807.270760289,1414755584.0,paragliders,20156079
485898.9510643742,6193788.351354921,1414755072.0,paragliders,20156082
486119.9539192649,6193914.479743203,1414755456.0,paragliders,20156090
485857.98979492515,6193814.445134327,1414755968.0,paragliders,20156094
489536.48101700476,6191920.705415161,1414760064.0,paragliders,20156094
485880.94523455756,6193715.3321391875,1414755712.0,paragliders,20156099
486453.70020543615,6194102.034338882,1414759936.0,paragliders,20156099
486113.99274971953,6193901.03304281,1414755584.0,paragliders,20156100
486041.2218245349,6193825.157682338,1414755712.0,paragliders,20156105
486062.01112769946,6193802.801745619,1414755712.0,paragliders,20156105
486127.24220022233,6193904.095979622,1414755712.0,paragliders,20156105
485842.42650236184,6193823.5239921715,1414756352.0,paragliders,20156106
486151.0685677075,6193976.642099564,1414757120.0,paragliders,20156108
485895.091709237,6193746.117041524,1414755840.0,paragliders,20156116
485879.11919813615,6193725.9281608695,1414755584.0,paragliders,20156121
485753.6940868778,6193693.808936096,1414844800.0,paragliders,20156167
486095.0591406493,6193818.010110508,1414847488.0,paragliders,20156168
489910.5448557151,6194989.186719782,1414851840.0,paragliders,20156178
485846.23130417825,6193793.471814787,1414845440.0,paragliders,20156180
486027.0534341516,6193801.673256535,1414844032.0,paragliders,20156183
486684.97296764347,6192169.386189092,1414848384.0,paragliders,20156183
485901.86456488806,6193805.385059094,1414849792.0,paragliders,20156183
485919.5842757678,6193765.272437002,1414844160.0,paragliders,20156219
486006.36499800126,6193843.857884119,1414846080.0,paragliders,20156223
485933.3318606199,6193760.771269063,1414845312.0,paragliders,20156241
486629.46351374005,6192204.223753958,1414848512.0,paragliders,20156241
485885.1955763628,6193818.378638243,1414849920.0,paragliders,20156241
486174.09410083096,6193880.216257581,1414755456.0,paragliders,20156384
485810.37613921624,6193446.168413283,1408096000.0,paragliders,20157133
486237.04924630385,6194837.795486294,1408096256.0,paragliders,20157133
486468.3946171625,6190528.15111172,1408098048.0,paragliders,20157133
486190.4039455002,6193621.366352955,1410348160.0,paragliders,20157690
489991.5412219634,6190501.4296306735,1410350976.0,paragliders,20157690
489827.09946024866,6190821.386443241,1410351104.0,paragliders,20157690
486520.2594425772,6191994.728795395,1428234368.0,paragliders,20159250
486827.73141433875,6190021.759826327,1428234880.0,paragliders,20159250
489628.02247504186,6191509.437474407,1428237824.0,paragliders,20159250
486062.677077205,6193682.143701339,1428318208.0,paragliders,20159294
485766.7045734318,6193650.657844046,1428319104.0,paragliders,20159311
485993.46731340385,6193625.735849489,1428318464.0,paragliders,20159327
486105.8391465056,6193661.739429849,1428321408.0,paragliders,20159327
485958.5973360709,6193922.838823743,1428321536.0,paragliders,20159327
486033.1542617013,6193969.693546483,1428321536.0,paragliders,20159327
486339.32077791734,6193877.024536803,1428321664.0,paragliders,20159327
489800.058965358,6191873.518541048,1428324224.0,paragliders,20159327
486040.2792567699,6193509.086349193,1428318464.0,paragliders,20159330
486596.04749678716,6191956.134926474,1428327552.0,paragliders,20159330
485953.76061707997,6193769.343907415,1428404992.0,paragliders,20159424
486029.118922106,6193659.576862578,1428318208.0,paragliders,20159455
486368.13403592294,6193902.446900259,1428410624.0,paragliders,20159663
486427.4626803536,6191231.746664109,1428492672.0,paragliders,20159868
485638.328945124,6192282.55175425,1428833792.0,paragliders,20160204
485493.99611512484,6193504.170376497,1428834688.0,paragliders,20160334
489683.1293856772,6194089.589706667,1428836608.0,paragliders,20160334
485896.57372883474,6192985.690133228,1428922240.0,paragliders,20161091
486281.79425877624,6193118.099058598,1428922880.0,paragliders,20161091
486162.09601138067,6192137.995759673,1428836736.0,paragliders,20161737
486193.797767587,6193945.983115904,1429874560.0,paragliders,20162709
486539.6735186652,6190267.947738553,1429876224.0,paragliders,20162709
485842.0932709602,6193698.740619298,1431255680.0,paragliders,20163804
486110.63425479125,6193965.440391768,1431255552.0,paragliders,20163841
485917.0746163903,6193672.6430031415,1431256064.0,paragliders,20163844
485944.3886023711,6192991.139189679,1431263616.0,paragliders,20163844
486492.88771114656,6190230.132080665,1431260416.0,paragliders,20163849
486006.8817164989,6193693.020311407,1431255040.0,paragliders,20163870
486156.89722696214,6193985.654673525,1431265152.0,paragliders,20163870
486352.2944323855,6191832.344313625,1431267712.0,paragliders,20163870
486004.58736826776,6193881.13181614,1431255552.0,paragliders,20163931
486233.34579913097,6192590.923111136,1431263104.0,paragliders,20163931
485782.8953494549,6193554.6578759225,1431256192.0,paragliders,20163960
485807.2276923672,6193955.104381113,1431252096.0,paragliders,20164081
485683.61914907437,6193715.592697687,1431342208.0,paragliders,20164089
486544.25201477145,6190285.583818221,1431343872.0,paragliders,20164117
485417.01039443543,6193346.141504688,1431344384.0,paragliders,20164117
485709.31881795573,6193687.679296907,1431344384.0,paragliders,20164117
485967.9295235864,6193819.537892314,1431341568.0,paragliders,20164123
486116.0767789556,6193933.719059083,1431343360.0,paragliders,20164139
487677.34904527507,6193294.6649969835,1431353984.0,paragliders,20164139
485754.00839581486,6193697.035005358,1431342208.0,paragliders,20164140
485425.35389341344,6193677.665918574,1431344896.0,paragliders,20164143
485743.30824998446,6192887.280169503,1431344128.0,paragliders,20164165
485964.7622017915,6193557.16654922,1431341696.0,paragliders,20164172
485976.23468700785,6193886.665695678,1431343360.0,paragliders,20164176
488605.7792512234,6192159.252769146,1431352960.0,paragliders,20164176
485970.4015229464,6193816.277697719,1431256448.0,paragliders,20164629
489181.7123693644,6193015.7863408625,1431261312.0,paragliders,20164629
489645.17106204754,6194674.852531196,1431261696.0,paragliders,20164629
485959.71665920364,6193551.045868876,1431862016.0,paragliders,20164813
485938.72776312416,6193566.883150446,1431862144.0,paragliders,20164813
485886.9568697895,6193587.406643461,1431862144.0,paragliders,20164813
485225.0739067258,6190807.650889703,1434547328.0,paragliders,20168314
485012.3492637016,6190452.746543447,1434548864.0,paragliders,20168314
486055.6218731042,6193681.025862502,1434798976.0,paragliders,20168645
485664.2969269506,6193385.462900972,1434799360.0,paragliders,20168645
486345.7826901829,6191061.8952442845,1434803712.0,paragliders,20168645
486346.9420055836,6191080.291617326,1434803712.0,paragliders,20168645
486354.64208596246,6191082.222889377,1434803712.0,paragliders,20168645
485702.7064734619,6192332.259731898,1434804224.0,paragliders,20168645
486435.92885720066,6191430.556119607,1434810624.0,paragliders,20168645
485799.3858758889,6193603.50729353,1434884992.0,paragliders,20168648
485749.0879049999,6193598.211137816,1434884224.0,paragliders,20168697
486478.67428888136,6190338.993751593,1434887168.0,paragliders,20168697
485739.10396041727,6193710.302631658,1435228032.0,paragliders,20169155
486057.29866920324,6193581.602163789,1435141632.0,paragliders,20169186
486533.7065094376,6190325.089375203,1435143680.0,paragliders,20169186
485861.9244275703,6191518.2504563015,1435144704.0,paragliders,20169186
486471.0365017375,6194989.701604918,1435146240.0,paragliders,20169186
486000.5314965068,6193490.500856717,1434796800.0,paragliders,20169187
486008.88880393055,6192942.82671264,1434803200.0,paragliders,20169187
486595.39370480104,6190129.394569717,1434804480.0,paragliders,20169187
486145.9013542898,6193636.211663975,1434886144.0,paragliders,20169194
486139.16852982267,6193794.33913256,1434625024.0,paragliders,20169196
486123.0255165309,6194023.57143602,1435491456.0,paragliders,20169731
486296.86015683104,6191288.121432267,1435230592.0,paragliders,20169925
489925.78658810566,6190635.389330121,1435232640.0,paragliders,20169925
485705.1000517205,6193711.655368336,1435315072.0,paragliders,20169927
485936.26465048286,6193751.158000416,1436533120.0,paragliders,20171123
485689.8321519171,6193683.675703792,1436528256.0,paragliders,20171272
485794.2493557466,6193689.186570045,1436958208.0,paragliders,20171913
485797.0498875447,6193502.288578721,1436957952.0,paragliders,20171944
485654.81991662696,6193673.44648641,1436958336.0,paragliders,20172037
486303.2423914564,6193939.843428272,1436531968.0,paragliders,20172407
485615.3807563387,6193452.069735677,1436962048.0,paragliders,20172409
485854.0950488488,6193757.359424814,1414844800.0,paragliders,20174232
486172.89496895974,6193911.8714090185,1439202688.0,paragliders,20174618
486080.14226805005,6193993.502102028,1439205376.0,paragliders,20174618
486104.46757849626,6194005.246562913,1439205504.0,paragliders,20174618
486076.3561282987,6194001.38575888,1439205504.0,paragliders,20174618
486237.4216842964,6193954.044767637,1439203456.0,paragliders,20174641
486171.55055118416,6193893.248910392,1439203584.0,paragliders,20174641
486183.30177173857,6193925.424423497,1439203584.0,paragliders,20174641
486040.50251909136,6193828.885985192,1439203584.0,paragliders,20174641
486208.3176028195,6193922.2383857425,1439203584.0,paragliders,20174641
486015.349261536,6193833.148004359,1439205888.0,paragliders,20174641
489100.04743587197,6193069.442401528,1437478400.0,paragliders,20174648
485958.0348689228,6193868.389765727,1439724928.0,paragliders,20175201
485792.3756385922,6191060.799856186,1439987840.0,paragliders,20175405
489505.10529138765,6190217.817764444,1439988608.0,paragliders,20175405
486168.65452536615,6193721.688740722,1440151168.0,paragliders,20175559
486229.30986568023,6193907.1736032935,1440158080.0,paragliders,20175559
486367.1207248527,6194187.392074076,1440153344.0,paragliders,20175627
486220.9852023013,6194081.681959841,1440154240.0,paragliders,20175627
486337.8770738351,6193928.952212229,1440152576.0,paragliders,20175631
486228.0864136181,6194105.816334429,1440155392.0,paragliders,20175631
486385.49597258447,6193922.940377707,1440155648.0,paragliders,20175631
486351.02049291943,6193940.650672357,1440155648.0,paragliders,20175631
486343.7186310183,6193890.61878115,1440155648.0,paragliders,20175631
485848.4473047132,6193727.043869166,1440156416.0,paragliders,20175631
486464.3049960219,6190307.293224466,1440158848.0,paragliders,20175631
486386.1818109242,6194000.605091861,1440152704.0,paragliders,20175954
486156.6933841236,6193805.198537688,1440503424.0,paragliders,20176181
485851.6876381934,6193785.103164169,1440845312.0,paragliders,20176568
485921.3017212758,6194071.5618424,1440847232.0,paragliders,20176568
485791.1781342087,6193697.618244895,1441710848.0,paragliders,20177302
485774.77074605844,6193713.8552514585,1441710848.0,paragliders,20177302
485881.65382643073,6193784.707150392,1441711872.0,paragliders,20177302
486246.85051835264,6193832.33774572,1441800787.352643,paragliders,20177436
485940.5782752486,6193846.08298932,1441797120.0,paragliders,20177514
486458.43413638003,6190282.697420936,1441800448.0,paragliders,20177514
486259.542919652,6193799.6797388885,1442660352.0,paragliders,20177796
486139.06435490603,6193825.499541403,1443268736.0,paragliders,20178319
486154.9781570709,6193866.560773851,1443272960.0,paragliders,20178319
485924.54014366947,6193838.496551303,1443351552.0,paragliders,20178320
485883.62833106885,6193703.079130116,1443356032.0,paragliders,20178320
486331.27004949795,6193788.715957808,1443351680.0,paragliders,20178366
486367.9401259137,6193818.420826542,1443351680.0,paragliders,20178366
486332.3610278763,6193849.046897758,1443351680.0,paragliders,20178366
486549.65284369525,6190379.981358151,1443356288.0,paragliders,20178366
486511.42551850906,6190755.722522692,1443359744.0,paragliders,20178366
486507.9157512108,6190305.8393704295,1443359872.0,paragliders,20178366
486423.83967407246,6190161.186322862,1443359872.0,paragliders,20178366
486249.1573632328,6191516.295421394,1443360384.0,paragliders,20178366
486203.5488860244,6191572.656048003,1443360512.0,paragliders,20178366
485751.9498368994,6193794.053049743,1443346688.0,paragliders,20178374
486591.0334529419,6190359.143825321,1443352576.0,paragliders,20178374
486161.9914919666,6190853.606984265,1443357312.0,paragliders,20178374
486416.5853498321,6190938.362337917,1443357440.0,paragliders,20178374
486504.98009811545,6191128.79472851,1443443968.0,paragliders,20178475
486019.4968731856,6193748.804395165,1444479232.0,paragliders,20178847
486075.2333680387,6193881.621922955,1444562688.0,paragliders,20178891
489297.5269754367,6191703.2294768095,1444566656.0,paragliders,20178891
486088.11738791835,6194022.649803407,1444478592.0,paragliders,20178903
485665.15522819327,6193767.111058905,1444570880.0,paragliders,20178939
486474.2250503742,6190295.876280025,1444573440.0,paragliders,20178939
486052.11831024906,6193917.390786141,1445772800.0,paragliders,20179236
485862.0408744223,6193681.655811721,1445774464.0,paragliders,20179236
485916.8722691408,6193933.833844461,1446205952.0,paragliders,20179342
486653.7224442474,6190740.25654494,1446207360.0,paragliders,20179342
489871.54317405453,6190033.059631839,1446209408.0,paragliders,20179342
485789.65312121506,6193697.581369065,1446291584.0,paragliders,20179382
485740.06961009273,6193551.922082916,1446291840.0,paragliders,20179387
485964.43957563787,6193551.884291245,1446291712.0,paragliders,20179392
485988.415579899,6193662.44791138,1446293888.0,paragliders,20179396
485831.55718849297,6193707.759751483,1446293632.0,paragliders,20179397
485787.466797811,6193565.445370657,1446291840.0,paragliders,20179401
485491.9997834126,6193727.724403009,1446290432.0,paragliders,20179410
485385.7715243532,6193700.004529148,1446290560.0,paragliders,20179410
485522.6010655549,6193841.228114561,1446290560.0,paragliders,20179410
486536.86127826216,6190771.760198885,1446291840.0,paragliders,20179410
489231.4654762083,6190042.923186687,1446210176.0,paragliders,20179414
489279.5653972501,6190054.55424732,1446210176.0,paragliders,20179414
486175.61947151605,6193791.318670002,1446377600.0,paragliders,20179419
488968.85905671143,6191654.77938272,1446383744.0,paragliders,20179419
486194.18265345326,6193544.417506555,1446377344.0,paragliders,20179436
486067.8971518276,6193828.996737696,1446377600.0,paragliders,20179440
485732.95829342335,6193538.299632333,1446377856.0,paragliders,20179467
485761.26588354836,6193684.235043086,1446809472.0,paragliders,20179554
486064.1546940541,6193687.062279097,1446813056.0,paragliders,20179554
485850.4597768513,6193775.196549732,1446810240.0,paragliders,20179555
486068.0387545133,6193693.567227089,1446812288.0,paragliders,20179555
486500.14663155907,6193686.788206049,1446897024.0,paragliders,20179596
489898.6815416227,6190634.649688249,1446901504.0,paragliders,20179596
489919.95784780296,6190627.506455467,1446901504.0,paragliders,20179596
489940.8274100626,6190641.701200492,1446901504.0,paragliders,20179596
487061.17724907683,6192375.511827565,1446900992.0,paragliders,20179601
486355.1673653283,6193560.234741418,1446901632.0,paragliders,20179601
486427.6592068817,6193901.688607803,1446897152.0,paragliders,20179616
485740.09108839143,6193494.285290343,1446898304.0,paragliders,20179616
486163.39572478656,6193691.570744535,1446983040.0,paragliders,20179617
486112.8697443035,6193865.732971039,1446987648.0,paragliders,20179617
486904.0006205649,6194046.487063633,1458475648.0,paragliders,20182804
486898.85789511533,6194053.372416821,1458475648.0,paragliders,20182804
486837.3565391268,6194087.545699341,1458475648.0,paragliders,20182804
485719.9524035662,6193699.517905512,1461582592.0,paragliders,20184383
485973.55101876793,6193659.33787018,1461583360.0,paragliders,20184383
489374.8182992821,6191772.438619903,1461585152.0,paragliders,20184383
489225.97717795277,6191752.266804007,1461585280.0,paragliders,20184444
485735.5115812938,6193655.91639543,1462272256.0,paragliders,20185565
485985.2462385908,6193828.685807104,1462360960.0,paragliders,20185635
486000.4086224294,6193664.18805914,1462364160.0,paragliders,20185706
486129.47142853023,6193832.752413051,1462360320.0,paragliders,20185713
485989.237699627,6193674.95745933,1462364288.0,paragliders,20185713
485864.76966499194,6193790.758086529,1462360576.0,paragliders,20185740
486177.25266930263,6193922.905250806,1462445242.898245,paragliders,20185768
486155.1759983844,6193888.377088707,1462444544.0,paragliders,20185784
485868.87950750266,6193405.0348150665,1462443904.0,paragliders,20185806
485265.0005708816,6193597.894079703,1462443776.0,paragliders,20185809
486076.85053745063,6193782.569309831,1462444928.0,paragliders,20185834
486396.1199069139,6194137.749484372,1462445568.0,paragliders,20185840
485803.4198467321,6193439.7199791465,1462443904.0,paragliders,20185847
485631.14557110413,6193441.622111868,1462444032.0,paragliders,20185884
485044.29963196005,6192953.159101167,1462452736.0,paragliders,20185884
486284.611421698,6193975.514329823,1462445696.0,paragliders,20185894
485890.2013534251,6193636.720291463,1462443904.0,paragliders,20185901
486161.02172338625,6194170.449108176,1462445440.0,paragliders,20185916
485822.1504166317,6193398.846075601,1462445568.0,paragliders,20186010
486078.7562059929,6193861.617377383,1462443264.0,paragliders,20186018
486040.97720267344,6193794.362050827,1462444928.0,paragliders,20186074
485877.1332233863,6193840.270358128,1462444416.0,paragliders,20186076
485851.46558817284,6193830.240553937,1462444416.0,paragliders,20186076
486061.30018739373,6193859.101750034,1462444928.0,paragliders,20186076
486356.5992537577,6194044.18008553,1462444376.8001773,paragliders,20186217
486337.89352623664,6193917.357744468,1462445056.0,paragliders,20186402
486244.278098151,6194005.478907227,1462445056.0,paragliders,20186402
486187.2835077422,6194065.2708981065,1462445056.0,paragliders,20186402
485956.41457022075,6193551.491989296,1462443776.0,paragliders,20186541
485796.31809003005,6193525.861146538,1463392128.0,paragliders,20187392
485703.88757147634,6193446.749103612,1463392128.0,paragliders,20187392
485687.78660347126,6193608.346136948,1463392128.0,paragliders,20187392
485311.8920453962,6192956.169176955,1463402112.0,paragliders,20187392
485928.0385884115,6193676.991741035,1463394944.0,paragliders,20187412
485287.94772944436,6193407.766548359,1463396608.0,paragliders,20187438
486029.7675434984,6193613.5456169415,1463393408.0,paragliders,20187491
485615.59588851186,6194149.049542079,1463399680.0,paragliders,20187491
485645.7124136102,6191217.766578896,1463400960.0,paragliders,20187491
486010.909416672,6193493.765003608,1463393280.0,paragliders,20187555
485387.105521995,6192802.376660539,1463401344.0,paragliders,20187555
486018.38528326974,6193710.653874661,1463481728.0,paragliders,20187769
486268.53280155576,6191149.64469906,1463489408.0,paragliders,20187769
485392.09817097726,6193807.175280701,1463742336.0,paragliders,20188061
486700.4803737144,6190475.121092719,1463743232.0,paragliders,20188061
486040.8391605364,6193723.073799091,1463741952.0,paragliders,20188081
485023.72779902286,6193401.426832137,1463752832.0,paragliders,20188081
485892.315607484,6193642.877348065,1463741568.0,paragliders,20188167
486517.39650431066,6190238.957718706,1463743744.0,paragliders,20188167
485895.65600330516,6193768.075453841,1463742592.0,paragliders,20188476
486529.30964943167,6190282.628963951,1463744128.0,paragliders,20188476
486634.80689590337,6190378.328568265,1464429440.0,paragliders,20188933
486261.021865449,6194207.454940025,1462445696.0,paragliders,20188984
486516.72729460354,6193069.818297789,1462451456.0,paragliders,20188984
486139.23491204844,6193779.393332063,1465124480.0,paragliders,20189057
485947.92421530985,6193758.635734124,1465124864.0,paragliders,20189058
485439.4993386876,6193401.728015296,1465381632.0,paragliders,20189358
486076.45288942376,6193642.306743332,1465383019.3103795,paragliders,20189388
486409.5197123167,6193702.014527667,1465472768.0,paragliders,20189422
489991.15840408497,6190457.58785079,1465474560.0,paragliders,20189422
489833.41326950217,6190124.660911858,1465475968.0,paragliders,20189422
489790.9563541246,6190120.924043651,1465475968.0,paragliders,20189422
489821.0668794602,6190062.188688544,1465475968.0,paragliders,20189422
486331.28663100244,6193691.77444978,1465479936.0,paragliders,20189444
486488.4342964528,6190088.932052651,1465480960.0,paragliders,20189444
485928.678416222,6193577.778403241,1465124992.0,paragliders,20189458
485854.73576244124,6193575.336174946,1465296640.0,paragliders,20189464
485750.3785644624,6192141.73148277,1465300096.0,paragliders,20189464
485813.4752562204,6193609.928200639,1465300352.0,paragliders,20189464
485599.2102288309,6192226.864031279,1465304320.0,paragliders,20189464
485698.1889989543,6193441.860047196,1465381376.0,paragliders,20189465
485713.4605299293,6193441.2989800405,1465381504.0,paragliders,20189465
485690.7477324641,6193397.7586456565,1465381504.0,paragliders,20189465
486128.8434548032,6193750.771980744,1465467392.0,paragliders,20189468
486237.72539010353,6193812.044490446,1465469952.0,paragliders,20189904
486680.23704672494,6190516.871096443,1465471488.0,paragliders,20189904
486737.0326880872,6190486.249496639,1465471488.0,paragliders,20189904
486721.80995605787,6190439.06645795,1465471616.0,paragliders,20189904
486634.14921212813,6190195.138566081,1465472256.0,paragliders,20189904
486370.355873154,6193928.006361144,1466337280.0,paragliders,20189941
489848.1902339696,6192745.004523835,1466341120.0,paragliders,20189941
486404.4171932724,6194085.793155757,1466339072.0,paragliders,20189944
489795.7721621554,6192678.265617122,1466341120.0,paragliders,20189944
485474.00122879667,6193422.466580598,1466334976.0,paragliders,20189946
489456.2092129153,6191776.962125873,1466338432.0,paragliders,20189946
486085.71510093356,6194007.847334873,1466338304.0,paragliders,20189949
485691.3479363414,6193314.775554259,1466334720.0,paragliders,20189954
485661.78481675,6193349.007200227,1466334720.0,paragliders,20189970
486361.70795066,6190135.251926471,1466339328.0,paragliders,20189970
485539.78993437433,6193806.983684176,1466423552.0,paragliders,20190002
485509.0144993351,6193797.711785003,1466423552.0,paragliders,20190002
485478.60784040083,6193879.702338135,1466423552.0,paragliders,20190002
485491.9574697759,6193916.685327378,1466423552.0,paragliders,20190002
485529.78595216083,6193915.920456336,1466423552.0,paragliders,20190002
486117.5940847845,6193879.682029059,1466420480.0,paragliders,20190008
486062.01300641365,6193817.884791279,1466420608.0,paragliders,20190009
486072.6919599567,6193847.105385483,1466420608.0,paragliders,20190009
486139.40152069216,6193778.968243571,1466420608.0,paragliders,20190009
486038.9175576398,6194755.365004009,1466420992.0,paragliders,20190009
485680.91498815484,6191959.3760278905,1466433920.0,paragliders,20190010
485933.5374047911,6193722.102241146,1466420864.0,paragliders,20190037
485654.1973540197,6193309.135221947,1466334720.0,paragliders,20190038
485921.12001631083,6193730.885249504,1466507520.0,paragliders,20190085
485859.47277912416,6193636.83164491,1466507392.0,paragliders,20190093
486140.5798888541,6193613.7001507105,1466508288.0,paragliders,20190098
489843.0490354373,6190846.458970366,1466510720.0,paragliders,20190098
485835.43484259525,6193736.120913981,1466507264.0,paragliders,20190119
485681.8998211347,6193754.865908997,1466503296.0,paragliders,20190121
485512.05691246415,6193737.030687747,1466504448.0,paragliders,20190121
485965.2844158162,6193869.658272394,1466504064.0,paragliders,20190134
485435.5606961217,6193763.38875536,1466504320.0,paragliders,20190144
485429.90000671544,6193824.697110112,1466504320.0,paragliders,20190144
485455.3289628752,6193824.925581839,1466504320.0,paragliders,20190144
485606.6674978646,6193903.599325919,1466504576.0,paragliders,20190144
485614.3118766901,6193893.386520672,1466504576.0,paragliders,20190144
485063.35900056874,6193469.183998146,1466422656.0,paragliders,20190146
485728.4670770279,6193751.297056111,1466507392.0,paragliders,20190267
485530.53948641394,6193560.654972024,1466508288.0,paragliders,20190735
486115.0372294927,6193709.897159643,1466507392.0,paragliders,20190982
485981.43091446237,6193736.445705675,1466507392.0,paragliders,20191637
489516.94719534804,6190309.113307559,1466521216.0,paragliders,20191637
485921.860453256,6193895.523560074,1468150528.0,paragliders,20192860
485511.27635118074,6193665.142079389,1468577792.0,paragliders,20193207
486373.3665051197,6190296.376889021,1468581760.0,paragliders,20193207
486411.9835442557,6190251.552811356,1468581760.0,paragliders,20193207
486399.55929683166,6190272.099661992,1468581760.0,paragliders,20193207
489580.12599613325,6191179.018042567,1468586112.0,paragliders,20193207
489961.39613568573,6190164.194467063,1468587008.0,paragliders,20193207
486330.76832833746,6194532.925144061,1468591872.0,paragliders,20193207
485840.0699015666,6193655.009247752,1468579712.0,paragliders,20193263
486308.7922913933,6193873.006803658,1468750848.0,paragliders,20193396
486421.0605135751,6193958.881228824,1468753792.0,paragliders,20193406
486452.2932765453,6193931.406636345,1468753920.0,paragliders,20193406
486312.66101693927,6193864.773322002,1468753920.0,paragliders,20193406
489894.9798212595,6190648.564461839,1468758016.0,paragliders,20193406
486115.12185680016,6193646.184179063,1468752128.0,paragliders,20193409
489915.7133386975,6192992.540230015,1468757376.0,paragliders,20193409
489190.1798002407,6191186.505129915,1468759936.0,paragliders,20193409
489122.7048507553,6191253.97637776,1468761344.0,paragliders,20193409
486373.2598733912,6193868.180436729,1468581120.0,paragliders,20193414
489935.56676536857,6191667.290071283,1468584576.0,paragliders,20193414
486153.9221303816,6193700.778298114,1468752512.0,paragliders,20193420
486077.98586819763,6193883.878467994,1468666496.0,paragliders,20193446
486493.099050815,6190153.289436584,1468672256.0,paragliders,20193446
486559.1997967108,6190150.879451073,1468672256.0,paragliders,20193446
486556.74152299995,6190160.953910668,1468672256.0,paragliders,20193446
486439.74816925434,6190304.434820763,1468673024.0,paragliders,20193446
486307.31682379736,6190141.732295663,1468673408.0,paragliders,20193446
486454.84313380695,6190222.369323137,1468673408.0,paragliders,20193446
486371.71784030076,6193921.282112038,1468750720.0,paragliders,20193450
486147.20958843635,6193882.469613031,1468753536.0,paragliders,20193468
486290.79119290545,6193801.481671862,1468751872.0,paragliders,20193485
485778.41035555897,6190532.435284088,1468753152.0,paragliders,20193485
485851.8006554371,6190585.469158647,1468753152.0,paragliders,20193485
486182.9131587594,6193795.200081611,1468752384.0,paragliders,20193529
489143.32006325654,6191315.329521452,1468759680.0,paragliders,20193538
486335.8753463843,6193920.793532341,1468750592.0,paragliders,20193550
489638.7400670978,6193391.244697411,1468761344.0,paragliders,20193550
485848.95998588414,6193636.448817333,1468578432.0,paragliders,20193553
489604.06573967135,6191901.818173414,1468583424.0,paragliders,20193553
486490.8764427842,6193893.330756779,1468587264.0,paragliders,20193553
485859.2346574954,6193804.3580640275,1468763136.0,paragliders,20193557
485860.66195285216,6193887.594391271,1468581760.0,paragliders,20193568
486264.0531810939,6193813.5859866105,1468756480.0,paragliders,20193569
489757.4281233115,6191370.777388804,1468759040.0,paragliders,20193569
486072.6669165841,6193775.022202808,1468840064.0,paragliders,20193587
486367.96656993387,6191365.843601347,1468842624.0,paragliders,20193587
485810.402538743,6191455.112616639,1468842880.0,paragliders,20193587
486196.3608269812,6193793.968676292,1468841216.0,paragliders,20193593
485875.0674795409,6193706.915363645,1468839680.0,paragliders,20193619
486277.02539110713,6193800.804295209,1468840576.0,paragliders,20193636
486202.30805552733,6193865.552443703,1468840832.0,paragliders,20193661
486008.84953375906,6193555.241620771,1468839040.0,paragliders,20193722
485970.38458220573,6193498.159878301,1468844672.0,paragliders,20193960
485568.1053317432,6194489.255629856,1466419840.0,paragliders,20194396
486139.26669197547,6193940.355803304,1469354880.0,paragliders,20194399
489656.0898599404,6190001.608537774,1469360128.0,paragliders,20194399
489739.91206640645,6190044.344671287,1469360128.0,paragliders,20194399
489780.39175490587,6190058.118335435,1469360128.0,paragliders,20194399
489879.26823537424,6190093.449722916,1469360128.0,paragliders,20194399
489904.63546857634,6190135.119421628,1469360128.0,paragliders,20194399
489889.7405526242,6190167.861689959,1469360128.0,paragliders,20194399
489600.23612997617,6190059.984112644,1469360512.0,paragliders,20194399
486048.6007606862,6193851.10886831,1468752768.0,paragliders,20194963
486093.7147360642,6193723.860044397,1468579072.0,paragliders,20194965
489740.30603991565,6191353.498992135,1468583040.0,paragliders,20194965
486167.8080283477,6193530.661907793,1470394752.0,paragliders,20195600
486297.9146365123,6193592.645887799,1470394752.0,paragliders,20195600
486004.116579057,6193561.0785024,1470394752.0,paragliders,20195600
489512.0983702892,6190120.988217658,1470400384.0,paragliders,20195600
489494.63009838463,6190117.947951832,1470400384.0,paragliders,20195600
489575.70786220196,6190105.508174796,1470400384.0,paragliders,20195600
489538.46956615755,6190118.2207543785,1470400384.0,paragliders,20195600
489698.1539532428,6190016.916276427,1470400512.0,paragliders,20195600
486192.91898714536,6193838.088568774,1470478720.0,paragliders,20195668
486281.00492009125,6193711.044606122,1470480000.0,paragliders,20195675
485581.1213143556,6191191.991316965,1470482560.0,paragliders,20195675
486700.851170836,6190450.21481534,1470483840.0,paragliders,20195675
486042.5148823748,6193866.693853282,1470568192.0,paragliders,20195761
486072.7275170966,6193957.073015289,1470568192.0,paragliders,20195761
486118.6896703951,6193872.923128199,1470568320.0,paragliders,20195761
486190.97056274506,6193860.998330445,1470568704.0,paragliders,20195761
486081.2321861517,6193894.2276327945,1470568832.0,paragliders,20195761
486084.97333943215,6193917.500844679,1470568832.0,paragliders,20195761
486097.6218192811,6193933.997392995,1470568832.0,paragliders,20195761
486113.15900900686,6193936.124197557,1470568832.0,paragliders,20195761
486058.7625195308,6193768.29709409,1470569216.0,paragliders,20195761
486033.7721633644,6193890.7454787865,1470569216.0,paragliders,20195796
486698.78306230326,6190166.982570785,1470573952.0,paragliders,20195796
486740.0245831697,6190121.744739553,1470573952.0,paragliders,20195796
485898.6853729805,6193626.4444253845,1470479744.0,paragliders,20195844
485366.43115162046,6190847.009039695,1470483200.0,paragliders,20195844
486471.668285079,6190337.474561528,1470483712.0,paragliders,20195844
486241.1857216396,6193905.178872949,1470569728.0,paragliders,20195849
486260.48952430533,6193915.616457667,1470569728.0,paragliders,20195849
486316.5421107951,6193806.861197505,1470569728.0,paragliders,20195849
486313.88313070295,6193764.903845053,1470227072.0,paragliders,20195861
486132.3559232327,6193719.927639776,1470653824.0,paragliders,20195913
486301.16832047334,6193628.702357748,1470654848.0,paragliders,20196080
485686.32127837086,6193879.786093467,1470661504.0,paragliders,20196080
486098.16563455615,6193649.381880968,1470571392.0,paragliders,20196082
486629.1443393345,6194801.4010144705,1470578176.0,paragliders,20196082
486633.3888570148,6194786.753132593,1470578176.0,paragliders,20196082
486659.4700831167,6194737.98740954,1470578176.0,paragliders,20196082
486660.67481386143,6194722.405264875,1470578301.3574147,paragliders,20196082
486650.61483728944,6194704.402185116,1470578304.0,paragliders,20196082
485072.27627623576,6193541.317561637,1470582656.0,paragliders,20196082
485118.4947871187,6193474.744731989,1470582656.0,paragliders,20196082
485123.3686250578,6193485.8632229315,1470582656.0,paragliders,20196082
486030.15079497744,6193598.799972804,1470483072.0,paragliders,20196142
486599.50367446773,6193281.488579347,1470227328.0,paragliders,20196148
486779.8001188358,6191610.005091963,1470828544.0,paragliders,20196247
489949.99837444694,6191183.086747157,1470831872.0,paragliders,20196247
485907.0734120997,6193682.4523461955,1470909312.0,paragliders,20196251
486487.05110735766,6190281.449484831,1470911616.0,paragliders,20196251
486169.82732153137,6193935.573589781,1471000320.0,paragliders,20196374
485849.11100634106,6193719.644703674,1471000832.0,paragliders,20196374
489551.42561929853,6193655.990718358,1471008896.0,paragliders,20196374
486230.51545176015,6193751.148218683,1471000576.0,paragliders,20196499
485919.48570411233,6193663.291546942,1471001088.0,paragliders,20196499
485868.35323580616,6193819.736843737,1471081216.0,paragliders,20196547
485218.5520140218,6193726.874623817,1471085824.0,paragliders,20196547
485820.05587812455,6192239.16516546,1471093504.0,paragliders,20196547
486098.4992263946,6191343.2910043,1471093632.0,paragliders,20196547
486220.4704318103,6193810.422655888,1471083904.0,paragliders,20196550
486119.9657171013,6193656.072545956,1471170048.0,paragliders,20196801
486220.5755937569,6193910.676996818,1471167616.0,paragliders,20196811
485714.61977238173,6191178.25061923,1470829696.0,paragliders,20196841
486679.7026046006,6190071.430091409,1470830336.0,paragliders,20196841
486583.11544453097,6191823.822779663,1471181312.0,paragliders,20196890
486204.13261737896,6193735.201466201,1471170560.0,paragliders,20196904
485921.8291497581,6193616.807882221,1471169280.0,paragliders,20196924
486896.5621685495,6191683.999051439,1471181568.0,paragliders,20197051
487402.765746001,6191223.611989792,1471181824.0,paragliders,20197051
486049.3058233124,6193603.924809938,1471169152.0,paragliders,20197086
485746.3395774668,6193583.136064678,1471170176.0,paragliders,20197156
486096.8125543725,6193768.595058859,1471254016.0,paragliders,20197224
486104.05332787125,6193627.604364042,1471253504.0,paragliders,20197248
485923.9696676073,6193676.241196546,1471170048.0,paragliders,20197282
489670.30048798193,6191548.202996021,1471177600.0,paragliders,20197282
485669.52917630586,6193511.612363158,1471172352.0,paragliders,20197284
489751.9382021479,6191255.410801125,1471176576.0,paragliders,20197284
485921.09899751184,6193531.291955257,1471084928.0,paragliders,20197296
485879.5270616993,6192320.102652693,1471094144.0,paragliders,20197296
485952.5703748468,6193596.732738282,1471169536.0,paragliders,20197301
489178.1628325483,6193528.710685053,1471178752.0,paragliders,20197301
486095.342590278,6193767.768788755,1471082112.0,paragliders,20197742
486161.55332599464,6193844.366178141,1471095168.0,paragliders,20197742
486045.24198201846,6192448.422865423,1471095424.0,paragliders,20197742
486112.8578087944,6193849.93211326,1471167744.0,paragliders,20197747
486238.35396764305,6193804.644521902,1471253248.0,paragliders,20197753
485781.6268591712,6193856.932173991,1471254656.0,paragliders,20197937
486467.08444134,6193452.400665863,1470227200.0,paragliders,20198050
489714.12166952435,6192938.058515326,1470228224.0,paragliders,20198050
489834.7489695824,6193066.157740306,1470229888.0,paragliders,20198050
486121.27565988735,6193972.005199679,1471863168.0,paragliders,20198407
485848.18339230126,6193834.697699861,1471866880.0,paragliders,20198407
486002.74159774353,6193801.27511778,1471949184.0,paragliders,20198477
486731.9277892908,6191922.218783173,1471960064.0,paragliders,20198478
486875.0447860841,6190897.289940622,1471962112.0,paragliders,20198478
489793.19162232114,6190517.910593374,1471962752.0,paragliders,20198478
486127.67540907976,6193779.777126968,1471949952.0,paragliders,20198502
486101.49056551384,6193717.151563052,1471949184.0,paragliders,20198520
485745.6867177735,6193700.27618471,1472034816.0,paragliders,20198551
485890.85999973665,6193810.11046883,1472036480.0,paragliders,20198553
485894.30229067075,6193771.708038502,1472036352.0,paragliders,20198582
485966.5308748739,6193720.033115954,1472210048.0,paragliders,20198912
487408.5397630996,6193413.600479596,1472221440.0,paragliders,20198912
486048.4979193403,6193751.283778811,1472294016.0,paragliders,20199257
486226.7334326027,6193821.534086829,1472638976.0,paragliders,20199718
485855.5670950454,6193490.277030876,1472814592.0,paragliders,20200050
486091.22167552495,6193696.344656336,1472812288.0,paragliders,20200052
489263.69685793924,6190001.556195878,1472824832.0,paragliders,20200052
485584.50938157324,6193404.719373603,1472814290.654256,paragliders,20200092
485737.406622155,6193523.389930936,1472814336.0,paragliders,20200130
485474.4382487138,6194236.966581774,1472818560.0,paragliders,20200130
486219.1813087663,6193785.976212372,1472895360.0,paragliders,20200269
486077.49267018714,6193806.01407199,1472812800.0,paragliders,20200290
486257.2474020478,6193885.473681239,1472813056.0,paragliders,20200290
485661.3835532633,6193553.239275351,1472900096.0,paragliders,20200347
485267.2904765917,6193134.079218138,1472903424.0,paragliders,20200356
485962.041427014,6193715.805875395,1472900352.0,paragliders,20200413
486292.04642872803,6193793.625241847,1472894208.0,paragliders,20200467
486185.8366550186,6193677.557986931,1472894208.0,paragliders,20200536
486094.3368749766,6193683.751922511,1473072640.0,paragliders,20200538
486202.1459816929,6193616.820142157,1473077120.0,paragliders,20200538
486198.5893806504,6193761.366028578,1472900736.0,paragliders,20200614
486397.7025849366,6193976.787386071,1472901248.0,paragliders,20201033
486210.6724159483,6193902.153572954,1473591424.0,paragliders,20201318
486421.7079950428,6190142.264942768,1473595648.0,paragliders,20201318
485966.05038105155,6193519.227871839,1474712192.0,paragliders,20202118
485982.8832191216,6193548.403687583,1474712320.0,paragliders,20202118
485968.2139004229,6193553.772395031,1474712320.0,paragliders,20202118
486015.93894830963,6193609.433045742,1474712320.0,paragliders,20202118
485950.6330116259,6193610.600615968,1474712320.0,paragliders,20202118
485888.5658562705,6193627.401806268,1474712576.0,paragliders,20202118
485961.17722510314,6193666.163724803,1474713984.0,paragliders,20202163
486262.5258899062,6193787.247094167,1474713600.0,paragliders,20202272
485899.88317115436,6193733.775727521,1475056896.0,paragliders,20202434
488838.3769956201,6191787.259652103,1475063168.0,paragliders,20202434
488807.58572053787,6190176.853831298,1475065216.0,paragliders,20202434
488821.77558839385,6190164.842793138,1475065216.0,paragliders,20202434
488862.74757333717,6190173.822156614,1475065216.0,paragliders,20202434
486525.5302564679,6190177.319300027,1475067264.0,paragliders,20202434
485576.5867139131,6193701.02305791,1475151232.0,paragliders,20202553
485622.3606421542,6193648.646023828,1475151232.0,paragliders,20202582
485658.99884197325,6193585.600715205,1475151104.0,paragliders,20202599
486105.8040417773,6193944.321031601,1474718592.0,paragliders,20203167
485854.44679739827,6193641.297503513,1476096768.0,paragliders,20203199
486064.9672182294,6193706.123262074,1478000128.0,paragliders,20203809
485548.33519873145,6193792.057850032,1479386240.0,paragliders,20204136
485799.36438007944,6193774.932431858,1480507904.0,paragliders,20204300
486180.4471595206,6193896.926079382,1487247744.0,paragliders,20205151
489611.5008896806,6194804.460235561,1487250304.0,paragliders,20205151
488144.5096898808,6192415.689628892,1487251328.0,paragliders,20205151
486451.2400162479,6192361.921018276,1487252480.0,paragliders,20205151
487952.6577614438,6190350.210721802,1487254400.0,paragliders,20205151
486036.0024327452,6193745.013734191,1487419392.0,paragliders,20205355
488118.86902308057,6192212.386172254,1487424640.0,paragliders,20205355
486039.15241529356,6193653.475355903,1487333376.0,paragliders,20205441
486062.6635218283,6193681.763751482,1487333376.0,paragliders,20205441
486054.67065579275,6193704.244328185,1487333376.0,paragliders,20205441
485825.6860345773,6193636.678702329,1487334656.0,paragliders,20205441
485883.68568429817,6193518.278207459,1487336576.0,paragliders,20205441
488668.15474033245,6192522.548308356,1487338368.0,paragliders,20205441
488174.3524401087,6192493.080174096,1487339520.0,paragliders,20205441
488335.7145742901,6192216.959076518,1487340544.0,paragliders,20205441
486074.84611514636,6193180.8055665735,1487419776.0,paragliders,20205445
486065.7026035692,6193408.919847753,1487421440.0,paragliders,20205445
486506.48471093475,6193763.684561032,1487424128.0,paragliders,20205445
486195.4392764447,6193652.452320763,1487507968.0,paragliders,20205455
485930.4631582501,6193166.51891981,1487509760.0,paragliders,20205455
485681.7458327891,6193626.047438561,1487766400.0,paragliders,20205642
485704.64708521316,6193643.689931852,1487766400.0,paragliders,20205642
485683.7096056633,6193684.593384978,1487766400.0,paragliders,20205642
489794.12979287026,6194962.92993613,1487768192.0,paragliders,20205642
488980.7483903492,6190028.195729057,1487770368.0,paragliders,20205642
485858.89079573826,6193128.048548269,1488112256.0,paragliders,20205787
485994.29612360237,6192367.688771488,1488113792.0,paragliders,20205787
486260.21161462076,6193819.789075053,1488114048.0,paragliders,20205787
485885.3419802358,6193758.360573963,1489062369.7842286,paragliders,20206029
485653.5674083578,6193679.6865686765,1489148160.0,paragliders,20206056
485762.2257825804,6193218.707854348,1489233408.0,paragliders,20206087
485819.41638696735,6193755.937488821,1489234176.0,paragliders,20206091
485647.7482646526,6193508.411881607,1489233920.0,paragliders,20206101
485952.5410204887,6193652.390647612,1489234176.0,paragliders,20206125
489850.40258487104,6192862.305797089,1489239680.0,paragliders,20206125
485523.2188496119,6193475.897860548,1489234688.0,paragliders,20206135
486267.2947816935,6193960.108063375,1489236864.0,paragliders,20206140
485761.6730797184,6193524.365747482,1489233920.0,paragliders,20206141
485714.7946626726,6193569.720375241,1489233280.0,paragliders,20206143
485758.77098512434,6193481.444588232,1489233920.0,paragliders,20206144
489726.3425701262,6193237.613226993,1489244288.0,paragliders,20206144
489690.4344291854,6193173.788089838,1489244288.0,paragliders,20206144
485247.2411554157,6193854.800854335,1489234176.0,paragliders,20206149
486098.078946465,6193781.293280221,1489235456.0,paragliders,20206150
488333.5217287923,6193945.685128346,1489242880.0,paragliders,20206150
485672.1388955851,6193542.207299872,1489233920.0,paragliders,20206157
485740.6256641491,6193486.675087554,1489233920.0,paragliders,20206159
485680.92353326274,6193542.334617251,1489233920.0,paragliders,20206165
485247.98548921436,6193608.232624732,1489148160.0,paragliders,20206182
485907.8622259741,6193559.989684025,1489663616.0,paragliders,20206393
485648.15529295115,6193818.037282008,1489664640.0,paragliders,20206398
485769.05278267374,6193673.422444664,1489665152.0,paragliders,20206425
485543.68363316066,6193577.146757253,1489664256.0,paragliders,20206437
486027.7054526777,6193959.527320314,1489665792.0,paragliders,20206454
485935.57308526174,6193796.981776418,1489665664.0,paragliders,20206472
489119.5010730223,6193831.039218214,1489671552.0,paragliders,20206472
486099.244685577,6193797.5790523635,1489664640.0,paragliders,20206480
485760.8364300454,6193644.158762361,1489664768.0,paragliders,20206520
489276.9598741054,6193749.524329048,1489672576.0,paragliders,20206520
485415.40703183506,6193721.39549552,1489665152.0,paragliders,20206541
485627.7771690622,6193694.63650435,1489750912.0,paragliders,20206577
485513.94190054166,6193579.475499017,1489750784.0,paragliders,20206581
485514.25606530946,6193579.328299838,1489749888.0,paragliders,20206585
487012.898649557,6191664.533702064,1489759616.0,paragliders,20206585
485605.0405197026,6193495.862212028,1489750656.0,paragliders,20206589
485493.85843066825,6193744.810515038,1489750144.0,paragliders,20206590
485908.7079911445,6193751.871240587,1489756672.0,paragliders,20206601
485465.37288301653,6193507.831163443,1489750272.0,paragliders,20206626
485533.5320073518,6193647.644817106,1489749888.0,paragliders,20206648
485389.4854318711,6193690.030590183,1489750400.0,paragliders,20206652
485511.03036292223,6193530.320618182,1489664256.0,paragliders,20206680
488499.48382264515,6192646.61510704,1489672192.0,paragliders,20206680
485893.3534523046,6193700.475546555,1489751424.0,paragliders,20206691
486021.99632584094,6193606.173444119,1489751424.0,paragliders,20206722
486732.99634889193,6191883.341645358,1489759616.0,paragliders,20206722
488953.7479661164,6190229.916293142,1489760128.0,paragliders,20206722
485717.0302587137,6193722.6576220095,1489665408.0,paragliders,20206757
485880.1554377823,6193549.0996294385,1489665024.0,paragliders,20206778
485734.09543354774,6193382.937780659,1489751552.0,paragliders,20206780
485749.24355859763,6193379.4554818375,1489751552.0,paragliders,20206780
485755.03484728554,6193458.769111329,1489751552.0,paragliders,20206780
485695.9039922855,6193487.107212083,1489749504.0,paragliders,20206843
489653.69025375706,6191062.017112354,1489928576.0,paragliders,20206870
486129.68845340074,6193897.336864374,1489924352.0,paragliders,20206882
485700.92461728177,6193450.322605491,1489925120.0,paragliders,20206895
485923.5466569487,6192282.520398989,1489927296.0,paragliders,20206895
489947.74265218456,6192656.966949268,1489927936.0,paragliders,20206895
485675.8620955236,6193687.876569322,1489922944.0,paragliders,20206915
485690.04904480255,6193713.220193432,1489923840.0,paragliders,20206941
485514.56440601026,6193533.266435269,1489751168.0,paragliders,20206948
486182.2062683727,6193728.722300998,1489926016.0,paragliders,20206962
486029.2177256722,6193539.539433212,1489924992.0,paragliders,20206965
485926.84277296084,6193727.671740889,1489924480.0,paragliders,20206982
485575.34483052354,6193491.9385436075,1489750912.0,paragliders,20207013
485473.04462707427,6193517.596500774,1489924992.0,paragliders,20207085
485490.12733100716,6193491.226405864,1489924992.0,paragliders,20207085
485501.59098052094,6193490.9000056265,1489924992.0,paragliders,20207085
485875.3942274891,6193706.68901795,1490785280.0,paragliders,20207887
485810.3008134135,6193506.377475052,1490785408.0,paragliders,20208417
485814.9344234881,6190557.156072334,1490786176.0,paragliders,20208417
486244.3682823276,6193997.148726319,1491647616.0,paragliders,20208858
486152.558829129,6193850.790360255,1491647616.0,paragliders,20208858
486125.0682552722,6193844.341040619,1491647616.0,paragliders,20208858
486057.97132978134,6193808.427710597,1491647663.4096057,paragliders,20208858
485892.8200717668,6193704.729744623,1491647744.0,paragliders,20208858
485893.61406221084,6193700.723007122,1491647744.0,paragliders,20208858
485911.29325298325,6193688.686933095,1491647744.0,paragliders,20208858
485831.2504948038,6194484.803273314,1491651200.0,paragliders,20208858
485857.30161746586,6194402.957541802,1491651328.0,paragliders,20208858
485920.8774383665,6194350.0578696905,1491651328.0,paragliders,20208858
486096.86702905886,6193712.043781406,1491646848.0,paragliders,20208862
489036.7755747057,6193036.53504836,1491654400.0,paragliders,20208862
485974.5217175923,6193911.572892209,1491646080.0,paragliders,20208881
485950.91460823856,6193844.856640094,1491645952.0,paragliders,20208898
486033.8554900727,6193871.991517275,1491647360.0,paragliders,20208962
485486.3783575386,6193348.629991681,1491646080.0,paragliders,20209014
486186.96006775147,6193832.188720355,1491648128.0,paragliders,20209050
486378.08812739735,6194123.156072485,1491652736.0,paragliders,20209168
486490.4260671745,6190263.470029254,1491647360.0,paragliders,20209176
485976.9614308096,6193847.540865821,1491647488.0,paragliders,20209274
486213.2981755715,6193785.037384577,1491731968.0,paragliders,20209326
486109.78338816704,6193744.307407951,1491563008.0,paragliders,20209368
485976.8961074992,6193684.555484806,1491563136.0,paragliders,20209368
486134.5724571727,6193765.902784422,1491563136.0,paragliders,20209368
485998.1805112226,6191513.342007488,1491568640.0,paragliders,20209368
486494.2246817453,6190331.835028074,1491647232.0,paragliders,20209369
485965.26411949954,6193825.041970738,1491649024.0,paragliders,20209465
485589.8097404356,6193492.85092048,1491732992.0,paragliders,20209471
485992.4347476515,6193963.381057031,1491648000.0,paragliders,20209570
485625.96912565257,6193575.84984756,1491734784.0,paragliders,20209594
486081.0680734555,6193840.551527036,1491648384.0,paragliders,20209692
485907.3875504229,6193655.924262648,1491654144.0,paragliders,20209695
485346.2521616277,6193352.134012956,1491648512.0,paragliders,20209784
485975.4916232816,6193635.145710115,1491647360.0,paragliders,20209900
486450.3438067083,6194214.006627146,1491732992.0,paragliders,20209935
486068.4445549973,6193895.9818577245,1491648128.0,paragliders,20210349
485580.1554541113,6193694.923265655,1491731328.0,paragliders,20210420
489163.82730354794,6190448.909217627,1491739520.0,paragliders,20210420
486114.3166797907,6193825.622328917,1491647749.3106525,paragliders,20210475
486417.232111822,6194023.522403811,1491735040.0,paragliders,20210604
489703.6574233644,6191981.892857287,1491739008.0,paragliders,20210604
486023.2015977784,6193630.737544785,1492079360.0,paragliders,20210848
485531.38515362755,6193704.44363286,1492081024.0,paragliders,20210849
485542.2951998723,6193482.365915108,1491646208.0,paragliders,20211086
489748.17061270785,6192333.811556263,1491654784.0,paragliders,20211086
486045.8055098848,6193826.725288679,1492337664.0,paragliders,20211168
485582.5311841333,6193771.173522909,1492345344.0,paragliders,20211168
486245.407475562,6193881.747687688,1492338048.0,paragliders,20211190
485949.937368924,6193695.631713479,1492424448.0,paragliders,20211224
485727.6838760965,6193724.991962141,1492337792.0,paragliders,20211374
485751.74401008425,6193793.240761682,1492685696.0,paragliders,20211524
486069.5299745421,6193616.204265878,1492686592.0,paragliders,20211546
485977.754882415,6193663.864130931,1492686720.0,paragliders,20211562
489131.98629885586,6191916.440298586,1492688768.0,paragliders,20211562
489006.0776538181,6191955.781593235,1492688768.0,paragliders,20211562
489095.466642576,6191847.0745855905,1492688768.0,paragliders,20211562
485826.28933318483,6193666.036557536,1492771456.0,paragliders,20211601
485773.62389927695,6194326.001507034,1492776064.0,paragliders,20211601
485916.8101308213,6193577.693467568,1492856320.0,paragliders,20211849
485989.4950694936,6193778.381738752,1492858240.0,paragliders,20211860
485857.923301273,6193773.345385003,1492856320.0,paragliders,20211878
486048.01480386464,6193803.44072568,1492856448.0,paragliders,20211880
486071.67042280297,6193754.718921312,1492855168.0,paragliders,20211887
485607.586140182,6193404.696546298,1492858112.0,paragliders,20211902
485765.01776778855,6193532.097370242,1492857984.0,paragliders,20211952
486102.8892938035,6193643.851105695,1492857472.0,paragliders,20211969
486303.9025840474,6190835.632443603,1492867840.0,paragliders,20211990
485954.62101844687,6193658.472099819,1492941056.0,paragliders,20212053
485843.7511983129,6194749.668227378,1492946816.0,paragliders,20212053
485928.61833537836,6193836.5447469605,1492942848.0,paragliders,20212089
486444.2536526116,6191553.60593416,1492946176.0,paragliders,20212089
489262.302674737,6190043.823280255,1492946816.0,paragliders,20212089
485669.95354962145,6193618.43867969,1492943616.0,paragliders,20212097
485883.7889908542,6193495.79568742,1492853888.0,paragliders,20212147
485860.3224056098,6193469.450360708,1492853888.0,paragliders,20212147
485740.1322204896,6193585.559290093,1492853888.0,paragliders,20212147
485136.88736470224,6193074.529555792,1492860672.0,paragliders,20212147
485794.7506489528,6193502.936497895,1492938880.0,paragliders,20212148
485433.8001820888,6193473.779542011,1492941440.0,paragliders,20212165
485869.40529238625,6193632.457462872,1492943616.0,paragliders,20212167
486104.0826550345,6193788.059002926,1492858240.0,paragliders,20212171
485879.31705375,6193679.2933589285,1492942208.0,paragliders,20212178
486178.4915177806,6193952.384716857,1492941824.0,paragliders,20212187
485173.75494844816,6193012.684315921,1492945792.0,paragliders,20212187
485994.50698763784,6193779.473791252,1492942720.0,paragliders,20212422
485734.4207147181,6193530.957358334,1492855552.0,paragliders,20212499
485224.64993334166,6193057.918882824,1492865280.0,paragliders,20212499
485194.2541432405,6193055.399045014,1492865280.0,paragliders,20212499
485197.6297024073,6193070.003324354,1492865280.0,paragliders,20212499
489899.0852719446,6190120.616278384,1492866688.0,paragliders,20212499
486099.4117179164,6193841.668919243,1493375872.0,paragliders,20212766
485871.9507965903,6192190.974145494,1493384064.0,paragliders,20212766
486094.47922652797,6193765.032711975,1492855168.0,paragliders,20213146
485040.99709290196,6193305.108512902,1492860416.0,paragliders,20213146
489979.08297854837,6194418.098379737,1492861952.0,paragliders,20213146
485872.66026451124,6193466.519995899,1493641344.0,paragliders,20213180
485725.8883675902,6193621.945462083,1492944768.0,paragliders,20213222
486205.6790572314,6193836.223673831,1494153600.0,paragliders,20213405
486528.9362993043,6190144.794904715,1494242816.0,paragliders,20213457
485954.1871007834,6193652.752487849,1494237952.0,paragliders,20213458
485581.59973696625,6192164.562192412,1494242688.0,paragliders,20213458
486019.6682041902,6193387.079987673,1494241792.0,paragliders,20213489
486450.0742928119,6190298.105840976,1494242688.0,paragliders,20213489
489882.50911436114,6190949.082406543,1494244352.0,paragliders,20213489
485920.82363530155,6193640.979784927,1494239872.0,paragliders,20213504
486036.611604202,6193480.860144835,1494240768.0,paragliders,20213510
485810.852465405,6192184.20456901,1494251136.0,paragliders,20213515
486005.7952371987,6193574.597832469,1494241536.0,paragliders,20213526
486051.57330583903,6193471.528062363,1494240768.0,paragliders,20213650
486005.2681133227,6193485.663247012,1494240768.0,paragliders,20213650
485844.12547969597,6193515.354367317,1494240768.0,paragliders,20213650
485986.05478647223,6193710.50643388,1494844672.0,paragliders,20214028
486010.9562419097,6193600.0775286425,1495623424.0,paragliders,20215528
485619.47872128227,6193618.326877849,1495622272.0,paragliders,20215529
486377.3043374191,6193763.587091146,1495707136.0,paragliders,20215653
489775.36504069995,6194714.986130687,1495719424.0,paragliders,20215655
485827.5529270799,6193712.18481641,1495707520.0,paragliders,20215657
486092.3504078568,6193780.333760772,1495705088.0,paragliders,20215664
486219.3322762789,6193817.385158229,1495709824.0,paragliders,20215664
486138.6491419942,6193723.273232458,1495703808.0,paragliders,20215680
485281.01081159915,6190808.549519491,1495721344.0,paragliders,20215682
485227.04856332287,6193296.604093315,1495709056.0,paragliders,20215761
486126.7119918615,6193742.491988342,1495709440.0,paragliders,20215762
488974.235422894,6191189.304925878,1495711872.0,paragliders,20215762
488966.18992944533,6190530.877307128,1495713024.0,paragliders,20215762
485780.19769095426,6193580.339481052,1495707392.0,paragliders,20216347
486658.1239780773,6191913.465518252,1495710336.0,paragliders,20216347
489534.54647816386,6192771.5347760115,1495712768.0,paragliders,20216347
485986.9969040008,6193699.779413742,1495705600.0,paragliders,20216414
486198.1787608952,6193843.981769299,1495709440.0,paragliders,20216573
486249.0953328933,6193948.139752938,1497090560.0,paragliders,20217877
486013.84729299234,6193875.337626719,1497090560.0,paragliders,20217880
486247.7002851928,6193989.540639525,1497176832.0,paragliders,20218130
487139.9411627437,6191529.120042451,1497185792.0,paragliders,20218130
485733.22215564066,6193633.181940644,1497177216.0,paragliders,20218134
485756.89322554064,6193655.510156915,1497177216.0,paragliders,20218134
485711.55963531695,6193686.621955827,1497177216.0,paragliders,20218134
485727.05979996716,6193632.682256842,1497177216.0,paragliders,20218134
485643.8282665715,6193571.90121186,1497177344.0,paragliders,20218134
485720.1415765952,6193656.782701144,1497177216.0,paragliders,20218138
485730.35183875496,6193685.530986005,1497177216.0,paragliders,20218138
485678.53717385326,6193677.47801489,1497177216.0,paragliders,20218138
485725.29632606683,6193680.498331346,1497177216.0,paragliders,20218138
485665.7092904758,6193568.09950272,1497177290.2968838,paragliders,20218138
485690.08491499984,6193611.529157924,1497177344.0,paragliders,20218138
485532.99307635275,6193695.185944818,1497177344.0,paragliders,20218138
485618.492917494,6193745.599199756,1497177472.0,paragliders,20218138
485656.01537978393,6193741.046434219,1497177472.0,paragliders,20218138
486259.88916747173,6193907.773041945,1497178752.0,paragliders,20218174
485250.7795920825,6193360.809023996,1497182976.0,paragliders,20218174
486758.9727087653,6190301.324864846,1497183488.0,paragliders,20218174
485661.7122899302,6193573.936957536,1497177344.0,paragliders,20218237
485391.6693158663,6193246.25762448,1497183232.0,paragliders,20218237
485387.2540401734,6193201.585350865,1497183232.0,paragliders,20218237
485401.7458334762,6193226.558342529,1497183232.0,paragliders,20218237
485396.2373436927,6193217.424508067,1497183232.0,paragliders,20218237
486733.2977638026,6191532.224913382,1497184128.0,paragliders,20218237
485923.6718553626,6193585.108497433,1497178240.0,paragliders,20218238
486015.6389299305,6193714.390815489,1497177856.0,paragliders,20218251
486045.11520469404,6193792.020706891,1497090816.0,paragliders,20218275
486271.62847174966,6193846.420856097,1492855424.0,paragliders,20218652
485964.18895782717,6193718.931978682,1497699456.0,paragliders,20218827
486073.24488244153,6193930.335007767,1497784064.0,paragliders,20218887
485720.9289996321,6193596.541812123,1497785856.0,paragliders,20218905
486622.07260211126,6190172.037202154,1497787776.0,paragliders,20218905
486159.4177724006,6193849.482464349,1497784832.0,paragliders,20218906
486347.8907674686,6193955.236446127,1497695488.0,paragliders,20218925
486206.5943098813,6193980.80229778,1497783424.0,paragliders,20218927
486020.8811358691,6193909.988649299,1497784064.0,paragliders,20218936
486096.07201278396,6193733.439217461,1497697408.0,paragliders,20218943
486518.8473752484,6190249.794624853,1497700992.0,paragliders,20218943
486508.51844296,6190218.927069247,1497700992.0,paragliders,20218943
486394.8325248904,6190419.7188599445,1497701248.0,paragliders,20218943
486077.18981435953,6193869.936221857,1497783936.0,paragliders,20218947
486145.7760023038,6193802.918021524,1497784704.0,paragliders,20218968
485396.83424668474,6193412.290200063,1497700992.0,paragliders,20219065
485984.8800495387,6193747.204561766,1497785216.0,paragliders,20219076
486084.1482654073,6193845.832466047,1498129408.0,paragliders,20219485
486181.9697007879,6193923.035634453,1497784320.0,paragliders,20219751
486169.6432225185,6193883.191926123,1499163648.0,paragliders,20220362
489363.0452213857,6192726.462739913,1499171840.0,paragliders,20220362
486269.7989939764,6193939.956759404,1499163648.0,paragliders,20220422
486290.9636100457,6193945.374114316,1499163648.0,paragliders,20220422
486267.3891555009,6193902.802646816,1499163648.0,paragliders,20220422
486010.4015643828,6193918.905470605,1499163776.0,paragliders,20220426
485980.065399123,6193943.603023218,1499163776.0,paragliders,20220429
486080.0474229972,6193953.271372695,1499163648.0,paragliders,20220448
486206.04165763257,6193848.917181813,1499165312.0,paragliders,20220483
486046.43777105893,6193831.014469232,1499165184.0,paragliders,20220721
486096.08890768903,6193869.71335488,1499164288.0,paragliders,20220913
485940.97763093596,6193863.3890565075,1500116096.0,paragliders,20221312
486472.56058287586,6190040.975353908,1500118272.0,paragliders,20221312
485952.34519470384,6193785.298975875,1500204928.0,paragliders,20221409
485927.21252382273,6193767.372616912,1500204928.0,paragliders,20221620
486436.4966314549,6190209.802473459,1500205952.0,paragliders,20221620
486136.25582057406,6193845.4639478065,1500119424.0,paragliders,20222385
485483.1075796173,6193792.461122717,1489669888.0,paragliders,20223115
486129.47745501355,6193737.987481789,1502538240.0,paragliders,20223208
485772.8857279687,6193736.024880462,1500205952.0,paragliders,20223249
485766.8283720121,6193747.728080334,1500205952.0,paragliders,20223249
485764.1270311144,6193756.414579242,1500205952.0,paragliders,20223249
486434.52409226965,6190253.127955608,1500207232.0,paragliders,20223249
485824.93917112413,6193729.668908429,1500029568.0,paragliders,20223250
485673.90475585224,6193746.443111901,1500032512.0,paragliders,20223250
485673.1490556707,6193760.825797761,1500032512.0,paragliders,20223250
485664.1734011219,6193782.078105205,1500032512.0,paragliders,20223250
485901.24964694923,6193934.037951001,1503315072.0,paragliders,20224360
485934.2539346886,6193938.11476257,1503315072.0,paragliders,20224360
485872.05019441893,6193961.486041266,1503315072.0,paragliders,20224360
485879.7049312114,6193929.109071891,1503315072.0,paragliders,20224360
485890.52237790223,6193922.4890170265,1503315072.0,paragliders,20224360
485924.9653708497,6193917.977563024,1503315072.0,paragliders,20224360
485967.3711833807,6193919.995278486,1503315072.0,paragliders,20224360
486439.9826034624,6190281.224921803,1503320704.0,paragliders,20224360
486407.13577869785,6190297.291028375,1503320704.0,paragliders,20224360
486460.062820451,6190216.901489744,1503320704.0,paragliders,20224360
488951.6164316812,6192885.135227456,1503323136.0,paragliders,20224360
489539.1167606447,6192808.692639704,1503324672.0,paragliders,20224360
487467.18507898494,6191398.465724084,1503409536.0,paragliders,20224432
486051.8020933225,6193737.282869467,1503399168.0,paragliders,20224503
487739.9461263713,6190885.917345798,1503410176.0,paragliders,20224503
487849.10506230296,6191256.257179922,1503411099.0303504,paragliders,20224526
486230.53154927515,6193712.903798785,1503399552.0,paragliders,20224544
486308.1660186395,6193733.916444492,1503399552.0,paragliders,20224544
486279.146337636,6193760.0554933,1503399552.0,paragliders,20224544
486251.0378104496,6193776.067898563,1503399552.0,paragliders,20224544
486236.9977412361,6193785.199679149,1503399552.0,paragliders,20224544
486245.0045365624,6193761.90828217,1503399424.0,paragliders,20224572
486339.95860896667,6193735.350704623,1503399424.0,paragliders,20224602
486256.34670007793,6193773.585804748,1503399424.0,paragliders,20224634
486326.8406276723,6193752.624363242,1503399424.0,paragliders,20224653
486162.38563877094,6193609.002961875,1503400576.0,paragliders,20224962
485911.7146682084,6193657.055977401,1503401088.0,paragliders,20224962
489648.94406707794,6192319.402514743,1503404416.0,paragliders,20224962
486010.35335614905,6194286.239966781,1503919488.0,paragliders,20225240
485445.3913938173,6193568.431385834,1503920512.0,paragliders,20225240
486880.61986598995,6190641.989061476,1503929088.0,paragliders,20225240
486089.755713933,6193729.569486373,1503399808.0,paragliders,20225247
486217.1044096831,6194238.327465202,1503921024.0,paragliders,20225350
486260.05762944,6194231.855697232,1503921024.0,paragliders,20225350
485952.93482406926,6194233.947076158,1503921024.0,paragliders,20225350
485964.41212398134,6194252.4897682285,1503921024.0,paragliders,20225350
486105.8564423355,6193959.362674315,1503921280.0,paragliders,20225350
486536.100012104,6190120.657568082,1503923712.0,paragliders,20225350
486312.7243537378,6193701.902726905,1504348544.0,paragliders,20225438
486446.49426105944,6193742.105427762,1504349312.0,paragliders,20225438
486391.23706979357,6193820.613227691,1504351872.0,paragliders,20225438
486293.7079837662,6193828.233699651,1504350336.0,paragliders,20225448
485978.2165950121,6193624.146891811,1504262528.0,paragliders,20225460
486307.5967498747,6193901.978075222,1504262784.0,paragliders,20225464
485961.0548848461,6193595.1131152045,1504262528.0,paragliders,20225465
486106.036320828,6193551.254342109,1504263680.0,paragliders,20225465
485836.9584682677,6193741.032208938,1504604416.0,paragliders,20225822
489569.0512231383,6191891.287702702,1504614272.0,paragliders,20225922
486100.1064164853,6193731.727043504,1505991296.0,paragliders,20226401
486047.4267922039,6193863.956561113,1505992192.0,paragliders,20226404
485915.23601157835,6193684.859432787,1505993728.0,paragliders,20226411
486064.1947804271,6193747.762528567,1505991680.0,paragliders,20226437
486024.0859207441,6193749.994933098,1505991552.0,paragliders,20226454
486192.1849054107,6193901.975829053,1505992576.0,paragliders,20226462
486046.84206177143,6193819.594210075,1506164480.0,paragliders,20226530
486125.440622008,6193953.096543566,1506164864.0,paragliders,20226586
486226.6987154244,6194040.383044542,1506164992.0,paragliders,20226586
486203.41274039465,6193884.919451821,1506164992.0,paragliders,20226586
486100.230599208,6193742.536814985,1506165376.0,paragliders,20226595
486081.0937343984,6193626.250176495,1506166784.0,paragliders,20226595
486070.5125358578,6193832.414947181,1506174720.0,paragliders,20226595
486079.0051475693,6193576.055833779,1506168064.0,paragliders,20226611
485775.9210488865,6193485.15687578,1506249728.0,paragliders,20226678
485838.26326113375,6193443.066995389,1506249728.0,paragliders,20226678
485746.8311274378,6193355.700278184,1506249728.0,paragliders,20226678
485739.29655560333,6193387.006848419,1506249728.0,paragliders,20226678
485705.9227221985,6193420.8923896635,1506249856.0,paragliders,20226678
485899.2648385342,6193593.939317579,1506250240.0,paragliders,20226680
485863.66139766516,6193459.121229196,1506249600.0,paragliders,20226705
486019.3868745962,6194908.542236676,1506250240.0,paragliders,20226705
486068.5328895445,6193636.303353836,1506251520.0,paragliders,20226705
486458.21836359013,6190603.980062049,1506253056.0,paragliders,20226705
486224.239974382,6193914.277388659,1506164224.0,paragliders,20226721
485380.4904218985,6193465.318054902,1506169856.0,paragliders,20226721
485677.7190258688,6193451.673589692,1506247936.0,paragliders,20226723
486180.998494901,6193837.845716084,1506164480.0,paragliders,20226725
486165.6350613889,6193872.174710483,1506165248.0,paragliders,20226732
485734.9638719808,6193435.382312894,1506251264.0,paragliders,20226734
486198.0566691548,6193840.701503474,1506252544.0,paragliders,20226737
489333.4693404033,6190446.572931137,1506258176.0,paragliders,20226737
486073.8353096464,6193760.557588673,1506165504.0,paragliders,20226740
485502.99152471725,6193459.65615245,1506250752.0,paragliders,20226742
486236.6593978438,6193856.8596721,1506163968.0,paragliders,20226743
486156.29812085425,6193857.023839925,1506165120.0,paragliders,20226743
486392.9411489925,6193814.847967385,1506251648.0,paragliders,20226783
486108.4545627928,6193700.274877712,1506166656.0,paragliders,20226827
486110.3482736434,6193822.053872205,1506165248.0,paragliders,20226885
486055.0728263262,6193442.312159511,1506250240.0,paragliders,20226892
485671.399178232,6193514.776588415,1506248192.0,paragliders,20226936
486047.84503957315,6193790.335509693,1505993600.0,paragliders,20227160
486072.6116695338,6193794.866486288,1505993600.0,paragliders,20227160
486069.5443971761,6193846.830467646,1505993600.0,paragliders,20227160
486022.66122298595,6193843.016387319,1505993600.0,paragliders,20227160
485870.4759931605,6193709.477955843,1505993600.0,paragliders,20227160
485706.7695750203,6193605.31174461,1506597504.0,paragliders,20227162
485486.1777216185,6193864.4238744695,1506595584.0,paragliders,20227282
485462.9975820204,6193877.853452719,1506595584.0,paragliders,20227282
485485.1549349108,6193871.715943886,1506595584.0,paragliders,20227282
485463.4887699543,6193792.269981848,1506595712.0,paragliders,20227282
485798.6798371236,6193488.380165356,1506681216.0,paragliders,20227283
485318.29107993614,6193421.413920288,1506682880.0,paragliders,20227411
485901.54471603513,6193647.672042243,1506687488.0,paragliders,20227411
485731.5168461184,6193492.7943114275,1506688768.0,paragliders,20227712
486217.68338982784,6191126.385894674,1506691072.0,paragliders,20227712
486094.6341329501,6194013.726087822,1507463552.0,paragliders,20227799
486097.4972086049,6193996.0179533325,1507463552.0,paragliders,20227799
486040.1309731191,6193979.387420679,1507463552.0,paragliders,20227799
486655.4802065731,6190616.0243044635,1507465216.0,paragliders,20227799
485441.4620229008,6193286.316817448,1506683392.0,paragliders,20227952
486386.1642571807,6190742.760260048,1506691328.0,paragliders,20227952
486590.3001011146,6190533.801452039,1506691712.0,paragliders,20227952
485401.9178507786,6193686.87461556,1507891328.0,paragliders,20228043
486233.76189992257,6193880.672350747,1507895936.0,paragliders,20228047
485971.7891024322,6193650.387927065,1507892608.0,paragliders,20228048
485689.57059697725,6193715.640123081,1507890944.0,paragliders,20228066
485674.25301809725,6193764.61945033,1507890560.0,paragliders,20228069
486184.4451885248,6193817.139871628,1507891840.0,paragliders,20228070
485732.71130029036,6193809.9034342095,1507890048.0,paragliders,20228071
489017.76659981016,6192644.183728095,1507901696.0,paragliders,20228071
486154.4433844985,6193669.359519029,1507892608.0,paragliders,20228078
485533.11125556665,6193647.579208618,1507891968.0,paragliders,20228087
485766.77849174384,6193700.010420628,1507891712.0,paragliders,20228091
485872.22954947315,6193587.569239351,1507892480.0,paragliders,20228092
486109.9272722844,6193607.327743057,1507893376.0,paragliders,20228095
485469.0712057914,6193665.19381206,1507891328.0,paragliders,20228096
485798.34433697385,6193633.628450367,1507892608.0,paragliders,20228097
485556.2062196503,6193596.1728301225,1507891200.0,paragliders,20228098
486110.0250471901,6193731.682381122,1507892096.0,paragliders,20228100
485771.80410649034,6193677.945090684,1507890944.0,paragliders,20228103
485438.4010661416,6192123.2201358145,1507900544.0,paragliders,20228103
486160.9384681706,6193820.288704164,1507891968.0,paragliders,20228113
486096.8988008095,6193629.199823468,1507892864.0,paragliders,20228120
485935.69400005543,6193627.043698433,1507892608.0,paragliders,20228123
486068.1567898892,6193761.364381479,1507892096.0,paragliders,20228127
486187.07076027204,6193794.851703696,1507891968.0,paragliders,20228128
486423.43070608925,6190206.18112862,1507895808.0,paragliders,20228128
486434.94309313735,6190209.848347895,1507895808.0,paragliders,20228128
486376.8921783994,6190188.454835048,1507895808.0,paragliders,20228128
488537.3008375032,6190534.388534123,1507905280.0,paragliders,20228129
485710.14976054087,6193654.76540505,1507890560.0,paragliders,20228141
486198.13961616193,6193751.89614759,1507892608.0,paragliders,20228158
486049.11637342256,6193678.051036669,1507892096.0,paragliders,20228171
486558.6211016583,6194344.307524908,1507980032.0,paragliders,20228172
485741.3652612918,6193514.256822876,1507980416.0,paragliders,20228172
486053.5754740058,6193530.728544347,1507893632.0,paragliders,20228238
486036.58755101624,6193826.655282916,1507978240.0,paragliders,20228407
489440.09421137895,6194404.4674144,1507982720.0,paragliders,20228407
486151.06603900983,6193828.169620928,1507892096.0,paragliders,20228438
485853.4322525211,6193438.42698579,1507899776.0,paragliders,20228463
485960.11764503905,6193925.476302921,1507978240.0,paragliders,20228532
486145.7485495193,6193871.165818756,1509017088.0,paragliders,20228566
485948.033641409,6193885.557847096,1509018496.0,paragliders,20228641
485861.9927912916,6193519.74977537,1509540096.0,paragliders,20228753
485539.15286531736,6193612.123459038,1509541888.0,paragliders,20228753
489966.7325374198,6194630.351310543,1509543680.0,paragliders,20228753
486119.1358246523,6193830.526325936,1509539840.0,paragliders,20228766
488990.65154970647,6192996.031884429,1509542144.0,paragliders,20228766
489037.09644618485,6193402.653622035,1509543424.0,paragliders,20228766
489292.46741830977,6191536.923401658,1509544448.0,paragliders,20228766
485727.48685670295,6193568.618443379,1509540224.0,paragliders,20228804
488981.4182244884,6193166.983315441,1509542144.0,paragliders,20228804
489615.7410220234,6193404.728845597,1509543040.0,paragliders,20228804
489520.66777253593,6193450.407469042,1509543168.0,paragliders,20228804
489063.4445414084,6191402.805097152,1509544320.0,paragliders,20228804
489994.3450716707,6192398.043309923,1523793024.0,paragliders,20232311
485114.6737835302,6193216.080904612,1523970944.0,paragliders,20232553
485766.5534346462,6193858.25497147,1524133632.0,paragliders,20234035
485883.12585830386,6193575.5305273235,1525605632.0,paragliders,20238078
485936.2610758514,6193604.730679886,1525605760.0,paragliders,20238078
485859.2048553904,6193515.146298369,1525605760.0,paragliders,20238078
485770.35126232955,6193617.368695397,1525605888.0,paragliders,20238078
486710.6399326425,6193921.2430608105,1525606400.0,paragliders,20238078
485832.9028869036,6193599.957712569,1526041216.0,paragliders,20238746
489437.6655593559,6191851.936311204,1526046976.0,paragliders,20238746
485840.05517886777,6193609.679754919,1526033920.0,paragliders,20238878
485807.22561392916,6193476.377579522,1526034848.966516,paragliders,20238891
486157.68378735887,6192573.16125861,1526038528.0,paragliders,20238891
486182.5549748016,6192619.14899716,1526038528.0,paragliders,20238891
486131.8473366608,6192644.013929799,1526038528.0,paragliders,20238891
489881.87303790444,6193255.299845861,1526038400.0,paragliders,20238912
489997.13880364556,6193221.694631011,1526038528.0,paragliders,20238912
489935.98171149543,6193254.8353173,1526038528.0,paragliders,20238912
486327.6477494805,6193988.963578798,1526032640.0,paragliders,20238965
486220.7029849776,6193864.644264659,1527069824.0,paragliders,20239867
486038.18539427756,6193838.879645229,1529490432.0,paragliders,20242043
485539.6866204997,6193439.165919363,1529494144.0,paragliders,20242201
485895.58203694783,6193655.335979128,1529490688.0,paragliders,20242391
485901.296735533,6193651.394072488,1529493120.0,paragliders,20242575
485943.6728280608,6193601.069137163,1529751296.0,paragliders,20242596
486111.94237923535,6193916.63295655,1529838336.0,paragliders,20242760
485858.82627813425,6193738.704296885,1529838976.0,paragliders,20242782
486031.4866754012,6193775.149628769,1530010368.0,paragliders,20243071
485402.33342825965,6193271.06461317,1530020480.0,paragliders,20243071
486033.06755538436,6193932.191874255,1530441088.0,paragliders,20243841
485838.750684434,6193707.426298289,1530445824.0,paragliders,20243864
486023.22264542204,6193837.551601188,1530440960.0,paragliders,20244168
485923.7240744156,6193727.061309759,1530010880.0,paragliders,20244248
486117.74266158114,6193660.817580395,1529923968.0,paragliders,20244440
486087.8350910341,6193800.693827051,1532344192.0,paragliders,20246355
485571.27870896633,6191600.697883164,1532348288.0,paragliders,20246355
485923.5752302278,6193826.762250141,1532343168.0,paragliders,20246424
486526.7831057901,6190399.738516882,1532347008.0,paragliders,20246424
485648.21984580223,6193450.407390623,1529752064.0,paragliders,20247243
486132.1102812869,6193860.803861943,1532001024.0,paragliders,20247787
486031.0732637035,6193666.125143178,1533211264.0,paragliders,20248066
489517.1296791065,6190573.155684275,1533215360.0,paragliders,20248066
486068.8058159209,6193680.004818543,1533293568.0,paragliders,20248094
485773.89221593406,6193528.19694631,1533295360.0,paragliders,20248097
485928.6400269502,6193656.568470855,1533295232.0,paragliders,20248099
486072.6552064656,6193578.821111518,1533295488.0,paragliders,20248101
485886.70074672403,6193632.945916941,1533297024.0,paragliders,20248191
485962.3668785931,6193680.612055985,1533295232.0,paragliders,20248264
486114.1683881052,6193704.883371127,1533293568.0,paragliders,20248292
485107.15947511763,6193443.822383004,1533298176.0,paragliders,20248292
485936.98032720195,6193711.769170348,1533379456.0,paragliders,20248295
485558.40365273174,6193397.120301364,1524133888.0,paragliders,20248298
486043.0591589897,6193714.608103295,1533382784.0,paragliders,20248300
486042.1389387856,6193813.199854511,1533389184.0,paragliders,20248300
486156.19868796086,6193793.082370091,1533379584.0,paragliders,20248311
489291.0572038242,6190060.537095927,1533388672.0,paragliders,20248311
485936.8264132357,6193635.814212886,1533379567.9409418,paragliders,20248326
486044.7223785765,6193862.435410878,1533378560.0,paragliders,20248328
485968.56388492405,6193736.167071319,1533379456.0,paragliders,20248351
485973.8542371874,6193728.268303626,1533379456.0,paragliders,20248351
485980.29897625645,6193701.336467081,1533379456.0,paragliders,20248351
485335.8035735591,6192681.870237334,1533386752.0,paragliders,20248351
485901.93958013493,6193700.651045369,1533379072.0,paragliders,20248434
485973.3230800307,6193506.399373191,1533467136.0,paragliders,20248461
486554.81346513075,6190185.46598813,1533468928.0,paragliders,20248461
489936.37069685204,6190600.517191913,1533470336.0,paragliders,20248461
485972.3372758858,6193730.461197159,1533464960.0,paragliders,20248462
486203.77240161045,6193865.544461058,1533378304.0,paragliders,20248489
486026.4423194815,6193818.914152121,1533379456.0,paragliders,20248542
486070.88909577834,6193737.495044525,1533467520.0,paragliders,20248544
485881.0103737721,6193765.20852995,1533554560.0,paragliders,20248656
486241.08468108386,6193897.808571228,1533377664.0,paragliders,20248702
485676.34508442634,6193637.073980286,1533555072.0,paragliders,20248714
485912.69327787915,6193727.184668587,1533555200.0,paragliders,20248714
485926.4474706789,6193672.876561594,1533555200.0,paragliders,20248714
485863.6789393485,6193689.5785037335,1533555200.0,paragliders,20248714
485896.1698039932,6193633.596077895,1533555200.0,paragliders,20248714
486167.71014780796,6193790.18107176,1533209984.0,paragliders,20248723
486079.6403363538,6193810.749046829,1532601216.0,paragliders,20248724
486018.3734702513,6193739.171023654,1531824256.0,paragliders,20248727
485589.2878411141,6194936.246347756,1531825024.0,paragliders,20248727
486644.2821956769,6190452.567987499,1531826304.0,paragliders,20248727
485971.8114084822,6193768.276067859,1529838720.0,paragliders,20248728
486004.45362062764,6193623.779932505,1529749504.0,paragliders,20248729
485852.35084675613,6193720.802087477,1529489664.0,paragliders,20248730
485809.2734595168,6192468.094090297,1529494528.0,paragliders,20248730
485655.64310776,6193633.044893541,1533555968.0,paragliders,20248794
486178.3088870528,6193730.618365331,1533379584.0,paragliders,20248837
485939.2407239161,6192222.399984417,1533563008.0,paragliders,20248852
486163.35615641356,6193780.62357687,1534413696.0,paragliders,20249603
486221.7369850237,6193842.501050733,1534415744.0,paragliders,20249603
486094.4727106091,6193888.097851363,1534415104.0,paragliders,20249628
485757.5773201582,6190703.758493527,1534417280.0,paragliders,20249628
485790.00387748244,6190782.885382051,1534417280.0,paragliders,20249628
485726.4430212345,6190796.666890972,1534417280.0,paragliders,20249628
485730.4356013378,6190804.250395305,1534417280.0,paragliders,20249628
485757.69598469854,6190709.6168005755,1534417280.0,paragliders,20249628
485672.4423893245,6190591.070689645,1534417408.0,paragliders,20249628
486565.7217847182,6190303.47178794,1534417664.0,paragliders,20249628
486125.91148126964,6193800.214761251,1533468288.0,paragliders,20249629
485878.28759214253,6193578.213459505,1533380736.0,paragliders,20249630
486043.00168507104,6193790.576868542,1533465728.0,paragliders,20249808
486009.6066362282,6193787.150442944,1533465728.0,paragliders,20249808
485994.1941118504,6193807.606652275,1533465728.0,paragliders,20249808
486014.6542569587,6193796.178064848,1534593536.0,paragliders,20249856
486492.0632478103,6192537.715824908,1534679296.0,paragliders,20249936
486601.2265434992,6190592.23419255,1534679680.0,paragliders,20249936
489773.68020711804,6190295.177156789,1534680576.0,paragliders,20249936
489667.11175169895,6190918.528939272,1534681728.0,paragliders,20249936
485941.24684073357,6193823.8123140065,1534673792.0,paragliders,20249984
486155.5214602161,6193738.68743709,1534676736.0,paragliders,20249984
485236.5861851349,6192889.033768068,1534677120.0,paragliders,20249984
486743.7151173588,6190309.646322588,1534677888.0,paragliders,20249984
486503.0304210653,6190108.141658263,1534679040.0,paragliders,20249984
486500.46651340375,6190134.820471561,1534679040.0,paragliders,20249984
486429.0214243332,6190155.395302207,1534679040.0,paragliders,20249984
486751.36136455415,6190657.120840472,1534679424.0,paragliders,20249984
489629.3145730623,6190902.796433703,1534681216.0,paragliders,20249984
485917.1991536162,6193865.966427207,1534673664.0,paragliders,20250094
489186.5491742801,6190244.352433158,1534677504.0,paragliders,20250094
489181.65624993865,6190229.8677764805,1534677504.0,paragliders,20250094
489130.59526277677,6190192.333310464,1534677632.0,paragliders,20250094
489137.3202882738,6190215.213924236,1534677632.0,paragliders,20250094
489192.1338695044,6190287.642080509,1534677632.0,paragliders,20250094
489142.5478448635,6190320.0067333905,1534677632.0,paragliders,20250094
489148.4344437919,6190327.371161452,1534677632.0,paragliders,20250094
489166.6640662663,6190331.915829322,1534677632.0,paragliders,20250094
489236.23246030614,6190261.196190657,1534677632.0,paragliders,20250094
489259.4690464031,6190227.7515095165,1534677632.0,paragliders,20250094
485923.80214514176,6193749.426922953,1534760064.0,paragliders,20250120
485913.04924314586,6193775.3928263765,1534760064.0,paragliders,20250120
485895.39324544463,6193707.092499542,1534760064.0,paragliders,20250120
485740.6888937149,6193736.629950714,1534760064.0,paragliders,20250120
485833.1005467833,6193471.240017557,1534760192.0,paragliders,20250120
485839.5637579407,6193485.864941339,1534760192.0,paragliders,20250120
485846.7727477081,6193498.794658822,1534760192.0,paragliders,20250120
485838.0634691919,6193698.736979938,1534764544.0,paragliders,20250153
485909.9452422722,6193613.653281015,1534761216.0,paragliders,20250208
486587.35579932935,6190233.498571149,1534763392.0,paragliders,20250208
486447.63570538774,6193676.897848413,1534763392.0,paragliders,20250210
486640.8971693098,6190318.370434747,1534764160.0,paragliders,20250210
486232.5092366056,6193949.305621228,1534850176.0,paragliders,20250233
486286.9480519323,6193823.252569783,1534850944.0,paragliders,20250240
486209.9222869198,6193800.559862729,1534850857.8422039,paragliders,20250254
486178.5369861946,6193805.636780653,1534849792.0,paragliders,20250257
486369.41893559915,6193813.636100738,1534850688.0,paragliders,20250263
486175.09762154974,6193522.32350853,1534680192.0,paragliders,20250272
486465.4759250835,6193421.749107523,1534678144.0,paragliders,20250313
486180.787591988,6193222.760488702,1534680320.0,paragliders,20250313
489769.5509765197,6190155.096518052,1534681728.0,paragliders,20250313
486189.85713284137,6193485.8812616225,1534933504.0,paragliders,20250336
485559.69005862373,6193269.009644045,1534934400.0,paragliders,20250342
485560.0467217468,6193270.255193954,1534934400.0,paragliders,20250342
485438.7202301307,6193333.231399846,1534934528.0,paragliders,20250342
486144.64916931203,6193778.325198915,1534676352.0,paragliders,20250350
485213.3911053714,6193428.976190797,1534760832.0,paragliders,20250353
486215.86310540535,6193838.0790919345,1534849792.0,paragliders,20250355
485477.6727623833,6193418.072050516,1534936448.0,paragliders,20251022
486240.44125772273,6193897.552680073,1537092864.0,paragliders,20253061
486223.3817761286,6193982.850964354,1537095424.0,paragliders,20253085
486197.2911346827,6193717.6856569685,1537097728.0,paragliders,20253121
485673.3586038951,6193672.008275843,1537096832.0,paragliders,20253124
485662.56474923907,6193670.584790109,1537096832.0,paragliders,20253124
485803.5766504267,6193536.571634657,1537096832.0,paragliders,20253124
485984.87515882606,6193971.4565379815,1537093888.0,paragliders,20253522
485800.1307867262,6193797.3419965515,1537446016.0,paragliders,20253549
485879.0992378464,6193479.404738589,1537439616.0,paragliders,20253599
485894.07332864904,6193546.373976675,1537439266.3914304,paragliders,20253620
485798.5056491817,6193512.434311644,1537439360.0,paragliders,20253620
485818.252301168,6193527.617894498,1537439360.0,paragliders,20253620
486092.26127388055,6193660.013059451,1537438976.0,paragliders,20253627
486124.9955542214,6193790.204732923,1537438976.0,paragliders,20253627
485922.25538193696,6193606.836210214,1537439104.0,paragliders,20253627
486085.50030947145,6193650.209085128,1537438976.0,paragliders,20253652
485801.0616565624,6193730.614953087,1537097728.0,paragliders,20253693
485765.03174164187,6193829.731574089,1537613824.0,paragliders,20253736
486658.06183986296,6190307.015253742,1537616512.0,paragliders,20253736
486646.17474686337,6190263.858451298,1537616512.0,paragliders,20253736
486704.93386996497,6190266.62105986,1537616512.0,paragliders,20253736
486575.8225390189,6190165.228795807,1537616640.0,paragliders,20253736
486499.46661046386,6194090.709729128,1537702656.0,paragliders,20253759
486049.36465343426,6194968.287320053,1537702912.0,paragliders,20253759
485710.3999384174,6193705.673544281,1537704064.0,paragliders,20253772
485749.4510938443,6193686.364945572,1538132352.0,paragliders,20254114
489597.7478071281,6194879.341631538,1538140672.0,paragliders,20254114
486165.2675475815,6193860.230291253,1538131840.0,paragliders,20254121
485658.18619250046,6190991.7833232,1538141824.0,paragliders,20254122
486085.89597901434,6193888.869484902,1538305024.0,paragliders,20254341
485972.0406411549,6193781.145459051,1538307072.0,paragliders,20254341
486165.9149307202,6193759.341757582,1534415616.0,paragliders,20254403
485496.8618533385,6193597.042258479,1535800960.0,paragliders,20254406
485331.87683951744,6193596.487525862,1535801088.0,paragliders,20254406
485467.32228141744,6193718.111598368,1535801088.0,paragliders,20254406
485866.7808102266,6190394.221344349,1535801984.0,paragliders,20254406
485845.37424824387,6190316.962552883,1535801984.0,paragliders,20254406
485766.93157274264,6190317.728625704,1535801984.0,paragliders,20254406
486684.26356646634,6190471.4771897625,1535802496.0,paragliders,20254406
486811.17831272405,6190590.540776168,1535807872.0,paragliders,20254406
485947.0257501553,6193574.655335319,1535714560.0,paragliders,20254408
485999.9199282626,6190923.619012275,1535715712.0,paragliders,20254408
485895.6747659478,6190773.245742438,1535716352.0,paragliders,20254408
485829.3354937584,6191038.4384161215,1535716608.0,paragliders,20254408
486358.3879773638,6191030.868596515,1535717632.0,paragliders,20254408
486128.3312941642,6191040.549911081,1535717632.0,paragliders,20254408
486124.97451713355,6191052.060437415,1535717632.0,paragliders,20254408
486484.30327698134,6191547.093165959,1535719424.0,paragliders,20254408
486262.5607292029,6191197.539965308,1535720192.0,paragliders,20254408
486638.31960411306,6190398.145794813,1535720448.0,paragliders,20254408
486114.1177203523,6193657.246986903,1534763008.0,paragliders,20254412
486517.71598509984,6190078.4614487365,1534764160.0,paragliders,20254412
486239.0527428649,6193987.132586682,1538737408.0,paragliders,20254583
485915.1080382552,6193706.582661404,1538738176.0,paragliders,20254587
485744.24344044994,6193535.169326629,1538736768.0,paragliders,20254605
486050.4089686209,6193802.236946818,1538738176.0,paragliders,20254611
485836.9640124272,6193530.209449643,1538738176.0,paragliders,20254624
486076.955871688,6193672.260601548,1538738176.0,paragliders,20254630
486111.35060784523,6193937.180442629,1538736768.0,paragliders,20254652
485835.523964901,6193749.302320908,1538737536.0,paragliders,20254682
486608.0034591667,6192329.938612138,1538745984.0,paragliders,20254682
485974.17077162594,6193725.583335276,1538132608.0,paragliders,20255012
489108.8480104835,6192631.3226269735,1538139264.0,paragliders,20255012
486194.3117225995,6193957.922847543,1540122496.0,paragliders,20255203
485876.03556564567,6192188.455234616,1540125312.0,paragliders,20255203
485572.6759716118,6193947.813710191,1540122112.0,paragliders,20255227
485573.0638427363,6193947.738567756,1540122112.0,paragliders,20255227
485601.20560575696,6193905.77634574,1540122112.0,paragliders,20255227
486307.9898333818,6193795.901776778,1540291072.0,paragliders,20255344
485790.67265548575,6193657.431769404,1540291712.0,paragliders,20255344
489213.2257599622,6191626.167978224,1540215808.0,paragliders,20255346
485450.5355819695,6193384.316203711,1550665472.0,paragliders,20256805
485621.0575765144,6193502.634292214,1550665728.0,paragliders,20256819
488921.60424339265,6191057.257204231,1550674176.0,paragliders,20256819
485612.7642260141,6193509.706585965,1550838400.0,paragliders,20256897
485619.0359277612,6193573.315881231,1550838784.0,paragliders,20256897
485490.9653991462,6193469.245271167,1550839168.0,paragliders,20256897
485491.50815626065,6193582.670063321,1550839680.0,paragliders,20256897
485500.5316878739,6193606.86949002,1550839680.0,paragliders,20256897
485450.0006064286,6193651.929209953,1550839680.0,paragliders,20256897
485448.89143656805,6193638.948568048,1550839680.0,paragliders,20256897
485406.4101874098,6193650.648216137,1550839680.0,paragliders,20256897
485359.1732748681,6193617.408467842,1550839680.0,paragliders,20256897
486511.17473874096,6194008.264125186,1551529088.0,paragliders,20257167
486058.14377651457,6193537.182766929,1553083904.0,paragliders,20257488
485667.5975619202,6193439.680795648,1553170944.0,paragliders,20257565
486426.82810624293,6191269.280145989,1553179776.0,paragliders,20257584
485574.5167521665,6193524.770054944,1553171072.0,paragliders,20257592
485598.18137767026,6193446.048023131,1553258496.0,paragliders,20257648
485818.5850435695,6193724.0774157755,1553338368.0,paragliders,20257888
486259.71267080936,6193986.297542995,1550841088.0,paragliders,20257890
486360.83130615513,6193704.438471469,1550841600.0,paragliders,20257890
486299.4838399224,6193665.430177401,1550841728.0,paragliders,20257890
486430.9762834219,6193977.5472049415,1550842112.0,paragliders,20257890
485293.41913034575,6193433.720009812,1553425920.0,paragliders,20258017
485956.68451923155,6193671.4707310265,1553423360.0,paragliders,20258493
485843.1011075012,6193729.107812205,1553945472.0,paragliders,20259033
486853.6666148029,6194132.868555779,1553947520.0,paragliders,20259051
485143.0447966317,6193247.681595103,1553947520.0,paragliders,20259338
485684.76631963573,6192363.709725528,1553943424.0,paragliders,20259366
485771.8958478789,6193535.55153448,1554029184.0,paragliders,20259580
485923.25571091374,6192016.946172336,1553942912.0,paragliders,20259663
488654.07670740894,6194220.338251271,1553945600.0,paragliders,20259663
486421.35508020734,6194115.976128383,1553941888.0,paragliders,20259694
486274.68191301584,6194141.241775933,1553941888.0,paragliders,20259694
486324.25880963454,6194202.068642151,1553941888.0,paragliders,20259694
489570.98919599684,6192070.310308601,1553946880.0,paragliders,20259694
489414.7789031886,6192118.95331452,1553947264.0,paragliders,20259694
489444.0973822902,6192197.027515922,1553947264.0,paragliders,20259694
489352.01349180524,6192125.548407239,1553947264.0,paragliders,20259694
488989.3297366946,6192261.909560439,1553947520.0,paragliders,20259694
485863.88284031244,6192875.888473226,1554043648.0,paragliders,20259700
486687.3934530621,6194265.530525481,1553942272.0,paragliders,20259748
486191.17887607176,6193581.754197387,1554029568.0,paragliders,20259755
488770.9596417212,6192027.5385913905,1554032896.0,paragliders,20259755
486640.1664615179,6194282.827280915,1553942144.0,paragliders,20260080
485948.56107006443,6193864.186840523,1554805504.0,paragliders,20260482
486496.99506326823,6194276.126610373,1554806784.0,paragliders,20260482
486487.5605554359,6194274.699235052,1554806784.0,paragliders,20260482
486486.6116287008,6194274.668392429,1554806784.0,paragliders,20260482
486462.38338866446,6193161.911082568,1554807552.0,paragliders,20260482
486018.0763073526,6193897.74652893,1554805504.0,paragliders,20260491
486117.58288799087,6194072.84040503,1554806912.0,paragliders,20260491
486493.0858773754,6192619.498599937,1554807424.0,paragliders,20260491
486412.7062540778,6191424.276808174,1554807936.0,paragliders,20260491
489403.99362090265,6190785.863917369,1554808960.0,paragliders,20260491
486243.5068948271,6193687.83765319,1554030592.0,paragliders,20260544
489836.09397551813,6192777.127763849,1554032512.0,paragliders,20260544
486083.7208591501,6193935.327458751,1554805760.0,paragliders,20260556
486498.8671614281,6192597.650653109,1554807296.0,paragliders,20260556
486585.1199470988,6191874.663846399,1554808064.0,paragliders,20260556
489567.45003525383,6190909.132279555,1554808960.0,paragliders,20260556
486014.75772190484,6193498.137552124,1554806016.0,paragliders,20260563
486252.38977444026,6194239.6642652545,1554807680.0,paragliders,20260563
489408.5817543263,6190858.138127523,1554808704.0,paragliders,20260563
485384.7430067046,6193425.532414307,1555063936.0,paragliders,20260632
486346.673378682,6193570.392996057,1555065344.0,paragliders,20260632
485984.5755862724,6194646.227923883,1555066752.0,paragliders,20260632
489907.3737818587,6191168.408112081,1555069824.0,paragliders,20260632
485930.4835018932,6192461.178253565,1555152768.0,paragliders,20260726
489056.4193477535,6191606.369702843,1555159936.0,paragliders,20260726
485974.3633841249,6193654.063084981,1555150848.0,paragliders,20260755
485502.0155344107,6192097.361328408,1555151872.0,paragliders,20260755
485913.425108376,6193716.051883203,1555150848.0,paragliders,20262269
485204.70927779895,6193076.9855815405,1556537600.0,paragliders,20262465
485543.73203354457,6193572.787477731,1556619008.0,paragliders,20262531
485720.72643948573,6190843.287850147,1556629888.0,paragliders,20262531
486060.48095275456,6193737.150311437,1556619520.0,paragliders,20262567
486132.7012224059,6191156.683999343,1556626816.0,paragliders,20262567
485902.6478031262,6193687.656718951,1556619520.0,paragliders,20262691
485558.20499957405,6193711.585177829,1556706816.0,paragliders,20262695
485472.8661622798,6193531.570267477,1556706432.0,paragliders,20262956
486093.57320328883,6193701.865962174,1556621056.0,paragliders,20263051
485996.24164613907,6193626.565877594,1556533504.0,paragliders,20263768
486009.3121845182,6193674.637916779,1556535296.0,paragliders,20263768
485840.7174396548,6193251.739169904,1557915776.0,paragliders,20264233
486147.81243527157,6193669.711728029,1557830912.0,paragliders,20264235
486214.4149882903,6193651.594418548,1557831040.0,paragliders,20264235
486217.9220490503,6193678.579965914,1557831040.0,paragliders,20264235
486177.2656742185,6193739.500443389,1557831040.0,paragliders,20264235
485834.63052723656,6193693.009685754,1558608768.0,paragliders,20264725
486348.3888710976,6190200.011917471,1558609408.0,paragliders,20264725
486358.855565092,6193836.110074063,1557831040.0,paragliders,20264773
485705.85910992767,6194623.555442682,1557831424.0,paragliders,20264773
486648.25036864297,6190343.036970492,1557833344.0,paragliders,20264773
486777.25730789546,6190215.390827414,1557833600.0,paragliders,20264773
486711.88660303876,6190470.516224996,1557833728.0,paragliders,20264773
485853.142751188,6190770.223338633,1557834368.0,paragliders,20264773
485756.27047211584,6190868.771851977,1557834752.0,paragliders,20264773
486172.82443255524,6194167.565146046,1558514432.0,paragliders,20264857
486165.60028603004,6194158.8319927575,1558514432.0,paragliders,20264857
486080.87439791457,6194059.965582414,1558514432.0,paragliders,20264857
485962.7776311527,6193654.411528076,1558514816.0,paragliders,20264857
485910.8052819823,6193747.857231593,1558514816.0,paragliders,20264857
485881.5793132697,6193633.05612045,1558514816.0,paragliders,20264857
486028.46970735025,6192639.851275322,1558516224.0,paragliders,20264857
485940.8275998,6192668.740606891,1558518144.0,paragliders,20264857
485940.4312657392,6192599.659493445,1558518144.0,paragliders,20264857
485929.1361464894,6192588.98002072,1558518144.0,paragliders,20264857
486121.12268340477,6193972.123668145,1558604928.0,paragliders,20264861
486529.0558555281,6190284.634942545,1558609792.0,paragliders,20264861
485794.7914246496,6193699.634751933,1558607360.0,paragliders,20265078
485831.76005009114,6193647.248477512,1559217152.0,paragliders,20265421
486346.43295104225,6193960.977383753,1559211648.0,paragliders,20265475
485733.1932334675,6192465.910597428,1559222272.0,paragliders,20265475
485950.5664704496,6193720.802796261,1559297408.0,paragliders,20265543
486063.7883946668,6193844.961248245,1559296384.0,paragliders,20265545
485533.93658138346,6193594.581938381,1559298560.0,paragliders,20265608
485545.09525753424,6193616.793331299,1559298688.0,paragliders,20265659
485957.1004470981,6193705.308217368,1559215104.0,paragliders,20265671
485723.4913874854,6193589.725949318,1559300736.0,paragliders,20265673
486069.3439959963,6193775.014672249,1559297408.0,paragliders,20265698
485931.0248085492,6193801.066383556,1559299584.0,paragliders,20265701
486277.0057914039,6194004.676864183,1559211776.0,paragliders,20265722
486260.7970988208,6193977.443092054,1559211776.0,paragliders,20265722
486272.56006473576,6193949.845799036,1559211776.0,paragliders,20265722
486005.9880408479,6193734.451690957,1559301376.0,paragliders,20265741
485701.4470405524,6194374.611079266,1559308416.0,paragliders,20265741
485890.8321042198,6193747.696475672,1559384192.0,paragliders,20265792
486070.1617073337,6193864.195725679,1559383040.0,paragliders,20265810
486044.745055852,6193851.065580664,1559383168.0,paragliders,20265820
486126.58504635177,6193819.587637324,1559383680.0,paragliders,20265829
485709.5937622105,6193673.722929803,1559388032.0,paragliders,20265839
486042.1473249549,6193862.290139306,1559384320.0,paragliders,20265868
486512.6140866609,6190563.1592349075,1559395328.0,paragliders,20265868
485946.84838043683,6193699.4723867215,1559382784.0,paragliders,20265896
486033.4130114871,6193710.633595223,1559385856.0,paragliders,20265911
486119.40698575333,6193850.306967762,1559383040.0,paragliders,20265922
486218.6311166068,6193749.9444596,1559385728.0,paragliders,20265949
486369.568237167,6193871.165127783,1559385600.0,paragliders,20265956
486031.8054729099,6193829.20639624,1559383168.0,paragliders,20265965
485938.30714315193,6193827.823690093,1559298304.0,paragliders,20265972
485694.1745445427,6192327.86288783,1559395456.0,paragliders,20265983
486086.1023795638,6193838.1457110625,1559296896.0,paragliders,20266143
486016.9162394893,6193707.192636725,1559382912.0,paragliders,20266199
486213.7605293461,6193774.512768226,1559383552.0,paragliders,20266206
485091.59387341817,6192921.075329658,1559390080.0,paragliders,20266206
485616.20871775347,6193592.806542412,1559299200.0,paragliders,20266207
485971.17284497106,6193714.081984679,1559385728.0,paragliders,20266208
486114.23050924065,6193774.947749011,1559300224.0,paragliders,20266223
486120.271958441,6193877.909746974,1559384576.0,paragliders,20266224
486136.4478370887,6193895.275408525,1559384576.0,paragliders,20266224
486190.76027007255,6193782.979000538,1559384576.0,paragliders,20266224
485998.96778223885,6193730.266950178,1559384320.0,paragliders,20266232
485877.496584223,6193596.272669874,1559300352.0,paragliders,20266290
486176.5383078069,6193892.527147433,1559385344.0,paragliders,20266293
486192.4966512004,6193811.309929854,1559383680.0,paragliders,20266300
485905.43198950036,6193857.730424925,1559468800.0,paragliders,20266302
486088.4004474235,6193771.027639011,1559469312.0,paragliders,20266322
485793.50603799924,6193659.020215156,1559471104.0,paragliders,20266325
485839.42737716355,6193808.500893899,1559468800.0,paragliders,20266329
486107.3511331794,6193896.889837077,1559469440.0,paragliders,20266335
485780.8111203663,6193648.061184101,1559473152.0,paragliders,20266341
486094.3528371043,6193791.097374926,1559381760.0,paragliders,20266349
486120.437553728,6193756.751982336,1559381760.0,paragliders,20266349
486140.0936324784,6193760.465092322,1559381760.0,paragliders,20266349
486095.1161700373,6193881.790506723,1559470080.0,paragliders,20266351
486039.5699957356,6193706.840388015,1559469440.0,paragliders,20266353
485900.69662285165,6193843.60672793,1559468672.0,paragliders,20266359
486013.69088382355,6193893.413142893,1559467520.0,paragliders,20266362
485743.5924563333,6193585.4867017865,1559298304.0,paragliders,20266382
485451.0858508256,6193464.816141495,1559217024.0,paragliders,20266385
485957.2131291958,6193779.59572961,1559298304.0,paragliders,20266390
485247.3951086479,6193098.400832956,1559309184.0,paragliders,20266390
485953.6350049281,6193747.395801827,1559469824.0,paragliders,20266392
485994.53799355484,6193767.814486191,1559468672.0,paragliders,20266402
485703.76652062853,6191746.302475319,1559478400.0,paragliders,20266402
486245.9364362553,6193914.0391443875,1559384576.0,paragliders,20266437
486071.6891486639,6193810.355878301,1559385344.0,paragliders,20266442
486273.4282033581,6193963.332408367,1559470336.0,paragliders,20266447
485868.25255157554,6193752.321478596,1559470208.0,paragliders,20266449
486252.727581258,6193764.6295172395,1559383936.0,paragliders,20266474
486142.6686777625,6193965.479515368,1559211264.0,paragliders,20266481
487667.865014523,6192913.418309264,1559220736.0,paragliders,20266481
486223.75184478454,6193834.470250085,1559297024.0,paragliders,20266489
485278.89221411257,6193782.179483885,1559302272.0,paragliders,20266489
487480.7850626465,6193931.413314598,1559395968.0,paragliders,20266493
485999.11356984207,6193693.9686854705,1559385856.0,paragliders,20266515
486035.1185155244,6193639.376562179,1559470336.0,paragliders,20266520
485957.20447487995,6193667.796567003,1559470336.0,paragliders,20266526
486163.2952184814,6193767.191217826,1559297152.0,paragliders,20266528
485701.2341767128,6193429.731036024,1559384832.0,paragliders,20266534
486245.31596061756,6193818.6728234785,1559385728.0,paragliders,20266603
485966.67950592,6193758.522811775,1559472512.0,paragliders,20266691
486244.18410343013,6193790.30442461,1559470336.7765954,paragliders,20266716
486108.3209734821,6193948.309466625,1559475712.0,paragliders,20266716
486095.0117777198,6193812.822328085,1559472000.0,paragliders,20266743
486155.81394800934,6193771.866117474,1559470336.0,paragliders,20266751
485669.7717323507,6193668.389651291,1559220224.0,paragliders,20266755
485814.3197149385,6193636.502471895,1559301120.0,paragliders,20266762
485956.9405889818,6193767.331395051,1559472640.0,paragliders,20266807
486337.83773700695,6193860.186297269,1559470336.0,paragliders,20266827
485856.75654225907,6193757.912329469,1559472640.0,paragliders,20266838
486222.8647377371,6193936.754770979,1559211904.0,paragliders,20266872
485829.7077979876,6193641.288873419,1559301120.0,paragliders,20266882
486303.10158194683,6193905.735406991,1559384960.0,paragliders,20266888
485917.01414600323,6193772.895206565,1559470208.0,paragliders,20266891
485394.68515999266,6193571.611551461,1559299200.0,paragliders,20266948
485898.1884512374,6193704.35824855,1559385600.0,paragliders,20266951
486210.76626586524,6193865.138304317,1559384576.0,paragliders,20266955
486184.71985918685,6193903.335241308,1559470528.1134696,paragliders,20266962
485890.15678476286,6193655.6412735265,1559385216.0,paragliders,20266979
486112.21175298584,6193729.319486702,1559301120.0,paragliders,20266981
486155.9283986392,6193737.813751593,1559383808.0,paragliders,20266990
485667.206699159,6193618.328520444,1559468928.0,paragliders,20267024
486011.3887085383,6193847.555982165,1559383168.0,paragliders,20267025
486134.3285419674,6193745.982463762,1559470464.0,paragliders,20267037
486217.1025096689,6193904.151102703,1559212160.0,paragliders,20267053
489868.2047010731,6190029.190046688,1559215104.0,paragliders,20267053
486146.23248388316,6193653.5005841125,1559384448.0,paragliders,20267059
485969.0795196233,6193789.464801664,1559471104.0,paragliders,20267062
486103.81720546336,6193788.520681549,1559381888.0,paragliders,20267123
486396.64172455715,6191468.9697698625,1559394816.0,paragliders,20267123
486099.81151846686,6193871.148294763,1559469440.0,paragliders,20267130
486033.49845874216,6193687.892777429,1559470336.0,paragliders,20267133
486081.6367463262,6193747.12046231,1559385728.0,paragliders,20267136
485781.2178713938,6193582.2320706155,1559212032.0,paragliders,20267182
486261.60377465567,6193779.772921006,1559297024.0,paragliders,20267190
486177.88654739916,6193806.611359887,1559470080.0,paragliders,20267194
486399.03833399125,6193875.8363249265,1559477760.0,paragliders,20267204
487454.2715259901,6193087.295572614,1559398400.0,paragliders,20267213
486048.08503233315,6193786.396281316,1559385984.0,paragliders,20267315
485519.72837464424,6193531.389237298,1559467904.0,paragliders,20267350
486431.20317103295,6190338.327917969,1559211264.0,paragliders,20267370
485962.32217261125,6193753.862225585,1559298048.0,paragliders,20267471
485997.36639483145,6193821.313590386,1559383552.0,paragliders,20268052
486026.3505509093,6193586.31093375,1559393792.0,paragliders,20268116
485992.48808880016,6193739.641580604,1559213568.0,paragliders,20268123
485948.06369137426,6193787.423728631,1559298176.0,paragliders,20268124
485730.7365876824,6193436.479418661,1559384832.0,paragliders,20268125
485963.7049193655,6193692.061264185,1559470336.0,paragliders,20268126
485605.5067441591,6193598.44475668,1560767232.0,paragliders,20268304
485726.3049632641,6193769.741391799,1560764032.0,paragliders,20268306
486044.7933665562,6193829.303588787,1560765312.0,paragliders,20268308
486201.96313425316,6193769.389467985,1560767360.0,paragliders,20268431
486159.84314163687,6193762.050519202,1560767360.0,paragliders,20268431
485970.34509972524,6193669.310018767,1560766976.0,paragliders,20268436
486661.40857579943,6190829.334086018,1560776448.0,paragliders,20268436
489701.00696158217,6193602.775914091,1560777344.0,paragliders,20268436
485869.1103941546,6193769.213162754,1560769792.0,paragliders,20268469
486819.75343442726,6192945.973666546,1560777088.0,paragliders,20268469
485459.8179365078,6193596.007614158,1560767104.0,paragliders,20268542
485964.91989390994,6193608.1193496175,1560768512.0,paragliders,20268973
486494.7475016497,6194195.409357923,1560771968.0,paragliders,20268973
486604.623186161,6194271.285669109,1560771968.0,paragliders,20268973
486498.719884842,6194110.473413808,1560771968.0,paragliders,20268973
486192.68151244597,6193864.875215792,1561804288.0,paragliders,20269358
486230.67561367084,6193941.3500935,1561806592.0,paragliders,20269363
486378.6319489171,6193875.555989781,1561808512.0,paragliders,20269369
485901.0276197103,6193757.4481879,1561805568.0,paragliders,20269370
485472.01303579047,6192140.509079492,1561816064.0,paragliders,20269371
486192.96993530105,6194039.535741942,1561808256.0,paragliders,20269376
486209.74924348464,6194168.113005489,1561809152.0,paragliders,20269405
486118.7318290148,6193739.116425965,1561804672.0,paragliders,20269416
486162.45909730654,6193756.085324451,1561806080.0,paragliders,20269441
486192.33895284357,6193933.54737824,1561809792.0,paragliders,20269456
486291.4099774941,6193940.58371135,1561807360.0,paragliders,20269550
486396.29690750386,6193558.310854485,1561811712.0,paragliders,20269556
486152.92172072834,6193878.106356959,1561806848.0,paragliders,20269593
486081.2507024262,6193807.521798113,1562237440.0,paragliders,20269922
486042.4027671038,6193737.069024885,1562757504.0,paragliders,20270598
486569.538391648,6190375.63611452,1562758016.0,paragliders,20270598
486202.766026015,6193914.263637583,1561807872.0,paragliders,20270905
485830.3105597164,6193746.106554399,1560766336.0,paragliders,20270907
485309.51865052496,6193660.987578888,1560766464.0,paragliders,20270907
485833.54273405153,6191873.013427492,1563186688.0,paragliders,20271471
485962.618887421,6192497.721975665,1563188096.0,paragliders,20271471
485976.7708186178,6192540.99077811,1563188096.0,paragliders,20271471
485735.15550534014,6192558.758775318,1563188224.0,paragliders,20271471
486205.48314675194,6193641.160981898,1562841472.0,paragliders,20271711
486167.83377029776,6193859.627221436,1562753280.0,paragliders,20271712
486625.1899706464,6190322.348461596,1562755328.0,paragliders,20271712
486162.4293196864,6193843.033452458,1562753280.0,paragliders,20271761
485940.0793147166,6191933.913784512,1562754944.0,paragliders,20271761
486583.5723265414,6190463.27148901,1562755456.0,paragliders,20271761
486201.0560935725,6193720.478844939,1562841344.0,paragliders,20271764
486153.5516571734,6193795.590689332,1562841344.0,paragliders,20271764
486186.6076522426,6193735.530872343,1562841344.0,paragliders,20271764
486073.45114348875,6193963.926058162,1563960832.0,paragliders,20272471
485921.43843600235,6193813.079777972,1562237952.0,paragliders,20272857
489065.59245150874,6193802.304749026,1562243072.0,paragliders,20272857
486374.70567883004,6191082.07601726,1564313856.0,paragliders,20272904
486200.1008546256,6193776.443812026,1565955072.0,paragliders,20274531
486184.09147876035,6193785.695772338,1565953920.0,paragliders,20274565
485957.7117838046,6193674.559571236,1565954944.0,paragliders,20274654
486224.6389528179,6193710.9243921805,1565958784.0,paragliders,20274708
486225.111555205,6193710.8201398235,1565958784.0,paragliders,20274708
486239.76456286194,6193653.29944848,1565958784.0,paragliders,20274708
486556.1760921386,6190160.473382197,1565960576.0,paragliders,20274708
486599.7789205689,6190210.79634473,1565960704.0,paragliders,20274708
486750.8389798993,6190220.786107468,1565960704.0,paragliders,20274708
486815.7718759508,6190188.723510046,1565960704.0,paragliders,20274708
486794.7561964113,6190188.515192933,1565960704.0,paragliders,20274708
486149.7258196183,6193788.653828586,1565954304.0,paragliders,20274820
486266.74497332197,6193985.946242605,1565781888.0,paragliders,20274828
485470.869987876,6193609.234517044,1565787520.0,paragliders,20274828
486062.48389325367,6193598.2466643,1565956736.0,paragliders,20274832
485994.554544687,6193592.62369967,1566557952.0,paragliders,20274965
486211.2513692373,6193845.747910051,1566556672.0,paragliders,20275008
485960.1125936391,6193598.149743973,947242752.0,paragliders,20275040
486142.6760390296,6193672.147259946,1566642432.0,paragliders,20275066
486176.8203673427,6193907.969870297,1566648704.0,paragliders,20275066
486222.56912755105,6193855.579100662,1566640384.0,paragliders,20275072
485877.64286720357,6193608.277748573,1566643200.0,paragliders,20275081
486164.6520910426,6193599.987386617,1566643712.0,paragliders,20275082
485892.74071167933,6193693.646620561,1566647808.0,paragliders,20275082
485703.38584662403,6193700.130217457,1566643456.0,paragliders,20275087
485712.4550190318,6193709.023050154,1566643456.0,paragliders,20275087
485762.4313748245,6193686.807384818,1566643456.0,paragliders,20275087
485861.52608906163,6193603.314321443,1566643328.0,paragliders,20275099
486094.9117616227,6193746.115881604,1566642816.0,paragliders,20275101
486064.59437533794,6193721.433345902,1566642944.0,paragliders,20275107
486096.9331032262,6193674.7938228175,1566641152.0,paragliders,20275124
486128.91445767373,6193507.27572522,1566644736.0,paragliders,20275181
485923.47002203204,6193470.556052521,1566642048.0,paragliders,20275204
485930.4815715671,6193567.885250307,1566642048.0,paragliders,20275258
485956.3832591559,6193489.339657645,947328512.0,paragliders,20275270
485947.0131229769,6193461.100566117,947328512.0,paragliders,20275270
485818.21422087826,6193599.277687875,947328512.0,paragliders,20275270
485867.46512146894,6193590.515060687,947328576.0,paragliders,20275270
485833.7415837659,6193524.811775625,947328576.0,paragliders,20275270
486098.2570324797,6193724.512924191,1566729472.0,paragliders,20275321
487792.43467907025,6190822.821531544,1566738816.0,paragliders,20275323
485897.29895383265,6193659.5260298485,1566729088.0,paragliders,20275331
485846.12013035925,6194629.283937158,1566734848.0,paragliders,20275331
485857.6545098698,6194607.124257535,1566734976.0,paragliders,20275331
485865.59997588955,6194604.417762907,1566734976.0,paragliders,20275331
485958.83949257067,6193626.119489449,1566728064.0,paragliders,20275343
485780.5285156995,6193647.349740082,1566729472.0,paragliders,20275393
486043.56312488613,6193618.485769514,1566642432.0,paragliders,20275436
486031.71962142515,6193594.3816109495,1566729344.0,paragliders,20275458
486169.40960340865,6193668.164462217,1566730368.0,paragliders,20275464
486137.0977742763,6193657.249569153,1566729088.0,paragliders,20275490
486150.3714050831,6193752.088293296,1566556928.0,paragliders,20275497
485996.7888574725,6193675.260472209,1566730112.0,paragliders,20275519
486156.4373233898,6193775.7608324485,1566643968.0,paragliders,20275526
486227.84667403135,6193711.701648987,1566730752.0,paragliders,20275550
486175.10927423084,6193685.452964612,1566643712.0,paragliders,20275563
487599.00721921586,6192888.155273512,1566653440.0,paragliders,20275563
485911.7631093035,6193623.960529957,1566729344.0,paragliders,20275653
486033.81934339093,6193609.911652888,1566727936.0,paragliders,20275671
489874.419902306,6192771.789410982,1566740352.0,paragliders,20275671
486151.43406155304,6193638.6867513275,1566728448.0,paragliders,20275689
485760.34205189353,6193587.666799575,1566642688.0,paragliders,20275763
485988.60737106175,6193636.318797322,1566727808.0,paragliders,20275766
486029.5736917676,6193820.713475608,1566642432.0,paragliders,20275809
486190.15912965697,6193756.89774265,1566556928.0,paragliders,20275822
485913.7494743498,6193725.086570535,1565953408.0,paragliders,20275825
485835.09570119646,6193721.548019349,1565953493.468732,paragliders,20275825
485843.44420847466,6193676.22728886,1565953536.0,paragliders,20275825
485900.7505242504,6193659.633628375,1566728704.0,paragliders,20275842
485869.5752675907,6193552.995930928,1566728192.0,paragliders,20275891
486831.0882464546,6192606.832837027,1566740608.0,paragliders,20275891
486045.7588385799,6193546.0718279,1566643456.0,paragliders,20275893
486203.5106872581,6193754.529276779,1566729728.0,paragliders,20275895
486195.81028243335,6193897.8265805915,1566734976.0,paragliders,20276043
488835.46081907296,6191914.566679936,1566740736.0,paragliders,20276043
486073.03975280817,6193653.318218597,1566644096.0,paragliders,20276089
485433.1137244488,6193460.787237143,1567159040.0,paragliders,20276247
486199.5190146349,6193667.576961028,1567164416.0,paragliders,20276253
489573.04087017704,6193018.099978843,1567169664.0,paragliders,20276253
489265.7092839412,6192837.543441753,1567170688.0,paragliders,20276253
485912.6248055574,6193817.820063185,1567161344.0,paragliders,20276258
486209.09527612274,6193721.466133074,1566560000.0,paragliders,20276289
486026.7326151125,6193686.853484205,1566644096.0,paragliders,20276290
485438.3969066652,6193465.624412058,1567164288.0,paragliders,20276327
485434.5056343915,6193451.357579849,1567164288.0,paragliders,20276327
485338.39329457656,6193449.409652888,1567164288.0,paragliders,20276327
485669.74561249634,6190795.579174864,1567602176.0,paragliders,20276626
485984.04161226825,6193728.708945337,1566559744.0,paragliders,20276634
486250.149414579,6193647.8951132735,1566644096.0,paragliders,20276635
486389.25520315784,6193827.930388905,1567852800.0,paragliders,20276836
486043.5230369077,6193656.215865584,1567853312.0,paragliders,20276836
486049.7346394929,6193653.22704505,1567853312.0,paragliders,20276836
486184.72027095483,6193753.872472628,1567853312.0,paragliders,20276836
486510.7868900167,6190069.486718618,1567856256.0,paragliders,20276836
486253.2727996538,6194017.619297588,1567935488.0,paragliders,20276838
485927.37268698105,6193757.416249433,1567935744.0,paragliders,20276838
486155.1131700592,6193819.373875053,1567935872.0,paragliders,20276838
486082.6882479783,6193930.779597006,1567936512.0,paragliders,20276838
485874.42303059757,6193717.269039102,1567936896.0,paragliders,20276838
485428.55743044283,6192346.058060476,1567937024.0,paragliders,20276838
486361.7241400927,6190336.890497567,1567938048.0,paragliders,20276838
486169.1418408039,6193548.506827241,1567854848.0,paragliders,20276848
486154.4207357236,6193559.109320511,1567854848.0,paragliders,20276848
486113.0128048914,6193595.8489526855,1567854848.0,paragliders,20276848
486219.82809345674,6193935.794297807,1554030336.0,paragliders,20278336
486319.99113251735,6193688.8533141175,1551960192.0,paragliders,20278338
486192.60434417235,6194956.262492815,1572092032.0,paragliders,20278768
489297.4996052938,6191617.813645353,1572096768.0,paragliders,20278768
485772.5121770443,6193683.856328454,1572435456.0,paragliders,20278839
485792.56068302074,6193669.444005264,1582457216.0,paragliders,20279957
485741.8001187904,6193674.893574973,1582461696.0,paragliders,20279963
486233.4344556651,6193932.938286695,1582545280.0,paragliders,20279991
485259.4964362861,6193114.733710329,1582554112.0,paragliders,20279991
485793.8002692977,6193621.495785934,1582461696.0,paragliders,20280017
486098.8381429487,6193663.660724339,1582462592.0,paragliders,20280035
485943.08021044626,6193693.362526441,1589796736.0,paragliders,20280761
486059.84117631783,6193981.104467509,1582456320.0,paragliders,20280840
485645.8448531807,6193478.094602146,1589884288.0,paragliders,20280876
489557.47946733417,6190052.360537642,1589886336.0,paragliders,20280876
485609.67163751274,6193665.949643975,1589969792.0,paragliders,20280877
485943.99804633146,6193966.69512817,1589968640.0,paragliders,20280905
485668.9571916719,6192554.314111252,1590065664.0,paragliders,20280931
486012.8697257156,6193780.275282182,1590055936.0,paragliders,20280938
485437.84955367644,6193624.969935729,1590058112.0,paragliders,20280953
485952.9945666066,6192686.203434176,1590067584.0,paragliders,20280953
485976.9743864514,6193730.616781129,1590055936.0,paragliders,20280968
485869.4663125607,6193759.537036887,1590144896.0,paragliders,20281187
486223.91015500046,6193880.310452542,1590143488.0,paragliders,20281400
486274.0473321528,6193780.982432262,1590144128.0,paragliders,20281600
489002.42326085595,6192875.551200267,1590149504.0,paragliders,20281600
488977.924876503,6192971.652938696,1590149504.0,paragliders,20281600
489078.26040236437,6192763.693553229,1590149504.0,paragliders,20281600
489628.19534250384,6193578.239196706,1590149888.0,paragliders,20281600
485987.7096052592,6193715.532447949,1590574848.0,paragliders,20281956
485761.6020890816,6193650.312436958,1590922368.0,paragliders,20282849
485834.62037360907,6193600.369220687,1590832896.0,paragliders,20283011
485939.9975700454,6193610.484403866,1590749696.0,paragliders,20283019
485998.70372770575,6193567.958031435,1590749696.0,paragliders,20283019
485921.51509603974,6193549.900247172,1590749696.0,paragliders,20283019
485991.90553047246,6193596.856747857,1590749696.0,paragliders,20283019
485927.5653350368,6193428.796007535,1590749696.0,paragliders,20283019
486125.0132306165,6193748.319323601,1590057344.0,paragliders,20283118
485885.9074346582,6193644.702690633,1590919040.0,paragliders,20283291
485727.7385426563,6193448.627878372,1590746112.0,paragliders,20283293
485788.2511258188,6193514.768141534,1590661760.0,paragliders,20283295
485878.39677778503,6193078.207864013,1590664960.0,paragliders,20283295
486053.8384726881,6193877.076626996,1582456064.0,paragliders,20283760
485853.4300667742,6193714.888542509,1592820352.0,paragliders,20284205
485687.85745936714,6193662.191078308,1592820480.0,paragliders,20284205
485977.5537661441,6193764.061536021,1592820992.0,paragliders,20284205
486432.90893391473,6190078.4972387785,1592824064.0,paragliders,20284205
486180.50931983045,6193974.762316241,1592908672.0,paragliders,20284338
486335.3493985915,6190331.637041996,1592910080.0,paragliders,20284338
486229.91362021735,6193894.919949731,1592908672.0,paragliders,20284349
486239.90395614144,6193864.034812785,1592908672.0,paragliders,20284395
485854.0632325529,6193815.279525784,1592993024.0,paragliders,20284528
485984.5051455924,6193645.011995633,1592993152.0,paragliders,20284539
486274.1919400536,6193909.724218419,1592992768.0,paragliders,20284568
486047.52143709286,6193744.886596354,1592993211.9832792,paragliders,20284574
486160.8222881314,6193878.991839391,1592992896.0,paragliders,20284588
486295.3405162776,6193896.598984495,1592908800.0,paragliders,20284610
485833.76904528687,6193763.502151019,1592993408.0,paragliders,20284615
486035.21970078186,6193833.382215087,1592993024.0,paragliders,20284718
485930.3799703594,6193615.90553739,1592910976.0,paragliders,20285129
485814.9393639965,6193473.710375864,1592990336.0,paragliders,20285750
485807.9679182085,6193624.501513043,1592990976.0,paragliders,20285750
486272.92769969377,6194018.0283486,1593945600.0,paragliders,20285759
485900.6080934755,6194994.71431761,1593945984.0,paragliders,20285759
486685.2775346207,6190529.532419975,1593948800.0,paragliders,20285759
485212.8679406809,6191452.601135726,1593004288.0,paragliders,20285807
485753.4318209599,6193793.315930114,1593950720.0,paragliders,20285874
489730.31515723973,6190995.004696978,1593954432.0,paragliders,20285874
485875.62076486106,6193742.446728743,1592994560.0,paragliders,20287184
486246.75050613505,6193906.453575311,1595067520.0,paragliders,20287255
486223.2095090597,6193889.182224349,1595067648.0,paragliders,20287255
486236.0238111542,6193882.493587446,1595067648.0,paragliders,20287255
486214.6466583454,6193808.944098385,1595067648.0,paragliders,20287255
485932.65709311294,6193657.297949268,1595069696.0,paragliders,20287255
485108.6702154527,6193448.471523891,1595069952.0,paragliders,20287255
485027.6418247991,6193494.130134635,1595070080.0,paragliders,20287255
485079.251096234,6193463.6573957605,1595070080.0,paragliders,20287255
485085.42218993825,6193453.605144463,1595070080.0,paragliders,20287255
485104.3256086149,6193410.2646325035,1595070080.0,paragliders,20287255
485080.511381511,6193365.272725672,1595070080.0,paragliders,20287255
485078.81937324395,6193364.91311851,1595070080.0,paragliders,20287255
486647.2593329126,6190601.984976043,1595070848.0,paragliders,20287255
486545.42694131157,6190450.712893181,1595071232.0,paragliders,20287255
486256.80214204895,6193926.790807446,1595152768.0,paragliders,20287360
486046.74832586484,6193691.475337922,1595154560.0,paragliders,20287360
486163.32681166194,6193850.955121599,1595153152.0,paragliders,20287404
486341.2385075355,6193863.472949767,1595153792.0,paragliders,20287426
489688.6732326492,6192716.7639563875,1595166976.0,paragliders,20287465
486279.2141493605,6193779.641709258,1595154176.0,paragliders,20287479
486004.19085471705,6193861.490122615,1595152640.0,paragliders,20287498
489397.8325850927,6194438.690370172,1595162112.0,paragliders,20287498
485969.55611634464,6193679.9827062385,1595155072.0,paragliders,20287523
486212.0198597421,6193753.991018737,1595153792.0,paragliders,20287618
489634.43836943794,6193283.310024168,1595165696.0,paragliders,20287618
486115.01531645743,6193823.339291555,1595153280.0,paragliders,20288055
486297.36083153717,6193776.578054861,1595154176.0,paragliders,20288400
486202.3853342677,6194094.5781082725,1596797568.0,paragliders,20290037
486069.5618746846,6193945.247582756,1596796032.0,paragliders,20290046
486405.8331789879,6194302.342947881,1596799232.0,paragliders,20290065
486276.9080833895,6194054.642395177,1596796160.0,paragliders,20290090
489629.7994199547,6194977.30530931,1596807680.0,paragliders,20290090
486066.3807893783,6193923.450231032,1596796288.0,paragliders,20290093
486264.1527749086,6193876.514831765,1596712832.0,paragliders,20290120
486163.54080343514,6194131.032538933,1596798464.0,paragliders,20290122
486116.21869921096,6193547.441419292,1596713344.0,paragliders,20290127
485909.2872479157,6193608.057925027,1596713856.0,paragliders,20290127
486048.59050056303,6193998.427913905,1596796288.0,paragliders,20290134
485812.5096499637,6193748.638753559,1596712704.0,paragliders,20290182
486227.1777493302,6194028.948308561,1596796160.0,paragliders,20290183
485941.6480430767,6194011.2451151,1596797696.0,paragliders,20290282
486344.4025465118,6194129.44887047,1596801536.0,paragliders,20290388
485874.4695297747,6194086.5906926375,1596797184.0,paragliders,20290417
486870.9406140911,6192606.956634693,1596808320.0,paragliders,20290417
485913.8778298138,6194098.294859761,1596797440.0,paragliders,20290546
485367.2777703815,6193767.156533572,1596727040.0,paragliders,20290548
485307.14807611454,6193761.074357903,1596727040.0,paragliders,20290548
485364.1671850187,6193728.613590757,1596727040.0,paragliders,20290548
485302.2114883948,6193704.328176522,1596727040.0,paragliders,20290548
485316.6257761223,6193713.861144396,1596727040.0,paragliders,20290548
485889.50975751935,6193722.766072715,1596541824.0,paragliders,20290551
489671.8254843055,6190449.996515677,1596545408.0,paragliders,20290551
486277.4528377598,6194468.585029402,1596802304.0,paragliders,20290552
485706.8899068452,6193444.678982689,1596806656.0,paragliders,20290552
486116.8851808034,6193761.922334759,1596712832.0,paragliders,20290624
486407.1586611095,6194109.976779415,1596796800.0,paragliders,20290625
486443.8651236185,6194145.072429989,1596796800.0,paragliders,20290625
486439.14320023253,6194165.098465996,1596796800.0,paragliders,20290625
486187.00393456465,6194563.831287695,1596806784.0,paragliders,20290625
486057.8679161234,6193711.510322772,1596882688.0,paragliders,20290684
486313.7971113215,6194153.92917464,1596796672.0,paragliders,20291530
486167.3195281172,6194113.600138544,1596797568.0,paragliders,20291533
485892.6492505292,6193769.676087146,1598353920.0,paragliders,20291987
486707.54489919014,6192902.57157809,1596804224.0,paragliders,20292211
486158.1820783945,6193949.155148398,1590058496.0,paragliders,20292233
486178.29059851664,6193899.01146292,1598868864.0,paragliders,20292306
485894.94630697387,6193603.011918731,1592994176.0,paragliders,20292411
486267.2547320907,6193732.268171913,1595154176.0,paragliders,20292479
486397.28220624226,6193788.414852266,1595069056.0,paragliders,20292489
486344.6747234001,6193745.718759834,1595069056.0,paragliders,20292489
486370.1722378234,6193809.762087153,1595069056.0,paragliders,20292489
485385.47863721853,6193695.515337661,1595069568.0,paragliders,20292489
485435.2929589252,6193666.379198221,1595069568.0,paragliders,20292489
485411.98257503024,6193632.284927112,1595069568.0,paragliders,20292489
485388.95705202693,6193610.057185061,1595069568.0,paragliders,20292489
485362.8323933999,6193574.570823978,1595069568.0,paragliders,20292489
485264.93959169905,6193561.152071124,1595069568.0,paragliders,20292489
485325.56498446356,6193639.804676386,1595069568.0,paragliders,20292489
486262.085750445,6193734.7571714865,1595072256.0,paragliders,20292489
486580.9096434397,6190326.001304598,1595075584.0,paragliders,20292489
486103.0071379045,6193775.481768696,1593947776.0,paragliders,20292496
485856.5894493664,6193744.690193953,1599219968.0,paragliders,20292741
486033.3988025452,6194249.535372823,1599229440.0,paragliders,20292741
485274.9367660863,6192709.738675849,1599229824.0,paragliders,20292741
486160.94539400033,6193734.036743721,1596712576.0,paragliders,20292775
486497.0604061896,6190308.922388797,1596714240.0,paragliders,20292775
485945.17887875193,6193594.147560083,1595076352.0,paragliders,20293075
485909.8015135787,6193612.6572218435,1595076352.0,paragliders,20293075
485915.73536104,6193634.966571989,1595076352.0,paragliders,20293075
486544.49360380427,6190332.417521101,1595077760.0,paragliders,20293075
485674.0834799264,6193705.234246372,1599908096.0,paragliders,20293487
486378.9616264645,6190961.329635379,1599918208.0,paragliders,20293487
486004.03591451276,6193803.071159865,1599908608.0,paragliders,20293566
486644.845754496,6190521.3519487195,1599909504.0,paragliders,20293566
485855.5634442051,6193771.929560556,1599993088.0,paragliders,20293597
489782.30476019555,6194476.935537487,1599915136.0,paragliders,20293625
486296.5708384597,6191268.712041333,1595161984.0,paragliders,20293631
489459.56619806896,6192728.448586139,1595165952.0,paragliders,20293631
486201.14594961656,6194021.546870247,1599997184.0,paragliders,20293637
486277.5967518232,6194030.74962202,1599907328.0,paragliders,20293712
486216.6999210716,6193943.897491634,1599992576.0,paragliders,20293714
486124.79609099356,6193822.549339543,1600001280.0,paragliders,20293714
486559.77726844815,6190435.058591436,1599909376.0,paragliders,20293871
486304.4869749485,6193775.329897913,1600253568.0,paragliders,20294118
489285.31378386164,6193189.641739682,1600260096.0,paragliders,20294118
489662.8637267104,6192887.12174612,1600259072.0,paragliders,20294141
485718.44234037906,6193737.299369728,1600253440.0,paragliders,20294154
489678.05344270455,6192799.956080083,1600259456.0,paragliders,20294154
489359.7219195567,6192975.565137924,1600260992.0,paragliders,20294154
489403.82644462254,6193052.264904237,1600261248.0,paragliders,20294154
489403.5973295201,6193071.616055461,1600261248.0,paragliders,20294154
489455.3137683288,6193111.215587859,1600261248.0,paragliders,20294154
489412.5591180498,6193204.239621304,1600261248.0,paragliders,20294154
486233.3248694093,6193926.247575596,1599907456.0,paragliders,20294283
485961.8128204052,6193674.909647748,1602930816.0,paragliders,20295094
485821.3641251989,6193683.461034435,1602939392.0,paragliders,20295094
485747.52987105463,6193806.63277842,1603020800.0,paragliders,20295163
485543.6248399762,6193855.366739596,1603021824.0,paragliders,20295163
485601.3383843071,6193766.855521722,1603021952.0,paragliders,20295163
485622.9171646294,6193799.693202702,1603022592.0,paragliders,20295163
486179.12852663134,6193817.344322473,1593946752.0,paragliders,20295449
486160.6399916828,6193832.186860782,1593946752.0,paragliders,20295449
485645.01293542574,6193681.0112253465,1593947008.0,paragliders,20295449
485726.69549330504,6193777.08312596,1593947008.0,paragliders,20295449
485928.0120366428,6193727.443004434,1593947136.0,paragliders,20295449
485968.93578973174,6193678.172004813,1593947136.0,paragliders,20295449
485974.8995067464,6193728.553552316,1593947136.0,paragliders,20295449
486019.26384225464,6193641.525751113,1614857472.0,paragliders,20297098
486269.2626344206,6194091.123688406,1616928512.0,paragliders,20298143
486251.9886113418,6193977.502913993,1616928000.0,paragliders,20298162
486179.74661644996,6193849.056062527,1616929664.0,paragliders,20298183
489511.3810800545,6190151.54699892,1616936960.0,paragliders,20298183
485992.5660238029,6193898.878320422,1616930048.0,paragliders,20298268
485986.752914774,6193806.5841064835,1616929664.0,paragliders,20298269
485677.16326520045,6193192.236239979,1621419648.0,paragliders,20300602
485682.19561567804,6193194.141613837,1621419648.0,paragliders,20300602
485669.007847541,6193299.943226715,1621419648.0,paragliders,20300602
485932.85747489816,6193434.903357511,1621420672.0,paragliders,20300602
489800.2775283684,6190151.646552978,1621421952.0,paragliders,20300602
489726.07008852577,6190059.200622364,1621421952.0,paragliders,20300602
489926.7723218143,6190064.59086422,1621421952.0,paragliders,20300602
485891.4870858738,6193829.882343215,1621506048.0,paragliders,20300920
485853.3151797894,6193792.905581232,1621507072.0,paragliders,20300920
485868.45809290593,6193807.657950865,1621507072.0,paragliders,20300920
485896.6819157265,6193803.692304425,1621507072.0,paragliders,20300920
486638.6323899441,6190279.726057433,1621507968.0,paragliders,20300920
486643.8749301692,6190281.23940945,1621508224.0,paragliders,20300920
486650.345566235,6190300.310678768,1621508224.0,paragliders,20300920
486230.88628965674,6193661.90208375,1616930944.0,paragliders,20300987
486328.71502271265,6193968.490048603,1616931584.0,paragliders,20300987
486230.05210102827,6193832.148700007,1616932224.0,paragliders,20300987
485728.6157322343,6193464.290772565,1622110080.0,paragliders,20301214
486161.8099439453,6193600.305065003,1622112128.0,paragliders,20301231
485968.4274292246,6193663.37995096,1622112256.0,paragliders,20301231
486244.84399299853,6193704.687131246,1622112384.0,paragliders,20301231
486070.8372181684,6193800.524827299,1623152000.0,paragliders,20302669
486062.20569272415,6193925.954771434,1623148032.0,paragliders,20302685
486082.94485715625,6193902.518260842,1623148032.0,paragliders,20302685
486071.10013871355,6193871.929948985,1623148032.0,paragliders,20302685
486270.2807471934,6193899.32066525,1623148288.0,paragliders,20302707
485160.5072833716,6193399.412692606,1623155200.0,paragliders,20302707
486221.83013399364,6193832.683709357,1623148416.0,paragliders,20302878
486122.7677139268,6193780.682778011,1623060736.0,paragliders,20303051
485626.86272051313,6191089.508512249,1623069696.0,paragliders,20303051
486202.8472145033,6193950.681910848,1623148416.0,paragliders,20303054
485986.5129716977,6193636.819935066,1623578624.0,paragliders,20303073
488997.34055059956,6190004.962075688,1623582592.0,paragliders,20303073
485843.55977529706,6193596.9415246565,1623579264.0,paragliders,20303075
486229.1344854363,6191905.669438381,1623583488.0,paragliders,20303128
485526.85840725567,6193623.020188274,1623577856.0,paragliders,20303149
489363.58753347286,6191564.452914927,1623589632.0,paragliders,20303149
489391.85104104213,6191602.567295996,1623589632.0,paragliders,20303149
489359.1444702049,6191598.54938853,1623589632.0,paragliders,20303149
489334.7164273097,6191600.328274764,1623589632.0,paragliders,20303149
489331.10008292797,6191537.6750062145,1623589632.0,paragliders,20303149
489426.6890543891,6191538.797038643,1623590656.0,paragliders,20303149
485868.81686551013,6193658.435227901,1623579264.0,paragliders,20303182
488659.759227101,6191019.534430389,1623584640.0,paragliders,20303182
488843.545234132,6191084.576969813,1623586048.0,paragliders,20303271
488849.04503316415,6191091.752977881,1623586048.0,paragliders,20303271
488848.08082189073,6191117.950603362,1623586048.0,paragliders,20303271
488816.55904866854,6191127.204936726,1623586048.0,paragliders,20303271
488797.6909297707,6191120.631931306,1623586048.0,paragliders,20303271
488319.2749630313,6191723.617207785,1623587072.0,paragliders,20303271
486335.60976531793,6191696.001304159,1623589504.0,paragliders,20303271
486098.74816202867,6193800.050413169,1623662976.0,paragliders,20303272
488984.9829494192,6193480.605632174,1623586688.0,paragliders,20303282
486251.26088254765,6193669.9752617255,1623663104.0,paragliders,20303318
486289.2438549463,6193660.151818017,1623663232.0,paragliders,20303324
486117.0465479836,6193633.094788063,1623664128.0,paragliders,20303360
486126.31557314325,6193722.5523144575,1623664256.0,paragliders,20303360
485966.088676766,6193673.799904108,1623664256.0,paragliders,20303360
485987.5962352407,6193683.678926539,1623664256.0,paragliders,20303360
485983.17103457806,6193652.365903619,1623664256.0,paragliders,20303360
486075.3767238613,6193806.243039956,1623577856.0,paragliders,20303362
487895.07209748356,6191661.874372503,1623591808.0,paragliders,20303362
488762.1962068826,6191789.001660893,1623499008.0,paragliders,20303363
486209.19232607575,6193923.234063064,1623147904.0,paragliders,20303365
485862.0852619249,6193469.784750854,1626526592.0,paragliders,20305322
486270.80483736243,6193517.028417449,1626603648.0,paragliders,20305396
486039.10764836706,6191405.559064998,1626614400.0,paragliders,20305399
486216.8507885688,6193659.816311313,1626604288.0,paragliders,20305424
485946.03359053616,6193515.681929976,1626604416.0,paragliders,20305424
485974.32542268286,6193410.336963187,1626604416.0,paragliders,20305424
485927.9149023455,6193647.273551259,1626605824.0,paragliders,20305432
486109.91236703587,6193433.82562946,1626606080.0,paragliders,20305453
486120.52529095986,6193620.1741053555,1626518400.0,paragliders,20305455
489819.62834341003,6190340.682946189,1626533888.0,paragliders,20305455
486006.58876427467,6193427.198734381,1626604288.0,paragliders,20305456
486274.3999740443,6193792.98620335,1626692608.0,paragliders,20305465
486053.63793236593,6193799.738510965,1626692736.0,paragliders,20305465
486302.6745026815,6193830.385196587,1626692736.0,paragliders,20305465
485877.9996902305,6193482.359856334,1626520832.0,paragliders,20305487
485859.7524640176,6193498.8032537615,1626520832.0,paragliders,20305487
485501.48920111,6193606.518402724,1626521216.0,paragliders,20305487
485948.010809937,6193646.312339641,1626605824.0,paragliders,20305488
486218.87665927975,6193881.680524572,1626692736.0,paragliders,20305489
486207.7248266987,6193943.613379527,1626692864.0,paragliders,20305489
486215.27057008096,6193944.443603162,1626692864.0,paragliders,20305489
489838.1153265187,6193607.282913826,1626702592.0,paragliders,20305489
485996.44222425204,6193368.771879028,1626604544.0,paragliders,20305514
485883.61597001384,6193592.370124384,1626521600.0,paragliders,20305943
486735.4423155315,6190228.647101225,1626526464.0,paragliders,20305943
486586.13201260334,6190396.124783482,1626526720.0,paragliders,20305943
485989.13542716764,6193601.843609352,1626605952.0,paragliders,20305945
489449.8365370532,6192727.764644191,1626614656.0,paragliders,20305945
489456.81967700983,6192740.3641984975,1626614656.0,paragliders,20305945
489505.8978794424,6192724.1711333385,1626614656.0,paragliders,20305945
486114.98204971064,6193681.723016385,1626692864.0,paragliders,20305946
486031.03753789014,6193776.865483077,1626692864.0,paragliders,20305946
486247.0954761719,6193875.309443327,1626692864.0,paragliders,20305946
485687.5046021886,6193481.707409383,1626606720.0,paragliders,20306140
485686.8557488958,6193486.642703845,1626606720.0,paragliders,20306140
485693.09034054796,6193512.160558199,1626606720.0,paragliders,20306140
485934.6256294629,6193821.804643688,1629457920.0,paragliders,20307864
485859.74908517604,6193642.687656383,1629458688.0,paragliders,20307864
486076.9989105019,6193692.408386369,1629458816.0,paragliders,20307888
485791.3780908099,6193555.794122421,1622112384.0,paragliders,20308468
485781.69560349546,6193534.918238961,1622112384.0,paragliders,20308468
485763.4349011911,6193520.851857499,1622112384.0,paragliders,20308468
485715.5129991807,6193537.414178409,1622112384.0,paragliders,20308468
485782.4673732618,6193564.620025474,1622112512.0,paragliders,20308468
486352.3698837763,6193856.583174432,1630233472.0,paragliders,20308566
486200.2320599052,6193812.422587728,1630234368.0,paragliders,20308566
486308.9259938303,6193800.20894712,1630234496.0,paragliders,20308566
486497.4774027722,6193899.160721749,1630235264.0,paragliders,20308566
486550.82386238413,6190608.3163942415,1630235264.0,paragliders,20308617
489148.99179798854,6192104.421582742,1630238464.0,paragliders,20308617
489948.64264751977,6191575.126183457,1630238720.0,paragliders,20308617
486105.3653569418,6193609.46530997,1630319616.0,paragliders,20308700
485818.33162985515,6193780.912399524,1630320640.0,paragliders,20308700
486164.2721243497,6193721.697211576,1630836736.0,paragliders,20309108
485803.3016786743,6193404.946170648,1630839296.0,paragliders,20309153
485992.0212654435,6193666.339510924,1630838784.0,paragliders,20309185
489633.53628727334,6190038.724668772,1630853504.0,paragliders,20309185
485938.53656885243,6193656.602185655,1630837248.0,paragliders,20309216
485887.4269259825,6193668.3140542265,1630837248.0,paragliders,20309216
485889.4266783415,6193603.903373381,1630837376.0,paragliders,20309216
486091.31014778145,6193791.885516197,1630837376.0,paragliders,20309216
486116.2433743317,6193783.086398742,1630837504.0,paragliders,20309216
486117.93427817384,6193758.474407023,1630837504.0,paragliders,20309216
486180.08005660324,6193781.909725482,1630838400.0,paragliders,20309224
486130.55219435756,6193781.991849727,1630925440.0,paragliders,20309439
486085.59817063523,6193887.857690827,1630925696.0,paragliders,20309451
486228.43654284,6193765.668174558,1630839424.0,paragliders,20309466
486073.7476629084,6193675.352730412,1631359616.0,paragliders,20309757
485950.67358201375,6193850.670888768,1631360000.0,paragliders,20309757
485734.06634219014,6193761.808885828,1631360384.0,paragliders,20309757
486012.57036050246,6193624.523243405,1630840576.0,paragliders,20310073
486237.74739493727,6193836.897773728,1632305920.0,paragliders,20310775
485617.8518802475,6190438.275223791,1632306816.0,paragliders,20310775
485606.2804039941,6190457.67504666,1632306944.0,paragliders,20310775
485605.81418393465,6190455.675965591,1632306944.0,paragliders,20310775
485585.1450365122,6193614.75947892,1633092608.0,paragliders,20311269
485985.2877875614,6193491.802520596,1633092864.0,paragliders,20311273
485396.25220217864,6193856.43938511,1634469376.0,paragliders,20311668
485433.52532762964,6193747.764628073,1634468864.0,paragliders,20311780
486257.98447439366,6193892.331490804,1635159552.0,paragliders,20312280
485707.93218266434,6193626.811320615,1635163648.0,paragliders,20312280
486072.2009928038,6193732.705760965,1635161344.0,paragliders,20312386
486065.77573751536,6191253.352359252,1635167104.0,paragliders,20312386
485875.234578634,6193722.001573055,1643456896.0,paragliders,20313451
485646.87219174457,6193706.192313603,1643456640.0,paragliders,20313452
486329.96165413375,6193998.138733418,1646049792.0,paragliders,20314237
489139.0935903156,6191129.122782289,1646053632.0,paragliders,20314237
485941.6935705284,6193702.0023238305,1646310656.0,paragliders,20314337
486150.59752299427,6192405.428445136,1646316032.0,paragliders,20314337
486058.21245202044,6193734.1220849175,1646050816.0,paragliders,20315029
486042.5185722535,6193799.601894133,1646050816.0,paragliders,20315029
486044.2367842316,6193803.79852152,1646050816.0,paragliders,20315029
488803.34398883337,6191489.541839048,1646054016.0,paragliders,20315029
486330.214843059,6194004.21895136,1649157248.0,paragliders,20317288
486017.96276758786,6193649.78003469,1649158400.0,paragliders,20317288
486118.2314356381,6193981.356088744,1649159680.0,paragliders,20317288
485638.622790427,6193371.627834898,1649160832.0,paragliders,20317288
489368.94895283674,6192913.542443517,1649162112.0,paragliders,20317288
485815.4416607663,6193584.917064343,1647689344.0,paragliders,20317352
485995.98148867977,6193674.655078854,1647690496.0,paragliders,20317352
489778.8235133126,6193067.962107576,1647692544.0,paragliders,20317352
486007.11703759216,6193817.631389186,1650018560.0,paragliders,20317767
485914.31497590075,6193655.677562186,1650108032.0,paragliders,20317929
486163.03937398345,6193830.195936378,1650192128.0,paragliders,20318013
486156.9339377493,6193817.266652698,1650192128.0,paragliders,20318013
486150.7926245188,6193808.6800485905,1650192128.0,paragliders,20318013
485439.82928589126,6193648.406975599,1650192512.0,paragliders,20318030
486227.7691587869,6193848.59262639,1650192384.0,paragliders,20318048
486261.13463193865,6193812.282922169,1650191232.0,paragliders,20318058
486326.90124033584,6193692.683557162,1650193920.0,paragliders,20318100
486390.76711409667,6193883.1246833075,1650192768.0,paragliders,20318102
486364.8983997376,6193931.715461078,1650192768.0,paragliders,20318102
486353.59657857136,6193926.715061669,1650192768.0,paragliders,20318102
486019.33288885345,6193732.365134578,1650191872.0,paragliders,20318145
486283.96558008395,6193825.577297241,1650193024.0,paragliders,20318494
485500.2158708231,6193700.178559499,1507891840.0,paragliders,20318605
486168.3878587649,6193702.676003309,1650193408.0,paragliders,20318875
486387.3481060681,6190401.795695563,1650969856.0,paragliders,20319005
486194.5501474191,6193929.032878822,1651229312.0,paragliders,20319411
486607.27855032147,6190531.492402754,1651230976.0,paragliders,20319411
486203.355665804,6193947.274177626,1650881792.0,paragliders,20319636
485816.4793719772,6193757.127494817,1651227520.0,paragliders,20319640
486728.9152098093,6191893.50649198,1651230464.0,paragliders,20319640
486349.4899125833,6193984.68375201,1651400064.0,paragliders,20319667
485852.6243885518,6193785.836252892,1651400192.0,paragliders,20319673
486135.3381047895,6192413.247469575,1652092416.0,paragliders,20320380
486466.85323784925,6190767.72725493,1652180352.0,paragliders,20320489
486463.13020132546,6190442.66355974,1652180608.0,paragliders,20320489
486333.50671645626,6193945.217356324,1652174080.0,paragliders,20320530
485685.2140253963,6190958.8550399775,1652191104.0,paragliders,20320644
485702.3717583037,6190802.044444176,1652180096.0,paragliders,20320652
485649.0770292371,6190835.7228641715,1652180224.0,paragliders,20320652
485647.59053348575,6190792.751887964,1652180224.0,paragliders,20320652
485659.31848468486,6190784.443672637,1652180224.0,paragliders,20320652
485666.806414911,6190785.412276083,1652180224.0,paragliders,20320652
489270.8095670825,6191994.380183402,1652185984.0,paragliders,20320652
485600.79626187123,6193570.482915217,1652177536.0,paragliders,20320717
485500.7103586496,6193646.82312986,1630837504.0,paragliders,20320783
489860.3908614327,6191693.595525944,1652095488.0,paragliders,20320791
485913.73326328787,6193741.1549314475,1652263552.0,paragliders,20320827
485765.92989215424,6193625.957170331,1652093440.0,paragliders,20320835
486020.51229222753,6193700.3830739185,1652179840.0,paragliders,20320840
485725.58751773543,6190749.569307687,1652180224.0,paragliders,20321012
485825.9140588444,6193551.446078579,1652091904.0,paragliders,20321112
486600.178912277,6191589.796024656,1652094336.0,paragliders,20321112
485225.8337931765,6193414.860027841,1652520192.0,paragliders,20321321
485593.1226479004,6193739.731250961,1652520448.0,paragliders,20321321
485592.10680525925,6193706.243303218,1652520448.0,paragliders,20321321
485571.5147780163,6193722.698535593,1652520448.0,paragliders,20321321
486233.91415792424,6194133.360177702,1652263296.0,paragliders,20321554
485906.37091725867,6193617.617102806,1653648896.0,paragliders,20322588
486186.9995432527,6193847.3759855125,1653651584.0,paragliders,20322656
486302.1194324376,6193742.154817074,1653734656.0,paragliders,20322707
485706.82079014485,6193710.696888927,1653733376.0,paragliders,20322711
486511.50502695487,6190130.455689582,1653741184.0,paragliders,20322718
486439.78029093164,6191083.956439984,1653741568.0,paragliders,20322718
486431.39625336474,6191206.17890971,1653742080.0,paragliders,20322718
486144.50380731723,6193676.872285481,1653735040.0,paragliders,20322747
486559.0374548495,6190173.970098813,1653738240.0,paragliders,20322747
486549.8633644952,6190205.6785343,1653738240.0,paragliders,20322747
486798.8334173943,6190391.337265438,1653738496.0,paragliders,20322747
486840.4918666845,6190301.942659043,1653738496.0,paragliders,20322747
486777.9517176052,6190334.904371475,1653738496.0,paragliders,20322747
486816.65757127653,6190310.84005898,1653738496.0,paragliders,20322747
486807.309219203,6190291.699502004,1653738496.0,paragliders,20322747
485898.7243598845,6193668.633196831,1653649280.0,paragliders,20322764
486252.11833605706,6193683.236833774,1653735040.0,paragliders,20322767
486579.46499979706,6190166.787143053,1653737856.0,paragliders,20322767
485732.90881879354,6193667.607390632,1653734272.0,paragliders,20322802
485814.5287676315,6193646.3237724705,1653818240.0,paragliders,20322825
486083.3573366806,6193929.7156320345,1653733760.0,paragliders,20322865
486076.5153151277,6193967.233071149,1653733760.0,paragliders,20322865
486097.09588688525,6193983.145443218,1653733760.0,paragliders,20322865
486155.930861906,6193637.846831724,1653818624.0,paragliders,20322866
486195.4830238266,6193686.180876964,1653818624.0,paragliders,20322866
486234.1010895363,6193622.167102473,1653818624.0,paragliders,20322866
485785.7585747362,6193766.811058859,1653733632.0,paragliders,20322881
485777.3113676486,6193818.26123152,1653733632.0,paragliders,20322881
485798.0684609355,6193747.552567729,1653733632.0,paragliders,20322881
486117.48314766464,6193525.304584299,1653819008.0,paragliders,20322884
485718.11417631427,6193603.902396784,1653819008.0,paragliders,20322885
486190.08562853676,6193637.742329531,1653735168.0,paragliders,20322890
486067.34538852103,6193904.021434036,1653732736.0,paragliders,20322891
488076.88682423113,6193893.339700302,1653741952.0,paragliders,20322891
486087.27295057545,6193357.351425164,1653821952.0,paragliders,20322893
486073.96369364735,6193595.448782491,1653563520.0,paragliders,20322916
485856.22035088605,6193718.531288948,1653648384.0,paragliders,20322921
489858.5491689043,6190018.123633116,1653652736.0,paragliders,20322921
489909.7116368371,6190075.969753134,1653652736.0,paragliders,20322921
489824.87317512074,6190075.52047374,1653652736.0,paragliders,20322921
489353.8829286027,6190016.113337912,1653653632.0,paragliders,20322921
489566.99289095815,6190028.694040857,1653653632.0,paragliders,20322921
489743.98675469885,6190673.497557438,1653654016.0,paragliders,20322921
489917.63965990645,6192647.505301423,1653654784.0,paragliders,20322921
486137.42549174273,6193910.97187232,1653733504.0,paragliders,20322922
486067.4242613955,6193612.1024032375,1653817216.0,paragliders,20322925
486287.8332912932,6193697.042376043,1653818496.0,paragliders,20322928
486539.2514402964,6190173.028503077,1653820416.0,paragliders,20322928
486330.8768465146,6193629.266424549,1653734784.0,paragliders,20322929
486215.34928380273,6193772.617279272,1653735040.0,paragliders,20322929
486276.41930076183,6193758.020693936,1653735040.0,paragliders,20322929
486249.18273246643,6193704.852576868,1653735040.0,paragliders,20322929
486564.6111831596,6190298.064446691,1653740032.0,paragliders,20322929
486756.39387164346,6190358.609070957,1653741696.0,paragliders,20322929
486281.18656583776,6191549.534070225,1653742080.0,paragliders,20322929
485853.5747971105,6191548.057592551,1653742464.0,paragliders,20322929
485560.2412857841,6192421.2887691,1653744512.0,paragliders,20322929
485870.0437592802,6193727.385445899,1653647872.0,paragliders,20322931
486001.7406912648,6193599.761679878,1653820800.0,paragliders,20322932
485908.0702369271,6193897.455260295,1653733632.0,paragliders,20322933
485882.3984567192,6193683.2728709895,1653735040.0,paragliders,20322959
485866.8124043313,6193739.122708742,1653735040.0,paragliders,20322959
485887.5061102874,6193590.919154148,1653735040.0,paragliders,20322959
485903.6366401809,6193670.2257799115,1653735168.0,paragliders,20322959
485915.6185850074,6193663.458713745,1653735168.0,paragliders,20322959
485929.9182262829,6193632.531786082,1653735168.0,paragliders,20322959
485875.9003418173,6193569.2101767985,1653735168.0,paragliders,20322959
486110.353138987,6193953.644730316,1653733760.0,paragliders,20323013
485985.9402575356,6193597.6543156495,1653737472.0,paragliders,20323072
486012.6693809312,6193643.252448989,1653817216.0,paragliders,20323116
485821.16303363966,6193698.933295081,1653648128.0,paragliders,20323158
486475.81801285496,6193750.750813151,1653656704.0,paragliders,20323158
486035.4192688337,6193846.100696196,1653734144.0,paragliders,20323160
486103.8055046119,6193745.620173401,1653734400.0,paragliders,20323263
486054.0595747336,6193651.5624325415,1653735552.0,paragliders,20323331
485914.68309918797,6193735.773215752,1653736192.0,paragliders,20323331
485988.47638393374,6193577.014353375,1653735040.0,paragliders,20323376
485923.9532785327,6193714.777018765,1653735040.0,paragliders,20323376
485966.6868453678,6193628.762544751,1653735040.0,paragliders,20323376
486028.255032281,6193602.490022258,1653648768.0,paragliders,20323377
486465.1579051648,6191427.766822681,1653653888.0,paragliders,20323377
486206.692965414,6194098.913468493,1654860160.0,paragliders,20323613
486203.7221000655,6194119.062047749,1654860160.0,paragliders,20323613
486244.4134802156,6194133.426268437,1654860160.0,paragliders,20323613
489815.6888757197,6190282.42233773,1654868736.0,paragliders,20323613
489807.0686832016,6190297.445684244,1654868736.0,paragliders,20323613
489800.66943623614,6190305.138277374,1654868736.0,paragliders,20323613
489763.8239375532,6190289.891571722,1654868736.0,paragliders,20323613
489776.8083627891,6190258.195919681,1654868736.0,paragliders,20323613
489606.72007754835,6190265.145058737,1654868864.0,paragliders,20323613
489595.585859133,6190274.878735649,1654868864.0,paragliders,20323613
489552.1903813755,6190270.929303046,1654868864.0,paragliders,20323613
489518.0714843231,6190250.275121665,1654868864.0,paragliders,20323613
485917.13913443487,6193714.880950136,1654861184.0,paragliders,20323650
489542.473975648,6190099.787090291,1654865408.0,paragliders,20323650
489588.7258891917,6190164.123438722,1654865408.0,paragliders,20323650
486042.42801468796,6193419.624946077,1654771840.0,paragliders,20324453
486082.83725101396,6193440.252682147,1654771840.0,paragliders,20324453
486175.4415409662,6193501.380631483,1654771840.0,paragliders,20324453
485805.70093161555,6190846.9092458645,1654775680.0,paragliders,20324453
485789.4129559087,6190817.0668164855,1654775680.0,paragliders,20324453
485820.8811278489,6190792.576816544,1654775680.0,paragliders,20324453
485738.5904826964,6190858.289689215,1654775680.0,paragliders,20324453
485822.89842261665,6190747.162646433,1654775680.0,paragliders,20324453
486116.7805662922,6193948.303664192,1654859776.0,paragliders,20324455
485687.5168678336,6192367.868352771,1654865152.0,paragliders,20324455
486023.51526816795,6193733.045572966,1654865536.0,paragliders,20324455
489183.51003102516,6192586.198133715,1654866688.0,paragliders,20324455
485948.3897544161,6193747.420747357,1657275648.0,paragliders,20325840
486432.7818945172,6193810.122248487,1657275648.0,paragliders,20325840
486324.876961745,6193800.257027405,1657275776.0,paragliders,20325840
486365.5517056913,6193814.458295321,1657275776.0,paragliders,20325840
486368.1893600061,6193771.866858423,1657275776.0,paragliders,20325840
486046.8716392543,6193683.75245348,1657276416.0,paragliders,20325840
486051.17500727094,6193605.672346875,1657276416.0,paragliders,20325840
486098.730069513,6193715.800837844,1657276416.0,paragliders,20325840
485846.2202247941,6193672.435440817,1657278464.0,paragliders,20325840
485766.9214563377,6193677.3394945385,1657279488.0,paragliders,20325840
486553.64369591087,6190314.097624674,1657281408.0,paragliders,20325840
486094.72143969254,6193939.713691203,1657363328.0,paragliders,20325892
486502.5495945612,6191722.55326819,1657373696.0,paragliders,20325892
486220.61550126865,6193750.2075879015,1657363840.0,paragliders,20325905
485652.2423499732,6194008.611734356,1657464192.0,paragliders,20325981
486073.9458647891,6193565.562833708,1657451136.0,paragliders,20325988
486753.92859026504,6190234.642043309,1657457024.0,paragliders,20325988
486677.70021964575,6190830.22955968,1657458688.0,paragliders,20325988
486657.44436103746,6190689.321816312,1657458816.0,paragliders,20325988
485968.6230438336,6193554.103646147,1657450752.0,paragliders,20326049
486143.23918837804,6193831.664306139,1657363584.0,paragliders,20326052
486039.49298091355,6193790.051997992,1657363840.0,paragliders,20326071
486370.21811573865,6193844.543852245,1657534592.0,paragliders,20326084
486286.78423685115,6193967.124231312,1657534208.0,paragliders,20326096
486085.8632101138,6193755.070931137,1657537408.0,paragliders,20326110
486193.5366478158,6193904.501870456,1657534976.0,paragliders,20326120
486301.39903881395,6194095.734441277,1657534208.0,paragliders,20326143
485853.10648882366,6193461.030640495,1657451008.0,paragliders,20326146
486530.23565268115,6190270.9941403605,1657453824.0,paragliders,20326146
489471.81159481866,6190041.323954075,1657456768.0,paragliders,20326146
486192.62635081436,6193903.433742344,1657533568.0,paragliders,20326155
486357.8556490344,6193952.27500305,1657534080.0,paragliders,20326174
485849.2744301764,6193682.976502723,1657450624.0,paragliders,20326178
486099.2478043358,6193755.755792178,1657623424.0,paragliders,20326225
485610.03931963904,6193636.651859965,1657622528.0,paragliders,20326238
485828.4585022547,6193581.710796656,1657621888.0,paragliders,20326248
486651.5706920643,6191046.691811317,1657629824.0,paragliders,20326248
485766.47045708465,6190866.362454484,1657628288.0,paragliders,20326250
485910.10658455186,6193635.447372934,1657621248.0,paragliders,20326264
486484.53048499895,6190239.199921606,1657633664.0,paragliders,20326264
489923.0559647221,6190064.607623064,1657635584.0,paragliders,20326264
485979.09939701675,6193783.907970027,1657624576.0,paragliders,20326295
485783.5182764786,6193761.130383494,1657709696.0,paragliders,20326388
485814.2940926595,6193645.788556561,1657709696.0,paragliders,20326404
485847.7298271951,6193667.231580063,1657536000.0,paragliders,20326498
486129.79327477067,6193616.671475408,1657797504.0,paragliders,20326524
486344.4447545851,6193742.9746816745,1657794560.0,paragliders,20326533
486213.2996721047,6193808.622558199,1657533056.0,paragliders,20326585
485791.287795187,6193663.888000458,1657620096.0,paragliders,20326590
485786.34948777,6193668.969148143,1657620096.0,paragliders,20326590
485784.3362470679,6193697.766370588,1657620096.0,paragliders,20326590
486176.0803917292,6193750.20834332,1657795712.0,paragliders,20326591
486283.156157755,6193936.067495928,1657796352.0,paragliders,20326595
486351.09128724725,6193815.828316796,1657796352.0,paragliders,20326604
486319.2356128294,6193837.675889499,1657796352.0,paragliders,20326604
486168.7564906718,6193845.763728048,1657796480.0,paragliders,20326604
486331.69135997037,6194118.684417274,1657797120.0,paragliders,20326606
486110.6057067272,6193662.686197636,1657796864.0,paragliders,20326681
486494.54014959227,6194946.637086942,1657799040.0,paragliders,20326681
485844.34917019034,6190905.608537809,1657813504.0,paragliders,20326689
486462.684311617,6190181.190940782,1657813760.0,paragliders,20326689
486468.9951715607,6190177.678248156,1657813760.0,paragliders,20326689
486495.4325839768,6190184.501157417,1657813760.0,paragliders,20326689
486543.61686851433,6190088.157729361,1657814016.0,paragliders,20326689
486373.2583792441,6193726.802299696,1657795712.0,paragliders,20326773
485806.7047979751,6193579.748089793,1657797120.0,paragliders,20326784
486130.82752779697,6193700.93578222,1657796736.0,paragliders,20326786
486283.5580775171,6193755.1844399655,1657797760.0,paragliders,20326797
486072.36400938954,6193784.665106445,1657879680.0,paragliders,20326838
486548.69040158374,6190477.745158398,1657883904.0,paragliders,20326838
486080.7897722746,6193721.113717948,1657884544.0,paragliders,20326838
486234.52231181355,6193970.610574483,1657879168.0,paragliders,20326850
485628.9263623297,6190651.867258594,1657881728.0,paragliders,20326850
485620.7846821034,6190642.795189327,1657881728.0,paragliders,20326850
485731.1020061585,6190710.867259876,1657881728.0,paragliders,20326850
486116.05784431234,6193868.29867589,1657882880.0,paragliders,20326850
486133.0662022677,6193647.7833300065,1657796613.2635612,paragliders,20326927
486197.1140010834,6193891.828076387,1657881984.0,paragliders,20326950
486349.6124511564,6193880.211648095,1650192768.0,paragliders,20326967
485963.7998558798,6193580.115950515,1657621376.0,paragliders,20326971
486218.55843029293,6193673.301162507,1657797760.0,paragliders,20327002
486177.70865982136,6193849.913078691,1657883776.0,paragliders,20327012
486186.5870462948,6193834.731820727,1657883776.0,paragliders,20327023
486209.8340361031,6193942.485153734,1657972224.0,paragliders,20327079
485810.09055805637,6193723.199867439,1657796736.0,paragliders,20327119
485952.7751186556,6194316.246617819,1657968640.0,paragliders,20327187
485841.2989583763,6194233.939964758,1657968768.0,paragliders,20327187
486676.51886736014,6190135.692794618,1657969792.0,paragliders,20327187
486679.585438707,6190170.414305125,1657969792.0,paragliders,20327187
486622.03777168214,6190126.133363305,1657969792.0,paragliders,20327187
486664.97813401365,6190122.47284227,1657969792.0,paragliders,20327187
486619.232841821,6190142.993837663,1657969792.0,paragliders,20327187
486594.9955835251,6190172.80989593,1657969792.0,paragliders,20327187
486593.5971423681,6190163.738421194,1657969792.0,paragliders,20327187
486054.37132643687,6194002.678444241,1657970688.0,paragliders,20327187
486138.13530256244,6193751.06082017,1658056576.0,paragliders,20327188
486179.1001144523,6193980.590265543,1658054784.0,paragliders,20327189
486106.21283728525,6193897.485726947,1658056064.0,paragliders,20327193
486264.6899138858,6194039.689329045,1658055680.0,paragliders,20327194
486050.92509484146,6193809.740424233,1658054528.0,paragliders,20327210
486167.2264102144,6193673.7472486785,1658058240.0,paragliders,20327220
485949.4321382745,6193588.160353041,1658057088.0,paragliders,20327221
485958.64917954523,6193705.695143741,1658057088.0,paragliders,20327221
485939.74695688917,6193707.826223503,1658057088.0,paragliders,20327221
486083.72318474855,6194045.382783133,1658055552.0,paragliders,20327222
486110.13482392894,6193744.431093912,1658057984.0,paragliders,20327232
486104.4590656009,6193789.792338389,1658056576.0,paragliders,20327233
486148.3910242384,6193745.397953909,1657795712.0,paragliders,20327238
486110.63129188627,6193952.734225251,1658055552.0,paragliders,20327244
486181.6230159334,6193945.078255078,1657883264.0,paragliders,20327281
486064.3348761587,6193955.178559202,1657883264.0,paragliders,20327281
486040.19973473746,6193927.356584033,1657883264.0,paragliders,20327281
485986.9521918303,6193980.083841414,1657883264.0,paragliders,20327281
486049.0764689708,6193823.231340134,1657883264.0,paragliders,20327281
486258.530865216,6193898.545884332,1657971584.0,paragliders,20327283
486153.4998031232,6194052.166383372,1658054784.0,paragliders,20327323
486097.2281231566,6194234.6507265,1657970048.0,paragliders,20327324
486312.71773731866,6193688.347997957,1657795328.0,paragliders,20327325
486257.5656187416,6193569.444833812,1657795456.0,paragliders,20327325
486098.5704474796,6193663.713578343,1657795456.0,paragliders,20327325
485962.5559738315,6193571.392945229,1657795584.0,paragliders,20327325
486062.06895693904,6193682.060258031,1657795602.8434908,paragliders,20327325
486017.8738454986,6193981.841099323,1657880960.0,paragliders,20327335
486454.6145383214,6190686.681709848,1657882624.0,paragliders,20327335
485646.3588531925,6193478.427609486,1657799424.0,paragliders,20327336
485919.87344545906,6193915.554074667,1658054656.0,paragliders,20327359
485884.26620378793,6193683.427216136,1657795968.0,paragliders,20327362
486622.74771598313,6192322.149761277,1657808640.0,paragliders,20327362
486120.8077018165,6193928.229595014,1658056320.0,paragliders,20327363
486067.4336219404,6193684.352426061,1657623040.0,paragliders,20327365
485966.42110447807,6194023.192532899,1658139392.0,paragliders,20327377
485978.80460742547,6193781.81812423,1658140032.0,paragliders,20327381
486291.19251186115,6193701.240511187,1657795328.0,paragliders,20327436
486322.7292444588,6193534.923076081,1657795456.0,paragliders,20327436
486138.9955362805,6193699.60241134,1657795456.0,paragliders,20327436
486068.5639744762,6193650.487713552,1657795584.0,paragliders,20327436
486024.4077435459,6193714.4070822215,1657795584.0,paragliders,20327436
486108.6294138515,6193947.982686175,1658055552.0,paragliders,20327449
485897.3514454984,6193571.852460551,1658056960.0,paragliders,20327573
486149.42762793985,6193957.236027842,1657880832.0,paragliders,20327631
486131.64150954544,6193868.266421206,1657970816.0,paragliders,20327632
486262.3583491046,6194033.768763891,1658055552.0,paragliders,20327633
485702.5870119298,6193539.152133388,1658057216.0,paragliders,20327636
486048.00041814125,6193727.121539956,1657883264.0,paragliders,20327638
485973.6245770948,6193694.738053063,1657796992.0,paragliders,20327663
486101.3330426413,6193954.329868292,1658401024.0,paragliders,20327734
486030.51663022366,6193894.565180788,1658401152.0,paragliders,20327734
486088.26277617173,6193796.315257311,1658401152.0,paragliders,20327734
486113.1274052054,6193802.238346368,1658401280.0,paragliders,20327734
486102.30012786516,6193749.259803048,1658401280.0,paragliders,20327734
485953.1682009945,6193862.367330708,1658401920.0,paragliders,20327734
486543.71482103347,6190126.2897988,1658405248.0,paragliders,20327734
486541.5935445374,6190073.084349097,1658405248.0,paragliders,20327734
486577.8174916509,6190082.761784213,1658405248.0,paragliders,20327734
486552.2238694106,6190026.5562608745,1658405248.0,paragliders,20327734
486450.2523007034,6190226.767774469,1658405376.0,paragliders,20327734
486500.1625790085,6190217.266228651,1658405888.0,paragliders,20327734
489716.79911724443,6191151.253879979,1658408832.0,paragliders,20327734
485953.2622883789,6193619.818858831,1657451648.0,paragliders,20328173
486248.23145692836,6193836.41728112,1658056064.0,paragliders,20328175
486701.45166449813,6190261.688403432,1658060288.0,paragliders,20328175
486865.275497878,6190820.001186924,1658061824.0,paragliders,20328175
485806.43602668255,6193607.285678152,1658059776.0,paragliders,20328301
486012.59838638507,6193816.72244508,1659434240.0,paragliders,20329234
486348.32077611145,6193966.705960669,1659435904.0,paragliders,20329291
486214.24498850125,6193995.723686271,1659436032.0,paragliders,20329291
486179.29803242383,6193857.2237348445,1659436032.0,paragliders,20329291
486673.3880667454,6190235.713801712,1659441536.0,paragliders,20329291
486052.74978622864,6193885.041263224,1659436672.0,paragliders,20329300
486162.0426855337,6193969.424264515,1659437056.0,paragliders,20329300
486544.87830595626,6190304.770142435,1659440384.0,paragliders,20329300
486723.8789736271,6190172.559527406,1659441536.0,paragliders,20329300
485957.5806120082,6193744.825433426,1659523456.0,paragliders,20329578
486518.80191437784,6190507.5270927,1659525504.0,paragliders,20329578
489139.225146877,6191389.593321083,1659528448.0,paragliders,20329578
486388.3340465513,6193948.935657902,1650193024.0,paragliders,20330177
486269.11041704664,6194050.107487974,1660130176.0,paragliders,20330360
485990.61092125747,6193638.640209032,1660213632.0,paragliders,20330951
486099.70558260335,6193774.38512636,1660300544.0,paragliders,20330957
486056.8322931768,6193722.976373878,1660300928.0,paragliders,20331053
489584.8260058254,6192809.304956625,1660305536.0,paragliders,20331053
486281.4343946883,6193841.804997977,1660994176.0,paragliders,20331196
485896.5449308946,6193635.366499356,1660994688.0,paragliders,20331196
486234.57935226103,6193692.887037438,1660995968.0,paragliders,20331441
486688.7170602297,6190185.002920681,1660997120.0,paragliders,20331441
486680.61182794574,6190528.622497489,1660999040.0,paragliders,20331441
485878.47281019215,6193725.651503586,1660994048.0,paragliders,20331485
485558.94208316616,6193715.797559648,1660995200.0,paragliders,20331485
486698.0321274273,6190129.368741267,1660996608.0,paragliders,20331485
486604.87614890136,6190257.295464806,1660996608.0,paragliders,20331485
486673.1547650008,6190450.313211978,1660999168.0,paragliders,20331485
486659.2819169215,6190253.797044045,1660999680.0,paragliders,20331485
486114.28895292815,6193686.641210762,1661164672.0,paragliders,20331487
486422.6377733563,6193866.317110534,1661165056.0,paragliders,20331487
486501.6970047766,6193975.515183234,1661165568.0,paragliders,20331487
486678.7321967097,6190634.76244335,1661166592.0,paragliders,20331487
489256.76408352074,6190554.259385285,1661168256.0,paragliders,20331487
489695.5673848711,6192107.936749148,1661169152.0,paragliders,20331487
489618.54183296,6192060.672374788,1661169533.7347734,paragliders,20331487
489687.6706268884,6191911.288432274,1661169536.0,paragliders,20331487
489632.6033225485,6191891.691188186,1661169536.0,paragliders,20331487
489849.60972482065,6191896.326075189,1661169792.0,paragliders,20331487
489489.5178910148,6192054.779092662,1661170560.0,paragliders,20331487
485909.937024961,6193654.415153579,1661336320.0,paragliders,20331912
486501.6505054945,6190357.297396996,1661341184.0,paragliders,20331912
486196.96651155443,6193901.886287115,1660994560.0,paragliders,20331915
485712.81870187406,6193582.918094919,1661682176.0,paragliders,20331973
485750.77699211484,6193566.804386252,1661682176.0,paragliders,20331973
485760.95420127,6193572.5655839145,1661682176.0,paragliders,20331973
486292.8788802075,6193870.091257398,1661686784.0,paragliders,20331992
485141.42980898684,6190880.454454985,1661694848.0,paragliders,20331992
486055.8519290571,6193708.437028618,1661684224.0,paragliders,20332387
486133.39527091506,6193738.009006238,1661683584.0,paragliders,20332615
485824.7729409433,6193636.879579706,1661681536.0,paragliders,20332750
486120.54208707064,6193693.438734999,1663410944.0,paragliders,20333224
485725.8220971778,6193634.1288030045,1663411584.0,paragliders,20333224
485432.0545428607,6191651.113762689,1663414528.0,paragliders,20333224
485404.9144896324,6191640.986471294,1663414528.0,paragliders,20333224
485445.39902614104,6191634.393443808,1663414528.0,paragliders,20333224
486551.5717913925,6190416.064915412,1663415296.0,paragliders,20333224
486184.1245251601,6193812.48665729,1663409536.0,paragliders,20333257
486165.23850922636,6193933.916334122,1663409664.0,paragliders,20333257
486240.78429519705,6193892.60911729,1663409664.0,paragliders,20333257
485993.78959834477,6193763.937861107,1663409920.0,paragliders,20333257
485952.74578003783,6193789.00696257,1663409920.0,paragliders,20333257
486004.6838445258,6193822.543643224,1663409920.0,paragliders,20333257
485842.9760441444,6193897.578792699,1663409920.0,paragliders,20333257
486016.43991088,6193844.764879446,1663410048.0,paragliders,20333257
486039.8947708928,6193888.225123209,1663410048.0,paragliders,20333257
485912.27195791074,6193502.827331614,1663506816.0,paragliders,20333269
486153.55831710785,6193948.912332265,1663499648.0,paragliders,20333272
486453.5154160818,6190041.150541997,1663588224.0,paragliders,20333414
486552.87750493846,6190270.247596606,1663588480.0,paragliders,20333414
486096.53998072667,6194945.8057375075,1663595520.0,paragliders,20333414
486304.39082130545,6193855.069759426,1663671424.0,paragliders,20333444
486342.04548622103,6193816.277592933,1663672320.0,paragliders,20333444
486568.69766305125,6190181.492909721,1663677440.0,paragliders,20333444
486517.7261570702,6190136.119227594,1663677440.0,paragliders,20333444
486598.3270215478,6190096.418205689,1663677440.0,paragliders,20333444
486587.2005303773,6190385.186493876,1663678720.0,paragliders,20333444
486063.7014562412,6193794.063308374,1663670912.0,paragliders,20333445
486476.8175619055,6190482.85434029,1663673728.0,paragliders,20333445
486520.5901837774,6190484.826545519,1663674240.0,paragliders,20333445
485723.5675539573,6191971.1712139975,1663674624.0,paragliders,20333445
485428.6867373428,6193249.620113499,1663676416.0,paragliders,20333445
486499.79572907713,6190374.931961232,1663677312.0,paragliders,20333445
486193.2857003097,6193795.144832787,1663758336.0,paragliders,20333527
486179.8116840738,6193761.310570832,1663758848.0,paragliders,20333527
486129.9101554583,6193835.865591653,1663758976.0,paragliders,20333527
486080.53622770915,6193759.521894413,1663758976.0,paragliders,20333527
489609.84143035504,6190094.673981307,1663764992.0,paragliders,20333527
486084.7227604491,6193761.186306336,1663757440.0,paragliders,20333542
485559.363247502,6193770.877132984,1663757568.0,paragliders,20333542
485667.0793902038,6193507.329686063,1663758080.0,paragliders,20333542
485619.085294263,6193578.596197792,1663758080.0,paragliders,20333542
485620.2352845997,6193603.11028218,1663758080.0,paragliders,20333542
485607.5153150795,6193633.934423247,1663758080.0,paragliders,20333542
485413.69246834447,6193721.185155196,1663758592.0,paragliders,20333542
486340.3495372918,6193907.69832449,1663761408.0,paragliders,20333542
486138.14085849974,6193704.726368296,1663763072.0,paragliders,20333542
486019.4264978021,6193855.60567889,1663844352.0,paragliders,20333583
486048.25420799496,6193860.725037617,1663844352.0,paragliders,20333583
486065.7957854419,6193835.12086975,1663844352.0,paragliders,20333583
486035.88772484334,6193725.285259694,1663844736.0,paragliders,20333591
485307.29870026535,6192894.565137597,1663858048.0,paragliders,20333611
488890.232067855,6190002.000662651,1663862656.0,paragliders,20333611
485739.34045982023,6193571.777360301,1663500672.0,paragliders,20333629
486033.93848325254,6193566.297600904,1663847040.0,paragliders,20333799
489534.3984991729,6190106.294287057,1663849811.8688529,paragliders,20333799
489512.92073026666,6190166.858910978,1663852544.0,paragliders,20333799
486192.28241921274,6193812.671068266,1663761024.0,paragliders,20333800
486466.0536756454,6190115.975092069,1663762432.0,paragliders,20333800
489566.3668389869,6190057.741749887,1663764608.0,paragliders,20333800
486387.5772865046,6193843.817623515,1663671680.0,paragliders,20333801
486011.7709890545,6194970.5289828675,1663672448.0,paragliders,20333801
486586.1679654605,6190295.597439096,1663675520.0,paragliders,20333801
486596.6698804032,6191055.470094265,1663677568.0,paragliders,20333801
489580.60403850314,6190098.261943093,1663678976.0,paragliders,20333801
489500.08883837814,6190165.846561693,1663680000.0,paragliders,20333801
489214.8822516064,6190362.003456278,1663681920.0,paragliders,20333801
486026.9107717491,6193864.367156319,1664711552.0,paragliders,20333857
485291.70136667683,6193819.903226376,1664712704.0,paragliders,20333857
486061.35180216277,6193937.219072408,1664884608.0,paragliders,20333914
485439.86504253384,6193657.989608614,1664967296.0,paragliders,20334007
486069.76119961555,6193693.616298223,1664968064.0,paragliders,20334020
486328.37555299397,6190184.311281399,1664977804.9556599,paragliders,20334042
485856.97825204453,6193319.417932525,1664967808.0,paragliders,20334045
485843.3578025405,6193412.731972161,1664967808.0,paragliders,20334045
485816.94180502684,6193529.792195482,1664967808.0,paragliders,20334045
485811.78905334865,6193538.585449943,1664967808.0,paragliders,20334045
485776.0476140971,6193550.210606915,1664967808.0,paragliders,20334045
486126.0153320201,6193492.3479545545,1664967552.0,paragliders,20334046
486245.4100109821,6193365.142801212,1664967552.0,paragliders,20334046
485855.3133103467,6193417.345059677,1664967680.0,paragliders,20334046
485856.314488861,6193348.061945522,1664967808.0,paragliders,20334046
485943.91796763096,6193528.216497713,1664967936.0,paragliders,20334046
486152.9374054102,6193524.914684813,1664967552.0,paragliders,20334047
486103.2468813852,6193685.188737654,1664967936.0,paragliders,20334070
486083.84028532665,6193989.979142635,1664884608.0,paragliders,20334074
485708.1081706629,6193846.937603798,1664886656.0,paragliders,20334074
489161.0016296334,6191678.525036982,1664891648.0,paragliders,20334074
486099.00778916356,6193881.684259991,1663585792.0,paragliders,20334076
485918.0321285781,6193425.081975868,1664967680.0,paragliders,20334135
485951.78907943296,6193784.267972672,1664711808.0,paragliders,20334207
486165.99772702146,6193671.345925585,1664712192.0,paragliders,20334207
486151.45790781727,6193883.399660119,1664712448.0,paragliders,20334207
485740.27910251566,6192287.143355372,1665317504.0,paragliders,20334299
485912.31637553056,6193589.1919894805,1664967168.0,paragliders,20334390
485988.1259989802,6193582.876067501,1664967168.0,paragliders,20334390
485960.7390252854,6193516.210121019,1664967168.0,paragliders,20334390
486198.7762625761,6193613.436915624,1664967424.0,paragliders,20334390
489373.41963115847,6190403.067751426,1664974720.0,paragliders,20334390
486134.36607663677,6193841.674318088,1657537408.0,paragliders,20334543
485753.06291240675,6192654.984816918,1657538304.0,paragliders,20334543
486226.3113191192,6193641.531227428,1657538560.0,paragliders,20334543
486171.59192585124,6193811.279950744,1657621504.0,paragliders,20334547
485801.37556421093,6193685.481593719,1668339712.0,paragliders,20335162
485677.54905869206,6193785.861104099,1668341376.0,paragliders,20335162
486071.8210187127,6193729.537427405,1676552192.0,paragliders,20336386
489138.14627649024,6191838.020488266,1676554752.0,paragliders,20336386
489232.79694061074,6191734.486098359,1676555520.0,paragliders,20336386
485925.6528036996,6193676.142592968,1676811264.0,paragliders,20336545
489325.1379593964,6191679.053400126,1676813952.0,paragliders,20336545
489324.10794756806,6191612.383128509,1676814720.0,paragliders,20336545
489742.963411522,6191724.146904163,1676817664.0,paragliders,20336545
489471.95388669806,6193095.790981897,1676818048.0,paragliders,20336545
485593.17395514884,6193588.699390472,1676807808.0,paragliders,20336566
488833.68894888443,6191978.154688792,1676810880.0,paragliders,20336566
489269.631863349,6191253.757369775,1676812544.0,paragliders,20336566
488908.79460848507,6190271.892961795,1676812928.0,paragliders,20336566
485719.2402572397,6193607.106053483,1679397376.0,paragliders,20337445
486082.61021678627,6193636.744961537,1679311360.0,paragliders,20337447
486358.37206086493,6194167.27035168,1680692608.0,paragliders,20337883
485976.6790691259,6191938.150590589,1680695808.0,paragliders,20337883
485651.3698549529,6193460.8638438955,1680696448.0,paragliders,20337883
485684.2706274259,6193504.519563574,1680696448.0,paragliders,20337883
486318.06204358843,6193895.305003073,1680947968.0,paragliders,20338357
486041.91716603487,6194954.672765248,1680949120.0,paragliders,20338357
486107.2517063159,6193470.553005806,1680949760.0,paragliders,20338357
486290.4633976295,6193862.60409941,1681035392.0,paragliders,20338552
486181.15343103267,6193813.708309027,1681035776.0,paragliders,20338606
485910.9914866918,6193646.4386335425,1681123456.0,paragliders,20338623
485833.7134024964,6192267.834695303,1681134592.0,paragliders,20338623
485301.757934793,6193184.858543994,1680951424.0,paragliders,20338672
485651.64312570123,6190716.253911117,1680953856.0,paragliders,20338672
486283.95211776486,6193716.330423992,1681033088.0,paragliders,20338674
485946.5386185558,6194831.599104727,1681033344.0,paragliders,20338674
486000.774726407,6193726.747603868,1681123200.0,paragliders,20338675
485625.91766988754,6192380.485899164,1681132032.0,paragliders,20338675
486158.14126068883,6193790.897152737,1681123072.0,paragliders,20338715
485841.53318432136,6193624.501751265,1680949888.0,paragliders,20338717
486062.01842863107,6193830.361568456,1680861952.0,paragliders,20338728
486110.8901716271,6193525.524636697,1680949632.0,paragliders,20338731
486310.23078692105,6194000.169660596,1681123328.0,paragliders,20338732
486091.3242853487,6193664.356790004,1681123072.0,paragliders,20338819
486285.36777741567,6193821.583060359,1681035520.0,paragliders,20338826
485818.75371461746,6193607.1405359935,1681730048.0,paragliders,20339005
489315.5316402244,6190050.439887201,1681737600.0,paragliders,20339005
489417.9777393476,6194804.761817187,1681738752.0,paragliders,20339005
486450.73442311113,6192040.865190227,1681812864.0,paragliders,20339037
485896.97507659835,6192879.708059356,1681812736.0,paragliders,20339038
486769.9748745089,6191915.011920863,1681814528.0,paragliders,20339046
485777.40383973415,6193495.908872051,1681814547.0043628,paragliders,20339065
486102.15496297175,6193516.337886482,1681899776.0,paragliders,20339069
489580.0045764572,6192982.817866802,1681906176.0,paragliders,20339071
489726.59017456585,6192314.733381799,1681902464.0,paragliders,20339119
485744.0374633582,6193531.115920344,1681898496.0,paragliders,20339153
486040.075650027,6193663.591482615,1681901440.0,paragliders,20339161
485973.27051264775,6193691.822916255,1681901440.0,paragliders,20339161
485974.8582525685,6193706.596531404,1681901440.0,paragliders,20339161
489443.66059514385,6191655.359507677,1681919872.0,paragliders,20339196
488942.31370192353,6191976.950407898,1681922816.0,paragliders,20339196
486618.0770764007,6191633.704696981,1681814528.0,paragliders,20339363
485403.8234249214,6193433.712436202,1681898112.0,paragliders,20339375
485751.848114724,6192661.42313,1681814016.0,paragliders,20339393
485737.24137401604,6193690.404844357,1681897728.0,paragliders,20339394
485604.6257552054,6193592.9872149825,1681980544.0,paragliders,20339395
486674.2612476016,6190434.205231358,1681982592.0,paragliders,20339395
486656.23471520015,6190379.415249939,1681982592.0,paragliders,20339395
485884.2673729376,6193693.047938635,1681983616.0,paragliders,20339395
485617.16273344937,6193621.583885062,1681898496.0,paragliders,20339400
487448.39468111756,6192903.449575076,1681910528.0,paragliders,20339400
486452.44112968695,6193788.397010432,1681983616.0,paragliders,20339401
486300.81419881043,6191473.52089734,1681987840.0,paragliders,20339411
486579.1100723451,6191078.4910240015,1681989248.0,paragliders,20339411
489377.9925464206,6190316.22101316,1681991168.0,paragliders,20339411
486096.8754543098,6193947.261879155,1681898112.0,paragliders,20339412
486096.03172436205,6193742.897618713,1681981952.0,paragliders,20339416
486103.603172313,6193622.968027292,1681983232.0,paragliders,20339416
486115.15023741714,6193856.767534,1683109504.0,paragliders,20340067
486073.2874863718,6193837.619549059,1683110016.0,paragliders,20340145
486057.97253650235,6193781.173944664,1685698048.0,paragliders,20342711
489136.17016078456,6191791.16343759,1685701504.0,paragliders,20342711
489312.43267215404,6191733.97196928,1685702656.0,paragliders,20342711
485938.2401541664,6193894.422662575,1685955328.0,paragliders,20343001
486485.12111113773,6190179.617296802,1685957248.0,paragliders,20343001
486485.32828980853,6190179.935893789,1685957248.0,paragliders,20343001
486443.88940012286,6190213.526119658,1685957248.0,paragliders,20343001
486049.9340966171,6193815.693548885,1685956352.0,paragliders,20343002
489330.30438779615,6194824.111682142,1685961344.0,paragliders,20343002
485890.8381378036,6193827.9832175635,1686828928.0,paragliders,20343897
485864.5210389056,6193682.891900918,1687513472.0,paragliders,20344824
485907.8233385636,6193748.709013062,1687607808.0,paragliders,20344946
486058.95458188944,6193813.36561177,1687688832.0,paragliders,20345044
485974.16159179626,6193485.358542596,1687691264.0,paragliders,20345232
485983.9674313631,6193728.220006561,1687515264.0,paragliders,20345544
486311.2981285634,6193706.135519905,1687517696.0,paragliders,20345544
485823.73555899627,6193903.811288035,1691753600.0,paragliders,20348536
486133.93915902294,6193965.00209868,1691754496.0,paragliders,20348560
489485.22872849955,6190055.74904708,1691760512.0,paragliders,20348560
485886.4296341901,6194086.0279330425,1691754240.0,paragliders,20348588
485828.7388427805,6194149.347526847,1691754240.0,paragliders,20348588
485871.36677763873,6194030.009789158,1691754240.0,paragliders,20348588
485819.1925928349,6194061.317130471,1691754240.0,paragliders,20348588
485820.59049755766,6194068.992390888,1691754240.0,paragliders,20348588
485796.9094988858,6194075.451348773,1691754240.0,paragliders,20348588
485721.11343305703,6193986.532047307,1691754240.0,paragliders,20348588
486518.71285955986,6190159.499654821,1692444544.0,paragliders,20349467
485877.0620110181,6193500.507950157,1692443648.0,paragliders,20349478
485907.66901815863,6193828.247901765,1692441856.0,paragliders,20349521
486639.1282048468,6190198.294690203,1692444544.0,paragliders,20349521
485993.5239299909,6194000.500871085,1692442112.0,paragliders,20349523
486945.35182775615,6191386.427042515,1692451968.0,paragliders,20349529
486556.3114388636,6191045.635027947,1692452480.0,paragliders,20349529
485983.60205319204,6193923.879041589,1692441984.0,paragliders,20349530
485808.17824878916,6193805.679164934,1692442624.0,paragliders,20349602
485707.16536364745,6193747.956098922,1692442624.0,paragliders,20349602
485744.8234539783,6193785.530844012,1692442733.549635,paragliders,20349602
486298.9797625379,6194143.220776174,1692532096.0,paragliders,20349706
489345.1986355508,6193725.058866552,1692536448.0,paragliders,20349706
485692.3111765924,6193714.750748727,1692443136.0,paragliders,20349729
486045.114415075,6193846.542291485,1692530432.0,paragliders,20349741
486060.27975150704,6193837.88421225,1692530432.0,paragliders,20349741
485986.8949006621,6193877.178903301,1692530432.0,paragliders,20349741
486007.71375328087,6193858.989252264,1692530432.0,paragliders,20349741
486003.3470494497,6193689.274912369,1692530560.0,paragliders,20349741
485676.720293978,6193813.970447956,1692531072.0,paragliders,20349758
485967.94386657357,6193951.444456832,1692529536.0,paragliders,20349849
486007.89020732587,6193469.713656787,1687691264.0,paragliders,20349922
485684.71549982845,6193720.247102795,1692443136.0,paragliders,20350135
485610.44065388996,6193778.374507027,1692531072.0,paragliders,20350136
486145.6616540216,6194055.704637791,1692616064.0,paragliders,20350168
489628.67069236195,6194561.013094084,1692624256.0,paragliders,20350168
485872.98402754206,6193711.222146782,1692443008.0,paragliders,20350193
486050.1895128213,6193934.12603304,1692530688.0,paragliders,20350198
486352.3144972974,6193880.362053211,1692700416.0,paragliders,20350258
485803.3017871347,6193751.540360137,1692530688.0,paragliders,20350295
485889.5921732318,6193819.85986063,1692441856.0,paragliders,20350296
485876.95716217026,6193729.0250615375,1692444160.0,paragliders,20350296
486217.20078455476,6194037.090792238,1692616064.0,paragliders,20350299
485880.3558769608,6193839.184699772,1692617472.0,paragliders,20350301
485954.82151988917,6193982.108848742,1692442112.0,paragliders,20350353
485904.6396474287,6193662.249074292,1692530688.0,paragliders,20350355
486136.428982901,6194121.116173185,1692786560.0,paragliders,20350450
485848.8854644093,6193690.350272058,1692531072.0,paragliders,20350731
485844.7225071918,6193880.61091801,1692616576.0,paragliders,20350808
488963.0234219076,6191820.871647343,1692627712.0,paragliders,20350808
487505.38812285464,6191797.221737488,1692627968.0,paragliders,20350808
487394.167562447,6191780.261291016,1692627968.0,paragliders,20350808
487407.77665801434,6191796.552828992,1692627968.0,paragliders,20350808
487391.2687401115,6191852.768953505,1692627968.0,paragliders,20350808
486287.9351015213,6193931.485039474,1693998336.0,paragliders,20351456
485743.5287968276,6193681.671197043,1694258048.0,paragliders,20351856
486005.9952190618,6193967.574229159,1694258432.0,paragliders,20351901
488827.575514513,6193207.988859546,1694267392.0,paragliders,20351901
486111.861986379,6193982.73815795,1694260224.0,paragliders,20351948
485831.5494220189,6193672.118512407,1694086528.0,paragliders,20351951
489672.87839528057,6192684.016114674,1694091904.0,paragliders,20351951
486278.8226370931,6194029.697882065,1694083968.0,paragliders,20352371
486104.4065655887,6193984.391104325,1694689280.0,paragliders,20352468
486143.7449144232,6193954.696438787,1694689280.0,paragliders,20352468
486114.2579379805,6193921.767326417,1694689280.0,paragliders,20352468
485982.65790248226,6193883.691564564,1694689408.0,paragliders,20352468
485973.5302291743,6193874.528949119,1694689408.0,paragliders,20352468
485940.3094543237,6193850.908628721,1694689408.0,paragliders,20352468
485892.5461567809,6193818.256234717,1694689408.0,paragliders,20352468
486727.45169889805,6190591.470140122,1694692096.0,paragliders,20352468
486744.8213581404,6190572.292039334,1694692096.0,paragliders,20352468
486734.06763687107,6190530.389929028,1694692096.0,paragliders,20352468
485603.2908478692,6191649.002259405,1694694400.0,paragliders,20352468
486075.3727822362,6193856.392255553,1694689280.0,paragliders,20352613
486687.5014599371,6190310.634926751,1694690944.0,paragliders,20352613
486705.53486732807,6190330.653796312,1694691200.0,paragliders,20352613
486703.246871788,6190252.178193483,1694691200.0,paragliders,20352613
486669.6540648281,6190309.467374026,1694691200.0,paragliders,20352613
486653.15670451,6190462.893596834,1694691639.043883,paragliders,20352613
486671.18029689696,6190515.547595618,1694691968.0,paragliders,20352613
486267.4262960563,6191490.662767989,1694693632.0,paragliders,20352613
485570.1795866952,6191572.808701263,1694694272.0,paragliders,20352613
486057.9603420389,6193891.223028622,1692787456.0,paragliders,20352641
486155.35284790146,6193915.750022853,1694688384.0,paragliders,20352751
489482.0465966861,6192926.361501032,1694693632.0,paragliders,20352751
486028.60355716787,6193831.004599975,1694168960.0,paragliders,20352774
485447.9566431647,6193691.587998781,1695554048.0,paragliders,20352781
486147.66978256067,6193822.911999864,1695556352.0,paragliders,20352786
485886.7501520495,6193779.695158988,1694169344.0,paragliders,20352832
486106.3364671132,6193948.133852207,1695639296.0,paragliders,20352847
489791.29342045117,6194950.7960818,1695648896.0,paragliders,20352847
485996.48956792615,6193823.658044403,1695728640.0,paragliders,20352898
486141.34569671215,6193955.061946211,1695726336.0,paragliders,20352921
485742.1398186286,6193941.24906234,1695728896.0,paragliders,20352931
485912.1352605436,6193682.745282157,1695640704.0,paragliders,20352932
486123.327910548,6194007.659829284,1695810816.0,paragliders,20352987
486129.21240835666,6193914.407307205,1695810816.0,paragliders,20352987
485800.15177860594,6193717.705085937,1695810944.0,paragliders,20352987
486270.00347832404,6193919.362041366,1695815168.0,paragliders,20352987
485794.69513409515,6193703.704578346,1695897984.0,paragliders,20353026
485730.23572410265,6193685.545665896,1695897984.0,paragliders,20353026
485734.6502091616,6193776.873744779,1695898112.0,paragliders,20353026
485647.3675571307,6193581.64469041,1695897728.0,paragliders,20353041
486195.5570831467,6194045.814560903,1695898240.0,paragliders,20353041
488799.85588728613,6191430.531696496,1695904512.0,paragliders,20353041
485871.0917380609,6193700.466495893,1695987200.0,paragliders,20353097
485910.0093847417,6193766.39248033,1696069888.0,paragliders,20353162
485416.9053144791,6193513.691880807,1696084608.0,paragliders,20353163
486083.37160983915,6193794.547542683,1696071424.0,paragliders,20353164
485666.69759720773,6193661.782228695,1696071040.0,paragliders,20353172
486096.53824238427,6193823.908461132,1696071424.0,paragliders,20353174
486037.51887130394,6193814.284785234,1696069632.0,paragliders,20353177
485795.8475070087,6193722.553932113,1696075392.0,paragliders,20353177
486315.7567272538,6193902.864161298,1696069504.0,paragliders,20353178
489390.46498533833,6191899.180337513,1696076288.0,paragliders,20353178
489390.6955495905,6191899.398928439,1696076288.0,paragliders,20353178
489380.51080105174,6191724.387682898,1696076416.0,paragliders,20353178
486061.4063020256,6193793.059883306,1696069760.0,paragliders,20353182
486513.0000183477,6190399.8070685575,1696071296.0,paragliders,20353182
486491.0935768655,6190391.743163666,1696071296.0,paragliders,20353182
486464.698042039,6190434.720937503,1696071296.0,paragliders,20353182
486497.0932915315,6190444.237806986,1696071296.0,paragliders,20353182
486528.72169055813,6190443.070128881,1696071296.0,paragliders,20353182
486544.3454789679,6190426.790115181,1696071296.0,paragliders,20353182
486492.3630688447,6190369.837918074,1696071296.0,paragliders,20353182
486503.62293479167,6190451.0313107595,1696071296.0,paragliders,20353182
486486.57569116884,6190394.141318769,1696071296.0,paragliders,20353182
486471.9893942169,6190361.91822322,1696071424.0,paragliders,20353182
486436.80974722194,6190518.803269437,1696071424.0,paragliders,20353182
486110.79209594976,6193698.090172934,1696070656.0,paragliders,20353184
486224.6168354515,6193831.801681697,1696070272.0,paragliders,20353241
486056.3507569682,6193792.600652093,1696157568.0,paragliders,20353254
486188.3894515944,6193786.127226576,1696158464.0,paragliders,20353254
486239.27595615067,6193836.021145169,1696165760.0,paragliders,20353254
485581.3923854136,6193596.962932532,1696167040.0,paragliders,20353257
485715.84052401135,6193622.027011697,1696158464.0,paragliders,20353266
486172.5403877236,6193845.757403056,1696158336.0,paragliders,20353267
489611.652880947,6191627.508027119,1696163968.0,paragliders,20353267
489579.26719889813,6191659.272906067,1696163968.0,paragliders,20353267
489627.4053437394,6191585.652017892,1696163968.0,paragliders,20353267
486059.33905426174,6193826.07032277,1696158848.0,paragliders,20353271
485941.65515627177,6193817.484170428,1696158464.0,paragliders,20353280
486257.5240224921,6193758.808041146,1696163200.0,paragliders,20353280
485992.573197081,6193676.057094694,1696071424.0,paragliders,20353281
485604.50862657645,6192668.483275793,1696082944.0,paragliders,20353281
485772.9161743922,6193777.607224546,1696158848.0,paragliders,20353287
486244.0702746242,6193899.778929333,1696158080.0,paragliders,20353299
486130.310679394,6193810.789328775,1696072064.0,paragliders,20353303
486215.53411007416,6193801.523858175,1696158336.0,paragliders,20353307
486352.8923374511,6194029.396705726,1696160000.0,paragliders,20353309
486099.6202501384,6193838.099616245,1696072576.0,paragliders,20353313
486213.01970399194,6193868.250238893,1696159360.0,paragliders,20353315
485778.9444969371,6193629.816638947,1696158464.0,paragliders,20353316
486297.6063544625,6193808.226438328,1696070912.0,paragliders,20353359
486243.66231881746,6193815.655311585,1696071808.0,paragliders,20353362
486177.59268686606,6193820.053940913,1696160256.0,paragliders,20353363
486173.719296328,6193818.253503256,1696071936.0,paragliders,20353365
485755.4496266196,6193628.787394631,1696159104.0,paragliders,20353368
485903.84310383,6193724.4916248,1696157824.0,paragliders,20353369
486201.96822367515,6193786.168404022,1696158336.0,paragliders,20353404
486240.6161908835,6193656.398334208,1696165632.0,paragliders,20353404
486181.19643557287,6193695.988300361,1696242432.0,paragliders,20353410
486053.1082222007,6193728.4042689325,1696243968.0,paragliders,20353422
486335.0624150748,6193828.673037245,1696242944.0,paragliders,20353423
486253.3214349687,6193867.212360033,1696243968.0,paragliders,20353430
486342.2428779167,6193749.634291615,1696248064.0,paragliders,20353434
486318.4199461893,6193733.161337076,1696248064.0,paragliders,20353434
486329.3180568792,6193757.892140128,1696248064.0,paragliders,20353434
486289.9690038606,6193718.6506475685,1696248064.0,paragliders,20353434
486234.7185815977,6193714.039774901,1696248064.0,paragliders,20353434
486163.35486203624,6193779.033000625,1696070272.0,paragliders,20353438
486166.6782450674,6193768.132713693,1696243840.0,paragliders,20353443
486302.1108410676,6193874.733090966,1696157952.0,paragliders,20353444
485944.478773623,6193819.981114888,1696156672.0,paragliders,20353448
486075.4461754211,6193617.737826278,1696070912.0,paragliders,20353455
486480.6411636688,6190451.761765404,1696073344.0,paragliders,20353455
486451.8145543859,6193903.140887065,1696158592.0,paragliders,20353456
486464.8406287697,6193830.833473369,1696158592.0,paragliders,20353456
486487.87535404693,6193848.18788291,1696158592.0,paragliders,20353456
486101.47850232746,6193820.297711872,1696158336.0,paragliders,20353457
485531.01620600396,6193630.158232072,1696163072.0,paragliders,20353457
485554.91435597115,6193608.501002735,1696163072.0,paragliders,20353457
485594.0854863405,6193610.781635931,1696163072.0,paragliders,20353457
486339.3008602523,6193756.316591149,1696243072.0,paragliders,20353460
486296.1845355564,6193912.853148428,1696246016.0,paragliders,20353462
486196.6575348257,6193803.403055105,1696243584.0,paragliders,20353464
486400.86815572355,6193934.738717688,1696159488.0,paragliders,20353489
486217.94200859766,6193891.584877428,1696244608.0,paragliders,20353493
486080.3094240788,6193779.840411262,1696158464.0,paragliders,20353515
485652.40046045487,6193627.180147782,1696070912.0,paragliders,20353517
486021.13841657806,6193794.768022851,1696158720.0,paragliders,20353518
486144.30268548685,6193915.322057657,1696502656.0,paragliders,20353621
485946.2200036634,6193685.115619599,1695728256.0,paragliders,20353633
486012.1554011689,6193783.7208902445,1696158592.0,paragliders,20353634
485990.4960521795,6193835.311824157,1696244864.0,paragliders,20353636
485682.4482595989,6193669.762630251,1696588160.0,paragliders,20353656
486000.7027436382,6193947.744171823,1696588928.0,paragliders,20353657
486329.2344780721,6193954.874013608,1696591104.0,paragliders,20353662
485682.7518115876,6193650.133366369,1696676864.0,paragliders,20353703
485781.4322494746,6193432.21655437,1696674176.0,paragliders,20353704
485755.651481339,6193399.4126467435,1696674176.0,paragliders,20353704
485831.0837747564,6193407.109983628,1696674304.0,paragliders,20353704
485571.69459127693,6193511.196003342,1696674560.0,paragliders,20353704
486247.741219035,6193747.065414451,1696678272.0,paragliders,20353710
486107.4200279597,6193815.347682577,1696681216.0,paragliders,20353710
489668.53053184494,6191628.011118578,1696682112.0,paragliders,20353710
489638.8010589178,6191549.548482793,1696682112.0,paragliders,20353710
489593.6180560354,6191520.959013118,1696682112.0,paragliders,20353710
489651.42038063175,6191487.911704404,1696682112.0,paragliders,20353710
489619.40661313565,6191482.881587693,1696682240.0,paragliders,20353710
489627.41413918557,6191490.921707367,1696682240.0,paragliders,20353710
489656.75578780094,6191495.222260289,1696682240.0,paragliders,20353710
489668.2967240505,6191489.747100333,1696682240.0,paragliders,20353710
486201.5962614864,6193846.464001804,1696760704.0,paragliders,20353761
485910.15821004857,6193790.763680876,1696760832.0,paragliders,20353761
485876.44685238914,6193674.520527153,1696760832.0,paragliders,20353761
485963.1848328988,6193656.734769812,1696762240.0,paragliders,20353761
485596.25921659474,6193572.390317102,1696762624.0,paragliders,20353762
485589.5625686899,6193577.863026881,1696762752.0,paragliders,20353820
486024.34113428707,6193545.635463839,1696762368.0,paragliders,20353823
489243.54674740334,6191512.864612584,1696767232.0,paragliders,20353823
485960.32535798027,6193718.021810455,1696158464.0,paragliders,20353850
486073.1951603836,6193643.007680996,1696676864.0,paragliders,20353852
485574.3679472951,6193568.790503503,1696762752.0,paragliders,20353853
485927.38361028465,6193619.905433356,1696676608.0,paragliders,20353855
485909.6172444346,6193623.475929779,1696676608.0,paragliders,20353855
485876.5022772935,6193524.447905135,1696676736.0,paragliders,20353855
485922.91099793284,6193497.832931995,1696676736.0,paragliders,20353855
485953.330910406,6193630.492950068,1696676736.0,paragliders,20353855
485996.9267557453,6193631.268696695,1696762368.0,paragliders,20353865
486243.2259179116,6193851.30027094,1696852736.0,paragliders,20353867
485924.01841929025,6193819.535227412,1696849152.0,paragliders,20353870
485617.3856144621,6193616.840184483,1696853376.0,paragliders,20353870
485733.70898199605,6193867.417361678,1696849920.0,paragliders,20353881
486150.15560748393,6193913.831558064,1696850176.0,paragliders,20353893
485652.95169618935,6194795.939225095,1696855424.0,paragliders,20353893
489327.54790962994,6191735.6191206,1696857245.8249104,paragliders,20353893
486203.908267304,6193908.337906579,1696850176.0,paragliders,20353899
485904.8080801708,6193639.203837195,1696856192.0,paragliders,20353899
486340.6194144777,6193845.415768127,1696677888.0,paragliders,20353906
486378.1147369819,6193800.872463816,1696677888.0,paragliders,20353906
486243.3278557121,6193763.591478779,1696677888.0,paragliders,20353906
485787.5684272976,6193555.445093196,1696685184.0,paragliders,20353907
485838.4051144097,6193511.854101122,1696685184.0,paragliders,20353907
485765.6803111872,6193517.459515195,1696685184.0,paragliders,20353907
486267.7210820517,6193930.868008833,1696850816.0,paragliders,20353910
485935.0352148403,6193782.4916932415,1696936192.0,paragliders,20353955
486111.2782109543,6193836.8987491345,1696936064.0,paragliders,20353959
486101.2144454865,6193955.952718588,1696936064.0,paragliders,20353959
486125.51643895515,6193935.845313002,1696936192.0,paragliders,20353959
489635.3754985991,6191204.766086476,1696941056.0,paragliders,20353959
486067.287730726,6193668.5533247255,1696762496.0,paragliders,20353964
486698.3317946715,6191434.348059746,1696942208.0,paragliders,20353969
486504.8624102632,6191688.830106501,1696942720.0,paragliders,20353969
486239.45476261404,6193794.469488454,1696677632.0,paragliders,20353972
486187.9592095602,6194069.4103491,1697023360.0,paragliders,20354007
486192.8877334651,6193937.664617909,1697022720.0,paragliders,20354008
486124.5911782024,6193923.951865567,1697026560.0,paragliders,20354031
486225.28159958986,6193761.691528053,1695560448.0,paragliders,20354047
485934.7543888581,6193722.7738640085,1696157440.0,paragliders,20354052
486222.0667493589,6193914.748538476,1696161152.0,paragliders,20354052
485460.1254468245,6193730.900718526,1697109760.0,paragliders,20354086
486005.3222521978,6193782.730008848,1697108352.0,paragliders,20354102
486066.4534659999,6193783.29902518,1697108736.0,paragliders,20354109
485584.2211718075,6194524.787243271,1697114240.0,paragliders,20354111
485993.0401453232,6193794.9128018115,1697107584.0,paragliders,20354134
486217.56720336276,6193877.749167698,1697110400.0,paragliders,20354135
485507.07085466187,6193458.311274107,1697114112.0,paragliders,20354135
486098.9393379788,6193794.32096203,1697108736.0,paragliders,20354143
485835.52645571966,6193883.529912717,1697107840.0,paragliders,20354148
485819.53254017024,6193689.838981498,1697109376.0,paragliders,20354149
486063.9707548324,6193882.935054858,1697108992.0,paragliders,20354150
485892.72089703986,6193998.370397017,1697109248.0,paragliders,20354154
486120.112284129,6193976.174385155,1697109760.0,paragliders,20354158
485255.5121830868,6193187.704004894,1697119616.0,paragliders,20354158
486297.43644531094,6193805.086758386,1696677376.0,paragliders,20354199
486344.4206398859,6194113.47634648,1692532480.0,paragliders,20354240
486153.6333587884,6193881.760757554,1692616704.0,paragliders,20354241
485740.74508325965,6193065.225250824,1692620672.0,paragliders,20354241
485655.5647708407,6193115.070527337,1692620800.0,paragliders,20354241
485685.5501658005,6193083.248037473,1692620800.0,paragliders,20354241
487728.76119054685,6193856.8993665995,1692622720.0,paragliders,20354241
485984.692421282,6193734.1494220495,1697108224.0,paragliders,20354263
485688.65951065277,6191942.154480007,1697114240.0,paragliders,20354263
485750.96538946754,6193583.600159141,1706962688.0,paragliders,20355273
485706.9478199251,6193721.805066795,1706962560.0,paragliders,20355274
486151.48394413816,6193961.3257169705,1706965504.0,paragliders,20355274
486304.07835053443,6194197.772159146,1709731072.0,paragliders,20355910
488334.8067680981,6191328.7055935245,1709734656.0,paragliders,20355910
489466.9306193472,6192054.788163549,1709736192.0,paragliders,20355910
485580.48416793894,6193661.899372871,1710415232.0,paragliders,20356200
485849.2856772604,6193628.957121363,1710847488.0,paragliders,20356230
489529.6477469858,6191675.178004549,1710850688.0,paragliders,20356230
489541.4023388682,6191658.460625916,1710850688.0,paragliders,20356230
489572.72198210395,6191649.182113497,1710850688.0,paragliders,20356230
486074.17660171207,6192317.010154105,1710853504.0,paragliders,20356230
486196.56600628543,6193846.330439971,1712917248.0,paragliders,20356918
485620.89384307375,6192184.409512888,1712919808.0,paragliders,20356918
486032.7007670243,6193805.725010757,1712917760.0,paragliders,20356942
485951.45781991974,6193745.397513491,1712920192.0,paragliders,20356954
485828.9070844341,6193673.006704078,1712920192.0,paragliders,20357003
486605.58954666526,6190439.662570193,1712926208.0,paragliders,20357003
486160.68672709743,6193867.992038281,1713007104.0,paragliders,20357028
485351.0709489647,6193746.515101272,1713003904.0,paragliders,20357031
486203.8849634095,6193831.392621821,1713003008.0,paragliders,20357038
486099.62635562517,6193872.246912416,1713006208.0,paragliders,20357039
485980.87719691213,6193712.190348041,1713006464.0,paragliders,20357056
486632.19262060156,6191519.844773768,1713016832.0,paragliders,20357056
486056.1274369258,6193819.10987953,1713006336.0,paragliders,20357065
485269.51772203797,6192743.500147612,1713014400.0,paragliders,20357089
489390.62600858597,6190012.43754625,1713006720.0,paragliders,20357133
486134.41804294055,6193826.23889505,1713009408.0,paragliders,20357158
486098.32460924174,6193878.621551409,1713008512.0,paragliders,20357164
485742.27570990013,6192352.219169668,1713016192.0,paragliders,20357164
486268.21423926024,6193810.268944455,1713091840.0,paragliders,20357171
486440.20609068946,6193823.0270273825,1713093120.0,paragliders,20357171
486648.2140236869,6190459.160459224,1713093760.0,paragliders,20357171
485721.7403733926,6193493.142237322,1713090688.0,paragliders,20357172
486247.92625243915,6190455.248938383,1713091840.0,paragliders,20357197
485911.4116384018,6193664.499322173,1712920064.0,paragliders,20357201
489621.68527487665,6190108.7505924385,1712922880.0,paragliders,20357201
486137.3512848481,6193811.133514775,1713004416.0,paragliders,20357221
486007.31036563957,6193801.998149818,1713093120.0,paragliders,20357251
485693.50327485375,6193599.833904906,1713091328.0,paragliders,20357253
486072.5833266331,6193793.350412337,1713089920.0,paragliders,20357261
485930.1801455149,6194665.801276612,1713093504.0,paragliders,20357261
485570.9205328469,6193355.139730357,1713099904.0,paragliders,20357261
486069.65343229275,6193826.209698057,1713005056.0,paragliders,20357262
486261.6527675905,6193832.430956503,1713004877.4722877,paragliders,20357264
489698.28950731485,6190133.037625124,1713014272.0,paragliders,20357264
489686.667445501,6190126.820090232,1713014272.0,paragliders,20357264
489713.86999703414,6190065.726674502,1713014272.0,paragliders,20357264
486110.73096214235,6193802.668721986,1713092096.0,paragliders,20357266
485199.6957669404,6193267.264675463,1713099136.0,paragliders,20357266
486820.48816640285,6191292.552648452,1713100288.0,paragliders,20357266
486113.4151885748,6193932.540788548,1713091584.0,paragliders,20357282
486482.1938009076,6190426.21364497,1713093760.0,paragliders,20357282
486101.30344863806,6193836.444595011,1713093248.0,paragliders,20357286
486070.5811831447,6193683.7274118895,1713093248.0,paragliders,20357296
485787.5286143735,6193720.606052948,1713006080.0,paragliders,20357336
486074.7309686046,6193747.447243267,1713005696.0,paragliders,20357341
486180.74330666626,6193933.718873195,1713091712.0,paragliders,20357345
486219.87396899605,6193878.9415096035,1713090944.0,paragliders,20357351
486308.70407707436,6193922.302107409,1713093376.0,paragliders,20357402
486086.59978936083,6193943.177734521,1713090560.0,paragliders,20357412
486298.3289653367,6193967.6774105495,1712833920.0,paragliders,20357513
486013.9285533112,6194822.643219243,1712835456.0,paragliders,20357513
486150.54371396505,6193743.855379232,1712835968.0,paragliders,20357513
486434.28964531445,6190331.022341765,1712836864.0,paragliders,20357513
486434.380146994,6190331.951248307,1712836864.0,paragliders,20357513
486450.5386393561,6190374.176768396,1712836864.0,paragliders,20357513
489221.40464301506,6190620.346598514,1712838400.0,paragliders,20357513
486154.21839488496,6193838.664953852,1713004288.0,paragliders,20357516
489104.8337492351,6190702.702844809,1713008640.0,paragliders,20357516
485563.05832264747,6193601.7292788355,1713007488.0,paragliders,20357551
486092.739810902,6193783.003393268,1713091968.0,paragliders,20357553
486038.48120300006,6193835.293730545,1713089792.0,paragliders,20357567
486594.5099255592,6190432.418555769,1713093632.0,paragliders,20357567
488008.2106117349,6192955.441746569,1713100672.0,paragliders,20357567
486055.74092882115,6193831.60996969,1713004928.0,paragliders,20357578
485963.6500193127,6193741.689618427,1713005440.0,paragliders,20357586
487971.02800352813,6192914.05121902,1713017344.0,paragliders,20357586
486044.6817332539,6193715.796069111,1713004928.0,paragliders,20357604
486090.17179604294,6193843.030753483,1713089920.0,paragliders,20357605
485919.03305740445,6193717.937877207,1713091328.0,paragliders,20357670
485455.14416399185,6193545.507856177,1713006720.0,paragliders,20357671
486069.01626441436,6193781.753304204,1713005568.0,paragliders,20357710
486155.0524863483,6193953.043292656,1713090432.0,paragliders,20357781
485590.68222911854,6193520.866303225,1713007488.0,paragliders,20357883
485718.4863400382,6193541.817837848,1713091200.0,paragliders,20357885
485785.3657281011,6193559.242001916,1713608704.0,paragliders,20357887
486301.23821140116,6194726.734065936,1713610368.0,paragliders,20357887
486018.7506256068,6193526.034908554,1713694336.0,paragliders,20357888
485839.9000440859,6193662.526265891,1713090304.0,paragliders,20357923
485605.06240838807,6193589.243988214,1713608704.0,paragliders,20358543
486253.70744044584,6194832.079183262,1713615232.0,paragliders,20358543
485838.023138809,6193871.674291394,1713615872.0,paragliders,20358543
486206.674318954,6191611.715200248,1715170816.0,paragliders,20358546
489141.4188005295,6190169.8483325625,1715172864.0,paragliders,20358546
485230.8637469227,6193465.651488735,1715252736.0,paragliders,20358614
486312.865962644,6193706.383259263,1715252096.0,paragliders,20358621
485953.43905404955,6193619.035415053,1715252608.0,paragliders,20358623
485982.8565472863,6193781.535325576,1715254016.0,paragliders,20358629
485906.6051934864,6193624.485991405,1715252480.0,paragliders,20358636
486024.3372742081,6193738.193932145,1715254528.0,paragliders,20358636
486149.71124232333,6193583.186903609,1715251712.0,paragliders,20358647
489233.8269377675,6190327.310594518,1715256704.0,paragliders,20358662
486295.5955749736,6190201.998919324,1715257216.0,paragliders,20358667
486205.72733498726,6191549.671778587,1715268096.0,paragliders,20358667
486042.0188183776,6193746.760097826,1715251840.0,paragliders,20358700
486032.6703338,6193830.850091673,1715251840.0,paragliders,20358700
485904.83844592277,6193796.416421752,1715251840.0,paragliders,20358700
485986.2804433082,6193547.369896711,1715253120.0,paragliders,20358728
485958.53086031805,6193724.1174045345,1715337088.0,paragliders,20358749
485994.841034962,6193711.628553923,1715337088.0,paragliders,20358749
486047.8920331251,6193785.754780322,1715337088.0,paragliders,20358749
486430.95122903405,6193717.96634626,1715344256.0,paragliders,20358768
485645.3827291558,6193573.1221599495,1715337216.0,paragliders,20358773
485684.20317175984,6193567.03202263,1715335808.0,paragliders,20358794
489678.25263302086,6190120.563676962,1715346816.0,paragliders,20358794
489732.40840950597,6190064.576021181,1715346816.0,paragliders,20358794
489709.38222626474,6190055.9451779,1715346816.0,paragliders,20358794
485253.62632024806,6193241.133873742,1715348608.0,paragliders,20358831
485972.0989848114,6193780.222324865,1715338880.0,paragliders,20358845
486179.17421765113,6193821.043735073,1715338624.0,paragliders,20358851
486086.19022932375,6193881.167137659,1715335552.0,paragliders,20358853
485906.8365756599,6193864.15607939,1715336320.0,paragliders,20358892
485860.69282668247,6193618.82495426,1715251840.0,paragliders,20358913
485419.1881623376,6193374.706192781,1715338496.0,paragliders,20358977
485884.93083950004,6193893.9601841355,1715334400.0,paragliders,20358979
485678.3099406849,6193571.173051461,1715422464.0,paragliders,20359073
486057.86704560823,6193668.901992076,1713007616.0,paragliders,20359083
486263.7605065969,6193858.0633070925,1715422208.0,paragliders,20359155
486347.47518145095,6193922.5021257745,1715424768.0,paragliders,20359202
486021.25018570584,6193764.103194321,1715344640.0,paragliders,20359209
485993.7510623196,6193875.228406438,1715334656.0,paragliders,20359229
485654.1663100041,6193793.983173175,1715335040.0,paragliders,20359233
485111.8834404739,6193648.224314676,1715343744.0,paragliders,20359233
485500.8284683474,6193347.030806766,1715338368.0,paragliders,20359239
485940.2235145909,6193746.839788748,1715251840.0,paragliders,20359271
485778.68186638935,6193340.729295834,1715422464.0,paragliders,20359275
485594.5473894277,6193548.452965958,1715334912.0,paragliders,20359300
485600.3812684417,6193440.707280432,1715422464.0,paragliders,20359301
486025.20373362396,6193711.288350647,1715251328.0,paragliders,20359380
485924.9734856819,6193717.938591055,1715334784.0,paragliders,20359385
485958.87294681964,6193785.015155252,1715422464.0,paragliders,20359390
485726.0410511806,6193576.992697175,1715335808.0,paragliders,20359391
486078.40419430996,6193778.3437592015,1715337088.0,paragliders,20359393
486251.82576235296,6193880.204495275,1715420288.0,paragliders,20359400
485724.23440480477,6193655.399116068,1715256192.0,paragliders,20359409
485991.9876429684,6193645.659681636,1715251840.0,paragliders,20359434
485973.22798980575,6193655.2271068785,1715251840.0,paragliders,20359434
485957.38003917615,6193672.293727313,1715251840.0,paragliders,20359434
486280.8823577236,6193882.337452516,1715420288.0,paragliders,20359437
485653.927448021,6193588.0389996935,1715339008.0,paragliders,20359448
486079.25468446384,6193807.834626671,1713005568.0,paragliders,20359460
486318.1248359447,6193799.886515524,1715250560.0,paragliders,20359472
486423.6274545272,6193804.191773974,1715250688.0,paragliders,20359472
486246.13681312394,6193678.805711383,1715250688.0,paragliders,20359472
486267.0538667107,6193635.962880671,1715250688.0,paragliders,20359486
485671.6391932772,6193552.936333604,1715337344.0,paragliders,20359488
485575.9398036428,6193421.089518636,1715421440.0,paragliders,20359489
486235.38309249963,6193854.115735739,1715335808.0,paragliders,20359515
486174.56930734875,6193767.268135861,1715252736.0,paragliders,20359521
486512.1301982308,6190171.800168448,1715269888.0,paragliders,20359521
486497.3423577106,6190180.146723401,1715269888.0,paragliders,20359521
486539.1091665302,6190187.389702896,1715269888.0,paragliders,20359521
486485.28603087575,6190159.504321848,1715269888.0,paragliders,20359521
486455.7186764552,6190241.797241256,1715269888.0,paragliders,20359521
486471.07239843934,6190251.462333847,1715269888.0,paragliders,20359521
485846.68288722355,6193700.407945776,1715336192.0,paragliders,20359551
485965.1213743353,6193729.860492657,1715334784.0,paragliders,20359573
486398.97958597535,6190248.733343457,1715344128.0,paragliders,20359595
489561.04330303334,6190228.381748945,1715345408.0,paragliders,20359595
486332.6130012619,6191178.205105091,1715345408.0,paragliders,20359605
486703.92116845946,6191010.38310427,1715175424.0,paragliders,20359606
488953.3118020679,6191753.428565503,1715178240.0,paragliders,20359606
489491.330256659,6190701.836710285,1715178624.0,paragliders,20359606
489546.95396714204,6190066.505341974,1715271552.0,paragliders,20359611
486165.84708207165,6191206.706538918,1715345152.0,paragliders,20359612
488993.9143857347,6190263.881255274,1715345536.0,paragliders,20359612
486005.158443558,6193884.447103949,1715335936.0,paragliders,20359638
486095.33211854217,6193708.420516088,1715419904.0,paragliders,20359641
485527.16482958384,6193455.883487126,1715165696.0,paragliders,20359666
486060.2290283784,6191108.937704543,1715171200.0,paragliders,20359666
485916.0532603989,6193532.80937436,1715253376.0,paragliders,20359685
485722.7413425229,6193575.475308473,1715422464.0,paragliders,20359687
485549.15153829084,6193425.685796424,1715253120.0,paragliders,20359699
486355.662887993,6193933.782842624,1715339008.0,paragliders,20359701
486175.01215879654,6193984.6030389825,1715422080.0,paragliders,20359702
486278.63388967153,6193909.002297226,1715420288.0,paragliders,20359731
486232.2703072476,6193858.90312439,1713003008.0,paragliders,20359740
486382.19856483606,6194038.717791725,1715337600.0,paragliders,20359748
485820.64422238996,6193877.817364612,1715336320.0,paragliders,20359750
486118.9184426727,6193881.513970361,1715337728.0,paragliders,20359756
486047.32116559433,6193815.204254506,1715421696.0,paragliders,20359758
486180.94500127307,6193786.683250697,1715336960.0,paragliders,20359770
485607.04244330793,6193465.693910217,1715336704.0,paragliders,20359813
486239.61946090386,6193676.286427534,1715424128.0,paragliders,20359829
485793.5374269514,6193621.214516229,1715337216.0,paragliders,20359894
486018.6085293166,6193736.630396625,1715420800.0,paragliders,20359903
486125.3802115453,6193676.558815049,1715253760.0,paragliders,20359910
485683.5668251254,6193712.5143948,1715422976.0,paragliders,20359951
485924.56667395204,6193670.220894011,1715253888.0,paragliders,20359956
485583.49818974023,6192364.154800128,1715421312.0,paragliders,20359960
486086.2081487633,6193833.906917811,1715335808.0,paragliders,20359962
486065.35946666467,6191668.510237518,1715174400.0,paragliders,20359963
486042.05707039696,6194205.6093267035,1715176832.0,paragliders,20359963
486050.7329936932,6193787.358575336,1715423744.0,paragliders,20359964
486200.4112259676,6193370.145561267,1715255040.0,paragliders,20360089
486201.22691338917,6193879.171070336,1715337728.0,paragliders,20360243
486258.25598222925,6193905.699878279,1715419648.0,paragliders,20360244
485262.7632677069,6193307.930976862,1715344512.0,paragliders,20360882
485308.38697040186,6193288.213410086,1715344512.0,paragliders,20360882
485320.13918578887,6193247.874784123,1715344512.0,paragliders,20360882
485291.9086248212,6193169.077634394,1715344512.0,paragliders,20360882
485420.19628689444,6193271.804587333,1715344512.0,paragliders,20360882
486187.6191131714,6193748.331258214,1716896512.0,paragliders,20361244
486503.4170482418,6190264.784117122,1716898560.0,paragliders,20361244
486321.192106968,6193771.675406563,1716981760.0,paragliders,20361255
486520.0636494459,6190166.611275583,1716984576.0,paragliders,20361255
485892.64048666495,6193958.179896883,1717583616.0,paragliders,20361492
486068.2848030801,6193889.323054256,1717583104.0,paragliders,20361517
486068.1353918524,6194010.892979716,1717583488.0,paragliders,20361528
486259.3902272799,6192496.778225054,1717589760.0,paragliders,20361528
486491.63201038,6192608.579708326,1717590016.0,paragliders,20361528
486374.079085249,6192466.070064564,1717590528.0,paragliders,20361528
486110.4930327361,6193895.548644492,1717584512.0,paragliders,20361534
486378.30905147956,6192382.874300754,1717590528.0,paragliders,20361534
486160.99157485965,6193904.754525507,1715420288.0,paragliders,20361691
485913.7071737541,6192680.952230337,1715426432.0,paragliders,20361691
486180.6482381418,6193903.164064789,1717584640.0,paragliders,20361821
485898.17463430826,6192033.23951115,1715346048.0,paragliders,20362401
486247.06922273873,6193918.443819395,1715420544.0,paragliders,20362403
486089.13662846916,6193644.161449698,1720606976.0,paragliders,20363605
486483.2720058064,6190146.021441949,1720609280.0,paragliders,20363605
485699.91728798224,6193561.940006783,1720607872.0,paragliders,20363632
486465.71995700826,6190056.00592129,1720609408.0,paragliders,20363632
486173.44691629696,6193581.7892677635,1720607232.0,paragliders,20363681
489542.06140679715,6192613.211588982,1720612224.0,paragliders,20363681
486025.4994951474,6193686.452125326,1722250624.0,paragliders,20365077
485916.86335636047,6193581.422537319,1722250880.0,paragliders,20365090
485937.9178313688,6193957.43400493,1722249728.0,paragliders,20365093
485938.8031116985,6194088.679268021,1722249088.0,paragliders,20365102
485904.73671190697,6194054.59723334,1722249216.0,paragliders,20365102
485925.15369405487,6194067.7725850865,1722249216.0,paragliders,20365102
486302.7230233999,6193913.403294188,1722248832.0,paragliders,20365117
486065.64951279014,6193800.356660597,1722253056.0,paragliders,20365137
485960.9208034712,6194044.675971519,1722249216.0,paragliders,20365153
485807.96464183513,6193824.07834451,1722249472.0,paragliders,20365160
485804.46452678245,6193753.776217294,1722250112.0,paragliders,20365161
485781.67507253936,6193805.551545156,1723373568.0,paragliders,20366562
486110.063785838,6193779.577932493,1723371776.0,paragliders,20366601
486091.49500240624,6193873.486232383,1723372032.0,paragliders,20367025
486098.891246404,6193782.99082864,1723372928.0,paragliders,20367211
486043.04405790096,6193872.315046883,1724840192.0,paragliders,20367777
489261.3457494533,6193285.730854743,1724850688.0,paragliders,20367777
485966.90343857,6193897.111991259,1724840704.0,paragliders,20367780
485949.00212057185,6193781.720080716,1724840960.0,paragliders,20367788
488923.89683113823,6193291.446641316,1724850304.0,paragliders,20367788
486053.4765758366,6193793.7639867235,1724321152.0,paragliders,20368065
486556.97749638295,6190456.981091859,1724324352.0,paragliders,20368065
485808.66555029334,6193589.401940257,1724330624.0,paragliders,20368065
486295.06040020403,6193926.992973125,1696678144.0,paragliders,20368117
489167.64510635386,6191849.570026713,1696683776.0,paragliders,20368117
489050.38417118625,6191657.523635171,1696684032.0,paragliders,20368117
485925.916038336,6193668.482064858,1724320000.0,paragliders,20368198
485973.2299963297,6193689.772935776,1724320000.0,paragliders,20368198
485990.67401612864,6193681.483602148,1724320000.0,paragliders,20368198
485985.693636852,6193620.129480872,1724320640.0,paragliders,20368198
486141.6501641148,6193720.127405822,1724321024.0,paragliders,20368198
486588.768411382,6190474.860680276,1726319872.0,paragliders,20368525
486611.1058078789,6190241.067382231,1726320384.0,paragliders,20368525
489580.88575960044,6190114.21320262,1726321664.0,paragliders,20368525
485947.51303404954,6194890.729369462,1726313344.0,paragliders,20368529
486205.98014209233,6193679.500255216,1726227584.0,paragliders,20368847
486239.0584001472,6193725.22223607,1726227840.0,paragliders,20368847
485887.7426871823,6192051.639050782,1728563456.0,paragliders,20369231
489461.0364126288,6190050.915605949,1728564096.0,paragliders,20369231
485649.88115396973,6193613.745988797,1728643328.0,paragliders,20369277
485848.87335968675,6193673.141521022,1728645248.0,paragliders,20369277
485573.7069214972,6193567.649618816,1740055936.0,paragliders,20371512
485489.2460576972,6191777.467799408,1740056192.0,paragliders,20371512
485665.26110910485,6193743.503231828,1739624832.0,paragliders,20371538
489815.6547449511,6194895.687811735,1739627136.0,paragliders,20371538
486173.6125628939,6194055.24825941,1740567680.0,paragliders,20371792
485927.69044284377,6193628.076431746,1740568832.0,paragliders,20371792
485888.2765716516,6193624.041641234,1740568832.0,paragliders,20371792
485872.21170692047,6193630.03836375,1740568832.0,paragliders,20371792
486232.7926052224,6193851.417409899,1740570496.0,paragliders,20371792
485813.6000350151,6193444.641600555,1740570880.0,paragliders,20371792
485214.1917503025,6193282.31149543,1740740224.0,paragliders,20371793
485849.51399683853,6193594.284957733,1743504128.0,paragliders,20372899
485734.16339725227,6192985.38438675,1743510016.0,paragliders,20372899
485264.38421542756,6193321.079439233,1744115200.0,paragliders,20373601
486276.3065245514,6194118.966115346,1744106880.0,paragliders,20373614
485946.25923601096,6193816.749686718,1744107904.0,paragliders,20373668
485834.3128761932,6193665.640463129,1744108672.0,paragliders,20373683
485744.26081879705,6193626.163956094,1744107776.0,paragliders,20373699
485975.552339785,6193797.513420889,1744108160.0,paragliders,20373702
485586.59405693226,6193674.723022029,1744113280.0,paragliders,20373702
485967.8162488035,6193622.975893283,1744108672.0,paragliders,20373929
486402.1298468045,6194062.613265393,1744107648.0,paragliders,20374359
485993.31065805996,6193748.432108566,1744193408.0,paragliders,20374598
485876.58627236553,6193771.932535186,1745579904.0,paragliders,20374857
485922.77622112934,6193753.833593883,1745580672.0,paragliders,20374860
485747.2668923332,6193836.745754971,1745578624.0,paragliders,20374865
485736.9750548596,6193623.107293255,1745580032.0,paragliders,20374888
485879.51535152574,6193769.02153237,1745832704.0,paragliders,20375104
485881.0120909898,6193769.93356641,1745832704.0,paragliders,20375104
485895.98401360284,6193708.344570185,1745832704.0,paragliders,20375104
486272.4647019426,6193984.128247196,1745833472.0,paragliders,20375104
489651.5934116061,6190974.6000718735,1745847424.0,paragliders,20375104
485628.6622452603,6193558.096136824,1743503872.0,paragliders,20376304
485758.851401307,6193672.076604387,1747478400.0,paragliders,20377111
485547.40643108217,6192299.884303174,1747565952.0,paragliders,20377124
485715.1522096995,6193544.176821056,1747476480.0,paragliders,20377282
489974.8441859693,6191269.429040932,1747482752.0,paragliders,20377282
485924.88680469064,6193599.481848713,1747477504.0,paragliders,20377485
485818.59554953215,6193548.346446544,1747479040.0,paragliders,20377816
486168.3618800226,6193601.574623262,1748084096.0,paragliders,20377882
486088.99506861914,6193694.897878209,1748084224.0,paragliders,20377882
486011.900083196,6193627.250458569,1747819264.0,paragliders,20377989
486012.25708030193,6193627.121300004,1747819264.0,paragliders,20377989
486029.9967159241,6193563.520493462,1747819264.0,paragliders,20377989
486016.43142129574,6193543.021414468,1747819264.0,paragliders,20377989
485965.8499454255,6193537.949641283,1747819264.0,paragliders,20377989
486005.9954765376,6193550.298525878,1747819264.0,paragliders,20377989
486111.52428540465,6193660.587084999,1747819518.918744,paragliders,20377989
485971.8036867866,6193656.1958480235,1747821184.0,paragliders,20377989
486490.5940753795,6190325.806946968,1747821952.0,paragliders,20377989
486477.12427425693,6190357.659857721,1747821952.0,paragliders,20377989
485978.680578499,6193768.712297667,1747823616.0,paragliders,20377989
485717.505163267,6194812.457928267,1747825664.0,paragliders,20377989
486499.78375205735,6190268.337690259,1747826560.0,paragliders,20377989
489705.03620121273,6190006.828677944,1747828224.0,paragliders,20377989
486315.09083298274,6193858.760423087,1748081408.0,paragliders,20377991
486220.87310984026,6193741.511742696,1748081920.0,paragliders,20378129
485693.2137932369,6193541.059308526,1747820416.0,paragliders,20378131
485587.8507089663,6193456.218361858,1747820416.0,paragliders,20378131
485589.45478592266,6193525.51990617,1747820416.0,paragliders,20378131
485558.4963222884,6193458.374086343,1747820416.0,paragliders,20378131
485563.89267204603,6193556.426867865,1747820416.0,paragliders,20378131
485505.89493690967,6193498.986462065,1747820544.0,paragliders,20378131
485496.88542657415,6193552.974656718,1747820544.0,paragliders,20378131
485928.37874444923,6193434.290508031,1747821440.0,paragliders,20378131
486510.86259868083,6190582.326796442,1747822592.0,paragliders,20378131
486250.8799992501,6194006.600006866,1747824256.0,paragliders,20378131
485740.2792060715,6193567.352760407,1748086144.0,paragliders,20378151
486166.52175534616,6193759.304907514,1748431744.0,paragliders,20378295
486260.4654573424,6193840.705911814,1748428672.0,paragliders,20378324
485576.684255273,6192420.077205354,1748438144.0,paragliders,20378324
485790.1309862568,6193588.051864619,1748514560.0,paragliders,20378352
486072.59897230036,6193619.791387176,1748516352.0,paragliders,20378368
486015.65112555283,6193594.038526585,1748514560.0,paragliders,20378420
485958.29423114035,6192658.154380462,1748527232.0,paragliders,20378420
485702.376564056,6193530.152963798,1747476736.0,paragliders,20378439
485733.19951793784,6190758.681896451,1747477376.0,paragliders,20378439
485665.23156515334,6193560.85919589,1748602240.0,paragliders,20378443
486186.6504160453,6193966.82900989,1748600320.0,paragliders,20378447
486076.03042153426,6193959.770346646,1748600448.0,paragliders,20378449
485969.873948623,6193832.0504641505,1748600576.0,paragliders,20378454
486039.190271307,6193643.88874416,1748516352.0,paragliders,20378952
485795.7165828951,6193470.57489543,1748517632.0,paragliders,20378952
486032.62921653374,6193909.396647037,1748600064.0,paragliders,20379010
486205.68088186946,6193759.558768855,1748602368.0,paragliders,20379020
485990.6985003439,6193648.648483073,1748601088.0,paragliders,20379348
485001.62248397863,6190772.654055606,1750427392.0,paragliders,20380120
485412.3187772389,6193518.452857534,1750416512.0,paragliders,20380176
485965.08621183905,6193720.9027910475,1750499456.0,paragliders,20380289
486091.3284126302,6193748.660275854,1750498432.0,paragliders,20380292
486017.549999909,6193666.945535539,1750499968.0,paragliders,20380337
486209.0522044993,6193944.049140754,1750501248.0,paragliders,20380364
486089.7803976265,6193688.456457837,1750330624.0,paragliders,20380366
485560.6824890178,6193445.475040653,1750417024.0,paragliders,20380404
485953.94605310017,6192850.044930592,1750427648.0,paragliders,20380404
486272.9671783142,6193945.421618947,1750500864.0,paragliders,20380417
486078.3784326607,6193964.194217718,1750501120.0,paragliders,20380418
486183.64098782884,6193975.753923097,1750501248.0,paragliders,20380436
486214.0702486428,6193759.741075344,1750330112.0,paragliders,20380442
485769.7519724822,6193653.159869098,1750504192.0,paragliders,20380507
485927.98018304066,6193721.345458972,1750500224.0,paragliders,20380703
489485.991935038,6190737.823342129,1750506752.0,paragliders,20380703
485976.14792932034,6193739.277744395,1750500224.0,paragliders,20380739
486307.4808416659,6191197.896815887,1750506240.0,paragliders,20380739
485924.68270986335,6193834.926900775,1750502144.0,paragliders,20380856
486188.35762646183,6194002.848191796,1750500992.0,paragliders,20381146
485529.56360887777,6193694.9361260515,1751107456.0,paragliders,20381291
486580.325366895,6190148.592415838,1751108224.0,paragliders,20381291
486590.96130729804,6190166.660151997,1751108224.0,paragliders,20381291
485669.3229135563,6192276.95742592,1751120896.0,paragliders,20381291
486114.343595371,6193726.075730917,1750500352.0,paragliders,20381330
485927.2228618624,6194657.037790503,1750507904.0,paragliders,20381330
486193.1040421232,6193854.219477312,1751279360.0,paragliders,20381491
486335.47164675203,6193913.430222225,1751280000.0,paragliders,20381495
486161.7149876802,6193881.019409726,1751364096.0,paragliders,20381603
485975.8716652039,6192325.765669118,1751286912.0,paragliders,20382015
485732.691532486,6192831.278616047,1751287040.0,paragliders,20382015
486690.75189284905,6190759.814537733,1751970432.0,paragliders,20382125
485632.35421028105,6193448.894397927,1751981568.0,paragliders,20382139
485739.4362862607,6193477.829340038,1751981568.0,paragliders,20382139
485605.72168212547,6193487.411209068,1751981568.0,paragliders,20382139
485634.09882804303,6193776.370538657,1752751104.0,paragliders,20382998
485991.0969406666,6193835.40790602,1752753280.0,paragliders,20382998
485882.05362183676,6192133.594008909,1753788032.0,paragliders,20383479
485549.4250504127,6192335.723816965,1753795840.0,paragliders,20383479
485728.6354327079,6193594.448636975,1753873408.0,paragliders,20383522
486223.9012740707,6193780.9456896465,1754307200.0,paragliders,20383946
485583.6806240943,6193795.392066433,1754821120.0,paragliders,20384486
486279.8047287561,6193969.456437088,1754823168.0,paragliders,20384518
486263.63259397313,6193807.625406548,1754738944.0,paragliders,20384556
486246.0976911471,6193857.0430701105,1754821376.0,paragliders,20384578
486499.7649863477,6193730.1272495035,1754909568.0,paragliders,20384611
486176.7011385902,6193925.594954777,1754909952.0,paragliders,20384631
485876.83020243084,6193705.142363381,1754822400.0,paragliders,20384700
485848.08891969314,6193675.968115221,1754822400.0,paragliders,20384700
485856.20635671314,6193688.478672757,1754822400.0,paragliders,20384700
486573.6275808789,6193981.576053614,1754909824.0,paragliders,20384702
489594.98922267865,6193740.011753765,1754920960.0,paragliders,20384702
486377.43657810445,6192393.765564556,1754919168.0,paragliders,20384703
486210.2588730506,6193838.174178646,1754907904.0,paragliders,20384764
488345.8615220679,6190818.889023417,1754921216.0,paragliders,20384789
485923.2953038537,6194063.166270881,1754994560.0,paragliders,20384793
486129.96037212457,6193980.148541136,1754994944.0,paragliders,20384793
486282.3613944159,6194069.509501369,1754994816.0,paragliders,20384795
486504.3693786185,6193856.638129173,1754909568.0,paragliders,20384871
486231.2993970718,6193899.879989194,1754822400.0,paragliders,20384873
486244.4254913811,6193977.7820644835,1754909696.0,paragliders,20384942
486495.92627958854,6193786.310374875,1754909952.0,paragliders,20384975
486182.47580989887,6194019.866991878,1755167232.0,paragliders,20384999
486277.37075237615,6194242.064533715,1755166080.0,paragliders,20385018
486278.38289544656,6194256.62375164,1755166080.0,paragliders,20385018
486299.5381565889,6194273.36947507,1755166080.0,paragliders,20385018
486108.43849917175,6193884.943240609,1755254656.0,paragliders,20385065
486116.38265990606,6193909.748764961,1755256064.0,paragliders,20385089
486065.63726765045,6193860.721187342,1755264256.0,paragliders,20385089
485930.9692112004,6193789.620581067,1754907904.0,paragliders,20385095
486661.86834946816,6190415.279442097,1754916480.0,paragliders,20385095
486017.6807575697,6194002.845586415,1755255424.0,paragliders,20385098
488574.02550787857,6191341.381239496,1755263616.0,paragliders,20385098
486046.9465432985,6193900.373769985,1754822400.0,paragliders,20385105
486010.65150579915,6193601.9510412505,1754829824.0,paragliders,20385105
486261.91077729466,6193939.706959876,1754822016.0,paragliders,20385205
485590.95895629714,6193393.416697066,1754912768.0,paragliders,20385221
485694.6692960014,6192224.233143015,1750419200.0,paragliders,20385315
486298.2948281149,6193740.521491068,1750330496.0,paragliders,20385316
486288.56343826413,6193721.118694944,1750330496.0,paragliders,20385316
486250.1224885107,6193715.037615977,1750330496.0,paragliders,20385316
486273.5343527083,6193691.109921031,1750244352.0,paragliders,20385318
486287.0466199619,6193682.209556765,1750244352.0,paragliders,20385318
486304.0430413498,6193706.723424175,1750244476.035652,paragliders,20385318
486032.05583612993,6193707.704649047,1748515456.0,paragliders,20385346
486592.31150424393,6190316.890184649,1748523136.0,paragliders,20385346
486139.171193427,6193814.673522383,1754907136.0,paragliders,20385598
486261.6913757323,6193935.193618207,1755946368.0,paragliders,20385933
486192.4875083245,6193865.547581669,1755946752.0,paragliders,20385933
486188.69185058284,6193878.528049545,1755946752.0,paragliders,20385933
486186.1301079318,6193800.0569924945,1755947136.0,paragliders,20385933
486116.3175301422,6193904.51061439,1756033536.0,paragliders,20385989
486043.7428874556,6192242.8037786065,1756034560.0,paragliders,20385989
485984.73485757527,6193765.907970205,1756034944.0,paragliders,20385989
485665.5604301713,6192783.616366658,1754924032.0,paragliders,20386124
485606.03349013295,6193649.92071066,1756549120.0,paragliders,20386138
486114.067193196,6191164.960822017,1756556544.0,paragliders,20386138
486370.2850381244,6190333.41825032,1751114880.0,paragliders,20386148
489444.14994538325,6190112.144121717,1751117696.0,paragliders,20386148
485860.94967061846,6193645.82855417,1757071360.0,paragliders,20386405
485830.9284873062,6193628.493408258,1757071360.0,paragliders,20386405
485779.58527868934,6193762.770776582,1757071488.0,paragliders,20386405
485904.73057151056,6193695.485809278,1757072384.0,paragliders,20386405
486241.9763391275,6193747.028521394,1757853696.0,paragliders,20386550
489450.61335243157,6191845.203782669,1758202240.0,paragliders,20386635
486136.7693202701,6193968.379611057,1759319168.0,paragliders,20387023
486101.6014371406,6193929.457950849,1759920512.0,paragliders,20387181
486376.5800025544,6193966.062474192,1759922688.0,paragliders,20387200
486195.2993511279,6193812.874225077,1760005741.3184025,paragliders,20387207
489137.6014960104,6191743.545342966,1760008064.0,paragliders,20387207
489072.1956988049,6191731.299618643,1760008064.0,paragliders,20387207
485882.8425085629,6191195.144363135,1760012928.0,paragliders,20387207
485894.8948521003,6191208.281127378,1760012928.0,paragliders,20387207
485893.30519927316,6191225.991318189,1760012928.0,paragliders,20387207
485822.58567448636,6193765.6706998125,1760005632.0,paragliders,20387212
486160.63948287535,6193816.560030995,1760007552.0,paragliders,20387212
485938.04159279924,6193553.2791776,1759657344.0,paragliders,20387213
486055.2925800394,6193529.391862714,1759922560.0,paragliders,20387214
486060.8219656283,6193618.681482102,1759922560.0,paragliders,20387214
486703.7547174975,6190429.553387803,1759924608.0,paragliders,20387214
486049.630062806,6193925.940620985,1759920512.0,paragliders,20387216
486021.42157601943,6193893.757553897,1759920768.0,paragliders,20387216
485593.1485074464,6193682.23524081,1760180608.0,paragliders,20387263
485904.07208441396,6193589.649558791,1760268672.0,paragliders,20387334
486757.74222288205,6193826.957035568,1760278784.0,paragliders,20387334
486705.08215867454,6193846.2008076785,1760278784.0,paragliders,20387334
486224.5765952986,6193867.72356524,1760696192.0,paragliders,20387597
485861.69086783525,6193649.485421978,1760698624.0,paragliders,20387614
485496.42259757564,6191443.81204575,1760707456.0,paragliders,20387620
485455.83452317835,6191433.993329457,1760707456.0,paragliders,20387620
485286.9253474952,6192898.647514725,1760707712.0,paragliders,20387620
485908.2588224197,6193725.12985949,1760787328.0,paragliders,20387659
485594.23253952194,6193468.036408631,1760701056.0,paragliders,20387702
486420.8880992214,6193818.982159312,1760788480.0,paragliders,20387703
486407.01314617315,6193842.664818616,1760788480.0,paragliders,20387703
486372.3400459966,6193832.459022418,1760788480.0,paragliders,20387703
485656.3253156521,6193645.976230369,1760698368.0,paragliders,20387743
485931.24088309426,6193742.177216402,1760787328.0,paragliders,20387744
489236.9140867697,6191686.031183052,1760791296.0,paragliders,20387744
485759.77116767777,6193590.527414116,1760612864.0,paragliders,20387806
486208.49062805873,6193842.25196291,1760788352.0,paragliders,20387808
485906.56615770236,6193619.748961969,1760788992.0,paragliders,20387808
485176.53857256565,6193424.368449159,1760793600.0,paragliders,20387808
485641.4062451249,6193645.360338745,1760786304.0,paragliders,20387860
485630.86974407005,6193452.988657475,1749552768.0,paragliders,20388915
486313.83322152187,6193887.434261719,1757849216.0,paragliders,20388921
486281.44027700933,6193919.587161982,1757849216.0,paragliders,20388921
486257.2638502373,6193876.240456874,1757849216.0,paragliders,20388921
486193.0560361845,6193542.682911821,1757850880.0,paragliders,20388921
486326.2396923151,6191811.492328513,1758537856.0,paragliders,20388927
485433.1979161859,6193136.814357544,1774011520.0,paragliders,20390423
486178.23845079564,6193695.220321935,1774089167.7812588,paragliders,20390535
486004.8564391837,6193843.155643693,1774007040.0,paragliders,20390631
485355.0889743145,6193118.055192312,1774011520.0,paragliders,20390631
486216.02092670935,6193797.593372944,1774350848.0,paragliders,20390665
485879.91293302784,6194837.526917765,1774355456.0,paragliders,20390665
489006.08199777873,6190627.7024567295,1773838976.0,paragliders,20390675
485430.6576701301,6192534.914997687,1775302912.0,paragliders,20391009
487804.7151678638,6194046.20202122,1775310720.0,paragliders,20391009
485686.7613501676,6193171.382324386,1775385600.0,paragliders,20391075
486326.7397604782,6193914.998579733,1775304192.0,paragliders,20391150
485984.2389895311,6191620.436155907,1775306752.0,paragliders,20391150
487648.6933957303,6193022.772424752,1775310592.0,paragliders,20391150
486152.2860059745,6193949.894235732,1775387392.0,paragliders,20391151
486104.7548818804,6193610.713370561,1775388160.0,paragliders,20391154
485855.75785461685,6193886.704234623,1775390592.0,paragliders,20391154
485895.0154321719,6193916.979594941,1775390607.672374,paragliders,20391154
485508.0950116445,6193674.522205689,1775471232.0,paragliders,20391333
485617.7561692283,6193713.308589942,1775471360.0,paragliders,20391333
486071.3068041727,6193935.684403371,1775471360.0,paragliders,20391333
486094.8489692985,6193899.548056356,1775643904.0,paragliders,20391725
485973.72142084566,6193612.374797259,1775729408.0,paragliders,20391830
485980.4930146738,6193692.900699596,1775735808.0,paragliders,20391836
485673.66124114115,6193660.949012234,1775730560.0,paragliders,20391856
485617.2021195623,6193516.983390645,1775729792.0,paragliders,20391858
485724.01204581384,6193831.337761349,1775645056.0,paragliders,20391859
485766.5189444977,6193725.614611563,1775644544.0,paragliders,20391892
485904.064609938,6193775.679805303,1775819904.0,paragliders,20392092
487057.9239687966,6193250.717370338,1775823360.0,paragliders,20392092
485925.3541972399,6193734.916613817,1776422400.0,paragliders,20392599
485923.29525160254,6193629.771069857,1776508928.0,paragliders,20392681
485615.04450881126,6193502.741651711,1776422400.0,paragliders,20392951
486060.89428927965,6193812.701667955,1778149632.0,paragliders,20395060
486333.17942004855,6191800.942283882,1778150528.0,paragliders,20395060
486010.3165431572,6193639.850151789,1778151040.0,paragliders,20395060
485748.7462441034,6192657.2385267895,1778152448.0,paragliders,20395060
486415.2177895622,6194045.936648958,1779013888.0,paragliders,20395270
485745.67413704353,6193643.055640109,1779273216.0,paragliders,20395425
485398.55812827015,6191390.477398667,1779274496.0,paragliders,20395425
486182.9652937148,6193866.252261832,1779356288.0,paragliders,20395485
485990.30465125956,6193996.10997523,1779357184.0,paragliders,20395530
486054.33237787057,6193800.695677518,1779355136.0,paragliders,20395582
486484.1660421104,6190062.277711006,1779355776.0,paragliders,20395582
485751.2726942634,6193802.909191629,1779441536.0,paragliders,20395605
485854.98292390653,6193755.8039713865,1779443456.0,paragliders,20395634
486248.2205369985,6194038.400323279,1779444352.0,paragliders,20395694
486340.8856670616,6193959.433332381,1779356672.0,paragliders,20395726
486316.32349555957,6193936.416192021,1779442176.0,paragliders,20395729
485893.42327597,6193576.027377507,1779444736.0,paragliders,20395755
486060.8335963143,6193744.822745453,1779441152.0,paragliders,20395819
485914.35663632106,6193751.95073885,1779529600.0,paragliders,20395836
486151.4011200921,6193764.260149808,1779529600.0,paragliders,20395851
485129.3629159472,6193291.790190512,1779538176.0,paragliders,20395851
486123.34661888087,6193838.819893383,1779529344.0,paragliders,20395870
486115.2993392245,6193867.7702155,1779530368.0,paragliders,20395870
486079.2494669849,6193812.227496193,1779444736.0,paragliders,20395912
486213.4149557465,6193767.214470024,1779529472.0,paragliders,20395913
486180.85615398665,6193742.406707106,1779529472.0,paragliders,20395913
486170.8805674002,6193741.466890365,1779529472.0,paragliders,20395913
487469.0801865552,6194462.146619574,1779547648.0,paragliders,20395913
486112.5198949784,6193913.658652885,1779530368.0,paragliders,20395915
486060.6922083046,6193710.749248244,1779444864.0,paragliders,20395986
485146.19382940157,6190764.442161862,1779545856.0,paragliders,20395991
486100.42583331163,6194047.3393414775,1779357824.0,paragliders,20396039
486078.0295068039,6193731.850338459,1779613696.0,paragliders,20396071
485523.8676648868,6193480.691272303,1779445632.0,paragliders,20396391
486512.13771377545,6193946.141810487,1779446016.0,paragliders,20396391
485065.6211165149,6192493.301743477,1779454848.0,paragliders,20396391
485666.5520694371,6193678.20977137,1779531776.0,paragliders,20396821
486115.1110343215,6193731.824353331,1779877760.0,paragliders,20396900
485550.0089092737,6193758.204124528,1760610176.0,paragliders,20396957
485852.41115625954,6193852.882287632,1780061696.0,paragliders,20397181
486351.41561707185,6193615.030571563,1779437824.0,paragliders,20397435
486388.3637848049,6193632.0656380635,1779437824.0,paragliders,20397435
486352.9437130267,6193654.323919355,1779437824.0,paragliders,20397435
486466.77487053926,6194396.643279891,1779791488.0,paragliders,20397436
485700.985620125,6193628.009174636,1780050304.0,paragliders,20397437
486078.19573307346,6193519.466624699,1779878656.0,paragliders,20397449
486053.3705370076,6193526.919301644,1779878656.0,paragliders,20397449
486046.27563541156,6193540.109457118,1779878656.0,paragliders,20397449
486421.72872409306,6193837.912887153,1779442432.0,paragliders,20397487
486463.1624602114,6193845.62371093,1779442432.0,paragliders,20397487
486324.78028006223,6193804.4270924395,1779442560.0,paragliders,20397487
485999.7516481391,6193660.456679023,1779613696.0,paragliders,20397489
485881.14749632846,6193631.661052521,1779360256.0,paragliders,20397558
486026.80074122245,6193674.777820595,1779879552.0,paragliders,20397559
486272.5765451111,6193685.16143149,1779615872.0,paragliders,20397648
485851.1899586749,6193628.819448666,1781346688.0,paragliders,20397945
485996.93257554545,6193950.816640782,1781347072.0,paragliders,20397959
486233.81803113717,6193701.378396549,1781347840.0,paragliders,20397989
485735.76706107636,6192261.918529006,1781360768.0,paragliders,20397989
485668.47009146196,6193594.0528713735,1781346688.0,paragliders,20398099
486314.2422724629,6193742.856487733,1781347584.0,paragliders,20398101
486076.29020092305,6193864.356425549,1781431296.0,paragliders,20398135
486104.1410990461,6193806.276854625,1781431296.0,paragliders,20398135
486081.5799726525,6193794.841710343,1781431296.0,paragliders,20398135
486117.91387022636,6193859.513826504,1781687936.0,paragliders,20398266
485990.9926299764,6193491.041782609,1781428864.0,paragliders,20399054
486502.8816884148,6191861.6094200825,1781518848.0,paragliders,20399167
486072.9612390509,6193911.3447290845,1781604608.0,paragliders,20399168
486217.2823212239,6194103.838879121,1782210944.0,paragliders,20399311
486321.70330966584,6194130.441736351,1782125952.0,paragliders,20399313
484510.21865420014,6195422.693803684,1755961216.0,hang gliders,20386065
480233.1398732753,6197446.854314666,1177324739.2829697,paragliders,20061127
480388.6364607695,6197375.342848674,1177413504.0,paragliders,20061181
480209.28872919874,6197279.669177303,1177326208.0,paragliders,20061182
484483.92972732475,6195505.163333302,1217680640.0,paragliders,20072919
480218.602446201,6197438.602467707,1237292288.0,paragliders,20080645
480270.71537518053,6197318.258744416,1237298944.0,paragliders,20080645
480056.6903078568,6197060.746103026,1243510400.0,paragliders,20082310
480130.97796216974,6197430.795117342,1272452992.0,paragliders,20092100
480296.63880929473,6197563.0600871155,1297514240.0,paragliders,20100569
483426.2635242086,6195476.847838268,1299498880.0,paragliders,20100703
480468.7437075227,6197164.177454671,1299499520.0,paragliders,20100703
484885.417452338,6195662.141208475,1302179968.0,paragliders,20102124
484681.84113855194,6195465.064821299,1302269056.0,paragliders,20102182
480506.4757026355,6197598.362716383,1317469952.0,paragliders,20109577
480495.52196071343,6197378.361183455,1332934016.0,paragliders,20112490
481030.44212802337,6197954.837024856,1340536064.0,paragliders,20117145
480896.4051393058,6198035.919761199,1340539904.0,paragliders,20117145
480873.43248585274,6197977.396518634,1340535680.0,paragliders,20117155
484423.7455785817,6195161.08200439,1340544768.0,paragliders,20117156
480737.28952569095,6197815.144573833,1340536448.0,paragliders,20117158
484594.63738654193,6195936.17457757,1340542464.0,paragliders,20117158
481118.28175019147,6198036.036666936,1340536064.0,paragliders,20117360
484530.1988950049,6195945.207489419,1340542464.0,paragliders,20117360
480429.7739385424,6197643.874367285,1340536448.0,paragliders,20117429
484590.521437061,6195934.888956833,1340542464.0,paragliders,20117429
484408.1060930969,6195597.009053088,1367666432.0,paragliders,20127031
480305.49095264566,6197206.78822445,1367749248.0,paragliders,20127142
484411.80588871764,6195700.398989948,1367666432.0,paragliders,20127206
484441.9681728141,6195174.787438057,1367666688.0,paragliders,20127228
480194.0796658998,6197388.488733294,1367835904.0,paragliders,20127319
480047.74665601866,6197395.420990436,1367835904.0,paragliders,20127319
484528.1938415332,6195558.127335069,1367666432.0,paragliders,20127366
480204.5363145079,6197360.2753691245,1372243840.0,paragliders,20130332
480060.25179441966,6197364.058915541,1375185024.0,paragliders,20132935
484355.99221112614,6195744.956220703,1375191168.0,paragliders,20132935
484431.2694829673,6195656.131338212,1375191296.0,paragliders,20133200
480663.8584895647,6197834.4953567395,1462448128.0,paragliders,20186031
480553.0518739425,6197372.433201579,1463751552.0,paragliders,20188081
481140.7858952157,6197992.3566828715,1463745792.0,paragliders,20188167
480592.8944337556,6197663.0658465335,1463751040.0,paragliders,20188167
481031.73303341045,6198035.921243592,1466421376.0,paragliders,20190002
481023.49831969466,6198167.352468046,1466423808.0,paragliders,20190008
481252.5242624451,6198110.446692187,1466425088.0,paragliders,20190008
480999.67941631074,6198163.784660947,1466423040.0,paragliders,20190009
480831.49906325445,6198023.102848815,1466423680.0,paragliders,20190009
480825.2754190594,6198125.430616898,1466423168.0,paragliders,20190037
481044.3417275761,6198274.937850897,1466423936.0,paragliders,20190037
481106.1075142239,6198289.96423796,1466423936.0,paragliders,20190037
481113.80835260294,6198268.647974964,1466423936.0,paragliders,20190037
480043.7641616001,6199878.486617734,1466509440.0,paragliders,20190093
480220.5850122108,6196858.426342682,1466511872.0,paragliders,20190093
480234.6388273044,6196855.240480903,1466511872.0,paragliders,20190093
480246.99432019854,6196876.785859791,1466511872.0,paragliders,20190093
480237.7628298078,6196888.704864518,1466511872.0,paragliders,20190093
480214.50159854995,6196893.78276107,1466511872.0,paragliders,20190093
480322.585270305,6197389.217449874,1466509696.0,paragliders,20190134
484479.58902611287,6195312.396076055,1466516352.0,paragliders,20190144
481076.79700794746,6198089.781551875,1466423936.0,paragliders,20190732
481109.7832535397,6198015.548160619,1466422528.0,paragliders,20191635
480465.75576585013,6197680.229044095,1468152960.0,paragliders,20192860
480105.6676944731,6197380.173780938,1468764416.0,paragliders,20193529
480956.56276964385,6198069.974357033,1466421760.0,paragliders,20194396
480898.51580406463,6198090.155896797,1466422144.0,paragliders,20194396
480004.69659376866,6199771.553508461,1466509440.0,paragliders,20194397
484517.94337039074,6195603.24790795,1470238592.0,paragliders,20195982
484599.3959103109,6195235.157642003,1471176960.0,paragliders,20196997
484554.66350800963,6195157.140790632,1471176960.0,paragliders,20196997
480249.11747833807,6197544.044278712,1472211072.0,paragliders,20198912
481081.71117033897,6197669.847060444,1473505408.0,paragliders,20201333
481032.53387310694,6197669.580448295,1473505408.0,paragliders,20201333
480938.24139289773,6197694.7799967695,1473505408.0,paragliders,20201333
484613.39783713024,6195117.823868775,1489759104.0,paragliders,20206585
484655.65281891864,6195125.5829884,1489759104.0,paragliders,20206585
484677.26679540926,6195091.948509892,1489759104.0,paragliders,20206585
480402.0825122793,6197360.845752849,1489753856.0,paragliders,20206601
480792.31256330386,6197876.582856507,1489750528.0,paragliders,20206843
484750.4923797589,6195755.498835632,1490795520.0,paragliders,20207887
484723.4425853221,6195823.623334341,1492085120.0,paragliders,20210849
484864.37744048925,6195474.169304247,1492775808.0,paragliders,20211601
484544.5014477548,6195595.707373308,1492862464.0,paragliders,20211849
484734.6741315306,6195128.1581759695,1492946560.0,paragliders,20212053
484735.05923674273,6195120.079517259,1492946560.0,paragliders,20212053
484900.1519392939,6195124.56608892,1492946688.0,paragliders,20212053
484853.7930593757,6195134.155027437,1492946688.0,paragliders,20212053
481041.38369012903,6197897.570709438,1492944896.0,paragliders,20212097
480824.60298701114,6197809.976671638,1492944896.0,paragliders,20212097
484620.66734902066,6195522.425133151,1492864256.0,paragliders,20212171
484516.97574244876,6195443.376141354,1492952064.0,paragliders,20212178
481155.51867311785,6198517.636799651,1493381632.0,paragliders,20212766
480471.52479080745,6197624.829630393,1494331648.0,paragliders,20214151
480032.01090693765,6199836.463653843,1494332032.0,paragliders,20214151
484462.31106240157,6195112.517642778,1495630720.0,paragliders,20215529
484499.37973129604,6195087.476827125,1499168384.0,paragliders,20220448
484382.0114652826,6195223.621163482,1526043776.0,paragliders,20238912
480295.7473752107,6197432.879499533,1529491840.0,paragliders,20242391
480589.55629486317,6197789.792445968,1530011264.0,paragliders,20243071
481540.3281171812,6198348.926169424,1530355328.0,paragliders,20243416
481521.1012393923,6198365.671805275,1530355328.0,paragliders,20243416
481547.50758203556,6198470.381429237,1530355328.0,paragliders,20243416
482766.97698013956,6198536.934581976,1530355584.0,paragliders,20243416
482845.45659662824,6198700.117225335,1530355584.0,paragliders,20243444
480016.4890820614,6197449.823989922,1530442752.0,paragliders,20243871
480450.47472196753,6197470.353126508,1533384704.0,paragliders,20248311
480385.6189271906,6197494.22461211,1533468672.0,paragliders,20248544
480355.7321641365,6197401.994793128,1533468800.0,paragliders,20248544
480341.3177121761,6197406.13418305,1533468800.0,paragliders,20248544
480319.009001303,6197405.431565652,1533468800.0,paragliders,20248544
480188.54909548245,6197336.960587095,1529490944.0,paragliders,20248730
480067.2857840148,6196955.678509925,1529492992.0,paragliders,20248730
480370.0233105969,6197633.246689232,1533553792.0,paragliders,20248852
480305.5716468765,6197638.304993283,1533553792.0,paragliders,20248852
480320.30548762996,6197656.914453971,1533553792.0,paragliders,20248852
484319.04077411897,6195262.929519163,1533476736.0,paragliders,20249808
480178.73115846043,6197101.769609397,1534761216.0,paragliders,20250119
480195.9801657684,6197112.705574363,1534760960.0,paragliders,20250153
484626.56313464465,6195910.849070878,1537445504.0,paragliders,20253549
484533.5710238406,6195211.278407305,1537451520.0,paragliders,20253599
480104.78443310724,6197111.68305916,1538133888.0,paragliders,20254114
480035.253829839,6196981.73214866,1538133888.0,paragliders,20254114
480064.63825151516,6196985.497629283,1538133888.0,paragliders,20254114
480019.2039208318,6199961.958600711,1550667648.0,paragliders,20256805
483448.4813173269,6195461.398126095,1550757376.0,paragliders,20256857
480638.579303684,6197297.413422211,1550841344.0,paragliders,20256897
480202.87770629884,6197392.491292981,1551354496.0,paragliders,20257129
480788.13502170466,6197895.390650516,1551358080.0,paragliders,20257129
484528.14640822227,6195443.394542848,1551361408.0,paragliders,20257129
481687.6047699172,6199853.613905934,1553435776.0,paragliders,20258250
484139.87167321215,6195381.165149431,1553436928.0,paragliders,20258250
484123.11636342766,6195345.950038872,1553436928.0,paragliders,20258250
484099.06004101445,6195338.930678411,1553436928.0,paragliders,20258250
480563.86286202766,6197599.767594798,1556622080.0,paragliders,20262691
481032.46924827254,6198165.467726128,1559213440.0,paragliders,20265475
480235.80309107824,6197473.357632292,1559297792.0,paragliders,20265545
484629.4348257863,6195449.86922713,1559309056.0,paragliders,20265545
484652.1810356146,6195568.423853469,1559308416.0,paragliders,20265608
484687.55388562224,6195643.9534702655,1559308288.0,paragliders,20265659
484617.35401594156,6195648.134331964,1559308160.0,paragliders,20265741
484595.992892849,6195710.060344108,1559389952.0,paragliders,20265949
484774.7038283792,6195342.306236394,1559309184.0,paragliders,20265972
480399.98366795393,6197270.126242998,1559304448.0,paragliders,20266207
484339.95367854583,6195437.556660268,1559390464.0,paragliders,20266293
484581.6521237453,6195759.2662582975,1559308800.0,paragliders,20266390
484623.16825405805,6195977.783753952,1559477504.0,paragliders,20266402
481468.15225905465,6198660.8581464635,1559394688.0,paragliders,20266474
480988.7718386509,6198175.87567196,1559298304.0,paragliders,20266528
484580.29661099723,6195771.578280777,1559308800.0,paragliders,20266528
480566.31157469936,6197171.965115677,1559473536.0,paragliders,20267024
481078.63282855164,6198208.093846647,1559213440.0,paragliders,20267182
480300.3238819333,6197737.052548698,1559384320.0,paragliders,20267919
480037.4750821172,6199886.931322928,1566561920.0,paragliders,20275008
480041.466039486,6197287.723233722,1566559232.0,paragliders,20275055
484379.313958963,6195438.685637955,1566567168.0,paragliders,20275055
480447.79758196796,6197416.406903054,1566558464.0,paragliders,20275822
484371.68649158406,6195152.529432693,1566567296.0,paragliders,20275822
484511.3831044648,6195127.326012817,1582553728.0,paragliders,20279991
480340.74594999413,6197409.905079165,1590059008.0,paragliders,20280931
480083.889160642,6199929.2738190405,1590748160.0,paragliders,20282198
484570.42143571534,6195326.324658754,1590750848.0,paragliders,20282198
480388.9774342919,6197402.6414449215,1590751488.0,paragliders,20282223
480853.56581748894,6197995.1891705645,1592913536.0,paragliders,20284583
484580.9720750601,6195363.516840766,1592922368.0,paragliders,20284583
484497.1960572515,6195463.867283377,1590755456.0,paragliders,20289346
480817.32077607774,6198014.391683807,1596710528.0,paragliders,20290001
484716.83340250835,6195009.016789365,1596720000.0,paragliders,20290001
484359.8855831202,6195384.178419224,1596813440.0,paragliders,20290077
480022.4660149138,6197277.070166373,1600252160.0,paragliders,20294141
480630.71906064387,6197587.583938575,1622110208.0,paragliders,20301233
480665.67442008975,6197884.087164224,1623150208.0,paragliders,20302669
480139.2877302414,6197298.393763707,1623152512.0,paragliders,20302685
480727.09564977733,6197877.755320352,1623150336.0,paragliders,20302700
480127.3030062318,6197276.784897938,1623152512.0,paragliders,20302707
484260.63587549195,6195971.197603049,1623155456.0,paragliders,20303054
484548.357909454,6195062.748685336,1623587840.0,paragliders,20303133
484391.028356537,6195470.37206592,1623587456.0,paragliders,20303149
484272.2052380221,6195297.25919886,1623590400.0,paragliders,20303362
480881.41034671443,6197942.722900334,1623150208.0,paragliders,20303365
484645.0374485708,6195499.743844233,1626520448.0,paragliders,20305400
481104.8309901734,6198012.75069809,1633868800.0,paragliders,20311463
480935.01331346115,6197968.374393025,1649161600.0,paragliders,20317353
480291.3421348648,6197115.500073943,1650195456.0,paragliders,20318033
480178.4545443314,6197176.85303456,1650195456.0,paragliders,20318033
481082.9327293895,6198029.766697589,1650971392.0,paragliders,20319005
480411.4485297471,6197542.920774361,1657534976.0,paragliders,20326155
484403.27953109395,6195451.1310638515,1657808000.0,paragliders,20327436
480564.66990404105,6197711.771203541,1658400256.0,paragliders,20327739
480677.5312765773,6197897.823436686,1658400768.0,paragliders,20327739
480582.980357211,6197731.909579664,1658401280.0,paragliders,20327739
481039.3926699061,6198173.957237307,1658404352.0,paragliders,20327739
480758.60833059624,6198005.851267403,1659436288.0,paragliders,20329225
481024.90681015386,6198146.809346936,1659435520.0,paragliders,20329234
480518.1837250872,6197497.478848031,1660301312.0,paragliders,20330738
480351.9842697081,6197166.913394742,1660301568.0,paragliders,20330738
480298.3590236537,6197456.249733699,1676639232.0,paragliders,20336449
480586.1580666133,6197749.8209249955,1676814976.0,paragliders,20336548
484423.27339851425,6195541.111271281,1680871168.0,paragliders,20338085
480161.16613096825,6197061.624598232,1692446848.0,paragliders,20349523
480220.77277419926,6197637.586451991,1694170752.0,paragliders,20351860
480252.1753381562,6197671.6415679315,1694170752.0,paragliders,20351860
480346.4874595723,6197669.616824001,1694170880.0,paragliders,20351860
481021.6543902539,6197971.14119022,1695993344.0,paragliders,20353097
480720.94502686546,6197963.43787239,1695996544.0,paragliders,20353097
480008.19027387735,6199946.626948887,1696072832.0,paragliders,20353172
481079.42549905134,6197880.524752268,1696160768.0,paragliders,20353299
481116.39580632676,6197828.232344332,1696160768.0,paragliders,20353307
484516.39124948747,6195166.707675955,1696166400.0,paragliders,20353307
480449.9105451266,6197750.479004013,1696680704.0,paragliders,20353704
484649.3382834465,6195732.243547207,1696685312.0,paragliders,20353704
480128.5417909756,6197267.507515715,1696679552.0,paragliders,20353710
480130.1556014402,6197425.245595056,1696679552.0,paragliders,20353710
480353.3496450052,6197665.664563673,1696679552.0,paragliders,20353710
484702.10957333836,6195496.594816,1696680576.0,paragliders,20353710
484518.90188194555,6195199.445727495,1696767488.0,paragliders,20353762
480267.83403013606,6197442.2297420595,1696939264.0,paragliders,20353955
484541.7801277924,6195082.039650845,1696942720.0,paragliders,20353955
480865.41819727444,6197832.645741954,1696679552.0,paragliders,20353972
480894.5024356718,6197891.505903423,1696679552.0,paragliders,20353972
484709.5374168245,6195708.62737223,1696683136.0,paragliders,20353972
484683.9686954079,6195643.408166333,1696683136.0,paragliders,20353972
484740.57664967066,6195863.084646036,1696683264.0,paragliders,20353972
480441.1239285909,6197043.51250002,1709731968.0,paragliders,20355910
480496.28832345904,6197595.667800286,1712925056.0,paragliders,20357003
481043.00980788434,6198111.441168813,1713009152.0,paragliders,20357089
480176.72392153944,6197160.84691052,1713012992.0,paragliders,20357089
480175.69851093873,6197580.306426287,1713006080.0,paragliders,20357199
481015.8369340995,6198038.87750311,1713092864.0,paragliders,20357200
480239.6998152693,6197346.775249212,1713094656.0,paragliders,20357251
480222.38321851974,6197362.788220431,1713094784.0,paragliders,20357251
480229.48873149266,6197367.563454424,1713094784.0,paragliders,20357251
484528.3717636427,6195647.283178804,1713098880.0,paragliders,20357266
480468.0495850595,6197150.945880801,1713010688.0,paragliders,20357578
484507.0955594206,6195478.496565614,1715432576.0,paragliders,20359155
480218.9413664657,6197301.023648326,1715337216.0,paragliders,20359391
480436.6848426814,6197611.052383551,1724323456.0,paragliders,20367387
484425.12524175923,6195647.476945477,1724852352.0,paragliders,20367780
480986.5047174946,6198039.013062915,1732970496.0,paragliders,20370624
481057.36790714477,6198206.354483241,1740313856.0,paragliders,20371582
481157.05571389484,6198319.031437901,1740313856.0,paragliders,20371582
480930.8687569864,6198080.598434131,1745583232.0,paragliders,20374857
480821.06379814894,6198003.418007046,1745581696.0,paragliders,20374888
480850.356265466,6198044.720084799,1745581696.0,paragliders,20374888
480833.27453606366,6198079.407121918,1745581696.0,paragliders,20374888
481028.63194498897,6198109.184876942,1745583616.0,paragliders,20374888
480479.75224636577,6197445.657819216,1743507840.0,paragliders,20376304
484441.1522197692,6195369.4212499065,1747825408.0,paragliders,20377989
480445.6504983082,6197493.375577218,1748603008.0,paragliders,20379348
480235.25408252294,6197655.679772602,1750418432.0,paragliders,20380148
480062.9313298495,6196939.006372191,1751287680.0,paragliders,20381625
480298.3199570606,6197590.587948854,1748519680.0,paragliders,20385346
480821.64151903975,6197872.855233334,1758978560.0,paragliders,20386791
480849.23958584573,6197906.059885213,1758978560.0,paragliders,20386791
480234.28466794564,6197526.916307462,1759056384.0,paragliders,20386877
484569.67993550986,6195725.866054656,1760704384.0,paragliders,20387614
480086.436470115,6197518.943917286,1760790656.0,paragliders,20387659
480219.710373625,6197389.92685531,1760790272.0,paragliders,20387703
484589.94957087777,6195457.190369037,1760704384.0,paragliders,20387743
480313.4943011355,6197110.340357977,1760790016.0,paragliders,20387808
480214.6202483622,6197074.954116657,1760790144.0,paragliders,20387808
480137.0593954444,6197427.644649021,1760789888.0,paragliders,20387860
480200.1085528078,6197312.304599363,1773837952.0,paragliders,20390134
480342.92468429543,6197308.08818445,1773838464.0,paragliders,20390134
480438.95277813426,6197312.816844112,1773838848.0,paragliders,20390134
484745.724575122,6195148.840671214,1773837056.0,paragliders,20390421
483791.10645292007,6195364.186052419,1775649792.0,paragliders,20391859
480250.00802687014,6197347.0227940045,1776427520.0,paragliders,20392599
484533.2661299734,6195706.477522167,1776429184.0,paragliders,20392663
484648.23105596856,6195220.501124954,1779539584.0,paragliders,20395915
484721.5738271801,6195773.890347094,1779451392.0,paragliders,20395986
484568.42607184907,6195509.819287698,1779539328.0,paragliders,20396821
484507.3406957812,6195289.261095482,1780058368.0,paragliders,20397135
484408.0287601209,6195200.8582264595,1780058368.0,paragliders,20397182
489301.56843609875,6199624.977664423,1755957376.0,hang gliders,20386065
488790.08985219937,6199466.171842555,1177419136.0,paragliders,20061178
486229.30318202236,6195487.276962033,1211370752.0,paragliders,20072177
486437.04928363854,6196057.975687785,1240056832.0,paragliders,20081288
486093.6873216154,6195984.390819083,1245751680.0,paragliders,20082653
486016.4618980445,6196032.281187334,1270467328.0,paragliders,20090815
485953.64713174733,6195802.415872459,1270466432.0,paragliders,20090843
486339.10561751813,6196876.325061094,1283087488.0,paragliders,20094545
486280.0358692052,6196911.2785944585,1283087616.0,paragliders,20094545
489140.7523834483,6199576.557535666,1302269824.0,paragliders,20102177
486626.27016513766,6198163.408029333,1333106304.0,paragliders,20112868
486148.9633816783,6196499.57652146,1340540288.0,paragliders,20117272
486607.1479115044,6198287.221837572,1340624000.0,paragliders,20117430
486142.51674819435,6195981.189478743,1340624512.0,paragliders,20117430
486635.9221236953,6198178.262304393,1340623616.0,paragliders,20117457
486686.4979380261,6198129.427162696,1340623616.0,paragliders,20117457
486642.915839265,6198107.21125199,1340623616.0,paragliders,20117457
486127.25738669425,6196165.756318053,1340624768.0,paragliders,20117457
486417.6794612,6197424.957960168,1372070912.0,paragliders,20130278
486065.38810105197,6196903.380667393,1372071040.0,paragliders,20130278
486761.20760079863,6198212.6936901305,1372323328.0,paragliders,20130381
486757.82251029817,6198221.488550451,1372323328.0,paragliders,20130381
486136.0994899618,6195837.724026379,1372323712.0,paragliders,20130381
486510.50714934024,6197898.925060701,1378033664.0,paragliders,20135975
486003.0635668328,6196463.768198832,1379936384.0,paragliders,20136877
489208.6876997827,6197399.9756213175,1396787456.0,paragliders,20141049
486089.27382469067,6196580.772005324,1406373888.0,paragliders,20151401
486318.94088049326,6195920.145118933,1408097024.0,paragliders,20157133
487352.6402328935,6195791.934855133,1428328448.0,paragliders,20159327
489630.3364468137,6197047.567583281,1428835200.0,paragliders,20160204
485910.9979262839,6196452.958674603,1434891136.0,paragliders,20168648
485974.66967555933,6196045.41312695,1439203328.0,paragliders,20174618
486308.5997932562,6197046.430711501,1439203840.0,paragliders,20174618
486172.3072836391,6196036.137229927,1439204224.0,paragliders,20174641
486379.2986498086,6197682.503714676,1439204480.0,paragliders,20174641
486545.36417712196,6197851.119643593,1439205120.0,paragliders,20174641
486715.67672374926,6197952.664379954,1439205120.0,paragliders,20174641
486585.24919028895,6197863.102283966,1439205120.0,paragliders,20174641
485936.51897389593,6195980.63416321,1439205504.0,paragliders,20174641
485805.1605338591,6195873.9535782635,1443270016.0,paragliders,20178319
485721.78015296144,6195817.9336245395,1443270144.0,paragliders,20178319
485738.3335639229,6195793.967321106,1443270144.0,paragliders,20178319
485935.40011182684,6195496.976949295,1443352960.0,paragliders,20178366
485964.64571024745,6195600.525025311,1443352960.0,paragliders,20178366
485899.59833898244,6196319.741581526,1444480768.0,paragliders,20178847
485882.72295494744,6195580.462007231,1445773312.0,paragliders,20179236
485971.804972874,6195692.566462955,1445773312.0,paragliders,20179236
485997.7390982807,6195616.448955035,1445773312.0,paragliders,20179236
486004.2476676115,6195608.53024465,1445773312.0,paragliders,20179236
486047.2762223537,6195546.608339937,1445773312.0,paragliders,20179236
486064.9750888895,6195496.100370889,1445773312.0,paragliders,20179236
486073.6350320045,6195377.154275788,1445773440.0,paragliders,20179236
489772.0878770501,6195110.195329681,1446386816.0,paragliders,20179436
486373.4830214354,6197228.315551993,1446810880.0,paragliders,20179555
485877.6173598309,6195467.863449046,1446811904.0,paragliders,20179555
485890.15798901144,6195441.481491606,1446811904.0,paragliders,20179555
485834.38006939646,6195446.970801072,1446811904.0,paragliders,20179555
485923.31545242656,6195400.658888996,1446811904.0,paragliders,20179555
486263.2658641095,6196965.143235461,1446985472.0,paragliders,20179617
486082.3619890296,6195688.16638233,1463399168.0,paragliders,20187555
485973.11709229514,6195993.6422479525,1463484928.0,paragliders,20187769
485898.45657108503,6195836.875238224,1463484928.0,paragliders,20187769
485947.7535989865,6196478.029062207,1464956032.0,paragliders,20189009
486177.40164809395,6195112.864470414,1466334720.0,paragliders,20189941
486228.371382381,6195147.961750707,1466334848.0,paragliders,20189942
486932.3333557605,6197154.246746358,1466335488.0,paragliders,20189942
489171.0311972083,6199548.875396423,1466336640.0,paragliders,20189942
489178.65822293283,6199619.046868443,1466336614.446525,paragliders,20189946
486950.9663675042,6196837.14211428,1466335360.0,paragliders,20189952
489122.2737455108,6199409.653334885,1466336128.0,paragliders,20189954
486314.37222795817,6195109.853940668,1466334848.0,paragliders,20189960
486256.20227820956,6195006.681625214,1466335232.0,paragliders,20189960
486947.6300184577,6197175.608585455,1466335360.0,paragliders,20189970
489090.97340336174,6197498.69659087,1466336256.0,paragliders,20189970
489534.56054193573,6197120.819752543,1466336768.0,paragliders,20189970
485941.4390316535,6196049.4038364645,1466419072.0,paragliders,20189987
486052.4853262895,6195937.381412353,1466420224.0,paragliders,20190002
486014.6048475495,6195875.024004957,1466422016.0,paragliders,20190009
486107.7624909961,6195864.713872701,1466421504.0,paragliders,20190037
486877.85223044537,6197109.825521012,1466335616.0,paragliders,20190038
489122.98929924093,6199216.974631182,1466336128.0,paragliders,20190038
489147.04668226006,6197408.319246986,1466339200.0,paragliders,20190038
486117.6215327352,6195845.437597511,1466420608.0,paragliders,20190146
486016.15195093834,6195911.180484181,1466428928.0,paragliders,20190146
485973.8302648124,6195522.545170562,1466419968.0,paragliders,20191635
486089.5469370712,6196015.828468384,1466420736.0,paragliders,20191635
486005.90522711765,6196002.8636650285,1468579456.0,paragliders,20193207
486391.5216686571,6197351.618318945,1468752512.0,paragliders,20193396
486336.6236880729,6196906.298791384,1468668416.0,paragliders,20193446
486361.93833522266,6197013.996116326,1468668416.0,paragliders,20193446
485940.84625060635,6196533.864886403,1468669056.0,paragliders,20193446
486052.6083337884,6196101.511195713,1468751104.0,paragliders,20193450
486041.96513743344,6196100.46184871,1468751104.0,paragliders,20193450
486021.77975098824,6196094.781725074,1468751104.0,paragliders,20193450
486154.882621275,6196982.962227054,1468752000.0,paragliders,20193450
486523.847308941,6197714.400260366,1468752128.0,paragliders,20193550
486724.2868800518,6198049.13177758,1468586368.0,paragliders,20193553
486438.4199790731,6197285.264478528,1468586624.0,paragliders,20193553
485919.272580344,6196360.886261678,1468588032.0,paragliders,20193568
485986.83280596073,6195660.954546575,1468588160.0,paragliders,20193568
485864.88115196995,6195205.259859936,1466419968.0,paragliders,20194396
486406.9732194526,6197084.061922394,1470396288.0,paragliders,20195600
486391.76030232705,6195901.432232448,1470397312.0,paragliders,20195600
486186.11130979814,6196829.926473139,1470656000.0,paragliders,20195913
486249.62721484475,6196789.740264774,1470656000.0,paragliders,20195913
486172.41725957615,6196478.902168754,1470656128.0,paragliders,20195913
486332.60339634604,6195031.848633697,1470578176.0,paragliders,20196082
485858.1821666781,6195309.029227444,1471001344.0,paragliders,20196374
485818.7783065138,6195257.709182689,1471001344.0,paragliders,20196374
485836.5996416288,6195233.680538053,1471001344.0,paragliders,20196374
486191.5132335798,6196875.760497531,1471002240.0,paragliders,20196374
486622.0935426969,6197234.019121934,1471003392.0,paragliders,20196499
485973.72847733385,6195501.286184981,1471254272.0,paragliders,20197248
486347.8398865517,6198448.278996254,1471257344.0,paragliders,20197753
489253.28675187187,6199319.042743647,1480510464.0,paragliders,20204300
489928.398164291,6196100.187761729,1488115328.0,paragliders,20205787
489778.4815088797,6195752.894589238,1488115840.0,paragliders,20205787
485937.27030803094,6198872.959917451,1489755008.0,paragliders,20206691
486212.6705403838,6196958.423241331,1491652096.0,paragliders,20209176
486218.69180713536,6196976.898444872,1491652096.0,paragliders,20209176
486196.7881833806,6196861.138101112,1491652096.0,paragliders,20209176
488933.2024177674,6199500.867730083,1492950784.0,paragliders,20212097
486486.479399683,6197523.536676374,1493642240.0,paragliders,20213180
489200.46252845775,6199652.59989864,1494855296.0,paragliders,20214059
489729.60506653273,6198599.055936913,1495715584.0,paragliders,20215653
489710.09602815774,6198577.092635934,1495715584.0,paragliders,20215653
489175.0806500531,6199560.726901094,1495718784.0,paragliders,20215655
489755.07111554645,6198678.452512335,1495715072.0,paragliders,20215761
486010.3059277621,6195635.508357936,1496917888.0,paragliders,20217717
485947.4269591377,6196540.619233909,1497785216.0,paragliders,20218927
489344.1655148447,6199483.564613038,1498138112.0,paragliders,20219545
486196.09468207665,6196051.403461721,1500031104.0,paragliders,20223250
485960.2489311044,6196583.460768704,1500031872.0,paragliders,20223250
486097.3780954963,6196577.698101218,1506166272.0,paragliders,20226595
486548.3093557127,6198497.843966721,1506599424.0,paragliders,20227162
488995.19274969236,6198616.631688985,1507903360.0,paragliders,20228128
489798.2156546271,6197270.691382247,1507982208.0,paragliders,20228172
489828.09058246517,6196819.413175953,1509545600.0,paragliders,20228753
489287.65961179935,6199433.753265086,1529505536.0,paragliders,20242185
486014.77137790207,6195443.235993049,1532343680.0,paragliders,20246424
486206.438833679,6195989.142800032,1532345472.0,paragliders,20246424
485978.24583636376,6197016.512198632,1533390720.0,paragliders,20248434
485964.35012295377,6196870.778266591,1533390720.0,paragliders,20248434
485581.8441940415,6196143.317062291,1533390848.0,paragliders,20248434
485852.4434461539,6198539.8537723655,1533471488.0,paragliders,20248507
485819.59179724834,6195971.041820827,1533564672.0,paragliders,20248656
485927.2873249072,6195923.986640613,1531824768.0,paragliders,20248727
486399.72234250396,6198691.443975131,1534676096.0,paragliders,20249984
486086.48833976075,6196778.945947389,1534853120.0,paragliders,20250240
486411.10976604826,6197295.708570581,1534851200.0,paragliders,20250257
489434.48699918203,6197327.634450734,1534949120.0,paragliders,20250373
485926.4542255253,6196813.950411737,1534335744.0,paragliders,20250428
485982.8328412198,6196111.1792116,1537614848.0,paragliders,20253736
489847.9522686572,6195438.082564093,1538751232.0,paragliders,20254583
485977.5289362892,6196091.869086825,1538744960.0,paragliders,20254682
486114.8805884737,6195914.093023431,1540126080.0,paragliders,20255203
489907.26324652653,6195138.228069179,1540123520.0,paragliders,20255227
489938.4765469589,6195160.953195076,1540123520.0,paragliders,20255227
489930.3445215546,6195078.190435795,1540123648.0,paragliders,20255227
489822.67127454403,6195280.64969738,1550760448.0,paragliders,20256857
485324.34359008796,6196625.352658016,1550761728.0,paragliders,20256857
485316.88713845116,6196619.3922296,1550761728.0,paragliders,20256857
485313.6176409212,6196593.831576918,1550761728.0,paragliders,20256857
489888.01824889786,6195817.221152894,1553174784.0,paragliders,20257592
489877.5714780871,6195830.681912945,1553174784.0,paragliders,20257592
489906.0869140842,6195698.946077111,1553174784.0,paragliders,20257592
489495.12133814784,6197355.119810962,1553359872.0,paragliders,20257856
489763.7997111184,6195110.341577274,1553348096.0,paragliders,20257960
489263.9149354212,6199295.240503455,1553433088.0,paragliders,20258033
486604.8663366293,6195299.766204441,1555064448.0,paragliders,20260632
487031.8335578587,6195455.15004264,1555064832.0,paragliders,20260632
485433.7518580802,6199239.5678249085,1555157376.0,paragliders,20260726
488907.22977987654,6199024.661881252,1555158400.0,paragliders,20260726
486210.3073416303,6196404.560776348,1556534656.0,paragliders,20263768
486065.3633088782,6195231.932618101,1557831424.0,paragliders,20264235
486159.67287156236,6195842.961819552,1557831552.0,paragliders,20264235
486108.6714377728,6197022.3237188915,1557831680.0,paragliders,20264235
486547.06928317016,6197572.975562692,1557832192.0,paragliders,20264235
486461.21113182564,6197560.657623788,1557832192.0,paragliders,20264235
486457.6203456138,6197536.532590506,1557832192.0,paragliders,20264235
486458.0845236468,6197526.186575055,1557832192.0,paragliders,20264235
486253.1698898042,6197050.216040236,1557832320.0,paragliders,20264235
486094.20789073856,6195805.617760898,1557832320.0,paragliders,20264773
486089.9244196102,6195863.111298257,1559478400.0,paragliders,20267204
485752.14758715086,6196146.242570524,1559392128.0,paragliders,20267213
489981.37167413975,6195541.725342357,1561816192.0,paragliders,20269462
489938.7020878711,6195546.871950217,1561816192.0,paragliders,20269462
489935.6896300047,6195469.193507165,1561816192.0,paragliders,20269462
489995.52678836935,6195364.813945087,1564316544.0,paragliders,20272904
488473.00775237975,6195353.785594515,1566656768.0,paragliders,20275072
485935.17529346916,6196411.799231009,1572092416.0,paragliders,20278768
486464.49309123284,6197754.260678807,1572092800.0,paragliders,20278768
485870.3660753094,6196606.351939201,1572093184.0,paragliders,20278768
486383.14724134794,6197279.601749102,1572094592.0,paragliders,20278768
486376.0009266717,6196943.509688764,1582458368.0,paragliders,20279957
486049.3664098182,6195640.9465876985,1589803264.0,paragliders,20280761
486218.93739763607,6197276.246065127,1582456960.0,paragliders,20280840
486138.94089886954,6196016.462768233,1582457216.0,paragliders,20280840
485813.0199251454,6196517.901605982,1589975296.0,paragliders,20280905
485237.57638514356,6197173.152386258,1589974784.0,paragliders,20280995
489527.7416344296,6197690.99479903,1590674176.0,paragliders,20283295
486239.8708328387,6197258.06516991,1582456960.0,paragliders,20283760
486083.95162390784,6195994.503904063,1582457216.0,paragliders,20283760
485862.8473672943,6195508.29075453,1592821376.0,paragliders,20284205
485925.2379157213,6195460.538777763,1592821376.0,paragliders,20284205
485858.4092681153,6195677.426863127,1592821504.0,paragliders,20284205
485988.9029753378,6195560.854412502,1592821504.0,paragliders,20284205
486431.65214632166,6197683.364481375,1592822144.0,paragliders,20284205
486535.3420118431,6197870.79667998,1592822272.0,paragliders,20284205
486038.24257274077,6196441.399281212,1592822656.0,paragliders,20284205
486107.07789439335,6196380.203248202,1592822656.0,paragliders,20284205
486053.2876370774,6196123.362498638,1592822656.0,paragliders,20284205
486272.58393168927,6196066.235094708,1592828928.0,paragliders,20284205
485801.8138275678,6195893.132243484,1592992512.0,paragliders,20285750
485824.82922619564,6195894.388262813,1592992512.0,paragliders,20285750
485830.78560002375,6195886.192689489,1592992512.0,paragliders,20285750
486518.9763789988,6197610.1307797115,1593947136.0,paragliders,20285759
486060.8577068277,6196008.112586298,1595068288.0,paragliders,20287255
489709.43216551223,6195120.288853899,1595163648.0,paragliders,20288400
489714.9419859749,6195198.930747327,1595163648.0,paragliders,20288400
489812.382797692,6195700.023025026,1596807680.0,paragliders,20290183
485944.2997145353,6195948.861533466,1598869376.0,paragliders,20292306
486005.43738175125,6195248.937223326,1599912448.0,paragliders,20293712
486504.365234185,6197410.030642873,1602932096.0,paragliders,20295094
485987.764981094,6195597.971829675,1593947776.0,paragliders,20295449
486036.8564457651,6196049.951685688,1616930816.0,paragliders,20298268
486180.43123838666,6196064.091185016,1623590400.0,paragliders,20303271
486376.84845951543,6196879.760381507,1630837376.0,paragliders,20309148
486268.43835602043,6196836.992545899,1630837376.0,paragliders,20309148
486631.3120068504,6197203.843327842,1646312448.0,paragliders,20314337
486007.5299767057,6195927.777108764,1649159168.0,paragliders,20317288
485992.71271595533,6196024.195560508,1650198400.0,paragliders,20318033
487163.2351147722,6196333.739926917,1650201600.0,paragliders,20318058
485939.5436746345,6195048.150705559,1652184576.0,paragliders,20320652
485959.8683541286,6195679.664485706,1653739392.0,paragliders,20322733
486146.3849900393,6196039.137623382,1653651072.0,paragliders,20322764
486097.9122716019,6196471.106386373,1653819776.0,paragliders,20322825
486026.115543921,6196302.5128922025,1653818752.0,paragliders,20322925
486046.1482636745,6196416.131601198,1653738368.0,paragliders,20322929
485949.3517623652,6195913.096749403,1653648640.0,paragliders,20322931
486104.79510135954,6196012.448875691,1653651200.0,paragliders,20322931
486038.0803768406,6196730.657123324,1653735680.0,paragliders,20323160
486065.6731787195,6195584.11302205,1654772608.0,paragliders,20324453
486133.93108131725,6195971.981243357,1654774656.0,paragliders,20324453
486095.5742253577,6195642.99141972,1657278080.0,paragliders,20325840
486096.1893907453,6195621.015579022,1657278080.0,paragliders,20325840
486218.9438970593,6196585.651465944,1657452672.0,paragliders,20325988
486149.98060617043,6196293.111648077,1657452800.0,paragliders,20326178
486023.26920516044,6195965.632775331,1657880832.0,paragliders,20326838
486210.50569936715,6195751.056673323,1657798912.0,paragliders,20326927
485937.9545771774,6196681.633419076,1650194176.0,paragliders,20326967
486040.9492425548,6196138.642074763,1658056064.0,paragliders,20327210
486484.0534566878,6198155.97232753,1657891200.0,paragliders,20327638
485924.71484720474,6196356.776422604,1657891456.0,paragliders,20327638
486107.9053210025,6196181.245483883,1657452800.0,paragliders,20328173
486654.512611086,6197593.318307799,1650194560.0,paragliders,20330177
485967.25373399217,6195446.514130786,1660994816.0,paragliders,20331485
486023.0901378122,6195133.762733848,1661165952.0,paragliders,20331487
486268.2681076287,6196921.433263066,1663412864.0,paragliders,20333224
485992.7870395671,6196491.53289593,1663412864.0,paragliders,20333224
486371.3297324386,6195917.02773627,1663586816.0,paragliders,20333414
485941.7975378006,6195602.019387613,1663671552.0,paragliders,20333445
486548.9261026238,6197851.885647217,1663672320.0,paragliders,20333445
485923.6281138916,6196607.928552596,1663676032.0,paragliders,20333445
485950.37825280003,6196404.910732427,1663760896.0,paragliders,20333527
486379.36151151505,6197105.82966649,1663760128.0,paragliders,20333542
486217.10504354746,6196322.794540036,1663762560.0,paragliders,20333542
486090.40941079386,6196603.828324397,1663846144.0,paragliders,20333591
485976.3309027362,6196013.709772812,1664885632.0,paragliders,20333914
486453.00947830174,6198028.067729632,1664886400.0,paragliders,20333914
486571.82888633973,6197002.41954688,1664886656.0,paragliders,20333914
486061.28540008777,6195980.643448538,1664968704.0,paragliders,20334007
485982.7256132345,6195464.951520522,1664967808.0,paragliders,20334023
486243.34344775265,6196918.910914629,1664886016.0,paragliders,20334074
486242.2832013064,6196931.642637489,1664886144.0,paragliders,20334074
486145.475507435,6196887.62605977,1664886144.0,paragliders,20334074
485962.8750563411,6195983.400521113,1664886272.0,paragliders,20334074
486077.0431153127,6195517.854449681,1663587200.0,paragliders,20334076
486096.0683051779,6195961.477840081,1679319680.0,paragliders,20337447
486014.2091364791,6196071.237322007,1680953088.0,paragliders,20338672
485877.05442052305,6195860.455414342,1681034368.0,paragliders,20338674
486161.91749038576,6196381.668494088,1681736320.0,paragliders,20339005
486603.64551943884,6198828.465240108,1681814912.0,paragliders,20339038
486588.16247724136,6198767.741457228,1681814912.0,paragliders,20339038
486598.2025067806,6198806.001571558,1681814912.0,paragliders,20339038
486389.1369572468,6195618.141643218,1681985920.0,paragliders,20339246
485879.7253466953,6196393.404811043,1685955712.0,paragliders,20343001
486392.1499932872,6197905.427228433,1686838272.0,paragliders,20343897
485868.0320604903,6195973.701349414,1686838528.0,paragliders,20343897
486182.73874249804,6196044.79986092,1687514368.0,paragliders,20344824
486016.6204098305,6196007.0211166525,1687608448.0,paragliders,20344946
486053.41781740775,6196399.549656635,1687608960.0,paragliders,20344946
486024.9658678847,6196539.232828345,1695640064.0,paragliders,20352847
486551.69802838867,6197977.307743975,1695812864.0,paragliders,20352970
486154.30970639666,6195827.080936327,1695817728.0,paragliders,20352970
486151.2857405298,6196082.075788588,1695811712.0,paragliders,20352987
486210.0507470513,6195924.12110024,1695816576.0,paragliders,20352987
486005.80618407915,6196384.762556062,1695898368.0,paragliders,20353026
485797.1066468676,6196674.8533146875,1695899136.0,paragliders,20353041
489474.1686415587,6199940.985469081,1695900032.0,paragliders,20353041
489815.0915237133,6198714.802985564,1695900672.0,paragliders,20353041
486350.0249705865,6197229.327627092,1695988352.0,paragliders,20353097
486540.3322464397,6197504.888551241,1696075136.0,paragliders,20353162
485860.26909086097,6196684.558891108,1696076416.0,paragliders,20353163
485737.7649465255,6198887.385700745,1696075136.0,paragliders,20353172
488831.30307803757,6199905.693147545,1696166144.0,paragliders,20353266
485864.7135857933,6195728.367853556,1696082560.0,paragliders,20353281
486048.7857610127,6198216.764625033,1696086272.0,paragliders,20353359
486164.7724473717,6196897.306325225,1696162688.0,paragliders,20353489
486490.7580705775,6196928.367068587,1696162944.0,paragliders,20353515
486185.58784446586,6196037.808363108,1696163200.0,paragliders,20353515
486457.8354103559,6197542.429335483,1696162304.0,paragliders,20353634
486031.4842698116,6196176.9642970925,1696937856.0,paragliders,20353955
489029.0292765902,6199938.505335889,1697121152.0,paragliders,20354086
486101.598858317,6195193.840173348,1692532864.0,paragliders,20354240
485954.35158928274,6196551.989321206,1706963072.0,paragliders,20355273
485953.37956404826,6196581.838130355,1706963072.0,paragliders,20355273
485983.72543455154,6196754.046645332,1706963072.0,paragliders,20355273
485955.25903931283,6196738.728736239,1706963200.0,paragliders,20355273
485996.0041409809,6196733.090031342,1706963200.0,paragliders,20355273
486005.60295735276,6196749.045370083,1706963200.0,paragliders,20355273
485963.3725178835,6196780.448446552,1706963200.0,paragliders,20355273
485968.6689130079,6196786.388090445,1706963200.0,paragliders,20355273
485925.0162480126,6196796.479499152,1706963200.0,paragliders,20355273
485906.8918124443,6196777.123520124,1706963200.0,paragliders,20355273
485977.3060266878,6196842.400024166,1706963456.0,paragliders,20355273
485874.7894380231,6196796.036536889,1706963456.0,paragliders,20355273
485933.15312786546,6196775.857450702,1706963456.0,paragliders,20355273
485955.23007659055,6196792.725472577,1706963456.0,paragliders,20355273
485950.5761467118,6196832.746320601,1706963456.0,paragliders,20355273
485877.6228511174,6196855.559194187,1706963456.0,paragliders,20355273
485961.84390884294,6196810.535644241,1706963456.0,paragliders,20355273
485979.2285762427,6196823.355679531,1706963456.0,paragliders,20355273
486559.5189473136,6197891.426518946,1706963840.0,paragliders,20355273
486518.66401729773,6197883.72249961,1706963456.0,paragliders,20355274
485061.54914865823,6196777.455571062,1713011328.0,paragliders,20357031
486092.75958565745,6196961.951444662,1713092864.0,paragliders,20357351
486257.37007365684,6196940.372152667,1713092736.0,paragliders,20357412
486247.7938912367,6196771.904822123,1713092608.0,paragliders,20357567
486205.0775645858,6196647.57668103,1713093120.0,paragliders,20357605
486051.23197065934,6196913.241572525,1713092864.0,paragliders,20357781
486036.97025527956,6196956.827353,1713092992.0,paragliders,20357885
485925.05439947185,6196907.243571198,1713092864.0,paragliders,20357923
485905.2808211644,6196944.065127187,1713092864.0,paragliders,20357923
485935.37725627265,6196988.842265562,1713092864.0,paragliders,20357923
486797.41020951915,6195160.919618646,1715436800.0,paragliders,20359202
486793.9290321797,6195136.3359072525,1715436800.0,paragliders,20359202
488148.733381467,6195620.358012087,1715429376.0,paragliders,20359400
485955.2040914672,6195039.759058818,1716896896.0,paragliders,20361244
486126.8419018987,6196375.034629632,1720608256.0,paragliders,20363605
489526.3471008807,6199710.420833306,1722267776.0,paragliders,20365137
486084.06914469996,6195616.054103817,1696688768.0,paragliders,20368117
486076.9951824503,6195600.501645088,1696688768.0,paragliders,20368117
485918.5179714464,6195642.615199947,1726313472.0,paragliders,20368529
486140.1718668385,6195055.221176653,1726400896.0,paragliders,20368539
486467.00830072234,6197141.402907765,1726401664.0,paragliders,20368539
486036.31965096435,6195560.344951055,1726401920.0,paragliders,20368539
489456.475916749,6197341.974624792,1729432576.0,paragliders,20369437
489839.7864324005,6198596.025620529,1729432832.0,paragliders,20369437
486393.545768333,6198950.915899962,1729433984.0,paragliders,20369437
485791.3487959292,6195661.5155020105,1739625472.0,paragliders,20371538
485801.14763086295,6195666.5151452385,1739625472.0,paragliders,20371538
485795.9729084248,6195602.471929507,1739625472.0,paragliders,20371538
485304.0959987142,6197092.4504716,1744026624.0,paragliders,20373520
485934.00359615305,6196498.672330311,1744026752.0,paragliders,20373520
485960.4961805329,6196507.230861867,1744026752.0,paragliders,20373520
485958.6245687314,6196508.283120586,1744026752.0,paragliders,20373520
486003.2728933969,6196477.348554851,1744116736.0,paragliders,20373668
485195.3644534088,6198969.003306609,1744112640.0,paragliders,20373702
486021.897348168,6196476.745517273,1747480192.0,paragliders,20377816
486178.30117961403,6196893.759122325,1747824512.0,paragliders,20377989
485935.8675063665,6196124.742016193,1748429312.0,paragliders,20378324
485905.6725590035,6195178.262584832,1754649728.0,paragliders,20384222
486092.4730943998,6196074.092733931,1754649984.0,paragliders,20384222
486010.3799425599,6195695.125598877,1754907008.0,paragliders,20384618
489535.1073928817,6196907.659611556,1754920320.0,paragliders,20384702
489543.5001247516,6196899.796564131,1754920398.6044335,paragliders,20384702
489560.1072390205,6196864.347260237,1754920448.0,paragliders,20384702
486403.67638421373,6197265.45646684,1755948416.0,paragliders,20385933
486063.2571420393,6195927.2282713195,1757071872.0,paragliders,20386405
486029.28862113913,6195846.028247965,1760008576.0,paragliders,20387212
486609.96398477885,6197817.929811018,1759658496.0,paragliders,20387213
486002.02483471483,6195813.953126287,1759658880.0,paragliders,20387213
485951.5752715468,6195976.684287966,1760181248.0,paragliders,20387263
485980.3148838315,6195980.178816161,1760181248.0,paragliders,20387263
485932.4821224762,6195973.167480476,1760181248.0,paragliders,20387263
485952.2926941996,6196006.270871862,1760181248.0,paragliders,20387263
485937.0623097574,6195992.892197718,1760181248.0,paragliders,20387263
485921.3105618488,6196014.762353013,1760181248.0,paragliders,20387263
485920.2219393808,6196002.669124766,1760181248.0,paragliders,20387263
485747.0953764181,6195943.079713965,1760181248.0,paragliders,20387263
486036.21666746313,6196109.543339353,1760181376.0,paragliders,20387263
486022.4812629072,6196150.807767489,1760181376.0,paragliders,20387263
486014.323479178,6196113.291336384,1760181376.0,paragliders,20387263
486464.3151031783,6196991.216983314,1760788096.0,paragliders,20387659
486037.64528637816,6195858.842094848,1760789120.0,paragliders,20387659
488689.9246110025,6195566.198812953,1775310976.0,paragliders,20391009
489961.0595548009,6195460.099847781,1775393024.0,paragliders,20391151
488630.706765054,6199772.748109275,1775401088.0,paragliders,20391154
488612.66145676456,6199766.194150775,1775401088.0,paragliders,20391154
488604.4479153618,6199763.690190918,1775401088.0,paragliders,20391154
486346.1015552484,6198522.514482841,1775742080.0,paragliders,20391958
489892.27444499044,6195306.355474317,1778153216.0,paragliders,20395060
488536.1159296425,6195303.167732712,1779458688.0,paragliders,20395634
489078.8775320977,6199250.123020546,1779718016.0,paragliders,20396258
489313.850610107,6199726.347721889,1779456768.0,paragliders,20397487
