ix,iy,flights
955,6278,1
956,6278,1
956,6279,1
942,6290,1
943,6290,1
957,6290,1
955,6291,1
956,6291,1
957,6291,1
1007,6291,1
1008,6291,1
1011,6291,1
956,6292,1
1005,6294,1
1013,6294,1
945,6295,1
946,6295,1
951,6295,1
952,6295,1
953,6295,1
954,6295,1
955,6295,1
1004,6295,1
1005,6295,1
1013,6295,2
1014,6295,1
1019,6295,1
1020,6295,1
945,6296,1
946,6296,1
947,6296,1
1011,6296,1
1019,6296,1
1020,6296,1
944,6297,1
945,6297,2
951,6297,1
952,6297,1
990,6297,1
1011,6297,1
1017,6297,1
1020,6297,1
1022,6297,1
944,6298,1
945,6298,1
949,6298,1
951,6298,2
952,6298,3
953,6298,2
954,6298,2
955,6298,2
985,6298,1
986,6298,1
990,6298,1
991,6298,1
1011,6298,1
1023,6298,2
1024,6298,1
938,6299,1
939,6299,1
946,6299,1
947,6299,1
951,6299,1
952,6299,2
953,6299,2
954,6299,2
955,6299,1
987,6299,1
999,6299,1
1005,6299,1
1006,6299,1
1008,6299,1
1011,6299,1
1017,6299,2
1018,6299,1
1020,6299,3
1023,6299,1
1024,6299,3
1025,6299,1
1026,6299,1
939,6300,1
943,6300,1
947,6300,1
948,6300,1
949,6300,1
952,6300,2
953,6300,1
957,6300,1
962,6300,9
963,6300,12
968,6300,1
970,6300,1
971,6300,1
979,6300,1
991,6300,1
993,6300,1
994,6300,1
995,6300,1
1000,6300,1
1004,6300,1
1005,6300,1
1012,6300,1
1018,6300,2
1019,6300,2
1020,6300,3
1024,6300,1
1025,6300,3
1026,6300,2
1027,6300,1
1028,6300,1
947,6301,1
948,6301,2
949,6301,2
952,6301,3
953,6301,2
954,6301,2
961,6301,1
962,6301,19
963,6301,11
964,6301,1
968,6301,1
969,6301,1
970,6301,1
971,6301,1
999,6301,1
1000,6301,3
1001,6301,1
1004,6301,2
1005,6301,1
1023,6301,2
1027,6301,2
1028,6301,3
1029,6301,4
1030,6301,3
1031,6301,2
947,6302,1
948,6302,1
951,6302,1
952,6302,2
953,6302,1
954,6302,4
955,6302,3
960,6302,2
961,6302,13
962,6302,8
963,6302,1
964,6302,1
978,6302,1
979,6302,1
980,6302,1
1012,6302,4
1013,6302,3
1023,6302,2
1032,6302,2
947,6303,1
948,6303,1
952,6303,4
953,6303,3
954,6303,5
955,6303,5
956,6303,1
959,6303,1
960,6303,1
961,6303,5
962,6303,8
963,6303,2
964,6303,2
965,6303,1
966,6303,1
972,6303,1
978,6303,1
979,6303,1
980,6303,1
981,6303,1
990,6303,1
991,6303,1
992,6303,2
993,6303,1
994,6303,1
995,6303,2
1012,6303,1
1013,6303,2
1022,6303,1
1026,6303,1
1033,6303,3
1034,6303,2
897,6304,1
898,6304,3
899,6304,1
901,6304,1
902,6304,1
905,6304,1
946,6304,1
952,6304,1
953,6304,2
954,6304,3
955,6304,4
960,6304,1
961,6304,15
962,6304,11
963,6304,3
972,6304,1
978,6304,1
979,6304,1
980,6304,1
984,6304,1
985,6304,1
986,6304,1
987,6304,1
988,6304,2
990,6304,1
991,6304,1
992,6304,1
994,6304,1
995,6304,1
996,6304,3
997,6304,3
998,6304,4
999,6304,2
1002,6304,1
1003,6304,1
1007,6304,2
1021,6304,1
1022,6304,1
897,6305,2
898,6305,1
899,6305,1
900,6305,4
901,6305,4
902,6305,5
903,6305,3
904,6305,3
905,6305,1
947,6305,1
948,6305,1
951,6305,1
952,6305,2
953,6305,2
954,6305,2
955,6305,5
956,6305,4
957,6305,2
958,6305,2
959,6305,1
960,6305,1
961,6305,13
962,6305,7
963,6305,1
967,6305,1
968,6305,1
970,6305,1
972,6305,1
973,6305,2
974,6305,3
975,6305,3
979,6305,2
980,6305,1
981,6305,2
983,6305,1
985,6305,1
986,6305,1
988,6305,2
989,6305,1
990,6305,1
991,6305,2
997,6305,2
998,6305,1
999,6305,4
1001,6305,1
1002,6305,1
1003,6305,3
1004,6305,5
1005,6305,5
1006,6305,2
1007,6305,1
1015,6305,1
1017,6305,2
1021,6305,1
1024,6305,1
1055,6305,1
1056,6305,1
1057,6305,1
897,6306,1
899,6306,1
900,6306,2
902,6306,1
903,6306,1
947,6306,1
948,6306,1
949,6306,1
951,6306,2
952,6306,1
953,6306,1
955,6306,2
956,6306,4
957,6306,4
958,6306,4
959,6306,1
961,6306,11
962,6306,15
963,6306,3
967,6306,1
968,6306,3
969,6306,6
970,6306,6
971,6306,7
972,6306,23
973,6306,49
974,6306,67
975,6306,47
976,6306,12
977,6306,12
978,6306,7
979,6306,6
980,6306,3
982,6306,3
983,6306,2
986,6306,1
987,6306,2
989,6306,1
990,6306,2
991,6306,2
992,6306,4
993,6306,3
995,6306,1
996,6306,2
997,6306,5
998,6306,5
999,6306,4
1000,6306,2
1004,6306,1
1007,6306,1
1008,6306,3
1009,6306,3
1015,6306,1
1016,6306,1
1017,6306,2
1018,6306,1
1019,6306,2
1020,6306,1
1057,6306,1
897,6307,1
898,6307,1
899,6307,1
949,6307,1
950,6307,2
955,6307,2
956,6307,4
957,6307,5
958,6307,4
959,6307,3
960,6307,9
961,6307,26
962,6307,29
963,6307,4
966,6307,8
967,6307,27
968,6307,18
969,6307,11
970,6307,30
971,6307,109
972,6307,69
973,6307,73
974,6307,139
975,6307,155
976,6307,29
977,6307,33
978,6307,64
979,6307,149
980,6307,90
981,6307,18
982,6307,13
983,6307,9
984,6307,9
985,6307,3
986,6307,2
987,6307,5
988,6307,2
989,6307,2
990,6307,5
991,6307,5
992,6307,4
993,6307,6
994,6307,2
995,6307,4
996,6307,6
997,6307,15
998,6307,17
999,6307,52
1000,6307,86
1001,6307,132
1002,6307,202
1003,6307,153
1004,6307,37
1005,6307,12
1006,6307,19
1007,6307,14
1008,6307,8
1011,6307,2
1012,6307,2
1013,6307,2
1014,6307,1
1015,6307,2
1017,6307,6
1018,6307,8
1019,6307,9
1020,6307,1
1023,6307,1
1025,6307,1
1034,6307,1
1035,6307,2
1036,6307,1
1058,6307,1
898,6308,1
903,6308,1
904,6308,1
920,6308,1
943,6308,1
944,6308,1
945,6308,1
946,6308,1
949,6308,1
950,6308,2
951,6308,1
954,6308,2
955,6308,2
956,6308,2
957,6308,8
958,6308,6
959,6308,7
960,6308,16
961,6308,12
962,6308,13
963,6308,4
964,6308,5
965,6308,35
966,6308,66
967,6308,50
968,6308,18
969,6308,52
970,6308,157
971,6308,199
972,6308,88
973,6308,23
974,6308,28
975,6308,17
976,6308,6
977,6308,1
978,6308,3
979,6308,62
980,6308,105
981,6308,57
982,6308,36
983,6308,83
984,6308,245
985,6308,176
986,6308,27
987,6308,12
988,6308,7
989,6308,7
990,6308,5
993,6308,4
994,6308,7
995,6308,11
996,6308,7
997,6308,35
998,6308,77
999,6308,94
1000,6308,121
1001,6308,143
1002,6308,283
1003,6308,504
1004,6308,629
1005,6308,515
1006,6308,566
1007,6308,316
1008,6308,50
1009,6308,7
1010,6308,2
1012,6308,1
1013,6308,2
1014,6308,2
1017,6308,19
1018,6308,22
1019,6308,22
1020,6308,8
1021,6308,3
1022,6308,2
1023,6308,4
1024,6308,15
1025,6308,11
1026,6308,7
1027,6308,1
1035,6308,1
898,6309,2
900,6309,1
944,6309,1
945,6309,2
946,6309,2
948,6309,1
949,6309,2
950,6309,2
951,6309,2
952,6309,1
953,6309,2
954,6309,1
955,6309,3
956,6309,2
957,6309,1
958,6309,4
959,6309,19
960,6309,10
961,6309,5
962,6309,9
963,6309,32
964,6309,48
965,6309,72
966,6309,33
967,6309,17
968,6309,72
969,6309,122
970,6309,110
971,6309,56
972,6309,91
973,6309,46
974,6309,7
975,6309,1
976,6309,2
978,6309,1
979,6309,3
980,6309,27
981,6309,23
982,6309,23
983,6309,97
984,6309,187
985,6309,76
986,6309,35
987,6309,22
988,6309,19
989,6309,21
990,6309,12
991,6309,15
992,6309,20
993,6309,37
994,6309,96
995,6309,144
996,6309,294
997,6309,361
998,6309,238
999,6309,70
1000,6309,35
1001,6309,32
1002,6309,38
1003,6309,46
1004,6309,84
1005,6309,174
1006,6309,605
1007,6309,686
1008,6309,644
1009,6309,500
1010,6309,270
1011,6309,17
1012,6309,4
1013,6309,1
1014,6309,2
1017,6309,6
1018,6309,24
1019,6309,43
1020,6309,38
1021,6309,28
1022,6309,27
1023,6309,15
1024,6309,5
1041,6309,1
899,6310,2
900,6310,2
903,6310,1
937,6310,1
943,6310,1
944,6310,3
945,6310,1
946,6310,2
947,6310,2
949,6310,3
950,6310,2
951,6310,1
952,6310,1
953,6310,3
954,6310,2
955,6310,1
956,6310,1
957,6310,3
958,6310,13
959,6310,24
960,6310,10
961,6310,7
962,6310,81
963,6310,130
964,6310,73
965,6310,12
966,6310,5
967,6310,21
968,6310,84
969,6310,92
970,6310,17
971,6310,10
972,6310,56
973,6310,115
974,6310,25
975,6310,2
976,6310,3
977,6310,1
978,6310,14
979,6310,13
980,6310,10
981,6310,9
982,6310,5
983,6310,7
984,6310,1
985,6310,8
986,6310,12
987,6310,58
988,6310,169
989,6310,274
990,6310,225
991,6310,205
992,6310,250
993,6310,326
994,6310,485
995,6310,421
996,6310,262
997,6310,173
998,6310,272
999,6310,240
1000,6310,97
1001,6310,33
1002,6310,15
1003,6310,8
1004,6310,20
1005,6310,37
1006,6310,15
1007,6310,8
1008,6310,15
1009,6310,48
1010,6310,188
1011,6310,230
1012,6310,358
1013,6310,98
1014,6310,7
1015,6310,4
1016,6310,6
1017,6310,5
1018,6310,5
1019,6310,7
1020,6310,15
1041,6310,1
1059,6310,1
899,6311,2
935,6311,1
942,6311,1
943,6311,2
944,6311,2
945,6311,2
946,6311,3
947,6311,2
948,6311,1
949,6311,1
950,6311,3
951,6311,5
952,6311,3
953,6311,3
954,6311,4
955,6311,3
956,6311,2
957,6311,6
958,6311,17
959,6311,19
960,6311,20
961,6311,27
962,6311,109
963,6311,108
964,6311,29
965,6311,6
966,6311,15
967,6311,42
968,6311,81
969,6311,23
970,6311,1
971,6311,2
972,6311,6
973,6311,77
974,6311,84
975,6311,70
976,6311,54
977,6311,73
978,6311,48
979,6311,8
980,6311,2
981,6311,2
982,6311,5
984,6311,7
985,6311,8
986,6311,11
987,6311,10
988,6311,77
989,6311,422
990,6311,373
991,6311,94
992,6311,47
993,6311,44
994,6311,41
995,6311,28
996,6311,49
997,6311,40
998,6311,17
999,6311,38
1000,6311,17
1001,6311,13
1002,6311,15
1003,6311,14
1004,6311,31
1005,6311,102
1006,6311,29
1007,6311,2
1009,6311,1
1010,6311,1
1011,6311,1
1012,6311,22
1013,6311,62
1014,6311,79
1015,6311,36
1016,6311,9
1017,6311,3
1018,6311,1
903,6312,1
936,6312,1
941,6312,2
942,6312,1
943,6312,1
945,6312,2
946,6312,1
948,6312,1
950,6312,3
951,6312,4
952,6312,6
953,6312,4
954,6312,2
955,6312,3
956,6312,5
957,6312,7
958,6312,13
959,6312,14
960,6312,21
961,6312,28
962,6312,99
963,6312,132
964,6312,10
965,6312,8
966,6312,63
967,6312,37
968,6312,22
969,6312,4
970,6312,1
971,6312,1
972,6312,1
973,6312,3
974,6312,28
975,6312,23
976,6312,7
977,6312,14
978,6312,7
979,6312,2
980,6312,5
981,6312,5
982,6312,4
983,6312,6
984,6312,15
985,6312,8
986,6312,11
987,6312,6
988,6312,18
989,6312,115
990,6312,51
991,6312,11
992,6312,6
993,6312,6
994,6312,8
995,6312,31
996,6312,69
997,6312,81
998,6312,58
999,6312,49
1000,6312,92
1001,6312,127
1002,6312,75
1003,6312,37
1004,6312,53
1005,6312,41
1006,6312,14
1007,6312,3
1013,6312,1
1014,6312,3
899,6313,1
900,6313,1
905,6313,1
936,6313,1
937,6313,1
940,6313,2
941,6313,2
942,6313,2
944,6313,3
945,6313,2
946,6313,2
947,6313,2
948,6313,2
949,6313,3
950,6313,3
951,6313,5
952,6313,6
953,6313,2
954,6313,3
955,6313,9
956,6313,10
957,6313,14
958,6313,14
959,6313,28
960,6313,25
961,6313,56
962,6313,182
963,6313,126
964,6313,8
965,6313,21
966,6313,58
967,6313,6
968,6313,6
969,6313,3
971,6313,1
972,6313,1
973,6313,5
974,6313,13
975,6313,13
976,6313,2
977,6313,3
978,6313,4
979,6313,5
980,6313,5
981,6313,7
982,6313,12
983,6313,19
984,6313,12
985,6313,1
986,6313,3
987,6313,3
988,6313,18
989,6313,48
990,6313,30
991,6313,19
992,6313,30
993,6313,62
994,6313,57
995,6313,15
996,6313,1
998,6313,4
999,6313,7
1000,6313,14
1001,6313,29
1002,6313,14
1003,6313,5
1004,6313,3
1006,6313,1
1007,6313,1
1008,6313,1
1009,6313,2
1010,6313,2
1011,6313,1
1014,6313,1
899,6314,1
900,6314,3
903,6314,1
905,6314,1
909,6314,1
943,6314,1
944,6314,1
947,6314,1
948,6314,3
949,6314,5
950,6314,3
951,6314,6
952,6314,3
953,6314,6
954,6314,10
955,6314,10
956,6314,19
957,6314,29
958,6314,23
959,6314,27
960,6314,49
961,6314,88
962,6314,168
963,6314,27
964,6314,7
965,6314,36
966,6314,28
967,6314,6
968,6314,6
969,6314,3
970,6314,4
971,6314,6
972,6314,4
973,6314,6
974,6314,3
975,6314,12
976,6314,4
977,6314,9
978,6314,14
979,6314,5
980,6314,5
981,6314,12
982,6314,14
983,6314,9
984,6314,8
985,6314,2
986,6314,5
987,6314,15
988,6314,22
989,6314,25
990,6314,39
991,6314,90
992,6314,122
993,6314,85
994,6314,30
995,6314,13
996,6314,8
997,6314,3
998,6314,1
999,6314,7
1000,6314,8
1001,6314,4
1002,6314,1
1005,6314,2
1006,6314,3
1010,6314,1
1011,6314,2
1012,6314,1
1013,6314,1
1055,6314,1
1060,6314,1
1079,6314,1
898,6315,1
899,6315,2
900,6315,3
903,6315,1
905,6315,1
930,6315,1
931,6315,1
932,6315,1
933,6315,1
934,6315,2
940,6315,1
941,6315,1
943,6315,1
944,6315,1
946,6315,1
947,6315,3
948,6315,3
949,6315,2
951,6315,2
952,6315,6
953,6315,9
954,6315,12
955,6315,13
956,6315,20
957,6315,34
958,6315,34
959,6315,30
960,6315,87
961,6315,183
962,6315,129
963,6315,11
964,6315,10
965,6315,44
966,6315,26
967,6315,4
968,6315,5
969,6315,4
970,6315,8
971,6315,8
972,6315,7
973,6315,3
974,6315,4
975,6315,13
976,6315,13
977,6315,28
978,6315,30
979,6315,16
980,6315,18
981,6315,17
982,6315,2
983,6315,1
984,6315,5
985,6315,7
986,6315,21
987,6315,162
988,6315,161
989,6315,147
990,6315,181
991,6315,167
992,6315,91
993,6315,34
994,6315,14
995,6315,5
996,6315,8
997,6315,8
998,6315,34
999,6315,63
1000,6315,44
1001,6315,19
1002,6315,4
1003,6315,2
1004,6315,1
1005,6315,1
1006,6315,2
1008,6315,1
1055,6315,1
1059,6315,1
1061,6315,1
1062,6315,1
1078,6315,2
1079,6315,2
903,6316,1
930,6316,1
931,6316,1
932,6316,1
935,6316,1
936,6316,1
937,6316,1
938,6316,1
939,6316,2
940,6316,1
941,6316,1
947,6316,2
948,6316,4
949,6316,1
951,6316,1
952,6316,4
953,6316,3
954,6316,5
955,6316,14
956,6316,22
957,6316,50
958,6316,55
959,6316,91
960,6316,91
961,6316,128
962,6316,20
963,6316,8
964,6316,14
965,6316,16
966,6316,9
967,6316,3
968,6316,1
969,6316,8
970,6316,15
971,6316,12
972,6316,3
973,6316,2
974,6316,2
975,6316,10
976,6316,9
977,6316,24
978,6316,44
979,6316,30
980,6316,22
981,6316,15
982,6316,9
983,6316,8
984,6316,19
985,6316,62
986,6316,241
987,6316,239
988,6316,67
989,6316,32
990,6316,90
991,6316,79
992,6316,38
993,6316,34
994,6316,12
995,6316,18
996,6316,11
997,6316,31
998,6316,34
999,6316,23
1000,6316,7
1001,6316,2
1002,6316,3
1003,6316,3
1004,6316,3
1005,6316,1
1042,6316,1
1043,6316,3
1044,6316,1
1046,6316,1
1047,6316,2
1054,6316,1
1059,6316,1
1061,6316,1
1070,6316,1
1078,6316,3
1079,6316,2
898,6317,1
899,6317,2
933,6317,1
936,6317,1
937,6317,2
938,6317,2
939,6317,1
940,6317,1
943,6317,1
944,6317,1
945,6317,1
946,6317,1
949,6317,1
951,6317,1
952,6317,2
953,6317,2
954,6317,3
955,6317,6
956,6317,6
957,6317,70
958,6317,72
959,6317,79
960,6317,67
961,6317,43
962,6317,6
963,6317,5
964,6317,11
965,6317,7
966,6317,7
967,6317,5
968,6317,4
969,6317,3
970,6317,13
971,6317,6
972,6317,5
973,6317,5
974,6317,5
975,6317,9
976,6317,10
977,6317,35
978,6317,123
979,6317,127
980,6317,85
981,6317,34
982,6317,11
983,6317,7
984,6317,7
985,6317,36
986,6317,105
987,6317,31
988,6317,14
989,6317,15
990,6317,61
991,6317,158
992,6317,51
993,6317,12
994,6317,12
995,6317,15
996,6317,8
997,6317,8
998,6317,3
999,6317,3
1000,6317,13
1001,6317,4
1002,6317,2
1004,6317,1
1010,6317,1
1043,6317,1
1054,6317,2
1058,6317,1
1059,6317,1
1070,6317,1
1078,6317,3
893,6318,1
897,6318,3
898,6318,4
899,6318,4
900,6318,1
901,6318,3
904,6318,1
906,6318,1
933,6318,2
934,6318,2
941,6318,1
942,6318,1
953,6318,1
954,6318,2
955,6318,5
956,6318,8
957,6318,70
958,6318,77
959,6318,50
960,6318,21
961,6318,24
962,6318,7
963,6318,3
964,6318,2
965,6318,5
966,6318,8
967,6318,6
968,6318,5
969,6318,2
970,6318,4
971,6318,2
972,6318,1
973,6318,3
974,6318,2
975,6318,6
976,6318,20
977,6318,92
978,6318,126
979,6318,45
980,6318,25
981,6318,24
982,6318,14
983,6318,6
984,6318,2
985,6318,14
986,6318,12
987,6318,9
988,6318,22
989,6318,22
990,6318,79
991,6318,53
992,6318,18
993,6318,25
994,6318,16
995,6318,9
996,6318,5
997,6318,5
998,6318,4
999,6318,15
1000,6318,13
1001,6318,3
1002,6318,1
1014,6318,1
1015,6318,1
1033,6318,1
1034,6318,2
1035,6318,1
1051,6318,2
1052,6318,2
1053,6318,1
1057,6318,1
1058,6318,1
893,6319,1
894,6319,1
895,6319,1
896,6319,1
897,6319,2
898,6319,6
899,6319,7
900,6319,2
901,6319,3
902,6319,3
903,6319,1
904,6319,1
905,6319,1
934,6319,2
935,6319,1
942,6319,2
943,6319,1
954,6319,2
955,6319,3
956,6319,9
957,6319,30
958,6319,52
959,6319,54
960,6319,20
961,6319,9
962,6319,5
963,6319,23
964,6319,15
965,6319,13
966,6319,25
967,6319,13
968,6319,10
969,6319,6
970,6319,3
971,6319,3
973,6319,2
974,6319,5
975,6319,7
976,6319,25
977,6319,158
978,6319,62
979,6319,11
980,6319,12
981,6319,9
982,6319,6
983,6319,7
984,6319,32
985,6319,29
986,6319,14
987,6319,17
988,6319,53
989,6319,69
990,6319,46
991,6319,11
992,6319,10
993,6319,13
994,6319,6
995,6319,9
996,6319,6
997,6319,6
998,6319,14
999,6319,9
1000,6319,1
1001,6319,1
1004,6319,3
1005,6319,3
1006,6319,2
1031,6319,1
1032,6319,1
1033,6319,3
1034,6319,1
1057,6319,2
892,6320,1
897,6320,4
898,6320,4
899,6320,1
900,6320,1
901,6320,2
902,6320,3
903,6320,1
934,6320,1
935,6320,2
936,6320,1
937,6320,1
944,6320,1
947,6320,1
952,6320,1
954,6320,1
956,6320,7
957,6320,17
958,6320,46
959,6320,50
960,6320,22
961,6320,5
962,6320,13
963,6320,21
964,6320,7
965,6320,17
966,6320,19
967,6320,7
968,6320,7
969,6320,10
970,6320,11
971,6320,6
972,6320,4
973,6320,9
974,6320,20
975,6320,19
976,6320,114
977,6320,139
978,6320,18
979,6320,11
980,6320,14
981,6320,17
982,6320,13
983,6320,13
984,6320,25
985,6320,18
986,6320,8
987,6320,31
988,6320,609
989,6320,505
990,6320,16
991,6320,5
992,6320,5
993,6320,2
994,6320,3
995,6320,7
996,6320,7
997,6320,8
998,6320,18
999,6320,7
1000,6320,2
1005,6320,1
1006,6320,2
1007,6320,3
1011,6320,1
1026,6320,2
1028,6320,2
1029,6320,3
1031,6320,2
1057,6320,1
1070,6320,2
1071,6320,4
895,6321,1
897,6321,3
898,6321,2
901,6321,2
902,6321,2
903,6321,3
912,6321,1
913,6321,1
922,6321,1
925,6321,1
937,6321,1
938,6321,2
939,6321,2
940,6321,1
942,6321,1
944,6321,1
947,6321,1
948,6321,1
949,6321,1
950,6321,2
951,6321,1
952,6321,2
955,6321,1
956,6321,6
957,6321,10
958,6321,11
959,6321,18
960,6321,23
961,6321,3
962,6321,3
963,6321,18
964,6321,9
965,6321,5
966,6321,3
967,6321,10
968,6321,4
969,6321,3
970,6321,2
971,6321,4
972,6321,21
973,6321,44
974,6321,26
975,6321,23
976,6321,64
977,6321,42
978,6321,7
979,6321,8
980,6321,16
981,6321,27
982,6321,20
983,6321,19
984,6321,17
985,6321,17
986,6321,22
987,6321,158
988,6321,940
989,6321,320
990,6321,19
991,6321,2
992,6321,4
994,6321,2
995,6321,7
996,6321,11
997,6321,7
998,6321,4
999,6321,5
1000,6321,4
1001,6321,3
1004,6321,1
1005,6321,2
1006,6321,1
1008,6321,4
1009,6321,5
1010,6321,3
1011,6321,4
1012,6321,5
1020,6321,1
1025,6321,1
1026,6321,3
1028,6321,1
1048,6321,1
1049,6321,1
1066,6321,1
1069,6321,1
1070,6321,1
1071,6321,2
895,6322,1
896,6322,1
898,6322,1
901,6322,1
902,6322,2
903,6322,2
905,6322,1
906,6322,1
912,6322,1
913,6322,1
919,6322,1
925,6322,1
926,6322,1
928,6322,1
929,6322,1
935,6322,2
938,6322,1
939,6322,2
940,6322,1
944,6322,1
948,6322,1
949,6322,2
951,6322,1
952,6322,1
953,6322,1
954,6322,3
955,6322,2
956,6322,6
957,6322,11
958,6322,11
959,6322,19
960,6322,26
961,6322,8
962,6322,6
963,6322,27
964,6322,21
965,6322,12
966,6322,6
967,6322,8
968,6322,5
971,6322,4
972,6322,9
973,6322,10
974,6322,11
975,6322,17
976,6322,50
977,6322,46
978,6322,12
979,6322,9
980,6322,44
981,6322,33
982,6322,30
983,6322,31
984,6322,28
985,6322,41
986,6322,145
987,6322,453
988,6322,163
989,6322,42
990,6322,14
991,6322,9
992,6322,36
993,6322,9
994,6322,5
995,6322,1
997,6322,1
998,6322,1
1001,6322,1
1002,6322,2
1003,6322,1
1006,6322,1
1008,6322,1
1009,6322,4
1010,6322,3
1011,6322,2
1012,6322,4
1013,6322,4
1014,6322,2
1015,6322,2
1016,6322,1
1017,6322,1
1018,6322,3
1019,6322,3
1020,6322,3
1021,6322,1
1022,6322,1
1023,6322,1
1056,6322,1
1058,6322,2
1065,6322,1
1066,6322,1
1068,6322,2
1069,6322,1
1070,6322,1
1071,6322,1
882,6323,1
884,6323,1
895,6323,1
896,6323,1
897,6323,1
898,6323,1
904,6323,2
905,6323,3
906,6323,3
907,6323,1
908,6323,2
918,6323,1
919,6323,1
920,6323,1
928,6323,1
929,6323,1
935,6323,2
936,6323,2
939,6323,3
948,6323,1
949,6323,2
952,6323,4
953,6323,3
954,6323,2
955,6323,1
956,6323,1
957,6323,5
958,6323,12
959,6323,61
960,6323,167
961,6323,56
962,6323,16
963,6323,13
964,6323,13
965,6323,16
966,6323,7
967,6323,6
968,6323,9
969,6323,5
970,6323,4
971,6323,12
972,6323,11
973,6323,16
974,6323,12
975,6323,15
976,6323,22
977,6323,23
978,6323,20
979,6323,21
980,6323,55
981,6323,108
982,6323,80
983,6323,55
984,6323,63
985,6323,202
986,6323,555
987,6323,169
988,6323,12
989,6323,12
990,6323,7
991,6323,33
992,6323,21
993,6323,3
994,6323,2
995,6323,1
996,6323,1
997,6323,2
998,6323,4
999,6323,3
1000,6323,1
1002,6323,1
1004,6323,1
1009,6323,1
1011,6323,1
1012,6323,2
1014,6323,1
1017,6323,1
1018,6323,3
1019,6323,5
1020,6323,1
1051,6323,1
1052,6323,1
1055,6323,2
1056,6323,2
1057,6323,4
1058,6323,1
1065,6323,2
1066,6323,1
1070,6323,1
882,6324,1
884,6324,1
885,6324,1
897,6324,1
900,6324,1
901,6324,1
902,6324,1
907,6324,2
908,6324,1
909,6324,1
912,6324,1
913,6324,1
918,6324,1
920,6324,1
921,6324,1
922,6324,1
923,6324,1
924,6324,1
925,6324,1
931,6324,1
932,6324,1
938,6324,1
940,6324,2
941,6324,1
942,6324,1
943,6324,1
946,6324,1
947,6324,1
949,6324,1
950,6324,1
951,6324,2
952,6324,5
953,6324,4
954,6324,1
956,6324,2
957,6324,2
958,6324,3
959,6324,48
960,6324,246
961,6324,83
962,6324,34
963,6324,12
964,6324,6
965,6324,15
966,6324,17
967,6324,19
968,6324,17
969,6324,18
970,6324,21
971,6324,19
972,6324,29
973,6324,61
974,6324,39
975,6324,33
976,6324,32
977,6324,25
978,6324,34
979,6324,151
980,6324,139
981,6324,174
982,6324,145
983,6324,136
984,6324,370
985,6324,924
986,6324,217
987,6324,11
988,6324,9
989,6324,11
990,6324,6
991,6324,29
992,6324,3
995,6324,1
1003,6324,1
1004,6324,1
1005,6324,1
1009,6324,1
1010,6324,1
1011,6324,1
1055,6324,1
1057,6324,3
1058,6324,1
1065,6324,2
1066,6324,2
1068,6324,2
1069,6324,2
1070,6324,1
885,6325,1
890,6325,1
892,6325,1
895,6325,1
898,6325,1
900,6325,1
902,6325,1
903,6325,2
904,6325,2
905,6325,1
907,6325,1
916,6325,1
918,6325,1
919,6325,1
921,6325,1
922,6325,3
923,6325,1
924,6325,1
925,6325,1
926,6325,1
927,6325,1
928,6325,2
932,6325,1
937,6325,1
938,6325,2
939,6325,1
941,6325,2
942,6325,2
943,6325,1
946,6325,1
950,6325,3
951,6325,4
952,6325,3
953,6325,1
954,6325,2
955,6325,2
956,6325,1
957,6325,1
958,6325,1
959,6325,47
960,6325,115
961,6325,43
962,6325,35
963,6325,14
964,6325,10
965,6325,13
966,6325,17
967,6325,39
968,6325,47
969,6325,42
970,6325,83
971,6325,52
972,6325,70
973,6325,162
974,6325,131
975,6325,98
976,6325,73
977,6325,45
978,6325,408
979,6325,2561
980,6325,1259
981,6325,53
982,6325,57
983,6325,97
984,6325,430
985,6325,493
986,6325,28
987,6325,1
988,6325,7
989,6325,9
990,6325,7
991,6325,36
992,6325,3
994,6325,1
995,6325,4
996,6325,1
1002,6325,1
1003,6325,2
1004,6325,2
1005,6325,1
1008,6325,1
1011,6325,1
1012,6325,1
1013,6325,1
1019,6325,1
1057,6325,1
1058,6325,1
887,6326,1
891,6326,1
892,6326,1
895,6326,1
896,6326,1
902,6326,1
903,6326,2
907,6326,2
908,6326,2
913,6326,1
918,6326,1
919,6326,1
922,6326,1
926,6326,1
928,6326,1
929,6326,1
932,6326,1
933,6326,1
940,6326,2
941,6326,1
943,6326,2
944,6326,1
945,6326,2
946,6326,2
947,6326,1
949,6326,1
950,6326,1
951,6326,1
952,6326,2
953,6326,1
954,6326,5
955,6326,3
956,6326,2
957,6326,1
958,6326,17
959,6326,46
960,6326,26
961,6326,22
962,6326,21
963,6326,10
964,6326,5
965,6326,17
966,6326,12
967,6326,25
968,6326,88
969,6326,307
970,6326,248
971,6326,77
972,6326,66
973,6326,111
974,6326,344
975,6326,644
976,6326,197
977,6326,109
978,6326,1203
979,6326,1674
980,6326,342
981,6326,55
982,6326,61
983,6326,88
984,6326,209
985,6326,101
986,6326,10
987,6326,1
988,6326,4
989,6326,6
990,6326,24
991,6326,14
994,6326,1
995,6326,2
997,6326,1
998,6326,1
1002,6326,1
1007,6326,1
1008,6326,1
1009,6326,1
1015,6326,1
1016,6326,1
1017,6326,1
1018,6326,1
1019,6326,1
1058,6326,1
1061,6326,1
887,6327,1
888,6327,1
891,6327,1
892,6327,7
893,6327,4
894,6327,5
895,6327,2
898,6327,1
899,6327,1
901,6327,1
903,6327,1
906,6327,1
907,6327,3
908,6327,3
909,6327,3
910,6327,1
911,6327,1
912,6327,1
913,6327,1
929,6327,1
930,6327,1
939,6327,1
941,6327,1
942,6327,1
943,6327,2
944,6327,5
945,6327,2
946,6327,1
947,6327,1
949,6327,2
950,6327,1
951,6327,1
952,6327,2
953,6327,1
954,6327,2
955,6327,3
956,6327,2
957,6327,5
958,6327,18
959,6327,26
960,6327,5
961,6327,6
962,6327,10
963,6327,6
964,6327,9
965,6327,19
966,6327,22
967,6327,35
968,6327,322
969,6327,411
970,6327,158
971,6327,72
972,6327,74
973,6327,224
974,6327,644
975,6327,510
976,6327,110
977,6327,103
978,6327,1451
979,6327,230
980,6327,35
981,6327,65
982,6327,164
983,6327,105
984,6327,52
985,6327,23
986,6327,1
987,6327,1
988,6327,23
989,6327,20
990,6327,24
991,6327,10
992,6327,2
993,6327,1
994,6327,1
995,6327,1
997,6327,3
998,6327,2
999,6327,1
1000,6327,1
1003,6327,1
1004,6327,1
1006,6327,1
1007,6327,2
1008,6327,1
1009,6327,1
1015,6327,1
1016,6327,2
1017,6327,1
1033,6327,1
1034,6327,1
1060,6327,1
888,6328,1
892,6328,6
893,6328,5
894,6328,5
895,6328,1
901,6328,1
903,6328,2
904,6328,1
907,6328,1
908,6328,5
909,6328,2
910,6328,2
911,6328,3
915,6328,2
916,6328,1
938,6328,1
939,6328,1
940,6328,3
941,6328,2
942,6328,3
943,6328,4
944,6328,3
945,6328,1
946,6328,1
950,6328,1
951,6328,1
952,6328,2
953,6328,1
954,6328,3
955,6328,6
956,6328,6
957,6328,5
958,6328,2
959,6328,16
960,6328,10
961,6328,6
962,6328,8
963,6328,9
964,6328,14
965,6328,13
966,6328,70
967,6328,299
968,6328,281
969,6328,56
970,6328,24
971,6328,14
972,6328,61
973,6328,337
974,6328,221
975,6328,82
976,6328,46
977,6328,772
978,6328,1230
979,6328,53
980,6328,9
981,6328,55
982,6328,515
983,6328,122
984,6328,18
985,6328,5
986,6328,3
987,6328,3
988,6328,56
989,6328,53
990,6328,18
992,6328,2
993,6328,2
994,6328,1
996,6328,3
997,6328,3
998,6328,3
1001,6328,1
1002,6328,1
1003,6328,2
1004,6328,1
1006,6328,1
1012,6328,1
1015,6328,1
1017,6328,1
1033,6328,1
891,6329,1
892,6329,9
893,6329,3
894,6329,3
904,6329,1
905,6329,1
908,6329,6
909,6329,3
910,6329,1
911,6329,2
912,6329,2
913,6329,1
918,6329,1
919,6329,1
920,6329,1
940,6329,3
941,6329,1
942,6329,3
943,6329,4
944,6329,1
947,6329,1
951,6329,1
952,6329,1
953,6329,2
954,6329,5
955,6329,6
956,6329,7
957,6329,10
958,6329,14
959,6329,23
960,6329,11
961,6329,11
962,6329,29
963,6329,78
964,6329,39
965,6329,104
966,6329,630
967,6329,184
968,6329,21
969,6329,2
970,6329,8
971,6329,13
972,6329,52
973,6329,61
974,6329,21
975,6329,35
976,6329,874
977,6329,1569
978,6329,212
979,6329,13
980,6329,7
981,6329,87
982,6329,790
983,6329,262
984,6329,18
985,6329,6
986,6329,7
987,6329,21
988,6329,49
989,6329,40
990,6329,2
993,6329,2
994,6329,4
995,6329,1
997,6329,1
998,6329,2
1000,6329,1
1001,6329,2
1002,6329,1
1005,6329,1
1006,6329,1
1012,6329,2
891,6330,1
892,6330,8
893,6330,4
906,6330,1
908,6330,2
909,6330,2
910,6330,6
911,6330,4
913,6330,1
914,6330,1
915,6330,1
940,6330,1
942,6330,1
945,6330,3
946,6330,2
953,6330,1
954,6330,2
955,6330,1
956,6330,9
957,6330,16
958,6330,19
959,6330,40
960,6330,36
961,6330,17
962,6330,43
963,6330,75
964,6330,68
965,6330,455
966,6330,522
967,6330,15
968,6330,1
969,6330,4
970,6330,9
971,6330,16
972,6330,97
973,6330,47
974,6330,14
975,6330,34
976,6330,1875
977,6330,855
978,6330,37
979,6330,8
980,6330,7
981,6330,277
982,6330,645
983,6330,157
984,6330,24
985,6330,15
986,6330,22
987,6330,72
988,6330,49
989,6330,7
993,6330,3
994,6330,6
995,6330,1
997,6330,2
998,6330,1
999,6330,1
1000,6330,3
1002,6330,1
1003,6330,1
1004,6330,1
1005,6330,1
1006,6330,2
1007,6330,2
1012,6330,1
1013,6330,1
892,6331,9
893,6331,5
894,6331,2
905,6331,1
906,6331,2
907,6331,1
909,6331,1
910,6331,14
911,6331,20
912,6331,1
913,6331,1
914,6331,1
932,6331,1
933,6331,1
940,6331,1
941,6331,1
942,6331,1
945,6331,2
948,6331,1
951,6331,1
952,6331,1
955,6331,1
956,6331,6
957,6331,12
958,6331,48
959,6331,84
960,6331,228
961,6331,185
962,6331,42
963,6331,13
964,6331,22
965,6331,375
966,6331,258
967,6331,8
968,6331,4
969,6331,11
970,6331,6
971,6331,12
972,6331,155
973,6331,89
974,6331,67
975,6331,75
976,6331,1087
977,6331,250
978,6331,21
979,6331,6
980,6331,23
981,6331,449
982,6331,362
983,6331,89
984,6331,21
985,6331,17
986,6331,61
987,6331,101
988,6331,17
991,6331,1
992,6331,1
993,6331,4
994,6331,5
995,6331,2
997,6331,1
998,6331,1
999,6331,4
1000,6331,2
1003,6331,1
1005,6331,1
1007,6331,2
1008,6331,2
1009,6331,2
1013,6331,1
1033,6331,1
892,6332,5
893,6332,1
907,6332,2
908,6332,2
909,6332,1
910,6332,7
911,6332,15
912,6332,3
913,6332,2
914,6332,3
915,6332,1
932,6332,1
934,6332,1
941,6332,1
942,6332,2
946,6332,2
947,6332,1
948,6332,1
952,6332,1
955,6332,2
956,6332,7
957,6332,15
958,6332,214
959,6332,564
960,6332,390
961,6332,105
962,6332,11
963,6332,11
964,6332,9
965,6332,70
966,6332,193
967,6332,7
968,6332,4
969,6332,5
970,6332,7
971,6332,16
972,6332,199
973,6332,216
974,6332,201
975,6332,88
976,6332,205
977,6332,99
978,6332,3
979,6332,7
980,6332,131
981,6332,256
982,6332,125
983,6332,56
984,6332,27
985,6332,16
986,6332,19
987,6332,21
988,6332,6
991,6332,2
992,6332,3
993,6332,4
994,6332,7
995,6332,3
996,6332,1
998,6332,3
999,6332,4
1003,6332,1
1005,6332,1
1006,6332,2
1007,6332,2
1008,6332,1
1013,6332,1
1014,6332,1
885,6333,1
892,6333,4
893,6333,3
907,6333,1
908,6333,3
909,6333,3
910,6333,5
911,6333,8
912,6333,6
913,6333,3
914,6333,2
915,6333,1
916,6333,1
918,6333,1
933,6333,1
936,6333,1
942,6333,1
943,6333,1
944,6333,1
945,6333,1
947,6333,1
948,6333,1
949,6333,1
952,6333,1
953,6333,1
955,6333,2
956,6333,5
957,6333,16
958,6333,110
959,6333,285
960,6333,86
961,6333,12
962,6333,6
963,6333,15
964,6333,11
965,6333,30
966,6333,214
967,6333,24
968,6333,7
969,6333,7
970,6333,9
971,6333,24
972,6333,128
973,6333,274
974,6333,140
975,6333,59
976,6333,890
977,6333,1185
978,6333,32
979,6333,222
980,6333,253
981,6333,92
982,6333,69
983,6333,103
984,6333,131
985,6333,11
986,6333,15
987,6333,8
988,6333,1
992,6333,3
993,6333,7
994,6333,8
995,6333,2
999,6333,2
1004,6333,1
1005,6333,1
1006,6333,1
1007,6333,2
1008,6333,1
1011,6333,1
1013,6333,1
1014,6333,1
892,6334,3
896,6334,1
906,6334,1
907,6334,2
908,6334,1
909,6334,3
910,6334,3
911,6334,6
912,6334,4
916,6334,1
917,6334,2
918,6334,1
925,6334,1
928,6334,1
930,6334,1
935,6334,1
936,6334,1
937,6334,1
944,6334,2
945,6334,2
946,6334,1
948,6334,1
949,6334,3
950,6334,2
953,6334,1
955,6334,2
956,6334,5
957,6334,21
958,6334,44
959,6334,66
960,6334,35
961,6334,7
962,6334,2
963,6334,4
964,6334,11
965,6334,16
966,6334,291
967,6334,77
968,6334,3
969,6334,10
970,6334,16
971,6334,31
972,6334,55
973,6334,72
974,6334,43
975,6334,34
976,6334,1094
977,6334,1168
978,6334,51
979,6334,293
980,6334,184
981,6334,71
982,6334,124
983,6334,252
984,6334,112
985,6334,7
986,6334,6
987,6334,5
989,6334,1
992,6334,2
993,6334,6
994,6334,9
995,6334,2
999,6334,2
1000,6334,1
1003,6334,2
1004,6334,1
1013,6334,1
1014,6334,1
1053,6334,1
886,6335,1
887,6335,1
892,6335,4
893,6335,2
902,6335,1
903,6335,1
906,6335,2
907,6335,1
909,6335,2
910,6335,2
911,6335,3
912,6335,4
913,6335,1
914,6335,2
917,6335,1
918,6335,1
919,6335,1
925,6335,1
927,6335,1
928,6335,1
935,6335,1
937,6335,1
939,6335,1
940,6335,1
942,6335,1
943,6335,1
944,6335,3
945,6335,3
946,6335,2
947,6335,1
950,6335,1
951,6335,3
952,6335,4
953,6335,2
954,6335,2
955,6335,3
956,6335,3
957,6335,14
958,6335,26
959,6335,18
960,6335,8
961,6335,4
962,6335,5
963,6335,5
964,6335,6
965,6335,7
966,6335,259
967,6335,234
968,6335,18
969,6335,22
970,6335,18
971,6335,28
972,6335,47
973,6335,35
974,6335,37
975,6335,49
976,6335,989
977,6335,464
978,6335,46
979,6335,367
980,6335,203
981,6335,127
982,6335,474
983,6335,268
984,6335,22
985,6335,7
986,6335,13
987,6335,16
988,6335,1
989,6335,1
990,6335,1
991,6335,1
992,6335,1
993,6335,4
994,6335,6
999,6335,2
1000,6335,4
1002,6335,1
1003,6335,2
1010,6335,1
1011,6335,1
1012,6335,1
1013,6335,1
1024,6335,2
1037,6335,1
1038,6335,1
1046,6335,1
1053,6335,1
890,6336,1
893,6336,2
902,6336,1
903,6336,1
906,6336,2
907,6336,2
909,6336,2
910,6336,3
911,6336,4
912,6336,1
913,6336,1
914,6336,3
915,6336,1
916,6336,2
917,6336,5
918,6336,1
919,6336,1
920,6336,1
921,6336,1
922,6336,1
926,6336,1
927,6336,1
935,6336,1
937,6336,1
941,6336,1
942,6336,1
944,6336,3
945,6336,2
946,6336,2
947,6336,2
948,6336,1
950,6336,3
951,6336,3
952,6336,5
953,6336,4
954,6336,5
955,6336,7
956,6336,8
957,6336,14
958,6336,15
959,6336,7
960,6336,1
961,6336,2
962,6336,3
963,6336,1
964,6336,3
965,6336,10
966,6336,55
967,6336,396
968,6336,42
969,6336,41
970,6336,22
971,6336,52
972,6336,101
973,6336,59
974,6336,66
975,6336,274
976,6336,758
977,6336,158
978,6336,64
979,6336,202
980,6336,248
981,6336,334
982,6336,544
983,6336,133
984,6336,22
985,6336,8
986,6336,12
987,6336,22
988,6336,5
990,6336,1
991,6336,1
992,6336,2
993,6336,2
994,6336,5
1000,6336,2
1001,6336,2
1002,6336,2
1011,6336,2
1012,6336,3
1013,6336,1
1024,6336,1
1025,6336,2
1036,6336,2
1037,6336,2
1038,6336,1
1046,6336,1
1047,6336,1
1053,6336,1
1054,6336,1
889,6337,1
893,6337,2
894,6337,2
899,6337,1
900,6337,1
901,6337,1
902,6337,1
903,6337,1
905,6337,2
906,6337,2
907,6337,1
909,6337,1
910,6337,1
911,6337,4
912,6337,3
913,6337,1
915,6337,2
916,6337,2
917,6337,7
918,6337,2
922,6337,2
923,6337,1
924,6337,3
925,6337,1
926,6337,1
927,6337,2
937,6337,1
941,6337,1
942,6337,1
944,6337,1
945,6337,1
946,6337,1
947,6337,2
948,6337,3
949,6337,3
950,6337,3
951,6337,7
952,6337,4
953,6337,4
954,6337,8
955,6337,15
956,6337,43
957,6337,31
958,6337,8
959,6337,2
961,6337,1
962,6337,2
963,6337,1
964,6337,1
965,6337,3
966,6337,16
967,6337,240
968,6337,65
969,6337,92
970,6337,59
971,6337,131
972,6337,390
973,6337,223
974,6337,869
975,6337,378
976,6337,56
977,6337,59
978,6337,49
979,6337,146
980,6337,114
981,6337,82
982,6337,77
983,6337,12
984,6337,13
985,6337,14
986,6337,25
987,6337,12
988,6337,5
989,6337,6
990,6337,7
991,6337,3
992,6337,1
993,6337,1
994,6337,4
999,6337,2
1000,6337,2
1001,6337,5
1002,6337,4
1013,6337,1
1024,6337,1
1025,6337,1
1036,6337,1
1037,6337,2
1047,6337,1
1052,6337,1
1053,6337,1
889,6338,1
893,6338,1
894,6338,3
898,6338,1
899,6338,1
900,6338,1
905,6338,1
906,6338,2
908,6338,1
909,6338,3
910,6338,1
911,6338,3
912,6338,5
913,6338,2
914,6338,4
915,6338,3
916,6338,1
917,6338,3
918,6338,2
924,6338,1
925,6338,1
926,6338,1
928,6338,3
929,6338,1
930,6338,1
931,6338,1
937,6338,1
938,6338,1
945,6338,1
946,6338,2
947,6338,2
948,6338,2
949,6338,2
951,6338,4
952,6338,2
953,6338,5
954,6338,10
955,6338,26
956,6338,166
957,6338,142
958,6338,7
959,6338,1
961,6338,1
962,6338,1
966,6338,7
967,6338,234
968,6338,146
969,6338,145
970,6338,70
971,6338,110
972,6338,310
973,6338,1073
974,6338,1152
975,6338,52
976,6338,18
977,6338,72
978,6338,159
979,6338,194
980,6338,78
981,6338,23
982,6338,22
983,6338,17
984,6338,16
985,6338,44
986,6338,60
987,6338,15
988,6338,5
989,6338,9
990,6338,11
991,6338,7
992,6338,6
993,6338,1
994,6338,3
996,6338,1
997,6338,2
998,6338,2
999,6338,2
1000,6338,2
1003,6338,1
1004,6338,1
1013,6338,1
1035,6338,1
1036,6338,1
1037,6338,2
1048,6338,1
1049,6338,1
1050,6338,1
883,6339,1
889,6339,1
890,6339,1
891,6339,1
892,6339,1
893,6339,1
894,6339,3
895,6339,2
896,6339,1
898,6339,1
899,6339,2
900,6339,1
904,6339,1
906,6339,1
909,6339,3
910,6339,1
911,6339,1
912,6339,5
913,6339,1
914,6339,4
915,6339,1
917,6339,1
918,6339,5
919,6339,1
920,6339,1
921,6339,2
922,6339,3
923,6339,3
924,6339,4
925,6339,4
926,6339,4
928,6339,2
929,6339,3
930,6339,2
931,6339,2
932,6339,1
933,6339,1
938,6339,1
944,6339,1
945,6339,2
946,6339,6
947,6339,3
948,6339,1
949,6339,1
951,6339,3
952,6339,3
953,6339,6
954,6339,13
955,6339,113
956,6339,373
957,6339,187
958,6339,14
959,6339,3
960,6339,1
965,6339,2
966,6339,4
967,6339,133
968,6339,166
969,6339,64
970,6339,106
971,6339,135
972,6339,53
973,6339,892
974,6339,227
975,6339,15
976,6339,16
977,6339,53
978,6339,595
979,6339,621
980,6339,82
981,6339,27
982,6339,46
983,6339,31
984,6339,15
985,6339,34
986,6339,36
987,6339,8
988,6339,10
989,6339,3
990,6339,2
991,6339,3
992,6339,3
993,6339,5
994,6339,4
995,6339,6
996,6339,5
997,6339,4
998,6339,2
999,6339,1
1006,6339,1
1013,6339,1
1044,6339,1
1045,6339,1
1046,6339,1
887,6340,2
888,6340,1
889,6340,3
890,6340,2
891,6340,1
893,6340,1
894,6340,3
895,6340,4
896,6340,3
897,6340,2
898,6340,2
900,6340,1
901,6340,1
902,6340,1
905,6340,1
906,6340,1
908,6340,1
911,6340,1
912,6340,2
913,6340,2
914,6340,3
915,6340,3
916,6340,1
918,6340,2
919,6340,2
920,6340,3
921,6340,2
922,6340,2
923,6340,1
924,6340,5
925,6340,1
926,6340,1
933,6340,1
934,6340,1
937,6340,1
938,6340,1
939,6340,1
940,6340,1
941,6340,1
944,6340,1
945,6340,4
946,6340,3
947,6340,1
949,6340,1
950,6340,3
951,6340,8
952,6340,9
953,6340,18
954,6340,21
955,6340,331
956,6340,339
957,6340,80
958,6340,7
959,6340,3
960,6340,5
961,6340,4
962,6340,1
963,6340,5
964,6340,3
965,6340,3
966,6340,1
967,6340,13
968,6340,80
969,6340,108
970,6340,110
971,6340,105
972,6340,86
973,6340,698
974,6340,66
975,6340,14
976,6340,24
977,6340,42
978,6340,1151
979,6340,1172
980,6340,78
981,6340,32
982,6340,167
983,6340,95
984,6340,14
985,6340,9
986,6340,2
987,6340,5
988,6340,3
989,6340,2
990,6340,2
991,6340,2
992,6340,1
993,6340,2
994,6340,4
995,6340,6
996,6340,3
997,6340,2
998,6340,1
999,6340,1
1005,6340,1
1013,6340,1
1020,6340,1
1021,6340,1
1022,6340,1
1023,6340,1
886,6341,3
887,6341,3
888,6341,3
889,6341,4
890,6341,5
891,6341,3
892,6341,2
894,6341,4
895,6341,4
896,6341,2
897,6341,2
898,6341,2
900,6341,1
901,6341,1
902,6341,2
903,6341,1
906,6341,2
907,6341,3
908,6341,2
909,6341,4
910,6341,6
911,6341,4
912,6341,3
914,6341,2
915,6341,1
916,6341,4
917,6341,2
918,6341,1
919,6341,1
926,6341,1
928,6341,1
929,6341,1
930,6341,1
933,6341,1
934,6341,1
937,6341,1
938,6341,1
940,6341,2
941,6341,2
945,6341,3
948,6341,1
949,6341,1
950,6341,2
951,6341,5
952,6341,13
953,6341,50
954,6341,103
955,6341,420
956,6341,168
957,6341,17
958,6341,8
959,6341,1
960,6341,1
961,6341,1
962,6341,1
963,6341,8
964,6341,6
965,6341,1
966,6341,1
967,6341,8
968,6341,17
969,6341,29
970,6341,32
971,6341,9
972,6341,75
973,6341,621
974,6341,22
975,6341,10
976,6341,25
977,6341,33
978,6341,1283
979,6341,883
980,6341,30
981,6341,13
982,6341,237
983,6341,147
984,6341,21
985,6341,5
987,6341,5
988,6341,20
989,6341,20
990,6341,5
991,6341,7
992,6341,2
993,6341,5
994,6341,3
997,6341,1
998,6341,1
999,6341,1
1003,6341,1
1004,6341,1
1005,6341,1
1007,6341,1
1014,6341,1
1021,6341,1
1031,6341,2
1033,6341,1
1034,6341,1
1036,6341,1
883,6342,1
884,6342,4
885,6342,4
886,6342,6
887,6342,6
888,6342,6
889,6342,4
890,6342,2
892,6342,2
893,6342,2
894,6342,2
895,6342,2
896,6342,5
897,6342,3
898,6342,2
899,6342,1
900,6342,1
901,6342,3
903,6342,2
904,6342,2
905,6342,2
906,6342,5
907,6342,6
908,6342,5
909,6342,4
910,6342,6
911,6342,4
912,6342,6
913,6342,3
914,6342,2
915,6342,1
916,6342,3
917,6342,3
918,6342,4
919,6342,2
926,6342,1
927,6342,1
928,6342,1
932,6342,1
933,6342,2
940,6342,1
944,6342,1
945,6342,2
946,6342,1
947,6342,3
948,6342,2
949,6342,2
950,6342,3
951,6342,5
952,6342,10
953,6342,82
954,6342,364
955,6342,328
956,6342,57
957,6342,20
958,6342,9
959,6342,8
963,6342,1
964,6342,1
965,6342,1
966,6342,1
967,6342,1
968,6342,5
969,6342,6
970,6342,29
971,6342,101
972,6342,88
973,6342,697
974,6342,205
975,6342,41
976,6342,54
977,6342,30
978,6342,1029
979,6342,361
980,6342,10
981,6342,18
982,6342,238
983,6342,66
984,6342,14
985,6342,2
987,6342,5
988,6342,20
989,6342,10
990,6342,3
991,6342,2
992,6342,11
993,6342,15
994,6342,1
997,6342,2
998,6342,2
999,6342,1
1003,6342,1
1004,6342,1
1005,6342,1
1007,6342,1
1014,6342,1
1015,6342,2
1021,6342,1
1030,6342,1
1031,6342,1
1032,6342,1
1033,6342,1
1034,6342,1
1035,6342,1
1036,6342,1
1037,6342,1
880,6343,1
881,6343,1
882,6343,2
883,6343,6
884,6343,6
885,6343,5
886,6343,5
887,6343,4
888,6343,5
889,6343,1
890,6343,1
891,6343,2
892,6343,1
893,6343,1
895,6343,4
896,6343,7
897,6343,7
898,6343,1
901,6343,2
903,6343,4
904,6343,3
905,6343,3
906,6343,6
907,6343,5
908,6343,4
910,6343,1
911,6343,1
912,6343,2
915,6343,1
917,6343,1
918,6343,1
919,6343,3
925,6343,1
930,6343,1
931,6343,1
932,6343,1
933,6343,3
939,6343,1
942,6343,1
944,6343,1
945,6343,4
946,6343,2
947,6343,2
948,6343,5
949,6343,7
950,6343,7
951,6343,9
952,6343,25
953,6343,100
954,6343,438
955,6343,238
956,6343,30
957,6343,31
958,6343,19
959,6343,32
960,6343,20
961,6343,1
962,6343,1
963,6343,1
964,6343,1
965,6343,1
968,6343,4
969,6343,7
970,6343,50
971,6343,208
972,6343,52
973,6343,220
974,6343,345
975,6343,138
976,6343,122
977,6343,103
978,6343,912
979,6343,171
980,6343,8
981,6343,23
982,6343,195
983,6343,69
984,6343,7
985,6343,3
986,6343,2
987,6343,1
988,6343,27
989,6343,31
990,6343,3
991,6343,5
992,6343,10
993,6343,7
997,6343,1
998,6343,1
1004,6343,1
1005,6343,1
1011,6343,1
1015,6343,2
1029,6343,1
1030,6343,1
1031,6343,1
1032,6343,1
880,6344,3
881,6344,6
882,6344,3
883,6344,1
888,6344,2
891,6344,3
893,6344,1
894,6344,2
895,6344,1
896,6344,1
897,6344,4
898,6344,3
899,6344,1
900,6344,1
901,6344,2
902,6344,1
903,6344,3
904,6344,5
905,6344,5
906,6344,1
908,6344,1
909,6344,1
910,6344,1
911,6344,2
912,6344,1
913,6344,1
914,6344,1
915,6344,1
916,6344,1
918,6344,1
919,6344,2
920,6344,1
922,6344,1
926,6344,1
927,6344,1
928,6344,1
929,6344,2
930,6344,1
933,6344,1
934,6344,1
935,6344,1
936,6344,1
944,6344,2
945,6344,9
946,6344,16
947,6344,4
948,6344,9
949,6344,17
950,6344,13
951,6344,8
952,6344,21
953,6344,145
954,6344,190
955,6344,35
956,6344,15
957,6344,23
958,6344,21
959,6344,14
960,6344,71
961,6344,8
965,6344,4
966,6344,4
967,6344,4
968,6344,8
969,6344,13
970,6344,32
971,6344,83
972,6344,41
973,6344,54
974,6344,70
975,6344,10
976,6344,23
977,6344,79
978,6344,930
979,6344,100
980,6344,6
981,6344,42
982,6344,88
983,6344,39
984,6344,12
985,6344,4
986,6344,2
987,6344,2
988,6344,5
989,6344,49
990,6344,38
991,6344,6
992,6344,6
993,6344,1
995,6344,1
996,6344,4
1004,6344,1
1005,6344,1
1010,6344,3
1011,6344,1
1016,6344,1
1017,6344,1
881,6345,1
882,6345,3
883,6345,1
893,6345,1
895,6345,1
896,6345,3
897,6345,1
898,6345,3
899,6345,2
900,6345,2
901,6345,1
902,6345,1
903,6345,2
904,6345,3
905,6345,4
906,6345,4
907,6345,4
908,6345,3
909,6345,3
910,6345,2
911,6345,3
912,6345,3
913,6345,1
914,6345,2
917,6345,2
918,6345,1
919,6345,3
920,6345,2
921,6345,2
922,6345,4
923,6345,1
926,6345,2
927,6345,1
928,6345,2
929,6345,3
930,6345,1
933,6345,2
934,6345,4
935,6345,3
941,6345,2
942,6345,3
943,6345,2
944,6345,2
945,6345,6
946,6345,35
947,6345,21
948,6345,29
949,6345,18
950,6345,9
951,6345,5
952,6345,17
953,6345,91
954,6345,37
955,6345,6
956,6345,5
957,6345,12
958,6345,10
959,6345,10
960,6345,99
961,6345,71
962,6345,1
964,6345,1
966,6345,7
967,6345,10
968,6345,5
969,6345,9
970,6345,10
971,6345,23
972,6345,18
973,6345,33
974,6345,103
975,6345,56
976,6345,3
977,6345,26
978,6345,885
979,6345,86
980,6345,8
981,6345,19
982,6345,49
983,6345,29
984,6345,17
985,6345,6
986,6345,3
987,6345,1
988,6345,4
989,6345,13
990,6345,31
991,6345,6
992,6345,3
995,6345,3
996,6345,2
997,6345,1
998,6345,1
1000,6345,1
1003,6345,2
1004,6345,3
1005,6345,1
1010,6345,2
1016,6345,2
1017,6345,1
1018,6345,1
881,6346,1
882,6346,3
890,6346,2
891,6346,1
892,6346,1
893,6346,1
894,6346,1
895,6346,1
896,6346,4
897,6346,6
898,6346,3
899,6346,9
900,6346,7
901,6346,7
902,6346,3
903,6346,2
904,6346,10
905,6346,17
906,6346,25
907,6346,38
908,6346,57
909,6346,40
910,6346,25
911,6346,59
912,6346,64
913,6346,67
914,6346,49
915,6346,19
916,6346,12
917,6346,7
918,6346,6
919,6346,4
920,6346,6
921,6346,8
922,6346,10
923,6346,4
924,6346,4
925,6346,3
926,6346,5
927,6346,9
928,6346,15
929,6346,16
930,6346,11
931,6346,6
932,6346,4
933,6346,2
934,6346,4
935,6346,2
936,6346,1
939,6346,3
940,6346,3
941,6346,1
942,6346,4
943,6346,4
944,6346,3
945,6346,5
946,6346,26
947,6346,32
948,6346,10
949,6346,4
950,6346,11
951,6346,20
952,6346,19
953,6346,24
954,6346,33
955,6346,5
956,6346,5
957,6346,13
958,6346,13
959,6346,10
960,6346,23
961,6346,105
962,6346,16
963,6346,1
964,6346,2
965,6346,2
966,6346,3
967,6346,6
968,6346,15
969,6346,13
970,6346,13
971,6346,28
972,6346,9
973,6346,14
974,6346,274
975,6346,287
976,6346,115
977,6346,154
978,6346,469
979,6346,376
980,6346,8
981,6346,47
982,6346,37
983,6346,45
984,6346,31
985,6346,23
986,6346,9
987,6346,3
988,6346,2
989,6346,1
990,6346,6
991,6346,6
992,6346,5
993,6346,2
994,6346,2
995,6346,4
999,6346,1
1004,6346,1
1010,6346,1
1011,6346,1
1014,6346,1
1015,6346,2
1016,6346,3
882,6347,1
883,6347,1
884,6347,1
888,6347,1
889,6347,4
890,6347,5
891,6347,1
892,6347,1
893,6347,1
895,6347,1
896,6347,6
897,6347,14
898,6347,17
899,6347,20
900,6347,87
901,6347,23
902,6347,16
903,6347,8
904,6347,13
905,6347,39
906,6347,46
907,6347,71
908,6347,77
909,6347,58
910,6347,48
911,6347,72
912,6347,65
913,6347,81
914,6347,103
915,6347,65
916,6347,59
917,6347,46
918,6347,38
919,6347,30
920,6347,26
921,6347,55
922,6347,58
923,6347,49
924,6347,42
925,6347,31
926,6347,32
927,6347,77
928,6347,132
929,6347,106
930,6347,137
931,6347,153
932,6347,149
933,6347,84
934,6347,28
935,6347,6
936,6347,4
937,6347,10
938,6347,11
939,6347,6
940,6347,4
941,6347,4
942,6347,9
943,6347,4
944,6347,4
945,6347,1
946,6347,10
947,6347,20
948,6347,6
949,6347,8
950,6347,18
951,6347,43
952,6347,29
953,6347,12
954,6347,33
955,6347,18
956,6347,3
957,6347,9
958,6347,13
959,6347,11
960,6347,10
961,6347,98
962,6347,56
963,6347,4
964,6347,2
965,6347,3
966,6347,6
967,6347,2
968,6347,5
969,6347,17
970,6347,18
971,6347,90
972,6347,16
973,6347,8
974,6347,84
975,6347,407
976,6347,403
977,6347,720
978,6347,452
979,6347,719
980,6347,48
981,6347,113
982,6347,124
983,6347,38
984,6347,42
985,6347,47
986,6347,29
987,6347,6
988,6347,4
989,6347,4
990,6347,2
991,6347,8
992,6347,10
993,6347,4
994,6347,10
995,6347,5
997,6347,1
998,6347,1
999,6347,1
1004,6347,1
1005,6347,1
1011,6347,2
1013,6347,2
1014,6347,1
1015,6347,1
1030,6347,1
877,6348,1
883,6348,1
886,6348,1
887,6348,1
888,6348,5
889,6348,5
890,6348,3
891,6348,1
892,6348,3
893,6348,6
894,6348,6
895,6348,12
896,6348,8
897,6348,37
898,6348,35
899,6348,14
900,6348,172
901,6348,170
902,6348,50
903,6348,28
904,6348,48
905,6348,57
906,6348,19
907,6348,7
908,6348,8
909,6348,7
910,6348,11
911,6348,8
912,6348,6
913,6348,10
914,6348,13
915,6348,27
916,6348,47
917,6348,78
918,6348,105
919,6348,98
920,6348,39
921,6348,102
922,6348,93
923,6348,109
924,6348,148
925,6348,131
926,6348,142
927,6348,147
928,6348,63
929,6348,19
930,6348,30
931,6348,59
932,6348,67
933,6348,46
934,6348,40
935,6348,31
936,6348,92
937,6348,205
938,6348,130
939,6348,36
940,6348,16
941,6348,9
942,6348,6
943,6348,4
944,6348,2
945,6348,3
946,6348,3
947,6348,10
948,6348,3
949,6348,10
950,6348,34
951,6348,98
952,6348,21
953,6348,7
954,6348,14
955,6348,16
956,6348,13
957,6348,18
958,6348,27
959,6348,11
960,6348,9
961,6348,35
962,6348,119
963,6348,50
964,6348,4
965,6348,3
966,6348,2
967,6348,3
968,6348,1
969,6348,10
970,6348,17
971,6348,118
972,6348,49
973,6348,15
974,6348,53
975,6348,445
976,6348,1495
977,6348,789
978,6348,288
979,6348,322
980,6348,104
981,6348,269
982,6348,135
983,6348,4
984,6348,5
985,6348,12
986,6348,6
987,6348,10
988,6348,5
989,6348,1
990,6348,2
991,6348,11
992,6348,26
993,6348,16
994,6348,5
998,6348,1
1005,6348,1
1006,6348,1
1011,6348,1
1030,6348,1
876,6349,1
887,6349,1
888,6349,3
889,6349,2
890,6349,1
891,6349,3
892,6349,5
893,6349,6
894,6349,6
895,6349,6
896,6349,7
897,6349,23
898,6349,18
899,6349,6
900,6349,41
901,6349,42
902,6349,17
903,6349,10
904,6349,9
905,6349,7
906,6349,1
907,6349,4
908,6349,3
909,6349,2
910,6349,1
911,6349,4
912,6349,2
913,6349,3
914,6349,4
915,6349,3
916,6349,7
917,6349,6
918,6349,7
919,6349,24
920,6349,20
921,6349,78
922,6349,59
923,6349,28
924,6349,30
925,6349,34
926,6349,32
927,6349,16
928,6349,6
930,6349,3
931,6349,6
932,6349,6
933,6349,12
934,6349,6
935,6349,13
936,6349,57
937,6349,156
938,6349,125
939,6349,101
940,6349,156
941,6349,69
942,6349,24
943,6349,18
944,6349,2
945,6349,3
946,6349,5
947,6349,14
948,6349,14
949,6349,22
950,6349,101
951,6349,181
952,6349,27
953,6349,19
954,6349,15
955,6349,9
956,6349,6
957,6349,15
958,6349,23
959,6349,13
960,6349,4
961,6349,11
962,6349,80
963,6349,159
964,6349,30
965,6349,2
966,6349,4
967,6349,4
968,6349,4
969,6349,6
970,6349,6
971,6349,56
972,6349,37
973,6349,10
974,6349,212
975,6349,1215
976,6349,453
977,6349,112
978,6349,120
979,6349,58
980,6349,20
981,6349,54
982,6349,166
983,6349,10
984,6349,2
986,6349,2
987,6349,20
988,6349,16
989,6349,1
991,6349,1
992,6349,6
1002,6349,1
1003,6349,1
1004,6349,1
1008,6349,1
1009,6349,2
1010,6349,1
1029,6349,1
1030,6349,1
886,6350,1
887,6350,1
888,6350,2
889,6350,1
891,6350,1
892,6350,3
893,6350,3
894,6350,2
895,6350,1
896,6350,5
897,6350,16
898,6350,8
899,6350,3
900,6350,15
901,6350,8
902,6350,13
903,6350,6
904,6350,3
905,6350,3
906,6350,6
907,6350,2
908,6350,1
910,6350,3
911,6350,2
912,6350,2
913,6350,2
914,6350,1
915,6350,1
916,6350,2
917,6350,6
918,6350,4
919,6350,9
920,6350,11
921,6350,6
922,6350,4
923,6350,10
924,6350,6
925,6350,3
926,6350,3
927,6350,2
928,6350,2
929,6350,1
933,6350,2
934,6350,2
935,6350,1
936,6350,5
937,6350,15
938,6350,13
939,6350,12
940,6350,52
941,6350,129
942,6350,79
943,6350,49
944,6350,27
945,6350,6
946,6350,6
947,6350,25
948,6350,38
949,6350,102
950,6350,263
951,6350,137
952,6350,25
953,6350,25
954,6350,26
955,6350,3
956,6350,2
957,6350,5
958,6350,16
959,6350,14
960,6350,14
961,6350,7
962,6350,14
963,6350,142
964,6350,104
965,6350,12
966,6350,3
967,6350,3
968,6350,3
969,6350,1
970,6350,5
971,6350,106
972,6350,79
973,6350,10
974,6350,175
975,6350,410
976,6350,69
977,6350,129
978,6350,1076
979,6350,485
980,6350,138
981,6350,112
982,6350,237
983,6350,7
984,6350,1
987,6350,13
988,6350,16
989,6350,1
991,6350,2
992,6350,2
1009,6350,1
1029,6350,1
885,6351,1
886,6351,2
887,6351,1
888,6351,2
889,6351,5
890,6351,3
892,6351,3
893,6351,3
894,6351,3
895,6351,4
896,6351,6
897,6351,7
898,6351,12
899,6351,5
900,6351,7
901,6351,30
902,6351,24
903,6351,24
904,6351,23
905,6351,8
906,6351,5
907,6351,7
908,6351,4
909,6351,3
910,6351,2
911,6351,2
912,6351,2
913,6351,5
914,6351,4
915,6351,2
916,6351,8
917,6351,7
918,6351,8
919,6351,11
920,6351,14
921,6351,9
922,6351,11
923,6351,13
924,6351,4
925,6351,3
926,6351,2
930,6351,2
933,6351,1
935,6351,2
936,6351,3
937,6351,10
938,6351,13
939,6351,3
940,6351,15
941,6351,60
942,6351,100
943,6351,65
944,6351,34
945,6351,18
946,6351,10
947,6351,8
948,6351,36
949,6351,141
950,6351,99
951,6351,14
952,6351,8
953,6351,74
954,6351,53
955,6351,9
956,6351,6
957,6351,9
958,6351,20
959,6351,24
960,6351,9
961,6351,2
962,6351,3
963,6351,28
964,6351,108
965,6351,5
966,6351,3
967,6351,6
968,6351,1
970,6351,7
971,6351,32
972,6351,77
973,6351,24
974,6351,17
975,6351,50
976,6351,148
977,6351,600
978,6351,1153
979,6351,283
980,6351,68
981,6351,129
982,6351,390
983,6351,13
984,6351,2
985,6351,1
986,6351,1
987,6351,5
988,6351,4
989,6351,1
990,6351,2
991,6351,6
992,6351,6
1006,6351,1
1028,6351,1
1029,6351,1
884,6352,1
885,6352,4
887,6352,1
888,6352,2
889,6352,3
892,6352,1
893,6352,3
894,6352,5
895,6352,3
896,6352,2
897,6352,9
898,6352,13
899,6352,8
900,6352,5
901,6352,15
902,6352,18
903,6352,8
904,6352,21
905,6352,22
906,6352,9
907,6352,10
908,6352,11
909,6352,6
910,6352,3
911,6352,3
913,6352,1
914,6352,2
915,6352,4
916,6352,5
917,6352,5
918,6352,2
919,6352,3
920,6352,5
921,6352,16
922,6352,36
923,6352,22
924,6352,6
925,6352,1
926,6352,2
928,6352,1
929,6352,2
930,6352,3
932,6352,2
933,6352,1
937,6352,5
938,6352,16
939,6352,11
940,6352,9
941,6352,20
942,6352,66
943,6352,90
944,6352,57
945,6352,35
946,6352,8
947,6352,5
948,6352,91
949,6352,100
950,6352,16
951,6352,22
952,6352,57
953,6352,56
954,6352,19
955,6352,10
956,6352,14
957,6352,15
958,6352,10
959,6352,7
960,6352,16
961,6352,7
962,6352,5
963,6352,17
964,6352,167
965,6352,17
966,6352,3
967,6352,3
968,6352,2
969,6352,7
970,6352,7
971,6352,3
972,6352,61
973,6352,161
974,6352,36
975,6352,25
976,6352,185
977,6352,160
978,6352,67
979,6352,55
980,6352,53
981,6352,63
982,6352,190
983,6352,5
984,6352,1
985,6352,4
986,6352,6
987,6352,10
988,6352,4
989,6352,1
990,6352,3
991,6352,10
992,6352,32
993,6352,2
994,6352,1
1001,6352,1
1002,6352,1
1003,6352,1
1004,6352,1
1005,6352,1
1006,6352,1
1027,6352,1
1028,6352,1
883,6353,1
884,6353,2
890,6353,1
891,6353,4
892,6353,5
893,6353,3
894,6353,2
895,6353,4
896,6353,17
897,6353,26
898,6353,37
899,6353,26
900,6353,29
901,6353,29
902,6353,44
903,6353,61
904,6353,46
905,6353,64
906,6353,51
907,6353,31
908,6353,31
909,6353,14
910,6353,8
911,6353,5
912,6353,3
913,6353,2
914,6353,1
915,6353,5
916,6353,4
917,6353,2
918,6353,4
919,6353,3
920,6353,5
921,6353,7
922,6353,16
923,6353,10
924,6353,6
925,6353,3
926,6353,1
928,6353,1
929,6353,4
932,6353,1
936,6353,1
937,6353,2
938,6353,4
939,6353,6
940,6353,9
941,6353,17
942,6353,17
943,6353,46
944,6353,29
945,6353,22
946,6353,19
947,6353,9
948,6353,27
949,6353,20
950,6353,6
951,6353,25
952,6353,24
953,6353,5
954,6353,2
955,6353,5
956,6353,15
957,6353,12
958,6353,9
959,6353,6
960,6353,5
961,6353,13
962,6353,13
963,6353,16
964,6353,192
965,6353,36
966,6353,6
967,6353,3
968,6353,3
969,6353,8
970,6353,10
971,6353,27
972,6353,6
973,6353,260
974,6353,366
975,6353,72
976,6353,27
977,6353,37
978,6353,68
979,6353,59
980,6353,31
981,6353,44
982,6353,114
983,6353,2
984,6353,3
985,6353,1
986,6353,3
987,6353,4
988,6353,3
989,6353,1
990,6353,1
991,6353,13
992,6353,54
993,6353,19
994,6353,5
995,6353,2
1001,6353,1
1002,6353,1
1003,6353,1
1004,6353,1
882,6354,1
883,6354,1
884,6354,1
890,6354,5
891,6354,2
892,6354,3
893,6354,1
894,6354,5
895,6354,10
896,6354,19
897,6354,16
898,6354,12
899,6354,8
900,6354,10
901,6354,9
902,6354,19
903,6354,55
904,6354,84
905,6354,96
906,6354,45
907,6354,43
908,6354,79
909,6354,91
910,6354,72
911,6354,18
912,6354,9
913,6354,6
914,6354,6
915,6354,2
916,6354,2
917,6354,2
918,6354,1
919,6354,2
920,6354,1
921,6354,2
922,6354,10
923,6354,6
924,6354,1
925,6354,1
927,6354,2
929,6354,1
932,6354,1
933,6354,1
939,6354,1
940,6354,5
941,6354,9
942,6354,11
943,6354,24
944,6354,75
945,6354,102
946,6354,58
947,6354,15
948,6354,12
949,6354,13
950,6354,8
951,6354,11
952,6354,16
953,6354,19
954,6354,10
955,6354,1
956,6354,19
957,6354,18
958,6354,8
959,6354,1
960,6354,3
961,6354,4
962,6354,20
963,6354,34
964,6354,143
965,6354,40
966,6354,4
967,6354,3
968,6354,4
969,6354,11
970,6354,70
971,6354,89
972,6354,5
973,6354,28
974,6354,216
975,6354,121
976,6354,39
977,6354,58
978,6354,329
979,6354,500
980,6354,306
981,6354,236
982,6354,169
983,6354,15
984,6354,12
985,6354,4
986,6354,7
987,6354,7
988,6354,2
989,6354,1
990,6354,2
991,6354,6
992,6354,13
993,6354,10
994,6354,1
888,6355,1
889,6355,3
890,6355,2
891,6355,1
892,6355,1
893,6355,3
894,6355,10
895,6355,3
896,6355,9
897,6355,5
898,6355,3
899,6355,5
900,6355,1
901,6355,3
903,6355,7
904,6355,19
905,6355,21
906,6355,13
907,6355,15
908,6355,21
909,6355,52
910,6355,107
911,6355,136
912,6355,71
913,6355,23
914,6355,18
915,6355,12
916,6355,13
917,6355,4
918,6355,2
919,6355,2
920,6355,1
921,6355,1
922,6355,7
923,6355,4
924,6355,1
927,6355,2
928,6355,1
929,6355,1
932,6355,1
933,6355,2
934,6355,1
937,6355,1
938,6355,3
941,6355,1
942,6355,2
943,6355,4
944,6355,51
945,6355,91
946,6355,42
947,6355,20
948,6355,18
949,6355,21
950,6355,17
951,6355,9
952,6355,11
953,6355,43
954,6355,54
955,6355,15
956,6355,19
957,6355,12
958,6355,6
959,6355,1
960,6355,3
961,6355,7
962,6355,33
963,6355,98
964,6355,138
965,6355,41
966,6355,9
967,6355,5
968,6355,3
969,6355,12
970,6355,133
971,6355,166
972,6355,8
973,6355,3
974,6355,36
975,6355,267
976,6355,161
977,6355,264
978,6355,25
979,6355,14
980,6355,74
981,6355,132
982,6355,28
983,6355,6
984,6355,3
985,6355,3
986,6355,3
987,6355,3
988,6355,2
989,6355,4
990,6355,2
991,6355,1
992,6355,2
1018,6355,1
882,6356,2
883,6356,2
884,6356,3
885,6356,2
886,6356,1
888,6356,2
889,6356,2
890,6356,1
891,6356,1
892,6356,1
893,6356,2
894,6356,4
895,6356,2
896,6356,4
897,6356,2
898,6356,3
899,6356,3
902,6356,3
903,6356,17
904,6356,20
905,6356,12
906,6356,12
907,6356,5
908,6356,4
909,6356,5
910,6356,12
911,6356,52
912,6356,102
913,6356,110
914,6356,111
915,6356,48
916,6356,27
917,6356,5
918,6356,2
919,6356,5
920,6356,1
921,6356,1
922,6356,2
924,6356,3
925,6356,2
926,6356,2
927,6356,4
928,6356,2
932,6356,1
934,6356,1
935,6356,1
936,6356,2
937,6356,2
938,6356,5
939,6356,2
940,6356,1
941,6356,2
942,6356,1
943,6356,5
944,6356,13
945,6356,13
946,6356,14
947,6356,19
948,6356,24
949,6356,24
950,6356,25
951,6356,17
952,6356,21
953,6356,14
954,6356,141
955,6356,103
956,6356,26
957,6356,9
958,6356,11
959,6356,7
960,6356,5
961,6356,9
962,6356,10
963,6356,16
964,6356,33
965,6356,45
966,6356,16
967,6356,8
968,6356,8
969,6356,8
970,6356,34
971,6356,148
972,6356,71
973,6356,7
974,6356,14
975,6356,159
976,6356,327
977,6356,2013
978,6356,158
979,6356,10
980,6356,5
981,6356,6
982,6356,45
983,6356,6
984,6356,7
985,6356,1
986,6356,1
987,6356,2
988,6356,4
989,6356,6
990,6356,6
991,6356,3
992,6356,2
997,6356,1
1011,6356,1
1012,6356,1
1018,6356,1
1019,6356,1
878,6357,2
880,6357,3
881,6357,2
882,6357,2
887,6357,1
892,6357,1
893,6357,2
894,6357,2
895,6357,1
896,6357,1
897,6357,2
898,6357,3
899,6357,2
900,6357,2
901,6357,3
902,6357,15
903,6357,28
904,6357,10
905,6357,12
906,6357,4
907,6357,2
908,6357,4
910,6357,1
911,6357,8
912,6357,17
913,6357,37
914,6357,133
915,6357,174
916,6357,153
917,6357,67
918,6357,18
919,6357,7
920,6357,5
921,6357,8
922,6357,5
923,6357,2
924,6357,1
927,6357,2
928,6357,3
929,6357,2
934,6357,1
935,6357,1
936,6357,2
937,6357,1
938,6357,11
939,6357,4
941,6357,1
943,6357,2
944,6357,2
945,6357,7
946,6357,18
947,6357,70
948,6357,65
949,6357,23
950,6357,22
951,6357,28
952,6357,56
953,6357,63
954,6357,108
955,6357,86
956,6357,18
957,6357,3
958,6357,7
959,6357,6
960,6357,7
961,6357,2
962,6357,1
963,6357,1
964,6357,9
965,6357,28
966,6357,16
967,6357,10
968,6357,10
969,6357,11
970,6357,10
971,6357,42
972,6357,148
973,6357,47
974,6357,7
975,6357,26
976,6357,322
977,6357,2469
978,6357,368
979,6357,61
980,6357,42
981,6357,1
982,6357,10
983,6357,1
984,6357,3
985,6357,1
986,6357,1
987,6357,4
988,6357,14
989,6357,10
990,6357,4
992,6357,2
993,6357,1
997,6357,1
1011,6357,1
1019,6357,1
876,6358,1
877,6358,3
878,6358,6
880,6358,1
882,6358,1
883,6358,1
893,6358,6
894,6358,3
895,6358,1
897,6358,1
898,6358,4
899,6358,2
900,6358,5
901,6358,32
902,6358,39
903,6358,19
904,6358,5
905,6358,2
906,6358,4
907,6358,2
908,6358,3
909,6358,3
910,6358,2
911,6358,4
912,6358,3
913,6358,8
914,6358,22
915,6358,53
916,6358,95
917,6358,153
918,6358,153
919,6358,202
920,6358,133
921,6358,18
922,6358,5
923,6358,5
924,6358,3
925,6358,1
927,6358,1
928,6358,1
929,6358,1
934,6358,2
935,6358,2
936,6358,3
937,6358,2
938,6358,3
939,6358,3
940,6358,2
941,6358,1
942,6358,1
944,6358,10
945,6358,9
946,6358,54
947,6358,55
948,6358,8
949,6358,1
950,6358,1
951,6358,3
952,6358,1
953,6358,11
954,6358,10
955,6358,9
956,6358,34
957,6358,16
958,6358,12
959,6358,11
960,6358,7
961,6358,16
962,6358,1
963,6358,2
964,6358,8
965,6358,26
966,6358,31
967,6358,26
968,6358,28
969,6358,15
970,6358,3
971,6358,12
972,6358,71
973,6358,110
974,6358,25
975,6358,25
976,6358,446
977,6358,586
978,6358,287
979,6358,53
980,6358,33
981,6358,2
982,6358,12
983,6358,11
984,6358,2
985,6358,1
986,6358,7
987,6358,16
988,6358,23
989,6358,2
990,6358,3
991,6358,2
992,6358,6
993,6358,4
994,6358,1
995,6358,2
996,6358,1
1017,6358,1
876,6359,2
877,6359,2
878,6359,2
879,6359,2
880,6359,1
882,6359,2
884,6359,1
885,6359,3
886,6359,4
887,6359,4
888,6359,5
889,6359,2
890,6359,1
891,6359,3
892,6359,5
893,6359,9
894,6359,4
895,6359,5
896,6359,10
897,6359,12
898,6359,5
899,6359,18
900,6359,38
901,6359,39
902,6359,15
903,6359,6
904,6359,8
905,6359,5
906,6359,14
907,6359,8
908,6359,7
909,6359,6
910,6359,6
911,6359,6
912,6359,3
913,6359,5
914,6359,10
915,6359,23
916,6359,6
917,6359,18
918,6359,44
919,6359,169
920,6359,265
921,6359,74
922,6359,14
923,6359,9
924,6359,6
925,6359,3
926,6359,1
927,6359,1
928,6359,1
929,6359,1
933,6359,1
934,6359,2
936,6359,1
937,6359,1
939,6359,1
941,6359,1
942,6359,2
943,6359,2
944,6359,8
945,6359,9
946,6359,32
947,6359,7
948,6359,1
949,6359,1
950,6359,2
951,6359,1
952,6359,14
953,6359,13
954,6359,6
955,6359,8
956,6359,49
957,6359,61
958,6359,42
959,6359,19
960,6359,7
961,6359,21
962,6359,5
963,6359,2
964,6359,2
965,6359,29
966,6359,65
967,6359,38
968,6359,28
969,6359,32
970,6359,9
971,6359,10
972,6359,16
973,6359,113
974,6359,63
975,6359,45
976,6359,379
977,6359,1074
978,6359,361
979,6359,65
980,6359,3
981,6359,4
982,6359,11
983,6359,4
984,6359,1
985,6359,2
986,6359,8
987,6359,13
988,6359,5
989,6359,1
990,6359,2
991,6359,1
992,6359,3
993,6359,5
994,6359,1
996,6359,1
1012,6359,1
1017,6359,1
878,6360,1
879,6360,2
880,6360,1
885,6360,1
886,6360,1
887,6360,1
888,6360,3
889,6360,3
890,6360,6
891,6360,10
892,6360,24
893,6360,34
894,6360,28
895,6360,30
896,6360,35
897,6360,30
898,6360,32
899,6360,23
900,6360,14
901,6360,5
902,6360,2
903,6360,1
904,6360,4
905,6360,4
906,6360,8
907,6360,10
908,6360,5
909,6360,2
910,6360,3
911,6360,5
912,6360,8
913,6360,7
914,6360,9
915,6360,8
916,6360,2
917,6360,3
918,6360,4
919,6360,15
920,6360,28
921,6360,44
922,6360,27
923,6360,7
924,6360,2
925,6360,6
926,6360,11
928,6360,3
929,6360,4
930,6360,2
931,6360,1
933,6360,1
934,6360,3
935,6360,2
938,6360,1
939,6360,2
940,6360,2
941,6360,2
942,6360,3
943,6360,2
944,6360,10
945,6360,13
946,6360,24
947,6360,3
949,6360,1
950,6360,2
951,6360,4
952,6360,8
953,6360,4
954,6360,4
955,6360,25
956,6360,63
957,6360,26
958,6360,12
959,6360,22
960,6360,39
961,6360,34
962,6360,12
963,6360,5
964,6360,1
965,6360,45
966,6360,83
967,6360,40
968,6360,15
969,6360,28
970,6360,11
971,6360,17
972,6360,22
973,6360,70
974,6360,122
975,6360,340
976,6360,389
977,6360,983
978,6360,201
979,6360,9
980,6360,3
981,6360,23
982,6360,14
983,6360,4
984,6360,1
985,6360,4
986,6360,4
987,6360,3
988,6360,2
989,6360,1
990,6360,4
1015,6360,1
1016,6360,1
889,6361,5
890,6361,8
891,6361,9
892,6361,23
893,6361,24
894,6361,15
895,6361,10
896,6361,16
897,6361,15
898,6361,14
899,6361,6
900,6361,2
903,6361,1
904,6361,1
905,6361,1
906,6361,4
907,6361,5
908,6361,3
909,6361,3
912,6361,4
913,6361,6
914,6361,14
915,6361,28
916,6361,4
917,6361,3
918,6361,5
919,6361,5
920,6361,6
921,6361,6
922,6361,10
923,6361,2
924,6361,2
925,6361,3
926,6361,9
927,6361,3
928,6361,3
929,6361,2
933,6361,1
934,6361,2
935,6361,3
937,6361,1
938,6361,3
939,6361,2
940,6361,4
941,6361,3
942,6361,3
943,6361,5
944,6361,12
945,6361,17
946,6361,16
947,6361,5
949,6361,1
950,6361,7
951,6361,5
952,6361,8
953,6361,9
954,6361,12
955,6361,27
956,6361,63
957,6361,13
958,6361,7
959,6361,16
960,6361,31
961,6361,26
962,6361,17
963,6361,40
964,6361,12
965,6361,19
966,6361,60
967,6361,39
968,6361,16
969,6361,37
970,6361,27
971,6361,20
972,6361,41
973,6361,139
974,6361,74
975,6361,630
976,6361,1842
977,6361,228
978,6361,1
981,6361,34
982,6361,25
983,6361,4
984,6361,1
985,6361,4
986,6361,5
987,6361,2
988,6361,2
989,6361,3
990,6361,3
991,6361,1
993,6361,1
1014,6361,1
883,6362,1
884,6362,1
885,6362,1
886,6362,1
887,6362,1
888,6362,2
889,6362,4
890,6362,9
891,6362,19
892,6362,16
893,6362,4
894,6362,1
895,6362,1
896,6362,5
897,6362,6
898,6362,3
903,6362,3
904,6362,1
905,6362,1
906,6362,4
907,6362,8
908,6362,12
909,6362,4
910,6362,5
911,6362,8
912,6362,9
913,6362,12
914,6362,21
915,6362,137
916,6362,55
917,6362,4
918,6362,3
919,6362,2
920,6362,4
921,6362,3
922,6362,5
923,6362,4
924,6362,5
925,6362,4
926,6362,2
927,6362,1
928,6362,1
929,6362,1
930,6362,2
933,6362,2
934,6362,2
935,6362,2
936,6362,2
939,6362,1
940,6362,2
941,6362,2
942,6362,5
943,6362,16
944,6362,9
945,6362,7
946,6362,7
947,6362,3
948,6362,6
949,6362,3
950,6362,5
951,6362,4
952,6362,7
953,6362,13
954,6362,13
955,6362,15
956,6362,39
957,6362,25
958,6362,13
959,6362,15
960,6362,34
961,6362,19
962,6362,10
963,6362,27
964,6362,9
965,6362,5
966,6362,43
967,6362,28
968,6362,12
969,6362,64
970,6362,36
971,6362,9
972,6362,22
973,6362,115
974,6362,88
975,6362,709
976,6362,1014
977,6362,29
978,6362,1
981,6362,25
982,6362,29
983,6362,1
984,6362,6
985,6362,4
986,6362,2
987,6362,1
988,6362,6
989,6362,3
990,6362,1
995,6362,1
878,6363,2
879,6363,2
888,6363,12
889,6363,40
890,6363,42
891,6363,27
892,6363,3
894,6363,1
895,6363,2
897,6363,2
898,6363,2
901,6363,1
902,6363,2
903,6363,5
904,6363,3
905,6363,1
907,6363,2
908,6363,7
909,6363,7
910,6363,9
911,6363,9
912,6363,4
913,6363,20
914,6363,28
915,6363,101
916,6363,90
917,6363,17
918,6363,4
919,6363,2
920,6363,3
921,6363,3
922,6363,5
923,6363,5
924,6363,4
925,6363,5
926,6363,3
927,6363,1
928,6363,2
930,6363,1
933,6363,2
934,6363,2
935,6363,4
936,6363,1
939,6363,1
940,6363,1
941,6363,1
942,6363,6
943,6363,42
944,6363,10
945,6363,4
946,6363,11
947,6363,18
948,6363,13
949,6363,6
950,6363,1
953,6363,2
954,6363,4
955,6363,8
956,6363,26
957,6363,6
958,6363,13
959,6363,22
960,6363,36
961,6363,22
962,6363,14
963,6363,12
964,6363,9
965,6363,5
966,6363,22
967,6363,13
968,6363,28
969,6363,87
970,6363,38
971,6363,8
972,6363,18
973,6363,101
974,6363,93
975,6363,1234
976,6363,290
977,6363,4
981,6363,3
982,6363,32
983,6363,4
984,6363,5
985,6363,3
986,6363,1
988,6363,1
1005,6363,1
1007,6363,1
1008,6363,1
879,6364,1
883,6364,1
885,6364,1
886,6364,1
887,6364,6
888,6364,16
889,6364,28
890,6364,14
891,6364,5
893,6364,1
894,6364,1
895,6364,3
897,6364,1
898,6364,2
901,6364,1
902,6364,1
903,6364,5
904,6364,2
905,6364,1
907,6364,2
908,6364,6
909,6364,3
910,6364,3
911,6364,5
912,6364,5
913,6364,13
914,6364,12
915,6364,33
916,6364,43
917,6364,16
918,6364,2
920,6364,4
921,6364,4
922,6364,9
923,6364,6
924,6364,1
925,6364,5
926,6364,7
930,6364,2
931,6364,1
933,6364,1
934,6364,2
935,6364,3
936,6364,4
937,6364,2
940,6364,3
941,6364,9
942,6364,17
943,6364,47
944,6364,13
945,6364,7
946,6364,6
947,6364,21
948,6364,12
949,6364,4
950,6364,1
951,6364,2
953,6364,2
954,6364,5
955,6364,19
956,6364,6
957,6364,2
958,6364,1
959,6364,13
960,6364,41
961,6364,61
962,6364,57
963,6364,24
964,6364,15
965,6364,7
966,6364,11
967,6364,12
968,6364,29
969,6364,49
970,6364,19
971,6364,13
972,6364,118
973,6364,186
974,6364,202
975,6364,710
976,6364,25
981,6364,3
982,6364,24
983,6364,5
984,6364,2
985,6364,1
986,6364,2
987,6364,1
989,6364,1
883,6365,2
885,6365,2
886,6365,5
887,6365,18
888,6365,33
889,6365,11
890,6365,2
891,6365,2
896,6365,1
897,6365,2
898,6365,1
899,6365,2
901,6365,1
903,6365,2
904,6365,1
907,6365,1
908,6365,3
909,6365,2
911,6365,3
912,6365,3
913,6365,4
914,6365,15
915,6365,16
916,6365,7
917,6365,4
919,6365,1
920,6365,3
921,6365,8
922,6365,14
923,6365,4
924,6365,5
925,6365,3
926,6365,9
927,6365,5
928,6365,2
931,6365,3
933,6365,1
934,6365,1
935,6365,1
936,6365,4
937,6365,2
938,6365,2
939,6365,1
940,6365,2
941,6365,12
942,6365,13
943,6365,17
944,6365,3
945,6365,5
946,6365,4
947,6365,26
948,6365,13
949,6365,8
950,6365,4
951,6365,1
952,6365,2
953,6365,3
954,6365,3
955,6365,4
956,6365,1
960,6365,8
961,6365,43
962,6365,59
963,6365,31
964,6365,17
965,6365,9
966,6365,7
967,6365,9
968,6365,17
969,6365,19
970,6365,22
971,6365,12
972,6365,60
973,6365,229
974,6365,1334
975,6365,730
976,6365,3
978,6365,2
981,6365,3
982,6365,57
983,6365,16
984,6365,2
986,6365,1
987,6365,3
988,6365,1
989,6365,5
990,6365,6
991,6365,2
1000,6365,2
1001,6365,2
884,6366,9
885,6366,27
886,6366,34
887,6366,16
888,6366,26
889,6366,8
890,6366,1
891,6366,3
895,6366,1
896,6366,1
899,6366,3
900,6366,2
902,6366,1
908,6366,4
909,6366,3
910,6366,2
911,6366,6
912,6366,5
913,6366,11
914,6366,73
915,6366,53
916,6366,4
917,6366,4
918,6366,4
919,6366,4
920,6366,6
921,6366,16
922,6366,10
923,6366,9
924,6366,9
925,6366,8
926,6366,9
927,6366,3
928,6366,4
929,6366,3
930,6366,2
931,6366,3
932,6366,2
933,6366,1
934,6366,2
935,6366,1
936,6366,2
937,6366,1
938,6366,7
939,6366,4
940,6366,5
941,6366,17
942,6366,7
943,6366,21
944,6366,30
945,6366,19
946,6366,36
947,6366,42
948,6366,17
949,6366,15
950,6366,10
951,6366,7
952,6366,5
953,6366,6
954,6366,2
955,6366,1
956,6366,1
957,6366,1
958,6366,2
959,6366,2
960,6366,5
961,6366,10
962,6366,23
963,6366,23
964,6366,21
965,6366,11
966,6366,7
967,6366,9
968,6366,20
969,6366,21
970,6366,34
971,6366,13
972,6366,53
973,6366,677
974,6366,715
975,6366,29
976,6366,1
979,6366,1
980,6366,1
981,6366,4
982,6366,47
983,6366,32
984,6366,6
985,6366,7
986,6366,9
987,6366,9
988,6366,3
989,6366,4
990,6366,25
991,6366,18
992,6366,9
993,6366,7
994,6366,10
995,6366,6
996,6366,5
997,6366,4
998,6366,3
999,6366,2
1000,6366,2
1001,6366,1
1002,6366,1
883,6367,16
884,6367,40
885,6367,27
886,6367,17
887,6367,6
888,6367,4
889,6367,2
890,6367,1
891,6367,2
894,6367,2
896,6367,1
899,6367,1
900,6367,2
904,6367,1
905,6367,4
906,6367,3
907,6367,3
908,6367,6
909,6367,4
910,6367,6
911,6367,4
912,6367,6
913,6367,29
914,6367,173
915,6367,54
916,6367,8
917,6367,2
919,6367,4
920,6367,5
921,6367,26
922,6367,20
923,6367,47
924,6367,64
925,6367,61
926,6367,41
927,6367,9
928,6367,6
929,6367,7
930,6367,4
931,6367,3
933,6367,2
934,6367,2
935,6367,5
936,6367,8
937,6367,7
938,6367,24
939,6367,34
940,6367,26
941,6367,26
942,6367,19
943,6367,10
944,6367,16
945,6367,17
946,6367,10
947,6367,11
948,6367,15
949,6367,16
950,6367,16
951,6367,10
952,6367,6
953,6367,12
954,6367,4
955,6367,1
956,6367,1
957,6367,10
958,6367,8
959,6367,7
960,6367,6
961,6367,12
962,6367,13
963,6367,25
964,6367,22
965,6367,8
966,6367,16
967,6367,25
968,6367,20
969,6367,41
970,6367,30
971,6367,51
972,6367,320
973,6367,1367
974,6367,248
975,6367,1
977,6367,1
978,6367,1
980,6367,2
981,6367,5
982,6367,3
983,6367,11
984,6367,58
985,6367,93
986,6367,46
987,6367,10
988,6367,1
989,6367,3
990,6367,11
991,6367,5
992,6367,5
993,6367,4
994,6367,1
995,6367,1
996,6367,2
997,6367,12
998,6367,2
999,6367,1
1007,6367,1
879,6368,1
880,6368,2
881,6368,2
882,6368,8
883,6368,11
884,6368,14
885,6368,7
886,6368,2
887,6368,2
888,6368,4
889,6368,2
890,6368,2
891,6368,2
893,6368,1
894,6368,3
895,6368,2
896,6368,1
897,6368,1
898,6368,2
899,6368,2
900,6368,3
901,6368,1
904,6368,1
905,6368,3
906,6368,4
907,6368,3
908,6368,7
909,6368,4
910,6368,12
911,6368,5
912,6368,8
913,6368,93
914,6368,151
915,6368,23
916,6368,3
917,6368,2
918,6368,2
919,6368,2
920,6368,7
921,6368,19
922,6368,38
923,6368,45
924,6368,56
925,6368,45
926,6368,46
927,6368,43
928,6368,14
929,6368,8
930,6368,2
931,6368,1
932,6368,1
933,6368,2
934,6368,2
936,6368,31
937,6368,96
938,6368,118
939,6368,116
940,6368,103
941,6368,93
942,6368,56
943,6368,10
944,6368,5
945,6368,3
946,6368,8
947,6368,3
948,6368,8
949,6368,14
950,6368,4
951,6368,7
952,6368,7
953,6368,7
954,6368,13
955,6368,6
956,6368,4
957,6368,4
958,6368,7
959,6368,7
960,6368,11
961,6368,8
962,6368,6
963,6368,10
964,6368,15
965,6368,13
966,6368,22
967,6368,29
968,6368,28
969,6368,39
970,6368,87
971,6368,1517
972,6368,1358
973,6368,496
974,6368,5
977,6368,1
978,6368,5
979,6368,8
980,6368,15
981,6368,16
982,6368,3
983,6368,4
984,6368,11
985,6368,49
986,6368,56
987,6368,6
989,6368,1
990,6368,4
991,6368,4
992,6368,2
993,6368,1
996,6368,2
997,6368,7
998,6368,2
999,6368,1
1003,6368,1
1007,6368,1
879,6369,1
880,6369,1
881,6369,1
883,6369,1
884,6369,3
885,6369,1
886,6369,2
887,6369,1
888,6369,7
889,6369,6
890,6369,7
891,6369,7
892,6369,3
893,6369,3
894,6369,1
895,6369,1
896,6369,2
897,6369,5
898,6369,2
899,6369,1
900,6369,3
901,6369,4
904,6369,1
905,6369,3
906,6369,8
907,6369,4
908,6369,8
909,6369,5
910,6369,7
911,6369,6
912,6369,7
913,6369,73
914,6369,59
915,6369,10
916,6369,1
919,6369,4
920,6369,21
921,6369,16
922,6369,9
923,6369,10
924,6369,16
925,6369,31
926,6369,24
927,6369,28
928,6369,9
929,6369,6
930,6369,3
931,6369,1
932,6369,4
933,6369,4
934,6369,5
935,6369,6
936,6369,19
937,6369,30
938,6369,10
939,6369,10
940,6369,20
941,6369,48
942,6369,39
943,6369,7
945,6369,3
946,6369,5
947,6369,7
948,6369,6
949,6369,5
950,6369,1
951,6369,2
952,6369,5
953,6369,4
954,6369,7
955,6369,14
956,6369,13
957,6369,3
958,6369,4
959,6369,7
960,6369,12
961,6369,5
962,6369,6
963,6369,13
964,6369,18
965,6369,17
966,6369,21
967,6369,28
968,6369,33
969,6369,37
970,6369,668
971,6369,1570
972,6369,239
973,6369,8
974,6369,2
978,6369,5
979,6369,3
980,6369,5
981,6369,1
983,6369,1
984,6369,4
985,6369,2
986,6369,5
987,6369,6
990,6369,4
991,6369,1
992,6369,2
996,6369,2
997,6369,14
998,6369,2
1000,6369,1
1001,6369,1
1002,6369,2
1003,6369,4
1007,6369,1
884,6370,1
887,6370,1
888,6370,6
889,6370,7
890,6370,14
891,6370,7
892,6370,6
893,6370,4
894,6370,5
895,6370,7
896,6370,1
897,6370,8
898,6370,3
899,6370,1
900,6370,5
901,6370,3
902,6370,1
903,6370,1
904,6370,4
905,6370,2
906,6370,3
907,6370,5
908,6370,8
909,6370,7
910,6370,5
911,6370,10
912,6370,14
913,6370,34
914,6370,52
915,6370,9
916,6370,1
918,6370,2
919,6370,5
920,6370,22
921,6370,22
922,6370,12
923,6370,11
924,6370,20
925,6370,21
926,6370,14
927,6370,8
928,6370,5
929,6370,7
930,6370,6
931,6370,10
932,6370,16
933,6370,13
934,6370,11
935,6370,3
936,6370,1
937,6370,2
940,6370,3
941,6370,3
942,6370,8
943,6370,3
944,6370,1
945,6370,1
947,6370,3
948,6370,4
949,6370,3
950,6370,1
951,6370,1
952,6370,2
953,6370,1
954,6370,2
955,6370,9
956,6370,9
957,6370,14
958,6370,8
959,6370,6
960,6370,2
961,6370,3
962,6370,3
963,6370,5
964,6370,11
965,6370,13
966,6370,19
967,6370,28
968,6370,26
969,6370,70
970,6370,1116
971,6370,315
972,6370,12
973,6370,4
974,6370,2
975,6370,1
977,6370,1
978,6370,1
979,6370,1
980,6370,6
981,6370,2
982,6370,3
986,6370,2
987,6370,1
989,6370,1
994,6370,1
995,6370,1
996,6370,5
997,6370,8
1002,6370,5
1003,6370,2
1004,6370,1
878,6371,1
879,6371,1
882,6371,2
889,6371,9
890,6371,31
891,6371,27
892,6371,18
893,6371,9
894,6371,12
895,6371,10
896,6371,24
897,6371,16
898,6371,10
899,6371,8
900,6371,6
901,6371,4
903,6371,1
904,6371,6
905,6371,3
906,6371,1
907,6371,2
908,6371,4
909,6371,4
910,6371,7
911,6371,7
912,6371,4
913,6371,14
914,6371,50
915,6371,9
917,6371,2
918,6371,3
919,6371,5
920,6371,5
921,6371,8
922,6371,7
923,6371,8
924,6371,7
925,6371,10
926,6371,5
927,6371,5
928,6371,2
929,6371,3
930,6371,35
931,6371,64
932,6371,65
933,6371,30
934,6371,5
935,6371,1
936,6371,2
937,6371,2
939,6371,1
940,6371,2
941,6371,2
942,6371,5
943,6371,5
944,6371,4
945,6371,1
947,6371,1
948,6371,1
949,6371,1
950,6371,1
951,6371,1
952,6371,2
953,6371,1
954,6371,3
955,6371,7
956,6371,6
957,6371,10
958,6371,5
959,6371,7
960,6371,5
961,6371,3
962,6371,4
963,6371,6
964,6371,8
965,6371,15
966,6371,20
967,6371,48
968,6371,84
969,6371,880
970,6371,995
971,6371,46
972,6371,1
973,6371,4
974,6371,5
975,6371,2
977,6371,1
978,6371,1
979,6371,2
980,6371,2
989,6371,1
990,6371,2
991,6371,1
992,6371,1
993,6371,1
994,6371,1
995,6371,1
996,6371,2
1002,6371,5
1003,6371,5
1004,6371,2
879,6372,1
880,6372,2
881,6372,1
882,6372,2
886,6372,1
889,6372,4
890,6372,4
891,6372,14
892,6372,33
893,6372,22
894,6372,20
895,6372,16
896,6372,37
897,6372,60
898,6372,43
899,6372,35
900,6372,41
901,6372,55
902,6372,38
903,6372,11
904,6372,8
905,6372,4
907,6372,1
908,6372,1
909,6372,3
910,6372,3
911,6372,1
912,6372,2
913,6372,7
914,6372,16
915,6372,5
917,6372,3
918,6372,8
919,6372,10
920,6372,6
921,6372,4
922,6372,3
924,6372,1
925,6372,9
926,6372,9
927,6372,3
928,6372,4
929,6372,66
930,6372,81
931,6372,60
932,6372,27
933,6372,10
936,6372,1
941,6372,1
942,6372,2
943,6372,5
944,6372,5
945,6372,2
947,6372,2
948,6372,1
949,6372,4
950,6372,2
951,6372,2
952,6372,2
953,6372,2
954,6372,3
955,6372,2
956,6372,3
957,6372,9
958,6372,5
959,6372,11
960,6372,8
961,6372,6
962,6372,10
963,6372,9
964,6372,19
965,6372,22
966,6372,32
967,6372,127
968,6372,392
969,6372,1933
970,6372,282
971,6372,18
973,6372,1
988,6372,1
990,6372,1
991,6372,1
992,6372,1
994,6372,1
995,6372,1
1002,6372,5
1003,6372,5
879,6373,1
880,6373,2
882,6373,2
883,6373,1
885,6373,1
886,6373,1
889,6373,1
890,6373,1
891,6373,1
892,6373,6
893,6373,29
894,6373,36
895,6373,10
896,6373,2
897,6373,13
898,6373,17
899,6373,23
900,6373,21
901,6373,39
902,6373,64
903,6373,37
904,6373,27
905,6373,26
906,6373,18
907,6373,8
908,6373,6
909,6373,6
910,6373,8
911,6373,9
912,6373,18
913,6373,23
914,6373,19
915,6373,8
916,6373,10
917,6373,30
918,6373,74
919,6373,27
920,6373,11
921,6373,16
922,6373,3
923,6373,4
924,6373,7
925,6373,16
926,6373,58
927,6373,56
928,6373,47
929,6373,59
930,6373,29
931,6373,16
932,6373,6
933,6373,4
934,6373,2
935,6373,3
936,6373,2
939,6373,1
940,6373,1
941,6373,1
943,6373,2
944,6373,4
945,6373,6
946,6373,7
947,6373,3
948,6373,2
950,6373,1
951,6373,1
952,6373,4
953,6373,4
954,6373,6
955,6373,8
956,6373,7
957,6373,29
958,6373,16
959,6373,5
960,6373,7
961,6373,8
962,6373,17
963,6373,20
964,6373,36
965,6373,35
966,6373,57
967,6373,150
968,6373,987
969,6373,2195
970,6373,97
971,6373,7
976,6373,1
991,6373,5
992,6373,5
1001,6373,1
1002,6373,5
1006,6373,1
879,6374,1
880,6374,1
882,6374,3
883,6374,5
884,6374,1
889,6374,2
890,6374,3
891,6374,1
893,6374,1
894,6374,1
899,6374,2
900,6374,2
902,6374,10
903,6374,10
904,6374,16
905,6374,29
906,6374,35
907,6374,54
908,6374,68
909,6374,43
910,6374,66
911,6374,66
912,6374,84
913,6374,97
914,6374,26
915,6374,8
916,6374,11
917,6374,40
918,6374,60
919,6374,22
920,6374,8
921,6374,13
922,6374,13
923,6374,12
924,6374,50
925,6374,121
926,6374,134
927,6374,84
928,6374,39
929,6374,20
930,6374,10
931,6374,5
932,6374,5
933,6374,2
935,6374,1
936,6374,1
937,6374,4
938,6374,3
941,6374,1
942,6374,1
943,6374,1
944,6374,2
945,6374,6
946,6374,7
948,6374,3
951,6374,1
952,6374,2
953,6374,2
954,6374,3
955,6374,10
956,6374,17
957,6374,38
958,6374,18
959,6374,6
960,6374,4
961,6374,7
962,6374,17
963,6374,49
964,6374,63
965,6374,55
966,6374,65
967,6374,252
968,6374,913
969,6374,1088
970,6374,47
971,6374,3
974,6374,1
976,6374,5
977,6374,14
978,6374,2
980,6374,3
981,6374,2
982,6374,4
983,6374,1
986,6374,2
989,6374,2
990,6374,6
991,6374,7
992,6374,8
993,6374,6
994,6374,1
996,6374,1
1001,6374,2
1002,6374,2
1006,6374,2
877,6375,1
880,6375,1
881,6375,3
882,6375,12
883,6375,6
889,6375,2
890,6375,2
893,6375,1
894,6375,1
895,6375,1
896,6375,1
901,6375,1
902,6375,2
903,6375,1
904,6375,3
905,6375,8
906,6375,10
907,6375,37
908,6375,75
909,6375,67
910,6375,54
911,6375,41
912,6375,43
913,6375,46
914,6375,19
915,6375,13
916,6375,9
917,6375,11
918,6375,6
919,6375,7
920,6375,4
921,6375,7
922,6375,12
923,6375,25
924,6375,95
925,6375,102
926,6375,122
927,6375,51
928,6375,17
929,6375,12
930,6375,6
931,6375,3
932,6375,1
933,6375,3
935,6375,1
937,6375,5
938,6375,6
944,6375,1
945,6375,4
946,6375,6
947,6375,11
948,6375,9
949,6375,3
950,6375,2
951,6375,1
953,6375,2
955,6375,2
956,6375,13
957,6375,21
958,6375,9
959,6375,9
960,6375,18
961,6375,11
962,6375,14
963,6375,35
964,6375,38
965,6375,38
966,6375,43
967,6375,212
968,6375,707
969,6375,363
970,6375,25
975,6375,1
976,6375,11
977,6375,17
978,6375,3
979,6375,1
980,6375,3
981,6375,3
982,6375,5
983,6375,6
984,6375,4
985,6375,5
986,6375,4
987,6375,1
988,6375,1
989,6375,4
990,6375,36
991,6375,22
992,6375,19
993,6375,10
994,6375,1
1006,6375,1
877,6376,2
878,6376,1
879,6376,1
880,6376,7
881,6376,11
882,6376,6
883,6376,2
886,6376,1
887,6376,1
890,6376,1
891,6376,2
895,6376,1
899,6376,2
902,6376,1
903,6376,6
904,6376,2
905,6376,7
906,6376,22
907,6376,26
908,6376,27
909,6376,31
910,6376,22
911,6376,16
912,6376,16
913,6376,9
914,6376,15
915,6376,15
916,6376,2
917,6376,3
918,6376,1
919,6376,2
920,6376,5
921,6376,5
922,6376,19
923,6376,48
924,6376,32
925,6376,12
926,6376,8
927,6376,13
928,6376,18
929,6376,12
930,6376,6
931,6376,1
932,6376,3
933,6376,6
934,6376,1
936,6376,1
937,6376,2
938,6376,2
945,6376,1
946,6376,2
947,6376,1
948,6376,1
949,6376,6
950,6376,5
951,6376,5
952,6376,1
953,6376,2
954,6376,2
955,6376,4
956,6376,23
957,6376,24
958,6376,10
959,6376,9
960,6376,48
961,6376,33
962,6376,24
963,6376,22
964,6376,22
965,6376,24
966,6376,21
967,6376,115
968,6376,408
969,6376,147
970,6376,13
974,6376,1
975,6376,1
976,6376,1
977,6376,7
979,6376,1
981,6376,4
982,6376,5
983,6376,15
984,6376,21
985,6376,9
986,6376,8
987,6376,5
988,6376,2
989,6376,6
990,6376,27
991,6376,45
992,6376,31
993,6376,6
994,6376,1
995,6376,2
996,6376,1
998,6376,4
999,6376,4
1000,6376,2
1003,6376,1
1004,6376,1
1005,6376,1
877,6377,1
878,6377,4
879,6377,2
880,6377,14
881,6377,8
891,6377,2
895,6377,1
898,6377,1
899,6377,2
900,6377,1
901,6377,2
902,6377,3
903,6377,12
904,6377,11
905,6377,18
906,6377,44
907,6377,53
908,6377,13
909,6377,14
910,6377,10
911,6377,10
912,6377,10
913,6377,7
914,6377,7
915,6377,3
916,6377,3
917,6377,2
918,6377,1
919,6377,4
920,6377,8
921,6377,7
922,6377,34
923,6377,35
924,6377,7
925,6377,6
926,6377,16
927,6377,12
928,6377,12
929,6377,13
930,6377,9
931,6377,4
932,6377,13
933,6377,25
934,6377,20
935,6377,2
936,6377,2
938,6377,1
946,6377,1
948,6377,1
949,6377,1
950,6377,3
951,6377,3
952,6377,4
953,6377,3
954,6377,4
955,6377,13
956,6377,20
957,6377,9
958,6377,7
959,6377,10
960,6377,64
961,6377,45
962,6377,17
963,6377,15
964,6377,10
965,6377,12
966,6377,17
967,6377,66
968,6377,270
969,6377,72
970,6377,12
971,6377,1
973,6377,5
974,6377,6
975,6377,4
977,6377,3
978,6377,8
979,6377,11
980,6377,15
981,6377,12
982,6377,9
983,6377,8
984,6377,4
985,6377,12
986,6377,8
987,6377,5
988,6377,6
989,6377,23
990,6377,41
991,6377,62
992,6377,66
993,6377,14
994,6377,11
995,6377,10
996,6377,3
997,6377,1
999,6377,19
1000,6377,16
1001,6377,1
1002,6377,2
1003,6377,1
877,6378,4
878,6378,14
879,6378,17
880,6378,9
881,6378,3
893,6378,3
895,6378,3
896,6378,1
897,6378,1
898,6378,3
899,6378,2
900,6378,2
901,6378,5
902,6378,14
903,6378,16
904,6378,16
905,6378,8
906,6378,6
907,6378,22
908,6378,31
909,6378,10
910,6378,3
911,6378,3
912,6378,60
913,6378,69
914,6378,11
915,6378,2
916,6378,1
917,6378,2
918,6378,3
919,6378,4
920,6378,7
921,6378,4
922,6378,13
923,6378,11
924,6378,4
925,6378,5
926,6378,13
927,6378,8
928,6378,4
929,6378,7
930,6378,8
931,6378,9
932,6378,17
933,6378,41
934,6378,40
935,6378,5
938,6378,1
939,6378,1
946,6378,1
947,6378,1
949,6378,2
950,6378,2
953,6378,1
954,6378,3
955,6378,6
956,6378,3
957,6378,1
958,6378,2
959,6378,2
960,6378,6
961,6378,2
963,6378,6
964,6378,4
965,6378,7
966,6378,11
967,6378,17
968,6378,89
969,6378,16
970,6378,9
971,6378,3
972,6378,1
973,6378,8
974,6378,7
975,6378,18
976,6378,25
977,6378,36
978,6378,51
979,6378,51
980,6378,32
981,6378,20
982,6378,27
983,6378,21
984,6378,17
985,6378,23
986,6378,25
987,6378,26
988,6378,35
989,6378,27
990,6378,10
991,6378,12
992,6378,46
993,6378,34
994,6378,4
996,6378,1
998,6378,1
999,6378,9
1000,6378,27
1001,6378,8
877,6379,6
878,6379,8
879,6379,8
880,6379,1
881,6379,1
890,6379,1
891,6379,1
892,6379,1
893,6379,2
895,6379,5
896,6379,2
897,6379,7
898,6379,8
899,6379,9
900,6379,18
901,6379,22
902,6379,9
903,6379,5
904,6379,4
906,6379,1
907,6379,1
908,6379,36
909,6379,49
910,6379,20
911,6379,10
912,6379,111
913,6379,163
914,6379,15
915,6379,5
916,6379,3
917,6379,5
918,6379,8
919,6379,5
920,6379,5
921,6379,1
922,6379,2
923,6379,5
924,6379,4
925,6379,8
926,6379,14
927,6379,12
928,6379,4
929,6379,5
930,6379,6
931,6379,13
932,6379,15
933,6379,46
934,6379,29
935,6379,5
936,6379,4
939,6379,1
947,6379,1
948,6379,3
949,6379,5
950,6379,5
951,6379,3
953,6379,1
954,6379,10
955,6379,3
956,6379,3
957,6379,4
958,6379,3
959,6379,2
960,6379,2
961,6379,1
965,6379,3
966,6379,7
967,6379,5
968,6379,11
969,6379,86
970,6379,389
971,6379,106
972,6379,29
973,6379,5
974,6379,8
975,6379,17
976,6379,8
977,6379,7
978,6379,4
979,6379,24
980,6379,5
981,6379,1
983,6379,2
984,6379,6
985,6379,2
986,6379,3
987,6379,2
988,6379,4
989,6379,6
990,6379,7
991,6379,13
992,6379,15
993,6379,33
998,6379,1
999,6379,3
1000,6379,4
1001,6379,2
1002,6379,1
871,6380,1
872,6380,1
876,6380,3
877,6380,5
878,6380,2
882,6380,1
883,6380,1
892,6380,2
893,6380,1
895,6380,6
896,6380,8
897,6380,9
898,6380,11
899,6380,12
900,6380,12
901,6380,3
902,6380,1
904,6380,1
905,6380,2
906,6380,1
908,6380,4
909,6380,19
910,6380,10
911,6380,14
912,6380,144
913,6380,125
914,6380,15
915,6380,2
916,6380,3
917,6380,3
918,6380,4
919,6380,3
920,6380,1
922,6380,2
923,6380,5
924,6380,4
925,6380,6
926,6380,12
927,6380,19
928,6380,15
929,6380,5
930,6380,10
931,6380,14
932,6380,10
933,6380,26
934,6380,17
935,6380,5
936,6380,5
937,6380,1
938,6380,1
939,6380,1
940,6380,1
941,6380,1
947,6380,5
948,6380,7
949,6380,25
950,6380,27
951,6380,12
952,6380,6
953,6380,6
954,6380,27
955,6380,17
956,6380,4
957,6380,5
958,6380,1
959,6380,1
960,6380,1
964,6380,1
965,6380,2
966,6380,1
967,6380,7
968,6380,20
969,6380,97
970,6380,998
971,6380,766
972,6380,142
973,6380,44
974,6380,18
975,6380,14
976,6380,4
977,6380,4
978,6380,28
979,6380,29
980,6380,4
981,6380,1
983,6380,5
984,6380,11
986,6380,1
987,6380,1
988,6380,3
989,6380,5
990,6380,3
991,6380,11
992,6380,3
993,6380,36
994,6380,3
996,6380,1
997,6380,2
998,6380,1
1000,6380,1
1001,6380,1
1002,6380,2
871,6381,1
876,6381,2
877,6381,1
878,6381,1
879,6381,1
880,6381,1
882,6381,1
883,6381,1
890,6381,4
891,6381,3
892,6381,5
894,6381,3
895,6381,5
896,6381,8
897,6381,4
898,6381,4
899,6381,6
900,6381,3
901,6381,1
902,6381,1
903,6381,3
905,6381,1
908,6381,3
909,6381,8
910,6381,6
911,6381,59
912,6381,126
913,6381,43
914,6381,16
915,6381,4
916,6381,2
917,6381,2
918,6381,6
919,6381,5
920,6381,5
921,6381,2
922,6381,1
923,6381,8
924,6381,9
925,6381,9
926,6381,5
927,6381,13
928,6381,17
929,6381,7
930,6381,4
931,6381,4
932,6381,16
933,6381,49
934,6381,42
935,6381,11
936,6381,3
937,6381,5
938,6381,2
940,6381,1
941,6381,1
942,6381,1
943,6381,4
944,6381,5
945,6381,1
947,6381,1
948,6381,1
949,6381,2
950,6381,7
951,6381,8
952,6381,17
953,6381,16
954,6381,27
955,6381,56
956,6381,18
957,6381,7
958,6381,4
960,6381,1
963,6381,1
964,6381,2
965,6381,3
966,6381,12
967,6381,25
968,6381,57
969,6381,150
970,6381,989
971,6381,257
972,6381,22
973,6381,34
974,6381,4
975,6381,4
976,6381,6
977,6381,4
978,6381,31
979,6381,20
980,6381,4
981,6381,1
982,6381,1
983,6381,2
984,6381,12
985,6381,6
988,6381,2
989,6381,12
991,6381,5
993,6381,14
994,6381,2
995,6381,1
996,6381,1
997,6381,3
876,6382,1
877,6382,1
888,6382,3
889,6382,2
890,6382,2
891,6382,1
892,6382,3
894,6382,1
895,6382,3
896,6382,12
897,6382,4
898,6382,3
899,6382,5
900,6382,5
903,6382,2
904,6382,1
906,6382,2
908,6382,2
909,6382,6
910,6382,13
911,6382,47
912,6382,39
913,6382,20
914,6382,13
915,6382,10
916,6382,4
917,6382,2
918,6382,4
919,6382,8
920,6382,3
921,6382,3
922,6382,1
923,6382,4
924,6382,24
925,6382,31
926,6382,8
927,6382,5
928,6382,1
929,6382,6
930,6382,2
931,6382,5
932,6382,51
933,6382,55
934,6382,59
935,6382,33
936,6382,6
937,6382,3
939,6382,1
943,6382,2
944,6382,2
945,6382,1
946,6382,1
947,6382,1
948,6382,1
949,6382,2
950,6382,1
951,6382,2
952,6382,14
953,6382,14
954,6382,16
955,6382,89
956,6382,48
957,6382,15
958,6382,2
959,6382,1
960,6382,3
961,6382,4
962,6382,2
963,6382,1
964,6382,1
965,6382,6
966,6382,79
967,6382,167
968,6382,241
969,6382,1130
970,6382,1164
971,6382,61
972,6382,14
973,6382,10
974,6382,6
975,6382,8
976,6382,23
977,6382,51
978,6382,133
979,6382,40
980,6382,11
982,6382,2
983,6382,5
984,6382,18
985,6382,20
986,6382,2
988,6382,2
989,6382,10
993,6382,4
994,6382,5
995,6382,2
996,6382,2
997,6382,1
998,6382,1
999,6382,1
1006,6382,1
873,6383,1
877,6383,7
878,6383,1
881,6383,1
882,6383,1
883,6383,1
884,6383,1
887,6383,1
888,6383,3
889,6383,4
890,6383,1
892,6383,1
893,6383,2
895,6383,2
896,6383,11
897,6383,5
898,6383,4
899,6383,5
900,6383,5
901,6383,1
902,6383,1
903,6383,1
904,6383,2
905,6383,1
906,6383,3
908,6383,2
909,6383,14
910,6383,29
911,6383,12
912,6383,10
913,6383,15
914,6383,11
915,6383,11
916,6383,5
917,6383,9
918,6383,7
919,6383,3
921,6383,3
922,6383,4
923,6383,6
924,6383,32
925,6383,45
926,6383,18
927,6383,4
928,6383,1
929,6383,5
930,6383,9
931,6383,14
932,6383,36
933,6383,14
934,6383,14
935,6383,25
936,6383,6
937,6383,1
942,6383,1
943,6383,1
944,6383,2
945,6383,2
947,6383,2
948,6383,3
949,6383,2
950,6383,1
951,6383,1
952,6383,5
953,6383,23
954,6383,33
955,6383,53
956,6383,23
957,6383,9
958,6383,15
959,6383,20
960,6383,13
961,6383,7
962,6383,5
963,6383,5
965,6383,2
966,6383,18
967,6383,33
968,6383,102
969,6383,661
970,6383,380
971,6383,26
972,6383,6
973,6383,3
974,6383,8
975,6383,12
976,6383,37
977,6383,129
978,6383,222
979,6383,42
980,6383,5
981,6383,2
983,6383,6
984,6383,20
985,6383,18
988,6383,2
989,6383,5
990,6383,12
992,6383,1
993,6383,10
994,6383,18
995,6383,6
997,6383,1
998,6383,3
999,6383,8
1000,6383,6
1004,6383,1
1006,6383,1
873,6384,1
877,6384,10
878,6384,1
882,6384,1
883,6384,1
884,6384,1
888,6384,2
889,6384,6
891,6384,1
893,6384,2
894,6384,3
895,6384,11
896,6384,11
897,6384,6
899,6384,1
900,6384,3
901,6384,4
902,6384,1
905,6384,1
906,6384,1
907,6384,9
908,6384,23
909,6384,43
910,6384,24
911,6384,6
912,6384,2
913,6384,2
914,6384,15
915,6384,26
916,6384,15
917,6384,7
918,6384,3
919,6384,2
920,6384,4
921,6384,4
922,6384,3
923,6384,3
924,6384,8
925,6384,15
926,6384,14
927,6384,8
928,6384,3
929,6384,5
930,6384,38
931,6384,61
932,6384,38
933,6384,11
934,6384,5
935,6384,15
936,6384,9
937,6384,1
938,6384,1
939,6384,1
940,6384,1
941,6384,1
942,6384,2
943,6384,2
944,6384,1
945,6384,1
946,6384,2
947,6384,4
948,6384,4
950,6384,1
951,6384,1
952,6384,1
953,6384,19
954,6384,39
955,6384,23
956,6384,8
957,6384,12
958,6384,19
959,6384,17
960,6384,8
961,6384,9
962,6384,12
963,6384,12
964,6384,10
965,6384,7
966,6384,10
967,6384,8
968,6384,90
969,6384,120
970,6384,19
971,6384,6
972,6384,8
973,6384,3
974,6384,7
975,6384,13
976,6384,42
977,6384,102
978,6384,31
979,6384,7
980,6384,1
982,6384,1
983,6384,5
984,6384,13
985,6384,13
988,6384,1
989,6384,1
990,6384,10
991,6384,7
992,6384,7
993,6384,56
994,6384,82
995,6384,15
996,6384,1
998,6384,7
999,6384,9
1000,6384,7
1001,6384,1
1002,6384,2
1003,6384,2
1004,6384,2
873,6385,1
877,6385,3
878,6385,1
884,6385,1
887,6385,1
888,6385,3
889,6385,5
892,6385,1
893,6385,2
894,6385,11
895,6385,12
896,6385,5
897,6385,2
898,6385,2
901,6385,1
903,6385,2
904,6385,5
905,6385,4
906,6385,9
907,6385,28
908,6385,34
909,6385,26
910,6385,10
911,6385,5
913,6385,2
914,6385,21
915,6385,214
916,6385,211
917,6385,94
918,6385,52
919,6385,12
920,6385,8
921,6385,4
922,6385,3
923,6385,5
924,6385,3
925,6385,8
926,6385,4
927,6385,3
928,6385,5
929,6385,8
930,6385,30
931,6385,36
932,6385,30
933,6385,9
934,6385,3
935,6385,4
936,6385,2
937,6385,3
938,6385,2
939,6385,3
940,6385,3
941,6385,3
942,6385,2
944,6385,3
945,6385,2
946,6385,4
947,6385,5
948,6385,7
949,6385,10
950,6385,9
951,6385,4
952,6385,3
953,6385,6
954,6385,14
955,6385,10
956,6385,6
957,6385,8
958,6385,4
959,6385,3
960,6385,1
961,6385,2
962,6385,8
963,6385,16
964,6385,16
965,6385,18
966,6385,10
967,6385,10
968,6385,10
969,6385,7
970,6385,6
971,6385,2
973,6385,2
974,6385,1
975,6385,4
976,6385,10
977,6385,6
978,6385,6
979,6385,3
980,6385,3
983,6385,2
984,6385,6
987,6385,2
988,6385,3
991,6385,3
992,6385,2
993,6385,2
994,6385,49
995,6385,74
996,6385,15
998,6385,4
1000,6385,1
1002,6385,1
1003,6385,2
873,6386,1
876,6386,5
877,6386,4
883,6386,1
885,6386,1
888,6386,3
889,6386,2
890,6386,1
892,6386,1
893,6386,6
894,6386,22
895,6386,6
896,6386,3
900,6386,1
901,6386,1
902,6386,2
903,6386,5
904,6386,5
905,6386,8
906,6386,12
907,6386,16
908,6386,7
909,6386,8
912,6386,1
913,6386,10
914,6386,80
915,6386,248
916,6386,207
917,6386,184
918,6386,161
919,6386,87
920,6386,23
921,6386,10
922,6386,13
923,6386,14
924,6386,13
925,6386,6
926,6386,2
927,6386,5
928,6386,4
929,6386,10
930,6386,13
931,6386,24
932,6386,29
933,6386,5
934,6386,2
935,6386,1
936,6386,2
937,6386,3
938,6386,5
939,6386,5
940,6386,1
942,6386,1
943,6386,1
944,6386,5
945,6386,6
946,6386,4
947,6386,2
949,6386,4
950,6386,3
951,6386,7
952,6386,9
953,6386,2
954,6386,3
955,6386,3
956,6386,4
957,6386,4
958,6386,1
959,6386,1
960,6386,1
961,6386,1
962,6386,5
963,6386,6
964,6386,16
965,6386,20
966,6386,18
967,6386,13
968,6386,5
969,6386,4
970,6386,2
971,6386,1
974,6386,1
975,6386,2
976,6386,2
977,6386,3
978,6386,3
979,6386,2
980,6386,7
981,6386,9
982,6386,8
984,6386,10
985,6386,1
986,6386,1
987,6386,4
988,6386,1
991,6386,9
992,6386,8
993,6386,2
994,6386,15
995,6386,25
996,6386,8
997,6386,2
998,6386,3
999,6386,2
1000,6386,1
1005,6386,1
1006,6386,1
876,6387,7
877,6387,4
881,6387,1
882,6387,3
883,6387,3
884,6387,2
885,6387,1
887,6387,1
888,6387,4
889,6387,5
893,6387,6
894,6387,15
895,6387,1
897,6387,1
900,6387,2
901,6387,2
902,6387,5
903,6387,4
904,6387,1
905,6387,3
906,6387,5
907,6387,4
908,6387,1
909,6387,8
910,6387,4
911,6387,2
912,6387,1
913,6387,10
914,6387,61
915,6387,38
916,6387,14
917,6387,21
918,6387,26
919,6387,22
920,6387,18
921,6387,71
922,6387,79
923,6387,51
924,6387,19
925,6387,22
926,6387,5
927,6387,3
928,6387,5
929,6387,15
930,6387,10
931,6387,12
932,6387,18
933,6387,8
934,6387,2
935,6387,1
936,6387,5
937,6387,6
938,6387,5
939,6387,4
940,6387,4
942,6387,1
943,6387,2
944,6387,2
945,6387,2
946,6387,3
949,6387,1
950,6387,5
951,6387,5
952,6387,4
953,6387,4
954,6387,2
955,6387,4
956,6387,5
957,6387,1
958,6387,2
959,6387,1
960,6387,2
962,6387,3
963,6387,3
964,6387,6
965,6387,9
966,6387,8
967,6387,8
968,6387,5
969,6387,4
970,6387,4
971,6387,3
977,6387,1
978,6387,4
979,6387,5
980,6387,33
981,6387,56
982,6387,240
983,6387,139
984,6387,22
985,6387,8
986,6387,1
990,6387,2
991,6387,2
992,6387,4
993,6387,4
994,6387,4
995,6387,2
996,6387,1
997,6387,2
998,6387,1
1006,6387,1
1034,6387,1
873,6388,1
874,6388,1
876,6388,8
877,6388,2
882,6388,2
883,6388,1
884,6388,2
886,6388,1
887,6388,2
888,6388,5
889,6388,5
890,6388,2
892,6388,4
893,6388,16
894,6388,9
900,6388,2
901,6388,2
902,6388,1
903,6388,4
904,6388,3
905,6388,1
906,6388,5
907,6388,7
908,6388,5
909,6388,18
910,6388,32
911,6388,11
912,6388,4
913,6388,9
914,6388,19
915,6388,12
916,6388,6
917,6388,8
918,6388,7
919,6388,3
920,6388,5
921,6388,31
922,6388,61
923,6388,63
924,6388,31
925,6388,57
926,6388,9
927,6388,2
928,6388,2
929,6388,2
930,6388,4
931,6388,5
932,6388,5
933,6388,3
934,6388,2
935,6388,4
936,6388,8
937,6388,6
938,6388,15
939,6388,5
940,6388,3
943,6388,1
946,6388,3
947,6388,1
948,6388,4
949,6388,4
950,6388,1
951,6388,3
952,6388,5
953,6388,7
954,6388,6
955,6388,4
956,6388,7
957,6388,5
958,6388,5
959,6388,16
960,6388,4
961,6388,4
962,6388,3
963,6388,7
964,6388,4
965,6388,5
966,6388,10
967,6388,5
968,6388,4
969,6388,5
970,6388,3
971,6388,3
978,6388,5
979,6388,18
980,6388,46
981,6388,98
982,6388,179
983,6388,46
984,6388,6
990,6388,2
992,6388,1
994,6388,4
995,6388,5
996,6388,6
997,6388,9
998,6388,1
1000,6388,1
1005,6388,1
1006,6388,1
1033,6388,1
1034,6388,1
876,6389,14
877,6389,4
878,6389,1
881,6389,2
882,6389,4
883,6389,6
884,6389,8
885,6389,6
886,6389,2
887,6389,1
888,6389,4
889,6389,7
890,6389,2
891,6389,1
892,6389,7
893,6389,26
894,6389,9
895,6389,1
896,6389,1
900,6389,3
902,6389,2
903,6389,3
904,6389,4
905,6389,1
906,6389,3
907,6389,16
908,6389,11
909,6389,10
910,6389,8
911,6389,10
912,6389,14
913,6389,13
914,6389,13
915,6389,11
916,6389,4
917,6389,10
918,6389,10
919,6389,8
920,6389,10
921,6389,9
922,6389,28
923,6389,29
924,6389,23
925,6389,65
926,6389,37
927,6389,10
928,6389,4
929,6389,24
930,6389,13
931,6389,6
932,6389,3
933,6389,10
934,6389,5
935,6389,4
936,6389,7
937,6389,11
938,6389,29
939,6389,73
940,6389,21
941,6389,3
942,6389,1
946,6389,1
947,6389,3
948,6389,1
950,6389,1
951,6389,1
952,6389,6
953,6389,8
954,6389,11
955,6389,15
956,6389,7
957,6389,6
958,6389,7
959,6389,9
960,6389,9
961,6389,5
962,6389,4
963,6389,3
964,6389,8
965,6389,8
966,6389,15
967,6389,6
968,6389,4
969,6389,9
970,6389,18
971,6389,11
972,6389,6
973,6389,1
976,6389,1
978,6389,3
979,6389,2
980,6389,1
981,6389,9
982,6389,13
983,6389,4
984,6389,2
985,6389,1
987,6389,1
990,6389,1
991,6389,3
992,6389,3
993,6389,1
994,6389,3
995,6389,9
996,6389,9
997,6389,17
998,6389,11
999,6389,1
1002,6389,5
1003,6389,8
1004,6389,4
1005,6389,1
1032,6389,1
1033,6389,1
875,6390,1
876,6390,19
877,6390,5
879,6390,1
880,6390,4
881,6390,3
882,6390,1
883,6390,1
884,6390,1
885,6390,9
886,6390,5
887,6390,3
888,6390,4
889,6390,3
890,6390,1
892,6390,8
893,6390,36
897,6390,1
898,6390,2
899,6390,1
900,6390,5
901,6390,1
903,6390,1
904,6390,2
905,6390,1
906,6390,1
907,6390,18
908,6390,30
909,6390,9
910,6390,3
911,6390,3
912,6390,4
913,6390,8
914,6390,9
915,6390,17
916,6390,10
917,6390,10
918,6390,14
919,6390,37
920,6390,15
921,6390,2
922,6390,23
923,6390,22
924,6390,15
925,6390,56
926,6390,28
927,6390,14
928,6390,12
929,6390,57
930,6390,93
931,6390,30
932,6390,13
933,6390,25
934,6390,8
935,6390,11
936,6390,9
937,6390,8
938,6390,47
939,6390,192
940,6390,181
941,6390,10
942,6390,4
943,6390,3
944,6390,1
945,6390,3
946,6390,1
947,6390,4
948,6390,3
949,6390,1
950,6390,2
951,6390,2
952,6390,3
953,6390,8
954,6390,9
955,6390,9
956,6390,7
957,6390,10
958,6390,4
959,6390,3
960,6390,2
961,6390,4
962,6390,12
963,6390,20
964,6390,19
965,6390,23
966,6390,17
967,6390,9
968,6390,7
969,6390,8
970,6390,24
971,6390,32
972,6390,15
973,6390,3
974,6390,1
975,6390,1
979,6390,1
981,6390,5
982,6390,12
983,6390,7
984,6390,3
986,6390,5
987,6390,1
988,6390,1
989,6390,3
990,6390,3
991,6390,3
992,6390,2
994,6390,1
995,6390,4
996,6390,40
997,6390,11
998,6390,10
999,6390,6
1000,6390,2
1002,6390,1
1003,6390,3
1005,6390,2
1006,6390,1
1029,6390,1
1033,6390,1
1034,6390,1
1035,6390,1
874,6391,1
875,6391,8
876,6391,16
877,6391,1
878,6391,1
885,6391,3
886,6391,3
888,6391,2
889,6391,1
890,6391,1
891,6391,1
892,6391,7
893,6391,41
894,6391,2
895,6391,1
897,6391,3
898,6391,4
899,6391,1
900,6391,2
901,6391,1
902,6391,2
905,6391,1
906,6391,3
907,6391,13
908,6391,33
909,6391,16
910,6391,3
911,6391,3
912,6391,2
913,6391,5
914,6391,10
915,6391,10
916,6391,7
917,6391,37
918,6391,40
919,6391,52
920,6391,13
921,6391,3
922,6391,51
923,6391,73
924,6391,26
925,6391,25
926,6391,7
927,6391,21
928,6391,17
929,6391,16
930,6391,68
931,6391,60
932,6391,7
933,6391,61
934,6391,39
935,6391,13
936,6391,12
937,6391,14
938,6391,28
939,6391,71
940,6391,263
941,6391,92
942,6391,11
943,6391,8
944,6391,6
945,6391,5
946,6391,5
947,6391,4
948,6391,1
949,6391,1
950,6391,1
951,6391,2
952,6391,2
953,6391,4
954,6391,6
955,6391,15
956,6391,25
957,6391,14
958,6391,13
959,6391,16
960,6391,19
961,6391,18
962,6391,20
963,6391,64
964,6391,132
965,6391,76
966,6391,45
967,6391,16
968,6391,10
969,6391,10
970,6391,44
971,6391,151
972,6391,75
975,6391,2
976,6391,4
977,6391,1
978,6391,1
979,6391,2
980,6391,2
981,6391,17
982,6391,49
983,6391,172
984,6391,54
985,6391,16
986,6391,18
987,6391,7
988,6391,2
989,6391,1
990,6391,1
991,6391,1
992,6391,2
993,6391,1
994,6391,2
995,6391,2
996,6391,6
997,6391,29
998,6391,7
999,6391,8
1000,6391,22
1001,6391,1
1004,6391,1
1027,6391,1
1028,6391,1
1031,6391,1
1032,6391,1
1035,6391,1
873,6392,3
874,6392,14
875,6392,11
876,6392,3
879,6392,1
880,6392,1
886,6392,1
889,6392,3
890,6392,3
891,6392,1
892,6392,1
893,6392,47
894,6392,4
895,6392,4
896,6392,1
897,6392,3
898,6392,4
899,6392,8
900,6392,6
901,6392,30
902,6392,11
903,6392,7
904,6392,4
905,6392,9
906,6392,5
907,6392,8
908,6392,19
909,6392,28
910,6392,4
911,6392,6
912,6392,5
913,6392,8
914,6392,9
915,6392,6
916,6392,8
917,6392,31
918,6392,79
919,6392,36
920,6392,7
921,6392,3
922,6392,22
923,6392,40
924,6392,12
925,6392,13
926,6392,6
927,6392,7
928,6392,14
929,6392,19
930,6392,18
931,6392,40
932,6392,22
933,6392,43
934,6392,81
935,6392,59
936,6392,110
937,6392,58
938,6392,6
939,6392,4
940,6392,68
941,6392,171
942,6392,48
943,6392,10
944,6392,8
945,6392,7
946,6392,9
947,6392,15
948,6392,11
949,6392,6
950,6392,5
951,6392,5
952,6392,13
953,6392,17
954,6392,15
955,6392,23
956,6392,131
957,6392,79
958,6392,31
959,6392,35
960,6392,31
961,6392,34
962,6392,198
963,6392,366
964,6392,276
965,6392,30
966,6392,7
967,6392,9
968,6392,8
969,6392,12
970,6392,50
971,6392,312
972,6392,300
973,6392,20
974,6392,5
975,6392,2
976,6392,3
977,6392,2
978,6392,1
979,6392,2
980,6392,3
981,6392,34
982,6392,148
983,6392,523
984,6392,142
985,6392,8
986,6392,12
987,6392,9
988,6392,8
989,6392,1
990,6392,1
991,6392,3
992,6392,1
993,6392,3
994,6392,1
996,6392,1
997,6392,13
998,6392,7
999,6392,22
1000,6392,25
1001,6392,4
1004,6392,2
1005,6392,1
1020,6392,1
872,6393,2
873,6393,16
874,6393,9
875,6393,2
879,6393,1
880,6393,1
889,6393,1
890,6393,4
893,6393,4
894,6393,3
895,6393,5
896,6393,5
897,6393,3
898,6393,1
899,6393,3
900,6393,11
901,6393,47
902,6393,31
903,6393,21
904,6393,9
905,6393,8
906,6393,7
907,6393,9
908,6393,13
909,6393,21
910,6393,9
911,6393,8
912,6393,7
913,6393,4
914,6393,4
915,6393,3
916,6393,15
917,6393,32
918,6393,173
919,6393,82
920,6393,14
921,6393,7
922,6393,30
923,6393,13
924,6393,10
925,6393,17
926,6393,10
927,6393,3
928,6393,10
929,6393,33
930,6393,12
931,6393,25
932,6393,106
933,6393,78
934,6393,204
935,6393,187
936,6393,150
937,6393,10
939,6393,2
940,6393,7
941,6393,88
942,6393,79
943,6393,18
944,6393,10
945,6393,15
946,6393,18
947,6393,12
948,6393,34
949,6393,61
950,6393,97
951,6393,80
952,6393,68
953,6393,67
954,6393,80
955,6393,81
956,6393,135
957,6393,170
958,6393,314
959,6393,134
960,6393,55
961,6393,119
962,6393,160
963,6393,23
964,6393,3
965,6393,7
966,6393,8
967,6393,13
968,6393,30
969,6393,36
970,6393,32
971,6393,312
972,6393,432
973,6393,31
974,6393,14
975,6393,3
978,6393,2
979,6393,1
981,6393,3
982,6393,7
983,6393,63
984,6393,18
985,6393,2
988,6393,2
989,6393,1
990,6393,2
991,6393,4
992,6393,1
993,6393,2
994,6393,4
995,6393,2
996,6393,2
997,6393,6
998,6393,5
999,6393,24
1000,6393,21
1001,6393,6
1002,6393,4
1003,6393,1
1004,6393,2
1005,6393,1
1009,6393,1
1010,6393,1
1020,6393,1
871,6394,5
872,6394,10
873,6394,2
877,6394,1
878,6394,1
883,6394,1
884,6394,1
889,6394,1
890,6394,2
891,6394,1
892,6394,1
893,6394,3
894,6394,3
895,6394,3
896,6394,4
897,6394,3
898,6394,1
899,6394,1
900,6394,2
901,6394,7
902,6394,5
903,6394,10
904,6394,3
905,6394,4
906,6394,2
907,6394,2
908,6394,3
909,6394,18
910,6394,16
911,6394,5
912,6394,7
913,6394,4
914,6394,1
915,6394,2
916,6394,4
917,6394,36
918,6394,125
919,6394,89
920,6394,24
921,6394,3
922,6394,16
923,6394,18
924,6394,12
925,6394,16
926,6394,6
927,6394,14
928,6394,77
929,6394,206
930,6394,56
931,6394,20
932,6394,225
933,6394,136
934,6394,33
935,6394,13
936,6394,12
937,6394,2
938,6394,15
939,6394,9
940,6394,6
941,6394,54
942,6394,55
943,6394,13
944,6394,6
945,6394,15
946,6394,19
947,6394,17
948,6394,34
949,6394,60
950,6394,87
951,6394,78
952,6394,88
953,6394,113
954,6394,116
955,6394,100
956,6394,318
957,6394,331
958,6394,630
959,6394,618
960,6394,458
961,6394,335
962,6394,35
964,6394,1
965,6394,1
966,6394,11
967,6394,63
968,6394,237
969,6394,430
970,6394,47
971,6394,130
972,6394,168
973,6394,119
974,6394,42
975,6394,8
976,6394,1
977,6394,1
978,6394,1
979,6394,1
980,6394,1
981,6394,2
982,6394,2
983,6394,5
984,6394,4
985,6394,1
986,6394,2
987,6394,5
988,6394,2
989,6394,2
990,6394,5
991,6394,3
993,6394,4
994,6394,1
995,6394,5
996,6394,5
997,6394,2
998,6394,5
999,6394,9
1000,6394,23
1001,6394,45
1002,6394,4
1006,6394,1
1007,6394,1
1008,6394,1
867,6395,2
868,6395,7
869,6395,6
870,6395,7
871,6395,15
872,6395,10
873,6395,2
874,6395,2
877,6395,3
878,6395,1
883,6395,1
888,6395,2
889,6395,3
890,6395,1
893,6395,1
894,6395,5
895,6395,4
896,6395,2
897,6395,2
898,6395,3
900,6395,1
901,6395,2
903,6395,2
904,6395,4
905,6395,2
906,6395,1
909,6395,10
910,6395,9
911,6395,7
912,6395,5
913,6395,1
914,6395,3
915,6395,3
916,6395,5
917,6395,21
918,6395,20
919,6395,27
920,6395,35
921,6395,5
922,6395,16
923,6395,46
924,6395,20
925,6395,16
926,6395,9
927,6395,21
928,6395,84
929,6395,483
930,6395,250
931,6395,64
932,6395,196
933,6395,33
934,6395,6
935,6395,3
936,6395,3
937,6395,7
938,6395,23
939,6395,41
940,6395,17
941,6395,34
942,6395,20
943,6395,6
944,6395,4
945,6395,9
946,6395,8
947,6395,7
948,6395,11
949,6395,17
950,6395,29
951,6395,16
952,6395,8
953,6395,6
954,6395,15
955,6395,66
956,6395,345
957,6395,569
958,6395,222
959,6395,68
960,6395,56
961,6395,32
962,6395,2
963,6395,2
964,6395,4
965,6395,36
966,6395,215
967,6395,193
968,6395,357
969,6395,306
970,6395,19
971,6395,9
972,6395,34
973,6395,56
974,6395,51
975,6395,24
976,6395,4
977,6395,1
978,6395,1
979,6395,2
980,6395,1
982,6395,5
983,6395,2
984,6395,18
985,6395,10
986,6395,7
987,6395,6
988,6395,4
989,6395,3
990,6395,2
991,6395,2
992,6395,1
993,6395,2
994,6395,11
995,6395,14
996,6395,2
997,6395,5
998,6395,5
999,6395,3
1000,6395,53
1001,6395,59
1002,6395,16
1003,6395,5
1006,6395,1
864,6396,3
865,6396,6
866,6396,11
867,6396,14
868,6396,8
869,6396,2
870,6396,2
871,6396,1
873,6396,1
877,6396,1
878,6396,1
885,6396,1
886,6396,2
887,6396,2
888,6396,3
894,6396,5
895,6396,4
896,6396,4
897,6396,3
898,6396,13
899,6396,12
900,6396,1
903,6396,3
904,6396,5
905,6396,2
906,6396,2
907,6396,11
908,6396,4
909,6396,7
910,6396,5
911,6396,13
912,6396,3
913,6396,2
914,6396,5
915,6396,13
916,6396,16
917,6396,7
918,6396,4
919,6396,7
920,6396,12
921,6396,13
922,6396,28
923,6396,24
924,6396,27
925,6396,17
926,6396,9
927,6396,68
928,6396,207
929,6396,182
930,6396,59
931,6396,26
932,6396,115
933,6396,78
934,6396,37
935,6396,9
936,6396,3
937,6396,13
938,6396,66
939,6396,84
940,6396,47
941,6396,56
942,6396,12
943,6396,3
944,6396,4
945,6396,2
946,6396,2
947,6396,2
949,6396,1
950,6396,2
951,6396,3
952,6396,3
953,6396,2
954,6396,6
955,6396,37
956,6396,27
957,6396,18
958,6396,7
959,6396,3
960,6396,8
961,6396,69
962,6396,25
963,6396,19
964,6396,23
965,6396,77
966,6396,308
967,6396,132
968,6396,55
969,6396,49
970,6396,10
971,6396,4
972,6396,7
973,6396,68
974,6396,162
975,6396,69
976,6396,9
977,6396,2
980,6396,3
981,6396,2
982,6396,1
983,6396,4
984,6396,363
985,6396,248
986,6396,7
988,6396,1
989,6396,2
990,6396,4
991,6396,1
993,6396,3
994,6396,28
995,6396,13
996,6396,2
997,6396,2
998,6396,2
999,6396,2
1000,6396,7
1001,6396,47
1002,6396,80
1003,6396,10
1004,6396,8
1005,6396,2
1018,6396,1
1021,6396,1
862,6397,5
863,6397,6
864,6397,4
865,6397,1
884,6397,1
885,6397,1
886,6397,2
887,6397,1
888,6397,1
894,6397,1
895,6397,1
896,6397,10
897,6397,4
898,6397,19
899,6397,11
900,6397,7
901,6397,1
902,6397,1
903,6397,3
904,6397,4
905,6397,1
906,6397,1
907,6397,19
908,6397,24
909,6397,28
910,6397,22
911,6397,15
912,6397,6
913,6397,2
914,6397,3
915,6397,21
916,6397,24
917,6397,18
918,6397,13
919,6397,9
920,6397,15
921,6397,16
922,6397,56
923,6397,30
924,6397,19
925,6397,18
926,6397,7
927,6397,59
928,6397,93
929,6397,14
930,6397,7
931,6397,4
932,6397,4
933,6397,42
934,6397,168
935,6397,109
936,6397,13
937,6397,6
938,6397,6
939,6397,10
940,6397,39
941,6397,131
942,6397,24
943,6397,7
944,6397,2
945,6397,4
946,6397,1
947,6397,2
950,6397,2
951,6397,5
952,6397,7
953,6397,10
954,6397,49
955,6397,255
956,6397,74
957,6397,44
958,6397,6
959,6397,4
960,6397,9
961,6397,101
962,6397,208
963,6397,214
964,6397,11
965,6397,20
966,6397,40
967,6397,8
968,6397,1
969,6397,8
970,6397,3
971,6397,3
972,6397,3
973,6397,45
974,6397,218
975,6397,382
976,6397,180
977,6397,11
978,6397,5
979,6397,8
980,6397,10
981,6397,2
983,6397,3
984,6397,27
985,6397,45
986,6397,7
987,6397,1
990,6397,2
992,6397,7
993,6397,17
994,6397,24
995,6397,5
996,6397,1
997,6397,1
998,6397,3
999,6397,13
1000,6397,21
1001,6397,10
1002,6397,11
1003,6397,26
1004,6397,44
1005,6397,39
1006,6397,2
1007,6397,1
1008,6397,2
1018,6397,1
1019,6397,1
1020,6397,1
1021,6397,1
878,6398,1
882,6398,1
883,6398,1
896,6398,7
897,6398,3
898,6398,10
899,6398,4
900,6398,2
901,6398,1
903,6398,3
904,6398,1
905,6398,2
906,6398,3
908,6398,6
909,6398,36
910,6398,54
911,6398,14
912,6398,10
913,6398,4
914,6398,1
915,6398,5
916,6398,6
917,6398,16
918,6398,46
919,6398,85
920,6398,94
921,6398,153
922,6398,45
923,6398,18
924,6398,18
925,6398,34
926,6398,16
927,6398,15
928,6398,9
929,6398,2
930,6398,4
931,6398,3
933,6398,2
934,6398,12
935,6398,20
936,6398,40
937,6398,38
938,6398,7
939,6398,7
940,6398,7
941,6398,84
942,6398,28
943,6398,7
944,6398,1
945,6398,3
947,6398,1
948,6398,2
949,6398,3
950,6398,2
951,6398,6
952,6398,8
953,6398,42
954,6398,139
955,6398,447
956,6398,646
957,6398,420
958,6398,51
959,6398,11
960,6398,18
961,6398,28
962,6398,24
963,6398,109
964,6398,22
965,6398,2
968,6398,1
969,6398,18
970,6398,3
971,6398,1
972,6398,1
973,6398,2
974,6398,67
975,6398,262
976,6398,263
977,6398,42
978,6398,99
979,6398,137
980,6398,24
981,6398,10
982,6398,1
983,6398,2
984,6398,22
985,6398,15
986,6398,4
987,6398,5
988,6398,1
989,6398,1
990,6398,2
992,6398,16
993,6398,25
994,6398,5
995,6398,2
996,6398,6
997,6398,12
998,6398,26
999,6398,35
1000,6398,7
1001,6398,3
1003,6398,2
1004,6398,4
1005,6398,39
1006,6398,11
1007,6398,29
1008,6398,45
1043,6398,1
1044,6398,1
882,6399,1
883,6399,1
884,6399,1
887,6399,1
888,6399,1
895,6399,2
896,6399,4
897,6399,4
898,6399,7
901,6399,1
903,6399,3
904,6399,4
905,6399,4
906,6399,11
907,6399,3
909,6399,12
910,6399,28
911,6399,10
912,6399,2
913,6399,2
915,6399,3
916,6399,12
917,6399,46
918,6399,92
919,6399,75
920,6399,43
921,6399,169
922,6399,6
923,6399,11
924,6399,51
925,6399,27
926,6399,4
927,6399,6
928,6399,6
929,6399,3
930,6399,3
931,6399,3
932,6399,1
934,6399,2
935,6399,2
936,6399,64
937,6399,57
938,6399,19
939,6399,19
940,6399,41
941,6399,66
942,6399,12
943,6399,4
944,6399,4
945,6399,2
947,6399,1
948,6399,2
951,6399,4
952,6399,14
953,6399,34
954,6399,42
955,6399,23
956,6399,165
957,6399,168
958,6399,66
959,6399,142
960,6399,232
961,6399,20
963,6399,3
964,6399,71
965,6399,3
966,6399,12
967,6399,5
968,6399,13
969,6399,33
970,6399,8
971,6399,1
972,6399,1
973,6399,1
974,6399,1
975,6399,1
976,6399,2
977,6399,16
978,6399,322
979,6399,355
980,6399,242
981,6399,63
982,6399,1
983,6399,3
984,6399,9
985,6399,8
986,6399,4
987,6399,2
988,6399,1
989,6399,4
990,6399,2
991,6399,3
992,6399,12
993,6399,8
994,6399,4
995,6399,25
996,6399,52
997,6399,25
998,6399,16
999,6399,3
1002,6399,1
1003,6399,4
1004,6399,5
1005,6399,27
1006,6399,20
1007,6399,50
1008,6399,47
1009,6399,29
1011,6399,1
1012,6399,1
1013,6399,1
1021,6399,1
881,6400,1
882,6400,1
883,6400,1
884,6400,2
887,6400,2
888,6400,1
892,6400,1
894,6400,1
896,6400,5
897,6400,5
898,6400,3
899,6400,1
902,6400,1
903,6400,1
904,6400,1
905,6400,2
906,6400,3
907,6400,2
908,6400,2
909,6400,20
910,6400,13
911,6400,9
912,6400,9
913,6400,2
914,6400,4
915,6400,2
916,6400,34
917,6400,12
918,6400,13
919,6400,4
920,6400,16
921,6400,97
922,6400,40
923,6400,37
924,6400,22
925,6400,3
926,6400,1
927,6400,1
928,6400,4
929,6400,3
930,6400,2
931,6400,2
932,6400,2
933,6400,2
935,6400,2
936,6400,80
937,6400,70
938,6400,27
939,6400,60
940,6400,129
941,6400,92
942,6400,3
943,6400,2
944,6400,3
945,6400,3
946,6400,2
947,6400,2
948,6400,1
949,6400,2
950,6400,1
951,6400,2
952,6400,5
953,6400,12
954,6400,13
955,6400,18
956,6400,11
957,6400,20
958,6400,19
959,6400,20
960,6400,63
961,6400,5
962,6400,1
963,6400,4
964,6400,38
965,6400,24
966,6400,17
967,6400,31
968,6400,7
969,6400,2
970,6400,7
971,6400,2
975,6400,9
976,6400,7
977,6400,22
978,6400,154
979,6400,149
980,6400,18
981,6400,4
982,6400,1
983,6400,2
984,6400,2
985,6400,1
988,6400,2
989,6400,4
990,6400,6
991,6400,14
992,6400,48
993,6400,20
994,6400,57
995,6400,43
996,6400,14
997,6400,20
998,6400,24
999,6400,6
1000,6400,1
1001,6400,2
1002,6400,1
1003,6400,5
1004,6400,5
1005,6400,12
1006,6400,1
1007,6400,19
1008,6400,49
1009,6400,44
1010,6400,1
1012,6400,1
1016,6400,1
1021,6400,1
881,6401,1
882,6401,1
883,6401,2
887,6401,1
889,6401,1
893,6401,2
894,6401,4
895,6401,2
896,6401,12
897,6401,8
898,6401,1
899,6401,2
900,6401,2
901,6401,1
902,6401,1
907,6401,2
908,6401,16
909,6401,42
910,6401,10
911,6401,14
912,6401,13
913,6401,4
914,6401,8
915,6401,11
916,6401,56
917,6401,37
918,6401,10
919,6401,2
920,6401,21
921,6401,119
922,6401,125
923,6401,50
924,6401,9
925,6401,2
929,6401,4
930,6401,5
931,6401,3
933,6401,2
934,6401,3
935,6401,11
936,6401,109
937,6401,29
938,6401,8
939,6401,14
940,6401,36
941,6401,22
942,6401,2
943,6401,3
944,6401,2
945,6401,3
946,6401,1
947,6401,3
948,6401,3
949,6401,2
950,6401,2
951,6401,1
952,6401,5
953,6401,7
954,6401,6
955,6401,9
956,6401,6
957,6401,4
958,6401,7
959,6401,7
960,6401,10
961,6401,4
962,6401,3
963,6401,5
964,6401,11
965,6401,34
966,6401,37
967,6401,16
970,6401,2
971,6401,17
972,6401,18
973,6401,3
974,6401,1
975,6401,25
976,6401,17
977,6401,17
978,6401,9
979,6401,19
980,6401,4
981,6401,9
982,6401,6
983,6401,1
984,6401,2
985,6401,1
986,6401,1
989,6401,4
990,6401,13
991,6401,80
992,6401,110
993,6401,101
994,6401,32
995,6401,12
996,6401,8
997,6401,19
998,6401,6
999,6401,13
1000,6401,1
1001,6401,1
1002,6401,9
1003,6401,13
1004,6401,9
1005,6401,6
1006,6401,3
1008,6401,16
1009,6401,30
1010,6401,21
1011,6401,14
1012,6401,1
1013,6401,3
1015,6401,2
1021,6401,1
874,6402,1
875,6402,1
882,6402,1
883,6402,3
884,6402,1
889,6402,1
890,6402,1
892,6402,2
893,6402,2
894,6402,1
895,6402,2
896,6402,2
897,6402,1
900,6402,1
901,6402,3
902,6402,3
903,6402,1
906,6402,1
907,6402,1
908,6402,6
909,6402,20
910,6402,9
911,6402,7
912,6402,7
913,6402,7
914,6402,12
915,6402,33
916,6402,36
917,6402,32
918,6402,24
919,6402,5
920,6402,8
921,6402,13
922,6402,34
923,6402,84
924,6402,34
925,6402,2
927,6402,1
928,6402,1
929,6402,6
930,6402,7
931,6402,5
932,6402,1
933,6402,1
934,6402,7
935,6402,92
936,6402,100
937,6402,14
938,6402,2
939,6402,3
940,6402,4
941,6402,4
942,6402,4
943,6402,4
944,6402,3
945,6402,4
946,6402,5
947,6402,3
949,6402,3
950,6402,7
951,6402,10
952,6402,9
953,6402,5
954,6402,18
955,6402,82
956,6402,10
957,6402,6
960,6402,2
961,6402,2
963,6402,4
964,6402,4
965,6402,9
966,6402,4
971,6402,3
972,6402,15
973,6402,5
974,6402,15
975,6402,10
976,6402,1
979,6402,1
980,6402,19
981,6402,73
982,6402,15
983,6402,2
985,6402,1
986,6402,3
987,6402,7
988,6402,13
989,6402,5
990,6402,6
991,6402,28
992,6402,34
993,6402,12
994,6402,6
995,6402,2
996,6402,20
997,6402,11
998,6402,4
999,6402,7
1001,6402,3
1002,6402,10
1003,6402,2
1005,6402,1
1007,6402,4
1008,6402,2
1009,6402,20
1010,6402,33
1011,6402,47
1012,6402,79
1013,6402,53
1014,6402,4
1022,6402,1
1023,6402,1
864,6403,1
874,6403,2
875,6403,2
883,6403,3
884,6403,5
885,6403,3
893,6403,5
894,6403,7
895,6403,8
896,6403,3
897,6403,5
898,6403,4
899,6403,2
900,6403,2
901,6403,1
902,6403,3
903,6403,2
904,6403,3
905,6403,3
906,6403,5
907,6403,2
908,6403,4
909,6403,3
910,6403,24
911,6403,17
912,6403,5
913,6403,12
914,6403,14
915,6403,21
916,6403,22
917,6403,37
918,6403,42
919,6403,22
920,6403,10
921,6403,8
922,6403,9
923,6403,70
924,6403,73
925,6403,9
926,6403,2
929,6403,3
930,6403,2
931,6403,6
932,6403,4
933,6403,3
934,6403,11
935,6403,60
936,6403,47
937,6403,9
939,6403,1
940,6403,2
941,6403,1
942,6403,1
943,6403,5
944,6403,1
945,6403,6
946,6403,11
947,6403,10
948,6403,8
949,6403,4
950,6403,8
951,6403,15
952,6403,54
953,6403,201
954,6403,817
955,6403,450
956,6403,17
959,6403,1
962,6403,1
963,6403,1
964,6403,1
965,6403,7
966,6403,1
971,6403,7
972,6403,14
973,6403,16
974,6403,10
975,6403,8
976,6403,6
977,6403,1
978,6403,2
979,6403,21
980,6403,59
981,6403,84
982,6403,22
985,6403,3
986,6403,5
987,6403,17
988,6403,12
989,6403,4
990,6403,3
991,6403,3
993,6403,1
996,6403,1
998,6403,3
999,6403,44
1000,6403,76
1001,6403,52
1002,6403,1
1005,6403,1
1006,6403,8
1007,6403,17
1008,6403,10
1009,6403,13
1010,6403,23
1011,6403,11
1012,6403,17
1013,6403,97
1014,6403,42
1015,6403,3
1020,6403,1
1022,6403,1
1023,6403,3
864,6404,1
865,6404,1
875,6404,1
876,6404,1
885,6404,2
892,6404,4
893,6404,6
894,6404,3
895,6404,2
897,6404,16
898,6404,27
899,6404,4
900,6404,1
902,6404,6
903,6404,11
904,6404,3
905,6404,4
906,6404,11
907,6404,3
908,6404,25
909,6404,53
910,6404,28
911,6404,9
912,6404,6
913,6404,12
914,6404,10
915,6404,24
916,6404,24
917,6404,39
918,6404,17
919,6404,13
920,6404,18
921,6404,73
922,6404,52
923,6404,45
924,6404,27
925,6404,11
926,6404,2
927,6404,1
929,6404,2
930,6404,1
931,6404,6
932,6404,7
933,6404,5
934,6404,16
935,6404,30
936,6404,45
937,6404,32
938,6404,2
943,6404,2
944,6404,4
945,6404,6
946,6404,9
947,6404,29
948,6404,39
949,6404,48
950,6404,67
951,6404,125
952,6404,643
953,6404,936
954,6404,762
955,6404,10
956,6404,6
957,6404,1
959,6404,25
960,6404,2
961,6404,4
964,6404,1
965,6404,1
968,6404,2
969,6404,5
970,6404,7
971,6404,2
972,6404,12
973,6404,31
974,6404,7
975,6404,12
976,6404,5
977,6404,2
978,6404,9
979,6404,24
980,6404,31
981,6404,32
982,6404,16
983,6404,3
984,6404,1
986,6404,2
987,6404,46
988,6404,74
989,6404,51
990,6404,15
991,6404,1
993,6404,2
994,6404,6
995,6404,7
996,6404,10
997,6404,4
998,6404,7
999,6404,18
1000,6404,3
1001,6404,4
1002,6404,2
1003,6404,1
1004,6404,5
1005,6404,5
1006,6404,5
1007,6404,4
1008,6404,2
1009,6404,1
1010,6404,1
1012,6404,2
1013,6404,21
1014,6404,92
1015,6404,95
1016,6404,1
1020,6404,3
1022,6404,1
1023,6404,3
862,6405,1
865,6405,1
868,6405,1
876,6405,3
877,6405,2
878,6405,1
883,6405,1
884,6405,2
885,6405,1
887,6405,2
888,6405,2
892,6405,8
893,6405,7
894,6405,2
895,6405,3
896,6405,13
897,6405,37
898,6405,26
899,6405,2
902,6405,7
903,6405,20
904,6405,6
905,6405,1
906,6405,4
907,6405,4
908,6405,5
909,6405,101
910,6405,57
911,6405,11
912,6405,11
913,6405,22
914,6405,24
915,6405,29
916,6405,9
917,6405,15
918,6405,7
919,6405,2
920,6405,15
921,6405,70
922,6405,108
923,6405,13
924,6405,16
925,6405,13
926,6405,6
927,6405,7
928,6405,1
929,6405,1
930,6405,1
931,6405,2
932,6405,4
933,6405,12
934,6405,100
935,6405,121
936,6405,48
937,6405,6
938,6405,3
941,6405,1
942,6405,2
943,6405,2
944,6405,5
945,6405,4
946,6405,7
947,6405,39
948,6405,546
949,6405,962
950,6405,745
951,6405,324
952,6405,894
953,6405,555
954,6405,27
955,6405,40
956,6405,16
957,6405,2
958,6405,2
959,6405,56
960,6405,72
961,6405,12
964,6405,3
965,6405,3
966,6405,1
967,6405,5
968,6405,36
969,6405,31
970,6405,5
973,6405,3
974,6405,22
975,6405,5
976,6405,8
977,6405,3
978,6405,7
979,6405,13
980,6405,29
981,6405,47
982,6405,4
983,6405,5
986,6405,1
987,6405,40
988,6405,297
989,6405,258
990,6405,109
993,6405,3
994,6405,23
995,6405,33
996,6405,16
997,6405,17
998,6405,20
999,6405,36
1000,6405,40
1001,6405,75
1002,6405,93
1003,6405,13
1004,6405,2
1005,6405,1
1010,6405,4
1011,6405,2
1012,6405,5
1013,6405,6
1014,6405,49
1015,6405,18
1016,6405,2
1017,6405,1
1019,6405,1
1020,6405,1
1021,6405,2
1022,6405,1
1023,6405,3
862,6406,1
868,6406,1
875,6406,1
876,6406,1
877,6406,1
883,6406,2
884,6406,2
885,6406,1
886,6406,1
887,6406,2
891,6406,3
892,6406,5
894,6406,13
895,6406,41
896,6406,16
897,6406,6
898,6406,2
900,6406,1
902,6406,2
903,6406,19
904,6406,7
905,6406,2
906,6406,5
907,6406,7
908,6406,23
909,6406,116
910,6406,63
911,6406,15
912,6406,15
913,6406,37
914,6406,41
915,6406,19
916,6406,5
917,6406,3
918,6406,1
919,6406,4
920,6406,8
921,6406,37
922,6406,200
923,6406,97
924,6406,34
925,6406,18
926,6406,12
927,6406,8
929,6406,1
930,6406,4
931,6406,3
932,6406,7
933,6406,33
934,6406,140
935,6406,52
936,6406,13
937,6406,2
938,6406,1
939,6406,1
940,6406,3
941,6406,5
942,6406,1
943,6406,4
944,6406,11
945,6406,11
946,6406,13
947,6406,49
948,6406,330
949,6406,238
950,6406,163
951,6406,109
952,6406,87
953,6406,10
954,6406,7
955,6406,13
956,6406,8
957,6406,4
959,6406,2
960,6406,100
961,6406,53
962,6406,6
965,6406,2
966,6406,2
967,6406,12
968,6406,54
969,6406,27
971,6406,1
973,6406,1
974,6406,10
975,6406,16
976,6406,18
977,6406,14
978,6406,11
979,6406,12
980,6406,45
981,6406,53
982,6406,9
983,6406,2
984,6406,2
985,6406,2
986,6406,10
987,6406,21
988,6406,233
989,6406,479
990,6406,119
991,6406,1
995,6406,1
996,6406,2
997,6406,2
998,6406,5
999,6406,27
1000,6406,40
1001,6406,69
1002,6406,106
1003,6406,21
1008,6406,2
1009,6406,2
1010,6406,9
1011,6406,11
1012,6406,9
1013,6406,6
1014,6406,9
1015,6406,19
1016,6406,21
1017,6406,10
1018,6406,7
1019,6406,5
1020,6406,7
1021,6406,4
1022,6406,2
1023,6406,1
1043,6406,1
1044,6406,1
862,6407,1
875,6407,1
876,6407,1
881,6407,1
883,6407,3
885,6407,1
886,6407,3
889,6407,1
890,6407,3
891,6407,1
893,6407,3
894,6407,29
895,6407,12
896,6407,4
897,6407,1
899,6407,6
900,6407,11
901,6407,2
902,6407,1
903,6407,6
904,6407,11
905,6407,5
906,6407,34
907,6407,10
908,6407,77
909,6407,150
910,6407,98
911,6407,18
912,6407,9
913,6407,73
914,6407,75
915,6407,28
916,6407,1
918,6407,1
919,6407,1
920,6407,3
921,6407,17
922,6407,90
923,6407,95
924,6407,24
925,6407,27
926,6407,13
927,6407,7
928,6407,2
929,6407,2
930,6407,1
931,6407,2
932,6407,7
933,6407,84
934,6407,84
935,6407,8
937,6407,3
939,6407,1
940,6407,2
941,6407,5
942,6407,1
943,6407,5
944,6407,64
945,6407,207
946,6407,783
947,6407,582
948,6407,186
949,6407,1
950,6407,1
951,6407,13
952,6407,35
953,6407,4
955,6407,1
956,6407,4
957,6407,3
960,6407,2
961,6407,20
962,6407,28
963,6407,3
965,6407,1
968,6407,5
969,6407,7
971,6407,1
973,6407,5
974,6407,6
976,6407,3
977,6407,8
978,6407,28
979,6407,25
980,6407,87
981,6407,36
982,6407,8
983,6407,3
984,6407,1
985,6407,6
986,6407,15
987,6407,26
988,6407,49
989,6407,324
990,6407,38
991,6407,2
992,6407,1
998,6407,2
999,6407,2
1000,6407,2
1001,6407,30
1002,6407,49
1003,6407,8
1005,6407,2
1006,6407,2
1007,6407,1
1008,6407,7
1009,6407,11
1010,6407,3
1014,6407,2
1015,6407,6
1016,6407,15
1017,6407,8
1018,6407,7
1019,6407,5
1020,6407,3
1022,6407,3
1043,6407,1
1044,6407,1
882,6408,2
883,6408,1
886,6408,1
890,6408,4
891,6408,3
892,6408,1
893,6408,4
894,6408,38
895,6408,5
896,6408,3
897,6408,2
898,6408,1
899,6408,8
900,6408,9
901,6408,2
902,6408,3
903,6408,4
904,6408,5
905,6408,5
906,6408,33
907,6408,78
908,6408,103
909,6408,85
910,6408,76
911,6408,27
912,6408,10
913,6408,29
914,6408,51
915,6408,25
916,6408,7
917,6408,1
918,6408,2
919,6408,3
920,6408,3
921,6408,8
922,6408,20
923,6408,122
924,6408,55
925,6408,32
926,6408,19
927,6408,1
929,6408,2
930,6408,8
931,6408,8
932,6408,12
933,6408,108
934,6408,33
935,6408,4
936,6408,2
937,6408,1
938,6408,2
939,6408,1
940,6408,4
941,6408,5
942,6408,3
943,6408,20
944,6408,59
945,6408,186
946,6408,812
947,6408,123
948,6408,1
951,6408,8
952,6408,52
953,6408,26
954,6408,38
955,6408,83
956,6408,3
957,6408,2
958,6408,4
959,6408,8
960,6408,3
961,6408,2
962,6408,34
963,6408,22
964,6408,1
965,6408,3
966,6408,15
967,6408,3
968,6408,9
969,6408,11
970,6408,1
972,6408,2
973,6408,9
974,6408,6
976,6408,2
977,6408,1
978,6408,30
979,6408,94
980,6408,102
981,6408,30
982,6408,7
983,6408,3
985,6408,8
986,6408,11
987,6408,27
988,6408,35
989,6408,235
990,6408,56
991,6408,11
992,6408,9
993,6408,5
994,6408,1
1000,6408,6
1001,6408,16
1002,6408,6
1003,6408,3
1004,6408,1
1005,6408,2
1006,6408,11
1007,6408,14
1008,6408,14
1012,6408,1
1013,6408,3
1014,6408,6
1016,6408,4
1017,6408,2
1021,6408,2
1022,6408,3
1040,6408,1
1044,6408,1
887,6409,1
888,6409,1
889,6409,2
890,6409,6
892,6409,2
893,6409,9
894,6409,39
895,6409,3
896,6409,3
897,6409,6
898,6409,2
899,6409,10
900,6409,8
901,6409,5
902,6409,13
903,6409,8
904,6409,7
905,6409,9
906,6409,24
907,6409,173
908,6409,116
909,6409,17
910,6409,10
911,6409,5
912,6409,11
913,6409,41
914,6409,66
915,6409,18
916,6409,2
917,6409,11
918,6409,17
919,6409,8
920,6409,5
921,6409,7
922,6409,35
923,6409,162
924,6409,36
925,6409,44
926,6409,20
927,6409,3
928,6409,1
929,6409,2
930,6409,18
931,6409,22
932,6409,19
933,6409,80
934,6409,39
935,6409,8
936,6409,1
937,6409,1
938,6409,2
939,6409,3
940,6409,5
941,6409,4
942,6409,93
943,6409,149
944,6409,50
945,6409,10
946,6409,10
947,6409,3
948,6409,1
949,6409,9
950,6409,10
951,6409,5
952,6409,46
953,6409,54
954,6409,35
955,6409,36
958,6409,11
959,6409,95
960,6409,87
961,6409,5
962,6409,23
963,6409,62
964,6409,17
965,6409,10
966,6409,26
967,6409,12
969,6409,1
970,6409,1
972,6409,1
973,6409,1
974,6409,1
975,6409,3
976,6409,1
978,6409,44
979,6409,92
980,6409,50
981,6409,3
982,6409,2
983,6409,1
984,6409,2
985,6409,6
986,6409,5
987,6409,23
988,6409,39
989,6409,75
990,6409,20
991,6409,26
992,6409,1
993,6409,1
994,6409,7
996,6409,1
998,6409,1
999,6409,5
1000,6409,9
1001,6409,3
1002,6409,7
1003,6409,1
1004,6409,2
1005,6409,2
1006,6409,16
1007,6409,7
1008,6409,2
1009,6409,1
1011,6409,1
1012,6409,15
1013,6409,15
1014,6409,3
1015,6409,1
1016,6409,4
1020,6409,1
1021,6409,1
1022,6409,1
1039,6409,1
1040,6409,1
1043,6409,1
1044,6409,1
869,6410,1
882,6410,1
888,6410,1
889,6410,3
890,6410,3
892,6410,1
893,6410,20
894,6410,47
895,6410,4
896,6410,6
897,6410,5
898,6410,2
899,6410,3
900,6410,2
901,6410,2
902,6410,7
903,6410,19
904,6410,43
905,6410,19
906,6410,51
907,6410,100
908,6410,47
909,6410,21
910,6410,7
911,6410,3
912,6410,7
913,6410,10
914,6410,41
915,6410,8
916,6410,18
917,6410,93
918,6410,107
919,6410,16
920,6410,16
921,6410,14
922,6410,33
923,6410,113
924,6410,42
925,6410,43
926,6410,18
927,6410,5
928,6410,1
929,6410,2
930,6410,17
931,6410,17
932,6410,11
933,6410,72
934,6410,19
935,6410,5
936,6410,2
937,6410,1
938,6410,3
939,6410,6
940,6410,9
941,6410,64
942,6410,291
943,6410,981
944,6410,114
945,6410,8
946,6410,1
947,6410,1
948,6410,11
949,6410,22
950,6410,31
951,6410,8
952,6410,3
953,6410,8
954,6410,8
956,6410,7
957,6410,1
959,6410,34
960,6410,16
961,6410,9
962,6410,2
963,6410,12
964,6410,96
965,6410,30
971,6410,1
977,6410,2
978,6410,29
979,6410,47
980,6410,9
981,6410,2
982,6410,1
983,6410,2
984,6410,3
985,6410,11
986,6410,8
987,6410,28
988,6410,38
989,6410,4
990,6410,7
991,6410,56
992,6410,5
993,6410,5
994,6410,10
995,6410,1
996,6410,2
997,6410,2
998,6410,1
999,6410,1
1000,6410,4
1001,6410,1
1005,6410,2
1006,6410,1
1010,6410,6
1011,6410,8
1012,6410,8
1013,6410,2
1014,6410,3
1015,6410,1
1016,6410,1
1019,6410,2
1020,6410,3
1035,6410,1
1036,6410,1
1037,6410,2
1039,6410,1
1044,6410,1
1045,6410,1
876,6411,1
880,6411,1
881,6411,2
882,6411,2
887,6411,4
888,6411,4
889,6411,2
890,6411,1
891,6411,1
893,6411,6
894,6411,28
895,6411,1
896,6411,4
898,6411,3
900,6411,2
901,6411,8
902,6411,19
903,6411,43
904,6411,102
905,6411,4
906,6411,18
907,6411,91
908,6411,8
909,6411,3
910,6411,3
911,6411,2
912,6411,1
913,6411,3
914,6411,7
915,6411,11
916,6411,20
917,6411,45
918,6411,25
919,6411,3
920,6411,25
921,6411,142
922,6411,187
923,6411,204
924,6411,83
925,6411,58
926,6411,7
927,6411,4
928,6411,2
929,6411,2
930,6411,5
931,6411,3
932,6411,33
933,6411,78
934,6411,21
936,6411,1
938,6411,3
939,6411,3
940,6411,13
941,6411,136
942,6411,429
943,6411,432
944,6411,51
945,6411,25
946,6411,1
947,6411,2
948,6411,4
949,6411,7
950,6411,10
951,6411,5
953,6411,2
954,6411,2
955,6411,13
956,6411,18
957,6411,1
960,6411,1
961,6411,2
962,6411,4
963,6411,2
964,6411,5
965,6411,37
966,6411,4
967,6411,4
968,6411,7
969,6411,14
970,6411,5
971,6411,5
972,6411,15
973,6411,15
974,6411,9
975,6411,4
978,6411,4
980,6411,3
981,6411,3
982,6411,4
983,6411,1
984,6411,3
985,6411,11
986,6411,48
987,6411,20
988,6411,19
989,6411,7
990,6411,4
991,6411,65
992,6411,10
993,6411,7
994,6411,9
995,6411,8
996,6411,3
997,6411,1
1000,6411,1
1001,6411,2
1002,6411,1
1004,6411,3
1005,6411,7
1006,6411,5
1007,6411,4
1008,6411,7
1009,6411,13
1010,6411,16
1011,6411,8
1015,6411,1
1018,6411,4
1019,6411,2
1035,6411,1
1037,6411,2
881,6412,2
882,6412,1
884,6412,1
885,6412,1
886,6412,1
888,6412,4
889,6412,2
891,6412,1
892,6412,9
893,6412,5
894,6412,31
895,6412,1
897,6412,2
900,6412,3
901,6412,11
902,6412,54
903,6412,68
904,6412,78
905,6412,10
906,6412,18
907,6412,17
909,6412,1
911,6412,1
912,6412,1
913,6412,2
914,6412,4
915,6412,5
916,6412,4
918,6412,5
919,6412,11
920,6412,11
921,6412,68
922,6412,128
923,6412,133
924,6412,67
925,6412,144
926,6412,72
927,6412,104
928,6412,42
929,6412,2
930,6412,1
931,6412,1
932,6412,24
933,6412,72
934,6412,16
935,6412,1
938,6412,3
939,6412,7
940,6412,7
941,6412,25
942,6412,37
943,6412,14
944,6412,38
945,6412,22
946,6412,23
947,6412,15
950,6412,7
951,6412,1
952,6412,1
954,6412,9
955,6412,15
956,6412,8
957,6412,8
958,6412,2
964,6412,2
965,6412,28
966,6412,31
967,6412,21
968,6412,40
969,6412,90
970,6412,23
971,6412,93
972,6412,80
973,6412,30
974,6412,59
975,6412,43
976,6412,65
977,6412,64
978,6412,18
980,6412,8
981,6412,8
982,6412,1
983,6412,1
984,6412,3
985,6412,10
986,6412,43
987,6412,58
988,6412,17
991,6412,61
992,6412,28
993,6412,7
994,6412,4
995,6412,7
996,6412,1
997,6412,3
998,6412,5
999,6412,1
1001,6412,1
1002,6412,1
1004,6412,2
1005,6412,17
1006,6412,22
1007,6412,15
1008,6412,7
1009,6412,8
1010,6412,5
1011,6412,4
1013,6412,2
1014,6412,3
1018,6412,2
879,6413,1
880,6413,1
886,6413,1
891,6413,1
892,6413,20
893,6413,25
894,6413,17
895,6413,2
896,6413,1
897,6413,1
898,6413,1
900,6413,7
901,6413,32
902,6413,96
903,6413,22
904,6413,7
905,6413,6
906,6413,70
907,6413,5
912,6413,1
913,6413,6
914,6413,2
915,6413,1
919,6413,3
920,6413,2
921,6413,9
922,6413,78
923,6413,116
924,6413,10
925,6413,7
926,6413,6
927,6413,78
928,6413,48
929,6413,4
932,6413,30
933,6413,28
934,6413,4
935,6413,1
936,6413,1
937,6413,1
938,6413,4
939,6413,4
940,6413,7
941,6413,5
942,6413,2
943,6413,2
944,6413,7
945,6413,7
946,6413,3
947,6413,9
948,6413,1
949,6413,2
950,6413,3
951,6413,6
952,6413,2
954,6413,7
955,6413,7
956,6413,5
957,6413,9
959,6413,5
960,6413,10
961,6413,7
962,6413,3
963,6413,2
964,6413,8
965,6413,11
966,6413,1
970,6413,3
971,6413,23
972,6413,63
973,6413,37
974,6413,139
975,6413,178
976,6413,217
977,6413,191
978,6413,38
979,6413,26
980,6413,9
981,6413,1
982,6413,3
983,6413,15
984,6413,31
985,6413,50
986,6413,23
987,6413,11
988,6413,9
989,6413,5
990,6413,2
991,6413,43
992,6413,13
993,6413,3
994,6413,8
995,6413,5
996,6413,1
997,6413,9
998,6413,10
999,6413,1
1001,6413,1
1003,6413,3
1004,6413,6
1005,6413,18
1006,6413,14
1007,6413,1
1010,6413,2
1013,6413,2
1014,6413,3
1015,6413,1
1017,6413,2
1018,6413,2
1034,6413,1
1035,6413,1
863,6414,1
879,6414,1
880,6414,2
881,6414,2
882,6414,1
886,6414,1
887,6414,1
890,6414,1
891,6414,2
892,6414,8
893,6414,49
894,6414,28
895,6414,1
896,6414,1
898,6414,1
899,6414,2
900,6414,30
901,6414,150
902,6414,39
903,6414,2
904,6414,1
905,6414,41
906,6414,112
907,6414,7
908,6414,1
909,6414,1
910,6414,1
913,6414,3
914,6414,3
915,6414,1
916,6414,1
918,6414,2
919,6414,2
920,6414,1
921,6414,6
922,6414,62
923,6414,131
924,6414,9
925,6414,3
926,6414,3
927,6414,13
928,6414,30
929,6414,3
931,6414,1
932,6414,18
933,6414,1
934,6414,1
935,6414,1
936,6414,1
937,6414,4
938,6414,8
939,6414,9
940,6414,9
941,6414,30
942,6414,5
943,6414,1
944,6414,1
950,6414,2
951,6414,9
952,6414,4
954,6414,3
955,6414,7
956,6414,12
957,6414,1
959,6414,1
960,6414,17
961,6414,21
963,6414,2
964,6414,11
965,6414,3
966,6414,1
967,6414,1
968,6414,1
969,6414,1
974,6414,15
975,6414,55
976,6414,63
977,6414,105
978,6414,15
979,6414,20
980,6414,4
982,6414,10
983,6414,27
984,6414,36
985,6414,140
986,6414,105
987,6414,7
988,6414,2
989,6414,4
990,6414,5
991,6414,11
992,6414,22
993,6414,9
994,6414,6
995,6414,7
996,6414,6
997,6414,13
998,6414,7
999,6414,1
1001,6414,3
1004,6414,4
1005,6414,4
1006,6414,3
1008,6414,1
1009,6414,4
1010,6414,2
1013,6414,2
1014,6414,1
1018,6414,2
1034,6414,1
1035,6414,1
864,6415,1
871,6415,1
880,6415,2
881,6415,2
882,6415,2
883,6415,2
886,6415,4
887,6415,8
890,6415,3
891,6415,3
893,6415,1
894,6415,3
895,6415,3
896,6415,2
897,6415,2
898,6415,9
899,6415,5
900,6415,19
901,6415,38
902,6415,5
904,6415,2
905,6415,101
906,6415,49
907,6415,1
909,6415,3
910,6415,1
913,6415,1
914,6415,1
917,6415,1
918,6415,1
919,6415,3
920,6415,4
921,6415,10
922,6415,72
923,6415,84
924,6415,16
925,6415,2
926,6415,2
927,6415,11
928,6415,4
929,6415,1
931,6415,2
932,6415,3
934,6415,1
935,6415,3
936,6415,6
937,6415,2
938,6415,13
939,6415,8
940,6415,21
941,6415,266
942,6415,73
949,6415,5
950,6415,6
951,6415,3
952,6415,1
954,6415,3
955,6415,2
956,6415,3
957,6415,3
958,6415,1
959,6415,3
960,6415,5
961,6415,22
962,6415,20
963,6415,14
964,6415,11
966,6415,1
967,6415,11
968,6415,4
969,6415,3
970,6415,2
974,6415,2
975,6415,25
976,6415,52
977,6415,4
978,6415,3
979,6415,1
980,6415,2
981,6415,1
982,6415,14
983,6415,60
984,6415,53
985,6415,47
986,6415,113
987,6415,88
988,6415,28
989,6415,7
990,6415,5
991,6415,16
992,6415,7
993,6415,10
994,6415,8
995,6415,7
996,6415,18
997,6415,23
998,6415,8
999,6415,1
1000,6415,6
1001,6415,4
1002,6415,1
1004,6415,1
1006,6415,1
1007,6415,1
1008,6415,3
1009,6415,2
1011,6415,1
1012,6415,1
1013,6415,1
1035,6415,1
1036,6415,1
864,6416,1
871,6416,1
876,6416,1
880,6416,2
881,6416,3
882,6416,1
883,6416,16
884,6416,31
885,6416,4
886,6416,27
887,6416,63
888,6416,14
890,6416,43
891,6416,50
892,6416,9
893,6416,3
894,6416,10
895,6416,8
896,6416,2
898,6416,12
899,6416,17
900,6416,3
901,6416,4
902,6416,1
903,6416,2
904,6416,19
905,6416,85
906,6416,1
909,6416,1
910,6416,2
911,6416,2
913,6416,1
914,6416,3
915,6416,1
917,6416,1
918,6416,1
919,6416,2
920,6416,10
921,6416,85
922,6416,174
923,6416,37
924,6416,13
925,6416,6
926,6416,2
927,6416,8
933,6416,2
934,6416,15
935,6416,7
936,6416,15
937,6416,13
938,6416,7
939,6416,30
940,6416,164
941,6416,563
942,6416,89
943,6416,2
944,6416,1
946,6416,2
947,6416,3
948,6416,4
949,6416,4
950,6416,1
954,6416,1
956,6416,4
957,6416,13
958,6416,5
962,6416,3
963,6416,32
964,6416,22
965,6416,3
967,6416,1
968,6416,12
969,6416,32
970,6416,28
971,6416,19
972,6416,6
973,6416,5
974,6416,9
975,6416,2
976,6416,4
977,6416,5
978,6416,7
979,6416,23
980,6416,6
982,6416,1
983,6416,55
984,6416,44
985,6416,26
986,6416,11
987,6416,96
988,6416,86
989,6416,12
990,6416,2
991,6416,11
992,6416,28
993,6416,41
994,6416,14
995,6416,14
996,6416,27
997,6416,38
998,6416,30
999,6416,4
1000,6416,8
1001,6416,13
1002,6416,4
1017,6416,3
1036,6416,2
873,6417,1
874,6417,1
876,6417,1
882,6417,1
883,6417,24
884,6417,73
885,6417,18
886,6417,5
887,6417,41
888,6417,26
889,6417,3
890,6417,33
891,6417,52
892,6417,33
893,6417,22
894,6417,14
895,6417,6
896,6417,2
897,6417,3
898,6417,7
899,6417,108
900,6417,30
901,6417,2
902,6417,1
903,6417,5
904,6417,6
905,6417,14
906,6417,1
907,6417,1
908,6417,1
910,6417,2
911,6417,2
912,6417,2
913,6417,2
914,6417,2
915,6417,1
916,6417,1
917,6417,1
918,6417,1
919,6417,2
920,6417,8
921,6417,63
922,6417,92
923,6417,10
924,6417,4
925,6417,3
927,6417,3
929,6417,1
933,6417,12
934,6417,38
935,6417,56
936,6417,48
937,6417,35
938,6417,5
939,6417,50
940,6417,435
941,6417,761
942,6417,83
943,6417,1
944,6417,2
947,6417,1
948,6417,1
954,6417,2
957,6417,1
958,6417,4
959,6417,3
963,6417,7
964,6417,12
965,6417,2
966,6417,1
968,6417,1
969,6417,16
970,6417,7
971,6417,1
972,6417,52
973,6417,112
974,6417,115
975,6417,51
976,6417,14
977,6417,8
978,6417,15
979,6417,31
980,6417,1
981,6417,2
982,6417,4
983,6417,5
984,6417,8
985,6417,34
986,6417,21
987,6417,20
988,6417,76
989,6417,28
990,6417,17
991,6417,6
992,6417,12
993,6417,21
994,6417,27
995,6417,48
996,6417,37
997,6417,45
998,6417,18
999,6417,12
1000,6417,7
1001,6417,35
1002,6417,13
1003,6417,1
1004,6417,2
1012,6417,1
1013,6417,2
1014,6417,2
1015,6417,3
1016,6417,3
1017,6417,2
865,6418,1
873,6418,1
874,6418,1
878,6418,1
879,6418,1
880,6418,2
882,6418,1
883,6418,1
884,6418,7
885,6418,1
887,6418,1
888,6418,1
889,6418,2
891,6418,2
892,6418,3
895,6418,1
896,6418,4
897,6418,5
898,6418,2
899,6418,220
900,6418,97
901,6418,64
902,6418,10
903,6418,6
904,6418,25
905,6418,10
906,6418,2
912,6418,2
913,6418,3
914,6418,1
915,6418,1
916,6418,1
918,6418,1
919,6418,4
920,6418,4
921,6418,17
922,6418,26
927,6418,1
928,6418,1
930,6418,3
931,6418,5
932,6418,6
933,6418,11
934,6418,16
935,6418,27
936,6418,18
937,6418,73
938,6418,29
939,6418,41
940,6418,263
941,6418,101
942,6418,40
943,6418,16
944,6418,8
955,6418,1
959,6418,1
962,6418,1
963,6418,3
964,6418,24
965,6418,24
966,6418,4
969,6418,11
970,6418,36
971,6418,23
972,6418,4
973,6418,41
974,6418,23
975,6418,4
976,6418,1
977,6418,4
978,6418,8
979,6418,6
980,6418,1
981,6418,4
982,6418,3
983,6418,3
984,6418,21
985,6418,39
986,6418,22
987,6418,21
988,6418,3
989,6418,2
990,6418,58
991,6418,44
992,6418,24
993,6418,48
994,6418,119
995,6418,39
996,6418,97
997,6418,60
998,6418,44
999,6418,47
1000,6418,4
1001,6418,16
1002,6418,5
1003,6418,6
1004,6418,2
1005,6418,2
1006,6418,2
1007,6418,2
1008,6418,1
1009,6418,1
1011,6418,1
1012,6418,1
1013,6418,3
1015,6418,1
1016,6418,2
1017,6418,1
1018,6418,1
864,6419,1
866,6419,1
871,6419,1
872,6419,1
874,6419,1
876,6419,1
877,6419,9
878,6419,15
879,6419,6
880,6419,1
884,6419,4
885,6419,4
886,6419,1
888,6419,1
889,6419,3
890,6419,1
894,6419,2
895,6419,1
896,6419,2
897,6419,1
898,6419,10
899,6419,139
900,6419,59
901,6419,84
902,6419,47
903,6419,5
904,6419,93
905,6419,33
906,6419,1
908,6419,1
912,6419,4
913,6419,2
914,6419,1
915,6419,3
916,6419,2
917,6419,1
918,6419,3
919,6419,5
920,6419,4
922,6419,3
927,6419,1
928,6419,3
929,6419,5
930,6419,10
931,6419,4
932,6419,18
933,6419,19
934,6419,7
935,6419,3
936,6419,1
937,6419,31
938,6419,27
939,6419,166
940,6419,143
941,6419,4
942,6419,13
943,6419,35
944,6419,14
945,6419,5
946,6419,5
950,6419,1
951,6419,1
953,6419,3
954,6419,1
961,6419,1
962,6419,4
963,6419,26
964,6419,14
965,6419,21
966,6419,29
967,6419,11
970,6419,12
971,6419,89
972,6419,160
973,6419,80
974,6419,13
975,6419,2
976,6419,3
977,6419,4
978,6419,1
980,6419,4
981,6419,5
982,6419,3
983,6419,2
984,6419,7
985,6419,20
986,6419,24
987,6419,15
988,6419,1
989,6419,3
990,6419,25
991,6419,40
992,6419,176
993,6419,186
994,6419,248
995,6419,68
996,6419,191
997,6419,136
998,6419,59
999,6419,109
1000,6419,11
1001,6419,51
1002,6419,70
1003,6419,17
1004,6419,1
1005,6419,1
1006,6419,9
1007,6419,1
1008,6419,1
1009,6419,3
1010,6419,1
1015,6419,1
1016,6419,1
1039,6419,1
871,6420,1
872,6420,1
876,6420,1
877,6420,11
878,6420,10
879,6420,2
880,6420,1
884,6420,2
885,6420,3
888,6420,1
889,6420,3
890,6420,2
895,6420,1
896,6420,1
897,6420,5
898,6420,7
899,6420,113
900,6420,33
901,6420,13
902,6420,26
903,6420,4
904,6420,79
905,6420,33
906,6420,1
908,6420,1
912,6420,2
913,6420,1
914,6420,1
915,6420,2
916,6420,2
917,6420,1
919,6420,2
920,6420,2
921,6420,2
922,6420,1
923,6420,3
924,6420,1
925,6420,1
926,6420,8
927,6420,25
928,6420,17
929,6420,13
930,6420,10
931,6420,6
932,6420,13
933,6420,15
934,6420,15
935,6420,3
936,6420,6
937,6420,10
938,6420,70
939,6420,144
940,6420,7
941,6420,1
942,6420,1
943,6420,2
944,6420,27
945,6420,57
946,6420,13
948,6420,1
950,6420,7
951,6420,4
952,6420,3
953,6420,20
954,6420,25
955,6420,2
956,6420,2
957,6420,7
958,6420,1
959,6420,1
960,6420,1
961,6420,7
962,6420,19
963,6420,16
964,6420,1
966,6420,2
967,6420,3
970,6420,1
971,6420,3
972,6420,24
973,6420,24
974,6420,5
975,6420,3
976,6420,4
978,6420,6
979,6420,8
980,6420,66
981,6420,26
984,6420,5
985,6420,11
986,6420,47
987,6420,30
988,6420,2
989,6420,1
990,6420,2
991,6420,30
992,6420,59
993,6420,43
994,6420,84
995,6420,29
996,6420,26
997,6420,46
998,6420,50
999,6420,136
1000,6420,30
1001,6420,16
1002,6420,45
1003,6420,69
1004,6420,20
1005,6420,24
1006,6420,15
1007,6420,1
1008,6420,7
1009,6420,6
1010,6420,2
863,6421,1
872,6421,1
873,6421,1
874,6421,2
875,6421,1
876,6421,1
877,6421,2
878,6421,2
879,6421,1
880,6421,1
884,6421,3
885,6421,1
889,6421,4
890,6421,1
891,6421,3
894,6421,2
895,6421,2
896,6421,2
897,6421,1
898,6421,12
899,6421,533
900,6421,397
901,6421,8
902,6421,4
903,6421,5
904,6421,11
905,6421,2
913,6421,2
914,6421,5
916,6421,1
918,6421,1
919,6421,2
922,6421,3
923,6421,4
924,6421,1
925,6421,1
926,6421,23
927,6421,44
928,6421,25
929,6421,7
930,6421,5
931,6421,17
932,6421,41
933,6421,46
934,6421,25
935,6421,22
936,6421,115
937,6421,104
938,6421,36
939,6421,17
940,6421,1
941,6421,1
942,6421,1
943,6421,2
944,6421,3
945,6421,29
946,6421,25
947,6421,4
948,6421,1
949,6421,1
950,6421,34
951,6421,5
952,6421,19
953,6421,16
954,6421,36
955,6421,8
956,6421,30
957,6421,29
960,6421,2
961,6421,16
962,6421,29
963,6421,63
964,6421,24
965,6421,7
966,6421,3
967,6421,44
968,6421,22
969,6421,33
970,6421,9
971,6421,1
972,6421,1
974,6421,9
975,6421,48
976,6421,15
977,6421,5
978,6421,19
979,6421,24
980,6421,103
981,6421,1
982,6421,1
984,6421,3
985,6421,21
986,6421,35
987,6421,15
988,6421,2
990,6421,3
991,6421,31
992,6421,14
993,6421,2
994,6421,1
995,6421,2
996,6421,2
997,6421,2
998,6421,13
999,6421,17
1000,6421,1
1001,6421,3
1002,6421,6
1003,6421,53
1004,6421,77
1005,6421,51
1006,6421,22
1007,6421,2
1008,6421,11
1009,6421,19
1010,6421,15
1013,6421,9
1014,6421,12
1015,6421,4
1016,6421,8
1017,6421,3
1018,6421,1
1037,6421,1
867,6422,1
868,6422,1
874,6422,4
876,6422,2
877,6422,2
879,6422,2
880,6422,4
882,6422,1
883,6422,8
884,6422,8
885,6422,4
889,6422,1
891,6422,4
892,6422,4
894,6422,1
897,6422,1
898,6422,9
899,6422,556
900,6422,262
901,6422,36
902,6422,3
903,6422,15
904,6422,5
914,6422,1
915,6422,1
916,6422,1
919,6422,1
920,6422,2
921,6422,2
923,6422,1
924,6422,8
925,6422,11
926,6422,15
927,6422,20
928,6422,6
929,6422,4
930,6422,6
931,6422,30
932,6422,93
933,6422,125
934,6422,304
935,6422,261
936,6422,304
937,6422,110
938,6422,3
946,6422,24
947,6422,19
948,6422,42
949,6422,11
950,6422,16
951,6422,20
952,6422,53
953,6422,13
954,6422,21
955,6422,11
956,6422,34
957,6422,26
962,6422,10
963,6422,53
964,6422,96
965,6422,120
966,6422,43
967,6422,146
968,6422,95
969,6422,132
970,6422,181
971,6422,170
972,6422,283
973,6422,296
974,6422,348
975,6422,122
976,6422,14
977,6422,20
978,6422,104
979,6422,141
980,6422,98
981,6422,2
985,6422,21
986,6422,21
987,6422,15
988,6422,4
989,6422,2
990,6422,26
991,6422,40
992,6422,6
993,6422,1
994,6422,1
995,6422,2
996,6422,1
997,6422,4
998,6422,19
1001,6422,2
1002,6422,1
1003,6422,1
1005,6422,21
1006,6422,49
1007,6422,2
1008,6422,12
1009,6422,25
1010,6422,14
1012,6422,2
1013,6422,4
1014,6422,7
1015,6422,7
1016,6422,7
1017,6422,4
867,6423,1
868,6423,1
874,6423,7
875,6423,2
876,6423,2
877,6423,1
879,6423,1
880,6423,3
883,6423,6
884,6423,3
885,6423,4
890,6423,1
891,6423,1
892,6423,3
895,6423,1
896,6423,1
897,6423,1
898,6423,43
899,6423,472
900,6423,29
901,6423,99
902,6423,24
903,6423,41
904,6423,156
905,6423,5
914,6423,4
915,6423,1
916,6423,2
917,6423,1
918,6423,2
921,6423,2
922,6423,2
923,6423,4
924,6423,6
925,6423,15
926,6423,14
927,6423,19
928,6423,11
929,6423,11
930,6423,15
931,6423,83
932,6423,158
933,6423,63
934,6423,150
935,6423,133
936,6423,65
937,6423,1
940,6423,4
941,6423,1
946,6423,3
947,6423,15
948,6423,2
952,6423,2
956,6423,4
957,6423,37
958,6423,4
959,6423,7
961,6423,7
962,6423,3
964,6423,16
965,6423,52
966,6423,55
967,6423,133
968,6423,105
969,6423,85
970,6423,100
971,6423,252
972,6423,376
973,6423,229
974,6423,247
975,6423,21
976,6423,3
977,6423,14
978,6423,72
979,6423,79
980,6423,6
981,6423,2
984,6423,1
985,6423,7
986,6423,7
987,6423,3
988,6423,1
989,6423,16
990,6423,52
991,6423,16
992,6423,2
993,6423,1
994,6423,1
995,6423,2
996,6423,3
997,6423,12
998,6423,3
1005,6423,1
1006,6423,61
1007,6423,22
1008,6423,34
1009,6423,24
1012,6423,2
1013,6423,4
1014,6423,6
1015,6423,11
1016,6423,11
1038,6423,1
862,6424,1
867,6424,1
868,6424,1
869,6424,1
874,6424,5
875,6424,1
876,6424,1
880,6424,1
881,6424,2
882,6424,2
884,6424,1
885,6424,1
889,6424,1
892,6424,2
895,6424,2
896,6424,1
898,6424,87
899,6424,467
900,6424,13
901,6424,6
902,6424,9
903,6424,11
904,6424,289
905,6424,32
908,6424,1
909,6424,1
914,6424,8
915,6424,5
916,6424,8
917,6424,4
918,6424,1
921,6424,1
923,6424,2
924,6424,7
925,6424,13
926,6424,20
927,6424,12
928,6424,13
929,6424,5
930,6424,13
931,6424,64
932,6424,78
933,6424,16
934,6424,9
935,6424,4
936,6424,5
938,6424,1
940,6424,7
941,6424,30
942,6424,8
951,6424,5
955,6424,1
956,6424,2
957,6424,4
958,6424,11
959,6424,36
960,6424,16
961,6424,13
964,6424,33
965,6424,5
966,6424,1
967,6424,4
968,6424,10
969,6424,4
970,6424,4
971,6424,30
972,6424,26
973,6424,10
974,6424,3
975,6424,1
976,6424,2
977,6424,22
978,6424,72
979,6424,22
980,6424,12
981,6424,5
982,6424,2
984,6424,1
985,6424,2
986,6424,5
987,6424,3
988,6424,6
989,6424,37
990,6424,28
991,6424,3
993,6424,1
994,6424,4
995,6424,14
996,6424,15
997,6424,8
1001,6424,1
1003,6424,1
1004,6424,2
1005,6424,6
1006,6424,24
1007,6424,34
1008,6424,15
1009,6424,26
1010,6424,10
1011,6424,2
1012,6424,12
1013,6424,29
1014,6424,21
1015,6424,5
1016,6424,2
869,6425,2
870,6425,1
873,6425,1
881,6425,1
882,6425,1
885,6425,1
886,6425,2
889,6425,1
895,6425,1
896,6425,1
897,6425,1
898,6425,158
899,6425,455
900,6425,6
901,6425,4
902,6425,3
903,6425,4
904,6425,236
905,6425,18
906,6425,1
908,6425,4
909,6425,3
911,6425,1
913,6425,1
914,6425,29
915,6425,14
916,6425,11
917,6425,4
920,6425,1
923,6425,3
924,6425,3
925,6425,9
926,6425,11
927,6425,2
928,6425,4
929,6425,1
930,6425,6
931,6425,17
932,6425,24
933,6425,6
934,6425,1
935,6425,3
938,6425,1
939,6425,6
940,6425,12
941,6425,28
942,6425,21
943,6425,2
950,6425,2
951,6425,2
955,6425,1
957,6425,3
960,6425,1
961,6425,1
964,6425,55
965,6425,24
966,6425,11
967,6425,11
968,6425,1
969,6425,1
971,6425,3
972,6425,3
974,6425,1
975,6425,1
976,6425,8
977,6425,34
978,6425,94
979,6425,18
980,6425,5
981,6425,21
982,6425,3
983,6425,1
984,6425,8
985,6425,5
986,6425,2
987,6425,10
988,6425,40
989,6425,34
990,6425,8
991,6425,1
993,6425,1
994,6425,5
995,6425,19
996,6425,3
997,6425,1
998,6425,1
999,6425,1
1001,6425,1
1005,6425,1
1009,6425,7
1010,6425,50
1011,6425,31
1012,6425,16
1013,6425,2
869,6426,1
870,6426,2
872,6426,1
873,6426,1
878,6426,1
881,6426,2
882,6426,1
884,6426,1
885,6426,1
886,6426,2
892,6426,2
897,6426,1
898,6426,256
899,6426,218
900,6426,4
901,6426,7
902,6426,5
903,6426,1
904,6426,222
905,6426,6
906,6426,1
907,6426,2
908,6426,1
913,6426,1
914,6426,40
915,6426,22
916,6426,14
917,6426,14
918,6426,9
919,6426,1
920,6426,1
921,6426,3
924,6426,2
925,6426,9
926,6426,65
927,6426,42
928,6426,6
929,6426,6
930,6426,8
931,6426,6
932,6426,12
933,6426,7
934,6426,29
935,6426,27
936,6426,24
937,6426,5
940,6426,3
941,6426,4
942,6426,2
943,6426,2
944,6426,10
945,6426,4
950,6426,3
951,6426,1
955,6426,6
956,6426,3
957,6426,1
958,6426,1
959,6426,1
961,6426,6
963,6426,1
964,6426,41
965,6426,47
966,6426,29
967,6426,32
968,6426,12
969,6426,37
970,6426,6
973,6426,1
974,6426,5
975,6426,4
976,6426,22
977,6426,55
978,6426,25
979,6426,3
980,6426,11
981,6426,17
982,6426,3
983,6426,5
984,6426,3
985,6426,3
986,6426,3
987,6426,17
988,6426,24
989,6426,3
992,6426,2
993,6426,3
994,6426,4
995,6426,3
996,6426,1
1001,6426,1
1010,6426,5
1036,6426,1
1037,6426,1
869,6427,1
872,6427,2
873,6427,1
879,6427,1
880,6427,1
881,6427,2
884,6427,1
885,6427,1
886,6427,1
892,6427,3
893,6427,2
894,6427,1
898,6427,475
899,6427,133
900,6427,1
901,6427,12
902,6427,5
903,6427,2
904,6427,356
905,6427,3
912,6427,1
913,6427,5
914,6427,17
915,6427,7
916,6427,9
917,6427,6
918,6427,6
919,6427,4
921,6427,2
924,6427,3
925,6427,4
926,6427,96
927,6427,126
928,6427,30
929,6427,41
930,6427,32
931,6427,79
932,6427,5
933,6427,14
934,6427,32
935,6427,17
936,6427,28
937,6427,3
944,6427,1
945,6427,7
946,6427,1
948,6427,2
950,6427,1
951,6427,1
954,6427,2
955,6427,8
958,6427,6
959,6427,6
960,6427,1
961,6427,3
963,6427,2
964,6427,14
965,6427,2
966,6427,9
967,6427,18
968,6427,36
969,6427,70
970,6427,20
972,6427,2
973,6427,26
974,6427,42
975,6427,1
976,6427,18
977,6427,83
978,6427,30
979,6427,11
980,6427,6
981,6427,8
982,6427,11
983,6427,18
984,6427,8
986,6427,1
987,6427,3
988,6427,3
989,6427,4
990,6427,4
991,6427,3
992,6427,8
993,6427,6
994,6427,2
995,6427,1
1000,6427,1
1036,6427,1
871,6428,1
872,6428,4
873,6428,1
879,6428,1
886,6428,2
890,6428,1
892,6428,2
893,6428,1
894,6428,1
897,6428,1
898,6428,482
899,6428,137
900,6428,4
901,6428,6
902,6428,7
903,6428,11
904,6428,277
905,6428,2
906,6428,1
908,6428,2
909,6428,1
911,6428,1
913,6428,5
914,6428,2
915,6428,2
916,6428,6
917,6428,3
919,6428,1
924,6428,2
925,6428,2
926,6428,8
927,6428,53
928,6428,88
929,6428,196
930,6428,136
931,6428,434
932,6428,6
933,6428,1
936,6428,12
937,6428,12
941,6428,2
942,6428,7
945,6428,7
946,6428,3
947,6428,2
948,6428,5
950,6428,1
951,6428,1
954,6428,2
955,6428,6
958,6428,3
959,6428,6
962,6428,1
963,6428,2
964,6428,33
965,6428,35
966,6428,5
969,6428,7
972,6428,15
973,6428,59
974,6428,32
975,6428,1
976,6428,4
977,6428,10
978,6428,7
979,6428,4
980,6428,4
981,6428,20
982,6428,29
983,6428,25
984,6428,4
986,6428,3
987,6428,1
988,6428,1
989,6428,10
990,6428,25
991,6428,22
992,6428,19
993,6428,2
994,6428,2
1004,6428,1
1038,6428,1
1039,6428,1
869,6429,1
871,6429,1
872,6429,1
873,6429,2
879,6429,2
880,6429,1
887,6429,1
889,6429,2
890,6429,2
893,6429,3
894,6429,1
896,6429,1
898,6429,450
899,6429,132
901,6429,1
902,6429,4
903,6429,60
904,6429,229
905,6429,3
906,6429,2
907,6429,2
908,6429,1
913,6429,3
914,6429,1
915,6429,1
916,6429,6
917,6429,4
923,6429,1
924,6429,2
926,6429,19
927,6429,130
928,6429,187
929,6429,451
930,6429,370
931,6429,361
932,6429,2
935,6429,1
936,6429,6
937,6429,6
938,6429,10
939,6429,1
940,6429,2
941,6429,2
942,6429,12
944,6429,3
945,6429,8
948,6429,6
954,6429,2
955,6429,2
958,6429,2
962,6429,9
963,6429,6
964,6429,30
965,6429,25
966,6429,2
968,6429,2
971,6429,2
972,6429,33
973,6429,61
974,6429,4
975,6429,1
976,6429,1
977,6429,1
978,6429,5
979,6429,3
980,6429,4
981,6429,9
982,6429,16
983,6429,7
984,6429,3
986,6429,2
987,6429,7
988,6429,3
989,6429,1
990,6429,1
991,6429,5
992,6429,8
993,6429,1
994,6429,2
995,6429,2
996,6429,2
1004,6429,1
872,6430,1
873,6430,1
879,6430,3
880,6430,2
887,6430,2
889,6430,3
890,6430,3
893,6430,4
894,6430,1
898,6430,360
899,6430,223
900,6430,3
902,6430,2
903,6430,15
904,6430,24
905,6430,3
907,6430,1
908,6430,6
912,6430,2
913,6430,6
915,6430,1
916,6430,7
917,6430,4
923,6430,6
924,6430,9
925,6430,2
926,6430,25
927,6430,125
928,6430,338
929,6430,493
930,6430,304
931,6430,26
932,6430,3
933,6430,1
936,6430,1
937,6430,2
938,6430,12
939,6430,8
940,6430,8
941,6430,2
942,6430,7
943,6430,4
944,6430,8
945,6430,9
948,6430,8
949,6430,5
961,6430,2
962,6430,5
963,6430,15
964,6430,50
965,6430,87
966,6430,19
967,6430,1
968,6430,1
969,6430,1
970,6430,1
971,6430,18
972,6430,67
973,6430,29
974,6430,6
976,6430,2
977,6430,6
978,6430,1
979,6430,2
981,6430,1
982,6430,1
983,6430,2
986,6430,1
987,6430,36
988,6430,7
989,6430,1
991,6430,2
992,6430,6
993,6430,1
995,6430,1
996,6430,1
1004,6430,1
1039,6430,1
870,6431,1
871,6431,1
873,6431,2
879,6431,1
880,6431,1
882,6431,1
883,6431,1
887,6431,1
888,6431,1
890,6431,3
893,6431,3
898,6431,139
899,6431,356
900,6431,4
901,6431,2
902,6431,2
903,6431,6
904,6431,4
907,6431,1
908,6431,9
909,6431,1
910,6431,1
913,6431,5
914,6431,1
915,6431,2
916,6431,3
917,6431,1
923,6431,12
924,6431,21
925,6431,1
926,6431,4
927,6431,44
928,6431,135
929,6431,66
930,6431,118
931,6431,28
932,6431,4
933,6431,1
938,6431,2
939,6431,16
940,6431,4
942,6431,2
944,6431,1
945,6431,6
949,6431,1
961,6431,2
962,6431,3
963,6431,4
964,6431,3
965,6431,34
966,6431,64
967,6431,47
968,6431,4
969,6431,6
970,6431,15
971,6431,43
972,6431,15
973,6431,3
974,6431,8
975,6431,1
976,6431,5
977,6431,8
979,6431,3
980,6431,1
981,6431,1
982,6431,3
983,6431,5
984,6431,3
986,6431,5
987,6431,70
988,6431,11
989,6431,2
1004,6431,1
1038,6431,1
871,6432,1
872,6432,1
873,6432,3
874,6432,3
882,6432,2
889,6432,1
890,6432,1
893,6432,2
898,6432,27
899,6432,473
900,6432,18
901,6432,2
902,6432,8
903,6432,23
904,6432,3
907,6432,1
908,6432,3
909,6432,1
914,6432,2
915,6432,2
916,6432,1
917,6432,2
918,6432,1
922,6432,2
923,6432,39
924,6432,56
925,6432,5
926,6432,1
927,6432,12
928,6432,29
929,6432,35
930,6432,135
931,6432,44
932,6432,2
934,6432,2
935,6432,2
937,6432,1
939,6432,8
942,6432,1
945,6432,7
953,6432,4
958,6432,1
959,6432,1
960,6432,1
961,6432,1
962,6432,6
963,6432,41
964,6432,16
965,6432,8
966,6432,7
967,6432,13
969,6432,10
970,6432,66
971,6432,41
972,6432,2
973,6432,1
974,6432,1
975,6432,4
976,6432,12
977,6432,6
978,6432,2
979,6432,4
980,6432,1
982,6432,5
983,6432,10
984,6432,3
985,6432,8
986,6432,12
987,6432,67
988,6432,13
989,6432,4
992,6432,2
993,6432,1
871,6433,1
872,6433,1
873,6433,1
874,6433,2
875,6433,1
880,6433,3
887,6433,1
888,6433,1
889,6433,1
893,6433,3
898,6433,9
899,6433,356
900,6433,17
902,6433,7
903,6433,63
904,6433,82
905,6433,3
908,6433,2
909,6433,1
913,6433,1
915,6433,1
917,6433,3
921,6433,1
922,6433,4
923,6433,60
924,6433,86
925,6433,2
927,6433,2
928,6433,24
929,6433,128
930,6433,177
931,6433,17
932,6433,1
934,6433,2
935,6433,6
936,6433,4
937,6433,5
938,6433,3
942,6433,1
945,6433,6
946,6433,6
952,6433,8
953,6433,15
954,6433,2
956,6433,6
957,6433,8
958,6433,1
959,6433,2
960,6433,2
961,6433,11
962,6433,27
963,6433,23
964,6433,5
965,6433,4
966,6433,24
967,6433,10
968,6433,27
969,6433,37
970,6433,33
971,6433,4
972,6433,4
973,6433,3
974,6433,3
975,6433,2
976,6433,9
977,6433,7
978,6433,2
979,6433,2
980,6433,2
981,6433,2
982,6433,4
983,6433,3
984,6433,5
985,6433,18
986,6433,51
987,6433,53
988,6433,11
989,6433,1
992,6433,2
993,6433,1
873,6434,1
874,6434,1
875,6434,2
880,6434,4
881,6434,6
882,6434,1
893,6434,4
896,6434,1
897,6434,1
898,6434,4
899,6434,543
900,6434,65
901,6434,3
902,6434,3
903,6434,6
904,6434,195
905,6434,71
908,6434,3
909,6434,5
913,6434,3
914,6434,3
917,6434,4
918,6434,1
921,6434,4
922,6434,8
923,6434,31
924,6434,54
925,6434,12
926,6434,1
928,6434,17
929,6434,87
930,6434,187
931,6434,110
932,6434,7
936,6434,4
937,6434,5
938,6434,15
939,6434,7
946,6434,5
947,6434,7
950,6434,1
951,6434,2
952,6434,6
953,6434,14
954,6434,13
955,6434,3
956,6434,2
957,6434,1
958,6434,1
959,6434,1
960,6434,1
961,6434,36
962,6434,48
963,6434,1
965,6434,1
966,6434,12
967,6434,20
968,6434,6
969,6434,5
970,6434,3
971,6434,6
972,6434,12
973,6434,5
974,6434,2
975,6434,1
977,6434,3
980,6434,2
981,6434,5
982,6434,11
983,6434,12
984,6434,18
985,6434,29
986,6434,76
987,6434,28
988,6434,2
989,6434,1
991,6434,3
992,6434,5
993,6434,1
995,6434,1
1039,6434,1
1040,6434,1
875,6435,2
881,6435,5
882,6435,2
883,6435,1
893,6435,8
894,6435,4
895,6435,1
898,6435,3
899,6435,280
900,6435,458
901,6435,22
902,6435,27
903,6435,59
904,6435,35
905,6435,65
906,6435,1
909,6435,2
910,6435,1
913,6435,4
914,6435,21
915,6435,3
916,6435,1
917,6435,2
918,6435,2
920,6435,1
921,6435,4
922,6435,11
923,6435,12
924,6435,29
925,6435,19
926,6435,2
928,6435,7
929,6435,32
930,6435,151
931,6435,143
932,6435,15
934,6435,1
936,6435,5
937,6435,5
938,6435,7
939,6435,4
946,6435,8
947,6435,5
949,6435,1
950,6435,2
952,6435,2
953,6435,2
955,6435,1
956,6435,5
957,6435,4
958,6435,3
961,6435,12
962,6435,33
963,6435,19
964,6435,2
965,6435,1
966,6435,8
967,6435,4
970,6435,2
972,6435,5
973,6435,3
975,6435,1
977,6435,1
979,6435,4
980,6435,6
981,6435,24
982,6435,28
983,6435,24
984,6435,46
985,6435,30
986,6435,9
987,6435,5
988,6435,1
991,6435,2
992,6435,1
995,6435,2
996,6435,1
1039,6435,1
1040,6435,1
874,6436,1
875,6436,5
881,6436,1
882,6436,8
883,6436,2
885,6436,1
892,6436,2
893,6436,5
894,6436,4
895,6436,1
896,6436,1
898,6436,1
899,6436,20
900,6436,484
901,6436,572
902,6436,626
903,6436,804
904,6436,12
905,6436,15
906,6436,10
907,6436,1
909,6436,4
910,6436,1
913,6436,4
914,6436,32
915,6436,8
917,6436,1
921,6436,3
922,6436,18
923,6436,31
924,6436,15
925,6436,10
927,6436,2
928,6436,8
929,6436,140
930,6436,305
931,6436,50
932,6436,18
935,6436,3
936,6436,2
937,6436,3
939,6436,1
944,6436,1
945,6436,7
946,6436,2
948,6436,5
949,6436,14
950,6436,24
951,6436,15
952,6436,1
957,6436,2
958,6436,1
959,6436,1
961,6436,24
962,6436,4
963,6436,14
964,6436,4
966,6436,9
967,6436,2
970,6436,1
971,6436,1
972,6436,1
973,6436,1
975,6436,1
977,6436,2
978,6436,6
979,6436,11
980,6436,19
981,6436,62
982,6436,34
983,6436,29
984,6436,25
985,6436,10
991,6436,3
992,6436,3
993,6436,2
995,6436,1
1001,6436,1
1002,6436,1
1039,6436,1
1040,6436,1
1043,6436,1
874,6437,1
875,6437,2
876,6437,2
880,6437,1
881,6437,1
882,6437,5
883,6437,5
893,6437,1
894,6437,3
895,6437,1
896,6437,2
898,6437,1
899,6437,7
900,6437,42
901,6437,374
902,6437,329
903,6437,746
904,6437,31
905,6437,7
906,6437,16
907,6437,1
909,6437,5
910,6437,2
913,6437,12
914,6437,47
915,6437,15
916,6437,1
917,6437,2
918,6437,1
919,6437,1
921,6437,5
922,6437,23
923,6437,4
924,6437,3
925,6437,5
926,6437,1
927,6437,13
928,6437,51
929,6437,117
930,6437,116
931,6437,9
932,6437,17
933,6437,2
935,6437,7
936,6437,7
937,6437,9
938,6437,2
943,6437,1
944,6437,3
945,6437,9
946,6437,33
947,6437,30
948,6437,35
949,6437,28
950,6437,7
951,6437,11
952,6437,21
953,6437,21
954,6437,2
955,6437,3
956,6437,4
957,6437,1
958,6437,5
959,6437,2
961,6437,30
962,6437,3
963,6437,1
964,6437,2
967,6437,1
968,6437,1
970,6437,4
971,6437,5
973,6437,1
975,6437,2
976,6437,2
977,6437,10
978,6437,13
979,6437,18
980,6437,34
981,6437,71
982,6437,25
983,6437,7
984,6437,1
985,6437,3
987,6437,1
990,6437,1
991,6437,6
992,6437,3
994,6437,1
1043,6437,1
875,6438,1
876,6438,2
877,6438,1
881,6438,1
882,6438,2
883,6438,2
884,6438,5
889,6438,1
890,6438,1
892,6438,1
893,6438,1
894,6438,8
895,6438,1
899,6438,6
900,6438,8
901,6438,21
902,6438,64
903,6438,537
904,6438,99
905,6438,2
906,6438,9
908,6438,6
909,6438,6
910,6438,5
911,6438,1
913,6438,12
914,6438,31
915,6438,22
916,6438,2
917,6438,1
921,6438,5
922,6438,15
923,6438,1
924,6438,1
925,6438,4
926,6438,2
927,6438,10
928,6438,23
929,6438,23
930,6438,9
931,6438,1
932,6438,14
933,6438,4
935,6438,6
936,6438,9
937,6438,6
938,6438,1
939,6438,1
942,6438,7
943,6438,42
944,6438,73
945,6438,43
946,6438,22
947,6438,12
948,6438,8
949,6438,1
951,6438,1
952,6438,5
953,6438,12
954,6438,9
955,6438,17
956,6438,24
957,6438,14
958,6438,21
959,6438,14
960,6438,2
961,6438,39
962,6438,40
963,6438,11
964,6438,16
965,6438,2
967,6438,2
968,6438,4
969,6438,7
970,6438,9
971,6438,7
972,6438,1
973,6438,1
975,6438,6
976,6438,15
977,6438,18
978,6438,17
979,6438,43
980,6438,21
981,6438,12
982,6438,2
985,6438,5
986,6438,1
990,6438,4
991,6438,5
1044,6438,1
877,6439,1
882,6439,1
883,6439,2
884,6439,6
885,6439,2
888,6439,1
892,6439,1
893,6439,4
894,6439,4
895,6439,4
896,6439,3
898,6439,3
899,6439,4
900,6439,1
901,6439,12
902,6439,57
903,6439,714
904,6439,701
905,6439,6
906,6439,23
907,6439,12
908,6439,15
909,6439,1
910,6439,9
911,6439,1
913,6439,5
914,6439,40
915,6439,29
916,6439,12
921,6439,7
922,6439,5
924,6439,3
925,6439,1
926,6439,2
927,6439,47
928,6439,25
929,6439,20
930,6439,17
931,6439,3
932,6439,7
933,6439,3
935,6439,17
936,6439,13
937,6439,12
938,6439,8
939,6439,4
940,6439,1
941,6439,2
942,6439,11
943,6439,16
944,6439,33
945,6439,3
946,6439,4
947,6439,4
948,6439,2
951,6439,2
958,6439,5
959,6439,5
960,6439,52
961,6439,28
963,6439,5
964,6439,10
965,6439,3
966,6439,1
967,6439,1
968,6439,6
969,6439,5
970,6439,2
971,6439,3
974,6439,2
975,6439,13
976,6439,29
977,6439,46
978,6439,33
979,6439,41
980,6439,2
985,6439,5
986,6439,2
990,6439,6
991,6439,2
995,6439,1
996,6439,1
1043,6439,1
878,6440,1
879,6440,1
884,6440,8
885,6440,10
886,6440,1
888,6440,2
889,6440,2
893,6440,20
894,6440,13
895,6440,2
898,6440,1
899,6440,4
900,6440,1
901,6440,8
902,6440,35
903,6440,116
904,6440,854
905,6440,9
906,6440,33
907,6440,7
908,6440,4
909,6440,3
910,6440,6
911,6440,12
912,6440,2
913,6440,2
914,6440,25
915,6440,23
916,6440,7
920,6440,2
921,6440,2
922,6440,2
923,6440,10
924,6440,2
925,6440,6
926,6440,28
927,6440,178
928,6440,157
929,6440,295
930,6440,65
931,6440,11
932,6440,3
934,6440,1
935,6440,3
936,6440,6
937,6440,22
938,6440,39
939,6440,13
940,6440,1
941,6440,5
942,6440,10
944,6440,5
947,6440,2
952,6440,1
962,6440,1
966,6440,4
967,6440,7
968,6440,11
969,6440,3
970,6440,6
971,6440,2
972,6440,1
973,6440,1
974,6440,14
975,6440,21
976,6440,39
977,6440,45
978,6440,5
979,6440,2
985,6440,4
986,6440,1
989,6440,3
990,6440,1
991,6440,1
1043,6440,1
879,6441,1
884,6441,5
885,6441,6
892,6441,1
893,6441,10
894,6441,14
895,6441,1
899,6441,4
900,6441,3
901,6441,8
902,6441,12
903,6441,28
904,6441,679
905,6441,38
906,6441,19
907,6441,12
908,6441,4
909,6441,5
910,6441,6
911,6441,18
912,6441,3
913,6441,2
914,6441,16
915,6441,33
916,6441,4
917,6441,1
918,6441,18
919,6441,18
920,6441,3
921,6441,1
922,6441,1
923,6441,16
924,6441,15
925,6441,19
926,6441,33
927,6441,83
928,6441,155
929,6441,252
930,6441,65
931,6441,25
932,6441,17
933,6441,5
936,6441,2
937,6441,4
938,6441,6
941,6441,2
942,6441,2
947,6441,1
948,6441,2
949,6441,1
956,6441,1
957,6441,1
960,6441,1
961,6441,2
962,6441,2
966,6441,5
967,6441,6
969,6441,4
973,6441,11
974,6441,27
975,6441,28
976,6441,12
977,6441,3
978,6441,1
979,6441,1
986,6441,2
987,6441,1
988,6441,2
989,6441,3
879,6442,3
880,6442,1
884,6442,1
885,6442,6
893,6442,1
894,6442,10
895,6442,1
900,6442,1
902,6442,5
903,6442,14
904,6442,373
905,6442,80
906,6442,1
907,6442,10
908,6442,7
909,6442,3
910,6442,4
911,6442,7
912,6442,5
913,6442,7
914,6442,26
915,6442,79
916,6442,2
917,6442,1
918,6442,6
919,6442,3
920,6442,2
921,6442,3
922,6442,1
923,6442,6
924,6442,15
925,6442,21
926,6442,15
927,6442,17
928,6442,27
929,6442,55
930,6442,42
931,6442,26
932,6442,18
933,6442,5
936,6442,4
937,6442,6
938,6442,1
941,6442,3
942,6442,2
965,6442,1
967,6442,1
968,6442,1
969,6442,1
970,6442,1
972,6442,10
973,6442,7
974,6442,8
975,6442,11
976,6442,2
977,6442,1
985,6442,1
986,6442,4
987,6442,2
988,6442,2
989,6442,2
990,6442,2
1049,6442,1
1050,6442,1
876,6443,1
879,6443,2
880,6443,4
881,6443,2
882,6443,1
883,6443,1
884,6443,4
885,6443,3
890,6443,1
894,6443,23
895,6443,1
900,6443,1
902,6443,3
903,6443,18
904,6443,535
905,6443,242
906,6443,2
907,6443,1
908,6443,4
909,6443,4
910,6443,1
911,6443,4
912,6443,2
913,6443,6
914,6443,37
915,6443,199
916,6443,7
917,6443,4
918,6443,4
919,6443,6
920,6443,1
921,6443,2
922,6443,2
923,6443,4
924,6443,1
925,6443,5
926,6443,4
927,6443,3
928,6443,5
929,6443,7
930,6443,5
931,6443,2
932,6443,3
933,6443,2
936,6443,10
941,6443,15
942,6443,1
952,6443,2
953,6443,2
958,6443,1
965,6443,1
969,6443,1
970,6443,2
971,6443,14
972,6443,30
973,6443,8
974,6443,1
975,6443,10
976,6443,3
977,6443,1
981,6443,1
982,6443,1
983,6443,2
984,6443,8
985,6443,2
987,6443,2
881,6444,1
882,6444,2
883,6444,2
884,6444,5
885,6444,2
886,6444,1
888,6444,1
889,6444,1
890,6444,1
891,6444,1
892,6444,1
893,6444,1
894,6444,17
895,6444,4
897,6444,1
899,6444,2
900,6444,1
902,6444,2
903,6444,9
904,6444,287
905,6444,560
906,6444,92
907,6444,1
908,6444,1
909,6444,6
910,6444,3
912,6444,1
913,6444,8
914,6444,20
915,6444,114
916,6444,31
917,6444,7
918,6444,23
919,6444,37
920,6444,10
921,6444,2
922,6444,1
923,6444,4
924,6444,9
925,6444,4
926,6444,4
927,6444,4
928,6444,13
929,6444,3
930,6444,3
931,6444,5
932,6444,4
933,6444,6
934,6444,6
935,6444,1
936,6444,3
937,6444,1
939,6444,1
940,6444,26
941,6444,28
942,6444,3
943,6444,3
948,6444,3
949,6444,2
950,6444,4
951,6444,7
952,6444,5
953,6444,5
954,6444,2
955,6444,4
961,6444,2
962,6444,1
963,6444,1
964,6444,1
965,6444,6
966,6444,4
968,6444,1
969,6444,2
970,6444,14
971,6444,49
972,6444,25
973,6444,2
974,6444,2
975,6444,10
976,6444,7
980,6444,1
981,6444,3
982,6444,2
983,6444,2
984,6444,10
985,6444,1
879,6445,1
880,6445,1
881,6445,1
882,6445,2
884,6445,5
885,6445,3
886,6445,1
891,6445,1
894,6445,2
895,6445,1
897,6445,1
898,6445,1
899,6445,1
900,6445,5
902,6445,2
903,6445,3
904,6445,42
905,6445,556
906,6445,101
907,6445,95
909,6445,4
910,6445,1
911,6445,2
912,6445,2
913,6445,2
914,6445,8
915,6445,5
916,6445,4
917,6445,9
918,6445,26
919,6445,56
920,6445,85
921,6445,17
922,6445,9
923,6445,3
924,6445,6
925,6445,8
928,6445,9
929,6445,8
930,6445,6
931,6445,2
932,6445,6
933,6445,9
934,6445,7
935,6445,2
936,6445,1
937,6445,1
938,6445,1
939,6445,11
940,6445,14
941,6445,2
942,6445,3
943,6445,3
944,6445,1
945,6445,4
946,6445,7
948,6445,4
949,6445,4
950,6445,2
951,6445,3
953,6445,1
957,6445,1
958,6445,3
959,6445,1
960,6445,1
961,6445,1
962,6445,3
963,6445,8
964,6445,15
965,6445,7
966,6445,4
967,6445,12
968,6445,5
969,6445,9
970,6445,33
971,6445,17
972,6445,2
974,6445,7
975,6445,2
976,6445,2
980,6445,1
981,6445,5
983,6445,4
984,6445,2
880,6446,1
882,6446,3
883,6446,1
884,6446,2
885,6446,15
886,6446,2
894,6446,1
895,6446,2
896,6446,5
897,6446,2
898,6446,2
899,6446,8
900,6446,7
901,6446,2
902,6446,4
903,6446,21
904,6446,38
905,6446,556
906,6446,541
907,6446,96
908,6446,50
910,6446,2
911,6446,5
912,6446,1
913,6446,1
914,6446,1
915,6446,1
916,6446,2
917,6446,2
918,6446,10
919,6446,5
920,6446,69
921,6446,128
922,6446,55
923,6446,32
924,6446,6
925,6446,2
926,6446,2
927,6446,1
928,6446,2
929,6446,12
930,6446,15
931,6446,2
932,6446,11
933,6446,18
934,6446,1
935,6446,3
936,6446,1
938,6446,4
939,6446,17
940,6446,8
941,6446,1
942,6446,1
943,6446,1
944,6446,2
945,6446,1
946,6446,4
947,6446,4
949,6446,1
951,6446,1
952,6446,1
958,6446,1
959,6446,1
960,6446,4
961,6446,5
962,6446,1
963,6446,12
964,6446,50
965,6446,15
966,6446,12
967,6446,9
968,6446,6
969,6446,10
970,6446,22
971,6446,1
974,6446,4
981,6446,1
982,6446,2
983,6446,5
1052,6446,1
882,6447,1
885,6447,12
886,6447,4
895,6447,15
896,6447,9
898,6447,1
899,6447,4
900,6447,4
901,6447,4
902,6447,5
903,6447,17
904,6447,31
905,6447,352
906,6447,532
907,6447,20
908,6447,68
909,6447,1
910,6447,3
911,6447,3
913,6447,1
914,6447,2
915,6447,1
916,6447,1
917,6447,1
918,6447,1
920,6447,13
921,6447,118
922,6447,135
923,6447,94
924,6447,9
925,6447,8
926,6447,22
927,6447,6
929,6447,4
930,6447,8
931,6447,1
932,6447,12
933,6447,29
934,6447,23
935,6447,1
938,6447,6
939,6447,21
940,6447,7
941,6447,7
942,6447,3
944,6447,1
945,6447,1
946,6447,2
947,6447,1
949,6447,1
950,6447,1
951,6447,1
952,6447,2
953,6447,1
955,6447,1
956,6447,1
959,6447,2
960,6447,3
961,6447,4
964,6447,12
965,6447,4
968,6447,1
969,6447,2
970,6447,2
974,6447,1
980,6447,5
981,6447,5
982,6447,4
983,6447,3
885,6448,2
886,6448,10
887,6448,9
888,6448,3
889,6448,1
892,6448,1
895,6448,24
896,6448,14
899,6448,2
900,6448,4
901,6448,1
902,6448,1
903,6448,2
904,6448,22
905,6448,158
906,6448,591
907,6448,24
908,6448,31
909,6448,1
910,6448,3
913,6448,1
914,6448,1
915,6448,2
916,6448,3
917,6448,6
918,6448,5
919,6448,1
920,6448,1
921,6448,29
922,6448,69
923,6448,39
924,6448,38
925,6448,28
926,6448,35
927,6448,30
928,6448,4
931,6448,1
932,6448,6
933,6448,32
934,6448,32
935,6448,2
937,6448,2
938,6448,7
939,6448,13
940,6448,6
941,6448,4
942,6448,1
944,6448,5
945,6448,1
946,6448,3
947,6448,1
951,6448,1
952,6448,1
953,6448,2
958,6448,2
959,6448,3
960,6448,1
961,6448,2
962,6448,6
963,6448,3
965,6448,6
966,6448,1
968,6448,9
969,6448,9
970,6448,1
972,6448,2
978,6448,1
979,6448,5
980,6448,7
981,6448,2
982,6448,2
884,6449,1
885,6449,2
886,6449,11
887,6449,17
888,6449,2
889,6449,2
890,6449,1
892,6449,1
895,6449,13
896,6449,10
900,6449,2
901,6449,2
902,6449,1
903,6449,2
904,6449,13
905,6449,39
906,6449,609
907,6449,60
908,6449,52
909,6449,1
914,6449,1
915,6449,1
917,6449,2
918,6449,2
921,6449,4
922,6449,13
923,6449,123
924,6449,131
925,6449,97
926,6449,76
927,6449,61
928,6449,30
929,6449,1
933,6449,7
934,6449,6
935,6449,3
937,6449,1
938,6449,5
939,6449,25
940,6449,6
941,6449,1
942,6449,1
943,6449,1
944,6449,6
945,6449,1
946,6449,3
947,6449,2
951,6449,1
953,6449,1
954,6449,1
958,6449,2
960,6449,1
961,6449,11
962,6449,11
963,6449,2
964,6449,5
965,6449,7
966,6449,2
968,6449,11
969,6449,9
971,6449,1
972,6449,4
979,6449,3
983,6449,1
984,6449,3
985,6449,2
986,6449,1
885,6450,1
886,6450,3
887,6450,25
888,6450,14
889,6450,15
890,6450,2
892,6450,2
893,6450,1
895,6450,17
896,6450,8
897,6450,1
899,6450,1
900,6450,3
901,6450,1
902,6450,2
903,6450,3
904,6450,4
905,6450,26
906,6450,468
907,6450,74
908,6450,57
909,6450,2
910,6450,1
911,6450,1
914,6450,1
915,6450,1
917,6450,1
918,6450,2
919,6450,1
921,6450,2
922,6450,3
923,6450,62
924,6450,174
925,6450,124
926,6450,157
927,6450,138
928,6450,56
929,6450,17
930,6450,3
938,6450,15
939,6450,13
940,6450,13
941,6450,4
942,6450,1
944,6450,5
945,6450,2
946,6450,6
951,6450,1
952,6450,3
953,6450,2
954,6450,2
955,6450,2
958,6450,4
959,6450,1
960,6450,8
961,6450,14
962,6450,4
963,6450,3
964,6450,20
965,6450,12
966,6450,9
968,6450,2
969,6450,1
971,6450,2
972,6450,3
977,6450,1
979,6450,2
980,6450,1
982,6450,4
983,6450,1
984,6450,1
985,6450,1
1000,6450,1
1002,6450,1
887,6451,13
888,6451,13
889,6451,22
890,6451,3
891,6451,1
892,6451,8
893,6451,1
895,6451,14
896,6451,11
899,6451,1
900,6451,3
901,6451,1
902,6451,2
905,6451,37
906,6451,872
907,6451,526
908,6451,40
909,6451,8
913,6451,1
914,6451,2
915,6451,2
916,6451,1
917,6451,1
918,6451,2
920,6451,1
922,6451,2
923,6451,15
924,6451,51
925,6451,323
926,6451,400
927,6451,311
928,6451,233
929,6451,48
930,6451,37
931,6451,1
932,6451,4
933,6451,1
936,6451,1
939,6451,4
940,6451,14
942,6451,1
943,6451,2
944,6451,2
945,6451,4
946,6451,4
952,6451,1
953,6451,2
954,6451,5
955,6451,10
957,6451,2
958,6451,7
959,6451,4
960,6451,3
961,6451,2
962,6451,7
963,6451,4
964,6451,8
965,6451,11
966,6451,12
967,6451,6
968,6451,5
970,6451,1
971,6451,4
975,6451,4
976,6451,1
979,6451,3
980,6451,3
981,6451,3
982,6451,5
1002,6451,1
1003,6451,1
887,6452,3
888,6452,11
889,6452,13
890,6452,8
891,6452,1
892,6452,5
893,6452,6
895,6452,4
896,6452,8
897,6452,1
900,6452,1
901,6452,2
902,6452,6
903,6452,2
904,6452,1
905,6452,9
906,6452,239
907,6452,1039
908,6452,265
909,6452,9
910,6452,1
913,6452,1
914,6452,5
915,6452,5
916,6452,3
917,6452,4
918,6452,3
919,6452,4
920,6452,6
921,6452,3
922,6452,3
923,6452,2
924,6452,30
925,6452,122
926,6452,576
927,6452,254
928,6452,280
929,6452,56
930,6452,46
931,6452,7
932,6452,5
933,6452,4
934,6452,6
935,6452,13
936,6452,7
937,6452,2
938,6452,1
939,6452,1
940,6452,1
941,6452,1
942,6452,2
943,6452,3
944,6452,2
945,6452,5
946,6452,8
947,6452,7
952,6452,1
954,6452,2
955,6452,1
956,6452,2
957,6452,1
958,6452,1
959,6452,1
961,6452,4
962,6452,9
963,6452,1
964,6452,1
965,6452,1
966,6452,1
967,6452,1
970,6452,4
971,6452,3
972,6452,1
975,6452,2
979,6452,2
980,6452,7
981,6452,3
982,6452,1
985,6452,1
1003,6452,1
888,6453,11
889,6453,18
890,6453,9
891,6453,6
892,6453,1
893,6453,4
894,6453,1
896,6453,7
901,6453,3
902,6453,5
905,6453,1
906,6453,55
907,6453,857
908,6453,363
909,6453,55
910,6453,1
914,6453,1
916,6453,6
917,6453,5
918,6453,4
919,6453,4
920,6453,6
921,6453,4
922,6453,6
923,6453,4
924,6453,11
925,6453,29
926,6453,184
927,6453,80
928,6453,138
929,6453,48
930,6453,24
931,6453,16
932,6453,13
933,6453,2
934,6453,21
935,6453,29
936,6453,32
937,6453,5
940,6453,4
941,6453,1
942,6453,3
944,6453,1
945,6453,2
946,6453,7
947,6453,2
951,6453,1
956,6453,3
958,6453,1
961,6453,3
962,6453,5
963,6453,8
964,6453,5
965,6453,4
966,6453,1
970,6453,3
971,6453,1
977,6453,1
978,6453,1
979,6453,5
981,6453,5
982,6453,2
983,6453,1
987,6453,1
988,6453,1
889,6454,13
890,6454,13
891,6454,24
892,6454,6
893,6454,7
894,6454,10
896,6454,4
897,6454,3
902,6454,9
903,6454,2
905,6454,1
906,6454,12
907,6454,203
908,6454,278
909,6454,24
916,6454,1
917,6454,3
918,6454,12
919,6454,6
920,6454,3
921,6454,2
922,6454,3
923,6454,2
924,6454,5
925,6454,23
926,6454,22
927,6454,17
928,6454,339
929,6454,343
930,6454,22
931,6454,12
932,6454,17
933,6454,4
934,6454,15
935,6454,35
936,6454,45
937,6454,14
938,6454,2
942,6454,1
943,6454,2
944,6454,2
945,6454,1
946,6454,2
948,6454,2
949,6454,3
951,6454,1
963,6454,7
964,6454,6
965,6454,7
966,6454,2
970,6454,2
972,6454,1
978,6454,1
979,6454,1
984,6454,1
1035,6454,1
1036,6454,1
889,6455,1
890,6455,10
891,6455,27
892,6455,16
893,6455,5
894,6455,9
895,6455,1
897,6455,4
901,6455,3
902,6455,12
903,6455,5
906,6455,5
907,6455,105
908,6455,136
909,6455,14
910,6455,1
911,6455,1
915,6455,2
917,6455,4
918,6455,9
920,6455,1
921,6455,4
922,6455,2
923,6455,2
924,6455,2
925,6455,8
926,6455,7
927,6455,20
928,6455,724
929,6455,1298
930,6455,194
931,6455,9
932,6455,19
933,6455,5
934,6455,6
935,6455,11
936,6455,17
937,6455,8
939,6455,10
940,6455,17
944,6455,3
945,6455,2
946,6455,2
947,6455,3
948,6455,6
949,6455,3
951,6455,1
955,6455,3
960,6455,1
964,6455,1
965,6455,1
969,6455,2
970,6455,1
972,6455,1
976,6455,1
977,6455,3
978,6455,3
979,6455,1
982,6455,4
983,6455,1
989,6455,1
1006,6455,1
1007,6455,1
891,6456,8
892,6456,31
893,6456,18
894,6456,3
895,6456,8
896,6456,11
897,6456,11
898,6456,1
901,6456,2
902,6456,14
903,6456,6
907,6456,167
908,6456,37
909,6456,1
910,6456,2
915,6456,2
916,6456,1
917,6456,3
918,6456,6
919,6456,1
920,6456,2
921,6456,4
922,6456,4
923,6456,7
924,6456,2
925,6456,3
926,6456,2
927,6456,29
928,6456,132
929,6456,1030
930,6456,293
931,6456,92
932,6456,46
933,6456,16
934,6456,25
935,6456,7
936,6456,5
937,6456,3
939,6456,10
940,6456,42
941,6456,4
944,6456,1
945,6456,2
947,6456,3
948,6456,1
949,6456,4
950,6456,1
954,6456,1
955,6456,1
963,6456,3
964,6456,3
965,6456,2
969,6456,1
977,6456,1
978,6456,1
981,6456,1
982,6456,8
983,6456,1
986,6456,1
987,6456,1
989,6456,1
991,6456,1
992,6456,1
892,6457,5
893,6457,11
894,6457,7
895,6457,11
896,6457,33
897,6457,4
898,6457,11
900,6457,2
901,6457,2
902,6457,5
903,6457,3
907,6457,211
908,6457,209
910,6457,1
913,6457,1
916,6457,1
917,6457,1
918,6457,2
919,6457,2
920,6457,5
921,6457,2
922,6457,4
923,6457,8
925,6457,4
926,6457,5
927,6457,15
928,6457,65
929,6457,169
930,6457,345
931,6457,337
932,6457,60
933,6457,3
934,6457,15
935,6457,5
936,6457,8
937,6457,2
939,6457,9
940,6457,46
941,6457,9
942,6457,2
943,6457,2
947,6457,5
948,6457,2
949,6457,3
950,6457,3
951,6457,1
954,6457,2
955,6457,1
963,6457,1
964,6457,7
970,6457,2
971,6457,3
972,6457,2
974,6457,1
975,6457,1
982,6457,5
983,6457,5
984,6457,3
985,6457,1
986,6457,1
987,6457,1
990,6457,1
995,6457,1
996,6457,1
1029,6457,1
894,6458,2
895,6458,11
896,6458,37
897,6458,22
898,6458,13
899,6458,2
902,6458,3
903,6458,5
904,6458,4
907,6458,125
908,6458,383
912,6458,1
913,6458,1
914,6458,1
916,6458,1
918,6458,6
919,6458,2
920,6458,1
922,6458,4
923,6458,3
924,6458,4
925,6458,6
926,6458,8
927,6458,21
928,6458,22
929,6458,57
930,6458,511
931,6458,641
932,6458,25
933,6458,80
934,6458,78
935,6458,7
936,6458,4
937,6458,2
939,6458,10
940,6458,40
941,6458,21
942,6458,9
943,6458,4
944,6458,5
945,6458,1
947,6458,1
948,6458,3
949,6458,1
950,6458,3
951,6458,2
953,6458,1
964,6458,6
965,6458,3
971,6458,3
972,6458,4
974,6458,1
982,6458,6
983,6458,4
984,6458,4
990,6458,1
991,6458,2
994,6458,1
995,6458,2
996,6458,1
895,6459,6
896,6459,14
897,6459,33
898,6459,22
899,6459,3
902,6459,3
903,6459,6
904,6459,3
906,6459,2
907,6459,35
908,6459,176
912,6459,1
913,6459,67
914,6459,51
918,6459,1
920,6459,1
921,6459,1
923,6459,1
924,6459,10
925,6459,13
926,6459,18
927,6459,22
928,6459,26
929,6459,100
930,6459,94
931,6459,59
932,6459,531
933,6459,694
934,6459,90
935,6459,19
936,6459,6
937,6459,3
939,6459,8
940,6459,19
941,6459,4
942,6459,8
943,6459,2
948,6459,1
949,6459,2
950,6459,1
958,6459,1
964,6459,11
965,6459,6
971,6459,2
972,6459,2
974,6459,1
982,6459,4
984,6459,2
985,6459,2
988,6459,1
989,6459,2
990,6459,3
998,6459,1
875,6460,1
896,6460,2
897,6460,27
898,6460,58
899,6460,5
901,6460,1
902,6460,2
903,6460,2
904,6460,1
905,6460,3
906,6460,6
907,6460,2
908,6460,3
912,6460,1
913,6460,148
914,6460,1207
915,6460,6
917,6460,1
918,6460,3
919,6460,1
920,6460,1
921,6460,1
924,6460,5
925,6460,7
926,6460,9
927,6460,12
928,6460,51
929,6460,34
930,6460,14
931,6460,21
932,6460,565
933,6460,972
934,6460,235
935,6460,39
936,6460,10
937,6460,2
939,6460,2
940,6460,4
941,6460,2
943,6460,2
948,6460,1
949,6460,7
950,6460,3
951,6460,1
952,6460,1
954,6460,1
955,6460,1
956,6460,1
963,6460,2
964,6460,5
965,6460,1
973,6460,1
974,6460,1
987,6460,1
988,6460,1
989,6460,2
991,6460,2
992,6460,1
994,6460,1
995,6460,1
1025,6460,1
896,6461,1
897,6461,14
898,6461,60
899,6461,36
903,6461,2
904,6461,1
906,6461,5
910,6461,1
911,6461,17
912,6461,230
913,6461,23
914,6461,2898
915,6461,205
916,6461,3
917,6461,3
918,6461,3
919,6461,1
920,6461,1
921,6461,1
925,6461,5
926,6461,9
927,6461,3
928,6461,41
929,6461,12
930,6461,3
931,6461,33
932,6461,541
933,6461,1179
934,6461,96
935,6461,35
936,6461,17
937,6461,4
938,6461,1
940,6461,1
941,6461,9
942,6461,10
943,6461,3
944,6461,1
947,6461,1
949,6461,4
950,6461,2
951,6461,1
954,6461,1
956,6461,1
961,6461,1
962,6461,1
964,6461,1
965,6461,3
966,6461,1
974,6461,1
991,6461,1
992,6461,2
993,6461,1
994,6461,5
995,6461,3
996,6461,2
997,6461,2
998,6461,1
1019,6461,1
1023,6461,1
1025,6461,1
897,6462,3
898,6462,43
899,6462,41
900,6462,9
901,6462,1
902,6462,1
903,6462,2
904,6462,1
905,6462,1
906,6462,1
911,6462,15
912,6462,643
913,6462,30
914,6462,1629
915,6462,1047
916,6462,907
917,6462,49
919,6462,2
920,6462,4
925,6462,1
926,6462,6
927,6462,2
928,6462,19
929,6462,4
930,6462,3
931,6462,37
932,6462,219
933,6462,132
934,6462,31
935,6462,48
936,6462,41
937,6462,4
938,6462,3
939,6462,6
940,6462,6
941,6462,7
942,6462,27
943,6462,11
944,6462,10
945,6462,3
947,6462,1
950,6462,2
957,6462,1
958,6462,1
959,6462,1
962,6462,1
966,6462,1
973,6462,1
974,6462,2
985,6462,1
993,6462,1
994,6462,4
995,6462,3
996,6462,2
997,6462,2
998,6462,2
999,6462,1
1019,6462,1
1020,6462,1
1023,6462,1
1024,6462,1
1025,6462,1
1030,6462,1
1031,6462,1
898,6463,51
899,6463,17
900,6463,17
901,6463,29
902,6463,17
903,6463,1
904,6463,1
910,6463,1
911,6463,2
912,6463,414
913,6463,21
914,6463,84
915,6463,342
916,6463,3271
917,6463,3751
918,6463,345
919,6463,2
920,6463,3
922,6463,1
924,6463,1
926,6463,5
927,6463,9
928,6463,7
929,6463,8
930,6463,15
931,6463,30
932,6463,50
933,6463,16
934,6463,53
935,6463,916
936,6463,1048
937,6463,103
938,6463,10
939,6463,8
940,6463,10
941,6463,2
942,6463,6
943,6463,20
944,6463,7
945,6463,8
946,6463,1
949,6463,2
950,6463,4
951,6463,1
953,6463,1
955,6463,1
957,6463,2
958,6463,2
959,6463,1
964,6463,1
966,6463,1
967,6463,1
974,6463,1
975,6463,1
985,6463,1
996,6463,2
997,6463,3
998,6463,2
1019,6463,1
1020,6463,1
1021,6463,1
1022,6463,1
898,6464,30
899,6464,42
900,6464,14
901,6464,11
902,6464,7
909,6464,1
910,6464,2
912,6464,6
914,6464,6
915,6464,94
916,6464,106
917,6464,1398
918,6464,3328
919,6464,46
920,6464,3
921,6464,2
922,6464,1
927,6464,10
928,6464,16
929,6464,14
930,6464,12
931,6464,19
932,6464,11
933,6464,15
934,6464,153
935,6464,812
936,6464,1025
937,6464,657
938,6464,213
939,6464,56
940,6464,19
942,6464,2
943,6464,25
944,6464,9
945,6464,11
946,6464,7
950,6464,1
951,6464,4
952,6464,3
953,6464,7
954,6464,6
955,6464,1
964,6464,2
966,6464,1
973,6464,1
974,6464,1
975,6464,2
976,6464,1
977,6464,1
983,6464,3
984,6464,11
985,6464,9
986,6464,1
987,6464,2
988,6464,1
993,6464,1
1001,6464,1
1002,6464,1
1003,6464,1
1019,6464,1
887,6465,1
898,6465,10
899,6465,65
900,6465,29
901,6465,7
902,6465,1
904,6465,1
909,6465,1
910,6465,15
911,6465,1
912,6465,3
913,6465,4
914,6465,1
915,6465,180
916,6465,621
917,6465,11
918,6465,2607
919,6465,2629
920,6465,22
921,6465,5
922,6465,5
923,6465,3
924,6465,3
925,6465,4
926,6465,1
927,6465,3
928,6465,19
929,6465,11
930,6465,5
931,6465,4
932,6465,19
933,6465,38
934,6465,189
935,6465,461
936,6465,489
937,6465,616
938,6465,112
939,6465,19
940,6465,47
941,6465,8
942,6465,1
943,6465,16
944,6465,14
945,6465,19
946,6465,27
947,6465,13
949,6465,1
950,6465,1
951,6465,2
952,6465,4
953,6465,2
954,6465,2
955,6465,1
964,6465,3
972,6465,1
973,6465,6
974,6465,4
975,6465,7
976,6465,6
977,6465,11
978,6465,7
979,6465,7
980,6465,21
981,6465,21
982,6465,17
983,6465,15
984,6465,26
985,6465,32
986,6465,9
987,6465,39
988,6465,18
989,6465,28
990,6465,6
991,6465,1
993,6465,2
997,6465,2
998,6465,3
999,6465,3
1018,6465,1
891,6466,1
892,6466,1
899,6466,21
900,6466,36
901,6466,16
902,6466,6
903,6466,3
904,6466,1
909,6466,1
910,6466,26
911,6466,3
912,6466,2
913,6466,66
914,6466,88
915,6466,1
916,6466,81
917,6466,29
918,6466,47
919,6466,3760
920,6466,2333
921,6466,103
922,6466,33
923,6466,23
924,6466,12
925,6466,3
926,6466,5
927,6466,1
928,6466,8
929,6466,11
930,6466,18
931,6466,19
932,6466,38
933,6466,28
934,6466,140
935,6466,211
936,6466,723
937,6466,1235
938,6466,94
939,6466,10
940,6466,121
941,6466,63
942,6466,13
943,6466,6
944,6466,4
945,6466,2
946,6466,5
947,6466,5
948,6466,6
952,6466,4
954,6466,1
955,6466,1
959,6466,1
962,6466,1
963,6466,1
964,6466,1
967,6466,1
968,6466,2
972,6466,1
973,6466,7
974,6466,6
975,6466,4
976,6466,16
977,6466,12
978,6466,7
979,6466,9
980,6466,14
981,6466,17
982,6466,8
983,6466,4
984,6466,3
985,6466,2
986,6466,1
987,6466,12
988,6466,1
989,6466,8
990,6466,22
991,6466,33
992,6466,2
993,6466,3
994,6466,1
997,6466,2
998,6466,3
999,6466,9
1000,6466,6
1001,6466,1
1002,6466,2
1003,6466,1
900,6467,10
901,6467,36
902,6467,18
903,6467,6
904,6467,1
909,6467,2
910,6467,13
911,6467,10
912,6467,1
913,6467,61
914,6467,185
915,6467,6
916,6467,14
917,6467,366
918,6467,198
919,6467,217
920,6467,5432
921,6467,2541
922,6467,156
923,6467,25
924,6467,14
925,6467,5
926,6467,5
927,6467,3
928,6467,2
929,6467,8
930,6467,16
931,6467,23
932,6467,27
933,6467,21
934,6467,30
935,6467,120
936,6467,702
937,6467,1073
938,6467,267
939,6467,5
940,6467,35
941,6467,47
942,6467,29
943,6467,1
944,6467,2
945,6467,3
947,6467,34
948,6467,31
949,6467,3
952,6467,1
953,6467,2
955,6467,2
958,6467,1
968,6467,2
969,6467,7
970,6467,9
972,6467,1
973,6467,6
974,6467,5
975,6467,2
976,6467,3
977,6467,3
979,6467,1
982,6467,1
990,6467,2
991,6467,5
992,6467,16
993,6467,7
999,6467,1
1000,6467,4
1001,6467,4
1002,6467,2
1003,6467,4
1015,6467,1
1016,6467,1
901,6468,3
902,6468,29
903,6468,63
908,6468,3
909,6468,2
910,6468,4
911,6468,25
912,6468,3
913,6468,4
914,6468,300
915,6468,28
916,6468,5
917,6468,380
918,6468,567
919,6468,41
920,6468,2041
921,6468,1117
922,6468,5713
923,6468,4026
924,6468,733
925,6468,4
926,6468,4
927,6468,3
928,6468,6
929,6468,9
930,6468,30
931,6468,57
932,6468,55
933,6468,37
934,6468,18
935,6468,45
936,6468,354
937,6468,1224
938,6468,255
939,6468,10
940,6468,7
941,6468,10
942,6468,64
943,6468,59
944,6468,42
945,6468,13
947,6468,5
948,6468,12
949,6468,7
950,6468,2
952,6468,2
953,6468,1
954,6468,1
955,6468,4
956,6468,2
967,6468,2
968,6468,2
969,6468,23
970,6468,17
971,6468,2
972,6468,3
973,6468,14
974,6468,6
975,6468,5
992,6468,12
993,6468,26
994,6468,41
995,6468,19
998,6468,1
1000,6468,1
1001,6468,1
1003,6468,3
1004,6468,1
1033,6468,1
1034,6468,1
1035,6468,1
1037,6468,1
1039,6468,1
902,6469,6
903,6469,32
904,6469,8
907,6469,5
908,6469,11
909,6469,1
910,6469,19
911,6469,39
912,6469,6
913,6469,5
914,6469,211
915,6469,86
916,6469,2
917,6469,41
918,6469,376
919,6469,47
920,6469,156
921,6469,1711
922,6469,2073
923,6469,1754
924,6469,3048
925,6469,520
926,6469,6
927,6469,12
928,6469,21
929,6469,15
930,6469,17
931,6469,28
932,6469,34
933,6469,36
934,6469,13
935,6469,19
936,6469,226
937,6469,1269
938,6469,386
939,6469,20
940,6469,17
941,6469,22
942,6469,141
943,6469,237
944,6469,133
945,6469,25
946,6469,2
947,6469,1
948,6469,2
949,6469,3
950,6469,1
954,6469,3
955,6469,2
956,6469,4
957,6469,1
958,6469,1
959,6469,1
963,6469,1
966,6469,1
967,6469,4
968,6469,14
969,6469,17
970,6469,16
972,6469,1
973,6469,2
974,6469,4
978,6469,1
979,6469,1
992,6469,2
993,6469,17
994,6469,37
995,6469,29
996,6469,4
1000,6469,5
1001,6469,3
1003,6469,2
1004,6469,2
1010,6469,1
1011,6469,1
1012,6469,1
1013,6469,1
1039,6469,1
1040,6469,1
903,6470,5
904,6470,10
905,6470,6
906,6470,2
907,6470,4
908,6470,3
909,6470,6
910,6470,7
911,6470,19
912,6470,4
914,6470,49
915,6470,121
916,6470,3
917,6470,9
918,6470,96
919,6470,47
920,6470,16
921,6470,1800
922,6470,3398
923,6470,981
924,6470,120
925,6470,2844
926,6470,1186
927,6470,189
928,6470,95
929,6470,16
930,6470,13
931,6470,26
932,6470,59
933,6470,38
934,6470,20
935,6470,20
936,6470,171
937,6470,1219
938,6470,1276
939,6470,35
940,6470,8
941,6470,2
942,6470,45
943,6470,143
944,6470,81
945,6470,13
946,6470,4
947,6470,17
948,6470,27
949,6470,25
950,6470,10
954,6470,1
955,6470,2
956,6470,5
960,6470,1
961,6470,2
962,6470,3
966,6470,2
967,6470,2
968,6470,5
969,6470,13
970,6470,16
971,6470,1
973,6470,1
974,6470,4
975,6470,2
980,6470,1
983,6470,1
993,6470,2
994,6470,10
995,6470,14
996,6470,14
1000,6470,4
1001,6470,2
1002,6470,1
1004,6470,1
1010,6470,2
1011,6470,2
903,6471,2
904,6471,6
905,6471,7
906,6471,17
907,6471,12
908,6471,3
909,6471,17
910,6471,20
911,6471,32
912,6471,3
913,6471,1
914,6471,13
915,6471,166
916,6471,42
917,6471,10
918,6471,23
919,6471,18
920,6471,19
921,6471,246
922,6471,845
923,6471,4146
924,6471,2079
925,6471,379
926,6471,2978
927,6471,546
928,6471,63
929,6471,13
930,6471,6
931,6471,13
932,6471,29
933,6471,39
934,6471,27
935,6471,16
936,6471,78
937,6471,689
938,6471,1459
939,6471,218
940,6471,7
941,6471,2
942,6471,25
943,6471,194
944,6471,267
945,6471,97
946,6471,19
947,6471,16
948,6471,18
949,6471,8
951,6471,5
956,6471,2
957,6471,2
958,6471,2
959,6471,2
960,6471,3
961,6471,2
965,6471,1
966,6471,6
967,6471,4
968,6471,1
969,6471,2
970,6471,13
971,6471,4
972,6471,2
973,6471,1
974,6471,2
977,6471,1
983,6471,1
994,6471,4
995,6471,2
996,6471,7
997,6471,2
1008,6471,1
1009,6471,1
1042,6471,1
1043,6471,1
904,6472,3
905,6472,22
906,6472,75
907,6472,22
908,6472,4
909,6472,12
910,6472,32
911,6472,29
912,6472,3
913,6472,1
915,6472,73
916,6472,173
917,6472,18
918,6472,11
919,6472,8
920,6472,20
921,6472,156
922,6472,318
923,6472,573
924,6472,3070
925,6472,189
926,6472,401
927,6472,691
928,6472,29
929,6472,15
930,6472,5
931,6472,12
932,6472,19
933,6472,130
934,6472,109
935,6472,22
936,6472,31
937,6472,392
938,6472,1495
939,6472,489
940,6472,20
941,6472,5
942,6472,14
943,6472,166
944,6472,175
945,6472,50
946,6472,7
947,6472,12
948,6472,3
949,6472,5
950,6472,24
951,6472,28
952,6472,6
957,6472,1
958,6472,1
965,6472,4
966,6472,9
967,6472,12
968,6472,2
969,6472,3
970,6472,10
971,6472,1
972,6472,1
974,6472,1
975,6472,3
982,6472,1
994,6472,5
995,6472,5
996,6472,4
997,6472,4
998,6472,2
999,6472,5
1000,6472,4
1001,6472,1
1009,6472,1
1042,6472,1
1043,6472,1
1044,6472,1
1045,6472,1
904,6473,2
905,6473,7
906,6473,83
907,6473,32
908,6473,13
909,6473,6
910,6473,61
911,6473,46
912,6473,1
913,6473,1
915,6473,17
916,6473,159
917,6473,69
918,6473,10
919,6473,10
920,6473,24
921,6473,73
922,6473,97
923,6473,46
924,6473,1794
925,6473,893
926,6473,41
927,6473,572
928,6473,607
929,6473,12
930,6473,7
931,6473,4
932,6473,9
933,6473,133
934,6473,173
935,6473,151
936,6473,70
937,6473,271
938,6473,1362
939,6473,460
940,6473,14
941,6473,4
942,6473,7
943,6473,119
944,6473,48
945,6473,14
946,6473,56
947,6473,20
948,6473,11
949,6473,28
950,6473,29
951,6473,34
952,6473,27
953,6473,4
957,6473,5
958,6473,4
965,6473,6
966,6473,7
967,6473,6
968,6473,1
969,6473,1
970,6473,2
974,6473,1
975,6473,2
981,6473,1
982,6473,2
996,6473,1
997,6473,3
999,6473,4
1000,6473,13
1001,6473,7
1002,6473,1
1039,6473,1
905,6474,1
906,6474,34
907,6474,27
908,6474,17
909,6474,13
910,6474,68
911,6474,158
912,6474,15
914,6474,1
915,6474,4
916,6474,9
917,6474,51
918,6474,20
919,6474,4
920,6474,19
921,6474,19
922,6474,27
923,6474,29
924,6474,644
925,6474,2228
926,6474,94
927,6474,122
928,6474,366
929,6474,7
930,6474,5
931,6474,4
932,6474,5
933,6474,58
934,6474,174
935,6474,466
936,6474,1133
937,6474,367
938,6474,394
939,6474,361
940,6474,30
941,6474,2
942,6474,3
943,6474,26
944,6474,4
945,6474,64
946,6474,168
947,6474,6
948,6474,2
949,6474,10
950,6474,5
951,6474,1
952,6474,6
953,6474,4
954,6474,2
957,6474,3
958,6474,3
962,6474,1
963,6474,2
964,6474,3
965,6474,12
966,6474,6
967,6474,2
968,6474,7
969,6474,2
970,6474,1
972,6474,1
973,6474,3
974,6474,2
978,6474,1
981,6474,1
982,6474,2
983,6474,1
1000,6474,1
1001,6474,7
1002,6474,4
1003,6474,2
1004,6474,2
1005,6474,1
1006,6474,1
1014,6474,1
905,6475,1
906,6475,4
907,6475,15
908,6475,12
909,6475,10
910,6475,32
911,6475,236
912,6475,52
913,6475,7
917,6475,3
918,6475,16
919,6475,12
920,6475,11
921,6475,62
922,6475,449
923,6475,595
924,6475,231
925,6475,1504
926,6475,252
927,6475,43
928,6475,635
929,6475,51
930,6475,4
931,6475,2
932,6475,8
933,6475,31
934,6475,178
935,6475,338
936,6475,1770
937,6475,264
938,6475,63
939,6475,208
940,6475,144
941,6475,7
942,6475,1
943,6475,2
944,6475,1
945,6475,78
946,6475,244
947,6475,10
948,6475,2
949,6475,8
950,6475,3
951,6475,21
952,6475,20
953,6475,17
954,6475,11
955,6475,5
957,6475,1
958,6475,2
964,6475,3
965,6475,6
966,6475,5
967,6475,1
968,6475,3
969,6475,7
970,6475,7
972,6475,1
973,6475,4
974,6475,2
978,6475,1
979,6475,1
982,6475,1
1004,6475,1
1006,6475,1
1007,6475,6
1008,6475,5
1009,6475,1
1014,6475,1
1015,6475,1
907,6476,2
908,6476,1
909,6476,2
910,6476,26
911,6476,167
912,6476,142
913,6476,100
916,6476,3
917,6476,4
918,6476,19
919,6476,157
920,6476,33
921,6476,20
922,6476,160
923,6476,336
924,6476,181
925,6476,603
926,6476,1714
927,6476,242
928,6476,403
929,6476,68
930,6476,12
931,6476,2
932,6476,3
933,6476,18
934,6476,344
935,6476,3017
936,6476,1869
937,6476,27
938,6476,17
939,6476,85
940,6476,284
941,6476,12
942,6476,1
944,6476,2
945,6476,183
946,6476,217
947,6476,8
948,6476,2
949,6476,18
950,6476,2
951,6476,4
952,6476,3
953,6476,15
954,6476,44
955,6476,25
956,6476,4
961,6476,7
962,6476,2
963,6476,1
964,6476,6
965,6476,8
966,6476,8
967,6476,1
969,6476,3
970,6476,5
973,6476,1
974,6476,2
978,6476,2
979,6476,3
980,6476,1
1008,6476,3
1009,6476,1
1010,6476,1
1014,6476,1
907,6477,3
908,6477,1
909,6477,2
910,6477,9
911,6477,23
912,6477,128
913,6477,220
914,6477,14
915,6477,1
916,6477,10
917,6477,2
918,6477,4
919,6477,283
920,6477,422
921,6477,5
922,6477,18
923,6477,39
924,6477,20
925,6477,325
926,6477,2561
927,6477,1338
928,6477,395
929,6477,439
930,6477,9
931,6477,2
933,6477,7
934,6477,332
935,6477,1938
936,6477,328
937,6477,19
938,6477,9
939,6477,38
940,6477,256
941,6477,31
944,6477,31
945,6477,154
946,6477,66
947,6477,19
948,6477,19
949,6477,23
950,6477,33
951,6477,8
952,6477,7
953,6477,21
954,6477,31
955,6477,20
956,6477,4
959,6477,2
961,6477,5
962,6477,3
963,6477,8
964,6477,16
965,6477,8
966,6477,10
968,6477,13
969,6477,10
970,6477,1
974,6477,1
976,6477,1
977,6477,1
978,6477,1
979,6477,3
1010,6477,1
1014,6477,1
1015,6477,1
1016,6477,1
907,6478,1
908,6478,3
909,6478,2
910,6478,1
911,6478,6
912,6478,28
913,6478,150
914,6478,87
915,6478,16
916,6478,53
917,6478,28
918,6478,4
919,6478,282
920,6478,483
921,6478,9
922,6478,4
923,6478,13
924,6478,10
925,6478,378
926,6478,234
927,6478,1272
928,6478,161
929,6478,748
930,6478,19
931,6478,4
932,6478,2
933,6478,4
934,6478,51
935,6478,263
936,6478,66
937,6478,15
938,6478,11
939,6478,38
940,6478,193
941,6478,43
942,6478,1
943,6478,17
944,6478,85
945,6478,50
946,6478,9
947,6478,335
948,6478,82
949,6478,5
950,6478,15
951,6478,2
952,6478,2
953,6478,1
954,6478,4
955,6478,2
959,6478,1
960,6478,5
961,6478,4
962,6478,1
963,6478,3
964,6478,9
965,6478,12
966,6478,2
968,6478,4
969,6478,9
970,6478,1
971,6478,1
972,6478,3
973,6478,2
974,6478,1
976,6478,1
977,6478,2
978,6478,3
979,6478,3
1012,6478,1
1015,6478,1
1016,6478,2
1017,6478,1
1051,6478,1
1052,6478,1
906,6479,1
908,6479,3
912,6479,3
913,6479,9
914,6479,8
915,6479,54
916,6479,269
917,6479,64
918,6479,4
919,6479,80
920,6479,115
921,6479,8
922,6479,1
923,6479,6
924,6479,59
925,6479,315
926,6479,23
927,6479,872
928,6479,48
929,6479,662
930,6479,223
931,6479,4
932,6479,4
934,6479,17
935,6479,109
936,6479,144
937,6479,55
938,6479,14
939,6479,22
940,6479,119
941,6479,33
942,6479,12
943,6479,37
944,6479,22
945,6479,5
946,6479,120
947,6479,329
948,6479,48
949,6479,2
950,6479,24
951,6479,32
952,6479,15
953,6479,2
954,6479,2
955,6479,1
956,6479,1
957,6479,1
960,6479,1
965,6479,10
966,6479,3
967,6479,2
968,6479,2
969,6479,7
970,6479,3
972,6479,1
973,6479,2
974,6479,1
975,6479,1
976,6479,1
978,6479,6
979,6479,2
984,6479,1
1016,6479,2
1017,6479,1
1051,6479,1
905,6480,1
906,6480,2
908,6480,2
909,6480,2
913,6480,2
914,6480,1
915,6480,8
916,6480,256
917,6480,153
918,6480,10
919,6480,36
920,6480,63
921,6480,6
922,6480,1
923,6480,5
924,6480,98
925,6480,73
926,6480,10
927,6480,1467
928,6480,280
929,6480,325
930,6480,399
931,6480,5
932,6480,3
933,6480,1
934,6480,9
935,6480,48
936,6480,499
937,6480,459
938,6480,51
939,6480,28
940,6480,69
941,6480,10
942,6480,12
943,6480,15
944,6480,8
945,6480,50
946,6480,195
947,6480,99
948,6480,7
949,6480,2
950,6480,29
951,6480,11
952,6480,5
953,6480,10
954,6480,4
955,6480,1
957,6480,1
958,6480,2
959,6480,1
960,6480,2
961,6480,3
963,6480,1
964,6480,6
965,6480,7
966,6480,6
968,6480,1
969,6480,3
976,6480,4
977,6480,5
978,6480,3
982,6480,1
983,6480,4
988,6480,1
1016,6480,1
1051,6480,2
906,6481,1
909,6481,2
913,6481,1
914,6481,1
915,6481,4
916,6481,75
917,6481,280
918,6481,20
919,6481,13
920,6481,55
921,6481,10
923,6481,7
924,6481,36
925,6481,5
926,6481,21
927,6481,1095
928,6481,621
929,6481,88
930,6481,513
931,6481,69
932,6481,4
933,6481,2
934,6481,5
935,6481,17
936,6481,261
937,6481,722
938,6481,93
939,6481,31
940,6481,41
941,6481,36
942,6481,222
943,6481,323
944,6481,210
945,6481,317
946,6481,196
947,6481,4
948,6481,2
949,6481,11
950,6481,28
951,6481,5
952,6481,1
953,6481,2
954,6481,1
957,6481,1
958,6481,2
960,6481,1
961,6481,6
962,6481,10
963,6481,1
964,6481,6
965,6481,18
966,6481,3
967,6481,3
968,6481,1
969,6481,4
970,6481,7
976,6481,3
977,6481,7
978,6481,1
979,6481,1
980,6481,2
981,6481,2
982,6481,3
983,6481,1
985,6481,1
988,6481,3
989,6481,1
1014,6481,1
1015,6481,1
1020,6481,1
1021,6481,1
1049,6481,1
1050,6481,1
1051,6481,2
1054,6481,1
1055,6481,2
909,6482,2
913,6482,1
915,6482,2
916,6482,2
917,6482,295
918,6482,175
919,6482,5
920,6482,26
921,6482,4
922,6482,2
923,6482,3
924,6482,6
925,6482,2
926,6482,177
927,6482,592
928,6482,2788
929,6482,294
930,6482,411
931,6482,376
932,6482,4
933,6482,2
934,6482,3
935,6482,8
936,6482,39
937,6482,400
938,6482,783
939,6482,48
940,6482,11
941,6482,38
942,6482,205
943,6482,346
944,6482,311
945,6482,166
946,6482,9
949,6482,29
950,6482,71
951,6482,10
952,6482,10
953,6482,1
956,6482,1
957,6482,1
958,6482,9
959,6482,7
960,6482,1
961,6482,10
962,6482,11
963,6482,1
964,6482,5
965,6482,4
967,6482,2
968,6482,1
970,6482,8
971,6482,1
976,6482,11
977,6482,4
980,6482,1
981,6482,2
982,6482,21
983,6482,13
988,6482,6
989,6482,2
1014,6482,1
1015,6482,1
1016,6482,1
1020,6482,1
1021,6482,1
1049,6482,1
1050,6482,1
1051,6482,2
1054,6482,1
1055,6482,1
906,6483,1
907,6483,1
909,6483,2
916,6483,3
917,6483,45
918,6483,334
919,6483,10
920,6483,8
921,6483,1
922,6483,1
923,6483,2
924,6483,3
925,6483,25
926,6483,1695
927,6483,974
928,6483,2137
929,6483,1328
930,6483,156
931,6483,455
932,6483,11
933,6483,2
934,6483,1
935,6483,3
936,6483,30
937,6483,84
938,6483,900
939,6483,371
940,6483,12
941,6483,17
942,6483,69
943,6483,136
944,6483,295
945,6483,131
946,6483,3
947,6483,2
948,6483,20
949,6483,436
950,6483,341
951,6483,18
952,6483,14
953,6483,3
954,6483,1
956,6483,1
958,6483,8
959,6483,22
960,6483,3
961,6483,3
962,6483,6
963,6483,4
964,6483,6
965,6483,8
968,6483,1
970,6483,5
971,6483,11
972,6483,2
976,6483,8
977,6483,1
979,6483,3
980,6483,2
981,6483,18
982,6483,9
987,6483,1
988,6483,3
991,6483,1
992,6483,1
1015,6483,1
1016,6483,1
1022,6483,1
1023,6483,1
1048,6483,1
1049,6483,1
1050,6483,1
1051,6483,1
1052,6483,1
1053,6483,1
908,6484,1
915,6484,1
916,6484,9
917,6484,22
918,6484,212
919,6484,24
920,6484,1
921,6484,2
922,6484,8
923,6484,4
924,6484,7
925,6484,18
926,6484,1347
927,6484,838
928,6484,277
929,6484,1873
930,6484,172
931,6484,401
932,6484,17
933,6484,1
934,6484,3
935,6484,1
936,6484,8
937,6484,64
938,6484,216
939,6484,898
940,6484,54
941,6484,4
942,6484,26
943,6484,145
944,6484,178
945,6484,24
946,6484,27
947,6484,178
948,6484,339
949,6484,241
950,6484,83
951,6484,20
952,6484,30
953,6484,20
954,6484,3
958,6484,9
959,6484,40
960,6484,17
961,6484,1
962,6484,2
963,6484,1
965,6484,6
966,6484,2
967,6484,3
968,6484,1
970,6484,1
971,6484,1
974,6484,1
975,6484,3
976,6484,1
979,6484,1
980,6484,1
981,6484,23
982,6484,11
991,6484,2
1017,6484,1
1022,6484,1
1023,6484,1
1051,6484,2
1052,6484,1
1053,6484,2
1054,6484,3
1055,6484,4
1056,6484,1
1057,6484,1
1058,6484,1
909,6485,3
910,6485,2
915,6485,3
916,6485,6
917,6485,35
918,6485,77
919,6485,61
920,6485,56
921,6485,8
922,6485,52
923,6485,9
924,6485,5
925,6485,5
926,6485,417
927,6485,785
928,6485,152
929,6485,2229
930,6485,456
931,6485,444
932,6485,22
933,6485,3
934,6485,2
935,6485,2
936,6485,8
937,6485,25
938,6485,122
939,6485,904
940,6485,593
941,6485,1
942,6485,10
943,6485,73
944,6485,15
945,6485,15
946,6485,129
947,6485,441
948,6485,337
949,6485,22
950,6485,24
951,6485,72
952,6485,26
953,6485,12
954,6485,2
956,6485,2
957,6485,1
958,6485,7
959,6485,45
960,6485,24
961,6485,6
962,6485,2
963,6485,1
965,6485,1
966,6485,16
967,6485,14
968,6485,2
969,6485,5
970,6485,1
971,6485,1
972,6485,1
973,6485,1
975,6485,4
976,6485,1
980,6485,15
981,6485,31
982,6485,10
987,6485,2
988,6485,2
991,6485,2
1053,6485,1
1054,6485,2
1055,6485,4
1056,6485,1
909,6486,1
910,6486,3
915,6486,1
916,6486,2
917,6486,42
918,6486,55
919,6486,103
920,6486,150
921,6486,39
922,6486,59
923,6486,15
924,6486,8
925,6486,12
926,6486,28
927,6486,247
928,6486,656
929,6486,1111
930,6486,617
931,6486,666
932,6486,61
933,6486,1
936,6486,6
937,6486,22
938,6486,20
939,6486,592
940,6486,500
941,6486,6
942,6486,19
943,6486,8
944,6486,10
945,6486,34
946,6486,71
947,6486,34
948,6486,23
949,6486,148
950,6486,216
951,6486,47
952,6486,18
953,6486,13
954,6486,1
955,6486,2
956,6486,5
957,6486,4
958,6486,21
959,6486,62
960,6486,49
961,6486,13
962,6486,4
963,6486,5
964,6486,2
965,6486,2
966,6486,15
967,6486,12
968,6486,15
969,6486,16
970,6486,5
972,6486,1
973,6486,1
974,6486,2
975,6486,4
979,6486,3
980,6486,17
981,6486,4
982,6486,2
986,6486,24
987,6486,31
988,6486,5
990,6486,1
991,6486,4
993,6486,1
1055,6486,3
1056,6486,5
1057,6486,1
1058,6486,2
1059,6486,4
909,6487,2
910,6487,3
911,6487,1
912,6487,1
913,6487,1
916,6487,2
917,6487,79
918,6487,104
919,6487,42
920,6487,104
921,6487,202
922,6487,45
923,6487,13
924,6487,13
925,6487,15
926,6487,30
927,6487,771
928,6487,3338
929,6487,565
930,6487,316
931,6487,795
932,6487,222
933,6487,2
935,6487,1
936,6487,3
937,6487,18
938,6487,24
939,6487,85
940,6487,107
941,6487,6
942,6487,20
943,6487,14
944,6487,11
945,6487,18
946,6487,53
947,6487,129
948,6487,213
949,6487,271
950,6487,142
951,6487,37
952,6487,8
953,6487,18
954,6487,4
955,6487,1
956,6487,6
957,6487,3
958,6487,22
959,6487,36
960,6487,68
961,6487,57
962,6487,13
963,6487,7
964,6487,3
965,6487,2
966,6487,3
967,6487,5
968,6487,6
969,6487,17
970,6487,8
971,6487,3
972,6487,2
974,6487,1
975,6487,1
976,6487,1
979,6487,6
980,6487,8
981,6487,1
986,6487,20
987,6487,15
991,6487,5
992,6487,14
993,6487,12
1056,6487,1
1057,6487,3
1058,6487,7
1059,6487,5
1060,6487,3
1061,6487,1
910,6488,1
911,6488,1
915,6488,1
916,6488,4
917,6488,74
918,6488,201
919,6488,13
920,6488,18
921,6488,233
922,6488,73
923,6488,12
924,6488,12
925,6488,18
926,6488,34
927,6488,191
928,6488,3086
929,6488,970
930,6488,433
931,6488,387
932,6488,156
933,6488,5
934,6488,2
936,6488,1
937,6488,7
938,6488,23
939,6488,94
940,6488,261
941,6488,27
942,6488,7
943,6488,7
944,6488,10
945,6488,18
946,6488,23
947,6488,44
948,6488,54
949,6488,39
950,6488,376
951,6488,294
952,6488,6
953,6488,4
954,6488,8
955,6488,4
956,6488,3
957,6488,2
958,6488,5
959,6488,29
960,6488,82
961,6488,63
962,6488,23
963,6488,11
964,6488,1
965,6488,2
966,6488,4
967,6488,4
968,6488,1
969,6488,4
970,6488,5
971,6488,13
972,6488,2
973,6488,1
975,6488,3
976,6488,1
979,6488,2
980,6488,1
981,6488,1
984,6488,3
985,6488,4
989,6488,13
990,6488,29
991,6488,37
992,6488,13
993,6488,3
1057,6488,1
1058,6488,1
1059,6488,1
1060,6488,1
1061,6488,1
910,6489,1
911,6489,3
914,6489,1
915,6489,1
916,6489,10
917,6489,296
918,6489,348
919,6489,14
920,6489,14
921,6489,94
922,6489,257
923,6489,40
924,6489,25
925,6489,25
926,6489,25
927,6489,133
928,6489,1875
929,6489,631
930,6489,236
931,6489,139
932,6489,173
933,6489,12
934,6489,5
935,6489,1
936,6489,2
937,6489,6
938,6489,15
939,6489,104
940,6489,247
941,6489,198
942,6489,12
943,6489,7
944,6489,15
945,6489,17
946,6489,9
947,6489,5
948,6489,5
949,6489,107
950,6489,288
951,6489,208
952,6489,4
953,6489,5
954,6489,3
955,6489,2
956,6489,1
958,6489,7
959,6489,19
960,6489,14
961,6489,20
962,6489,47
963,6489,22
964,6489,18
965,6489,2
966,6489,6
967,6489,7
969,6489,1
970,6489,26
971,6489,36
972,6489,3
973,6489,1
975,6489,1
976,6489,1
978,6489,1
979,6489,1
980,6489,2
981,6489,1
984,6489,4
985,6489,11
986,6489,2
988,6489,2
989,6489,18
990,6489,40
991,6489,26
992,6489,2
993,6489,1
1051,6489,1
1061,6489,1
1064,6489,1
912,6490,2
916,6490,13
917,6490,239
918,6490,359
919,6490,12
920,6490,7
921,6490,26
922,6490,264
923,6490,137
924,6490,37
925,6490,25
926,6490,53
927,6490,110
928,6490,110
929,6490,83
930,6490,29
931,6490,32
932,6490,87
933,6490,14
934,6490,2
936,6490,3
937,6490,6
938,6490,10
939,6490,40
940,6490,89
941,6490,199
942,6490,82
943,6490,5
944,6490,3
945,6490,31
946,6490,43
947,6490,17
948,6490,3
949,6490,9
950,6490,39
951,6490,132
952,6490,34
953,6490,2
954,6490,1
956,6490,2
957,6490,3
958,6490,18
959,6490,30
960,6490,56
961,6490,79
962,6490,53
963,6490,24
964,6490,24
965,6490,11
966,6490,5
967,6490,10
968,6490,4
969,6490,3
970,6490,12
971,6490,45
972,6490,19
973,6490,15
975,6490,2
976,6490,2
979,6490,1
980,6490,1
981,6490,1
982,6490,4
983,6490,5
984,6490,6
985,6490,9
986,6490,18
987,6490,4
990,6490,7
991,6490,1
1062,6490,5
1063,6490,5
1064,6490,1
1065,6490,1
1066,6490,1
1067,6490,1
911,6491,1
912,6491,2
913,6491,4
914,6491,2
915,6491,2
916,6491,5
917,6491,220
918,6491,426
919,6491,18
920,6491,11
921,6491,16
922,6491,213
923,6491,299
924,6491,35
925,6491,23
926,6491,255
927,6491,206
928,6491,13
929,6491,7
930,6491,10
931,6491,7
932,6491,22
933,6491,14
934,6491,7
935,6491,4
936,6491,4
937,6491,2
938,6491,9
939,6491,18
940,6491,21
941,6491,43
942,6491,136
943,6491,91
944,6491,7
945,6491,6
946,6491,14
947,6491,24
948,6491,9
949,6491,3
950,6491,6
951,6491,53
952,6491,87
953,6491,11
954,6491,3
957,6491,8
958,6491,19
959,6491,133
960,6491,212
961,6491,79
962,6491,33
963,6491,33
964,6491,12
965,6491,11
966,6491,3
967,6491,7
968,6491,7
969,6491,5
970,6491,2
971,6491,18
972,6491,14
973,6491,13
977,6491,1
979,6491,3
980,6491,16
981,6491,13
982,6491,11
983,6491,25
984,6491,25
985,6491,3
986,6491,35
987,6491,11
988,6491,3
989,6491,8
990,6491,8
993,6491,2
1010,6491,1
1011,6491,3
1046,6491,1
1061,6491,1
1062,6491,4
1063,6491,7
1067,6491,1
1071,6491,1
1072,6491,1
913,6492,4
914,6492,6
915,6492,6
916,6492,5
917,6492,7
918,6492,436
919,6492,59
920,6492,15
921,6492,16
922,6492,81
923,6492,136
924,6492,61
925,6492,80
926,6492,141
927,6492,18
928,6492,6
929,6492,4
930,6492,8
931,6492,4
932,6492,6
933,6492,8
934,6492,5
935,6492,4
936,6492,3
937,6492,4
938,6492,11
939,6492,15
940,6492,24
941,6492,24
942,6492,37
943,6492,101
944,6492,51
945,6492,5
946,6492,4
947,6492,33
948,6492,55
949,6492,9
950,6492,4
951,6492,12
952,6492,43
953,6492,31
954,6492,3
955,6492,3
956,6492,4
957,6492,3
958,6492,2
959,6492,35
960,6492,83
961,6492,48
962,6492,81
963,6492,43
964,6492,10
965,6492,16
966,6492,7
967,6492,3
968,6492,4
969,6492,1
971,6492,10
972,6492,7
973,6492,11
976,6492,6
977,6492,42
978,6492,46
979,6492,27
980,6492,22
981,6492,20
982,6492,20
983,6492,15
984,6492,9
985,6492,2
986,6492,42
987,6492,25
988,6492,8
989,6492,20
990,6492,25
991,6492,2
992,6492,3
993,6492,7
994,6492,3
1011,6492,3
1045,6492,1
1046,6492,1
1061,6492,1
1062,6492,8
1063,6492,10
1064,6492,6
1066,6492,1
1067,6492,1
1070,6492,1
1071,6492,2
1073,6492,1
912,6493,1
914,6493,5
915,6493,5
916,6493,4
917,6493,10
918,6493,561
919,6493,345
920,6493,39
921,6493,15
922,6493,29
923,6493,107
924,6493,43
925,6493,7
926,6493,34
927,6493,20
928,6493,5
929,6493,4
930,6493,4
931,6493,5
932,6493,5
933,6493,7
934,6493,5
935,6493,4
936,6493,5
937,6493,7
938,6493,14
939,6493,37
940,6493,49
941,6493,40
942,6493,43
943,6493,37
944,6493,69
945,6493,27
946,6493,2
947,6493,6
948,6493,85
949,6493,52
950,6493,15
951,6493,10
952,6493,5
953,6493,29
954,6493,23
955,6493,4
957,6493,1
958,6493,1
959,6493,5
960,6493,33
961,6493,62
962,6493,88
963,6493,85
964,6493,2
965,6493,16
966,6493,18
967,6493,2
968,6493,4
969,6493,4
970,6493,1
971,6493,2
972,6493,3
973,6493,6
976,6493,1
977,6493,11
978,6493,33
979,6493,46
980,6493,19
981,6493,28
982,6493,30
983,6493,12
984,6493,18
985,6493,6
986,6493,29
987,6493,15
988,6493,3
989,6493,23
990,6493,22
991,6493,5
992,6493,1
994,6493,3
995,6493,3
1011,6493,1
1061,6493,1
1062,6493,5
1063,6493,6
1064,6493,8
1065,6493,2
1066,6493,1
1067,6493,2
1068,6493,1
1073,6493,2
1074,6493,2
911,6494,2
912,6494,1
914,6494,11
915,6494,6
916,6494,3
917,6494,6
918,6494,131
919,6494,717
920,6494,61
921,6494,13
922,6494,3
923,6494,15
924,6494,9
925,6494,1
926,6494,8
927,6494,12
928,6494,9
929,6494,2
931,6494,2
932,6494,7
933,6494,11
934,6494,12
935,6494,6
936,6494,30
937,6494,143
938,6494,99
939,6494,27
940,6494,18
941,6494,21
942,6494,21
943,6494,11
944,6494,32
945,6494,50
946,6494,10
947,6494,1
948,6494,24
949,6494,55
950,6494,57
951,6494,51
952,6494,50
953,6494,58
954,6494,75
955,6494,11
956,6494,1
958,6494,1
959,6494,8
960,6494,26
961,6494,41
962,6494,116
963,6494,85
964,6494,11
965,6494,12
966,6494,6
967,6494,2
968,6494,1
969,6494,2
970,6494,1
971,6494,1
973,6494,2
974,6494,2
976,6494,1
977,6494,2
978,6494,3
979,6494,18
980,6494,100
981,6494,94
982,6494,54
983,6494,24
984,6494,31
985,6494,31
986,6494,35
987,6494,33
988,6494,12
989,6494,11
990,6494,14
991,6494,11
992,6494,7
993,6494,2
994,6494,2
995,6494,6
998,6494,1
1011,6494,1
1062,6494,4
1063,6494,3
1064,6494,2
1066,6494,5
1067,6494,2
1068,6494,1
1073,6494,1
1074,6494,2
912,6495,2
913,6495,2
914,6495,9
915,6495,6
916,6495,2
917,6495,5
918,6495,3
919,6495,486
920,6495,689
921,6495,10
922,6495,2
923,6495,3
924,6495,1
928,6495,10
930,6495,1
931,6495,1
932,6495,5
933,6495,10
934,6495,23
935,6495,27
936,6495,221
937,6495,371
938,6495,502
939,6495,217
940,6495,20
941,6495,17
942,6495,19
943,6495,24
944,6495,12
945,6495,33
946,6495,42
947,6495,9
948,6495,3
949,6495,20
950,6495,292
951,6495,277
952,6495,105
953,6495,128
954,6495,219
955,6495,115
956,6495,7
957,6495,2
958,6495,2
959,6495,2
960,6495,16
961,6495,72
962,6495,108
963,6495,43
964,6495,15
965,6495,5
966,6495,26
967,6495,20
968,6495,3
969,6495,1
973,6495,1
974,6495,8
975,6495,9
976,6495,1
977,6495,1
978,6495,4
979,6495,9
980,6495,36
981,6495,43
982,6495,44
983,6495,35
984,6495,22
985,6495,17
986,6495,13
987,6495,12
988,6495,12
989,6495,12
990,6495,24
991,6495,19
992,6495,9
993,6495,9
994,6495,19
995,6495,14
996,6495,1
997,6495,1
1008,6495,4
1061,6495,1
1062,6495,1
1063,6495,3
1065,6495,2
1066,6495,6
1067,6495,2
1071,6495,1
1074,6495,2
1075,6495,2
1091,6495,1
1092,6495,1
913,6496,1
914,6496,4
915,6496,5
916,6496,2
917,6496,3
918,6496,3
919,6496,29
920,6496,606
921,6496,25
922,6496,1
928,6496,4
932,6496,4
933,6496,13
934,6496,41
935,6496,300
936,6496,918
937,6496,96
938,6496,58
939,6496,402
940,6496,91
941,6496,20
942,6496,17
943,6496,23
944,6496,16
945,6496,10
946,6496,28
947,6496,21
948,6496,7
949,6496,4
950,6496,30
951,6496,44
952,6496,15
953,6496,58
954,6496,120
955,6496,183
956,6496,52
957,6496,3
958,6496,1
959,6496,5
960,6496,2
961,6496,11
962,6496,21
963,6496,19
964,6496,29
965,6496,19
966,6496,8
967,6496,7
968,6496,14
969,6496,3
973,6496,2
974,6496,17
975,6496,29
976,6496,1
977,6496,1
978,6496,5
979,6496,12
980,6496,6
981,6496,23
982,6496,20
983,6496,15
984,6496,37
985,6496,18
986,6496,8
987,6496,8
988,6496,9
989,6496,14
990,6496,14
991,6496,10
992,6496,15
993,6496,33
994,6496,17
995,6496,2
997,6496,1
1007,6496,1
1009,6496,1
1015,6496,1
1064,6496,3
1065,6496,3
1066,6496,4
1067,6496,1
1069,6496,1
1071,6496,1
1074,6496,1
1075,6496,1
1090,6496,1
1091,6496,2
1092,6496,1
913,6497,7
914,6497,3
915,6497,3
916,6497,5
917,6497,4
918,6497,1
919,6497,2
920,6497,322
921,6497,76
927,6497,1
929,6497,1
931,6497,2
932,6497,2
933,6497,6
934,6497,60
935,6497,1804
936,6497,2046
937,6497,62
938,6497,23
939,6497,200
940,6497,159
941,6497,36
942,6497,29
943,6497,68
944,6497,24
945,6497,10
946,6497,9
947,6497,11
948,6497,10
949,6497,10
950,6497,9
951,6497,64
952,6497,331
953,6497,446
954,6497,145
955,6497,37
956,6497,39
957,6497,5
959,6497,6
960,6497,17
961,6497,8
962,6497,4
963,6497,2
964,6497,8
965,6497,9
966,6497,5
967,6497,27
968,6497,28
971,6497,1
972,6497,2
973,6497,2
974,6497,12
975,6497,36
976,6497,15
977,6497,3
978,6497,2
979,6497,12
980,6497,18
981,6497,16
982,6497,9
983,6497,22
984,6497,28
985,6497,19
986,6497,14
987,6497,23
988,6497,53
989,6497,25
990,6497,11
991,6497,2
992,6497,23
993,6497,53
994,6497,2
1003,6497,1
1004,6497,1
1006,6497,1
1007,6497,2
1009,6497,1
1012,6497,1
1015,6497,1
1063,6497,1
1064,6497,4
1065,6497,4
1066,6497,1
1067,6497,2
1068,6497,6
1069,6497,2
1074,6497,1
1075,6497,1
1076,6497,1
1078,6497,1
1079,6497,1
1088,6497,3
1089,6497,2
912,6498,1
913,6498,26
914,6498,4
915,6498,1
916,6498,1
917,6498,3
918,6498,3
919,6498,8
920,6498,297
921,6498,45
927,6498,1
933,6498,5
934,6498,41
935,6498,411
936,6498,585
937,6498,710
938,6498,2104
939,6498,316
940,6498,214
941,6498,1283
942,6498,221
943,6498,103
944,6498,21
945,6498,14
946,6498,5
947,6498,9
948,6498,14
949,6498,12
950,6498,19
951,6498,12
952,6498,32
953,6498,73
954,6498,40
955,6498,2
956,6498,2
959,6498,3
960,6498,26
961,6498,28
962,6498,2
964,6498,2
965,6498,41
966,6498,6
967,6498,14
968,6498,15
969,6498,2
970,6498,1
971,6498,1
973,6498,4
974,6498,5
975,6498,67
976,6498,31
977,6498,9
978,6498,1
979,6498,6
980,6498,10
981,6498,10
982,6498,15
983,6498,31
984,6498,17
985,6498,4
986,6498,21
987,6498,88
988,6498,154
989,6498,96
990,6498,22
991,6498,3
992,6498,34
993,6498,42
994,6498,1
996,6498,1
997,6498,1
1004,6498,1
1006,6498,1
1007,6498,2
1008,6498,1
1067,6498,2
1068,6498,4
1070,6498,2
1071,6498,1
1074,6498,2
1087,6498,1
1088,6498,4
1089,6498,1
912,6499,3
913,6499,29
914,6499,2
915,6499,3
916,6499,3
917,6499,3
918,6499,2
919,6499,30
920,6499,310
921,6499,8
929,6499,1
933,6499,12
934,6499,44
935,6499,7
936,6499,25
937,6499,886
938,6499,3802
939,6499,814
940,6499,530
941,6499,2615
942,6499,768
943,6499,16
944,6499,11
945,6499,14
946,6499,6
947,6499,9
948,6499,11
949,6499,9
950,6499,5
952,6499,1
953,6499,2
954,6499,4
955,6499,2
957,6499,1
958,6499,1
959,6499,11
960,6499,26
961,6499,82
962,6499,9
963,6499,4
964,6499,12
965,6499,45
966,6499,2
967,6499,3
968,6499,4
969,6499,3
970,6499,1
972,6499,3
973,6499,2
974,6499,7
975,6499,75
976,6499,66
977,6499,32
978,6499,11
979,6499,4
980,6499,6
981,6499,4
982,6499,9
983,6499,11
984,6499,8
985,6499,10
986,6499,29
987,6499,40
988,6499,31
989,6499,38
990,6499,26
991,6499,16
992,6499,9
993,6499,11
995,6499,3
996,6499,3
997,6499,5
998,6499,1
1002,6499,1
1003,6499,1
1005,6499,1
1006,6499,1
1016,6499,1
1017,6499,1
1066,6499,3
1067,6499,6
1068,6499,1
1070,6499,1
1072,6499,1
1073,6499,1
1074,6499,2
1075,6499,4
1076,6499,2
1077,6499,2
1078,6499,1
1086,6499,5
1087,6499,5
907,6500,1
908,6500,1
912,6500,20
913,6500,47
914,6500,7
915,6500,1
916,6500,1
917,6500,7
918,6500,20
919,6500,305
920,6500,237
930,6500,1
932,6500,1
933,6500,23
934,6500,14
935,6500,2
936,6500,7
937,6500,54
938,6500,1261
939,6500,1850
940,6500,465
941,6500,2801
942,6500,374
943,6500,17
944,6500,7
945,6500,12
946,6500,11
947,6500,7
948,6500,8
949,6500,8
950,6500,7
951,6500,4
952,6500,3
953,6500,3
954,6500,2
955,6500,1
956,6500,5
957,6500,5
958,6500,26
959,6500,117
960,6500,167
961,6500,159
962,6500,11
963,6500,16
964,6500,7
965,6500,3
966,6500,7
967,6500,21
968,6500,5
969,6500,1
971,6500,2
972,6500,3
973,6500,2
974,6500,8
975,6500,14
976,6500,32
977,6500,16
978,6500,23
979,6500,10
980,6500,3
981,6500,6
982,6500,6
983,6500,4
984,6500,4
985,6500,6
986,6500,9
987,6500,24
988,6500,18
989,6500,19
990,6500,15
991,6500,16
992,6500,10
993,6500,3
994,6500,9
995,6500,34
996,6500,31
997,6500,2
998,6500,2
1005,6500,1
1006,6500,3
1007,6500,2
1008,6500,1
1009,6500,2
1010,6500,1
1066,6500,1
1069,6500,1
1071,6500,1
1072,6500,2
1073,6500,1
1074,6500,3
1075,6500,1
1076,6500,3
1077,6500,2
1078,6500,1
1084,6500,3
1085,6500,3
908,6501,1
911,6501,3
912,6501,39
913,6501,48
914,6501,7
915,6501,5
916,6501,8
917,6501,17
918,6501,82
919,6501,326
920,6501,19
932,6501,2
933,6501,14
934,6501,3
935,6501,3
936,6501,4
937,6501,44
938,6501,627
939,6501,1709
940,6501,141
941,6501,1576
942,6501,1198
943,6501,115
944,6501,22
945,6501,16
946,6501,25
947,6501,12
948,6501,8
949,6501,10
950,6501,9
951,6501,8
952,6501,3
953,6501,11
954,6501,24
955,6501,75
956,6501,144
957,6501,169
958,6501,384
959,6501,806
960,6501,885
961,6501,636
962,6501,163
963,6501,26
964,6501,5
965,6501,1
966,6501,11
967,6501,24
968,6501,2
969,6501,1
971,6501,6
972,6501,6
973,6501,10
974,6501,4
975,6501,3
976,6501,17
977,6501,37
978,6501,83
979,6501,73
980,6501,10
981,6501,5
982,6501,2
984,6501,1
985,6501,2
986,6501,5
987,6501,10
988,6501,7
989,6501,6
990,6501,10
991,6501,1
992,6501,3
993,6501,26
994,6501,66
995,6501,119
996,6501,124
997,6501,27
998,6501,3
999,6501,15
1000,6501,5
1001,6501,1
1002,6501,1
1005,6501,2
1006,6501,5
1007,6501,3
1008,6501,4
1017,6501,1
1018,6501,1
1071,6501,1
1072,6501,6
1073,6501,3
1074,6501,6
1075,6501,7
1076,6501,1
1077,6501,1
1079,6501,2
1080,6501,2
1082,6501,3
1083,6501,3
1084,6501,3
1085,6501,1
910,6502,1
911,6502,1
912,6502,26
913,6502,22
914,6502,5
915,6502,5
916,6502,11
917,6502,13
918,6502,440
919,6502,312
931,6502,2
932,6502,3
933,6502,4
934,6502,2
935,6502,1
936,6502,4
937,6502,67
938,6502,86
939,6502,462
940,6502,53
941,6502,411
942,6502,862
943,6502,1161
944,6502,367
945,6502,59
946,6502,96
947,6502,51
948,6502,14
949,6502,3
950,6502,6
951,6502,4
952,6502,5
953,6502,9
954,6502,11
955,6502,135
956,6502,420
957,6502,457
958,6502,564
959,6502,880
960,6502,923
961,6502,437
962,6502,243
963,6502,61
964,6502,17
965,6502,3
966,6502,3
967,6502,7
968,6502,6
971,6502,8
972,6502,14
973,6502,32
974,6502,28
975,6502,11
976,6502,12
977,6502,30
978,6502,41
979,6502,46
980,6502,141
981,6502,13
982,6502,3
983,6502,1
984,6502,1
985,6502,7
986,6502,5
987,6502,4
988,6502,2
989,6502,3
990,6502,2
991,6502,1
992,6502,4
993,6502,60
994,6502,82
995,6502,59
996,6502,59
997,6502,6
998,6502,1
999,6502,11
1000,6502,13
1005,6502,2
1006,6502,6
1007,6502,3
1018,6502,1
1069,6502,1
1071,6502,1
1072,6502,3
1073,6502,3
1074,6502,8
1075,6502,7
1077,6502,1
1079,6502,2
1080,6502,3
1081,6502,2
1082,6502,7
1083,6502,3
911,6503,4
912,6503,25
913,6503,13
914,6503,4
915,6503,2
916,6503,7
917,6503,12
918,6503,605
919,6503,239
920,6503,1
929,6503,1
930,6503,5
931,6503,6
932,6503,8
933,6503,18
934,6503,10
935,6503,2
936,6503,5
937,6503,210
938,6503,168
939,6503,2285
940,6503,922
941,6503,44
942,6503,1099
943,6503,480
944,6503,133
945,6503,273
946,6503,621
947,6503,1235
948,6503,358
949,6503,31
950,6503,5
951,6503,3
952,6503,2
953,6503,3
954,6503,1
955,6503,3
956,6503,7
957,6503,17
958,6503,33
959,6503,35
960,6503,113
961,6503,130
962,6503,430
963,6503,293
964,6503,12
965,6503,4
967,6503,1
970,6503,1
971,6503,15
972,6503,48
973,6503,21
974,6503,34
975,6503,48
976,6503,8
977,6503,20
978,6503,17
979,6503,60
980,6503,90
981,6503,20
982,6503,70
983,6503,25
984,6503,6
985,6503,5
986,6503,3
987,6503,5
988,6503,2
989,6503,3
990,6503,7
991,6503,5
992,6503,31
993,6503,61
994,6503,50
995,6503,39
996,6503,51
997,6503,8
999,6503,5
1000,6503,7
1001,6503,1
1002,6503,2
1004,6503,2
1005,6503,4
1006,6503,4
1007,6503,3
1069,6503,3
1070,6503,1
1072,6503,2
1073,6503,2
1079,6503,5
1080,6503,6
1081,6503,3
1082,6503,4
897,6504,1
898,6504,1
899,6504,1
908,6504,1
909,6504,3
910,6504,4
911,6504,15
912,6504,24
913,6504,12
914,6504,6
915,6504,3
916,6504,5
917,6504,19
918,6504,971
919,6504,442
920,6504,2
929,6504,2
930,6504,8
931,6504,5
932,6504,37
933,6504,41
934,6504,11
935,6504,2
936,6504,8
937,6504,131
938,6504,218
939,6504,1194
940,6504,1961
941,6504,72
942,6504,894
943,6504,480
944,6504,16
945,6504,136
946,6504,556
947,6504,2796
948,6504,1480
949,6504,819
950,6504,207
951,6504,4
952,6504,4
953,6504,2
954,6504,2
955,6504,1
956,6504,2
957,6504,8
958,6504,5
959,6504,11
960,6504,51
961,6504,264
962,6504,378
963,6504,330
964,6504,62
965,6504,13
966,6504,2
967,6504,1
970,6504,8
971,6504,28
972,6504,64
973,6504,26
974,6504,6
975,6504,18
976,6504,24
977,6504,8
978,6504,16
979,6504,9
980,6504,6
981,6504,28
982,6504,89
983,6504,73
984,6504,22
985,6504,6
986,6504,9
987,6504,5
988,6504,3
990,6504,3
991,6504,6
992,6504,14
993,6504,21
994,6504,33
995,6504,70
996,6504,91
997,6504,53
998,6504,3
999,6504,6
1000,6504,3
1001,6504,1
1002,6504,1
1003,6504,4
1004,6504,13
1005,6504,17
1006,6504,5
1007,6504,1
1008,6504,1
1009,6504,1
1069,6504,2
1070,6504,1
1071,6504,1
1072,6504,1
1079,6504,3
1080,6504,4
1081,6504,1
898,6505,2
899,6505,2
900,6505,1
901,6505,1
902,6505,1
908,6505,3
909,6505,13
910,6505,7
911,6505,13
912,6505,12
913,6505,4
914,6505,1
915,6505,2
916,6505,3
917,6505,7
918,6505,497
919,6505,593
920,6505,3
928,6505,61
929,6505,10
930,6505,43
931,6505,80
932,6505,14
933,6505,2
934,6505,3
935,6505,4
936,6505,6
937,6505,155
938,6505,215
939,6505,80
940,6505,1090
941,6505,213
942,6505,166
943,6505,251
944,6505,7
945,6505,56
946,6505,360
947,6505,1759
948,6505,240
949,6505,1324
950,6505,1215
951,6505,419
952,6505,56
953,6505,5
954,6505,2
955,6505,1
956,6505,1
957,6505,2
958,6505,2
959,6505,9
960,6505,26
961,6505,88
962,6505,259
963,6505,433
964,6505,156
965,6505,9
968,6505,1
970,6505,11
971,6505,45
972,6505,70
973,6505,18
974,6505,16
975,6505,7
976,6505,18
977,6505,15
978,6505,7
979,6505,3
980,6505,5
981,6505,21
982,6505,35
983,6505,34
984,6505,13
985,6505,13
986,6505,14
987,6505,12
988,6505,12
989,6505,12
990,6505,7
991,6505,9
992,6505,40
993,6505,7
994,6505,8
995,6505,37
996,6505,79
997,6505,77
998,6505,16
999,6505,7
1000,6505,3
1004,6505,2
1005,6505,8
1006,6505,24
1007,6505,16
1008,6505,6
1009,6505,2
1078,6505,1
1079,6505,4
1080,6505,3
1081,6505,3
1082,6505,2
902,6506,1
907,6506,3
908,6506,6
909,6506,24
910,6506,14
911,6506,1
912,6506,2
913,6506,1
914,6506,1
917,6506,9
918,6506,81
919,6506,497
920,6506,3
928,6506,70
929,6506,64
930,6506,100
931,6506,211
932,6506,7
933,6506,2
934,6506,4
935,6506,8
936,6506,19
937,6506,262
938,6506,239
939,6506,19
940,6506,268
941,6506,856
942,6506,147
943,6506,263
944,6506,41
945,6506,7
946,6506,49
947,6506,1248
948,6506,89
949,6506,106
950,6506,882
951,6506,1678
952,6506,635
953,6506,100
954,6506,2
955,6506,1
957,6506,1
958,6506,3
959,6506,4
960,6506,9
961,6506,65
962,6506,139
963,6506,354
964,6506,165
965,6506,8
967,6506,2
968,6506,1
970,6506,12
971,6506,91
972,6506,79
973,6506,22
974,6506,21
975,6506,16
976,6506,5
977,6506,5
978,6506,3
979,6506,3
980,6506,13
981,6506,11
982,6506,15
983,6506,7
984,6506,42
985,6506,29
986,6506,14
987,6506,15
988,6506,29
989,6506,19
990,6506,10
991,6506,4
992,6506,27
993,6506,12
994,6506,5
995,6506,11
996,6506,14
997,6506,24
998,6506,14
999,6506,4
1003,6506,2
1004,6506,10
1005,6506,18
1006,6506,18
1007,6506,6
1008,6506,2
1009,6506,9
1010,6506,7
1019,6506,1
1069,6506,1
1070,6506,1
1079,6506,2
1080,6506,1
1082,6506,2
1083,6506,3
895,6507,1
896,6507,1
897,6507,1
898,6507,1
902,6507,1
907,6507,4
908,6507,3
909,6507,9
910,6507,7
911,6507,6
914,6507,1
917,6507,4
918,6507,32
919,6507,479
920,6507,6
928,6507,14
929,6507,182
930,6507,183
931,6507,161
932,6507,1
933,6507,3
934,6507,9
935,6507,85
936,6507,391
937,6507,266
938,6507,41
939,6507,4
940,6507,39
941,6507,3072
942,6507,1789
943,6507,150
944,6507,100
945,6507,4
946,6507,11
947,6507,902
948,6507,197
949,6507,5
950,6507,8
951,6507,501
952,6507,1202
953,6507,602
954,6507,191
957,6507,1
958,6507,2
959,6507,9
960,6507,3
961,6507,21
962,6507,75
963,6507,263
964,6507,109
965,6507,6
970,6507,12
971,6507,32
972,6507,52
973,6507,47
974,6507,18
975,6507,19
976,6507,3
977,6507,4
978,6507,9
979,6507,7
980,6507,3
981,6507,4
982,6507,4
983,6507,17
984,6507,42
985,6507,50
986,6507,6
987,6507,12
988,6507,17
989,6507,44
990,6507,26
991,6507,6
992,6507,3
993,6507,3
994,6507,5
995,6507,14
996,6507,9
997,6507,6
998,6507,3
1000,6507,1
1001,6507,1
1002,6507,1
1003,6507,2
1004,6507,7
1005,6507,11
1006,6507,7
1010,6507,4
1020,6507,1
1078,6507,1
1079,6507,1
1080,6507,1
1082,6507,2
1083,6507,3
1084,6507,2
1085,6507,1
905,6508,1
906,6508,4
907,6508,8
908,6508,2
909,6508,1
910,6508,7
911,6508,1
917,6508,3
918,6508,49
919,6508,558
920,6508,7
927,6508,1
928,6508,2
929,6508,138
930,6508,335
931,6508,32
932,6508,5
933,6508,10
934,6508,14
935,6508,177
936,6508,974
937,6508,73
938,6508,14
939,6508,4
940,6508,12
941,6508,1682
942,6508,3044
943,6508,141
944,6508,138
945,6508,8
946,6508,1
947,6508,425
948,6508,186
949,6508,1
950,6508,5
951,6508,43
952,6508,976
953,6508,1468
954,6508,852
955,6508,4
956,6508,1
957,6508,2
958,6508,3
959,6508,2
960,6508,2
961,6508,13
962,6508,44
963,6508,134
964,6508,127
965,6508,12
968,6508,1
969,6508,1
970,6508,7
971,6508,10
972,6508,28
973,6508,6
974,6508,2
975,6508,11
976,6508,4
977,6508,13
978,6508,10
980,6508,5
981,6508,5
982,6508,4
983,6508,26
984,6508,12
985,6508,37
986,6508,3
987,6508,9
988,6508,10
989,6508,21
990,6508,24
991,6508,5
992,6508,1
993,6508,12
994,6508,21
995,6508,30
996,6508,10
997,6508,2
998,6508,2
999,6508,2
1000,6508,1
1001,6508,10
1002,6508,18
1003,6508,16
1004,6508,3
1005,6508,1
1006,6508,1
1009,6508,4
1010,6508,1
1020,6508,1
1021,6508,1
1079,6508,1
1082,6508,1
1083,6508,1
1085,6508,1
904,6509,2
905,6509,2
906,6509,17
907,6509,6
908,6509,2
910,6509,5
911,6509,1
915,6509,1
916,6509,1
917,6509,1
918,6509,240
919,6509,559
920,6509,6
927,6509,3
928,6509,1
929,6509,55
930,6509,475
931,6509,41
932,6509,1
933,6509,7
934,6509,11
935,6509,35
936,6509,733
937,6509,669
938,6509,26
939,6509,1
940,6509,8
941,6509,280
942,6509,2411
943,6509,650
944,6509,70
945,6509,39
946,6509,4
947,6509,76
948,6509,31
949,6509,4
950,6509,3
951,6509,1
952,6509,13
953,6509,806
954,6509,396
955,6509,25
956,6509,1
957,6509,1
958,6509,1
959,6509,1
960,6509,4
961,6509,12
962,6509,16
963,6509,30
964,6509,111
965,6509,33
966,6509,3
968,6509,1
970,6509,19
971,6509,18
972,6509,10
973,6509,27
974,6509,34
975,6509,21
976,6509,25
977,6509,7
978,6509,6
979,6509,1
980,6509,5
981,6509,16
982,6509,6
983,6509,15
984,6509,4
985,6509,13
986,6509,1
987,6509,30
988,6509,42
989,6509,21
990,6509,15
991,6509,11
992,6509,7
993,6509,15
994,6509,18
995,6509,13
996,6509,4
997,6509,2
998,6509,4
999,6509,4
1000,6509,5
1001,6509,13
1002,6509,34
1003,6509,35
1004,6509,12
1005,6509,1
1006,6509,1
1007,6509,3
1008,6509,5
1009,6509,13
1010,6509,7
904,6510,1
905,6510,8
906,6510,21
907,6510,9
908,6510,5
910,6510,1
911,6510,2
915,6510,1
917,6510,7
918,6510,151
919,6510,500
920,6510,25
921,6510,1
928,6510,1
929,6510,10
930,6510,461
931,6510,122
932,6510,1
933,6510,4
934,6510,10
935,6510,12
936,6510,32
937,6510,839
938,6510,524
939,6510,15
940,6510,11
941,6510,115
942,6510,1900
943,6510,881
944,6510,36
945,6510,16
946,6510,4
947,6510,35
948,6510,45
949,6510,28
950,6510,4
951,6510,8
952,6510,5
953,6510,879
954,6510,2012
955,6510,55
956,6510,6
957,6510,4
958,6510,5
959,6510,4
960,6510,8
961,6510,9
962,6510,11
963,6510,16
964,6510,101
965,6510,23
966,6510,2
967,6510,1
968,6510,1
969,6510,4
970,6510,30
971,6510,48
972,6510,10
973,6510,40
974,6510,57
975,6510,12
976,6510,18
977,6510,13
978,6510,1
981,6510,12
982,6510,4
983,6510,8
984,6510,15
986,6510,5
987,6510,35
988,6510,31
989,6510,21
990,6510,31
991,6510,95
992,6510,52
993,6510,8
994,6510,10
995,6510,65
996,6510,18
997,6510,4
998,6510,10
999,6510,25
1000,6510,13
1001,6510,5
1002,6510,19
1003,6510,12
1004,6510,2
1005,6510,2
1007,6510,1
1008,6510,2
1009,6510,4
1010,6510,2
1012,6510,1
1020,6510,1
1082,6510,1
1087,6510,1
893,6511,1
903,6511,5
904,6511,1
905,6511,7
906,6511,16
907,6511,8
908,6511,1
910,6511,1
911,6511,2
916,6511,3
917,6511,1
918,6511,38
919,6511,416
920,6511,223
921,6511,3
928,6511,2
929,6511,5
930,6511,413
931,6511,193
932,6511,1
933,6511,5
934,6511,6
935,6511,16
936,6511,17
937,6511,71
938,6511,886
939,6511,269
940,6511,9
941,6511,35
942,6511,1735
943,6511,932
944,6511,33
945,6511,4
946,6511,19
947,6511,72
948,6511,89
949,6511,108
950,6511,13
951,6511,35
952,6511,3
953,6511,168
954,6511,1469
955,6511,90
956,6511,11
957,6511,5
958,6511,3
959,6511,6
960,6511,11
961,6511,8
962,6511,3
963,6511,30
964,6511,23
965,6511,10
966,6511,1
968,6511,5
969,6511,14
970,6511,47
971,6511,59
972,6511,5
973,6511,9
974,6511,20
975,6511,3
976,6511,7
977,6511,7
978,6511,4
979,6511,2
980,6511,8
981,6511,6
982,6511,1
983,6511,2
984,6511,6
985,6511,8
986,6511,12
987,6511,36
988,6511,33
989,6511,62
990,6511,91
991,6511,143
992,6511,34
993,6511,54
994,6511,6
995,6511,61
996,6511,38
997,6511,3
998,6511,5
999,6511,21
1000,6511,10
1001,6511,3
1002,6511,12
1003,6511,15
1005,6511,3
1006,6511,5
1009,6511,3
1010,6511,2
1086,6511,1
1087,6511,2
1088,6511,1
893,6512,1
902,6512,3
903,6512,6
904,6512,7
905,6512,2
906,6512,3
907,6512,1
910,6512,1
911,6512,2
912,6512,2
913,6512,1
914,6512,1
916,6512,2
918,6512,9
919,6512,56
920,6512,164
921,6512,2
922,6512,1
929,6512,1
930,6512,202
931,6512,488
932,6512,3
933,6512,1
934,6512,2
935,6512,18
936,6512,13
937,6512,10
938,6512,105
939,6512,885
940,6512,144
941,6512,11
942,6512,233
943,6512,208
944,6512,27
945,6512,10
946,6512,94
947,6512,190
948,6512,265
949,6512,62
950,6512,48
951,6512,33
952,6512,6
953,6512,17
954,6512,1274
955,6512,468
956,6512,62
957,6512,20
958,6512,7
959,6512,4
960,6512,4
961,6512,2
962,6512,5
963,6512,4
964,6512,4
965,6512,6
966,6512,6
967,6512,9
968,6512,12
969,6512,54
970,6512,134
971,6512,101
972,6512,35
973,6512,12
974,6512,2
975,6512,2
976,6512,1
977,6512,16
978,6512,6
979,6512,9
980,6512,5
984,6512,7
985,6512,8
986,6512,5
987,6512,23
988,6512,31
989,6512,28
990,6512,27
991,6512,7
992,6512,159
993,6512,308
994,6512,6
995,6512,16
996,6512,35
997,6512,10
999,6512,6
1000,6512,9
1001,6512,2
1002,6512,1
1003,6512,1
1004,6512,2
1005,6512,2
1006,6512,5
1007,6512,2
1009,6512,3
1010,6512,2
1020,6512,1
1021,6512,1
1086,6512,3
1087,6512,1
1088,6512,1
902,6513,8
903,6513,15
904,6513,2
907,6513,1
909,6513,1
911,6513,4
912,6513,3
913,6513,1
914,6513,1
918,6513,4
919,6513,12
920,6513,17
921,6513,5
929,6513,5
930,6513,56
931,6513,747
932,6513,51
933,6513,3
934,6513,4
935,6513,13
936,6513,12
937,6513,6
938,6513,17
939,6513,625
940,6513,858
941,6513,23
942,6513,24
943,6513,39
944,6513,26
945,6513,107
946,6513,116
947,6513,677
948,6513,1116
949,6513,30
950,6513,17
951,6513,8
952,6513,6
953,6513,15
954,6513,795
955,6513,3054
956,6513,1081
957,6513,91
958,6513,71
959,6513,6
960,6513,5
961,6513,6
962,6513,8
963,6513,4
964,6513,6
965,6513,41
966,6513,74
967,6513,184
968,6513,130
969,6513,29
970,6513,12
971,6513,22
972,6513,64
973,6513,35
974,6513,1
977,6513,13
978,6513,5
979,6513,14
980,6513,8
981,6513,1
984,6513,6
985,6513,14
986,6513,4
987,6513,5
988,6513,2
989,6513,8
990,6513,36
991,6513,99
992,6513,264
993,6513,187
994,6513,1
996,6513,11
997,6513,24
998,6513,4
999,6513,2
1000,6513,4
1001,6513,2
1002,6513,5
1003,6513,5
1004,6513,2
1005,6513,2
1006,6513,3
1007,6513,2
1008,6513,5
1009,6513,2
1020,6513,1
1086,6513,1
902,6514,15
903,6514,7
904,6514,1
906,6514,2
907,6514,4
909,6514,1
910,6514,1
911,6514,2
916,6514,1
917,6514,1
918,6514,2
919,6514,4
920,6514,8
921,6514,8
928,6514,7
929,6514,10
930,6514,21
931,6514,441
932,6514,574
933,6514,191
934,6514,5
935,6514,2
936,6514,7
937,6514,3
938,6514,8
939,6514,28
940,6514,786
941,6514,329
942,6514,11
943,6514,24
944,6514,52
945,6514,571
946,6514,298
947,6514,461
948,6514,1220
949,6514,72
950,6514,14
951,6514,30
952,6514,4
953,6514,88
954,6514,186
955,6514,651
956,6514,190
957,6514,16
958,6514,464
959,6514,121
960,6514,4
961,6514,6
962,6514,8
963,6514,4
964,6514,6
965,6514,62
966,6514,428
967,6514,919
968,6514,894
969,6514,295
970,6514,86
971,6514,88
972,6514,27
973,6514,14
974,6514,7
975,6514,3
976,6514,5
977,6514,5
978,6514,1
979,6514,7
980,6514,17
981,6514,1
983,6514,2
984,6514,17
985,6514,10
986,6514,10
989,6514,82
990,6514,189
991,6514,86
992,6514,7
994,6514,2
995,6514,1
996,6514,9
997,6514,23
998,6514,7
999,6514,5
1000,6514,1
1002,6514,10
1003,6514,10
1004,6514,5
1008,6514,1
901,6515,4
902,6515,8
903,6515,4
906,6515,2
907,6515,3
909,6515,1
911,6515,3
917,6515,1
918,6515,5
919,6515,13
920,6515,17
921,6515,14
928,6515,1
929,6515,6
930,6515,14
931,6515,46
932,6515,243
933,6515,530
934,6515,50
935,6515,22
936,6515,7
937,6515,19
938,6515,10
939,6515,10
940,6515,37
941,6515,245
942,6515,46
943,6515,18
944,6515,145
945,6515,1765
946,6515,715
947,6515,523
948,6515,1026
949,6515,77
950,6515,3
951,6515,9
953,6515,86
954,6515,347
955,6515,387
956,6515,23
957,6515,5
958,6515,1320
959,6515,1857
960,6515,63
962,6515,6
963,6515,6
964,6515,7
965,6515,10
966,6515,73
967,6515,262
968,6515,446
969,6515,500
970,6515,169
971,6515,103
972,6515,52
973,6515,37
974,6515,45
975,6515,13
976,6515,3
977,6515,2
978,6515,1
979,6515,6
980,6515,17
983,6515,2
984,6515,5
985,6515,1
986,6515,10
987,6515,22
988,6515,3
989,6515,24
990,6515,57
991,6515,1
992,6515,2
993,6515,3
994,6515,9
995,6515,4
996,6515,2
997,6515,4
998,6515,19
999,6515,10
1003,6515,1
1004,6515,1
1013,6515,1
1021,6515,1
1022,6515,1
901,6516,7
902,6516,5
904,6516,2
908,6516,1
909,6516,1
911,6516,3
912,6516,2
913,6516,1
914,6516,2
916,6516,2
917,6516,3
918,6516,8
919,6516,19
920,6516,24
921,6516,10
927,6516,1
928,6516,1
929,6516,3
930,6516,9
931,6516,11
932,6516,4
933,6516,55
934,6516,120
935,6516,447
936,6516,10
937,6516,7
938,6516,5
939,6516,1
940,6516,10
941,6516,40
942,6516,43
943,6516,35
944,6516,557
945,6516,2279
946,6516,980
947,6516,338
948,6516,522
949,6516,11
950,6516,2
951,6516,4
952,6516,1
953,6516,22
954,6516,217
955,6516,382
956,6516,7
957,6516,46
958,6516,355
959,6516,1639
960,6516,224
961,6516,5
962,6516,9
963,6516,16
964,6516,6
965,6516,9
966,6516,13
967,6516,27
968,6516,108
969,6516,68
970,6516,34
971,6516,22
972,6516,17
973,6516,53
974,6516,33
975,6516,14
976,6516,3
977,6516,1
978,6516,6
979,6516,16
980,6516,10
982,6516,1
986,6516,1
987,6516,2
988,6516,2
989,6516,3
990,6516,1
991,6516,7
992,6516,11
993,6516,7
994,6516,17
995,6516,6
996,6516,3
997,6516,3
998,6516,6
999,6516,6
1000,6516,2
1003,6516,1
1008,6516,1
1009,6516,1
1010,6516,2
1088,6516,1
899,6517,4
900,6517,12
901,6517,10
902,6517,2
908,6517,2
909,6517,2
910,6517,1
911,6517,3
912,6517,4
913,6517,1
914,6517,1
917,6517,3
918,6517,5
919,6517,29
920,6517,46
921,6517,7
928,6517,1
929,6517,1
930,6517,4
931,6517,3
932,6517,1
933,6517,9
934,6517,52
935,6517,652
936,6517,41
937,6517,2
938,6517,4
939,6517,2
940,6517,10
941,6517,10
942,6517,30
943,6517,38
944,6517,814
945,6517,1135
946,6517,648
947,6517,154
948,6517,532
949,6517,3
951,6517,5
952,6517,5
953,6517,8
954,6517,13
955,6517,40
956,6517,10
957,6517,20
958,6517,29
959,6517,949
960,6517,607
961,6517,10
962,6517,6
963,6517,8
964,6517,8
965,6517,12
966,6517,32
967,6517,10
968,6517,19
969,6517,5
970,6517,20
971,6517,22
972,6517,11
973,6517,24
974,6517,13
975,6517,19
976,6517,2
977,6517,2
978,6517,6
979,6517,5
980,6517,3
982,6517,3
983,6517,2
984,6517,4
985,6517,24
986,6517,2
990,6517,3
991,6517,14
992,6517,16
993,6517,6
994,6517,23
995,6517,2
996,6517,1
997,6517,3
999,6517,2
1000,6517,1
1009,6517,4
1010,6517,3
1011,6517,2
1018,6517,1
898,6518,2
899,6518,13
900,6518,18
901,6518,8
903,6518,1
906,6518,1
907,6518,1
908,6518,2
909,6518,3
911,6518,1
912,6518,2
913,6518,3
914,6518,2
916,6518,2
917,6518,5
918,6518,31
919,6518,152
920,6518,40
921,6518,2
926,6518,1
927,6518,1
928,6518,1
929,6518,1
930,6518,3
931,6518,1
933,6518,3
934,6518,39
935,6518,803
936,6518,90
937,6518,1
939,6518,10
940,6518,13
941,6518,7
942,6518,14
943,6518,34
944,6518,764
945,6518,845
946,6518,374
947,6518,115
948,6518,677
949,6518,11
951,6518,24
952,6518,34
953,6518,21
954,6518,22
955,6518,9
956,6518,6
957,6518,7
958,6518,65
959,6518,1654
960,6518,1624
961,6518,362
962,6518,14
963,6518,3
964,6518,4
965,6518,10
966,6518,80
967,6518,35
968,6518,7
970,6518,6
971,6518,3
972,6518,5
973,6518,1
974,6518,5
975,6518,8
976,6518,6
977,6518,4
978,6518,2
979,6518,1
981,6518,3
982,6518,9
983,6518,21
984,6518,30
985,6518,62
986,6518,28
987,6518,13
988,6518,6
989,6518,3
990,6518,4
991,6518,6
992,6518,3
993,6518,6
994,6518,21
995,6518,3
997,6518,4
998,6518,3
999,6518,1
1000,6518,1
1009,6518,4
1010,6518,6
1011,6518,1
1018,6518,1
1072,6518,1
897,6519,1
898,6519,5
899,6519,10
900,6519,12
901,6519,7
902,6519,2
907,6519,1
909,6519,1
910,6519,1
911,6519,1
912,6519,1
913,6519,1
916,6519,2
917,6519,8
918,6519,60
919,6519,95
920,6519,19
921,6519,1
926,6519,1
927,6519,1
929,6519,1
931,6519,1
932,6519,3
933,6519,2
934,6519,5
935,6519,626
936,6519,626
937,6519,5
938,6519,1
939,6519,5
940,6519,3
941,6519,2
942,6519,7
943,6519,28
944,6519,136
945,6519,343
946,6519,567
947,6519,238
948,6519,914
949,6519,53
951,6519,43
952,6519,31
953,6519,42
954,6519,39
955,6519,7
956,6519,1
957,6519,2
958,6519,58
959,6519,427
960,6519,1775
961,6519,726
962,6519,14
963,6519,7
964,6519,6
965,6519,33
966,6519,68
967,6519,80
968,6519,16
969,6519,18
970,6519,3
974,6519,2
975,6519,1
976,6519,13
977,6519,4
978,6519,2
980,6519,41
981,6519,124
982,6519,89
983,6519,33
984,6519,4
985,6519,1
986,6519,19
987,6519,17
988,6519,6
989,6519,4
990,6519,8
991,6519,3
992,6519,3
993,6519,10
994,6519,26
995,6519,4
996,6519,4
997,6519,3
999,6519,2
1000,6519,4
1001,6519,3
1002,6519,4
1003,6519,1
1008,6519,1
1009,6519,4
1010,6519,5
1017,6519,1
1072,6519,1
897,6520,1
898,6520,7
899,6520,3
900,6520,1
901,6520,8
902,6520,3
903,6520,1
907,6520,1
908,6520,1
910,6520,1
914,6520,1
915,6520,2
916,6520,2
917,6520,14
918,6520,49
919,6520,19
920,6520,2
922,6520,1
925,6520,1
927,6520,2
929,6520,2
930,6520,1
931,6520,1
932,6520,2
933,6520,2
934,6520,4
935,6520,178
936,6520,700
937,6520,26
938,6520,1
939,6520,3
940,6520,4
941,6520,7
942,6520,4
943,6520,13
944,6520,90
945,6520,862
946,6520,1164
947,6520,627
948,6520,295
949,6520,44
950,6520,4
951,6520,22
952,6520,3
953,6520,14
954,6520,23
956,6520,2
957,6520,13
958,6520,79
959,6520,349
960,6520,1622
961,6520,1381
962,6520,52
963,6520,10
964,6520,6
965,6520,38
966,6520,32
967,6520,127
968,6520,220
969,6520,192
970,6520,145
971,6520,70
972,6520,22
973,6520,8
974,6520,8
975,6520,15
976,6520,13
977,6520,6
978,6520,25
979,6520,62
980,6520,187
981,6520,191
982,6520,43
983,6520,44
984,6520,10
985,6520,6
986,6520,1
987,6520,3
988,6520,2
989,6520,2
990,6520,6
991,6520,4
992,6520,3
993,6520,2
994,6520,15
995,6520,10
996,6520,11
998,6520,1
999,6520,2
1000,6520,3
1001,6520,5
1002,6520,5
1003,6520,2
1009,6520,2
1010,6520,1
1012,6520,1
1069,6520,1
1070,6520,1
1071,6520,1
1072,6520,1
895,6521,3
896,6521,3
897,6521,2
898,6521,1
899,6521,1
901,6521,5
902,6521,3
903,6521,1
904,6521,1
907,6521,3
915,6521,2
916,6521,5
917,6521,15
918,6521,27
919,6521,12
920,6521,2
921,6521,1
922,6521,1
924,6521,3
925,6521,2
926,6521,1
927,6521,2
928,6521,3
929,6521,3
930,6521,1
931,6521,3
933,6521,5
934,6521,5
935,6521,41
936,6521,590
937,6521,119
938,6521,4
939,6521,1
940,6521,14
941,6521,29
942,6521,10
943,6521,9
944,6521,52
945,6521,2459
946,6521,2832
947,6521,334
948,6521,127
949,6521,114
950,6521,3
951,6521,7
952,6521,2
953,6521,2
954,6521,2
955,6521,2
956,6521,3
957,6521,7
958,6521,18
959,6521,41
960,6521,181
961,6521,2139
962,6521,700
963,6521,12
964,6521,11
965,6521,8
966,6521,11
967,6521,86
968,6521,186
969,6521,231
970,6521,299
971,6521,428
972,6521,208
973,6521,42
974,6521,32
975,6521,48
976,6521,29
977,6521,17
978,6521,17
979,6521,70
980,6521,90
981,6521,103
982,6521,28
983,6521,45
984,6521,21
985,6521,4
986,6521,2
987,6521,14
988,6521,2
989,6521,4
990,6521,2
991,6521,1
993,6521,3
994,6521,8
995,6521,16
996,6521,19
997,6521,2
998,6521,1
999,6521,3
1000,6521,11
1001,6521,6
1002,6521,4
1003,6521,8
1004,6521,1
1005,6521,3
1008,6521,1
1009,6521,2
1012,6521,1
1013,6521,1
1070,6521,1
895,6522,4
896,6522,4
897,6522,1
901,6522,5
902,6522,4
903,6522,3
904,6522,1
905,6522,2
909,6522,1
915,6522,2
916,6522,7
917,6522,20
918,6522,12
919,6522,11
920,6522,2
921,6522,1
923,6522,3
924,6522,5
925,6522,4
926,6522,1
927,6522,6
928,6522,6
929,6522,4
930,6522,3
931,6522,5
932,6522,4
933,6522,5
934,6522,1
935,6522,2
936,6522,64
937,6522,106
938,6522,19
939,6522,17
940,6522,74
941,6522,43
942,6522,5
943,6522,6
944,6522,23
945,6522,2497
946,6522,4744
947,6522,119
948,6522,22
949,6522,50
950,6522,1
951,6522,2
952,6522,1
953,6522,2
954,6522,4
955,6522,16
956,6522,7
957,6522,10
958,6522,27
959,6522,27
960,6522,49
961,6522,725
962,6522,1065
963,6522,7
964,6522,12
965,6522,12
966,6522,16
967,6522,24
968,6522,6
969,6522,2
970,6522,18
971,6522,290
972,6522,767
973,6522,368
974,6522,210
975,6522,137
976,6522,100
977,6522,19
978,6522,1
979,6522,3
980,6522,6
981,6522,23
982,6522,35
983,6522,20
984,6522,20
985,6522,11
986,6522,7
987,6522,6
989,6522,1
990,6522,9
991,6522,3
992,6522,2
993,6522,5
994,6522,1
996,6522,6
997,6522,1
998,6522,3
999,6522,5
1000,6522,8
1001,6522,3
1002,6522,1
1003,6522,6
1005,6522,4
1006,6522,1
1009,6522,1
1010,6522,1
1012,6522,1
1013,6522,1
1070,6522,1
893,6523,1
894,6523,1
895,6523,3
896,6523,4
897,6523,3
898,6523,3
899,6523,5
900,6523,2
901,6523,9
903,6523,1
905,6523,2
906,6523,2
909,6523,1
910,6523,1
911,6523,1
913,6523,1
915,6523,1
916,6523,9
917,6523,25
918,6523,14
919,6523,14
920,6523,2
922,6523,1
923,6523,8
925,6523,3
926,6523,1
927,6523,2
928,6523,7
929,6523,5
930,6523,3
931,6523,3
932,6523,5
933,6523,2
934,6523,3
935,6523,3
936,6523,10
937,6523,249
938,6523,674
939,6523,310
940,6523,93
941,6523,33
942,6523,5
943,6523,6
944,6523,16
945,6523,754
946,6523,4528
947,6523,145
948,6523,17
949,6523,3
950,6523,2
952,6523,1
953,6523,15
954,6523,75
955,6523,91
956,6523,22
957,6523,94
958,6523,105
959,6523,152
960,6523,30
961,6523,16
962,6523,68
963,6523,23
964,6523,22
965,6523,17
966,6523,30
967,6523,37
968,6523,9
969,6523,2
971,6523,17
972,6523,116
973,6523,108
974,6523,83
975,6523,171
976,6523,477
977,6523,82
978,6523,4
979,6523,3
981,6523,2
982,6523,21
983,6523,12
984,6523,11
985,6523,17
986,6523,33
987,6523,2
989,6523,1
990,6523,11
991,6523,8
992,6523,6
994,6523,1
995,6523,2
996,6523,2
998,6523,1
1002,6523,4
1003,6523,12
1005,6523,2
1010,6523,1
893,6524,2
894,6524,2
897,6524,1
899,6524,2
900,6524,8
901,6524,6
902,6524,1
904,6524,2
910,6524,2
911,6524,1
912,6524,2
916,6524,6
917,6524,34
918,6524,9
919,6524,5
922,6524,12
923,6524,5
924,6524,2
925,6524,3
926,6524,5
927,6524,3
928,6524,4
929,6524,2
930,6524,2
931,6524,5
932,6524,6
933,6524,5
934,6524,4
935,6524,5
936,6524,9
937,6524,33
938,6524,798
939,6524,1092
940,6524,545
941,6524,47
942,6524,21
943,6524,8
944,6524,10
945,6524,140
946,6524,3712
947,6524,184
948,6524,18
949,6524,8
950,6524,7
951,6524,1
952,6524,8
953,6524,64
954,6524,183
955,6524,211
956,6524,57
957,6524,84
958,6524,180
959,6524,186
960,6524,40
961,6524,170
962,6524,400
963,6524,123
964,6524,7
965,6524,9
966,6524,33
967,6524,78
968,6524,36
969,6524,3
970,6524,1
971,6524,4
972,6524,82
973,6524,14
974,6524,23
975,6524,53
976,6524,204
977,6524,414
978,6524,196
979,6524,35
981,6524,1
982,6524,9
983,6524,17
984,6524,6
985,6524,16
986,6524,35
987,6524,5
989,6524,2
990,6524,3
991,6524,9
992,6524,9
993,6524,1
994,6524,1
995,6524,3
998,6524,3
999,6524,5
1002,6524,10
1003,6524,10
1004,6524,1
1005,6524,1
1006,6524,5
1007,6524,1
1008,6524,1
1010,6524,1
1071,6524,2
1072,6524,2
892,6525,1
893,6525,2
894,6525,1
895,6525,1
896,6525,1
899,6525,1
900,6525,6
901,6525,5
906,6525,1
910,6525,1
912,6525,2
913,6525,1
916,6525,3
917,6525,33
918,6525,6
921,6525,2
922,6525,22
923,6525,8
924,6525,2
925,6525,1
926,6525,6
927,6525,3
928,6525,1
929,6525,2
930,6525,9
931,6525,9
932,6525,10
933,6525,6
934,6525,4
935,6525,4
936,6525,4
937,6525,8
938,6525,15
939,6525,444
940,6525,996
941,6525,86
942,6525,51
943,6525,9
944,6525,8
945,6525,52
946,6525,3883
947,6525,337
948,6525,36
949,6525,21
950,6525,66
951,6525,6
952,6525,30
953,6525,25
954,6525,161
955,6525,566
956,6525,78
957,6525,13
958,6525,65
959,6525,657
960,6525,745
961,6525,850
962,6525,1522
963,6525,2521
964,6525,931
965,6525,53
966,6525,186
967,6525,101
968,6525,30
969,6525,4
970,6525,3
971,6525,7
972,6525,35
973,6525,26
974,6525,4
975,6525,24
976,6525,28
977,6525,243
978,6525,427
979,6525,304
980,6525,49
981,6525,3
982,6525,2
983,6525,8
984,6525,6
985,6525,9
986,6525,27
987,6525,8
989,6525,3
990,6525,4
991,6525,10
992,6525,4
993,6525,12
994,6525,8
995,6525,28
996,6525,2
997,6525,1
999,6525,3
1000,6525,2
1001,6525,1
1002,6525,2
1003,6525,3
1004,6525,2
1005,6525,8
1006,6525,4
1007,6525,1
1008,6525,1
1010,6525,1
1024,6525,2
1025,6525,1
1026,6525,1
1071,6525,2
894,6526,1
895,6526,1
900,6526,5
901,6526,3
904,6526,1
905,6526,1
906,6526,1
916,6526,1
917,6526,17
918,6526,8
921,6526,5
922,6526,37
923,6526,10
924,6526,5
926,6526,5
927,6526,3
930,6526,3
931,6526,6
932,6526,6
933,6526,7
934,6526,7
935,6526,11
936,6526,11
937,6526,8
938,6526,11
939,6526,282
940,6526,983
941,6526,263
942,6526,95
943,6526,18
944,6526,22
945,6526,55
946,6526,3943
947,6526,465
948,6526,71
949,6526,10
950,6526,23
951,6526,20
952,6526,69
953,6526,5
954,6526,617
955,6526,756
956,6526,67
957,6526,10
958,6526,24
959,6526,20
960,6526,26
961,6526,198
962,6526,416
963,6526,2753
964,6526,2483
965,6526,256
966,6526,69
967,6526,15
968,6526,19
969,6526,15
970,6526,2
971,6526,5
972,6526,24
973,6526,36
974,6526,12
975,6526,11
976,6526,31
977,6526,50
978,6526,216
979,6526,433
980,6526,115
981,6526,68
982,6526,15
983,6526,4
984,6526,7
985,6526,3
986,6526,8
987,6526,4
989,6526,1
990,6526,6
991,6526,7
993,6526,5
994,6526,7
995,6526,19
996,6526,4
997,6526,1
998,6526,5
1000,6526,1
1003,6526,6
1004,6526,7
1005,6526,7
1006,6526,9
1007,6526,1
1019,6526,2
1020,6526,4
1022,6526,1
1023,6526,2
1026,6526,2
1029,6526,1
894,6527,1
895,6527,2
896,6527,3
899,6527,3
900,6527,6
904,6527,1
905,6527,1
906,6527,1
909,6527,1
910,6527,1
916,6527,2
917,6527,17
918,6527,7
919,6527,2
920,6527,2
921,6527,7
922,6527,66
923,6527,16
924,6527,3
925,6527,2
926,6527,1
927,6527,2
928,6527,1
929,6527,2
930,6527,2
931,6527,3
932,6527,4
933,6527,4
934,6527,5
935,6527,6
936,6527,9
937,6527,11
938,6527,16
939,6527,87
940,6527,685
941,6527,204
942,6527,90
943,6527,20
944,6527,21
945,6527,57
946,6527,2735
947,6527,1805
948,6527,63
949,6527,5
950,6527,4
951,6527,73
952,6527,72
953,6527,14
954,6527,559
955,6527,369
956,6527,37
957,6527,23
958,6527,16
959,6527,7
960,6527,43
961,6527,21
962,6527,38
963,6527,201
964,6527,1795
965,6527,1393
966,6527,143
967,6527,99
968,6527,12
969,6527,17
970,6527,1
971,6527,4
972,6527,6
973,6527,11
974,6527,10
975,6527,20
976,6527,35
977,6527,29
978,6527,48
979,6527,237
980,6527,138
981,6527,133
982,6527,42
983,6527,19
984,6527,17
985,6527,5
986,6527,4
987,6527,4
988,6527,1
989,6527,3
990,6527,8
991,6527,3
993,6527,1
994,6527,1
995,6527,6
997,6527,8
998,6527,17
999,6527,4
1002,6527,2
1003,6527,2
1004,6527,1
1005,6527,1
1008,6527,1
1019,6527,2
1022,6527,2
1023,6527,3
1024,6527,1
1025,6527,4
1026,6527,4
1027,6527,1
1028,6527,1
1029,6527,2
895,6528,1
896,6528,2
898,6528,1
899,6528,1
901,6528,1
902,6528,1
903,6528,3
904,6528,3
910,6528,1
915,6528,1
916,6528,4
917,6528,4
918,6528,2
919,6528,3
921,6528,11
922,6528,68
923,6528,12
924,6528,1
925,6528,2
926,6528,1
927,6528,2
928,6528,1
931,6528,2
932,6528,4
933,6528,3
935,6528,1
936,6528,7
937,6528,12
938,6528,7
939,6528,34
940,6528,339
941,6528,97
942,6528,51
943,6528,7
944,6528,15
945,6528,37
946,6528,349
947,6528,1355
948,6528,12
949,6528,3
950,6528,2
951,6528,941
952,6528,591
953,6528,84
954,6528,636
955,6528,490
956,6528,57
957,6528,25
958,6528,11
959,6528,6
960,6528,57
961,6528,41
962,6528,13
963,6528,49
964,6528,373
965,6528,2086
966,6528,642
967,6528,59
968,6528,12
969,6528,10
970,6528,20
971,6528,2
972,6528,6
973,6528,15
974,6528,17
975,6528,18
976,6528,12
977,6528,30
978,6528,77
979,6528,69
980,6528,88
981,6528,312
982,6528,458
983,6528,309
984,6528,214
985,6528,10
987,6528,7
988,6528,3
989,6528,4
990,6528,15
991,6528,16
992,6528,14
993,6528,3
994,6528,1
995,6528,4
996,6528,3
997,6528,18
998,6528,23
999,6528,6
1000,6528,11
1001,6528,2
1002,6528,1
1010,6528,8
1011,6528,12
1012,6528,4
1013,6528,1
1018,6528,3
1019,6528,5
1021,6528,1
1022,6528,2
1023,6528,4
1024,6528,2
1025,6528,10
1026,6528,7
1027,6528,1
1028,6528,2
1029,6528,2
893,6529,1
894,6529,1
895,6529,1
898,6529,1
901,6529,1
902,6529,1
903,6529,5
904,6529,4
910,6529,1
917,6529,1
918,6529,1
919,6529,3
920,6529,1
921,6529,6
922,6529,48
923,6529,6
926,6529,1
927,6529,2
928,6529,1
929,6529,1
930,6529,1
931,6529,3
932,6529,3
935,6529,2
936,6529,1
937,6529,2
938,6529,2
939,6529,17
940,6529,194
941,6529,101
942,6529,35
943,6529,7
944,6529,11
945,6529,13
946,6529,13
947,6529,139
948,6529,15
949,6529,2
950,6529,19
951,6529,1759
952,6529,2954
953,6529,165
954,6529,650
955,6529,557
956,6529,222
957,6529,349
958,6529,22
959,6529,13
960,6529,156
961,6529,217
962,6529,44
963,6529,59
964,6529,333
965,6529,437
966,6529,679
967,6529,33
968,6529,153
969,6529,36
970,6529,39
971,6529,6
972,6529,9
973,6529,26
974,6529,38
975,6529,33
976,6529,34
977,6529,45
978,6529,49
979,6529,26
980,6529,14
981,6529,38
982,6529,118
983,6529,80
984,6529,224
985,6529,206
986,6529,41
987,6529,9
988,6529,3
989,6529,1
990,6529,8
991,6529,20
992,6529,6
993,6529,6
994,6529,1
995,6529,2
997,6529,4
998,6529,1
999,6529,31
1000,6529,81
1001,6529,12
1002,6529,13
1003,6529,1
1005,6529,2
1006,6529,2
1010,6529,2
1011,6529,17
1012,6529,22
1013,6529,4
1014,6529,2
1015,6529,1
1016,6529,1
1017,6529,1
1018,6529,5
1019,6529,4
1022,6529,7
1023,6529,2
1029,6529,1
892,6530,1
893,6530,1
894,6530,1
895,6530,2
896,6530,1
897,6530,1
901,6530,1
902,6530,1
903,6530,2
904,6530,3
905,6530,2
906,6530,1
910,6530,2
915,6530,1
921,6530,7
922,6530,29
923,6530,4
925,6530,1
926,6530,2
927,6530,2
928,6530,2
930,6530,1
931,6530,1
932,6530,2
933,6530,1
934,6530,1
938,6530,3
939,6530,9
940,6530,192
941,6530,133
942,6530,35
943,6530,4
944,6530,4
945,6530,4
946,6530,3
947,6530,12
948,6530,8
949,6530,4
950,6530,25
951,6530,69
952,6530,2691
953,6530,581
954,6530,1625
955,6530,907
956,6530,409
957,6530,366
958,6530,16
959,6530,23
960,6530,203
961,6530,622
962,6530,174
963,6530,48
964,6530,157
965,6530,99
966,6530,890
967,6530,92
968,6530,245
969,6530,136
970,6530,24
971,6530,14
972,6530,12
973,6530,8
974,6530,5
975,6530,15
976,6530,31
977,6530,51
978,6530,38
979,6530,22
980,6530,43
981,6530,54
982,6530,14
983,6530,4
984,6530,60
985,6530,376
986,6530,285
987,6530,46
988,6530,2
990,6530,2
991,6530,2
992,6530,13
993,6530,22
994,6530,7
998,6530,4
999,6530,134
1000,6530,89
1001,6530,33
1002,6530,65
1003,6530,20
1004,6530,1
1005,6530,1
1006,6530,2
1007,6530,1
1011,6530,5
1012,6530,3
1013,6530,6
1014,6530,3
1015,6530,5
1016,6530,2
1017,6530,1
1018,6530,1
1019,6530,4
1020,6530,1
1021,6530,1
1022,6530,3
1023,6530,1
1024,6530,1
1037,6530,1
1038,6530,1
1039,6530,1
898,6531,1
899,6531,1
901,6531,1
902,6531,1
903,6531,2
904,6531,2
905,6531,2
906,6531,2
907,6531,2
908,6531,3
910,6531,1
915,6531,2
916,6531,3
921,6531,10
922,6531,28
923,6531,4
927,6531,1
928,6531,1
930,6531,2
931,6531,1
934,6531,1
938,6531,1
939,6531,11
940,6531,221
941,6531,125
942,6531,44
943,6531,5
944,6531,4
945,6531,1
946,6531,2
947,6531,6
948,6531,6
949,6531,19
950,6531,36
951,6531,37
952,6531,516
953,6531,1226
954,6531,1771
955,6531,140
956,6531,65
957,6531,26
958,6531,9
959,6531,25
960,6531,151
961,6531,489
962,6531,233
963,6531,42
964,6531,85
965,6531,70
966,6531,641
967,6531,1000
968,6531,48
969,6531,140
970,6531,44
971,6531,27
972,6531,62
973,6531,82
974,6531,5
975,6531,3
976,6531,8
977,6531,9
978,6531,23
979,6531,11
980,6531,83
981,6531,47
982,6531,6
983,6531,3
984,6531,5
985,6531,70
986,6531,543
987,6531,169
988,6531,6
989,6531,1
990,6531,3
991,6531,24
992,6531,26
993,6531,9
994,6531,6
995,6531,3
996,6531,9
997,6531,16
998,6531,53
999,6531,99
1000,6531,51
1001,6531,46
1002,6531,99
1003,6531,48
1004,6531,1
1006,6531,1
1007,6531,2
1008,6531,1
1009,6531,1
1010,6531,1
1011,6531,1
1012,6531,4
1013,6531,4
1014,6531,7
1015,6531,12
1017,6531,1
1018,6531,2
1019,6531,1
1022,6531,1
1037,6531,1
1038,6531,2
1039,6531,3
1040,6531,2
1041,6531,2
893,6532,1
896,6532,1
899,6532,1
903,6532,4
904,6532,6
905,6532,2
906,6532,2
908,6532,1
909,6532,4
910,6532,1
912,6532,1
913,6532,2
914,6532,11
915,6532,12
916,6532,7
917,6532,1
918,6532,1
921,6532,7
922,6532,26
923,6532,8
924,6532,2
926,6532,1
927,6532,2
928,6532,1
929,6532,3
930,6532,2
934,6532,1
940,6532,171
941,6532,108
942,6532,43
943,6532,8
944,6532,4
946,6532,1
947,6532,1
948,6532,79
949,6532,307
950,6532,362
951,6532,287
952,6532,3715
953,6532,475
954,6532,26
955,6532,389
956,6532,153
957,6532,13
958,6532,5
959,6532,29
960,6532,54
961,6532,102
962,6532,75
963,6532,22
964,6532,15
965,6532,156
966,6532,890
967,6532,1113
968,6532,64
969,6532,231
970,6532,270
971,6532,18
972,6532,15
973,6532,96
974,6532,91
975,6532,7
976,6532,6
977,6532,6
978,6532,12
979,6532,26
980,6532,46
981,6532,20
982,6532,2
983,6532,5
984,6532,16
985,6532,26
986,6532,268
987,6532,213
988,6532,12
989,6532,3
990,6532,10
991,6532,22
992,6532,10
993,6532,3
994,6532,8
995,6532,26
996,6532,15
997,6532,8
998,6532,53
999,6532,56
1000,6532,31
1001,6532,6
1002,6532,2
1003,6532,8
1004,6532,18
1005,6532,3
1006,6532,2
1007,6532,1
1011,6532,3
1012,6532,4
1013,6532,2
1014,6532,11
1015,6532,11
1016,6532,2
1017,6532,3
1018,6532,1
1031,6532,1
1032,6532,1
1042,6532,2
1052,6532,1
1053,6532,1
897,6533,1
898,6533,1
899,6533,1
900,6533,1
902,6533,1
903,6533,2
904,6533,5
905,6533,2
907,6533,1
908,6533,1
909,6533,4
910,6533,2
911,6533,1
912,6533,7
913,6533,8
914,6533,45
915,6533,57
916,6533,10
918,6533,1
921,6533,3
922,6533,19
923,6533,10
924,6533,3
925,6533,4
926,6533,2
927,6533,1
939,6533,1
940,6533,106
941,6533,145
942,6533,51
943,6533,15
945,6533,1
947,6533,9
948,6533,106
949,6533,1432
950,6533,1850
951,6533,3340
952,6533,2005
953,6533,64
954,6533,4
955,6533,510
956,6533,414
957,6533,10
958,6533,6
959,6533,17
960,6533,12
961,6533,13
962,6533,12
963,6533,16
964,6533,13
965,6533,67
966,6533,782
967,6533,1459
968,6533,280
969,6533,46
970,6533,53
971,6533,12
972,6533,80
973,6533,89
974,6533,113
975,6533,98
976,6533,35
977,6533,15
978,6533,7
979,6533,4
980,6533,13
981,6533,6
982,6533,4
983,6533,13
984,6533,29
985,6533,51
986,6533,144
987,6533,233
988,6533,25
989,6533,4
990,6533,10
991,6533,8
992,6533,33
993,6533,48
994,6533,107
995,6533,91
996,6533,10
997,6533,4
998,6533,10
999,6533,45
1000,6533,6
1003,6533,25
1004,6533,58
1005,6533,11
1006,6533,7
1011,6533,1
1012,6533,1
1013,6533,1
1014,6533,1
1015,6533,3
1016,6533,6
1017,6533,8
1018,6533,2
1019,6533,1
1020,6533,1
1021,6533,2
1022,6533,1
1026,6533,1
1032,6533,1
1038,6533,1
1039,6533,1
1042,6533,1
1043,6533,3
1052,6533,1
1053,6533,1
1054,6533,1
898,6534,1
899,6534,1
905,6534,1
906,6534,1
907,6534,1
908,6534,3
909,6534,3
910,6534,1
911,6534,6
912,6534,10
913,6534,13
914,6534,17
915,6534,29
916,6534,5
919,6534,1
920,6534,1
921,6534,3
922,6534,23
923,6534,4
924,6534,2
925,6534,1
939,6534,1
940,6534,6
941,6534,121
942,6534,53
943,6534,11
944,6534,1
945,6534,1
946,6534,2
947,6534,24
948,6534,144
949,6534,454
950,6534,4496
951,6534,6177
952,6534,291
953,6534,88
954,6534,8
955,6534,174
956,6534,354
957,6534,16
958,6534,1
959,6534,3
960,6534,4
961,6534,2
962,6534,7
963,6534,54
964,6534,100
965,6534,221
966,6534,497
967,6534,1149
968,6534,987
969,6534,38
970,6534,34
971,6534,22
972,6534,113
973,6534,255
974,6534,67
975,6534,189
976,6534,111
977,6534,95
978,6534,10
979,6534,4
980,6534,1
981,6534,4
982,6534,8
983,6534,15
984,6534,23
985,6534,30
986,6534,15
987,6534,64
988,6534,8
989,6534,2
990,6534,44
991,6534,173
992,6534,180
993,6534,214
994,6534,83
995,6534,4
996,6534,1
997,6534,3
998,6534,1
999,6534,2
1000,6534,7
1003,6534,15
1004,6534,30
1005,6534,52
1006,6534,53
1007,6534,4
1008,6534,3
1013,6534,1
1014,6534,3
1015,6534,11
1016,6534,9
1017,6534,1
1020,6534,1
1021,6534,1
1030,6534,1
1031,6534,4
1032,6534,1
1040,6534,1
1041,6534,1
1053,6534,1
1054,6534,1
895,6535,1
897,6535,1
898,6535,2
899,6535,1
903,6535,2
904,6535,1
909,6535,1
911,6535,2
912,6535,5
913,6535,9
914,6535,4
915,6535,34
916,6535,5
919,6535,1
920,6535,1
921,6535,13
922,6535,23
923,6535,1
924,6535,1
941,6535,44
942,6535,97
943,6535,29
944,6535,8
945,6535,1
946,6535,3
947,6535,241
948,6535,234
949,6535,50
950,6535,1165
951,6535,1111
952,6535,692
953,6535,292
954,6535,26
955,6535,30
956,6535,182
957,6535,13
958,6535,43
959,6535,74
960,6535,71
961,6535,38
962,6535,21
963,6535,80
964,6535,147
965,6535,95
966,6535,754
967,6535,595
968,6535,170
969,6535,49
970,6535,17
971,6535,21
972,6535,23
973,6535,137
974,6535,201
975,6535,196
976,6535,168
977,6535,125
978,6535,38
979,6535,14
980,6535,2
981,6535,2
982,6535,8
983,6535,37
984,6535,45
985,6535,13
986,6535,6
987,6535,14
988,6535,8
989,6535,2
990,6535,53
991,6535,197
992,6535,164
993,6535,19
994,6535,20
995,6535,14
996,6535,10
997,6535,4
998,6535,1
999,6535,1
1000,6535,7
1003,6535,2
1004,6535,13
1005,6535,50
1006,6535,42
1007,6535,59
1008,6535,19
1009,6535,7
1010,6535,3
1012,6535,1
1013,6535,1
1014,6535,6
1015,6535,1
1016,6535,5
1017,6535,8
1018,6535,5
1019,6535,2
1020,6535,2
1021,6535,2
1022,6535,2
1023,6535,1
1026,6535,1
1030,6535,2
1031,6535,5
1032,6535,4
1040,6535,1
1042,6535,1
1043,6535,1
1048,6535,1
894,6536,1
897,6536,2
898,6536,2
899,6536,2
904,6536,1
909,6536,2
910,6536,1
912,6536,1
913,6536,4
914,6536,9
915,6536,32
916,6536,5
919,6536,1
921,6536,18
922,6536,18
941,6536,8
942,6536,58
943,6536,47
944,6536,10
945,6536,5
946,6536,12
947,6536,432
948,6536,95
949,6536,10
950,6536,127
951,6536,212
952,6536,339
953,6536,110
954,6536,66
955,6536,12
956,6536,31
957,6536,9
958,6536,56
959,6536,69
960,6536,183
961,6536,287
962,6536,136
963,6536,69
964,6536,46
965,6536,33
966,6536,103
967,6536,95
968,6536,63
969,6536,180
970,6536,262
971,6536,22
972,6536,13
973,6536,10
974,6536,37
975,6536,47
976,6536,74
977,6536,56
978,6536,56
979,6536,19
980,6536,6
981,6536,8
982,6536,6
983,6536,22
984,6536,32
985,6536,17
986,6536,5
987,6536,3
988,6536,1
989,6536,10
990,6536,45
991,6536,29
992,6536,10
993,6536,29
994,6536,77
995,6536,48
996,6536,24
997,6536,6
998,6536,2
999,6536,1
1000,6536,2
1001,6536,4
1005,6536,4
1006,6536,10
1007,6536,40
1008,6536,23
1009,6536,92
1010,6536,55
1011,6536,15
1013,6536,1
1014,6536,1
1015,6536,1
1017,6536,12
1018,6536,11
1019,6536,2
1023,6536,1
1024,6536,1
1025,6536,1
1026,6536,1
1029,6536,2
1030,6536,2
1031,6536,1
1035,6536,3
1036,6536,3
1042,6536,1
1045,6536,2
1046,6536,1
1052,6536,2
903,6537,1
904,6537,1
912,6537,1
913,6537,2
914,6537,11
915,6537,29
916,6537,4
919,6537,1
920,6537,2
921,6537,13
922,6537,8
939,6537,1
941,6537,1
942,6537,11
943,6537,25
944,6537,13
945,6537,10
946,6537,263
947,6537,749
948,6537,78
949,6537,8
950,6537,47
951,6537,97
952,6537,35
953,6537,16
954,6537,34
955,6537,13
956,6537,13
957,6537,37
958,6537,3
959,6537,11
960,6537,50
961,6537,304
962,6537,189
963,6537,109
964,6537,64
965,6537,49
966,6537,53
967,6537,338
968,6537,1120
969,6537,1655
970,6537,1577
971,6537,238
972,6537,30
973,6537,24
974,6537,41
975,6537,139
976,6537,103
977,6537,62
978,6537,71
979,6537,29
980,6537,11
981,6537,8
982,6537,8
983,6537,18
984,6537,29
985,6537,18
986,6537,6
987,6537,2
988,6537,11
989,6537,135
990,6537,465
991,6537,192
992,6537,87
993,6537,114
994,6537,81
995,6537,26
996,6537,45
997,6537,61
998,6537,22
999,6537,2
1000,6537,4
1001,6537,5
1002,6537,1
1005,6537,2
1006,6537,1
1007,6537,6
1008,6537,18
1009,6537,67
1010,6537,64
1011,6537,24
1012,6537,6
1015,6537,1
1017,6537,7
1018,6537,12
1019,6537,1
1020,6537,1
1021,6537,2
1023,6537,8
1024,6537,10
1025,6537,10
1026,6537,6
1028,6537,2
1029,6537,8
1030,6537,12
1031,6537,1
1036,6537,8
1037,6537,4
1044,6537,3
1045,6537,4
1048,6537,1
1070,6537,1
899,6538,1
900,6538,1
903,6538,1
904,6538,1
913,6538,1
914,6538,14
915,6538,32
916,6538,13
917,6538,1
920,6538,1
921,6538,14
922,6538,5
941,6538,2
942,6538,2
943,6538,7
944,6538,21
945,6538,157
946,6538,701
947,6538,236
948,6538,26
949,6538,7
950,6538,41
951,6538,96
952,6538,26
953,6538,5
954,6538,2
955,6538,6
956,6538,43
957,6538,420
958,6538,51
959,6538,5
960,6538,9
961,6538,50
962,6538,125
963,6538,84
964,6538,56
965,6538,42
966,6538,113
967,6538,436
968,6538,895
969,6538,872
970,6538,1408
971,6538,1023
972,6538,66
973,6538,32
974,6538,141
975,6538,163
976,6538,94
977,6538,17
978,6538,26
979,6538,19
980,6538,13
981,6538,4
982,6538,5
983,6538,17
984,6538,16
985,6538,17
986,6538,9
987,6538,7
988,6538,65
989,6538,202
990,6538,483
991,6538,274
992,6538,30
993,6538,14
994,6538,10
995,6538,17
996,6538,25
997,6538,73
998,6538,63
999,6538,23
1000,6538,9
1001,6538,10
1002,6538,3
1003,6538,1
1009,6538,2
1010,6538,1
1011,6538,61
1012,6538,103
1013,6538,8
1015,6538,2
1016,6538,7
1017,6538,6
1018,6538,2
1020,6538,2
1021,6538,3
1022,6538,1
1023,6538,1
1024,6538,2
1025,6538,9
1026,6538,1
1029,6538,6
1030,6538,8
1031,6538,2
1035,6538,1
1036,6538,10
1037,6538,8
1038,6538,3
1043,6538,2
1044,6538,3
1045,6538,2
1048,6538,2
1051,6538,3
1052,6538,2
1055,6538,2
1059,6538,2
1070,6538,1
899,6539,1
900,6539,1
902,6539,1
914,6539,10
915,6539,29
916,6539,17
917,6539,4
921,6539,10
922,6539,1
941,6539,2
942,6539,1
943,6539,1
944,6539,9
945,6539,65
946,6539,90
947,6539,21
948,6539,6
949,6539,11
950,6539,53
951,6539,847
952,6539,731
953,6539,125
954,6539,55
955,6539,50
956,6539,10
957,6539,158
958,6539,175
959,6539,10
960,6539,3
961,6539,14
962,6539,48
963,6539,76
964,6539,43
965,6539,30
966,6539,85
967,6539,92
968,6539,111
969,6539,169
970,6539,568
971,6539,1316
972,6539,278
973,6539,14
974,6539,94
975,6539,219
976,6539,41
977,6539,6
978,6539,10
979,6539,13
980,6539,9
981,6539,2
982,6539,5
983,6539,10
984,6539,8
985,6539,6
986,6539,7
987,6539,14
988,6539,133
989,6539,229
990,6539,329
991,6539,157
992,6539,8
993,6539,2
994,6539,1
995,6539,4
996,6539,3
997,6539,17
998,6539,60
999,6539,29
1000,6539,33
1001,6539,9
1002,6539,8
1003,6539,2
1006,6539,5
1011,6539,28
1012,6539,58
1013,6539,19
1014,6539,4
1016,6539,1
1017,6539,3
1021,6539,4
1022,6539,3
1023,6539,2
1024,6539,1
1025,6539,1
1026,6539,2
1029,6539,4
1030,6539,2
1031,6539,2
1036,6539,2
1037,6539,6
1038,6539,5
1039,6539,1
1041,6539,1
1048,6539,1
1051,6539,2
1052,6539,1
1055,6539,2
1059,6539,4
1060,6539,3
1062,6539,2
1063,6539,1
1065,6539,1
902,6540,1
914,6540,8
915,6540,37
916,6540,11
917,6540,4
921,6540,6
943,6540,1
944,6540,3
945,6540,9
946,6540,29
947,6540,18
948,6540,35
949,6540,35
950,6540,53
951,6540,2693
952,6540,499
953,6540,476
954,6540,673
955,6540,260
956,6540,206
957,6540,35
958,6540,616
959,6540,342
960,6540,45
961,6540,17
962,6540,13
963,6540,31
964,6540,36
965,6540,80
966,6540,62
967,6540,49
968,6540,54
969,6540,114
970,6540,577
971,6540,1075
972,6540,970
973,6540,108
974,6540,29
975,6540,121
976,6540,216
977,6540,18
978,6540,8
979,6540,12
980,6540,7
981,6540,1
982,6540,3
983,6540,6
984,6540,1
985,6540,3
986,6540,4
987,6540,16
988,6540,52
989,6540,143
990,6540,148
991,6540,20
992,6540,4
993,6540,8
994,6540,14
995,6540,25
996,6540,9
997,6540,8
998,6540,13
999,6540,21
1000,6540,106
1001,6540,54
1002,6540,24
1003,6540,7
1006,6540,2
1008,6540,1
1009,6540,1
1011,6540,2
1012,6540,3
1013,6540,67
1014,6540,31
1017,6540,1
1018,6540,1
1020,6540,2
1021,6540,4
1025,6540,1
1026,6540,4
1027,6540,4
1028,6540,5
1029,6540,7
1030,6540,4
1037,6540,2
1038,6540,8
1039,6540,6
1040,6540,3
1041,6540,2
1049,6540,1
1050,6540,2
1051,6540,1
1052,6540,1
1054,6540,2
1060,6540,1
1062,6540,1
1063,6540,3
1064,6540,3
1065,6540,2
1072,6540,1
904,6541,1
912,6541,2
914,6541,6
915,6541,32
916,6541,17
917,6541,4
921,6541,4
944,6541,3
945,6541,2
946,6541,8
947,6541,13
948,6541,77
949,6541,88
950,6541,27
951,6541,2207
952,6541,334
953,6541,232
954,6541,1124
955,6541,826
956,6541,444
957,6541,538
958,6541,447
959,6541,1543
960,6541,312
961,6541,83
962,6541,18
963,6541,8
964,6541,20
965,6541,40
966,6541,129
967,6541,361
968,6541,380
969,6541,147
970,6541,216
971,6541,557
972,6541,973
973,6541,512
974,6541,273
975,6541,40
976,6541,291
977,6541,115
978,6541,10
979,6541,5
980,6541,2
982,6541,2
983,6541,2
984,6541,1
985,6541,2
986,6541,15
987,6541,41
988,6541,28
989,6541,193
990,6541,124
991,6541,9
992,6541,16
993,6541,32
994,6541,120
995,6541,211
996,6541,72
997,6541,17
998,6541,13
999,6541,29
1000,6541,157
1001,6541,100
1002,6541,46
1003,6541,23
1007,6541,1
1008,6541,1
1009,6541,4
1010,6541,2
1012,6541,2
1013,6541,73
1014,6541,33
1015,6541,6
1016,6541,1
1017,6541,1
1020,6541,3
1021,6541,10
1022,6541,2
1025,6541,1
1026,6541,1
1027,6541,5
1028,6541,5
1029,6541,7
1030,6541,3
1038,6541,3
1039,6541,2
1040,6541,2
1041,6541,2
1042,6541,3
1043,6541,1
1049,6541,1
1050,6541,1
1051,6541,2
1054,6541,1
1061,6541,1
1062,6541,2
1063,6541,2
1064,6541,1
1071,6541,1
1072,6541,1
904,6542,1
912,6542,1
914,6542,6
915,6542,32
916,6542,11
917,6542,4
921,6542,3
922,6542,1
943,6542,1
944,6542,2
945,6542,2
947,6542,5
948,6542,47
949,6542,112
950,6542,56
951,6542,3051
952,6542,623
953,6542,33
954,6542,31
955,6542,80
956,6542,72
957,6542,494
958,6542,232
959,6542,833
960,6542,1009
961,6542,517
962,6542,235
963,6542,23
964,6542,19
965,6542,51
966,6542,53
967,6542,87
968,6542,131
969,6542,96
970,6542,72
971,6542,182
972,6542,495
973,6542,661
974,6542,339
975,6542,98
976,6542,154
977,6542,358
978,6542,51
979,6542,8
980,6542,3
981,6542,1
985,6542,8
986,6542,20
987,6542,21
988,6542,21
989,6542,37
990,6542,11
991,6542,3
992,6542,15
993,6542,207
994,6542,372
995,6542,944
996,6542,982
997,6542,168
998,6542,22
999,6542,26
1000,6542,20
1001,6542,63
1002,6542,109
1003,6542,75
1004,6542,2
1006,6542,16
1007,6542,5
1013,6542,1
1014,6542,63
1015,6542,49
1016,6542,3
1017,6542,1
1019,6542,2
1020,6542,4
1021,6542,5
1022,6542,1
1027,6542,1
1028,6542,7
1029,6542,2
1030,6542,2
1031,6542,4
1037,6542,2
1038,6542,7
1039,6542,3
1040,6542,3
1041,6542,2
1042,6542,7
1043,6542,7
1044,6542,2
1050,6542,3
1051,6542,2
1056,6542,1
1062,6542,1
1063,6542,1
1066,6542,1
1071,6542,1
1072,6542,1
902,6543,1
903,6543,1
912,6543,1
913,6543,1
914,6543,11
915,6543,36
916,6543,10
917,6543,2
921,6543,3
922,6543,2
943,6543,2
944,6543,1
945,6543,1
948,6543,7
949,6543,81
950,6543,1296
951,6543,2427
952,6543,119
953,6543,11
954,6543,6
955,6543,5
956,6543,13
957,6543,23
958,6543,151
959,6543,75
960,6543,349
961,6543,1136
962,6543,751
963,6543,45
964,6543,19
965,6543,25
966,6543,31
967,6543,63
968,6543,65
969,6543,13
970,6543,14
971,6543,56
972,6543,325
973,6543,875
974,6543,429
975,6543,230
976,6543,30
977,6543,101
978,6543,78
979,6543,8
980,6543,2
982,6543,1
983,6543,3
984,6543,22
985,6543,29
986,6543,35
987,6543,45
988,6543,72
989,6543,9
990,6543,3
991,6543,4
992,6543,43
993,6543,162
994,6543,73
995,6543,121
996,6543,818
997,6543,1636
998,6543,78
999,6543,119
1000,6543,65
1001,6543,13
1002,6543,104
1003,6543,70
1004,6543,7
1005,6543,37
1006,6543,6
1007,6543,2
1013,6543,2
1014,6543,13
1015,6543,10
1016,6543,1
1018,6543,2
1019,6543,9
1020,6543,6
1021,6543,1
1026,6543,3
1027,6543,3
1028,6543,3
1029,6543,1
1032,6543,1
1034,6543,7
1035,6543,8
1036,6543,1
1038,6543,6
1041,6543,4
1042,6543,12
1043,6543,3
1045,6543,10
1046,6543,4
1050,6543,1
1053,6543,5
1055,6543,1
1056,6543,2
1066,6543,1
905,6544,1
911,6544,1
912,6544,2
913,6544,1
914,6544,11
915,6544,33
916,6544,9
942,6544,2
948,6544,6
949,6544,47
950,6544,496
951,6544,281
952,6544,23
953,6544,8
954,6544,1
955,6544,3
956,6544,1
957,6544,1
958,6544,77
959,6544,252
960,6544,41
961,6544,128
962,6544,182
963,6544,51
964,6544,56
965,6544,53
966,6544,75
967,6544,114
968,6544,191
969,6544,112
970,6544,44
971,6544,38
972,6544,52
973,6544,671
974,6544,1095
975,6544,745
976,6544,722
977,6544,412
978,6544,451
979,6544,38
980,6544,3
982,6544,3
983,6544,42
984,6544,180
985,6544,470
986,6544,240
987,6544,103
988,6544,123
989,6544,27
990,6544,8
991,6544,9
992,6544,88
993,6544,130
994,6544,4
995,6544,2
996,6544,100
997,6544,1084
998,6544,528
999,6544,59
1000,6544,61
1001,6544,5
1002,6544,15
1003,6544,35
1004,6544,17
1005,6544,37
1006,6544,24
1007,6544,3
1008,6544,1
1009,6544,1
1010,6544,1
1013,6544,1
1014,6544,54
1015,6544,32
1016,6544,4
1017,6544,1
1018,6544,3
1019,6544,9
1020,6544,1
1021,6544,4
1026,6544,3
1029,6544,1
1032,6544,1
1033,6544,1
1034,6544,4
1035,6544,5
1036,6544,1
1040,6544,1
1041,6544,1
1042,6544,3
1043,6544,4
1045,6544,13
1046,6544,7
1047,6544,1
1052,6544,3
1053,6544,6
1055,6544,2
1177,6544,1
1178,6544,1
1179,6544,1
1184,6544,1
1187,6544,1
1188,6544,1
1189,6544,1
1198,6544,1
1199,6544,1
1200,6544,1
1201,6544,1
1202,6544,1
903,6545,1
904,6545,1
905,6545,1
913,6545,3
914,6545,36
915,6545,34
916,6545,6
922,6545,1
941,6545,1
942,6545,3
943,6545,1
945,6545,2
946,6545,2
947,6545,6
948,6545,4
949,6545,28
950,6545,346
951,6545,342
952,6545,39
953,6545,21
954,6545,3
955,6545,7
956,6545,11
957,6545,6
958,6545,8
959,6545,191
960,6545,262
961,6545,18
962,6545,11
963,6545,130
964,6545,343
965,6545,79
966,6545,70
967,6545,170
968,6545,1045
969,6545,1635
970,6545,170
971,6545,247
972,6545,92
973,6545,172
974,6545,947
975,6545,1930
976,6545,1764
977,6545,945
978,6545,125
979,6545,27
982,6545,2
983,6545,190
984,6545,712
985,6545,1475
986,6545,1601
987,6545,386
988,6545,324
989,6545,273
990,6545,57
991,6545,28
992,6545,145
993,6545,574
994,6545,62
995,6545,5
996,6545,3
997,6545,235
998,6545,193
999,6545,69
1000,6545,12
1001,6545,2
1002,6545,2
1003,6545,3
1004,6545,60
1005,6545,26
1006,6545,17
1007,6545,2
1014,6545,3
1015,6545,5
1016,6545,1
1018,6545,2
1019,6545,8
1020,6545,2
1021,6545,3
1022,6545,2
1029,6545,1
1030,6545,1
1031,6545,2
1032,6545,1
1043,6545,3
1046,6545,5
1047,6545,8
1048,6545,8
1054,6545,2
1177,6545,1
1178,6545,1
1179,6545,1
1180,6545,1
1187,6545,1
1188,6545,1
1189,6545,1
1201,6545,1
1202,6545,1
903,6546,1
904,6546,1
913,6546,20
914,6546,38
915,6546,18
942,6546,3
943,6546,2
944,6546,4
946,6546,2
947,6546,3
948,6546,10
949,6546,12
950,6546,46
951,6546,255
952,6546,91
953,6546,11
954,6546,1
955,6546,4
956,6546,3
957,6546,6
958,6546,10
959,6546,23
960,6546,148
961,6546,42
962,6546,3
963,6546,81
964,6546,789
965,6546,335
966,6546,112
967,6546,59
968,6546,217
969,6546,912
970,6546,354
971,6546,215
972,6546,282
973,6546,235
974,6546,155
975,6546,348
976,6546,224
977,6546,718
978,6546,304
979,6546,3
982,6546,15
983,6546,238
984,6546,767
985,6546,1403
986,6546,1460
987,6546,519
988,6546,1260
989,6546,174
990,6546,250
991,6546,117
992,6546,24
993,6546,74
994,6546,102
995,6546,5
997,6546,70
998,6546,455
999,6546,227
1000,6546,31
1001,6546,6
1002,6546,7
1003,6546,53
1004,6546,144
1005,6546,86
1006,6546,30
1010,6546,2
1012,6546,2
1014,6546,3
1015,6546,62
1016,6546,39
1019,6546,4
1020,6546,2
1022,6546,1
1029,6546,1
1030,6546,4
1031,6546,3
1032,6546,2
1033,6546,2
1043,6546,3
1044,6546,5
1045,6546,1
1046,6546,4
1047,6546,8
1048,6546,8
1050,6546,2
1051,6546,1
1054,6546,2
1055,6546,3
1180,6546,1
1188,6546,1
903,6547,1
904,6547,1
912,6547,1
913,6547,44
914,6547,30
915,6547,3
916,6547,1
943,6547,1
944,6547,3
945,6547,1
946,6547,2
948,6547,9
949,6547,11
950,6547,13
951,6547,76
952,6547,59
953,6547,3
954,6547,9
955,6547,84
956,6547,12
957,6547,8
958,6547,18
959,6547,6
960,6547,19
961,6547,20
962,6547,6
963,6547,79
964,6547,353
965,6547,1058
966,6547,189
967,6547,35
968,6547,17
969,6547,15
970,6547,113
971,6547,204
972,6547,189
973,6547,119
974,6547,50
975,6547,294
976,6547,280
977,6547,95
978,6547,127
979,6547,1
980,6547,1
981,6547,1
982,6547,16
983,6547,116
984,6547,209
985,6547,505
986,6547,153
987,6547,54
988,6547,500
989,6547,281
990,6547,204
991,6547,223
992,6547,64
993,6547,6
994,6547,20
995,6547,9
997,6547,2
998,6547,318
999,6547,387
1000,6547,124
1001,6547,19
1002,6547,2
1003,6547,17
1004,6547,20
1005,6547,13
1006,6547,10
1009,6547,1
1013,6547,4
1014,6547,68
1015,6547,62
1016,6547,27
1019,6547,2
1020,6547,1
1028,6547,1
1029,6547,3
1030,6547,3
1046,6547,2
1050,6547,10
1051,6547,5
1053,6547,1
1054,6547,5
1055,6547,8
1201,6547,1
1202,6547,1
903,6548,1
912,6548,16
913,6548,29
914,6548,9
915,6548,1
922,6548,1
924,6548,1
925,6548,1
941,6548,2
943,6548,2
946,6548,1
947,6548,3
948,6548,5
949,6548,3
950,6548,4
951,6548,9
952,6548,14
953,6548,64
954,6548,61
955,6548,196
956,6548,55
957,6548,4
958,6548,26
959,6548,35
960,6548,17
961,6548,7
962,6548,3
963,6548,106
964,6548,139
965,6548,394
966,6548,399
967,6548,124
968,6548,89
969,6548,164
970,6548,150
971,6548,251
972,6548,293
973,6548,68
974,6548,21
975,6548,109
976,6548,281
977,6548,415
978,6548,163
979,6548,12
981,6548,3
982,6548,30
983,6548,67
984,6548,30
985,6548,113
986,6548,10
987,6548,2
988,6548,15
989,6548,5
990,6548,5
991,6548,33
992,6548,40
993,6548,4
994,6548,1
995,6548,1
998,6548,66
999,6548,267
1000,6548,115
1001,6548,42
1002,6548,1
1003,6548,3
1004,6548,19
1005,6548,25
1006,6548,10
1007,6548,4
1008,6548,10
1009,6548,13
1013,6548,1
1014,6548,22
1015,6548,28
1016,6548,20
1020,6548,1
1027,6548,2
1028,6548,2
1029,6548,3
1030,6548,2
1049,6548,3
1050,6548,4
1051,6548,9
1054,6548,2
1055,6548,5
1056,6548,4
1062,6548,1
1201,6548,1
903,6549,1
912,6549,32
913,6549,11
914,6549,9
943,6549,1
944,6549,1
945,6549,2
946,6549,1
947,6549,2
948,6549,7
949,6549,3
950,6549,3
951,6549,10
952,6549,12
953,6549,118
954,6549,467
955,6549,451
956,6549,133
957,6549,27
958,6549,9
959,6549,36
960,6549,42
961,6549,15
963,6549,56
964,6549,24
965,6549,47
966,6549,452
967,6549,631
968,6549,52
969,6549,33
970,6549,8
971,6549,6
972,6549,17
973,6549,25
974,6549,26
975,6549,115
976,6549,76
977,6549,115
978,6549,11
981,6549,2
982,6549,153
983,6549,249
984,6549,236
985,6549,37
986,6549,8
987,6549,2
988,6549,3
989,6549,2
990,6549,1
992,6549,2
993,6549,4
994,6549,2
995,6549,1
998,6549,1
999,6549,220
1000,6549,154
1001,6549,62
1002,6549,17
1004,6549,4
1005,6549,16
1006,6549,13
1007,6549,60
1008,6549,35
1009,6549,10
1011,6549,1
1014,6549,6
1015,6549,58
1016,6549,35
1017,6549,1
1018,6549,1
1027,6549,2
1028,6549,2
1029,6549,3
1051,6549,6
1054,6549,1
1056,6549,2
1200,6549,1
905,6550,1
911,6550,5
912,6550,43
913,6550,6
914,6550,1
915,6550,1
922,6550,1
941,6550,1
942,6550,1
944,6550,1
946,6550,2
947,6550,4
948,6550,2
949,6550,2
950,6550,4
951,6550,14
952,6550,8
953,6550,4
954,6550,32
955,6550,197
956,6550,272
957,6550,117
958,6550,87
959,6550,51
960,6550,45
961,6550,18
962,6550,2
963,6550,23
964,6550,19
965,6550,78
966,6550,241
967,6550,342
968,6550,96
969,6550,42
970,6550,3
971,6550,2
972,6550,5
973,6550,4
974,6550,23
975,6550,60
976,6550,15
977,6550,35
978,6550,1
979,6550,1
981,6550,27
982,6550,77
983,6550,237
984,6550,65
985,6550,1
986,6550,2
987,6550,2
988,6550,7
989,6550,1
995,6550,3
996,6550,2
997,6550,1
998,6550,1
999,6550,16
1000,6550,106
1001,6550,81
1002,6550,29
1003,6550,1
1004,6550,2
1005,6550,30
1006,6550,81
1007,6550,84
1008,6550,9
1009,6550,1
1012,6550,1
1013,6550,4
1014,6550,4
1015,6550,7
1016,6550,4
1017,6550,2
1039,6550,1
1056,6550,1
1058,6550,2
1199,6550,1
906,6551,1
907,6551,1
911,6551,25
912,6551,36
913,6551,5
926,6551,1
927,6551,1
940,6551,1
942,6551,1
945,6551,3
946,6551,5
947,6551,5
948,6551,4
949,6551,4
950,6551,5
951,6551,10
952,6551,5
953,6551,4
954,6551,4
955,6551,10
956,6551,33
957,6551,75
958,6551,123
959,6551,53
960,6551,42
961,6551,12
962,6551,2
963,6551,13
964,6551,197
965,6551,53
966,6551,18
967,6551,21
968,6551,66
969,6551,95
970,6551,31
971,6551,6
972,6551,3
973,6551,5
974,6551,5
975,6551,59
976,6551,111
977,6551,49
981,6551,16
982,6551,56
983,6551,70
984,6551,19
985,6551,5
986,6551,6
987,6551,16
988,6551,15
989,6551,4
994,6551,1
995,6551,4
998,6551,1
1000,6551,61
1001,6551,161
1002,6551,24
1003,6551,4
1004,6551,1
1005,6551,6
1006,6551,16
1007,6551,10
1008,6551,3
1009,6551,8
1010,6551,10
1012,6551,1
1013,6551,26
1014,6551,84
1015,6551,6
1016,6551,1
1017,6551,6
1028,6551,2
1029,6551,1
1039,6551,1
1051,6551,2
1054,6551,3
1056,6551,4
1057,6551,2
1058,6551,4
1059,6551,9
1060,6551,4
906,6552,1
907,6552,1
908,6552,1
909,6552,1
911,6552,31
912,6552,33
913,6552,1
914,6552,2
922,6552,1
941,6552,1
942,6552,1
943,6552,1
944,6552,3
945,6552,4
946,6552,3
947,6552,2
948,6552,2
949,6552,2
950,6552,3
951,6552,8
952,6552,4
953,6552,6
954,6552,6
955,6552,3
956,6552,2
957,6552,31
958,6552,243
959,6552,164
960,6552,32
961,6552,2
962,6552,1
963,6552,99
964,6552,129
965,6552,23
966,6552,13
967,6552,7
968,6552,5
969,6552,67
970,6552,162
971,6552,57
972,6552,20
973,6552,6
974,6552,3
975,6552,29
976,6552,138
977,6552,44
978,6552,1
980,6552,5
981,6552,17
982,6552,35
983,6552,45
984,6552,88
985,6552,182
986,6552,51
987,6552,40
988,6552,5
989,6552,5
995,6552,2
996,6552,2
997,6552,1
998,6552,1
1000,6552,1
1001,6552,51
1002,6552,23
1003,6552,10
1004,6552,15
1005,6552,1
1006,6552,6
1007,6552,41
1008,6552,41
1009,6552,8
1010,6552,2
1011,6552,1
1012,6552,7
1013,6552,9
1014,6552,26
1015,6552,16
1016,6552,19
1017,6552,16
1018,6552,1
1020,6552,1
1025,6552,1
1026,6552,2
1027,6552,3
1028,6552,2
1051,6552,2
1054,6552,2
1059,6552,4
1060,6552,2
909,6553,1
911,6553,46
912,6553,28
913,6553,2
914,6553,1
922,6553,1
928,6553,2
940,6553,2
942,6553,1
943,6553,1
944,6553,2
945,6553,3
946,6553,1
947,6553,3
948,6553,2
949,6553,1
950,6553,2
951,6553,6
952,6553,3
953,6553,2
954,6553,2
955,6553,1
956,6553,1
957,6553,4
958,6553,7
959,6553,48
960,6553,65
961,6553,10
962,6553,14
963,6553,77
964,6553,17
965,6553,3
966,6553,10
967,6553,10
968,6553,6
969,6553,3
970,6553,58
971,6553,93
972,6553,103
973,6553,17
975,6553,21
976,6553,92
977,6553,37
978,6553,1
980,6553,13
981,6553,10
982,6553,69
983,6553,99
984,6553,40
985,6553,57
986,6553,77
987,6553,82
988,6553,5
989,6553,3
990,6553,3
996,6553,3
997,6553,4
998,6553,3
999,6553,6
1000,6553,4
1001,6553,9
1002,6553,14
1003,6553,2
1004,6553,32
1005,6553,4
1006,6553,4
1007,6553,26
1008,6553,23
1009,6553,2
1010,6553,1
1011,6553,2
1012,6553,17
1013,6553,9
1014,6553,46
1015,6553,26
1016,6553,8
1017,6553,1
1018,6553,1
1026,6553,1
1027,6553,3
1050,6553,1
1051,6553,3
1068,6553,1
1069,6553,1
1199,6553,1
911,6554,40
912,6554,21
913,6554,1
922,6554,1
938,6554,1
939,6554,1
940,6554,4
941,6554,1
942,6554,1
943,6554,1
944,6554,1
945,6554,4
946,6554,3
947,6554,4
948,6554,1
949,6554,2
951,6554,1
952,6554,1
953,6554,2
954,6554,1
955,6554,2
957,6554,6
958,6554,3
959,6554,5
960,6554,16
961,6554,24
962,6554,204
963,6554,404
964,6554,330
965,6554,11
966,6554,1
967,6554,6
968,6554,3
969,6554,3
970,6554,10
971,6554,9
972,6554,34
973,6554,39
974,6554,9
975,6554,103
976,6554,36
977,6554,5
979,6554,3
980,6554,35
981,6554,13
982,6554,53
983,6554,111
984,6554,96
985,6554,97
986,6554,126
987,6554,95
988,6554,45
989,6554,3
990,6554,7
991,6554,1
992,6554,1
993,6554,7
994,6554,1
995,6554,1
997,6554,2
998,6554,1
999,6554,12
1000,6554,16
1001,6554,12
1002,6554,3
1003,6554,2
1004,6554,22
1005,6554,21
1006,6554,3
1007,6554,27
1008,6554,36
1009,6554,11
1011,6554,1
1012,6554,35
1013,6554,8
1014,6554,2
1015,6554,9
1016,6554,18
1017,6554,6
1018,6554,1
1024,6554,1
1025,6554,3
1026,6554,1
1027,6554,1
1037,6554,2
1068,6554,1
911,6555,43
912,6555,19
913,6555,3
939,6555,1
941,6555,1
942,6555,1
944,6555,4
945,6555,9
946,6555,3
947,6555,1
948,6555,1
949,6555,5
950,6555,2
951,6555,2
952,6555,1
953,6555,1
954,6555,1
955,6555,2
956,6555,4
957,6555,4
958,6555,4
959,6555,3
960,6555,2
961,6555,39
962,6555,104
963,6555,216
964,6555,250
965,6555,15
967,6555,1
968,6555,2
969,6555,2
970,6555,4
972,6555,1
973,6555,4
974,6555,86
975,6555,132
976,6555,9
979,6555,15
980,6555,31
981,6555,11
982,6555,84
983,6555,106
984,6555,71
985,6555,94
986,6555,112
987,6555,62
988,6555,155
989,6555,32
990,6555,3
992,6555,1
993,6555,2
994,6555,3
995,6555,2
999,6555,2
1000,6555,64
1001,6555,108
1002,6555,9
1004,6555,4
1005,6555,9
1006,6555,26
1007,6555,14
1008,6555,7
1009,6555,14
1010,6555,4
1011,6555,43
1012,6555,89
1013,6555,60
1014,6555,19
1015,6555,2
1017,6555,3
1018,6555,1
1023,6555,1
1024,6555,3
1025,6555,2
1027,6555,2
1037,6555,5
1038,6555,3
1045,6555,1
1046,6555,1
1049,6555,1
907,6556,1
911,6556,28
912,6556,36
913,6556,3
925,6556,1
939,6556,1
940,6556,1
941,6556,2
942,6556,1
943,6556,1
944,6556,4
945,6556,3
946,6556,1
947,6556,1
948,6556,1
949,6556,3
950,6556,5
951,6556,3
952,6556,1
953,6556,1
954,6556,1
956,6556,2
957,6556,1
960,6556,2
961,6556,6
962,6556,23
963,6556,20
964,6556,9
965,6556,10
966,6556,4
967,6556,4
968,6556,2
969,6556,1
970,6556,1
971,6556,1
972,6556,3
973,6556,1
974,6556,1
975,6556,20
976,6556,7
977,6556,8
978,6556,42
979,6556,36
980,6556,4
981,6556,21
982,6556,74
983,6556,38
984,6556,16
985,6556,135
986,6556,120
987,6556,18
988,6556,120
989,6556,92
990,6556,24
992,6556,1
993,6556,1
994,6556,2
995,6556,2
996,6556,1
1000,6556,38
1001,6556,27
1002,6556,9
1003,6556,2
1005,6556,1
1006,6556,14
1007,6556,57
1008,6556,6
1009,6556,2
1010,6556,99
1011,6556,108
1012,6556,7
1013,6556,11
1014,6556,23
1015,6556,7
1018,6556,4
1019,6556,1
1020,6556,1
1023,6556,3
1024,6556,3
1037,6556,3
1038,6556,1
1049,6556,2
907,6557,1
908,6557,1
911,6557,14
912,6557,44
913,6557,6
914,6557,1
925,6557,1
940,6557,5
941,6557,1
942,6557,4
944,6557,1
947,6557,4
948,6557,4
949,6557,2
950,6557,1
952,6557,1
955,6557,1
960,6557,4
961,6557,6
962,6557,2
963,6557,4
964,6557,5
965,6557,5
966,6557,2
967,6557,5
968,6557,2
969,6557,1
971,6557,1
972,6557,1
973,6557,1
974,6557,2
975,6557,3
976,6557,5
977,6557,92
978,6557,138
979,6557,18
980,6557,7
981,6557,65
982,6557,37
983,6557,10
984,6557,21
985,6557,136
986,6557,178
987,6557,52
988,6557,71
989,6557,2
991,6557,1
993,6557,1
996,6557,1
999,6557,1
1000,6557,5
1001,6557,46
1002,6557,68
1003,6557,9
1007,6557,17
1008,6557,6
1009,6557,4
1010,6557,43
1011,6557,52
1012,6557,1
1017,6557,4
1018,6557,11
1019,6557,1
1023,6557,2
1024,6557,1
1035,6557,1
1036,6557,1
1037,6557,2
1042,6557,1
1043,6557,1
911,6558,5
912,6558,42
913,6558,12
914,6558,2
924,6558,1
940,6558,3
941,6558,3
942,6558,1
943,6558,5
945,6558,1
946,6558,3
947,6558,5
948,6558,3
960,6558,1
963,6558,4
964,6558,3
965,6558,3
966,6558,3
967,6558,1
969,6558,2
970,6558,1
973,6558,2
976,6558,6
977,6558,23
978,6558,33
979,6558,11
980,6558,57
981,6558,59
982,6558,7
983,6558,4
984,6558,12
985,6558,32
986,6558,21
987,6558,5
988,6558,10
990,6558,8
991,6558,28
992,6558,2
993,6558,1
999,6558,1
1001,6558,3
1002,6558,62
1003,6558,24
1004,6558,3
1007,6558,3
1008,6558,1
1009,6558,2
1010,6558,1
1011,6558,4
1012,6558,3
1013,6558,1
1017,6558,22
1018,6558,14
1021,6558,1
1022,6558,1
1023,6558,2
1033,6558,1
1035,6558,3
1041,6558,1
1042,6558,2
1043,6558,1
1049,6558,3
1055,6558,2
1056,6558,2
1072,6558,1
908,6559,1
909,6559,1
912,6559,40
913,6559,19
914,6559,4
915,6559,1
916,6559,1
923,6559,1
924,6559,1
941,6559,2
942,6559,8
944,6559,3
945,6559,5
960,6559,1
963,6559,2
965,6559,5
966,6559,4
968,6559,1
971,6559,1
972,6559,2
973,6559,3
974,6559,2
975,6559,3
976,6559,12
977,6559,35
978,6559,58
979,6559,65
980,6559,59
981,6559,5
982,6559,4
983,6559,1
984,6559,3
985,6559,6
986,6559,11
987,6559,2
988,6559,1
989,6559,4
990,6559,39
991,6559,102
992,6559,41
1000,6559,1
1001,6559,1
1002,6559,1
1003,6559,12
1004,6559,5
1005,6559,1
1007,6559,2
1008,6559,4
1009,6559,7
1011,6559,1
1012,6559,1
1016,6559,6
1017,6559,14
1018,6559,5
1021,6559,1
1022,6559,2
1023,6559,4
1033,6559,1
1034,6559,2
1042,6559,1
1049,6559,1
1065,6559,1
1066,6559,1
1071,6559,1
912,6560,38
913,6560,29
914,6560,3
915,6560,2
916,6560,1
923,6560,1
942,6560,7
943,6560,7
944,6560,4
945,6560,2
947,6560,1
948,6560,1
960,6560,1
961,6560,5
962,6560,9
963,6560,19
964,6560,47
965,6560,71
966,6560,66
967,6560,56
968,6560,19
969,6560,17
970,6560,14
971,6560,19
972,6560,15
973,6560,14
974,6560,42
975,6560,22
976,6560,24
977,6560,30
978,6560,29
979,6560,13
980,6560,2
981,6560,2
982,6560,1
983,6560,1
985,6560,7
986,6560,23
987,6560,1
988,6560,16
989,6560,87
990,6560,83
991,6560,43
992,6560,43
993,6560,1
994,6560,1
1000,6560,1
1001,6560,1
1003,6560,16
1004,6560,80
1005,6560,5
1007,6560,1
1008,6560,5
1009,6560,10
1010,6560,1
1021,6560,1
1022,6560,1
1032,6560,3
1042,6560,1
1056,6560,1
1071,6560,1
912,6561,16
913,6561,22
914,6561,2
915,6561,3
921,6561,1
943,6561,13
944,6561,4
945,6561,2
946,6561,1
959,6561,1
960,6561,1
961,6561,5
962,6561,5
963,6561,28
964,6561,65
965,6561,62
966,6561,190
967,6561,198
968,6561,101
969,6561,44
970,6561,28
971,6561,18
972,6561,40
973,6561,156
974,6561,312
975,6561,55
976,6561,10
977,6561,6
978,6561,5
979,6561,3
981,6561,2
982,6561,1
983,6561,4
984,6561,2
985,6561,5
986,6561,8
987,6561,14
988,6561,27
989,6561,124
990,6561,185
991,6561,54
992,6561,34
993,6561,8
994,6561,1
995,6561,1
1003,6561,10
1004,6561,60
1005,6561,5
1008,6561,1
1009,6561,9
1010,6561,1
1021,6561,1
1022,6561,1
1028,6561,1
1030,6561,4
1031,6561,5
1032,6561,5
1033,6561,2
912,6562,3
913,6562,20
914,6562,6
915,6562,1
916,6562,2
917,6562,3
920,6562,4
921,6562,3
922,6562,1
923,6562,1
942,6562,1
943,6562,16
944,6562,9
945,6562,1
956,6562,1
958,6562,1
959,6562,4
960,6562,3
961,6562,1
962,6562,2
963,6562,6
964,6562,39
965,6562,134
966,6562,199
967,6562,100
968,6562,20
969,6562,12
970,6562,5
971,6562,28
972,6562,74
973,6562,78
974,6562,59
975,6562,7
976,6562,2
977,6562,3
978,6562,1
979,6562,4
980,6562,1
981,6562,4
982,6562,6
983,6562,10
984,6562,8
985,6562,19
986,6562,9
987,6562,15
988,6562,37
989,6562,14
990,6562,88
991,6562,39
992,6562,16
993,6562,10
994,6562,1
995,6562,1
1000,6562,3
1001,6562,2
1003,6562,3
1004,6562,25
1005,6562,44
1006,6562,8
1007,6562,1
1009,6562,1
1010,6562,2
1017,6562,1
1022,6562,1
1023,6562,1
1024,6562,1
1026,6562,3
1027,6562,3
1028,6562,5
1029,6562,4
1030,6562,2
1031,6562,1
1033,6562,2
1053,6562,4
1054,6562,5
913,6563,15
914,6563,8
915,6563,4
916,6563,2
917,6563,7
918,6563,6
919,6563,8
920,6563,11
921,6563,2
922,6563,6
923,6563,1
943,6563,3
944,6563,14
945,6563,2
956,6563,1
958,6563,1
959,6563,1
960,6563,2
961,6563,1
962,6563,2
963,6563,4
964,6563,47
965,6563,106
966,6563,17
967,6563,7
968,6563,2
969,6563,3
970,6563,13
971,6563,28
972,6563,8
973,6563,3
974,6563,5
975,6563,6
976,6563,7
977,6563,8
978,6563,18
979,6563,59
980,6563,62
981,6563,62
982,6563,71
983,6563,62
984,6563,20
985,6563,55
986,6563,148
987,6563,95
988,6563,7
989,6563,13
990,6563,107
991,6563,27
993,6563,2
1000,6563,5
1001,6563,3
1003,6563,13
1004,6563,4
1005,6563,28
1006,6563,28
1007,6563,2
1011,6563,1
1018,6563,1
1019,6563,2
1023,6563,1
1026,6563,3
1027,6563,2
1028,6563,5
1029,6563,1
1031,6563,1
1032,6563,2
1033,6563,1
1037,6563,1
1041,6563,1
1042,6563,2
1044,6563,1
1052,6563,2
1053,6563,3
1054,6563,2
1059,6563,1
1060,6563,2
1071,6563,1
1072,6563,3
913,6564,5
914,6564,7
915,6564,4
916,6564,3
917,6564,6
918,6564,6
919,6564,20
920,6564,8
921,6564,5
922,6564,8
941,6564,1
942,6564,1
943,6564,1
944,6564,11
945,6564,5
956,6564,1
957,6564,1
959,6564,1
960,6564,2
961,6564,3
963,6564,2
964,6564,6
965,6564,9
967,6564,3
970,6564,13
971,6564,10
972,6564,9
973,6564,8
974,6564,10
975,6564,170
976,6564,156
977,6564,23
978,6564,11
979,6564,16
980,6564,36
981,6564,17
982,6564,12
983,6564,18
984,6564,29
985,6564,10
986,6564,85
987,6564,152
988,6564,7
989,6564,1
990,6564,32
991,6564,45
992,6564,16
993,6564,1
994,6564,2
995,6564,1
1000,6564,3
1001,6564,2
1003,6564,16
1004,6564,2
1005,6564,1
1006,6564,3
1007,6564,4
1011,6564,2
1019,6564,1
1020,6564,2
1023,6564,6
1024,6564,1
1029,6564,2
1031,6564,1
1033,6564,2
1036,6564,2
1042,6564,1
1053,6564,1
1054,6564,1
1055,6564,1
1056,6564,1
1071,6564,2
1072,6564,2
1073,6564,3
913,6565,2
915,6565,1
916,6565,3
917,6565,8
918,6565,10
919,6565,34
920,6565,18
921,6565,8
922,6565,10
941,6565,1
942,6565,1
944,6565,1
945,6565,7
946,6565,4
957,6565,1
959,6565,2
960,6565,1
961,6565,1
963,6565,4
964,6565,7
965,6565,7
966,6565,1
967,6565,2
968,6565,5
969,6565,9
970,6565,7
971,6565,5
972,6565,60
973,6565,72
974,6565,165
975,6565,295
976,6565,113
977,6565,23
978,6565,10
979,6565,7
980,6565,4
981,6565,3
982,6565,10
983,6565,14
984,6565,24
985,6565,34
986,6565,42
987,6565,120
988,6565,17
989,6565,14
990,6565,4
991,6565,16
992,6565,19
993,6565,14
994,6565,10
995,6565,1
996,6565,2
997,6565,6
1000,6565,2
1001,6565,7
1002,6565,11
1003,6565,19
1004,6565,12
1005,6565,5
1006,6565,71
1007,6565,29
1009,6565,1
1011,6565,1
1020,6565,1
1021,6565,5
1022,6565,4
1023,6565,12
1024,6565,15
1025,6565,1
1026,6565,1
1027,6565,1
1028,6565,2
1029,6565,2
1035,6565,1
1036,6565,1
1037,6565,1
1041,6565,2
1042,6565,1
1066,6565,2
1073,6565,1
1086,6565,1
914,6566,3
915,6566,2
916,6566,2
917,6566,7
918,6566,11
919,6566,15
920,6566,21
921,6566,14
922,6566,10
945,6566,1
946,6566,6
959,6566,1
962,6566,2
963,6566,4
964,6566,26
965,6566,31
966,6566,8
967,6566,1
968,6566,5
969,6566,11
970,6566,3
971,6566,5
972,6566,204
973,6566,239
974,6566,238
975,6566,98
976,6566,1
977,6566,2
978,6566,2
979,6566,6
980,6566,3
981,6566,3
982,6566,10
983,6566,13
984,6566,15
985,6566,15
986,6566,18
987,6566,148
988,6566,80
989,6566,7
990,6566,7
991,6566,18
992,6566,22
993,6566,8
994,6566,7
995,6566,4
996,6566,15
997,6566,9
998,6566,2
999,6566,1
1001,6566,3
1002,6566,11
1003,6566,6
1004,6566,5
1005,6566,1
1006,6566,21
1007,6566,54
1008,6566,38
1009,6566,7
1022,6566,3
1023,6566,8
1024,6566,23
1025,6566,6
1026,6566,2
1027,6566,2
1028,6566,1
1029,6566,2
1034,6566,1
1035,6566,2
1036,6566,3
1037,6566,2
1041,6566,2
1051,6566,1
1055,6566,1
1060,6566,1
1063,6566,1
1064,6566,1
1085,6566,1
912,6567,1
913,6567,3
914,6567,4
915,6567,2
916,6567,1
918,6567,5
919,6567,4
920,6567,10
921,6567,13
922,6567,2
946,6567,2
947,6567,4
960,6567,2
961,6567,1
962,6567,1
963,6567,4
964,6567,45
965,6567,73
966,6567,31
967,6567,17
968,6567,6
969,6567,4
970,6567,12
971,6567,6
972,6567,111
973,6567,151
974,6567,32
975,6567,17
978,6567,3
979,6567,5
980,6567,12
981,6567,2
982,6567,2
983,6567,5
984,6567,9
985,6567,19
986,6567,22
987,6567,62
988,6567,28
989,6567,4
990,6567,5
991,6567,6
992,6567,11
993,6567,3
996,6567,1
997,6567,5
998,6567,2
1002,6567,2
1007,6567,3
1008,6567,1
1023,6567,2
1024,6567,8
1025,6567,4
1027,6567,2
1028,6567,7
1029,6567,9
1030,6567,3
1031,6567,4
1032,6567,1
1034,6567,2
1035,6567,6
1036,6567,2
1037,6567,1
1041,6567,5
1042,6567,2
1050,6567,2
1051,6567,2
1055,6567,1
1060,6567,2
1062,6567,1
1063,6567,1
1073,6567,1
912,6568,3
913,6568,2
914,6568,6
915,6568,1
916,6568,1
918,6568,1
919,6568,4
920,6568,9
921,6568,22
922,6568,10
947,6568,2
948,6568,5
952,6568,1
958,6568,2
960,6568,5
961,6568,4
962,6568,1
963,6568,2
964,6568,19
965,6568,80
966,6568,21
967,6568,9
968,6568,1
969,6568,4
970,6568,8
971,6568,30
972,6568,407
973,6568,378
974,6568,14
975,6568,4
976,6568,4
977,6568,10
978,6568,3
979,6568,5
980,6568,39
981,6568,21
982,6568,6
983,6568,7
984,6568,9
985,6568,6
986,6568,13
987,6568,19
988,6568,8
989,6568,13
990,6568,9
991,6568,12
992,6568,35
993,6568,5
998,6568,1
1000,6568,2
1001,6568,1
1002,6568,1
1008,6568,10
1009,6568,2
1014,6568,8
1015,6568,1
1025,6568,2
1026,6568,1
1028,6568,3
1029,6568,3
1030,6568,6
1031,6568,6
1032,6568,1
1034,6568,4
1035,6568,11
1036,6568,4
1041,6568,5
1042,6568,2
1047,6568,1
1048,6568,1
1050,6568,2
1051,6568,1
1054,6568,1
1055,6568,1
1061,6568,2
1062,6568,2
1072,6568,1
1073,6568,2
1074,6568,1
911,6569,1
912,6569,2
913,6569,3
914,6569,3
915,6569,3
919,6569,1
920,6569,5
921,6569,19
922,6569,24
923,6569,2
948,6569,2
949,6569,2
952,6569,1
955,6569,1
958,6569,2
959,6569,1
960,6569,1
961,6569,4
962,6569,4
963,6569,2
964,6569,6
965,6569,30
966,6569,5
967,6569,8
968,6569,5
969,6569,4
970,6569,4
971,6569,16
972,6569,155
973,6569,268
974,6569,34
975,6569,14
976,6569,1
977,6569,25
978,6569,11
979,6569,4
980,6569,31
981,6569,73
982,6569,21
983,6569,6
984,6569,10
985,6569,5
986,6569,2
987,6569,26
988,6569,98
989,6569,141
990,6569,115
991,6569,37
992,6569,30
993,6569,1
999,6569,1
1000,6569,6
1001,6569,4
1002,6569,6
1003,6569,1
1005,6569,1
1006,6569,1
1007,6569,1
1014,6569,21
1015,6569,37
1016,6569,4
1021,6569,1
1022,6569,1
1025,6569,2
1026,6569,2
1027,6569,2
1028,6569,1
1029,6569,1
1030,6569,2
1031,6569,5
1032,6569,1
1034,6569,1
1035,6569,8
1036,6569,5
1037,6569,2
1039,6569,1
1040,6569,2
1041,6569,5
1042,6569,1
1047,6569,1
1048,6569,1
1049,6569,1
1073,6569,4
1074,6569,3
1084,6569,1
911,6570,1
912,6570,2
913,6570,4
914,6570,1
917,6570,1
918,6570,1
920,6570,2
921,6570,9
922,6570,35
923,6570,18
949,6570,2
951,6570,1
952,6570,1
954,6570,1
955,6570,1
957,6570,2
958,6570,5
962,6570,1
963,6570,1
964,6570,5
965,6570,15
966,6570,6
967,6570,10
968,6570,13
969,6570,11
970,6570,5
971,6570,37
972,6570,68
973,6570,220
974,6570,83
975,6570,56
976,6570,66
977,6570,8
978,6570,17
979,6570,11
980,6570,13
981,6570,28
982,6570,27
983,6570,9
984,6570,5
985,6570,7
986,6570,30
987,6570,89
988,6570,112
989,6570,60
990,6570,54
991,6570,59
992,6570,20
993,6570,18
994,6570,6
995,6570,4
996,6570,4
997,6570,1
999,6570,1
1000,6570,1
1001,6570,3
1002,6570,4
1003,6570,3
1004,6570,3
1005,6570,2
1013,6570,1
1014,6570,5
1015,6570,37
1016,6570,7
1021,6570,1
1022,6570,1
1024,6570,1
1025,6570,2
1026,6570,2
1027,6570,1
1029,6570,3
1030,6570,8
1031,6570,8
1034,6570,2
1035,6570,6
1036,6570,3
1038,6570,1
1039,6570,1
1040,6570,2
1047,6570,2
1048,6570,3
1072,6570,2
1073,6570,1
1084,6570,1
1085,6570,4
1086,6570,2
908,6571,2
909,6571,1
910,6571,1
911,6571,1
912,6571,2
913,6571,3
915,6571,4
916,6571,1
917,6571,4
919,6571,2
920,6571,1
921,6571,1
922,6571,22
923,6571,31
924,6571,5
948,6571,1
949,6571,1
951,6571,2
952,6571,1
957,6571,2
958,6571,2
963,6571,1
964,6571,4
965,6571,10
966,6571,11
967,6571,6
968,6571,3
969,6571,4
970,6571,6
971,6571,26
972,6571,33
973,6571,98
974,6571,24
975,6571,31
976,6571,62
977,6571,61
978,6571,74
979,6571,21
980,6571,4
981,6571,11
982,6571,5
983,6571,8
984,6571,6
985,6571,9
986,6571,15
987,6571,31
988,6571,11
989,6571,2
990,6571,7
991,6571,6
992,6571,18
993,6571,23
994,6571,9
995,6571,4
996,6571,7
997,6571,1
1001,6571,2
1002,6571,3
1003,6571,3
1004,6571,2
1005,6571,1
1006,6571,1
1013,6571,1
1014,6571,2
1015,6571,6
1016,6571,40
1017,6571,35
1018,6571,2
1025,6571,1
1027,6571,2
1028,6571,1
1029,6571,1
1030,6571,3
1031,6571,3
1034,6571,3
1035,6571,4
1036,6571,6
1046,6571,1
1047,6571,2
1059,6571,3
1060,6571,3
1067,6571,1
1072,6571,2
1086,6571,1
912,6572,1
913,6572,3
914,6572,1
915,6572,1
916,6572,5
917,6572,10
918,6572,6
919,6572,1
920,6572,2
921,6572,1
922,6572,7
923,6572,33
924,6572,21
925,6572,1
926,6572,1
951,6572,1
952,6572,1
953,6572,1
955,6572,1
958,6572,1
963,6572,2
964,6572,3
965,6572,7
966,6572,19
967,6572,7
968,6572,6
969,6572,7
970,6572,4
971,6572,16
972,6572,72
973,6572,89
974,6572,27
975,6572,6
976,6572,1
977,6572,25
978,6572,40
979,6572,24
980,6572,22
981,6572,21
982,6572,4
983,6572,6
985,6572,2
986,6572,32
987,6572,124
988,6572,63
989,6572,18
990,6572,7
991,6572,9
992,6572,8
993,6572,3
994,6572,10
995,6572,2
996,6572,5
997,6572,1
1000,6572,1
1001,6572,4
1002,6572,4
1003,6572,1
1004,6572,1
1005,6572,2
1006,6572,3
1015,6572,1
1016,6572,36
1017,6572,69
1018,6572,15
1019,6572,6
1020,6572,4
1027,6572,1
1034,6572,2
1035,6572,4
1036,6572,7
1037,6572,3
1045,6572,1
1046,6572,5
1047,6572,3
1048,6572,1
1057,6572,2
1058,6572,2
1059,6572,2
1060,6572,1
1064,6572,2
1065,6572,1
1071,6572,3
1072,6572,2
907,6573,1
908,6573,1
909,6573,1
911,6573,2
913,6573,2
915,6573,1
918,6573,2
920,6573,4
922,6573,1
923,6573,13
924,6573,29
925,6573,9
926,6573,2
927,6573,1
955,6573,1
958,6573,1
965,6573,1
966,6573,18
967,6573,27
968,6573,12
969,6573,4
970,6573,4
971,6573,34
972,6573,70
973,6573,54
974,6573,11
975,6573,2
976,6573,3
977,6573,33
978,6573,17
979,6573,24
980,6573,11
981,6573,19
982,6573,6
983,6573,4
984,6573,5
985,6573,17
986,6573,20
987,6573,66
988,6573,52
989,6573,28
990,6573,11
991,6573,8
992,6573,9
993,6573,8
994,6573,5
995,6573,5
996,6573,5
997,6573,5
1001,6573,1
1002,6573,1
1003,6573,7
1006,6573,1
1012,6573,1
1013,6573,1
1014,6573,2
1016,6573,3
1017,6573,13
1018,6573,4
1019,6573,8
1020,6573,4
1036,6573,2
1043,6573,1
1044,6573,2
1045,6573,6
1046,6573,4
1047,6573,2
1056,6573,1
1057,6573,1
1059,6573,1
1064,6573,1
1065,6573,1
1071,6573,1
1074,6573,1
1082,6573,1
1083,6573,1
906,6574,1
908,6574,1
909,6574,1
920,6574,6
921,6574,2
923,6574,1
924,6574,20
925,6574,29
926,6574,4
955,6574,1
957,6574,1
958,6574,1
962,6574,1
963,6574,1
966,6574,8
967,6574,27
968,6574,14
969,6574,3
970,6574,4
971,6574,68
972,6574,46
973,6574,20
974,6574,1
975,6574,7
976,6574,37
977,6574,47
978,6574,14
979,6574,11
980,6574,12
981,6574,4
982,6574,4
983,6574,13
984,6574,47
985,6574,20
986,6574,3
988,6574,6
989,6574,9
990,6574,9
991,6574,7
992,6574,17
993,6574,23
994,6574,1
996,6574,2
997,6574,2
998,6574,1
1002,6574,2
1003,6574,3
1004,6574,6
1005,6574,1
1013,6574,8
1014,6574,4
1017,6574,3
1018,6574,4
1019,6574,2
1043,6574,2
1044,6574,8
1045,6574,11
1046,6574,9
1048,6574,1
1056,6574,1
1057,6574,1
1059,6574,2
1065,6574,2
1074,6574,1
1081,6574,1
902,6575,1
905,6575,1
906,6575,1
907,6575,1
914,6575,1
915,6575,1
917,6575,1
920,6575,4
921,6575,3
922,6575,1
924,6575,12
925,6575,32
926,6575,19
927,6575,1
957,6575,1
958,6575,5
963,6575,1
964,6575,1
965,6575,1
966,6575,2
967,6575,11
968,6575,36
969,6575,18
970,6575,5
971,6575,38
972,6575,16
973,6575,10
974,6575,14
975,6575,36
976,6575,24
977,6575,21
978,6575,37
979,6575,13
980,6575,4
981,6575,4
982,6575,2
983,6575,3
984,6575,86
985,6575,142
986,6575,21
987,6575,14
988,6575,13
989,6575,3
990,6575,6
991,6575,8
992,6575,3
993,6575,14
994,6575,12
995,6575,2
996,6575,2
997,6575,2
998,6575,1
1001,6575,1
1004,6575,6
1008,6575,1
1013,6575,10
1016,6575,2
1017,6575,1
1018,6575,8
1019,6575,7
1045,6575,6
1046,6575,7
1048,6575,3
1049,6575,3
1059,6575,2
1065,6575,1
1081,6575,1
1082,6575,1
1085,6575,1
902,6576,1
908,6576,2
909,6576,2
915,6576,1
916,6576,1
917,6576,1
919,6576,1
920,6576,1
921,6576,4
922,6576,1
923,6576,1
924,6576,7
925,6576,11
926,6576,28
927,6576,5
928,6576,1
958,6576,4
959,6576,4
960,6576,3
967,6576,3
968,6576,35
969,6576,29
970,6576,5
971,6576,9
972,6576,30
973,6576,30
974,6576,17
975,6576,37
976,6576,3
978,6576,32
979,6576,19
980,6576,1
981,6576,2
982,6576,2
983,6576,7
984,6576,17
985,6576,92
986,6576,29
987,6576,27
988,6576,38
989,6576,11
990,6576,14
991,6576,3
992,6576,2
993,6576,11
994,6576,19
995,6576,3
996,6576,2
997,6576,3
1004,6576,1
1012,6576,1
1013,6576,3
1014,6576,2
1016,6576,1
1017,6576,4
1018,6576,3
1019,6576,6
1020,6576,8
1021,6576,3
1043,6576,3
1044,6576,5
1045,6576,1
1046,6576,5
1048,6576,3
1049,6576,3
1050,6576,1
1056,6576,1
1057,6576,1
1059,6576,1
907,6577,1
908,6577,2
913,6577,3
921,6577,2
922,6577,1
924,6577,2
925,6577,8
926,6577,13
927,6577,27
928,6577,3
960,6577,4
961,6577,3
962,6577,5
963,6577,3
968,6577,19
969,6577,15
970,6577,4
971,6577,2
972,6577,34
973,6577,31
974,6577,4
975,6577,11
976,6577,4
977,6577,1
978,6577,7
979,6577,7
980,6577,2
981,6577,1
982,6577,26
983,6577,55
984,6577,53
985,6577,46
986,6577,24
987,6577,10
988,6577,8
989,6577,4
990,6577,7
991,6577,6
992,6577,1
993,6577,11
994,6577,21
995,6577,14
996,6577,1
1003,6577,1
1004,6577,2
1010,6577,1
1011,6577,3
1012,6577,3
1013,6577,7
1014,6577,6
1018,6577,1
1019,6577,29
1020,6577,13
1027,6577,1
1043,6577,4
1044,6577,6
1045,6577,1
1046,6577,1
1048,6577,4
1049,6577,4
1050,6577,1
1056,6577,2
1057,6577,2
1065,6577,1
1066,6577,1
1080,6577,1
1081,6577,1
895,6578,1
906,6578,1
907,6578,3
908,6578,2
910,6578,1
913,6578,1
922,6578,1
925,6578,9
926,6578,9
927,6578,34
928,6578,11
929,6578,2
962,6578,7
963,6578,7
964,6578,7
965,6578,2
966,6578,1
967,6578,2
968,6578,15
969,6578,7
970,6578,3
971,6578,7
972,6578,4
973,6578,19
974,6578,29
975,6578,14
976,6578,3
977,6578,3
979,6578,1
981,6578,4
982,6578,6
983,6578,8
984,6578,57
985,6578,13
986,6578,2
987,6578,4
988,6578,3
990,6578,5
991,6578,11
992,6578,4
993,6578,4
994,6578,7
995,6578,19
996,6578,1
1011,6578,2
1012,6578,3
1014,6578,2
1015,6578,2
1017,6578,1
1018,6578,3
1019,6578,6
1020,6578,3
1021,6578,24
1022,6578,21
1023,6578,8
1024,6578,20
1025,6578,5
1027,6578,1
1028,6578,1
1041,6578,1
1042,6578,1
1043,6578,1
1044,6578,1
1045,6578,4
1046,6578,1
1048,6578,4
1049,6578,5
1050,6578,1
1057,6578,1
1058,6578,1
1065,6578,1
1066,6578,1
1080,6578,1
1081,6578,1
892,6579,1
895,6579,1
906,6579,1
907,6579,2
911,6579,1
922,6579,1
923,6579,2
924,6579,2
925,6579,8
926,6579,13
927,6579,13
928,6579,29
929,6579,18
930,6579,1
963,6579,1
964,6579,5
965,6579,8
966,6579,2
967,6579,4
968,6579,11
969,6579,4
971,6579,8
972,6579,1
973,6579,41
974,6579,44
975,6579,17
976,6579,3
977,6579,3
980,6579,5
981,6579,43
982,6579,53
983,6579,8
984,6579,52
985,6579,23
987,6579,3
988,6579,1
990,6579,20
991,6579,16
992,6579,9
993,6579,5
994,6579,1
995,6579,3
996,6579,5
997,6579,10
998,6579,2
999,6579,1
1011,6579,1
1012,6579,3
1014,6579,1
1015,6579,1
1016,6579,1
1017,6579,1
1018,6579,1
1019,6579,2
1020,6579,6
1021,6579,35
1022,6579,38
1023,6579,34
1024,6579,35
1025,6579,24
1026,6579,1
1028,6579,1
1045,6579,1
1048,6579,6
1049,6579,8
1050,6579,1
1058,6579,1
1059,6579,2
1060,6579,1
1061,6579,1
1078,6579,1
1079,6579,1
1080,6579,1
892,6580,1
906,6580,1
910,6580,1
911,6580,1
923,6580,3
924,6580,3
925,6580,3
926,6580,8
927,6580,6
928,6580,15
929,6580,25
930,6580,4
931,6580,1
964,6580,1
965,6580,5
966,6580,11
967,6580,16
968,6580,25
969,6580,1
970,6580,3
971,6580,9
972,6580,4
973,6580,8
974,6580,34
975,6580,37
976,6580,12
977,6580,2
979,6580,2
980,6580,15
981,6580,54
982,6580,85
983,6580,21
984,6580,10
985,6580,1
988,6580,2
989,6580,23
990,6580,80
991,6580,50
992,6580,18
993,6580,13
994,6580,3
996,6580,10
997,6580,8
998,6580,4
999,6580,4
1011,6580,1
1012,6580,1
1016,6580,1
1017,6580,1
1021,6580,1
1023,6580,8
1024,6580,4
1025,6580,5
1026,6580,1
1028,6580,2
1029,6580,1
1048,6580,3
1049,6580,2
1058,6580,2
1059,6580,2
1067,6580,1
1069,6580,1
1070,6580,1
1071,6580,1
1077,6580,2
1078,6580,3
1079,6580,1
1080,6580,1
889,6581,1
906,6581,1
908,6581,1
919,6581,1
923,6581,3
924,6581,2
925,6581,1
926,6581,7
927,6581,10
928,6581,1
929,6581,23
930,6581,14
931,6581,2
966,6581,14
967,6581,21
968,6581,38
969,6581,1
971,6581,7
972,6581,15
973,6581,2
974,6581,13
975,6581,25
976,6581,13
977,6581,6
979,6581,2
980,6581,36
981,6581,41
982,6581,18
983,6581,19
984,6581,10
986,6581,3
987,6581,6
988,6581,7
989,6581,16
990,6581,20
991,6581,12
992,6581,5
993,6581,2
994,6581,2
995,6581,3
996,6581,4
997,6581,9
998,6581,3
999,6581,1
1000,6581,1
1013,6581,1
1016,6581,1
1017,6581,1
1023,6581,5
1024,6581,9
1025,6581,2
1027,6581,4
1028,6581,21
1029,6581,4
1052,6581,1
1058,6581,1
1071,6581,1
1077,6581,3
1078,6581,1
1079,6581,1
1080,6581,1
884,6582,1
885,6582,1
889,6582,1
906,6582,1
907,6582,1
908,6582,2
923,6582,1
924,6582,1
925,6582,1
926,6582,1
927,6582,10
928,6582,4
929,6582,12
930,6582,22
931,6582,3
966,6582,4
967,6582,10
968,6582,25
969,6582,5
970,6582,1
971,6582,2
973,6582,10
974,6582,24
975,6582,43
976,6582,11
977,6582,2
978,6582,1
979,6582,4
980,6582,17
981,6582,11
982,6582,7
984,6582,1
985,6582,5
986,6582,3
987,6582,3
991,6582,4
992,6582,1
993,6582,1
994,6582,2
995,6582,4
996,6582,9
997,6582,11
998,6582,1
1015,6582,1
1016,6582,1
1017,6582,3
1018,6582,1
1021,6582,2
1023,6582,1
1024,6582,5
1025,6582,3
1027,6582,8
1028,6582,30
1029,6582,8
1052,6582,2
1053,6582,3
1054,6582,3
1055,6582,1
1056,6582,2
1057,6582,2
1068,6582,1
1077,6582,1
1078,6582,1
1079,6582,1
1080,6582,3
1156,6582,1
884,6583,1
904,6583,1
905,6583,2
906,6583,2
907,6583,1
908,6583,1
923,6583,1
924,6583,2
925,6583,2
926,6583,2
927,6583,9
928,6583,6
929,6583,3
930,6583,26
931,6583,15
932,6583,2
966,6583,4
967,6583,5
968,6583,22
969,6583,13
970,6583,6
972,6583,1
973,6583,5
974,6583,31
975,6583,35
976,6583,8
977,6583,2
979,6583,38
980,6583,67
981,6583,5
982,6583,2
983,6583,1
984,6583,2
985,6583,17
986,6583,29
987,6583,3
988,6583,1
989,6583,1
992,6583,2
993,6583,2
994,6583,3
995,6583,6
996,6583,6
997,6583,2
1003,6583,1
1018,6583,2
1019,6583,1
1027,6583,5
1028,6583,34
1029,6583,19
1030,6583,5
1033,6583,1
1049,6583,1
1050,6583,1
1052,6583,1
1053,6583,12
1054,6583,16
1055,6583,11
1056,6583,2
1057,6583,4
1058,6583,1
1059,6583,2
1063,6583,1
1064,6583,1
1065,6583,2
1068,6583,2
1072,6583,1
1079,6583,1
1080,6583,1
1145,6583,1
1146,6583,1
1147,6583,1
1148,6583,1
1149,6583,1
1153,6583,1
1154,6583,1
1155,6583,1
1156,6583,1
884,6584,1
885,6584,1
904,6584,2
905,6584,2
906,6584,1
907,6584,2
925,6584,5
926,6584,3
927,6584,3
928,6584,13
929,6584,4
930,6584,9
931,6584,31
932,6584,17
966,6584,1
967,6584,1
968,6584,16
969,6584,10
970,6584,21
971,6584,8
972,6584,1
974,6584,15
975,6584,35
976,6584,8
978,6584,1
979,6584,7
980,6584,54
981,6584,4
983,6584,2
984,6584,18
985,6584,13
986,6584,30
987,6584,20
988,6584,4
989,6584,8
990,6584,7
991,6584,3
992,6584,3
993,6584,4
994,6584,8
995,6584,12
996,6584,2
1012,6584,1
1027,6584,4
1028,6584,26
1029,6584,10
1030,6584,12
1031,6584,4
1033,6584,2
1034,6584,8
1035,6584,2
1036,6584,1
1051,6584,2
1053,6584,4
1054,6584,10
1055,6584,7
1056,6584,2
1057,6584,7
1058,6584,4
1059,6584,5
1060,6584,2
1063,6584,1
1064,6584,11
1065,6584,2
1068,6584,2
1072,6584,1
1076,6584,1
1077,6584,1
1145,6584,1
1146,6584,1
1147,6584,1
1153,6584,1
1154,6584,1
1155,6584,1
1160,6584,1
885,6585,1
886,6585,1
887,6585,1
888,6585,1
903,6585,1
904,6585,4
905,6585,3
907,6585,2
908,6585,2
914,6585,2
915,6585,1
916,6585,1
917,6585,1
918,6585,3
919,6585,2
920,6585,1
926,6585,5
927,6585,1
928,6585,7
929,6585,8
930,6585,7
931,6585,14
932,6585,32
933,6585,9
968,6585,3
969,6585,3
970,6585,6
971,6585,16
972,6585,3
973,6585,1
974,6585,2
975,6585,10
976,6585,3
977,6585,3
978,6585,3
979,6585,17
980,6585,15
981,6585,2
983,6585,2
984,6585,1
987,6585,3
988,6585,25
989,6585,46
990,6585,19
991,6585,13
992,6585,13
993,6585,10
994,6585,5
995,6585,4
1012,6585,1
1017,6585,3
1018,6585,2
1027,6585,2
1028,6585,14
1029,6585,4
1030,6585,2
1031,6585,5
1032,6585,3
1033,6585,1
1034,6585,20
1035,6585,11
1036,6585,1
1037,6585,1
1051,6585,1
1052,6585,4
1053,6585,2
1056,6585,4
1057,6585,8
1059,6585,2
1062,6585,3
1063,6585,9
1064,6585,15
1065,6585,6
1072,6585,3
1078,6585,2
1079,6585,4
1080,6585,1
1082,6585,1
1083,6585,2
1146,6585,1
1159,6585,1
1160,6585,1
886,6586,1
888,6586,1
902,6586,1
903,6586,3
904,6586,3
905,6586,2
907,6586,1
908,6586,1
913,6586,1
914,6586,2
915,6586,2
916,6586,1
917,6586,1
918,6586,2
919,6586,4
920,6586,1
926,6586,5
927,6586,2
928,6586,4
929,6586,13
930,6586,8
931,6586,4
932,6586,10
933,6586,17
934,6586,1
935,6586,1
967,6586,1
968,6586,2
970,6586,2
971,6586,12
972,6586,9
973,6586,2
975,6586,1
976,6586,2
977,6586,10
978,6586,14
979,6586,19
980,6586,5
982,6586,1
983,6586,3
984,6586,8
985,6586,2
987,6586,1
988,6586,11
989,6586,22
990,6586,12
991,6586,17
992,6586,19
993,6586,18
994,6586,5
1006,6586,1
1007,6586,1
1017,6586,1
1018,6586,5
1019,6586,3
1020,6586,1
1021,6586,2
1022,6586,2
1025,6586,1
1026,6586,1
1027,6586,1
1028,6586,1
1029,6586,8
1030,6586,6
1031,6586,3
1032,6586,2
1034,6586,43
1035,6586,28
1036,6586,2
1037,6586,5
1038,6586,1
1060,6586,1
1061,6586,1
1063,6586,1
1065,6586,1
1069,6586,1
1074,6586,1
1075,6586,1
1077,6586,5
1078,6586,9
1079,6586,9
1080,6586,3
1083,6586,2
886,6587,1
905,6587,1
914,6587,1
915,6587,1
916,6587,2
917,6587,1
919,6587,2
920,6587,2
924,6587,1
926,6587,2
927,6587,4
928,6587,2
929,6587,13
930,6587,13
931,6587,10
933,6587,3
934,6587,5
935,6587,1
971,6587,1
972,6587,8
977,6587,5
978,6587,4
979,6587,1
982,6587,2
983,6587,5
984,6587,31
985,6587,3
986,6587,3
987,6587,9
988,6587,6
989,6587,6
990,6587,26
991,6587,13
992,6587,8
993,6587,6
994,6587,2
995,6587,1
996,6587,1
997,6587,1
998,6587,1
1004,6587,1
1010,6587,2
1011,6587,8
1012,6587,5
1014,6587,2
1020,6587,1
1022,6587,2
1023,6587,1
1024,6587,1
1025,6587,4
1026,6587,3
1027,6587,2
1028,6587,3
1029,6587,5
1030,6587,6
1031,6587,1
1033,6587,4
1034,6587,41
1035,6587,18
1036,6587,3
1037,6587,14
1038,6587,2
1045,6587,1
1064,6587,1
1070,6587,1
1071,6587,1
1074,6587,1
1075,6587,1
1076,6587,6
1077,6587,8
1078,6587,2
1079,6587,1
1082,6587,3
1083,6587,4
1084,6587,2
1146,6587,1
910,6588,1
911,6588,1
914,6588,1
916,6588,1
917,6588,1
920,6588,2
921,6588,2
922,6588,4
923,6588,2
924,6588,2
925,6588,1
926,6588,2
927,6588,2
929,6588,4
930,6588,13
931,6588,12
932,6588,13
933,6588,13
934,6588,20
935,6588,4
936,6588,1
937,6588,2
979,6588,1
981,6588,2
982,6588,3
983,6588,2
984,6588,40
985,6588,32
986,6588,8
987,6588,6
988,6588,11
990,6588,24
991,6588,16
992,6588,4
993,6588,2
997,6588,1
998,6588,1
1005,6588,1
1006,6588,2
1007,6588,1
1011,6588,3
1012,6588,7
1013,6588,2
1014,6588,1
1024,6588,1
1029,6588,2
1031,6588,1
1032,6588,5
1033,6588,3
1034,6588,4
1035,6588,8
1036,6588,4
1037,6588,18
1038,6588,8
1039,6588,4
1040,6588,2
1042,6588,2
1043,6588,1
1044,6588,1
1045,6588,2
1046,6588,2
1047,6588,1
1071,6588,1
1072,6588,1
1074,6588,1
1079,6588,1
1082,6588,1
1083,6588,3
1084,6588,1
914,6589,2
920,6589,1
921,6589,3
922,6589,8
923,6589,4
924,6589,2
929,6589,4
930,6589,6
931,6589,10
932,6589,4
933,6589,26
934,6589,30
935,6589,19
936,6589,20
937,6589,8
978,6589,1
979,6589,2
980,6589,4
981,6589,7
982,6589,12
983,6589,7
984,6589,7
985,6589,14
986,6589,4
987,6589,3
988,6589,2
989,6589,1
990,6589,1
991,6589,2
993,6589,1
994,6589,1
1005,6589,1
1006,6589,2
1011,6589,1
1012,6589,3
1014,6589,1
1015,6589,1
1016,6589,1
1021,6589,3
1022,6589,3
1023,6589,3
1024,6589,1
1026,6589,1
1029,6589,2
1031,6589,3
1032,6589,5
1033,6589,3
1034,6589,2
1035,6589,4
1036,6589,6
1037,6589,24
1038,6589,15
1039,6589,7
1040,6589,8
1041,6589,1
1042,6589,3
1043,6589,4
1044,6589,5
1045,6589,6
1046,6589,1
1047,6589,2
1073,6589,1
1074,6589,4
1075,6589,1
1076,6589,1
1077,6589,2
1078,6589,1
1079,6589,2
1080,6589,1
1081,6589,2
1082,6589,2
1143,6589,1
1144,6589,1
915,6590,1
922,6590,9
923,6590,7
925,6590,1
926,6590,1
929,6590,3
930,6590,3
931,6590,1
932,6590,6
933,6590,6
934,6590,22
935,6590,11
936,6590,12
937,6590,12
938,6590,1
939,6590,1
977,6590,1
981,6590,1
982,6590,1
983,6590,2
984,6590,1
985,6590,18
986,6590,35
987,6590,4
988,6590,1
990,6590,1
992,6590,2
993,6590,1
994,6590,1
1003,6590,1
1006,6590,3
1007,6590,1
1015,6590,1
1016,6590,1
1018,6590,2
1021,6590,2
1023,6590,1
1026,6590,1
1027,6590,2
1030,6590,2
1032,6590,1
1033,6590,1
1034,6590,1
1035,6590,2
1036,6590,5
1037,6590,33
1038,6590,19
1039,6590,11
1040,6590,11
1041,6590,4
1042,6590,4
1043,6590,15
1044,6590,11
1045,6590,6
1046,6590,5
1047,6590,3
1048,6590,1
1074,6590,2
1075,6590,2
1076,6590,1
1077,6590,2
1078,6590,1
1080,6590,2
1081,6590,2
1085,6590,1
1144,6590,1
915,6591,1
916,6591,1
921,6591,1
922,6591,3
923,6591,5
924,6591,2
928,6591,1
929,6591,1
930,6591,1
931,6591,1
932,6591,3
933,6591,5
934,6591,7
935,6591,2
936,6591,5
937,6591,9
938,6591,8
977,6591,1
981,6591,1
982,6591,1
984,6591,2
985,6591,1
986,6591,5
987,6591,1
989,6591,1
992,6591,2
993,6591,1
1004,6591,1
1007,6591,3
1008,6591,2
1021,6591,1
1022,6591,1
1023,6591,1
1025,6591,1
1026,6591,1
1027,6591,1
1028,6591,1
1031,6591,2
1032,6591,3
1038,6591,2
1039,6591,8
1040,6591,7
1041,6591,2
1042,6591,2
1043,6591,6
1044,6591,14
1045,6591,8
1046,6591,6
1047,6591,3
1048,6591,2
1049,6591,4
1050,6591,2
1051,6591,1
1052,6591,1
1057,6591,1
1058,6591,1
1065,6591,1
1073,6591,1
1074,6591,1
1075,6591,2
1076,6591,2
1077,6591,3
1078,6591,2
1081,6591,2
1082,6591,5
1083,6591,2
1084,6591,2
1087,6591,1
1088,6591,1
1142,6591,1
923,6592,1
924,6592,3
925,6592,2
926,6592,1
930,6592,1
931,6592,1
932,6592,1
933,6592,1
934,6592,7
935,6592,4
936,6592,1
937,6592,5
938,6592,15
939,6592,2
984,6592,4
985,6592,4
986,6592,3
987,6592,6
988,6592,3
989,6592,2
993,6592,1
994,6592,1
1003,6592,1
1004,6592,3
1005,6592,1
1007,6592,5
1008,6592,1
1030,6592,3
1031,6592,2
1032,6592,5
1033,6592,5
1035,6592,1
1036,6592,1
1038,6592,4
1039,6592,4
1043,6592,5
1044,6592,16
1045,6592,23
1046,6592,10
1047,6592,9
1048,6592,12
1049,6592,5
1050,6592,5
1051,6592,18
1052,6592,19
1053,6592,22
1054,6592,6
1055,6592,2
1057,6592,4
1058,6592,6
1059,6592,6
1060,6592,3
1061,6592,5
1062,6592,2
1063,6592,3
1064,6592,2
1065,6592,2
1066,6592,7
1067,6592,5
1068,6592,2
1069,6592,4
1070,6592,2
1071,6592,3
1072,6592,4
1073,6592,10
1074,6592,4
1075,6592,2
1076,6592,14
1077,6592,3
1078,6592,11
1079,6592,2
1080,6592,3
1081,6592,1
1082,6592,1
1083,6592,2
1084,6592,1
1085,6592,1
1087,6592,1
1088,6592,4
1089,6592,8
1090,6592,5
1091,6592,1
1141,6592,1
1166,6592,1
924,6593,1
928,6593,1
930,6593,1
931,6593,1
932,6593,1
933,6593,1
934,6593,1
935,6593,4
937,6593,6
938,6593,8
939,6593,12
940,6593,1
984,6593,2
985,6593,2
986,6593,2
987,6593,1
988,6593,1
1002,6593,2
1003,6593,2
1005,6593,1
1006,6593,4
1007,6593,6
1008,6593,3
1014,6593,1
1015,6593,2
1017,6593,2
1018,6593,2
1019,6593,1
1022,6593,2
1028,6593,1
1030,6593,1
1031,6593,1
1033,6593,1
1035,6593,1
1039,6593,2
1041,6593,4
1042,6593,4
1043,6593,7
1044,6593,7
1045,6593,16
1046,6593,14
1047,6593,23
1048,6593,13
1049,6593,3
1050,6593,16
1051,6593,24
1052,6593,21
1053,6593,16
1054,6593,4
1056,6593,2
1057,6593,6
1058,6593,22
1059,6593,15
1060,6593,12
1061,6593,15
1062,6593,15
1063,6593,17
1064,6593,13
1065,6593,5
1066,6593,17
1067,6593,25
1068,6593,17
1069,6593,18
1070,6593,24
1071,6593,4
1072,6593,15
1073,6593,33
1074,6593,13
1075,6593,5
1076,6593,23
1077,6593,23
1078,6593,15
1079,6593,10
1080,6593,29
1081,6593,14
1084,6593,1
1085,6593,8
1086,6593,2
1087,6593,2
1088,6593,3
1089,6593,4
1090,6593,3
1091,6593,1
1094,6593,1
1095,6593,1
1096,6593,1
1141,6593,1
932,6594,1
933,6594,1
934,6594,3
935,6594,5
936,6594,1
937,6594,1
938,6594,9
939,6594,16
940,6594,8
941,6594,1
1001,6594,1
1003,6594,3
1004,6594,1
1006,6594,2
1007,6594,3
1008,6594,4
1009,6594,1
1015,6594,4
1016,6594,3
1017,6594,4
1018,6594,3
1019,6594,7
1020,6594,1
1022,6594,1
1028,6594,1
1029,6594,1
1030,6594,2
1031,6594,2
1037,6594,1
1038,6594,1
1040,6594,2
1041,6594,6
1042,6594,1
1043,6594,1
1044,6594,1
1045,6594,7
1046,6594,19
1047,6594,8
1048,6594,1
1049,6594,2
1050,6594,18
1051,6594,16
1052,6594,16
1053,6594,2
1055,6594,2
1056,6594,6
1057,6594,10
1058,6594,15
1059,6594,5
1060,6594,18
1061,6594,15
1062,6594,16
1063,6594,13
1064,6594,4
1066,6594,3
1067,6594,17
1068,6594,11
1069,6594,17
1070,6594,23
1072,6594,17
1073,6594,16
1074,6594,2
1076,6594,2
1077,6594,14
1078,6594,14
1079,6594,4
1080,6594,21
1081,6594,18
1082,6594,4
1083,6594,3
1084,6594,3
1085,6594,7
1086,6594,1
1088,6594,1
1090,6594,3
1091,6594,2
1092,6594,3
1093,6594,1
1137,6594,1
1138,6594,1
919,6595,1
920,6595,1
921,6595,1
922,6595,1
923,6595,1
931,6595,1
932,6595,2
933,6595,1
934,6595,3
935,6595,3
936,6595,3
938,6595,3
939,6595,5
940,6595,15
941,6595,7
942,6595,1
1003,6595,7
1004,6595,4
1008,6595,2
1011,6595,7
1012,6595,4
1017,6595,3
1018,6595,5
1019,6595,6
1020,6595,3
1021,6595,1
1022,6595,1
1024,6595,1
1025,6595,2
1029,6595,1
1030,6595,3
1031,6595,3
1038,6595,1
1041,6595,3
1042,6595,1
1043,6595,1
1045,6595,2
1046,6595,3
1048,6595,1
1049,6595,3
1050,6595,11
1051,6595,10
1052,6595,3
1053,6595,1
1056,6595,1
1057,6595,11
1058,6595,15
1059,6595,5
1060,6595,2
1061,6595,6
1062,6595,11
1063,6595,10
1064,6595,2
1067,6595,6
1068,6595,3
1069,6595,4
1070,6595,5
1072,6595,3
1073,6595,5
1076,6595,2
1077,6595,5
1078,6595,1
1079,6595,3
1080,6595,4
1081,6595,5
1083,6595,4
1084,6595,10
1085,6595,1
1086,6595,1
1089,6595,1
1090,6595,1
1092,6595,1
1135,6595,1
1136,6595,1
1137,6595,1
919,6596,1
920,6596,1
922,6596,1
923,6596,1
926,6596,1
933,6596,1
934,6596,3
935,6596,2
936,6596,4
937,6596,1
938,6596,3
939,6596,5
940,6596,11
941,6596,18
942,6596,2
943,6596,1
1002,6596,1
1003,6596,5
1004,6596,2
1012,6596,6
1013,6596,1
1025,6596,2
1026,6596,1
1027,6596,1
1029,6596,1
1030,6596,2
1035,6596,1
1036,6596,2
1041,6596,1
1042,6596,1
1044,6596,1
1045,6596,1
1047,6596,1
1048,6596,3
1049,6596,1
1051,6596,3
1052,6596,5
1053,6596,3
1056,6596,2
1057,6596,3
1058,6596,11
1059,6596,8
1061,6596,2
1062,6596,5
1063,6596,3
1064,6596,1
1066,6596,1
1067,6596,5
1068,6596,6
1069,6596,2
1070,6596,2
1073,6596,1
1076,6596,3
1077,6596,4
1080,6596,2
1083,6596,1
1084,6596,18
1085,6596,15
1086,6596,1
1087,6596,2
1088,6596,2
1090,6596,1
1093,6596,2
1094,6596,2
1136,6596,1
933,6597,1
934,6597,3
935,6597,3
936,6597,1
937,6597,2
938,6597,2
940,6597,8
941,6597,18
942,6597,15
1009,6597,1
1010,6597,1
1012,6597,2
1013,6597,2
1030,6597,1
1033,6597,1
1034,6597,1
1050,6597,1
1051,6597,5
1052,6597,3
1053,6597,2
1056,6597,1
1058,6597,3
1059,6597,8
1060,6597,2
1061,6597,1
1062,6597,2
1067,6597,1
1068,6597,3
1069,6597,5
1073,6597,2
1081,6597,3
1083,6597,1
1084,6597,15
1085,6597,44
1086,6597,5
1087,6597,1
1137,6597,1
934,6598,1
935,6598,1
936,6598,3
937,6598,2
938,6598,1
940,6598,1
941,6598,2
942,6598,15
943,6598,18
944,6598,8
945,6598,3
1002,6598,1
1003,6598,1
1007,6598,1
1008,6598,1
1010,6598,2
1034,6598,1
1035,6598,1
1051,6598,1
1060,6598,1
1061,6598,3
1062,6598,2
1067,6598,1
1068,6598,1
1069,6598,2
1070,6598,3
1071,6598,3
1072,6598,4
1073,6598,2
1074,6598,4
1077,6598,3
1079,6598,2
1081,6598,2
1082,6598,1
1083,6598,2
1084,6598,8
1085,6598,27
1086,6598,26
1087,6598,22
1088,6598,7
1093,6598,1
932,6599,1
936,6599,1
937,6599,1
940,6599,2
941,6599,4
942,6599,4
943,6599,10
944,6599,12
945,6599,2
1003,6599,1
1004,6599,3
1005,6599,1
1007,6599,1
1008,6599,1
1022,6599,3
1023,6599,5
1024,6599,5
1035,6599,1
1052,6599,1
1053,6599,1
1054,6599,1
1055,6599,1
1056,6599,2
1062,6599,1
1069,6599,1
1071,6599,2
1072,6599,4
1073,6599,1
1077,6599,3
1078,6599,2
1079,6599,7
1082,6599,1
1085,6599,8
1086,6599,15
1087,6599,33
1088,6599,21
1089,6599,1
1090,6599,1
1093,6599,1
1094,6599,2
1098,6599,1
1099,6599,3
1100,6599,1
1136,6599,1
1161,6599,1
931,6600,1
934,6600,1
935,6600,1
936,6600,3
937,6600,4
940,6600,1
941,6600,2
942,6600,5
943,6600,3
944,6600,8
945,6600,3
946,6600,1
1001,6600,1
1002,6600,1
1004,6600,3
1005,6600,1
1010,6600,1
1011,6600,1
1022,6600,3
1023,6600,1
1024,6600,2
1025,6600,4
1026,6600,1
1029,6600,1
1030,6600,1
1034,6600,1
1035,6600,3
1037,6600,1
1042,6600,1
1043,6600,1
1045,6600,1
1046,6600,1
1056,6600,2
1057,6600,3
1065,6600,1
1066,6600,1
1070,6600,1
1071,6600,1
1072,6600,1
1074,6600,1
1075,6600,1
1077,6600,1
1079,6600,1
1080,6600,1
1081,6600,1
1085,6600,1
1086,6600,9
1087,6600,21
1088,6600,12
1089,6600,20
1090,6600,25
1091,6600,7
1092,6600,2
1095,6600,1
1096,6600,1
1097,6600,1
1098,6600,1
1099,6600,3
1100,6600,2
1101,6600,1
1136,6600,1
1161,6600,1
934,6601,1
936,6601,1
937,6601,3
938,6601,2
939,6601,1
940,6601,1
942,6601,4
943,6601,2
944,6601,4
945,6601,3
946,6601,3
1004,6601,1
1005,6601,1
1010,6601,1
1011,6601,2
1017,6601,1
1018,6601,6
1019,6601,5
1020,6601,2
1025,6601,1
1027,6601,1
1028,6601,1
1029,6601,1
1030,6601,1
1034,6601,2
1035,6601,3
1036,6601,1
1039,6601,1
1041,6601,1
1042,6601,1
1043,6601,1
1046,6601,1
1056,6601,1
1057,6601,1
1058,6601,1
1059,6601,3
1070,6601,1
1071,6601,1
1077,6601,1
1078,6601,1
1080,6601,2
1081,6601,3
1082,6601,2
1086,6601,1
1087,6601,3
1088,6601,11
1089,6601,16
1090,6601,37
1091,6601,26
1092,6601,7
1094,6601,1
1095,6601,1
1096,6601,1
1098,6601,1
1101,6601,1
931,6602,1
932,6602,1
937,6602,1
938,6602,2
939,6602,2
940,6602,1
943,6602,5
944,6602,5
945,6602,6
946,6602,4
947,6602,1
1012,6602,1
1018,6602,2
1019,6602,1
1028,6602,1
1029,6602,1
1032,6602,1
1033,6602,3
1034,6602,3
1036,6602,1
1038,6602,1
1043,6602,1
1044,6602,1
1059,6602,1
1060,6602,1
1071,6602,1
1072,6602,1
1076,6602,1
1078,6602,1
1083,6602,5
1084,6602,7
1087,6602,1
1088,6602,2
1089,6602,17
1090,6602,13
1091,6602,33
1092,6602,26
1093,6602,4
1094,6602,5
1097,6602,1
1098,6602,1
931,6603,1
932,6603,1
938,6603,3
939,6603,1
941,6603,1
943,6603,2
944,6603,3
945,6603,8
946,6603,5
1004,6603,1
1005,6603,1
1026,6603,1
1031,6603,4
1032,6603,2
1033,6603,1
1034,6603,2
1036,6603,1
1037,6603,1
1042,6603,1
1044,6603,1
1071,6603,1
1073,6603,1
1074,6603,1
1082,6603,1
1083,6603,4
1084,6603,6
1085,6603,1
1086,6603,1
1089,6603,13
1090,6603,16
1091,6603,47
1092,6603,47
1093,6603,9
1094,6603,3
1098,6603,1
1099,6603,1
934,6604,1
938,6604,2
939,6604,3
940,6604,3
941,6604,1
945,6604,8
946,6604,9
1022,6604,1
1023,6604,1
1026,6604,1
1027,6604,1
1031,6604,1
1033,6604,4
1034,6604,3
1036,6604,1
1037,6604,2
1038,6604,2
1044,6604,2
1071,6604,1
1073,6604,1
1075,6604,1
1076,6604,1
1080,6604,1
1086,6604,1
1090,6604,10
1091,6604,32
1092,6604,57
1093,6604,11
1094,6604,2
1095,6604,2
1096,6604,2
1099,6604,1
1100,6604,2
1101,6604,1
1103,6604,1
1104,6604,1
1135,6604,1
938,6605,1
939,6605,2
940,6605,2
945,6605,2
946,6605,7
947,6605,3
948,6605,1
1005,6605,2
1015,6605,1
1037,6605,2
1038,6605,2
1044,6605,1
1049,6605,1
1050,6605,1
1073,6605,1
1075,6605,1
1076,6605,1
1078,6605,1
1079,6605,1
1080,6605,1
1086,6605,3
1091,6605,11
1092,6605,33
1093,6605,12
1094,6605,2
1095,6605,6
1096,6605,12
1102,6605,1
1106,6605,1
1135,6605,1
1136,6605,1
936,6606,1
937,6606,1
939,6606,1
940,6606,2
945,6606,1
946,6606,3
947,6606,7
948,6606,2
1013,6606,1
1030,6606,2
1043,6606,1
1044,6606,2
1059,6606,1
1062,6606,1
1063,6606,1
1067,6606,1
1070,6606,1
1071,6606,1
1079,6606,1
1087,6606,2
1092,6606,10
1093,6606,2
1095,6606,16
1096,6606,45
1097,6606,6
1100,6606,1
1101,6606,1
1102,6606,2
1103,6606,1
937,6607,1
940,6607,1
941,6607,1
942,6607,1
947,6607,5
948,6607,5
1005,6607,1
1006,6607,2
1015,6607,2
1016,6607,2
1030,6607,2
1031,6607,3
1032,6607,2
1042,6607,2
1043,6607,4
1044,6607,3
1059,6607,1
1063,6607,1
1082,6607,1
1087,6607,4
1088,6607,1
1090,6607,1
1095,6607,19
1096,6607,55
1097,6607,29
1098,6607,3
1099,6607,1
1100,6607,1
1102,6607,2
1106,6607,2
1136,6607,1
1153,6607,1
1154,6607,1
929,6608,1
930,6608,1
938,6608,1
939,6608,1
940,6608,2
941,6608,2
942,6608,1
946,6608,2
947,6608,1
948,6608,6
949,6608,1
950,6608,1
1006,6608,1
1015,6608,2
1016,6608,2
1040,6608,1
1043,6608,2
1044,6608,1
1071,6608,1
1090,6608,2
1091,6608,1
1094,6608,2
1095,6608,14
1096,6608,16
1097,6608,42
1098,6608,24
1100,6608,1
1102,6608,1
1103,6608,1
1104,6608,1
1105,6608,1
1106,6608,1
1153,6608,1
941,6609,5
942,6609,5
943,6609,2
948,6609,1
949,6609,1
950,6609,2
951,6609,1
952,6609,1
1016,6609,1
1017,6609,3
1018,6609,3
1028,6609,1
1033,6609,1
1035,6609,1
1042,6609,4
1043,6609,4
1044,6609,1
1045,6609,2
1046,6609,1
1065,6609,1
1066,6609,1
1071,6609,1
1090,6609,2
1091,6609,1
1092,6609,1
1095,6609,8
1096,6609,15
1097,6609,25
1098,6609,10
1099,6609,11
1100,6609,3
1101,6609,2
1104,6609,1
1105,6609,1
1107,6609,1
1108,6609,1
942,6610,1
943,6610,3
944,6610,1
950,6610,4
951,6610,2
952,6610,3
953,6610,1
1006,6610,1
1018,6610,1
1019,6610,1
1026,6610,2
1027,6610,2
1028,6610,1
1035,6610,1
1040,6610,1
1041,6610,1
1042,6610,1
1043,6610,1
1045,6610,1
1046,6610,3
1047,6610,1
1091,6610,1
1092,6610,1
1093,6610,1
1095,6610,2
1096,6610,3
1097,6610,4
1098,6610,2
1099,6610,35
1100,6610,9
1101,6610,1
942,6611,1
943,6611,3
944,6611,2
945,6611,3
950,6611,1
951,6611,5
952,6611,4
953,6611,3
1005,6611,1
1006,6611,2
1019,6611,1
1020,6611,2
1046,6611,3
1047,6611,1
1059,6611,1
1060,6611,1
1097,6611,2
1098,6611,18
1099,6611,12
1100,6611,33
1101,6611,12
1102,6611,2
1106,6611,1
1135,6611,1
1150,6611,1
927,6612,1
928,6612,1
941,6612,1
942,6612,1
944,6612,1
945,6612,3
946,6612,1
952,6612,2
953,6612,3
954,6612,5
1019,6612,1
1020,6612,1
1022,6612,1
1023,6612,1
1028,6612,1
1029,6612,1
1037,6612,1
1038,6612,1
1042,6612,1
1049,6612,1
1060,6612,1
1095,6612,2
1096,6612,3
1097,6612,5
1098,6612,9
1099,6612,5
1100,6612,19
1101,6612,41
1102,6612,12
1103,6612,1
1106,6612,1
1135,6612,1
928,6613,1
943,6613,1
944,6613,2
945,6613,3
946,6613,2
947,6613,1
953,6613,2
954,6613,3
955,6613,3
1020,6613,1
1022,6613,1
1023,6613,2
1038,6613,1
1039,6613,1
1040,6613,1
1042,6613,1
1072,6613,1
1096,6613,2
1097,6613,4
1098,6613,1
1099,6613,3
1100,6613,12
1101,6613,5
1102,6613,14
1103,6613,23
1104,6613,1
1110,6613,2
1111,6613,4
1112,6613,3
1113,6613,1
926,6614,1
943,6614,2
944,6614,2
945,6614,1
946,6614,2
947,6614,2
948,6614,2
954,6614,3
955,6614,3
956,6614,1
1023,6614,1
1024,6614,3
1040,6614,2
1048,6614,3
1059,6614,1
1098,6614,1
1099,6614,2
1102,6614,24
1103,6614,28
1104,6614,31
1105,6614,2
1110,6614,1
1111,6614,3
1112,6614,2
942,6615,1
944,6615,1
948,6615,1
949,6615,1
954,6615,2
955,6615,4
956,6615,4
958,6615,1
1024,6615,1
1045,6615,1
1048,6615,1
1049,6615,1
1076,6615,1
1077,6615,1
1078,6615,1
1079,6615,1
1093,6615,1
1099,6615,1
1101,6615,7
1102,6615,14
1103,6615,27
1104,6615,32
1105,6615,25
1106,6615,3
1107,6615,1
1110,6615,2
1111,6615,1
1112,6615,1
1114,6615,1
1148,6615,1
1149,6615,1
944,6616,1
955,6616,3
956,6616,4
957,6616,1
958,6616,2
959,6616,1
1022,6616,1
1023,6616,1
1045,6616,1
1047,6616,1
1049,6616,1
1050,6616,1
1071,6616,1
1072,6616,1
1073,6616,1
1074,6616,1
1076,6616,1
1077,6616,2
1078,6616,3
1079,6616,1
1080,6616,1
1093,6616,1
1099,6616,1
1101,6616,5
1102,6616,4
1103,6616,8
1104,6616,9
1105,6616,20
1106,6616,18
1107,6616,6
1110,6616,3
1111,6616,1
1112,6616,1
1115,6616,2
1116,6616,1
1145,6616,1
1146,6616,1
1147,6616,1
945,6617,1
946,6617,1
947,6617,1
951,6617,1
955,6617,2
956,6617,2
957,6617,1
958,6617,1
1022,6617,1
1023,6617,1
1046,6617,2
1047,6617,1
1059,6617,1
1071,6617,1
1072,6617,1
1073,6617,1
1074,6617,1
1076,6617,1
1077,6617,2
1078,6617,2
1102,6617,2
1103,6617,3
1104,6617,8
1105,6617,9
1106,6617,7
1107,6617,18
1108,6617,3
1109,6617,2
1110,6617,1
1112,6617,1
1113,6617,1
1115,6617,4
1116,6617,5
1117,6617,3
1145,6617,1
943,6618,1
945,6618,1
946,6618,1
947,6618,1
950,6618,2
951,6618,2
952,6618,2
956,6618,5
957,6618,1
959,6618,1
1045,6618,1
1046,6618,2
1047,6618,1
1049,6618,1
1050,6618,3
1058,6618,1
1059,6618,1
1072,6618,1
1076,6618,1
1082,6618,1
1104,6618,3
1105,6618,5
1106,6618,11
1107,6618,5
1108,6618,6
1109,6618,4
1110,6618,1
1111,6618,4
1112,6618,5
1113,6618,1
1117,6618,1
1118,6618,1
922,6619,1
923,6619,1
924,6619,1
952,6619,1
953,6619,2
956,6619,3
957,6619,1
1049,6619,1
1051,6619,1
1057,6619,1
1058,6619,1
1059,6619,1
1076,6619,1
1077,6619,1
1105,6619,1
1106,6619,7
1107,6619,13
1108,6619,9
1109,6619,9
1111,6619,3
1112,6619,6
1113,6619,2
1114,6619,2
1115,6619,1
1116,6619,1
1136,6619,1
1137,6619,1
924,6620,1
949,6620,1
950,6620,1
952,6620,1
953,6620,1
954,6620,1
956,6620,1
958,6620,1
1022,6620,1
1023,6620,3
1051,6620,2
1052,6620,1
1076,6620,1
1077,6620,3
1078,6620,1
1106,6620,1
1107,6620,3
1108,6620,5
1109,6620,2
1111,6620,1
1112,6620,2
1113,6620,3
924,6621,1
939,6621,1
949,6621,1
950,6621,1
953,6621,1
954,6621,1
956,6621,2
957,6621,1
958,6621,1
959,6621,1
1021,6621,1
1022,6621,2
1023,6621,3
1024,6621,3
1026,6621,1
1048,6621,1
1052,6621,2
1061,6621,1
1077,6621,1
1078,6621,1
1082,6621,1
1083,6621,1
1109,6621,18
1110,6621,8
1113,6621,2
1114,6621,2
1116,6621,1
1122,6621,2
1123,6621,1
944,6622,1
945,6622,1
956,6622,1
957,6622,1
958,6622,1
959,6622,2
1024,6622,1
1025,6622,1
1026,6622,1
1052,6622,2
1053,6622,2
1061,6622,1
1078,6622,1
1109,6622,15
1110,6622,22
1111,6622,1
1112,6622,2
1113,6622,4
1114,6622,1
1115,6622,1
1122,6622,4
1123,6622,4
944,6623,1
952,6623,1
954,6623,1
958,6623,1
959,6623,3
1028,6623,1
1052,6623,1
1053,6623,1
1061,6623,1
1077,6623,1
1078,6623,1
1109,6623,2
1110,6623,5
1113,6623,1
1115,6623,2
1121,6623,2
1126,6623,1
938,6624,1
952,6624,1
958,6624,1
959,6624,3
960,6624,3
1030,6624,1
1052,6624,1
1053,6624,2
1077,6624,1
1087,6624,2
1109,6624,1
1110,6624,3
1114,6624,1
1115,6624,4
1116,6624,10
1117,6624,2
1118,6624,1
1121,6624,1
1123,6624,1
1125,6624,1
1126,6624,3
937,6625,1
938,6625,1
952,6625,1
953,6625,1
955,6625,2
956,6625,1
960,6625,1
961,6625,1
1053,6625,1
1066,6625,1
1087,6625,2
1088,6625,1
1109,6625,1
1110,6625,1
1114,6625,1
1115,6625,1
1116,6625,8
1117,6625,1
1118,6625,8
1119,6625,3
1120,6625,1
1121,6625,1
1122,6625,1
1126,6625,2
1127,6625,4
1128,6625,6
1129,6625,1
937,6626,1
955,6626,1
956,6626,1
957,6626,1
961,6626,2
1054,6626,1
1055,6626,5
1066,6626,1
1089,6626,1
1118,6626,2
1119,6626,1
1124,6626,1
1126,6626,2
1127,6626,3
1128,6626,1
944,6627,1
945,6627,1
956,6627,1
957,6627,3
958,6627,1
961,6627,3
962,6627,1
1055,6627,1
1056,6627,1
1059,6627,1
1060,6627,1
1089,6627,1
1090,6627,1
1091,6627,1
1119,6627,5
1120,6627,1
1121,6627,5
1127,6627,1
1128,6627,1
1135,6627,1
1136,6627,1
1141,6627,1
947,6628,1
948,6628,1
949,6628,1
960,6628,2
961,6628,1
1036,6628,1
1037,6628,1
1058,6628,1
1059,6628,1
1074,6628,1
1075,6628,1
1090,6628,1
1091,6628,1
1092,6628,1
1119,6628,2
1120,6628,4
1121,6628,3
1122,6628,3
1126,6628,1
1127,6628,2
1128,6628,2
1133,6628,1
1134,6628,2
1135,6628,3
1136,6628,3
1138,6628,1
925,6629,1
926,6629,1
949,6629,1
957,6629,1
961,6629,1
962,6629,3
1042,6629,1
1043,6629,1
1078,6629,1
1079,6629,1
1080,6629,1
1089,6629,1
1122,6629,9
1123,6629,4
1124,6629,2
1127,6629,2
1128,6629,3
1133,6629,1
1138,6629,1
1142,6629,1
1143,6629,1
926,6630,1
962,6630,1
965,6630,1
1033,6630,1
1034,6630,2
1040,6630,1
1047,6630,1
1076,6630,1
1077,6630,1
1093,6630,1
1123,6630,1
1129,6630,1
1137,6630,1
1138,6630,1
1142,6630,2
1143,6630,1
1148,6630,1
1149,6630,2
1150,6630,1
932,6631,1
933,6631,1
969,6631,1
1064,6631,1
1065,6631,1
1086,6631,2
1093,6631,1
1094,6631,1
1127,6631,2
1128,6631,3
1137,6631,1
1138,6631,1
1142,6631,2
1144,6631,1
1149,6631,1
1150,6631,1
931,6632,1
962,6632,3
963,6632,1
964,6632,1
969,6632,1
970,6632,1
1065,6632,1
1071,6632,1
1085,6632,2
1086,6632,2
1087,6632,1
1095,6632,1
1096,6632,1
1127,6632,1
1128,6632,4
1129,6632,6
1143,6632,1
1144,6632,4
1149,6632,1
1150,6632,1
924,6633,1
962,6633,1
963,6633,2
970,6633,1
1064,6633,1
1065,6633,1
1066,6633,1
1106,6633,1
1107,6633,1
1129,6633,5
1130,6633,1
1148,6633,2
1150,6633,3
1151,6633,3
926,6634,1
963,6634,1
1101,6634,1
1102,6634,1
1104,6634,1
1105,6634,2
1133,6634,1
1134,6634,6
1135,6634,7
1150,6634,2
1151,6634,2
1152,6634,1
1160,6634,1
1169,6634,1
926,6635,1
964,6635,2
965,6635,1
966,6635,1
1062,6635,1
1063,6635,1
1067,6635,1
1104,6635,2
1105,6635,1
1134,6635,3
1135,6635,5
1136,6635,1
1150,6635,1
1175,6635,1
1176,6635,1
923,6636,1
924,6636,1
925,6636,1
964,6636,2
965,6636,1
966,6636,1
969,6636,1
970,6636,1
1063,6636,1
1064,6636,1
1074,6636,1
1075,6636,1
1134,6636,1
1135,6636,1
1136,6636,6
1137,6636,2
1150,6636,2
1151,6636,2
1175,6636,1
1176,6636,1
1182,6636,1
966,6637,1
967,6637,1
968,6637,1
969,6637,1
970,6637,1
1064,6637,1
1065,6637,1
1074,6637,1
1112,6637,1
1138,6637,4
1187,6637,1
1188,6637,1
1189,6637,1
966,6638,1
967,6638,1
969,6638,1
1064,6638,1
1067,6638,1
1103,6638,1
1112,6638,2
1113,6638,1
1138,6638,2
1140,6638,1
1157,6638,1
1158,6638,2
1189,6638,1
966,6639,2
1066,6639,1
1103,6639,1
1141,6639,3
1152,6639,1
1153,6639,1
1157,6639,3
1158,6639,2
1159,6639,1
1160,6639,1
969,6640,1
970,6640,1
1068,6640,1
1141,6640,2
1159,6640,1
968,6641,1
1071,6641,1
1078,6641,1
1079,6641,1
1107,6641,1
1108,6641,1
1109,6641,1
1116,6641,1
1141,6641,2
1142,6641,2
1155,6641,1
1156,6641,1
1159,6641,1
1164,6641,2
968,6642,1
969,6642,1
971,6642,2
972,6642,1
1070,6642,1
1071,6642,1
1072,6642,1
1078,6642,1
1079,6642,1
1109,6642,1
1110,6642,1
1117,6642,1
1142,6642,1
1144,6642,1
1156,6642,1
1166,6642,1
1167,6642,1
972,6643,2
973,6643,1
1070,6643,1
1071,6643,1
1072,6643,1
1111,6643,1
1166,6643,1
1167,6643,3
1168,6643,3
1169,6643,1
969,6644,2
1168,6644,2
969,6645,2
970,6645,2
971,6645,1
975,6645,1
976,6645,1
1074,6645,1
1075,6645,1
1151,6645,2
1179,6645,1
1180,6645,3
970,6646,1
971,6646,1
972,6646,1
975,6646,1
1077,6646,1
1151,6646,2
1165,6646,1
1172,6646,1
1174,6646,1
1175,6646,2
1176,6646,2
1178,6646,2
1179,6646,2
1180,6646,1
970,6647,1
971,6647,1
973,6647,1
974,6647,1
976,6647,2
979,6647,1
1077,6647,1
1172,6647,1
976,6648,1
977,6648,1
1077,6648,2
1120,6648,1
1121,6648,1
1176,6648,1
1185,6648,1
1186,6648,1
974,6649,1
1122,6649,1
1158,6649,2
1185,6649,1
1186,6649,1
1192,6649,1
1193,6649,2
1194,6649,1
1195,6649,1
976,6650,1
1078,6650,1
1079,6650,2
1161,6650,2
1186,6650,1
1187,6650,1
1193,6650,2
1194,6650,2
978,6651,1
1079,6651,1
1080,6651,1
1161,6651,2
1162,6651,2
979,6652,1
1132,6652,1
979,6653,1
1081,6653,1
1167,6653,2
1168,6653,1
980,6654,1
981,6654,1
982,6654,2
1134,6654,1
1135,6654,1
982,6655,1
984,6655,1
985,6655,1
1083,6655,1
1084,6655,1
1134,6655,1
1135,6655,1
1195,6655,1
1083,6656,1
1084,6656,1
1085,6656,1
1195,6656,1
984,6657,2
1084,6657,1
984,6658,1
986,6658,2
987,6658,1
1085,6658,2
1086,6658,2
986,6659,1
1086,6659,1
986,6660,1
987,6660,1
1227,6660,1
987,6661,1
988,6661,1
1088,6661,1
1089,6661,1
1201,6661,1
1202,6661,1
1227,6661,1
1231,6661,1
988,6662,1
989,6662,1
1090,6662,1
1201,6662,1
1202,6662,1
1203,6662,1
1204,6662,1
1219,6662,1
1231,6662,1
990,6663,1
1204,6663,1
1210,6663,1
1211,6663,1
988,6664,1
989,6664,2
990,6664,2
1091,6664,1
1092,6664,2
989,6665,1
990,6665,1
991,6665,1
995,6667,1
996,6667,1
992,6668,2
995,6668,1
992,6669,1
1099,6669,1
993,6670,1
994,6670,1
1101,6670,1
993,6671,1
994,6671,1
996,6671,1
997,6671,1
999,6671,1
1005,6671,1
1006,6671,1
996,6672,1
997,6672,1
998,6672,1
999,6672,1
1000,6672,1
1002,6674,1
1002,6675,1
1003,6675,1
1008,6678,1
1009,6678,1
1015,6678,1
1016,6678,1
1018,6678,1
1009,6679,1
1010,6679,1
1015,6679,1
1017,6679,1
1018,6679,1
1015,6683,1
1022,6683,1
1023,6684,1
1024,6684,1
1023,6685,1
1018,6686,1
1019,6686,1
1027,6686,1
1019,6687,1
1027,6687,1
1024,6688,1
1025,6688,1
1029,6689,1
1032,6689,1
1033,6689,1
1033,6690,1
1034,6690,1
1035,6691,1
1036,6691,1
