ix,iy,flights
816,6524,1
816,6525,1
816,6528,1
815,6536,1
816,6536,1
815,6537,1
816,6537,1
816,6538,1
814,6556,1
778,6557,1
814,6557,1
778,6558,1
814,6558,1
778,6559,1
630,6561,1
631,6561,2
631,6562,1
635,6567,1
635,6568,1
636,6568,1
636,6569,1
695,6575,1
641,6576,1
694,6576,1
695,6576,1
641,6577,2
642,6577,1
695,6577,1
829,6577,1
642,6578,1
828,6578,1
829,6578,1
723,6579,1
724,6579,1
828,6579,1
873,6579,1
556,6580,1
557,6580,1
723,6580,2
724,6580,1
786,6580,2
828,6580,1
873,6580,1
557,6581,1
723,6581,1
786,6581,2
787,6581,1
828,6581,1
645,6582,1
646,6582,2
821,6582,1
822,6582,1
827,6582,1
828,6582,1
646,6583,2
647,6583,1
827,6583,1
647,6584,1
823,6584,1
826,6584,1
827,6584,1
647,6585,1
648,6585,2
823,6585,1
825,6585,1
826,6585,1
823,6586,1
824,6586,1
825,6586,1
873,6586,1
824,6587,1
872,6587,1
873,6587,1
700,6588,1
790,6588,1
791,6588,2
872,6588,1
561,6589,1
791,6589,2
872,6589,1
561,6590,1
701,6590,1
791,6590,2
792,6590,2
866,6590,1
702,6591,1
564,6592,1
702,6592,1
564,6593,1
565,6593,1
565,6594,1
721,6594,2
566,6595,1
566,6596,1
567,6596,1
825,6596,1
704,6597,1
818,6597,1
825,6597,1
815,6598,1
817,6598,1
818,6598,1
825,6598,1
661,6599,1
704,6599,1
721,6599,2
791,6599,2
817,6599,1
825,6599,1
826,6599,1
867,6599,1
704,6600,1
721,6600,2
791,6600,2
826,6600,1
867,6600,1
663,6601,1
867,6601,1
570,6602,1
817,6602,1
818,6602,1
866,6602,1
867,6602,1
570,6603,1
571,6603,1
813,6603,1
814,6603,1
818,6603,1
866,6603,2
572,6604,1
705,6604,1
813,6604,1
818,6604,1
827,6604,1
866,6604,2
660,6605,1
705,6605,1
819,6605,1
827,6605,1
865,6605,1
866,6605,1
660,6606,1
812,6606,1
828,6606,1
829,6606,1
660,6607,1
706,6607,1
829,6607,1
669,6609,1
719,6609,1
811,6609,1
812,6609,1
660,6610,1
661,6610,1
706,6610,1
719,6610,2
787,6610,1
788,6610,1
811,6610,1
660,6611,1
661,6611,1
719,6611,2
787,6611,2
865,6611,1
575,6612,1
661,6612,1
718,6612,1
719,6612,2
787,6612,2
788,6612,2
865,6612,1
521,6613,1
575,6613,1
718,6613,2
719,6613,1
845,6613,1
846,6613,1
865,6613,1
521,6614,1
576,6614,1
577,6614,1
718,6614,1
810,6614,1
845,6614,1
864,6614,1
522,6615,1
577,6615,1
578,6615,1
672,6615,1
701,6615,1
718,6615,1
810,6615,1
845,6615,1
522,6616,1
523,6616,1
572,6616,1
578,6616,1
579,6616,1
672,6616,1
701,6616,1
719,6616,1
805,6616,1
806,6616,1
810,6616,1
845,6616,1
701,6617,1
708,6617,1
719,6617,1
806,6617,1
807,6617,1
809,6617,1
701,6618,1
708,6618,1
719,6618,1
786,6618,1
787,6618,2
807,6618,1
808,6618,1
809,6618,1
824,6618,1
787,6619,2
807,6619,1
808,6619,1
824,6619,1
826,6619,1
674,6620,1
702,6620,1
786,6620,1
787,6620,1
807,6620,1
808,6620,1
809,6620,1
826,6620,1
827,6620,1
674,6621,1
675,6621,1
809,6621,1
810,6621,1
827,6621,1
858,6621,1
859,6621,1
675,6622,1
676,6622,1
810,6622,1
858,6622,1
861,6622,1
675,6623,1
676,6623,1
677,6623,2
678,6623,1
702,6623,1
710,6623,1
812,6623,1
857,6623,1
858,6623,1
860,6623,1
861,6623,1
669,6624,1
678,6624,1
696,6624,1
702,6624,1
710,6624,1
811,6624,1
857,6624,1
860,6624,1
528,6625,1
581,6625,1
582,6625,1
669,6625,1
670,6625,1
696,6625,1
710,6625,1
803,6625,1
857,6625,1
528,6626,1
529,6626,1
530,6626,1
582,6626,1
583,6626,1
715,6626,2
716,6626,1
802,6626,1
803,6626,1
848,6626,1
849,6626,1
530,6627,1
583,6627,1
715,6627,2
785,6627,2
802,6627,1
811,6627,1
848,6627,1
849,6627,1
785,6628,2
786,6628,2
802,6628,1
848,6628,1
671,6629,1
672,6629,1
785,6629,1
786,6629,2
801,6629,1
802,6629,1
848,6629,1
857,6629,1
713,6630,1
801,6630,1
847,6630,1
857,6630,1
678,6631,1
713,6631,1
800,6631,1
810,6631,1
846,6631,1
847,6631,1
857,6631,1
678,6632,1
679,6632,1
713,6632,1
786,6632,1
846,6632,1
857,6632,1
786,6633,1
787,6633,2
810,6633,1
851,6633,1
852,6633,1
787,6634,2
822,6634,1
828,6634,1
851,6634,1
542,6635,1
543,6635,1
675,6635,1
787,6635,1
788,6635,1
822,6635,1
828,6635,1
851,6635,1
853,6635,1
510,6636,1
511,6636,1
562,6636,1
563,6636,1
589,6636,1
676,6636,1
809,6636,1
852,6636,1
853,6636,1
511,6637,1
512,6637,1
563,6637,1
676,6637,1
677,6637,1
679,6637,1
714,6637,3
819,6637,1
822,6637,1
852,6637,1
523,6638,1
524,6638,1
575,6638,1
590,6638,1
677,6638,1
700,6638,1
714,6638,3
788,6638,2
789,6638,2
819,6638,1
822,6638,1
524,6639,2
525,6639,1
575,6639,1
576,6639,1
590,6639,1
591,6639,1
689,6639,1
700,6639,1
701,6639,1
714,6639,3
789,6639,2
800,6639,1
801,6639,1
577,6640,1
689,6640,1
702,6640,1
714,6640,1
789,6640,2
790,6640,1
800,6640,1
801,6640,1
829,6640,1
848,6640,2
577,6641,1
578,6641,1
702,6641,1
800,6641,1
801,6641,1
804,6641,1
805,6641,1
829,6641,1
833,6641,1
847,6641,1
848,6641,2
539,6642,1
702,6642,2
800,6642,1
817,6642,1
821,6642,1
833,6642,1
846,6642,2
847,6642,1
848,6642,1
555,6643,1
579,6643,1
702,6643,2
703,6643,2
756,6643,1
816,6643,1
817,6643,3
820,6643,1
821,6643,1
829,6643,1
833,6643,1
834,6643,1
844,6643,1
846,6643,2
848,6643,1
849,6643,1
555,6644,1
556,6644,1
685,6644,1
691,6644,1
692,6644,1
703,6644,2
713,6644,1
756,6644,1
817,6644,3
829,6644,1
830,6644,1
845,6644,1
846,6644,2
849,6644,1
556,6645,1
684,6645,1
685,6645,1
692,6645,1
694,6645,1
703,6645,1
715,6645,1
756,6645,1
817,6645,1
818,6645,2
843,6645,1
844,6645,1
845,6645,1
846,6645,2
849,6645,1
684,6646,1
685,6646,2
686,6646,1
688,6646,1
694,6646,1
818,6646,2
819,6646,1
835,6646,1
836,6646,1
841,6646,1
842,6646,1
843,6646,1
845,6646,1
846,6646,2
847,6646,1
558,6647,1
559,6647,1
600,6647,1
688,6647,1
694,6647,1
819,6647,1
836,6647,1
837,6647,1
841,6647,1
842,6647,1
848,6647,1
849,6647,1
559,6648,1
560,6648,1
587,6648,1
600,6648,1
601,6648,1
818,6648,1
819,6648,2
837,6648,1
841,6648,1
848,6648,1
560,6649,1
587,6649,1
593,6649,1
601,6649,1
710,6649,1
715,6649,2
718,6649,1
757,6649,1
802,6649,1
818,6649,1
819,6649,2
820,6649,1
830,6649,1
841,6649,1
609,6650,1
710,6650,1
715,6650,2
718,6650,1
757,6650,1
799,6650,1
800,6650,1
818,6650,2
819,6650,1
820,6650,1
830,6650,1
562,6651,1
609,6651,1
687,6651,1
715,6651,2
718,6651,1
786,6651,1
799,6651,1
818,6651,1
820,6651,2
821,6651,1
840,6651,1
841,6651,2
562,6652,1
563,6652,1
566,6652,1
571,6652,1
687,6652,1
688,6652,1
786,6652,1
798,6652,1
799,6652,1
820,6652,1
821,6652,2
840,6652,1
841,6652,2
564,6653,1
566,6653,1
567,6653,1
586,6653,1
688,6653,1
708,6653,1
798,6653,1
821,6653,1
840,6653,1
841,6653,1
849,6653,1
571,6654,1
689,6654,2
709,6654,1
716,6654,2
730,6654,1
801,6654,2
840,6654,2
841,6654,1
849,6654,1
571,6655,1
610,6655,1
689,6655,1
690,6655,2
713,6655,1
716,6655,2
730,6655,1
800,6655,1
801,6655,1
825,6655,1
826,6655,1
839,6655,1
840,6655,1
844,6655,1
845,6655,1
848,6655,1
849,6655,1
569,6656,1
590,6656,1
591,6656,1
605,6656,1
606,6656,1
690,6656,2
703,6656,1
704,6656,1
713,6656,1
714,6656,1
716,6656,1
718,6656,1
796,6656,2
797,6656,1
826,6656,1
839,6656,1
845,6656,1
569,6657,1
570,6657,1
606,6657,1
607,6657,1
689,6657,1
691,6657,1
702,6657,1
703,6657,2
704,6657,1
714,6657,1
715,6657,1
717,6657,1
797,6657,2
800,6657,1
807,6657,1
838,6657,1
839,6657,1
845,6657,1
858,6657,1
607,6658,1
608,6658,1
690,6658,1
691,6658,1
703,6658,2
704,6658,1
705,6658,2
715,6658,1
716,6658,1
731,6658,1
777,6658,1
797,6658,1
798,6658,1
807,6658,1
566,6659,1
595,6659,1
691,6659,1
703,6659,2
705,6659,1
706,6659,1
716,6659,1
731,6659,1
807,6659,1
815,6659,1
816,6659,1
823,6659,1
824,6659,1
835,6659,1
836,6659,1
848,6659,1
853,6659,1
595,6660,1
596,6660,1
691,6660,1
703,6660,2
706,6660,1
715,6660,1
716,6660,1
729,6660,1
731,6660,1
807,6660,1
815,6660,1
816,6660,1
827,6660,1
835,6660,1
848,6660,1
849,6660,1
852,6660,1
853,6660,1
569,6661,1
579,6661,1
580,6661,1
581,6661,1
582,6661,1
596,6661,1
689,6661,1
691,6661,1
706,6661,1
715,6661,2
716,6661,1
717,6661,1
732,6661,2
733,6661,1
757,6661,1
807,6661,1
815,6661,1
824,6661,1
825,6661,1
826,6661,1
836,6661,1
850,6661,1
851,6661,1
852,6661,1
569,6662,1
570,6662,1
580,6662,1
581,6662,1
690,6662,1
692,6662,1
706,6662,1
707,6662,1
715,6662,2
716,6662,1
718,6662,1
734,6662,1
796,6662,1
803,6662,1
807,6662,1
824,6662,1
825,6662,2
826,6662,1
835,6662,1
836,6662,1
850,6662,1
851,6662,1
860,6662,1
690,6663,1
692,6663,1
693,6663,1
694,6663,1
695,6663,1
701,6663,1
707,6663,1
715,6663,2
716,6663,1
734,6663,1
735,6663,1
796,6663,1
797,6663,1
803,6663,1
807,6663,1
825,6663,1
826,6663,1
851,6663,1
860,6663,1
572,6664,1
573,6664,1
578,6664,1
690,6664,1
693,6664,1
695,6664,1
696,6664,1
707,6664,1
796,6664,1
797,6664,1
825,6664,1
826,6664,1
841,6664,1
842,6664,1
851,6664,1
860,6664,1
573,6665,1
578,6665,1
580,6665,1
602,6665,1
690,6665,1
696,6665,1
697,6665,1
757,6665,1
797,6665,1
826,6665,1
827,6665,2
828,6665,1
829,6665,1
830,6665,1
832,6665,1
833,6665,1
842,6665,1
604,6666,1
605,6666,1
690,6666,1
691,6666,1
693,6666,1
731,6666,1
732,6666,1
796,6666,1
831,6666,1
832,6666,1
842,6666,1
580,6667,1
605,6667,1
693,6667,1
731,6667,2
732,6667,2
733,6667,1
827,6667,1
828,6667,1
831,6667,1
580,6668,1
589,6668,1
590,6668,1
617,6668,1
698,6668,1
699,6668,1
731,6668,2
733,6668,1
734,6668,1
757,6668,1
758,6668,1
807,6668,2
827,6668,1
828,6668,1
833,6668,1
861,6668,1
581,6669,1
582,6669,1
590,6669,1
616,6669,1
699,6669,1
700,6669,1
714,6669,1
715,6669,1
730,6669,1
734,6669,1
757,6669,1
774,6669,1
775,6669,1
798,6669,1
807,6669,1
826,6669,1
827,6669,1
829,6669,1
833,6669,1
845,6669,1
858,6669,1
861,6669,1
582,6670,1
617,6670,1
618,6670,1
619,6670,1
645,6670,1
700,6670,2
704,6670,1
724,6670,1
730,6670,1
738,6670,1
774,6670,1
775,6670,1
795,6670,1
806,6670,1
823,6670,1
824,6670,1
826,6670,1
827,6670,1
829,6670,1
833,6670,1
834,6670,1
858,6670,1
579,6671,1
617,6671,1
618,6671,1
619,6671,1
625,6671,1
645,6671,1
646,6671,1
694,6671,1
700,6671,3
701,6671,1
704,6671,1
725,6671,1
794,6671,1
795,6671,1
806,6671,1
823,6671,1
824,6671,1
826,6671,1
827,6671,2
829,6671,1
831,6671,1
832,6671,1
834,6671,2
846,6671,1
847,6671,1
855,6671,1
646,6672,1
647,6672,1
690,6672,1
700,6672,2
701,6672,3
715,6672,1
725,6672,1
726,6672,3
737,6672,1
738,6672,1
794,6672,1
819,6672,1
828,6672,1
831,6672,1
834,6672,1
835,6672,1
847,6672,1
848,6672,1
855,6672,1
860,6672,1
870,6672,1
626,6673,1
647,6673,1
690,6673,1
715,6673,1
726,6673,4
727,6673,2
747,6673,1
805,6673,1
806,6673,1
821,6673,1
822,6673,1
827,6673,1
828,6673,1
835,6673,2
836,6673,1
847,6673,1
848,6673,1
860,6673,1
861,6673,1
870,6673,1
590,6674,1
591,6674,2
592,6674,1
604,6674,1
626,6674,1
627,6674,1
704,6674,1
705,6674,1
719,6674,1
726,6674,2
727,6674,3
728,6674,1
747,6674,1
805,6674,1
806,6674,1
820,6674,1
835,6674,1
848,6674,1
870,6674,1
546,6675,1
547,6675,1
591,6675,1
592,6675,1
593,6675,1
604,6675,1
610,6675,1
611,6675,1
615,6675,1
627,6675,1
639,6675,1
648,6675,1
704,6675,1
705,6675,1
719,6675,2
727,6675,1
728,6675,2
787,6675,1
820,6675,1
826,6675,1
827,6675,1
829,6675,2
848,6675,1
849,6675,1
850,6675,1
870,6675,1
593,6676,2
594,6676,1
611,6676,1
624,6676,1
629,6676,1
639,6676,1
648,6676,1
704,6676,1
705,6676,1
719,6676,2
728,6676,1
729,6676,1
734,6676,1
787,6676,1
793,6676,1
815,6676,1
827,6676,1
828,6676,1
829,6676,3
830,6676,2
835,6676,1
848,6676,1
849,6676,1
625,6677,2
629,6677,1
630,6677,1
640,6677,1
648,6677,1
697,6677,1
729,6677,1
730,6677,1
734,6677,1
735,6677,1
815,6677,1
828,6677,2
829,6677,2
835,6677,1
849,6677,1
862,6677,1
864,6677,1
617,6678,1
623,6678,1
626,6678,1
640,6678,1
641,6678,1
648,6678,1
649,6678,1
697,6678,1
717,6678,1
720,6678,1
729,6678,2
730,6678,1
786,6678,1
815,6678,1
826,6678,1
828,6678,1
829,6678,1
831,6678,1
848,6678,1
849,6678,2
862,6678,1
864,6678,1
594,6679,1
595,6679,1
603,6679,1
604,6679,2
623,6679,1
626,6679,1
641,6679,1
649,6679,1
697,6679,1
698,6679,1
701,6679,2
702,6679,2
715,6679,1
717,6679,1
720,6679,1
727,6679,1
729,6679,1
730,6679,1
786,6679,1
791,6679,1
815,6679,1
826,6679,1
827,6679,1
829,6679,1
831,6679,1
849,6679,2
862,6679,1
604,6680,2
605,6680,1
607,6680,1
617,6680,1
618,6680,1
623,6680,1
649,6680,1
699,6680,1
702,6680,2
715,6680,1
717,6680,1
721,6680,1
727,6680,1
728,6680,1
730,6680,1
731,6680,2
736,6680,1
739,6680,1
768,6680,1
791,6680,1
815,6680,1
816,6680,2
831,6680,1
836,6680,1
849,6680,1
850,6680,1
861,6680,1
862,6680,1
865,6680,1
539,6681,1
540,6681,1
600,6681,1
609,6681,1
618,6681,1
642,6681,1
649,6681,1
650,6681,1
699,6681,1
702,6681,1
703,6681,1
717,6681,1
720,6681,1
721,6681,1
722,6681,1
728,6681,1
730,6681,1
731,6681,2
739,6681,1
756,6681,1
768,6681,1
790,6681,2
816,6681,2
837,6681,1
849,6681,1
850,6681,1
861,6681,1
865,6681,1
600,6682,1
609,6682,1
610,6682,1
616,6682,1
619,6682,1
624,6682,1
632,6682,1
699,6682,1
703,6682,1
705,6682,1
717,6682,1
719,6682,1
720,6682,1
722,6682,1
728,6682,1
729,6682,2
730,6682,1
731,6682,5
732,6682,2
735,6682,2
739,6682,1
740,6682,1
756,6682,1
767,6682,1
768,6682,1
816,6682,1
824,6682,1
827,6682,1
851,6682,1
866,6682,1
867,6682,1
556,6683,2
557,6683,2
558,6683,2
610,6683,1
611,6683,1
613,6683,2
614,6683,2
619,6683,1
624,6683,1
634,6683,1
699,6683,1
703,6683,1
704,6683,2
705,6683,1
706,6683,1
719,6683,1
729,6683,2
731,6683,2
732,6683,2
735,6683,1
737,6683,1
738,6683,1
740,6683,1
756,6683,1
767,6683,1
768,6683,1
782,6683,1
805,6683,1
810,6683,1
811,6683,1
816,6683,1
817,6683,1
818,6683,1
826,6683,1
827,6683,1
830,6683,1
831,6683,1
832,6683,1
867,6683,1
557,6684,2
558,6684,3
559,6684,4
560,6684,2
561,6684,1
562,6684,1
611,6684,1
616,6684,1
620,6684,1
625,6684,1
643,6684,1
704,6684,3
705,6684,1
716,6684,1
719,6684,1
732,6684,2
733,6684,1
734,6684,1
735,6684,2
738,6684,1
739,6684,1
756,6684,1
767,6684,1
782,6684,1
805,6684,1
810,6684,1
813,6684,1
816,6684,1
818,6684,1
825,6684,1
826,6684,1
830,6684,1
832,6684,1
841,6684,1
867,6684,1
868,6684,1
898,6684,1
561,6685,1
562,6685,1
563,6685,1
574,6685,1
575,6685,1
607,6685,1
616,6685,1
621,6685,1
626,6685,1
643,6685,1
700,6685,1
705,6685,1
706,6685,2
707,6685,1
716,6685,1
717,6685,1
719,6685,1
730,6685,1
733,6685,2
734,6685,1
735,6685,2
739,6685,1
741,6685,1
743,6685,1
744,6685,1
756,6685,1
805,6685,1
806,6685,1
809,6685,1
810,6685,1
813,6685,1
816,6685,1
822,6685,1
824,6685,1
832,6685,1
833,6685,1
840,6685,1
841,6685,1
851,6685,1
868,6685,1
869,6685,1
897,6685,1
898,6685,1
561,6686,1
563,6686,1
565,6686,1
575,6686,1
608,6686,1
617,6686,1
618,6686,1
621,6686,1
623,6686,1
644,6686,1
701,6686,1
706,6686,1
707,6686,1
717,6686,1
731,6686,2
733,6686,1
737,6686,1
738,6686,1
741,6686,1
742,6686,1
744,6686,1
787,6686,2
788,6686,1
806,6686,1
809,6686,1
822,6686,1
823,6686,1
824,6686,1
830,6686,1
831,6686,1
833,6686,1
837,6686,1
838,6686,1
842,6686,1
851,6686,1
864,6686,1
868,6686,1
869,6686,2
870,6686,1
897,6686,1
564,6687,1
565,6687,1
606,6687,1
607,6687,1
608,6687,1
618,6687,1
619,6687,1
623,6687,1
624,6687,1
626,6687,1
634,6687,1
701,6687,1
707,6687,1
708,6687,1
722,6687,1
723,6687,1
727,6687,1
731,6687,3
732,6687,3
734,6687,1
735,6687,1
738,6687,1
739,6687,1
742,6687,1
744,6687,1
786,6687,2
787,6687,1
831,6687,1
834,6687,1
836,6687,1
837,6687,1
838,6687,1
839,6687,1
840,6687,1
841,6687,1
851,6687,1
862,6687,1
864,6687,1
865,6687,1
868,6687,1
869,6687,2
870,6687,2
572,6688,2
573,6688,1
619,6688,1
622,6688,1
624,6688,1
625,6688,1
626,6688,1
627,6688,1
631,6688,1
701,6688,1
702,6688,1
704,6688,1
708,6688,1
713,6688,1
723,6688,1
726,6688,1
727,6688,1
731,6688,1
732,6688,3
734,6688,1
735,6688,1
739,6688,1
740,6688,1
744,6688,1
785,6688,1
786,6688,1
831,6688,1
834,6688,1
835,6688,1
836,6688,1
839,6688,1
841,6688,1
849,6688,1
862,6688,1
869,6688,1
575,6689,2
576,6689,2
577,6689,2
580,6689,1
581,6689,1
582,6689,1
584,6689,1
585,6689,2
624,6689,1
625,6689,1
627,6689,2
631,6689,1
643,6689,1
704,6689,2
705,6689,2
713,6689,1
718,6689,1
726,6689,1
734,6689,1
735,6689,1
740,6689,1
741,6689,1
745,6689,1
768,6689,1
807,6689,1
835,6689,1
836,6689,1
838,6689,1
839,6689,2
840,6689,1
845,6689,1
846,6689,1
858,6689,1
869,6689,1
870,6689,1
577,6690,1
578,6690,1
585,6690,2
586,6690,2
587,6690,2
588,6690,1
623,6690,1
625,6690,1
629,6690,1
705,6690,2
713,6690,1
725,6690,1
726,6690,1
727,6690,1
733,6690,3
734,6690,4
744,6690,1
745,6690,1
746,6690,1
762,6690,1
768,6690,1
777,6690,1
806,6690,1
807,6690,1
835,6690,1
836,6690,2
839,6690,1
840,6690,2
842,6690,1
843,6690,1
844,6690,1
845,6690,2
846,6690,2
848,6690,1
849,6690,1
858,6690,1
870,6690,1
871,6690,1
587,6691,1
588,6691,2
589,6691,2
625,6691,1
626,6691,1
630,6691,1
655,6691,1
697,6691,1
702,6691,1
703,6691,1
705,6691,2
713,6691,1
718,6691,2
721,6691,1
725,6691,1
732,6691,1
734,6691,1
744,6691,1
745,6691,1
746,6691,1
762,6691,1
777,6691,1
805,6691,1
806,6691,1
813,6691,1
818,6691,1
835,6691,1
836,6691,1
849,6691,1
853,6691,1
871,6691,1
872,6691,1
589,6692,1
590,6692,2
591,6692,1
638,6692,1
645,6692,1
646,6692,1
656,6692,1
701,6692,1
705,6692,2
718,6692,2
721,6692,1
732,6692,1
733,6692,1
735,6692,3
736,6692,1
745,6692,1
805,6692,1
813,6692,2
814,6692,1
818,6692,1
836,6692,1
846,6692,1
847,6692,1
849,6692,1
853,6692,1
857,6692,1
859,6692,1
872,6692,1
876,6692,1
877,6692,1
590,6693,1
591,6693,2
592,6693,1
593,6693,1
638,6693,1
646,6693,1
656,6693,1
705,6693,1
718,6693,2
720,6693,1
726,6693,1
735,6693,3
736,6693,2
737,6693,1
766,6693,1
767,6693,1
784,6693,1
814,6693,2
816,6693,1
817,6693,1
819,6693,1
820,6693,1
847,6693,1
857,6693,1
872,6693,1
877,6693,1
978,6693,1
591,6694,1
592,6694,1
633,6694,2
634,6694,3
635,6694,1
639,6694,1
646,6694,1
656,6694,1
657,6694,1
698,6694,1
704,6694,1
705,6694,1
718,6694,2
726,6694,1
729,6694,1
735,6694,1
737,6694,2
767,6694,1
778,6694,1
784,6694,1
814,6694,1
815,6694,1
816,6694,1
819,6694,1
835,6694,2
836,6694,2
839,6694,1
875,6694,1
877,6694,1
976,6694,1
616,6695,1
627,6695,1
635,6695,1
637,6695,1
639,6695,1
640,6695,1
704,6695,1
705,6695,2
706,6695,1
718,6695,2
726,6695,1
733,6695,1
737,6695,2
743,6695,1
744,6695,1
745,6695,1
773,6695,1
774,6695,1
776,6695,1
783,6695,1
784,6695,1
811,6695,1
812,6695,1
815,6695,1
836,6695,1
843,6695,1
847,6695,1
853,6695,1
875,6695,1
876,6695,1
971,6695,1
972,6695,1
973,6695,1
974,6695,1
975,6695,1
976,6695,1
602,6696,3
603,6696,4
604,6696,1
606,6696,1
607,6696,3
608,6696,3
616,6696,1
617,6696,1
620,6696,1
631,6696,1
632,6696,1
640,6696,1
649,6696,1
650,6696,1
652,6696,1
698,6696,1
705,6696,1
706,6696,1
707,6696,1
718,6696,3
726,6696,1
745,6696,1
746,6696,1
747,6696,1
748,6696,1
770,6696,1
773,6696,1
802,6696,1
827,6696,1
844,6696,1
847,6696,1
848,6696,1
851,6696,1
852,6696,1
853,6696,1
865,6696,1
876,6696,1
608,6697,2
609,6697,3
612,6697,1
613,6697,1
615,6697,1
620,6697,1
621,6697,1
650,6697,1
652,6697,1
687,6697,1
698,6697,1
707,6697,1
717,6697,1
718,6697,2
719,6697,1
739,6697,1
741,6697,1
748,6697,1
769,6697,1
770,6697,1
775,6697,1
803,6697,1
804,6697,1
816,6697,2
826,6697,1
827,6697,1
844,6697,1
845,6697,1
848,6697,1
852,6697,1
853,6697,1
860,6697,1
587,6698,1
613,6698,3
614,6698,3
615,6698,3
628,6698,1
638,6698,1
641,6698,1
643,6698,1
653,6698,1
687,6698,1
688,6698,1
707,6698,1
717,6698,1
723,6698,1
724,6698,1
739,6698,1
740,6698,1
748,6698,1
754,6698,1
769,6698,1
775,6698,1
804,6698,1
814,6698,1
815,6698,1
816,6698,2
817,6698,2
825,6698,1
826,6698,1
835,6698,1
845,6698,1
860,6698,1
865,6698,1
879,6698,1
880,6698,1
881,6698,1
588,6699,1
589,6699,1
602,6699,1
615,6699,1
628,6699,1
640,6699,1
641,6699,1
642,6699,1
653,6699,1
654,6699,2
706,6699,1
707,6699,1
714,6699,1
715,6699,1
717,6699,1
724,6699,1
725,6699,1
733,6699,1
734,6699,1
739,6699,1
741,6699,1
742,6699,1
743,6699,1
750,6699,1
751,6699,1
754,6699,1
775,6699,1
812,6699,1
813,6699,1
814,6699,2
817,6699,1
818,6699,1
835,6699,1
837,6699,1
838,6699,1
848,6699,1
849,6699,1
860,6699,1
861,6699,1
872,6699,1
873,6699,1
874,6699,1
875,6699,1
879,6699,1
880,6699,1
881,6699,1
959,6699,1
960,6699,1
961,6699,1
589,6700,1
602,6700,1
603,6700,1
642,6700,1
643,6700,1
644,6700,1
654,6700,1
706,6700,1
707,6700,2
715,6700,1
717,6700,1
719,6700,1
720,6700,1
722,6700,1
725,6700,1
726,6700,1
731,6700,1
732,6700,2
734,6700,1
735,6700,1
739,6700,2
741,6700,2
742,6700,2
743,6700,1
751,6700,1
752,6700,1
754,6700,1
768,6700,1
769,6700,1
775,6700,1
776,6700,1
781,6700,1
812,6700,2
813,6700,1
814,6700,1
818,6700,1
819,6700,1
833,6700,1
834,6700,1
837,6700,1
838,6700,1
842,6700,1
846,6700,1
849,6700,1
850,6700,1
852,6700,2
853,6700,3
873,6700,1
875,6700,1
880,6700,1
881,6700,2
603,6701,1
604,6701,1
625,6701,1
631,6701,1
644,6701,1
649,6701,1
654,6701,1
655,6701,1
662,6701,1
665,6701,1
666,6701,1
693,6701,1
694,6701,1
707,6701,2
708,6701,1
715,6701,1
716,6701,1
717,6701,1
722,6701,1
731,6701,1
735,6701,1
738,6701,1
740,6701,1
741,6701,1
752,6701,1
754,6701,1
759,6701,1
768,6701,2
770,6701,1
776,6701,1
777,6701,1
780,6701,1
781,6701,1
812,6701,1
814,6701,1
816,6701,1
819,6701,1
842,6701,1
846,6701,1
847,6701,1
850,6701,1
851,6701,1
852,6701,2
853,6701,2
856,6701,1
874,6701,1
875,6701,1
881,6701,1
882,6701,1
890,6701,1
891,6701,1
621,6702,1
622,6702,1
626,6702,1
627,6702,1
631,6702,1
632,6702,1
636,6702,1
637,6702,1
638,6702,1
647,6702,1
649,6702,1
650,6702,1
655,6702,1
662,6702,1
663,6702,1
666,6702,1
667,6702,1
694,6702,1
695,6702,1
700,6702,1
708,6702,1
720,6702,1
722,6702,1
731,6702,1
735,6702,1
738,6702,1
739,6702,1
740,6702,1
741,6702,2
751,6702,1
752,6702,1
754,6702,1
758,6702,1
759,6702,1
770,6702,1
780,6702,1
781,6702,1
809,6702,1
812,6702,1
814,6702,1
816,6702,1
817,6702,1
818,6702,1
819,6702,1
834,6702,1
847,6702,1
851,6702,1
853,6702,2
856,6702,1
857,6702,1
889,6702,1
890,6702,1
621,6703,2
622,6703,2
632,6703,2
633,6703,1
642,6703,1
643,6703,1
650,6703,2
663,6703,1
667,6703,1
695,6703,1
700,6703,1
711,6703,1
720,6703,1
722,6703,1
731,6703,1
734,6703,1
735,6703,1
736,6703,1
738,6703,1
739,6703,2
740,6703,2
741,6703,2
750,6703,1
752,6703,2
753,6703,1
766,6703,1
767,6703,1
769,6703,1
780,6703,1
808,6703,1
814,6703,1
818,6703,1
834,6703,1
849,6703,1
853,6703,2
854,6703,2
857,6703,1
858,6703,1
888,6703,1
624,6704,1
625,6704,1
633,6704,2
637,6704,1
643,6704,1
647,6704,1
649,6704,1
650,6704,2
651,6704,2
658,6704,1
663,6704,1
667,6704,1
668,6704,1
695,6704,1
703,6704,1
711,6704,1
720,6704,1
721,6704,1
722,6704,1
731,6704,1
732,6704,1
734,6704,1
735,6704,1
736,6704,1
739,6704,2
740,6704,1
741,6704,2
750,6704,1
752,6704,1
753,6704,1
758,6704,1
765,6704,1
766,6704,2
767,6704,1
806,6704,1
807,6704,1
834,6704,1
840,6704,1
842,6704,1
846,6704,1
849,6704,1
850,6704,1
852,6704,1
853,6704,1
854,6704,2
855,6704,2
857,6704,1
858,6704,2
868,6704,1
887,6704,1
888,6704,1
947,6704,1
625,6705,1
626,6705,1
633,6705,1
637,6705,1
648,6705,1
649,6705,1
651,6705,3
652,6705,1
653,6705,1
663,6705,1
664,6705,1
718,6705,1
720,6705,1
731,6705,1
732,6705,1
733,6705,1
738,6705,1
739,6705,2
741,6705,4
742,6705,3
743,6705,1
753,6705,2
754,6705,1
766,6705,1
787,6705,1
806,6705,1
812,6705,1
813,6705,1
834,6705,1
835,6705,1
840,6705,1
846,6705,1
850,6705,1
856,6705,1
857,6705,1
858,6705,2
868,6705,1
886,6705,1
887,6705,1
627,6706,1
628,6706,1
632,6706,1
636,6706,1
637,6706,1
638,6706,1
653,6706,1
654,6706,1
699,6706,1
700,6706,1
718,6706,1
720,6706,1
731,6706,1
732,6706,1
738,6706,1
742,6706,2
743,6706,3
744,6706,1
753,6706,1
754,6706,2
755,6706,1
760,6706,1
761,6706,1
765,6706,1
766,6706,1
778,6706,1
787,6706,1
797,6706,1
798,6706,1
814,6706,1
841,6706,1
842,6706,1
854,6706,1
855,6706,1
858,6706,2
859,6706,1
868,6706,1
932,6706,1
669,6707,1
670,6707,1
700,6707,1
701,6707,2
702,6707,1
711,6707,1
720,6707,2
721,6707,1
733,6707,1
734,6707,1
740,6707,1
744,6707,2
745,6707,1
755,6707,1
759,6707,1
764,6707,1
765,6707,1
766,6707,1
777,6707,1
778,6707,1
809,6707,1
811,6707,1
814,6707,1
815,6707,1
819,6707,1
842,6707,1
843,6707,1
845,6707,1
855,6707,1
859,6707,1
868,6707,1
926,6707,1
927,6707,1
929,6707,1
931,6707,1
932,6707,1
631,6708,1
634,6708,2
635,6708,2
636,6708,3
637,6708,2
652,6708,2
653,6708,2
655,6708,1
669,6708,1
670,6708,2
671,6708,1
701,6708,1
702,6708,1
703,6708,1
716,6708,2
720,6708,1
721,6708,1
731,6708,1
735,6708,1
740,6708,1
742,6708,1
744,6708,2
745,6708,1
746,6708,1
747,6708,1
751,6708,1
755,6708,1
756,6708,1
757,6708,1
766,6708,1
776,6708,1
778,6708,1
807,6708,1
808,6708,2
809,6708,1
810,6708,1
811,6708,1
815,6708,1
819,6708,1
820,6708,1
825,6708,1
845,6708,1
851,6708,1
854,6708,1
855,6708,1
857,6708,1
858,6708,1
860,6708,1
638,6709,1
652,6709,2
653,6709,2
654,6709,2
655,6709,2
656,6709,1
669,6709,1
670,6709,1
701,6709,1
704,6709,1
705,6709,1
709,6709,1
712,6709,1
716,6709,2
721,6709,1
729,6709,1
731,6709,1
735,6709,1
736,6709,1
739,6709,1
743,6709,1
744,6709,2
745,6709,1
748,6709,1
751,6709,1
755,6709,1
756,6709,2
757,6709,1
777,6709,1
778,6709,1
796,6709,1
806,6709,1
807,6709,1
808,6709,1
820,6709,1
825,6709,1
826,6709,1
827,6709,1
830,6709,1
846,6709,1
848,6709,1
851,6709,1
852,6709,1
855,6709,1
857,6709,1
858,6709,1
860,6709,1
861,6709,1
908,6709,1
909,6709,1
910,6709,1
911,6709,1
912,6709,1
611,6710,1
612,6710,1
638,6710,2
644,6710,1
645,6710,1
649,6710,2
650,6710,1
651,6710,1
652,6710,2
653,6710,3
654,6710,1
656,6710,1
657,6710,1
670,6710,1
672,6710,1
701,6710,1
712,6710,1
716,6710,2
721,6710,2
729,6710,1
736,6710,1
739,6710,1
743,6710,1
744,6710,1
745,6710,1
748,6710,1
751,6710,1
755,6710,1
756,6710,1
757,6710,2
777,6710,1
795,6710,1
796,6710,1
805,6710,1
806,6710,1
807,6710,1
819,6710,1
820,6710,2
821,6710,1
827,6710,1
829,6710,1
830,6710,1
846,6710,1
847,6710,1
848,6710,1
851,6710,1
852,6710,1
857,6710,1
886,6710,1
918,6710,1
612,6711,1
613,6711,1
638,6711,1
639,6711,2
640,6711,1
649,6711,1
650,6711,1
651,6711,1
659,6711,1
662,6711,1
663,6711,2
671,6711,1
672,6711,1
682,6711,1
712,6711,1
713,6711,1
722,6711,1
724,6711,1
728,6711,1
729,6711,1
736,6711,1
737,6711,1
738,6711,1
743,6711,1
744,6711,1
746,6711,1
751,6711,1
753,6711,1
757,6711,2
758,6711,2
761,6711,1
762,6711,1
771,6711,1
772,6711,1
792,6711,1
793,6711,1
794,6711,1
795,6711,1
820,6711,1
829,6711,1
844,6711,1
847,6711,1
848,6711,2
852,6711,2
857,6711,1
870,6711,1
874,6711,1
877,6711,1
886,6711,1
915,6711,1
916,6711,1
917,6711,1
598,6712,1
613,6712,1
639,6712,1
640,6712,1
651,6712,1
654,6712,1
663,6712,2
667,6712,1
671,6712,1
672,6712,1
673,6712,1
713,6712,1
724,6712,2
725,6712,2
728,6712,1
732,6712,1
737,6712,2
738,6712,2
743,6712,1
744,6712,1
745,6712,1
746,6712,2
747,6712,2
753,6712,2
758,6712,1
770,6712,1
790,6712,1
791,6712,1
792,6712,1
801,6712,1
802,6712,1
830,6712,1
831,6712,1
844,6712,1
848,6712,3
849,6712,1
857,6712,1
870,6712,1
879,6712,1
886,6712,1
911,6712,1
912,6712,1
913,6712,1
914,6712,1
598,6713,1
640,6713,1
646,6713,1
655,6713,2
656,6713,2
657,6713,1
663,6713,1
664,6713,1
667,6713,1
670,6713,1
671,6713,3
673,6713,2
709,6713,1
710,6713,1
711,6713,2
722,6713,2
723,6713,1
725,6713,1
726,6713,1
727,6713,1
728,6713,1
732,6713,1
733,6713,1
738,6713,1
739,6713,2
743,6713,1
744,6713,4
745,6713,1
746,6713,1
747,6713,2
753,6713,1
756,6713,1
758,6713,2
759,6713,2
769,6713,1
770,6713,1
778,6713,1
783,6713,1
801,6713,2
802,6713,1
824,6713,1
825,6713,1
830,6713,1
848,6713,1
849,6713,2
851,6713,1
852,6713,1
857,6713,1
858,6713,1
860,6713,1
861,6713,1
877,6713,1
878,6713,1
886,6713,1
910,6713,1
911,6713,1
598,6714,1
599,6714,1
634,6714,1
656,6714,1
657,6714,1
661,6714,1
670,6714,1
672,6714,2
673,6714,2
674,6714,2
675,6714,3
676,6714,2
677,6714,2
710,6714,1
711,6714,1
712,6714,1
714,6714,1
722,6714,1
723,6714,1
727,6714,1
733,6714,1
739,6714,2
741,6714,1
744,6714,2
745,6714,4
747,6714,3
748,6714,1
749,6714,1
751,6714,1
753,6714,1
756,6714,1
759,6714,2
769,6714,1
778,6714,1
780,6714,1
781,6714,1
782,6714,1
785,6714,1
793,6714,1
794,6714,1
810,6714,1
811,6714,1
821,6714,1
829,6714,2
830,6714,1
849,6714,2
850,6714,2
851,6714,2
852,6714,1
855,6714,1
858,6714,1
859,6714,1
860,6714,1
861,6714,1
862,6714,1
865,6714,1
886,6714,1
634,6715,1
635,6715,1
636,6715,1
641,6715,1
642,6715,1
648,6715,1
655,6715,1
656,6715,1
657,6715,1
658,6715,1
660,6715,1
661,6715,1
665,6715,2
666,6715,2
667,6715,1
668,6715,1
674,6715,1
676,6715,1
677,6715,1
686,6715,1
691,6715,1
695,6715,1
696,6715,1
712,6715,2
715,6715,1
716,6715,1
717,6715,1
722,6715,2
723,6715,2
724,6715,1
726,6715,1
727,6715,1
728,6715,1
729,6715,1
734,6715,1
741,6715,1
744,6715,2
745,6715,3
746,6715,1
747,6715,2
748,6715,2
749,6715,1
751,6715,2
752,6715,1
753,6715,2
754,6715,1
759,6715,2
760,6715,1
764,6715,1
765,6715,1
778,6715,1
780,6715,1
785,6715,2
793,6715,1
794,6715,1
810,6715,1
811,6715,1
821,6715,1
848,6715,1
849,6715,1
850,6715,1
851,6715,1
855,6715,1
857,6715,1
858,6715,2
859,6715,1
860,6715,1
862,6715,2
863,6715,1
864,6715,1
865,6715,1
866,6715,1
601,6716,1
635,6716,1
636,6716,1
637,6716,1
642,6716,2
648,6716,1
649,6716,1
655,6716,1
656,6716,3
657,6716,1
661,6716,1
666,6716,3
669,6716,1
670,6716,1
677,6716,2
678,6716,1
679,6716,2
682,6716,1
691,6716,1
696,6716,1
711,6716,1
712,6716,3
716,6716,1
717,6716,2
718,6716,1
722,6716,2
723,6716,1
724,6716,1
725,6716,1
726,6716,1
729,6716,1
730,6716,2
744,6716,1
745,6716,2
746,6716,3
747,6716,1
748,6716,2
751,6716,1
752,6716,1
753,6716,1
754,6716,2
760,6716,1
765,6716,1
773,6716,1
778,6716,2
779,6716,1
784,6716,1
785,6716,1
829,6716,1
846,6716,1
849,6716,1
863,6716,1
864,6716,1
866,6716,1
871,6716,1
875,6716,1
876,6716,1
877,6716,1
894,6716,1
631,6717,1
635,6717,1
642,6717,1
643,6717,1
656,6717,1
657,6717,1
660,6717,1
666,6717,2
667,6717,1
671,6717,1
672,6717,1
675,6717,1
676,6717,1
682,6717,1
696,6717,1
697,6717,1
712,6717,2
713,6717,2
717,6717,1
718,6717,1
719,6717,1
725,6717,2
726,6717,2
727,6717,1
729,6717,2
730,6717,2
731,6717,1
743,6717,1
746,6717,2
747,6717,6
748,6717,4
749,6717,1
750,6717,1
751,6717,1
752,6717,1
754,6717,1
760,6717,1
766,6717,1
767,6717,1
777,6717,1
778,6717,1
788,6717,1
789,6717,1
825,6717,1
846,6717,1
850,6717,1
851,6717,1
864,6717,1
865,6717,1
875,6717,1
894,6717,1
621,6718,1
624,6718,1
628,6718,1
629,6718,1
631,6718,1
632,6718,1
633,6718,1
643,6718,1
650,6718,1
651,6718,1
657,6718,1
658,6718,1
660,6718,1
661,6718,1
663,6718,1
664,6718,1
665,6718,1
666,6718,1
667,6718,2
668,6718,2
669,6718,2
672,6718,2
673,6718,2
676,6718,1
677,6718,1
687,6718,1
688,6718,3
689,6718,2
690,6718,3
712,6718,1
713,6718,3
714,6718,2
719,6718,2
725,6718,1
727,6718,1
728,6718,1
729,6718,2
730,6718,2
731,6718,1
732,6718,1
733,6718,2
743,6718,1
745,6718,1
746,6718,1
747,6718,1
748,6718,4
749,6718,2
754,6718,1
755,6718,1
760,6718,1
770,6718,1
777,6718,1
789,6718,1
825,6718,1
826,6718,1
827,6718,1
828,6718,1
832,6718,1
850,6718,1
851,6718,2
852,6718,1
854,6718,1
856,6718,1
860,6718,1
861,6718,1
865,6718,1
898,6718,1
899,6718,1
621,6719,1
626,6719,1
629,6719,1
644,6719,1
657,6719,1
658,6719,1
660,6719,1
661,6719,2
662,6719,1
663,6719,1
669,6719,1
670,6719,1
674,6719,1
677,6719,1
680,6719,1
681,6719,1
690,6719,3
691,6719,2
704,6719,1
712,6719,1
713,6719,1
714,6719,1
718,6719,1
719,6719,2
724,6719,1
725,6719,1
726,6719,1
727,6719,1
729,6719,1
730,6719,2
731,6719,2
732,6719,2
733,6719,2
745,6719,1
746,6719,2
748,6719,1
749,6719,4
755,6719,1
760,6719,2
761,6719,2
781,6719,1
784,6719,1
792,6719,1
795,6719,1
796,6719,1
798,6719,1
819,6719,1
825,6719,1
826,6719,2
827,6719,1
828,6719,3
829,6719,1
833,6719,1
834,6719,1
847,6719,1
852,6719,2
854,6719,1
856,6719,1
857,6719,1
861,6719,1
868,6719,1
869,6719,1
872,6719,1
873,6719,1
898,6719,1
605,6720,1
606,6720,1
607,6720,1
644,6720,1
658,6720,1
661,6720,1
662,6720,1
663,6720,1
664,6720,1
665,6720,2
674,6720,1
676,6720,1
677,6720,1
681,6720,1
682,6720,1
691,6720,1
692,6720,1
693,6720,1
705,6720,1
713,6720,1
714,6720,1
719,6720,2
725,6720,1
727,6720,1
729,6720,1
733,6720,1
746,6720,2
749,6720,3
754,6720,3
755,6720,1
756,6720,1
761,6720,2
763,6720,1
764,6720,1
769,6720,1
781,6720,1
782,6720,1
783,6720,1
784,6720,1
792,6720,1
793,6720,1
794,6720,1
795,6720,1
798,6720,1
799,6720,1
820,6720,1
829,6720,1
830,6720,1
834,6720,1
846,6720,1
847,6720,1
850,6720,1
852,6720,1
853,6720,2
854,6720,1
856,6720,2
857,6720,1
858,6720,1
859,6720,2
861,6720,2
867,6720,1
868,6720,1
873,6720,1
876,6720,1
896,6720,1
607,6721,1
608,6721,1
639,6721,1
640,6721,1
658,6721,1
660,6721,1
664,6721,1
665,6721,1
666,6721,1
675,6721,1
677,6721,1
682,6721,1
683,6721,1
685,6721,1
692,6721,1
693,6721,3
694,6721,3
705,6721,1
713,6721,1
714,6721,1
715,6721,1
719,6721,1
723,6721,1
724,6721,1
727,6721,1
740,6721,1
744,6721,1
745,6721,1
746,6721,1
754,6721,1
755,6721,2
756,6721,1
758,6721,1
762,6721,1
763,6721,2
769,6721,1
770,6721,1
775,6721,1
782,6721,1
794,6721,1
799,6721,1
800,6721,1
820,6721,1
821,6721,2
823,6721,2
824,6721,1
825,6721,1
828,6721,1
830,6721,1
834,6721,1
838,6721,1
839,6721,1
850,6721,1
853,6721,1
855,6721,1
856,6721,2
858,6721,1
859,6721,2
861,6721,1
862,6721,1
863,6721,1
864,6721,1
865,6721,2
866,6721,1
873,6721,1
876,6721,1
877,6721,1
896,6721,1
897,6721,1
608,6722,1
609,6722,1
639,6722,1
641,6722,1
664,6722,1
665,6722,2
672,6722,2
675,6722,1
677,6722,1
678,6722,2
683,6722,2
684,6722,1
685,6722,1
686,6722,1
688,6722,1
694,6722,3
695,6722,3
696,6722,2
705,6722,1
714,6722,1
740,6722,1
741,6722,1
745,6722,1
746,6722,1
748,6722,1
752,6722,2
753,6722,1
755,6722,3
756,6722,4
757,6722,2
758,6722,2
759,6722,1
763,6722,2
764,6722,1
773,6722,1
774,6722,1
775,6722,1
782,6722,1
800,6722,1
801,6722,1
821,6722,1
822,6722,1
823,6722,1
839,6722,1
850,6722,2
854,6722,1
855,6722,4
856,6722,2
858,6722,1
859,6722,1
862,6722,1
863,6722,1
864,6722,1
865,6722,1
866,6722,1
868,6722,1
873,6722,1
876,6722,1
877,6722,1
897,6722,1
636,6723,1
639,6723,1
640,6723,1
650,6723,1
668,6723,1
669,6723,1
672,6723,2
673,6723,1
674,6723,1
675,6723,1
677,6723,1
678,6723,1
683,6723,2
684,6723,2
686,6723,1
687,6723,1
688,6723,2
689,6723,1
705,6723,1
714,6723,1
715,6723,1
718,6723,1
723,6723,1
724,6723,1
731,6723,1
732,6723,1
741,6723,1
753,6723,1
755,6723,2
756,6723,5
757,6723,3
758,6723,4
759,6723,1
763,6723,1
764,6723,2
765,6723,1
769,6723,1
771,6723,1
773,6723,1
774,6723,1
777,6723,1
778,6723,2
780,6723,1
783,6723,1
792,6723,1
801,6723,1
850,6723,1
851,6723,1
852,6723,2
853,6723,1
859,6723,1
862,6723,1
863,6723,1
864,6723,1
865,6723,2
866,6723,1
867,6723,2
868,6723,1
873,6723,1
885,6723,1
633,6724,1
636,6724,1
650,6724,1
656,6724,1
665,6724,1
666,6724,2
669,6724,1
671,6724,1
672,6724,1
674,6724,1
675,6724,2
677,6724,1
678,6724,1
679,6724,1
680,6724,1
683,6724,1
687,6724,1
688,6724,2
689,6724,1
705,6724,1
714,6724,1
716,6724,1
718,6724,3
723,6724,1
724,6724,2
727,6724,1
728,6724,1
729,6724,1
730,6724,1
731,6724,1
732,6724,1
742,6724,1
743,6724,1
755,6724,1
756,6724,6
757,6724,3
758,6724,1
759,6724,1
764,6724,2
765,6724,2
766,6724,2
767,6724,1
768,6724,1
769,6724,1
771,6724,1
773,6724,1
776,6724,1
777,6724,2
778,6724,1
779,6724,1
780,6724,1
783,6724,1
784,6724,1
792,6724,1
800,6724,1
805,6724,1
806,6724,1
821,6724,1
822,6724,1
823,6724,1
852,6724,2
853,6724,2
854,6724,2
855,6724,1
866,6724,1
868,6724,1
873,6724,1
878,6724,2
879,6724,1
890,6724,1
626,6725,2
627,6725,2
635,6725,1
654,6725,1
655,6725,1
656,6725,2
661,6725,1
666,6725,3
667,6725,5
672,6725,1
673,6725,1
677,6725,2
678,6725,1
679,6725,3
680,6725,1
681,6725,1
683,6725,1
688,6725,2
689,6725,1
691,6725,1
703,6725,1
704,6725,1
705,6725,2
706,6725,1
716,6725,1
717,6725,1
721,6725,1
722,6725,2
723,6725,2
724,6725,2
725,6725,1
728,6725,1
730,6725,2
731,6725,1
743,6725,2
744,6725,2
748,6725,1
749,6725,1
752,6725,1
756,6725,4
757,6725,4
761,6725,1
764,6725,1
765,6725,1
766,6725,1
767,6725,1
770,6725,1
771,6725,1
777,6725,1
779,6725,1
800,6725,1
801,6725,1
804,6725,1
821,6725,1
822,6725,1
836,6725,1
852,6725,1
854,6725,2
855,6725,6
865,6725,1
868,6725,1
869,6725,2
873,6725,1
878,6725,2
879,6725,3
880,6725,1
881,6725,1
882,6725,1
883,6725,1
889,6725,1
890,6725,1
627,6726,2
628,6726,1
650,6726,1
656,6726,1
658,6726,1
659,6726,1
667,6726,3
668,6726,2
673,6726,1
674,6726,1
676,6726,1
678,6726,2
679,6726,3
680,6726,2
681,6726,1
683,6726,1
684,6726,1
686,6726,1
691,6726,1
692,6726,1
704,6726,2
705,6726,3
706,6726,1
708,6726,1
716,6726,1
717,6726,1
723,6726,1
724,6726,3
725,6726,1
726,6726,1
730,6726,2
734,6726,2
735,6726,3
741,6726,1
743,6726,1
744,6726,1
747,6726,1
748,6726,1
749,6726,1
750,6726,2
757,6726,2
758,6726,3
759,6726,1
761,6726,2
762,6726,1
766,6726,1
767,6726,2
768,6726,1
773,6726,1
775,6726,1
776,6726,1
789,6726,1
801,6726,1
802,6726,1
804,6726,1
822,6726,1
836,6726,1
837,6726,1
850,6726,1
852,6726,1
855,6726,4
856,6726,2
864,6726,1
865,6726,1
866,6726,1
869,6726,2
870,6726,1
871,6726,1
878,6726,1
887,6726,1
888,6726,1
889,6726,1
890,6726,1
628,6727,1
639,6727,3
640,6727,2
650,6727,1
651,6727,1
658,6727,1
659,6727,1
661,6727,1
669,6727,2
670,6727,1
671,6727,1
674,6727,1
677,6727,2
679,6727,1
681,6727,2
682,6727,2
684,6727,2
685,6727,1
686,6727,2
692,6727,1
708,6727,1
709,6727,1
713,6727,1
714,6727,1
716,6727,1
717,6727,1
724,6727,1
729,6727,1
730,6727,2
731,6727,1
735,6727,3
736,6727,2
737,6727,1
738,6727,1
740,6727,1
741,6727,1
747,6727,1
750,6727,2
758,6727,3
759,6727,3
760,6727,1
762,6727,2
769,6727,3
770,6727,3
771,6727,1
772,6727,1
773,6727,1
774,6727,1
775,6727,1
785,6727,1
789,6727,1
802,6727,1
824,6727,2
825,6727,1
829,6727,1
830,6727,1
840,6727,1
853,6727,1
855,6727,2
856,6727,3
865,6727,3
866,6727,1
869,6727,1
870,6727,1
877,6727,1
878,6727,1
890,6727,1
618,6728,1
619,6728,1
639,6728,1
640,6728,3
661,6728,1
662,6728,2
669,6728,1
670,6728,3
671,6728,2
672,6728,1
674,6728,1
677,6728,1
679,6728,1
680,6728,1
681,6728,2
684,6728,1
685,6728,1
686,6728,2
687,6728,1
688,6728,1
698,6728,1
699,6728,1
714,6728,1
715,6728,1
716,6728,1
721,6728,1
722,6728,1
724,6728,1
727,6728,1
728,6728,2
729,6728,2
731,6728,1
736,6728,2
737,6728,3
738,6728,4
745,6728,1
747,6728,1
749,6728,2
753,6728,1
755,6728,1
756,6728,2
757,6728,1
759,6728,1
760,6728,2
762,6728,2
763,6728,1
764,6728,1
769,6728,2
770,6728,2
771,6728,1
772,6728,1
773,6728,2
774,6728,2
775,6728,1
776,6728,1
785,6728,1
786,6728,1
818,6728,1
823,6728,1
824,6728,1
825,6728,1
830,6728,1
840,6728,1
853,6728,1
854,6728,1
855,6728,1
856,6728,3
860,6728,1
865,6728,4
866,6728,3
867,6728,1
876,6728,1
877,6728,1
619,6729,1
638,6729,1
650,6729,1
665,6729,1
669,6729,1
670,6729,2
671,6729,2
672,6729,1
673,6729,1
675,6729,1
688,6729,1
689,6729,1
699,6729,1
715,6729,1
719,6729,1
720,6729,1
721,6729,1
722,6729,2
723,6729,1
724,6729,2
728,6729,1
729,6729,3
731,6729,1
735,6729,1
738,6729,3
739,6729,2
745,6729,1
749,6729,2
750,6729,2
751,6729,1
755,6729,1
756,6729,1
757,6729,1
758,6729,1
759,6729,1
760,6729,2
761,6729,1
763,6729,1
764,6729,2
768,6729,1
770,6729,2
771,6729,1
772,6729,2
773,6729,2
774,6729,2
775,6729,1
776,6729,1
785,6729,1
786,6729,1
814,6729,1
815,6729,1
817,6729,1
820,6729,1
823,6729,1
825,6729,1
826,6729,1
833,6729,1
834,6729,1
845,6729,1
849,6729,1
852,6729,1
855,6729,1
856,6729,2
857,6729,1
860,6729,1
861,6729,1
862,6729,1
865,6729,1
866,6729,4
867,6729,1
882,6729,1
589,6730,1
590,6730,1
591,6730,1
592,6730,1
638,6730,1
639,6730,1
650,6730,1
660,6730,1
667,6730,1
670,6730,1
671,6730,1
672,6730,3
681,6730,1
691,6730,1
692,6730,1
693,6730,1
694,6730,1
699,6730,2
709,6730,1
714,6730,1
715,6730,1
716,6730,1
718,6730,1
719,6730,1
724,6730,1
725,6730,1
728,6730,1
729,6730,2
735,6730,1
736,6730,1
739,6730,2
741,6730,1
742,6730,1
745,6730,1
750,6730,1
751,6730,2
753,6730,1
754,6730,1
759,6730,1
760,6730,1
761,6730,1
762,6730,1
765,6730,2
769,6730,1
770,6730,1
772,6730,2
773,6730,3
774,6730,1
786,6730,1
799,6730,1
814,6730,1
815,6730,2
816,6730,1
821,6730,1
822,6730,2
826,6730,1
849,6730,1
852,6730,2
856,6730,2
861,6730,2
866,6730,3
867,6730,1
875,6730,1
876,6730,1
640,6731,1
641,6731,3
642,6731,2
650,6731,1
652,6731,1
660,6731,1
670,6731,1
671,6731,2
672,6731,2
673,6731,2
677,6731,1
681,6731,1
682,6731,1
685,6731,1
694,6731,2
695,6731,1
699,6731,1
709,6731,1
710,6731,2
711,6731,2
716,6731,2
717,6731,1
718,6731,1
719,6731,1
724,6731,1
725,6731,2
726,6731,1
730,6731,1
735,6731,1
736,6731,1
739,6731,1
740,6731,1
741,6731,1
743,6731,1
744,6731,2
745,6731,1
747,6731,1
750,6731,3
751,6731,3
756,6731,1
757,6731,1
760,6731,1
761,6731,3
762,6731,1
765,6731,6
766,6731,5
768,6731,1
769,6731,1
771,6731,1
772,6731,2
773,6731,1
777,6731,1
787,6731,1
799,6731,1
813,6731,1
814,6731,1
815,6731,1
816,6731,1
820,6731,1
821,6731,1
823,6731,1
826,6731,1
827,6731,1
840,6731,1
841,6731,2
842,6731,1
849,6731,1
852,6731,1
853,6731,1
856,6731,1
857,6731,2
861,6731,2
862,6731,2
866,6731,1
867,6731,1
868,6731,1
870,6731,1
871,6731,1
876,6731,1
891,6731,1
892,6731,1
642,6732,1
650,6732,1
652,6732,1
653,6732,1
671,6732,1
672,6732,1
673,6732,2
674,6732,1
682,6732,1
685,6732,1
689,6732,1
692,6732,1
693,6732,1
694,6732,1
695,6732,2
696,6732,1
709,6732,1
711,6732,2
712,6732,2
716,6732,2
717,6732,2
720,6732,1
721,6732,2
724,6732,1
726,6732,1
729,6732,1
730,6732,1
735,6732,1
739,6732,1
740,6732,1
741,6732,1
742,6732,1
743,6732,1
744,6732,1
745,6732,1
751,6732,4
752,6732,1
757,6732,3
758,6732,2
760,6732,1
761,6732,1
762,6732,2
763,6732,1
764,6732,2
766,6732,5
768,6732,1
770,6732,1
771,6732,1
772,6732,1
773,6732,1
774,6732,1
777,6732,1
778,6732,1
787,6732,1
807,6732,1
808,6732,1
809,6732,1
816,6732,1
820,6732,1
827,6732,1
835,6732,1
836,6732,1
837,6732,1
838,6732,1
841,6732,1
849,6732,1
853,6732,1
857,6732,1
860,6732,1
862,6732,3
863,6732,2
870,6732,1
871,6732,1
875,6732,1
876,6732,2
877,6732,1
878,6732,1
891,6732,1
892,6732,1
901,6732,1
902,6732,1
626,6733,1
643,6733,1
644,6733,1
651,6733,2
652,6733,1
671,6733,1
672,6733,2
673,6733,1
682,6733,1
683,6733,1
684,6733,1
685,6733,2
686,6733,1
690,6733,1
693,6733,1
694,6733,1
695,6733,3
696,6733,2
698,6733,1
707,6733,2
709,6733,1
717,6733,2
720,6733,1
721,6733,2
722,6733,1
724,6733,1
729,6733,1
730,6733,1
731,6733,1
735,6733,1
739,6733,1
740,6733,1
742,6733,2
743,6733,1
745,6733,1
746,6733,1
751,6733,1
752,6733,1
756,6733,1
757,6733,1
758,6733,1
761,6733,1
764,6733,1
766,6733,2
767,6733,4
770,6733,1
775,6733,1
778,6733,3
779,6733,3
780,6733,1
807,6733,1
817,6733,1
828,6733,1
832,6733,1
833,6733,1
835,6733,1
836,6733,1
843,6733,1
844,6733,1
845,6733,1
853,6733,1
858,6733,1
860,6733,2
861,6733,4
862,6733,1
863,6733,3
867,6733,1
868,6733,1
877,6733,1
902,6733,1
626,6734,1
627,6734,1
641,6734,1
644,6734,1
651,6734,1
652,6734,1
672,6734,3
673,6734,1
674,6734,1
675,6734,1
680,6734,1
683,6734,2
685,6734,1
686,6734,1
688,6734,1
690,6734,1
693,6734,1
695,6734,1
696,6734,1
698,6734,3
699,6734,1
700,6734,1
706,6734,1
707,6734,1
708,6734,1
709,6734,1
711,6734,1
716,6734,1
717,6734,2
721,6734,2
722,6734,1
724,6734,1
731,6734,1
732,6734,2
735,6734,1
736,6734,1
740,6734,1
741,6734,1
744,6734,1
748,6734,1
750,6734,1
751,6734,2
756,6734,1
759,6734,1
760,6734,1
761,6734,1
762,6734,3
766,6734,1
767,6734,4
768,6734,2
775,6734,1
776,6734,2
777,6734,1
778,6734,1
779,6734,2
780,6734,1
781,6734,1
801,6734,1
802,6734,1
817,6734,1
831,6734,1
832,6734,1
853,6734,1
854,6734,1
858,6734,1
860,6734,2
861,6734,5
863,6734,2
864,6734,2
867,6734,1
877,6734,1
627,6735,1
628,6735,1
641,6735,2
642,6735,2
652,6735,1
654,6735,1
656,6735,1
672,6735,2
673,6735,1
675,6735,1
680,6735,1
685,6735,3
686,6735,2
688,6735,1
690,6735,1
694,6735,1
695,6735,1
699,6735,1
700,6735,1
704,6735,1
705,6735,1
706,6735,1
707,6735,1
709,6735,1
710,6735,1
711,6735,2
717,6735,3
720,6735,1
722,6735,2
730,6735,1
731,6735,1
732,6735,1
736,6735,1
741,6735,1
744,6735,2
745,6735,1
747,6735,1
748,6735,1
750,6735,2
755,6735,1
757,6735,1
759,6735,2
760,6735,1
761,6735,1
762,6735,2
764,6735,1
765,6735,1
768,6735,1
769,6735,2
772,6735,1
773,6735,1
776,6735,1
777,6735,2
778,6735,1
779,6735,2
780,6735,3
796,6735,1
797,6735,1
800,6735,1
801,6735,1
802,6735,1
803,6735,1
860,6735,3
861,6735,1
864,6735,2
865,6735,2
869,6735,1
884,6735,1
885,6735,1
628,6736,1
652,6736,1
654,6736,1
656,6736,1
657,6736,1
672,6736,1
674,6736,1
677,6736,1
678,6736,1
685,6736,1
686,6736,2
690,6736,1
694,6736,1
697,6736,1
700,6736,2
701,6736,1
707,6736,1
711,6736,2
718,6736,1
719,6736,2
720,6736,1
722,6736,1
723,6736,1
725,6736,1
726,6736,1
730,6736,1
731,6736,1
732,6736,1
736,6736,1
737,6736,1
741,6736,1
742,6736,1
743,6736,1
745,6736,1
746,6736,1
747,6736,1
749,6736,1
750,6736,1
757,6736,2
758,6736,1
759,6736,1
760,6736,1
763,6736,2
764,6736,1
765,6736,1
769,6736,1
770,6736,1
772,6736,1
773,6736,1
774,6736,1
778,6736,1
779,6736,2
780,6736,2
783,6736,1
784,6736,1
795,6736,1
796,6736,3
801,6736,1
836,6736,1
839,6736,1
861,6736,2
869,6736,1
874,6736,1
882,6736,1
883,6736,1
885,6736,1
886,6736,1
654,6737,1
655,6737,1
657,6737,1
677,6737,1
678,6737,1
680,6737,1
681,6737,2
685,6737,1
687,6737,1
690,6737,1
691,6737,1
695,6737,1
703,6737,1
704,6737,1
705,6737,1
709,6737,1
711,6737,2
712,6737,1
718,6737,1
719,6737,3
720,6737,3
721,6737,1
722,6737,1
723,6737,1
725,6737,1
729,6737,1
732,6737,1
733,6737,1
737,6737,1
738,6737,1
740,6737,1
741,6737,1
742,6737,1
743,6737,1
744,6737,1
745,6737,1
746,6737,1
747,6737,1
748,6737,1
756,6737,2
757,6737,2
758,6737,4
763,6737,1
764,6737,1
770,6737,1
772,6737,1
777,6737,1
778,6737,1
779,6737,1
780,6737,1
781,6737,1
785,6737,1
794,6737,1
795,6737,1
796,6737,1
805,6737,1
849,6737,1
850,6737,1
861,6737,2
862,6737,4
864,6737,1
869,6737,1
870,6737,2
871,6737,1
872,6737,2
874,6737,1
875,6737,1
635,6738,1
636,6738,1
673,6738,1
674,6738,1
677,6738,1
680,6738,1
691,6738,1
692,6738,2
693,6738,1
695,6738,1
708,6738,2
709,6738,2
711,6738,1
712,6738,1
713,6738,1
716,6738,1
718,6738,1
722,6738,1
723,6738,1
724,6738,1
729,6738,1
733,6738,1
736,6738,1
738,6738,2
739,6738,1
740,6738,1
741,6738,1
744,6738,2
745,6738,1
746,6738,1
748,6738,1
749,6738,2
750,6738,1
755,6738,1
756,6738,1
757,6738,1
758,6738,5
759,6738,5
760,6738,2
763,6738,1
766,6738,2
767,6738,1
768,6738,1
780,6738,1
781,6738,1
785,6738,2
790,6738,1
792,6738,1
793,6738,1
794,6738,1
805,6738,1
813,6738,1
815,6738,1
821,6738,1
822,6738,1
840,6738,1
856,6738,1
857,6738,3
858,6738,1
861,6738,1
862,6738,4
863,6738,3
864,6738,1
870,6738,2
871,6738,2
872,6738,4
873,6738,1
875,6738,1
636,6739,2
637,6739,3
650,6739,1
667,6739,1
668,6739,1
674,6739,1
675,6739,1
678,6739,1
682,6739,1
692,6739,1
693,6739,2
695,6739,2
696,6739,1
700,6739,1
701,6739,2
704,6739,1
705,6739,1
707,6739,1
708,6739,1
709,6739,1
710,6739,2
711,6739,1
713,6739,1
716,6739,1
721,6739,1
722,6739,1
723,6739,1
724,6739,2
728,6739,1
729,6739,1
736,6739,1
738,6739,1
739,6739,1
741,6739,2
744,6739,1
745,6739,1
746,6739,3
747,6739,1
750,6739,2
754,6739,1
755,6739,2
756,6739,1
758,6739,1
759,6739,5
760,6739,4
762,6739,1
763,6739,2
764,6739,2
765,6739,2
766,6739,5
767,6739,2
769,6739,1
771,6739,1
772,6739,3
773,6739,2
774,6739,1
778,6739,1
781,6739,1
787,6739,1
789,6739,1
790,6739,1
792,6739,1
805,6739,1
810,6739,1
811,6739,1
812,6739,1
813,6739,1
815,6739,1
840,6739,1
845,6739,2
851,6739,1
856,6739,2
857,6739,1
862,6739,2
863,6739,6
870,6739,1
871,6739,1
872,6739,2
873,6739,2
875,6739,1
880,6739,1
881,6739,1
889,6739,1
890,6739,1
904,6739,1
637,6740,2
638,6740,2
651,6740,1
675,6740,1
676,6740,1
680,6740,1
690,6740,2
692,6740,1
693,6740,2
695,6740,1
696,6740,2
697,6740,1
701,6740,2
705,6740,1
706,6740,1
707,6740,1
710,6740,2
711,6740,1
712,6740,1
713,6740,1
714,6740,1
715,6740,1
717,6740,1
721,6740,2
722,6740,2
724,6740,3
729,6740,1
730,6740,1
741,6740,1
744,6740,1
745,6740,1
747,6740,1
750,6740,2
751,6740,3
754,6740,1
755,6740,2
756,6740,1
757,6740,1
758,6740,1
760,6740,1
763,6740,2
764,6740,3
765,6740,2
766,6740,2
767,6740,2
769,6740,2
772,6740,2
773,6740,3
774,6740,5
775,6740,3
778,6740,1
783,6740,1
784,6740,1
786,6740,1
787,6740,3
788,6740,2
789,6740,1
791,6740,1
792,6740,2
805,6740,2
806,6740,1
807,6740,1
815,6740,1
818,6740,1
819,6740,1
844,6740,1
846,6740,1
851,6740,1
857,6740,1
858,6740,1
862,6740,2
863,6740,4
864,6740,1
870,6740,2
872,6740,1
873,6740,1
880,6740,1
881,6740,1
904,6740,1
905,6740,1
607,6741,1
638,6741,1
639,6741,1
651,6741,1
652,6741,1
653,6741,2
675,6741,1
677,6741,1
680,6741,1
681,6741,1
682,6741,1
686,6741,1
690,6741,2
692,6741,1
693,6741,1
694,6741,2
695,6741,1
696,6741,1
697,6741,2
701,6741,1
702,6741,2
705,6741,1
706,6741,1
710,6741,1
712,6741,1
713,6741,2
714,6741,1
715,6741,3
717,6741,1
721,6741,1
722,6741,2
724,6741,2
737,6741,1
739,6741,1
741,6741,1
744,6741,1
745,6741,2
747,6741,1
750,6741,2
751,6741,4
752,6741,3
753,6741,1
754,6741,1
755,6741,2
756,6741,1
758,6741,2
759,6741,1
760,6741,1
763,6741,1
764,6741,2
765,6741,1
766,6741,1
767,6741,2
768,6741,1
769,6741,1
770,6741,1
771,6741,2
772,6741,2
773,6741,1
775,6741,5
783,6741,1
784,6741,1
785,6741,1
787,6741,1
792,6741,1
803,6741,1
804,6741,1
811,6741,1
844,6741,1
846,6741,1
855,6741,1
856,6741,1
857,6741,1
858,6741,2
860,6741,1
862,6741,1
863,6741,2
864,6741,3
865,6741,1
870,6741,3
871,6741,1
873,6741,2
881,6741,1
882,6741,1
905,6741,1
607,6742,1
608,6742,1
609,6742,1
639,6742,1
640,6742,1
642,6742,1
653,6742,2
660,6742,1
661,6742,1
663,6742,1
664,6742,2
675,6742,1
676,6742,1
678,6742,1
679,6742,1
680,6742,1
682,6742,2
686,6742,1
690,6742,1
692,6742,1
693,6742,1
694,6742,1
695,6742,2
697,6742,2
698,6742,1
701,6742,1
702,6742,2
706,6742,1
710,6742,1
715,6742,2
722,6742,3
724,6742,3
725,6742,1
726,6742,1
727,6742,2
728,6742,1
737,6742,1
738,6742,1
740,6742,1
741,6742,1
742,6742,1
744,6742,1
745,6742,2
746,6742,2
752,6742,1
753,6742,1
754,6742,1
760,6742,1
761,6742,1
762,6742,1
766,6742,4
767,6742,1
768,6742,1
770,6742,1
771,6742,1
772,6742,1
775,6742,4
776,6742,6
782,6742,1
783,6742,2
784,6742,2
785,6742,2
787,6742,1
788,6742,2
790,6742,1
792,6742,1
793,6742,1
811,6742,1
812,6742,1
813,6742,1
817,6742,1
846,6742,1
849,6742,1
854,6742,1
855,6742,1
856,6742,2
857,6742,2
858,6742,1
860,6742,1
861,6742,2
862,6742,1
863,6742,1
864,6742,2
865,6742,2
870,6742,2
871,6742,1
872,6742,1
873,6742,2
874,6742,1
892,6742,1
895,6742,1
905,6742,1
609,6743,1
610,6743,1
647,6743,1
648,6743,1
649,6743,1
654,6743,1
660,6743,1
664,6743,1
679,6743,1
680,6743,2
681,6743,2
688,6743,1
689,6743,1
690,6743,1
693,6743,1
695,6743,2
696,6743,1
698,6743,2
699,6743,1
703,6743,1
705,6743,1
706,6743,1
710,6743,1
711,6743,2
718,6743,2
719,6743,1
720,6743,3
721,6743,1
722,6743,3
723,6743,1
724,6743,3
725,6743,1
727,6743,1
738,6743,2
741,6743,1
743,6743,1
744,6743,1
745,6743,1
746,6743,1
747,6743,1
756,6743,1
761,6743,1
762,6743,1
766,6743,2
767,6743,2
769,6743,1
770,6743,1
773,6743,1
774,6743,3
776,6743,4
777,6743,1
778,6743,1
784,6743,1
785,6743,3
786,6743,3
787,6743,3
788,6743,1
789,6743,1
790,6743,1
813,6743,1
814,6743,1
816,6743,1
842,6743,1
843,6743,1
853,6743,1
854,6743,2
857,6743,2
858,6743,1
859,6743,2
860,6743,1
862,6743,1
863,6743,2
864,6743,1
865,6743,3
866,6743,2
867,6743,1
872,6743,1
873,6743,1
876,6743,1
881,6743,1
882,6743,1
892,6743,1
893,6743,1
894,6743,1
895,6743,1
905,6743,1
906,6743,1
611,6744,1
612,6744,1
647,6744,1
648,6744,2
649,6744,2
664,6744,2
665,6744,1
676,6744,1
677,6744,1
681,6744,1
683,6744,1
689,6744,1
690,6744,1
691,6744,2
692,6744,1
693,6744,1
694,6744,1
695,6744,1
696,6744,1
705,6744,1
711,6744,1
712,6744,1
713,6744,1
717,6744,1
718,6744,1
719,6744,2
720,6744,2
723,6744,1
738,6744,2
739,6744,1
742,6744,1
743,6744,1
744,6744,1
746,6744,1
747,6744,1
748,6744,1
751,6744,1
752,6744,1
756,6744,1
757,6744,1
763,6744,1
766,6744,1
767,6744,4
768,6744,1
769,6744,2
770,6744,2
774,6744,1
777,6744,1
778,6744,2
784,6744,1
785,6744,1
787,6744,2
788,6744,3
816,6744,1
828,6744,1
843,6744,1
854,6744,1
855,6744,1
856,6744,1
857,6744,1
860,6744,1
861,6744,1
862,6744,1
864,6744,1
865,6744,3
866,6744,2
869,6744,1
872,6744,1
873,6744,1
882,6744,1
885,6744,1
893,6744,1
894,6744,1
906,6744,1
647,6745,1
649,6745,2
650,6745,1
665,6745,1
666,6745,1
677,6745,1
683,6745,1
689,6745,2
690,6745,1
691,6745,1
692,6745,1
694,6745,1
696,6745,1
705,6745,1
712,6745,2
713,6745,1
719,6745,2
720,6745,1
723,6745,1
727,6745,1
730,6745,1
731,6745,3
732,6745,2
738,6745,1
739,6745,2
746,6745,1
749,6745,1
753,6745,1
755,6745,2
756,6745,2
757,6745,1
758,6745,1
759,6745,1
760,6745,1
761,6745,1
763,6745,1
764,6745,1
765,6745,1
767,6745,3
768,6745,2
769,6745,1
770,6745,2
771,6745,1
772,6745,2
773,6745,1
774,6745,2
776,6745,1
777,6745,2
778,6745,2
779,6745,1
785,6745,1
786,6745,1
787,6745,1
788,6745,1
815,6745,1
816,6745,1
838,6745,1
839,6745,1
842,6745,1
843,6745,1
845,6745,1
853,6745,1
861,6745,2
862,6745,1
863,6745,1
865,6745,3
866,6745,4
867,6745,3
868,6745,1
869,6745,1
870,6745,1
871,6745,3
872,6745,4
874,6745,1
875,6745,1
876,6745,1
877,6745,1
885,6745,1
886,6745,1
893,6745,1
894,6745,2
642,6746,1
643,6746,1
644,6746,1
648,6746,1
650,6746,1
651,6746,1
665,6746,1
666,6746,3
667,6746,2
677,6746,1
678,6746,1
689,6746,1
690,6746,2
691,6746,1
692,6746,1
693,6746,1
700,6746,1
702,6746,1
703,6746,1
706,6746,1
712,6746,1
713,6746,1
714,6746,1
715,6746,1
716,6746,1
718,6746,1
720,6746,1
722,6746,1
724,6746,1
727,6746,2
728,6746,2
729,6746,1
730,6746,1
735,6746,1
738,6746,1
739,6746,1
741,6746,1
744,6746,1
746,6746,1
747,6746,1
748,6746,2
749,6746,2
752,6746,2
753,6746,2
756,6746,2
757,6746,2
758,6746,1
759,6746,1
760,6746,1
761,6746,1
763,6746,1
764,6746,1
770,6746,2
771,6746,2
772,6746,3
773,6746,2
774,6746,2
775,6746,1
778,6746,1
779,6746,1
780,6746,1
786,6746,1
787,6746,1
788,6746,2
794,6746,1
796,6746,1
798,6746,1
811,6746,1
815,6746,1
829,6746,1
830,6746,1
832,6746,1
833,6746,1
843,6746,1
844,6746,1
845,6746,1
846,6746,1
847,6746,1
856,6746,1
857,6746,1
861,6746,1
863,6746,1
864,6746,1
865,6746,2
866,6746,3
867,6746,4
868,6746,2
871,6746,1
872,6746,5
873,6746,2
874,6746,1
875,6746,1
877,6746,1
882,6746,1
899,6746,1
643,6747,1
644,6747,1
647,6747,1
649,6747,1
656,6747,1
657,6747,1
667,6747,1
677,6747,1
678,6747,1
679,6747,1
690,6747,1
691,6747,1
693,6747,2
694,6747,2
697,6747,1
700,6747,2
701,6747,2
702,6747,2
703,6747,1
704,6747,1
712,6747,1
713,6747,1
718,6747,1
720,6747,1
722,6747,2
724,6747,2
725,6747,1
726,6747,1
727,6747,1
728,6747,2
729,6747,1
738,6747,1
739,6747,1
741,6747,2
743,6747,1
744,6747,2
745,6747,1
749,6747,1
750,6747,1
752,6747,2
753,6747,1
754,6747,1
757,6747,1
758,6747,1
759,6747,1
763,6747,1
764,6747,1
769,6747,1
770,6747,1
771,6747,1
773,6747,1
775,6747,1
776,6747,1
777,6747,2
778,6747,1
782,6747,1
788,6747,1
789,6747,2
793,6747,2
794,6747,3
798,6747,1
799,6747,1
802,6747,1
803,6747,1
811,6747,1
813,6747,1
814,6747,1
857,6747,2
858,6747,1
859,6747,1
860,6747,1
861,6747,2
864,6747,1
866,6747,3
867,6747,1
868,6747,2
874,6747,1
877,6747,1
878,6747,1
882,6747,1
883,6747,1
887,6747,1
899,6747,1
647,6748,1
649,6748,1
650,6748,1
665,6748,1
666,6748,1
668,6748,1
669,6748,1
670,6748,1
671,6748,1
672,6748,1
677,6748,1
678,6748,1
679,6748,1
689,6748,1
691,6748,1
692,6748,1
693,6748,2
694,6748,3
695,6748,1
697,6748,1
698,6748,1
701,6748,1
702,6748,1
703,6748,2
704,6748,1
713,6748,1
718,6748,1
720,6748,1
722,6748,2
723,6748,1
724,6748,1
727,6748,1
728,6748,3
731,6748,1
734,6748,2
735,6748,1
738,6748,1
739,6748,1
741,6748,2
742,6748,1
744,6748,1
745,6748,1
746,6748,1
751,6748,1
754,6748,1
755,6748,1
758,6748,1
762,6748,1
763,6748,1
769,6748,2
771,6748,2
772,6748,1
773,6748,3
774,6748,1
775,6748,3
776,6748,2
779,6748,1
780,6748,2
781,6748,1
785,6748,1
786,6748,1
787,6748,2
789,6748,2
794,6748,3
795,6748,1
796,6748,1
800,6748,1
803,6748,1
811,6748,1
812,6748,1
813,6748,1
850,6748,1
854,6748,1
858,6748,1
859,6748,1
861,6748,1
862,6748,1
864,6748,1
865,6748,1
866,6748,1
867,6748,5
868,6748,3
869,6748,1
870,6748,1
872,6748,2
873,6748,1
874,6748,1
875,6748,2
878,6748,1
883,6748,1
887,6748,1
892,6748,2
899,6748,1
900,6748,1
650,6749,1
651,6749,1
653,6749,1
663,6749,1
664,6749,2
665,6749,1
668,6749,1
671,6749,2
672,6749,2
673,6749,1
682,6749,1
690,6749,1
693,6749,1
694,6749,1
695,6749,1
696,6749,1
700,6749,1
701,6749,1
702,6749,2
703,6749,3
704,6749,3
705,6749,1
715,6749,1
717,6749,1
718,6749,1
720,6749,1
721,6749,1
722,6749,1
723,6749,1
724,6749,1
728,6749,1
729,6749,1
731,6749,1
734,6749,1
738,6749,1
739,6749,1
740,6749,2
742,6749,1
743,6749,1
744,6749,1
746,6749,1
747,6749,1
748,6749,1
753,6749,1
755,6749,1
756,6749,1
757,6749,2
758,6749,1
759,6749,2
760,6749,1
761,6749,1
769,6749,1
770,6749,1
771,6749,2
772,6749,2
773,6749,3
774,6749,4
776,6749,2
777,6749,1
778,6749,1
780,6749,2
781,6749,3
786,6749,1
787,6749,1
788,6749,1
789,6749,1
795,6749,2
796,6749,2
797,6749,1
801,6749,1
803,6749,1
810,6749,1
811,6749,1
819,6749,1
830,6749,1
842,6749,1
850,6749,1
859,6749,1
860,6749,1
862,6749,1
863,6749,2
867,6749,2
868,6749,2
869,6749,1
872,6749,1
873,6749,1
875,6749,2
879,6749,1
880,6749,1
881,6749,2
883,6749,1
889,6749,1
892,6749,1
900,6749,1
622,6750,1
653,6750,1
654,6750,1
660,6750,1
671,6750,1
672,6750,1
682,6750,2
683,6750,1
688,6750,1
696,6750,1
697,6750,1
698,6750,1
700,6750,1
702,6750,1
703,6750,2
704,6750,2
705,6750,2
706,6750,1
715,6750,2
717,6750,1
718,6750,1
719,6750,1
720,6750,1
721,6750,1
722,6750,1
728,6750,1
733,6750,1
734,6750,2
737,6750,2
738,6750,3
739,6750,1
740,6750,2
741,6750,3
742,6750,3
746,6750,1
748,6750,1
752,6750,2
753,6750,1
755,6750,1
756,6750,1
757,6750,2
758,6750,1
759,6750,2
760,6750,3
761,6750,3
770,6750,1
774,6750,5
777,6750,3
778,6750,1
779,6750,1
781,6750,2
788,6750,2
789,6750,2
790,6750,1
814,6750,1
815,6750,1
830,6750,1
841,6750,1
842,6750,1
849,6750,1
850,6750,1
852,6750,1
853,6750,1
860,6750,1
861,6750,2
863,6750,1
864,6750,1
867,6750,1
868,6750,4
870,6750,1
871,6750,1
872,6750,1
873,6750,1
874,6750,1
875,6750,1
876,6750,1
879,6750,1
880,6750,1
881,6750,2
883,6750,1
884,6750,2
891,6750,1
653,6751,1
654,6751,1
660,6751,1
661,6751,1
672,6751,1
673,6751,2
682,6751,1
688,6751,1
696,6751,1
697,6751,1
701,6751,1
702,6751,1
703,6751,1
705,6751,4
706,6751,1
713,6751,1
716,6751,2
717,6751,1
718,6751,1
719,6751,1
721,6751,1
723,6751,1
724,6751,1
728,6751,1
731,6751,1
733,6751,1
735,6751,1
737,6751,1
738,6751,1
740,6751,1
746,6751,2
747,6751,1
752,6751,1
753,6751,1
754,6751,2
755,6751,1
757,6751,1
758,6751,2
759,6751,1
760,6751,1
761,6751,2
762,6751,2
763,6751,1
765,6751,1
767,6751,1
770,6751,1
771,6751,1
774,6751,1
775,6751,1
776,6751,1
777,6751,3
778,6751,3
779,6751,2
780,6751,1
782,6751,1
789,6751,2
790,6751,2
797,6751,1
799,6751,2
800,6751,1
802,6751,1
804,6751,1
807,6751,1
808,6751,2
809,6751,1
814,6751,1
815,6751,1
825,6751,2
826,6751,1
827,6751,1
830,6751,1
840,6751,1
841,6751,1
843,6751,1
844,6751,1
848,6751,1
849,6751,1
857,6751,1
858,6751,1
861,6751,1
862,6751,1
868,6751,1
869,6751,5
870,6751,1
871,6751,2
872,6751,1
873,6751,1
874,6751,1
876,6751,1
880,6751,1
881,6751,1
883,6751,1
884,6751,2
645,6752,1
651,6752,1
653,6752,1
654,6752,1
657,6752,1
661,6752,1
672,6752,1
673,6752,2
679,6752,1
682,6752,1
689,6752,1
695,6752,1
696,6752,2
697,6752,3
698,6752,2
699,6752,1
705,6752,2
706,6752,3
713,6752,1
714,6752,1
715,6752,1
716,6752,2
717,6752,1
721,6752,1
723,6752,2
724,6752,2
726,6752,1
729,6752,1
730,6752,1
731,6752,1
732,6752,1
733,6752,1
734,6752,1
735,6752,2
736,6752,1
737,6752,1
742,6752,4
743,6752,3
753,6752,1
762,6752,3
763,6752,3
765,6752,1
767,6752,1
768,6752,1
770,6752,1
771,6752,1
775,6752,1
776,6752,1
777,6752,1
778,6752,2
779,6752,1
780,6752,2
782,6752,1
783,6752,1
784,6752,1
790,6752,1
791,6752,2
797,6752,1
799,6752,2
800,6752,2
801,6752,1
802,6752,1
804,6752,1
805,6752,1
807,6752,1
808,6752,2
809,6752,1
811,6752,1
825,6752,1
826,6752,1
830,6752,1
839,6752,1
858,6752,1
862,6752,1
864,6752,1
865,6752,1
869,6752,4
870,6752,2
871,6752,1
872,6752,3
875,6752,1
876,6752,1
881,6752,1
884,6752,1
894,6752,1
645,6753,1
652,6753,1
654,6753,1
656,6753,1
673,6753,1
674,6753,1
678,6753,1
679,6753,1
680,6753,1
681,6753,1
687,6753,1
688,6753,1
696,6753,1
697,6753,1
698,6753,2
699,6753,2
700,6753,1
701,6753,1
706,6753,1
707,6753,2
709,6753,2
710,6753,2
712,6753,2
713,6753,3
714,6753,1
715,6753,1
716,6753,1
717,6753,1
722,6753,1
723,6753,1
728,6753,1
729,6753,3
730,6753,1
731,6753,1
732,6753,2
733,6753,3
734,6753,3
735,6753,1
736,6753,1
739,6753,1
742,6753,1
743,6753,1
752,6753,1
753,6753,1
759,6753,3
760,6753,1
762,6753,1
763,6753,1
764,6753,1
768,6753,1
770,6753,1
773,6753,1
774,6753,1
777,6753,1
778,6753,2
779,6753,2
780,6753,1
782,6753,2
783,6753,3
784,6753,1
788,6753,1
791,6753,2
792,6753,2
804,6753,2
805,6753,3
806,6753,3
811,6753,1
812,6753,1
832,6753,1
835,6753,1
836,6753,1
849,6753,1
862,6753,1
863,6753,1
865,6753,1
866,6753,1
869,6753,3
870,6753,3
871,6753,2
872,6753,3
873,6753,2
875,6753,3
876,6753,2
878,6753,1
882,6753,1
883,6753,1
884,6753,1
891,6753,1
894,6753,1
656,6754,2
658,6754,1
662,6754,1
663,6754,2
665,6754,1
674,6754,2
675,6754,1
679,6754,2
681,6754,1
688,6754,1
689,6754,1
690,6754,1
691,6754,1
696,6754,1
697,6754,1
698,6754,1
699,6754,1
700,6754,2
701,6754,1
707,6754,3
709,6754,1
710,6754,2
711,6754,1
712,6754,1
714,6754,1
715,6754,1
717,6754,1
719,6754,1
720,6754,1
722,6754,2
728,6754,2
729,6754,3
730,6754,1
732,6754,1
733,6754,2
734,6754,1
735,6754,1
739,6754,1
742,6754,1
743,6754,1
747,6754,1
748,6754,2
752,6754,1
755,6754,1
756,6754,1
759,6754,1
760,6754,2
762,6754,1
764,6754,1
765,6754,1
767,6754,1
768,6754,2
770,6754,1
774,6754,1
777,6754,1
778,6754,1
779,6754,1
782,6754,1
787,6754,1
788,6754,1
792,6754,2
799,6754,1
800,6754,1
801,6754,1
807,6754,1
809,6754,1
819,6754,1
820,6754,1
822,6754,1
823,6754,2
825,6754,1
828,6754,1
830,6754,2
831,6754,1
832,6754,1
834,6754,1
835,6754,1
836,6754,1
849,6754,1
850,6754,1
856,6754,1
860,6754,1
866,6754,1
869,6754,2
870,6754,4
871,6754,3
872,6754,2
873,6754,4
874,6754,5
876,6754,4
877,6754,3
878,6754,1
883,6754,1
884,6754,1
885,6754,1
891,6754,1
892,6754,1
893,6754,2
894,6754,1
900,6754,1
655,6755,1
658,6755,1
663,6755,1
664,6755,2
665,6755,2
666,6755,1
675,6755,1
679,6755,2
680,6755,2
691,6755,1
692,6755,1
698,6755,1
699,6755,1
700,6755,1
701,6755,1
702,6755,1
703,6755,1
704,6755,1
708,6755,1
709,6755,2
710,6755,1
711,6755,1
712,6755,1
713,6755,1
714,6755,1
715,6755,1
716,6755,1
719,6755,1
721,6755,2
722,6755,2
723,6755,1
724,6755,4
725,6755,1
728,6755,5
729,6755,2
730,6755,1
735,6755,1
737,6755,1
738,6755,1
744,6755,1
745,6755,2
747,6755,1
748,6755,4
749,6755,2
750,6755,1
751,6755,1
753,6755,1
754,6755,2
755,6755,1
756,6755,1
757,6755,1
760,6755,1
761,6755,1
765,6755,1
768,6755,2
769,6755,1
770,6755,1
777,6755,1
778,6755,1
779,6755,1
780,6755,1
782,6755,1
788,6755,2
795,6755,1
800,6755,2
801,6755,2
809,6755,1
810,6755,1
821,6755,1
822,6755,1
823,6755,1
825,6755,1
826,6755,1
827,6755,1
828,6755,2
829,6755,1
832,6755,1
856,6755,1
857,6755,1
866,6755,1
870,6755,2
871,6755,3
873,6755,1
874,6755,5
877,6755,3
878,6755,3
885,6755,1
888,6755,1
892,6755,1
893,6755,1
900,6755,1
901,6755,1
648,6756,1
649,6756,1
650,6756,1
655,6756,1
656,6756,1
660,6756,1
664,6756,1
665,6756,2
666,6756,2
667,6756,1
676,6756,1
680,6756,1
681,6756,1
683,6756,1
692,6756,2
693,6756,2
694,6756,1
699,6756,3
702,6756,1
703,6756,1
705,6756,1
708,6756,1
709,6756,1
710,6756,2
711,6756,2
712,6756,2
713,6756,1
715,6756,1
716,6756,1
719,6756,1
721,6756,1
723,6756,1
724,6756,3
727,6756,1
728,6756,5
729,6756,1
735,6756,1
736,6756,1
737,6756,1
738,6756,1
744,6756,1
745,6756,1
747,6756,1
749,6756,2
750,6756,1
752,6756,1
754,6756,1
755,6756,2
756,6756,4
757,6756,1
763,6756,1
764,6756,1
766,6756,1
769,6756,1
770,6756,1
772,6756,3
778,6756,1
779,6756,1
780,6756,3
781,6756,3
782,6756,2
783,6756,1
784,6756,1
785,6756,1
788,6756,1
789,6756,1
795,6756,1
796,6756,1
800,6756,2
801,6756,2
808,6756,1
809,6756,1
810,6756,2
811,6756,1
812,6756,1
815,6756,1
816,6756,1
823,6756,1
824,6756,1
825,6756,1
826,6756,1
827,6756,1
828,6756,1
832,6756,2
833,6756,1
858,6756,1
861,6756,1
862,6756,1
863,6756,1
864,6756,1
870,6756,1
871,6756,1
872,6756,1
874,6756,4
875,6756,2
878,6756,3
879,6756,1
885,6756,1
888,6756,1
891,6756,1
892,6756,1
648,6757,1
657,6757,1
660,6757,1
661,6757,2
666,6757,1
676,6757,1
678,6757,1
681,6757,1
683,6757,1
693,6757,1
694,6757,2
698,6757,1
699,6757,2
702,6757,3
703,6757,1
704,6757,3
705,6757,5
706,6757,1
708,6757,1
709,6757,2
710,6757,1
711,6757,1
714,6757,1
717,6757,1
721,6757,1
723,6757,3
724,6757,1
725,6757,1
727,6757,1
728,6757,2
729,6757,1
733,6757,1
734,6757,1
735,6757,1
737,6757,2
740,6757,1
743,6757,1
746,6757,2
747,6757,3
748,6757,1
755,6757,2
756,6757,5
757,6757,5
764,6757,1
765,6757,2
766,6757,1
767,6757,1
768,6757,2
770,6757,3
771,6757,2
772,6757,2
779,6757,1
780,6757,1
781,6757,5
782,6757,4
783,6757,4
784,6757,2
785,6757,2
786,6757,2
787,6757,1
789,6757,2
790,6757,1
791,6757,5
792,6757,2
797,6757,1
800,6757,2
801,6757,1
805,6757,1
806,6757,1
810,6757,2
812,6757,1
813,6757,1
814,6757,1
815,6757,1
816,6757,1
817,6757,1
818,6757,1
824,6757,2
828,6757,1
829,6757,1
830,6757,1
832,6757,1
833,6757,2
834,6757,2
844,6757,1
845,6757,1
861,6757,1
870,6757,1
871,6757,1
872,6757,1
873,6757,2
874,6757,1
875,6757,3
885,6757,1
886,6757,2
630,6758,1
648,6758,1
649,6758,1
654,6758,1
657,6758,1
658,6758,2
664,6758,2
678,6758,1
681,6758,1
682,6758,1
684,6758,1
694,6758,1
695,6758,1
698,6758,1
699,6758,2
700,6758,1
702,6758,1
704,6758,1
705,6758,2
706,6758,1
712,6758,1
713,6758,1
715,6758,1
716,6758,1
721,6758,1
722,6758,1
723,6758,1
724,6758,1
725,6758,1
728,6758,1
729,6758,2
730,6758,1
733,6758,1
734,6758,2
735,6758,1
740,6758,1
741,6758,1
742,6758,1
746,6758,2
747,6758,2
755,6758,1
756,6758,1
758,6758,1
759,6758,1
760,6758,1
761,6758,1
763,6758,2
765,6758,1
768,6758,2
769,6758,1
773,6758,1
774,6758,1
779,6758,1
782,6758,4
783,6758,3
784,6758,2
785,6758,2
786,6758,2
787,6758,2
788,6758,2
789,6758,1
790,6758,1
791,6758,4
792,6758,5
795,6758,1
796,6758,1
797,6758,1
798,6758,1
813,6758,1
814,6758,2
815,6758,1
816,6758,1
822,6758,1
823,6758,1
824,6758,2
826,6758,1
827,6758,1
828,6758,1
834,6758,2
836,6758,1
845,6758,1
858,6758,1
859,6758,1
862,6758,1
867,6758,1
868,6758,2
870,6758,1
871,6758,2
872,6758,1
873,6758,2
874,6758,2
876,6758,1
879,6758,1
881,6758,1
883,6758,1
886,6758,2
887,6758,1
892,6758,1
910,6758,1
631,6759,1
632,6759,1
654,6759,1
658,6759,1
659,6759,1
662,6759,1
664,6759,1
669,6759,1
681,6759,1
682,6759,2
684,6759,1
685,6759,1
694,6759,1
695,6759,1
696,6759,1
698,6759,2
699,6759,1
700,6759,1
703,6759,1
704,6759,2
705,6759,1
706,6759,1
712,6759,3
713,6759,3
716,6759,1
718,6759,1
719,6759,1
720,6759,2
721,6759,2
723,6759,1
724,6759,1
728,6759,1
729,6759,1
734,6759,1
737,6759,1
738,6759,1
742,6759,1
746,6759,1
747,6759,1
758,6759,1
759,6759,1
760,6759,1
761,6759,2
762,6759,1
763,6759,2
764,6759,2
765,6759,1
766,6759,1
767,6759,1
768,6759,1
769,6759,1
774,6759,3
777,6759,1
778,6759,1
779,6759,1
780,6759,1
782,6759,4
783,6759,4
784,6759,1
785,6759,1
787,6759,2
788,6759,2
789,6759,1
791,6759,1
792,6759,5
793,6759,5
795,6759,1
796,6759,2
798,6759,1
799,6759,1
801,6759,1
802,6759,1
803,6759,1
804,6759,2
805,6759,1
815,6759,1
816,6759,1
817,6759,1
824,6759,1
825,6759,1
826,6759,1
836,6759,1
837,6759,1
845,6759,1
862,6759,1
863,6759,1
864,6759,1
867,6759,1
868,6759,3
872,6759,1
874,6759,7
875,6759,3
877,6759,1
878,6759,1
879,6759,2
881,6759,1
882,6759,2
883,6759,1
892,6759,1
893,6759,1
894,6759,1
900,6759,1
901,6759,1
910,6759,1
632,6760,1
654,6760,1
659,6760,1
663,6760,1
666,6760,1
667,6760,1
669,6760,1
670,6760,2
671,6760,2
672,6760,2
680,6760,1
681,6760,1
682,6760,1
685,6760,1
686,6760,1
696,6760,1
698,6760,1
699,6760,2
700,6760,1
703,6760,1
704,6760,1
705,6760,1
706,6760,2
707,6760,1
709,6760,1
710,6760,2
711,6760,1
712,6760,2
714,6760,1
715,6760,1
716,6760,1
718,6760,1
719,6760,1
721,6760,1
722,6760,2
723,6760,1
724,6760,2
725,6760,2
726,6760,3
727,6760,1
728,6760,2
729,6760,1
732,6760,1
738,6760,1
740,6760,1
741,6760,2
742,6760,1
744,6760,1
745,6760,1
751,6760,1
759,6760,1
760,6760,1
761,6760,2
764,6760,3
765,6760,3
766,6760,2
767,6760,1
768,6760,1
769,6760,1
770,6760,2
771,6760,2
776,6760,2
778,6760,1
779,6760,1
780,6760,1
782,6760,1
783,6760,4
784,6760,1
785,6760,1
787,6760,1
788,6760,1
789,6760,2
791,6760,1
793,6760,5
794,6760,1
795,6760,2
796,6760,3
797,6760,3
798,6760,1
799,6760,2
800,6760,3
801,6760,3
802,6760,2
803,6760,2
804,6760,2
806,6760,1
815,6760,1
820,6760,1
821,6760,1
837,6760,1
838,6760,1
846,6760,2
851,6760,1
852,6760,1
864,6760,1
865,6760,1
868,6760,1
869,6760,1
872,6760,1
873,6760,1
874,6760,7
875,6760,6
876,6760,2
878,6760,1
879,6760,1
880,6760,1
881,6760,2
882,6760,2
883,6760,1
885,6760,1
888,6760,1
889,6760,1
894,6760,1
901,6760,1
653,6761,1
654,6761,2
662,6761,1
663,6761,2
664,6761,2
665,6761,1
670,6761,1
671,6761,1
672,6761,2
673,6761,1
674,6761,2
680,6761,1
686,6761,1
693,6761,1
698,6761,1
699,6761,1
700,6761,1
704,6761,1
705,6761,1
706,6761,3
707,6761,1
708,6761,1
709,6761,2
710,6761,1
712,6761,2
713,6761,1
715,6761,1
716,6761,2
717,6761,2
718,6761,1
719,6761,1
720,6761,1
721,6761,2
722,6761,2
724,6761,2
725,6761,2
726,6761,3
727,6761,2
728,6761,2
731,6761,1
732,6761,1
738,6761,2
741,6761,1
742,6761,1
744,6761,1
760,6761,1
761,6761,1
764,6761,2
765,6761,1
766,6761,1
767,6761,1
769,6761,1
770,6761,1
771,6761,3
772,6761,3
776,6761,1
780,6761,1
782,6761,1
785,6761,1
787,6761,1
788,6761,1
789,6761,1
793,6761,4
794,6761,1
796,6761,2
797,6761,5
798,6761,1
804,6761,1
806,6761,2
808,6761,1
818,6761,1
819,6761,1
869,6761,1
870,6761,1
871,6761,1
872,6761,2
873,6761,2
874,6761,1
875,6761,3
876,6761,3
878,6761,2
881,6761,3
882,6761,3
884,6761,1
885,6761,1
888,6761,1
889,6761,1
893,6761,1
894,6761,1
634,6762,1
652,6762,1
657,6762,1
663,6762,1
664,6762,1
665,6762,1
666,6762,2
674,6762,1
675,6762,1
686,6762,1
689,6762,1
694,6762,1
700,6762,1
701,6762,1
703,6762,2
704,6762,1
706,6762,2
707,6762,3
708,6762,1
709,6762,1
710,6762,2
712,6762,1
713,6762,2
716,6762,2
717,6762,2
718,6762,1
719,6762,1
720,6762,2
721,6762,1
722,6762,3
724,6762,2
726,6762,1
727,6762,1
728,6762,2
731,6762,1
732,6762,2
733,6762,1
734,6762,1
735,6762,1
738,6762,1
739,6762,1
740,6762,1
746,6762,1
747,6762,1
759,6762,1
760,6762,1
768,6762,1
769,6762,1
772,6762,2
773,6762,2
775,6762,2
776,6762,2
777,6762,1
778,6762,1
780,6762,1
782,6762,1
785,6762,1
787,6762,1
788,6762,2
789,6762,2
790,6762,2
792,6762,1
793,6762,3
797,6762,2
806,6762,1
818,6762,2
819,6762,1
822,6762,1
823,6762,1
842,6762,1
848,6762,1
861,6762,1
862,6762,1
873,6762,1
875,6762,1
876,6762,5
877,6762,1
878,6762,1
882,6762,2
883,6762,1
884,6762,3
885,6762,2
889,6762,1
892,6762,1
893,6762,1
656,6763,1
668,6763,1
669,6763,1
674,6763,1
675,6763,1
677,6763,1
678,6763,1
679,6763,1
680,6763,1
681,6763,1
685,6763,1
686,6763,1
689,6763,1
691,6763,1
692,6763,1
694,6763,1
701,6763,1
702,6763,1
703,6763,1
705,6763,1
706,6763,3
707,6763,2
708,6763,3
709,6763,2
710,6763,1
711,6763,1
713,6763,1
715,6763,1
716,6763,1
717,6763,2
718,6763,1
719,6763,2
720,6763,3
721,6763,1
722,6763,1
723,6763,1
724,6763,1
725,6763,1
731,6763,1
732,6763,3
735,6763,1
736,6763,1
737,6763,1
738,6763,2
739,6763,1
741,6763,1
744,6763,2
747,6763,1
748,6763,1
749,6763,1
756,6763,1
757,6763,1
759,6763,1
764,6763,1
765,6763,1
768,6763,1
770,6763,1
772,6763,1
773,6763,2
776,6763,2
777,6763,1
778,6763,2
779,6763,2
783,6763,1
784,6763,1
785,6763,1
786,6763,1
787,6763,1
788,6763,3
789,6763,1
790,6763,3
791,6763,2
792,6763,2
793,6763,3
794,6763,1
797,6763,1
800,6763,1
801,6763,2
805,6763,1
806,6763,1
808,6763,1
814,6763,1
815,6763,1
816,6763,1
821,6763,2
822,6763,1
848,6763,1
849,6763,1
862,6763,1
865,6763,2
866,6763,2
868,6763,1
873,6763,1
875,6763,2
876,6763,6
877,6763,2
882,6763,2
883,6763,2
884,6763,1
885,6763,1
889,6763,1
890,6763,1
891,6763,1
892,6763,1
893,6763,1
637,6764,1
651,6764,1
657,6764,1
658,6764,1
668,6764,1
677,6764,1
678,6764,1
679,6764,1
681,6764,1
686,6764,1
687,6764,2
692,6764,1
694,6764,1
701,6764,1
702,6764,2
703,6764,2
704,6764,1
705,6764,2
706,6764,1
707,6764,2
708,6764,1
709,6764,2
711,6764,1
715,6764,2
716,6764,1
717,6764,2
718,6764,1
719,6764,1
720,6764,1
725,6764,1
726,6764,2
727,6764,1
728,6764,1
729,6764,1
730,6764,1
731,6764,1
732,6764,1
735,6764,1
736,6764,1
738,6764,1
739,6764,2
740,6764,1
741,6764,2
744,6764,1
745,6764,2
749,6764,1
750,6764,1
753,6764,1
754,6764,1
755,6764,1
760,6764,1
761,6764,2
765,6764,1
768,6764,1
769,6764,1
773,6764,2
774,6764,1
775,6764,1
776,6764,2
777,6764,3
779,6764,1
780,6764,1
781,6764,1
782,6764,1
785,6764,1
786,6764,3
787,6764,1
788,6764,1
789,6764,2
790,6764,3
791,6764,1
792,6764,1
793,6764,3
794,6764,2
795,6764,2
799,6764,1
800,6764,3
801,6764,2
805,6764,1
806,6764,1
808,6764,1
816,6764,1
817,6764,1
818,6764,1
821,6764,2
822,6764,3
823,6764,2
838,6764,1
841,6764,1
842,6764,1
849,6764,1
858,6764,1
865,6764,1
866,6764,1
869,6764,1
870,6764,1
875,6764,1
876,6764,1
882,6764,2
883,6764,3
886,6764,1
889,6764,2
890,6764,1
891,6764,1
892,6764,2
893,6764,1
637,6765,1
638,6765,1
639,6765,1
658,6765,1
663,6765,1
667,6765,1
668,6765,1
670,6765,1
671,6765,1
672,6765,3
678,6765,1
687,6765,4
688,6765,1
692,6765,1
693,6765,1
694,6765,2
695,6765,1
702,6765,2
705,6765,2
706,6765,2
707,6765,3
708,6765,2
709,6765,2
711,6765,1
712,6765,1
713,6765,1
714,6765,1
716,6765,2
717,6765,1
718,6765,1
719,6765,1
720,6765,1
721,6765,1
722,6765,1
725,6765,1
726,6765,3
727,6765,2
728,6765,2
729,6765,2
731,6765,1
735,6765,1
737,6765,1
738,6765,1
739,6765,2
740,6765,1
741,6765,1
754,6765,1
759,6765,1
760,6765,1
773,6765,2
774,6765,4
775,6765,2
777,6765,3
778,6765,3
780,6765,1
782,6765,1
785,6765,1
787,6765,1
789,6765,2
790,6765,1
791,6765,2
792,6765,1
794,6765,1
795,6765,3
796,6765,4
800,6765,1
801,6765,1
802,6765,1
806,6765,1
807,6765,1
810,6765,1
823,6765,3
824,6765,3
841,6765,1
850,6765,1
858,6765,1
871,6765,1
883,6765,2
885,6765,1
886,6765,3
887,6765,3
889,6765,1
890,6765,1
891,6765,1
892,6765,2
898,6765,1
650,6766,1
659,6766,1
660,6766,1
664,6766,1
672,6766,3
673,6766,2
676,6766,1
677,6766,1
678,6766,1
685,6766,1
688,6766,1
693,6766,1
694,6766,1
695,6766,1
697,6766,1
698,6766,1
703,6766,1
704,6766,1
706,6766,3
707,6766,1
708,6766,1
709,6766,3
711,6766,1
712,6766,2
713,6766,2
716,6766,2
718,6766,1
720,6766,1
721,6766,1
722,6766,1
726,6766,4
727,6766,4
728,6766,1
729,6766,1
738,6766,1
739,6766,3
740,6766,2
757,6766,1
758,6766,1
770,6766,1
774,6766,1
775,6766,1
776,6766,3
778,6766,4
779,6766,5
781,6766,1
782,6766,1
783,6766,2
784,6766,1
785,6766,3
786,6766,1
787,6766,2
788,6766,1
789,6766,2
790,6766,2
791,6766,2
792,6766,1
793,6766,1
794,6766,3
795,6766,2
796,6766,3
798,6766,1
800,6766,1
824,6766,1
846,6766,2
847,6766,2
867,6766,1
871,6766,1
872,6766,1
876,6766,1
877,6766,1
881,6766,1
882,6766,1
883,6766,1
884,6766,1
885,6766,1
886,6766,3
887,6766,5
890,6766,1
892,6766,1
898,6766,1
642,6767,1
662,6767,1
664,6767,1
665,6767,1
669,6767,1
670,6767,2
671,6767,1
675,6767,1
688,6767,1
689,6767,1
694,6767,1
702,6767,1
703,6767,1
705,6767,1
707,6767,1
708,6767,1
709,6767,1
711,6767,2
712,6767,3
713,6767,2
715,6767,1
716,6767,2
720,6767,1
721,6767,5
722,6767,3
724,6767,1
726,6767,1
727,6767,3
728,6767,3
729,6767,1
738,6767,2
740,6767,2
741,6767,1
745,6767,1
746,6767,1
754,6767,1
755,6767,1
757,6767,1
759,6767,1
762,6767,1
763,6767,2
764,6767,1
765,6767,1
769,6767,1
770,6767,2
771,6767,1
776,6767,4
777,6767,4
778,6767,5
779,6767,8
780,6767,4
781,6767,6
784,6767,1
785,6767,1
787,6767,1
788,6767,1
789,6767,1
790,6767,2
791,6767,2
795,6767,3
796,6767,4
797,6767,3
798,6767,1
799,6767,2
800,6767,2
801,6767,2
812,6767,1
813,6767,2
814,6767,1
825,6767,1
826,6767,1
830,6767,1
839,6767,1
840,6767,1
868,6767,1
869,6767,1
873,6767,1
875,6767,1
876,6767,1
877,6767,1
878,6767,1
880,6767,1
881,6767,1
882,6767,1
883,6767,1
884,6767,2
886,6767,2
887,6767,7
888,6767,5
891,6767,3
892,6767,1
642,6768,1
643,6768,1
644,6768,1
649,6768,1
662,6768,1
666,6768,1
669,6768,1
670,6768,2
671,6768,3
672,6768,1
674,6768,2
675,6768,1
681,6768,1
682,6768,1
688,6768,1
689,6768,4
690,6768,1
691,6768,1
692,6768,2
699,6768,1
701,6768,1
702,6768,1
703,6768,1
709,6768,3
710,6768,3
711,6768,1
713,6768,1
714,6768,1
715,6768,1
716,6768,2
717,6768,1
718,6768,1
721,6768,2
722,6768,3
723,6768,1
724,6768,1
728,6768,3
729,6768,3
730,6768,1
738,6768,2
740,6768,2
741,6768,2
742,6768,1
746,6768,1
747,6768,1
748,6768,1
749,6768,1
753,6768,1
754,6768,1
755,6768,1
756,6768,1
759,6768,1
760,6768,1
761,6768,1
764,6768,2
770,6768,1
771,6768,1
772,6768,1
773,6768,3
774,6768,3
777,6768,1
778,6768,1
779,6768,6
780,6768,7
781,6768,5
782,6768,4
785,6768,1
786,6768,2
787,6768,3
788,6768,2
790,6768,1
791,6768,2
792,6768,2
796,6768,1
797,6768,3
798,6768,2
799,6768,3
800,6768,1
802,6768,2
803,6768,1
826,6768,1
830,6768,1
840,6768,1
860,6768,1
870,6768,1
873,6768,1
875,6768,1
876,6768,1
877,6768,2
879,6768,1
880,6768,4
881,6768,1
882,6768,1
883,6768,2
886,6768,1
887,6768,2
888,6768,4
889,6768,1
891,6768,3
892,6768,2
644,6769,1
645,6769,1
646,6769,1
666,6769,1
668,6769,1
669,6769,1
671,6769,1
672,6769,1
673,6769,2
679,6769,1
687,6769,1
689,6769,3
690,6769,1
691,6769,1
692,6769,2
693,6769,2
696,6769,1
699,6769,1
700,6769,1
701,6769,2
702,6769,1
703,6769,1
704,6769,1
705,6769,1
707,6769,1
708,6769,1
709,6769,2
710,6769,1
711,6769,2
712,6769,1
713,6769,3
714,6769,1
716,6769,2
717,6769,2
718,6769,2
721,6769,3
722,6769,2
723,6769,2
728,6769,1
730,6769,1
737,6769,2
741,6769,1
742,6769,1
745,6769,1
747,6769,2
748,6769,2
749,6769,1
756,6769,1
758,6769,1
760,6769,2
761,6769,1
762,6769,1
764,6769,1
765,6769,1
766,6769,1
768,6769,1
769,6769,1
771,6769,2
772,6769,2
773,6769,2
774,6769,1
775,6769,2
779,6769,1
780,6769,8
781,6769,6
782,6769,1
783,6769,1
785,6769,3
786,6769,3
787,6769,2
788,6769,2
789,6769,1
794,6769,1
795,6769,1
797,6769,1
798,6769,2
799,6769,5
800,6769,2
801,6769,1
802,6769,3
803,6769,4
804,6769,3
808,6769,1
810,6769,1
811,6769,2
818,6769,1
827,6769,1
828,6769,1
850,6769,2
860,6769,1
861,6769,1
874,6769,1
875,6769,1
876,6769,1
877,6769,1
880,6769,2
881,6769,2
883,6769,1
884,6769,2
885,6769,1
887,6769,1
890,6769,1
891,6769,2
892,6769,1
896,6769,1
897,6769,1
646,6770,1
647,6770,1
648,6770,1
649,6770,1
673,6770,2
674,6770,1
677,6770,1
679,6770,1
687,6770,1
692,6770,1
696,6770,1
697,6770,1
699,6770,1
700,6770,1
701,6770,1
702,6770,1
707,6770,1
708,6770,2
709,6770,3
710,6770,2
711,6770,1
713,6770,1
715,6770,1
717,6770,1
721,6770,2
722,6770,3
723,6770,1
724,6770,1
725,6770,2
728,6770,2
729,6770,1
731,6770,1
737,6770,2
741,6770,1
742,6770,2
745,6770,1
746,6770,1
747,6770,1
748,6770,2
749,6770,1
756,6770,1
760,6770,2
761,6770,1
762,6770,1
764,6770,1
766,6770,1
767,6770,1
768,6770,1
769,6770,1
771,6770,1
772,6770,1
778,6770,1
780,6770,1
781,6770,2
783,6770,1
784,6770,2
786,6770,1
787,6770,2
788,6770,2
789,6770,1
790,6770,1
791,6770,1
792,6770,1
793,6770,2
794,6770,2
795,6770,2
796,6770,2
798,6770,1
799,6770,6
800,6770,8
801,6770,2
803,6770,1
804,6770,2
805,6770,1
806,6770,2
807,6770,1
808,6770,2
809,6770,1
810,6770,2
814,6770,1
815,6770,1
828,6770,2
829,6770,3
830,6770,2
831,6770,1
850,6770,2
851,6770,2
861,6770,1
875,6770,1
876,6770,1
877,6770,1
878,6770,1
879,6770,1
880,6770,2
881,6770,3
882,6770,2
884,6770,2
885,6770,3
886,6770,2
887,6770,1
888,6770,1
890,6770,1
891,6770,1
892,6770,2
896,6770,1
897,6770,1
648,6771,1
649,6771,1
664,6771,1
665,6771,1
666,6771,1
675,6771,1
676,6771,1
679,6771,2
680,6771,1
690,6771,1
692,6771,2
693,6771,1
694,6771,1
695,6771,1
696,6771,1
697,6771,1
698,6771,1
701,6771,1
703,6771,1
706,6771,1
707,6771,1
708,6771,2
709,6771,3
710,6771,3
711,6771,1
715,6771,1
717,6771,1
719,6771,1
721,6771,1
722,6771,1
724,6771,2
725,6771,4
726,6771,1
727,6771,1
728,6771,1
729,6771,2
730,6771,1
731,6771,1
733,6771,1
746,6771,1
748,6771,1
749,6771,1
759,6771,1
764,6771,2
765,6771,2
766,6771,1
768,6771,1
769,6771,1
771,6771,1
777,6771,1
781,6771,2
782,6771,2
784,6771,4
785,6771,4
787,6771,1
788,6771,2
789,6771,2
790,6771,1
793,6771,2
794,6771,3
795,6771,4
796,6771,2
797,6771,1
798,6771,1
799,6771,1
800,6771,1
801,6771,3
802,6771,1
804,6771,2
805,6771,1
806,6771,2
807,6771,1
810,6771,1
829,6771,1
830,6771,1
831,6771,2
832,6771,1
833,6771,1
871,6771,1
872,6771,2
877,6771,2
878,6771,1
879,6771,2
880,6771,4
881,6771,3
885,6771,3
886,6771,4
888,6771,1
889,6771,1
891,6771,3
892,6771,1
894,6771,1
896,6771,1
897,6771,2
910,6771,1
911,6771,1
667,6772,2
676,6772,1
680,6772,1
681,6772,2
690,6772,1
692,6772,2
693,6772,2
694,6772,2
695,6772,2
696,6772,1
703,6772,1
704,6772,2
706,6772,2
707,6772,2
708,6772,1
710,6772,3
711,6772,3
712,6772,1
715,6772,4
716,6772,2
717,6772,1
721,6772,2
723,6772,1
725,6772,3
726,6772,2
728,6772,1
729,6772,2
730,6772,4
733,6772,1
734,6772,1
735,6772,1
743,6772,1
744,6772,2
756,6772,1
759,6772,1
763,6772,1
764,6772,1
765,6772,1
768,6772,1
769,6772,1
770,6772,1
777,6772,1
784,6772,7
785,6772,8
786,6772,3
787,6772,2
788,6772,1
789,6772,2
790,6772,2
793,6772,1
794,6772,1
796,6772,2
797,6772,2
798,6772,2
800,6772,1
801,6772,3
802,6772,4
803,6772,2
804,6772,2
805,6772,4
807,6772,3
808,6772,4
816,6772,1
817,6772,2
831,6772,1
832,6772,2
833,6772,1
834,6772,1
835,6772,1
842,6772,1
853,6772,2
872,6772,2
873,6772,1
875,6772,1
878,6772,1
880,6772,3
881,6772,3
882,6772,2
883,6772,1
884,6772,1
886,6772,1
887,6772,1
888,6772,1
889,6772,2
891,6772,3
892,6772,5
893,6772,1
894,6772,1
897,6772,3
898,6772,1
910,6772,1
911,6772,1
649,6773,1
650,6773,1
667,6773,1
670,6773,1
679,6773,1
680,6773,1
681,6773,2
682,6773,1
687,6773,1
690,6773,1
692,6773,2
693,6773,2
694,6773,1
696,6773,1
700,6773,1
702,6773,1
704,6773,2
705,6773,2
706,6773,3
707,6773,1
710,6773,2
711,6773,3
713,6773,1
715,6773,1
716,6773,1
717,6773,3
719,6773,1
720,6773,2
721,6773,1
723,6773,1
725,6773,1
726,6773,2
727,6773,2
728,6773,2
729,6773,3
730,6773,4
731,6773,1
732,6773,1
733,6773,1
734,6773,2
735,6773,1
736,6773,1
738,6773,1
742,6773,1
743,6773,1
744,6773,2
746,6773,1
760,6773,1
761,6773,1
769,6773,1
782,6773,1
783,6773,1
785,6773,3
786,6773,3
787,6773,1
788,6773,1
789,6773,2
790,6773,1
792,6773,1
797,6773,2
798,6773,3
799,6773,2
800,6773,2
801,6773,3
802,6773,4
803,6773,1
804,6773,5
805,6773,2
806,6773,1
808,6773,3
809,6773,3
816,6773,1
817,6773,2
833,6773,2
834,6773,1
835,6773,1
842,6773,1
843,6773,1
853,6773,2
854,6773,2
876,6773,1
880,6773,1
881,6773,1
882,6773,3
883,6773,1
887,6773,5
888,6773,3
889,6773,3
891,6773,1
893,6773,2
894,6773,1
897,6773,1
910,6773,1
648,6774,1
650,6774,1
651,6774,1
658,6774,1
659,6774,1
667,6774,1
674,6774,1
676,6774,1
677,6774,1
679,6774,1
681,6774,1
682,6774,1
687,6774,1
688,6774,2
690,6774,1
691,6774,1
693,6774,1
695,6774,1
696,6774,2
697,6774,2
698,6774,1
700,6774,1
701,6774,1
702,6774,1
704,6774,1
705,6774,2
706,6774,1
707,6774,1
709,6774,1
710,6774,2
711,6774,1
712,6774,1
713,6774,2
715,6774,1
716,6774,1
717,6774,3
718,6774,1
719,6774,1
720,6774,1
721,6774,1
725,6774,1
726,6774,2
727,6774,3
728,6774,1
729,6774,3
730,6774,6
731,6774,3
732,6774,2
734,6774,1
738,6774,1
744,6774,1
747,6774,1
748,6774,1
755,6774,1
760,6774,4
761,6774,1
783,6774,1
786,6774,1
789,6774,4
790,6774,5
792,6774,1
794,6774,2
795,6774,1
798,6774,2
799,6774,4
800,6774,2
801,6774,1
802,6774,4
803,6774,1
804,6774,3
805,6774,5
806,6774,1
809,6774,1
811,6774,1
812,6774,2
816,6774,1
833,6774,1
834,6774,2
835,6774,2
836,6774,1
853,6774,1
854,6774,1
863,6774,1
871,6774,1
877,6774,1
878,6774,1
882,6774,1
884,6774,1
888,6774,4
889,6774,1
891,6774,1
893,6774,2
894,6774,1
895,6774,1
910,6774,1
648,6775,1
658,6775,1
667,6775,1
668,6775,1
675,6775,1
679,6775,2
680,6775,1
681,6775,1
682,6775,2
683,6775,1
688,6775,3
690,6775,1
691,6775,2
693,6775,1
694,6775,1
695,6775,1
697,6775,2
703,6775,1
704,6775,1
705,6775,1
707,6775,2
708,6775,1
710,6775,1
711,6775,3
712,6775,3
713,6775,1
714,6775,2
715,6775,1
716,6775,1
717,6775,3
718,6775,1
719,6775,1
720,6775,1
722,6775,1
724,6775,1
726,6775,1
727,6775,2
730,6775,3
731,6775,3
732,6775,1
733,6775,2
741,6775,1
742,6775,1
744,6775,1
745,6775,2
755,6775,2
756,6775,2
757,6775,2
760,6775,1
772,6775,1
773,6775,1
782,6775,1
783,6775,1
786,6775,1
789,6775,1
790,6775,4
791,6775,2
792,6775,1
794,6775,2
795,6775,2
796,6775,4
797,6775,2
799,6775,1
800,6775,3
801,6775,1
802,6775,3
803,6775,3
804,6775,1
805,6775,7
806,6775,1
807,6775,1
821,6775,1
834,6775,1
835,6775,1
836,6775,1
837,6775,1
864,6775,1
865,6775,1
867,6775,1
878,6775,1
879,6775,2
880,6775,2
884,6775,2
885,6775,1
888,6775,1
889,6775,3
890,6775,3
891,6775,1
892,6775,1
893,6775,4
894,6775,2
909,6775,1
910,6775,1
670,6776,1
671,6776,1
675,6776,1
676,6776,1
679,6776,1
683,6776,1
688,6776,1
689,6776,1
691,6776,1
696,6776,1
697,6776,2
698,6776,1
701,6776,1
702,6776,1
707,6776,2
708,6776,2
709,6776,1
710,6776,2
711,6776,3
712,6776,2
713,6776,1
714,6776,1
715,6776,1
716,6776,2
717,6776,2
718,6776,2
719,6776,1
721,6776,1
722,6776,1
724,6776,1
725,6776,1
726,6776,3
727,6776,1
731,6776,1
733,6776,1
734,6776,2
735,6776,2
737,6776,1
738,6776,1
744,6776,2
745,6776,3
751,6776,1
755,6776,1
756,6776,2
757,6776,1
760,6776,1
772,6776,1
773,6776,1
778,6776,1
779,6776,1
780,6776,1
781,6776,2
782,6776,2
790,6776,5
791,6776,4
792,6776,5
793,6776,7
794,6776,2
797,6776,3
798,6776,3
799,6776,5
800,6776,2
802,6776,2
803,6776,3
804,6776,2
805,6776,2
806,6776,5
807,6776,3
813,6776,1
814,6776,2
837,6776,1
865,6776,1
879,6776,1
880,6776,2
881,6776,2
883,6776,1
884,6776,2
885,6776,1
890,6776,3
891,6776,1
892,6776,1
893,6776,1
894,6776,3
897,6776,1
898,6776,1
909,6776,1
647,6777,1
665,6777,1
666,6777,1
671,6777,1
681,6777,1
682,6777,1
690,6777,1
692,6777,1
693,6777,1
696,6777,1
697,6777,2
698,6777,2
699,6777,1
700,6777,1
701,6777,1
708,6777,2
711,6777,1
712,6777,1
713,6777,2
714,6777,1
715,6777,1
717,6777,1
718,6777,3
725,6777,2
726,6777,3
728,6777,1
731,6777,1
732,6777,1
734,6777,1
735,6777,1
736,6777,4
737,6777,5
738,6777,1
742,6777,1
743,6777,1
745,6777,3
746,6777,1
747,6777,1
748,6777,3
749,6777,1
754,6777,1
755,6777,2
757,6777,1
771,6777,1
778,6777,1
779,6777,1
785,6777,1
786,6777,3
787,6777,2
788,6777,2
789,6777,3
790,6777,6
791,6777,6
792,6777,1
793,6777,8
794,6777,3
795,6777,1
797,6777,1
798,6777,1
799,6777,2
800,6777,3
801,6777,1
802,6777,1
803,6777,3
804,6777,2
805,6777,3
806,6777,3
807,6777,3
809,6777,3
810,6777,3
814,6777,2
815,6777,2
820,6777,1
825,6777,1
826,6777,1
827,6777,1
838,6777,1
839,6777,1
840,6777,2
860,6777,1
861,6777,1
862,6777,1
863,6777,1
866,6777,1
877,6777,1
878,6777,1
879,6777,1
881,6777,3
884,6777,1
885,6777,2
887,6777,1
890,6777,2
891,6777,2
894,6777,1
895,6777,1
896,6777,2
897,6777,1
898,6777,1
647,6778,1
665,6778,1
666,6778,1
671,6778,1
677,6778,1
678,6778,1
682,6778,1
683,6778,3
684,6778,1
690,6778,1
693,6778,1
695,6778,1
696,6778,1
697,6778,2
698,6778,1
699,6778,1
700,6778,1
704,6778,2
705,6778,1
706,6778,1
707,6778,1
708,6778,1
712,6778,2
713,6778,2
714,6778,2
715,6778,2
716,6778,1
717,6778,1
718,6778,2
719,6778,2
723,6778,3
725,6778,1
726,6778,3
727,6778,2
728,6778,2
732,6778,1
734,6778,2
743,6778,1
744,6778,1
745,6778,1
748,6778,1
749,6778,1
751,6778,1
754,6778,1
755,6778,3
761,6778,1
762,6778,1
765,6778,1
767,6778,1
768,6778,1
769,6778,1
770,6778,1
771,6778,3
772,6778,2
778,6778,1
779,6778,1
780,6778,1
781,6778,1
782,6778,1
785,6778,1
786,6778,1
787,6778,1
789,6778,1
790,6778,1
791,6778,6
792,6778,2
793,6778,1
797,6778,1
798,6778,3
799,6778,2
800,6778,1
801,6778,2
802,6778,2
803,6778,4
804,6778,1
805,6778,2
806,6778,3
807,6778,4
808,6778,4
809,6778,1
810,6778,1
812,6778,1
814,6778,1
816,6778,1
820,6778,1
821,6778,1
830,6778,1
831,6778,1
840,6778,1
866,6778,1
867,6778,1
878,6778,1
881,6778,2
883,6778,1
884,6778,1
885,6778,2
888,6778,1
889,6778,1
890,6778,2
891,6778,2
892,6778,5
894,6778,3
896,6778,2
897,6778,1
898,6778,2
658,6779,1
659,6779,1
660,6779,1
683,6779,1
684,6779,1
685,6779,2
686,6779,2
687,6779,1
690,6779,1
694,6779,1
697,6779,1
698,6779,2
699,6779,2
702,6779,2
703,6779,1
704,6779,1
705,6779,1
706,6779,1
711,6779,1
712,6779,2
713,6779,2
714,6779,1
715,6779,1
716,6779,2
717,6779,1
719,6779,2
721,6779,1
722,6779,1
723,6779,4
724,6779,1
725,6779,1
726,6779,3
727,6779,3
728,6779,1
729,6779,1
730,6779,1
732,6779,1
733,6779,3
734,6779,5
735,6779,2
736,6779,1
737,6779,1
738,6779,3
741,6779,1
742,6779,2
743,6779,1
745,6779,1
746,6779,1
747,6779,2
748,6779,1
749,6779,1
750,6779,2
752,6779,2
753,6779,2
754,6779,1
755,6779,1
760,6779,1
761,6779,1
767,6779,1
768,6779,3
769,6779,2
770,6779,3
771,6779,3
772,6779,2
773,6779,1
774,6779,1
776,6779,1
777,6779,2
778,6779,1
781,6779,1
782,6779,1
786,6779,1
792,6779,1
793,6779,1
794,6779,1
797,6779,1
798,6779,5
799,6779,7
800,6779,7
801,6779,5
802,6779,4
803,6779,1
804,6779,3
805,6779,4
806,6779,3
807,6779,3
808,6779,6
810,6779,1
811,6779,1
812,6779,2
813,6779,1
827,6779,1
828,6779,1
831,6779,1
837,6779,1
838,6779,1
839,6779,1
841,6779,1
842,6779,2
844,6779,1
854,6779,1
856,6779,1
857,6779,1
867,6779,2
868,6779,1
881,6779,1
882,6779,1
883,6779,2
884,6779,2
885,6779,1
889,6779,1
890,6779,1
891,6779,2
892,6779,5
893,6779,4
894,6779,5
895,6779,5
896,6779,2
897,6779,3
898,6779,1
681,6780,1
682,6780,2
687,6780,1
689,6780,2
690,6780,2
692,6780,1
693,6780,2
697,6780,2
698,6780,2
699,6780,3
700,6780,2
701,6780,1
704,6780,2
705,6780,3
708,6780,1
709,6780,1
710,6780,1
711,6780,1
715,6780,1
716,6780,1
717,6780,3
719,6780,1
723,6780,3
724,6780,2
725,6780,2
726,6780,5
727,6780,4
729,6780,1
730,6780,3
731,6780,2
733,6780,2
734,6780,3
735,6780,2
736,6780,2
737,6780,3
738,6780,3
739,6780,2
740,6780,3
741,6780,1
743,6780,1
745,6780,1
746,6780,1
747,6780,1
749,6780,1
750,6780,1
755,6780,1
756,6780,1
760,6780,1
761,6780,1
767,6780,6
768,6780,6
769,6780,5
770,6780,1
771,6780,2
772,6780,2
773,6780,2
778,6780,1
794,6780,1
795,6780,1
798,6780,1
799,6780,5
800,6780,3
803,6780,3
804,6780,2
805,6780,6
806,6780,5
807,6780,7
808,6780,2
809,6780,3
810,6780,3
811,6780,3
813,6780,1
815,6780,1
827,6780,1
828,6780,1
829,6780,1
841,6780,1
842,6780,2
844,6780,1
845,6780,2
846,6780,2
847,6780,1
848,6780,1
854,6780,1
855,6780,1
856,6780,1
857,6780,1
868,6780,1
875,6780,1
876,6780,1
881,6780,3
882,6780,1
884,6780,1
885,6780,2
886,6780,4
887,6780,1
891,6780,1
892,6780,3
894,6780,2
895,6780,5
896,6780,4
897,6780,4
898,6780,1
899,6780,2
900,6780,1
645,6781,1
664,6781,1
682,6781,2
683,6781,1
687,6781,2
688,6781,1
689,6781,1
691,6781,1
692,6781,2
693,6781,4
697,6781,2
698,6781,1
699,6781,3
700,6781,1
701,6781,1
705,6781,2
706,6781,1
707,6781,1
716,6781,2
717,6781,4
719,6781,1
720,6781,1
721,6781,2
722,6781,1
723,6781,9
724,6781,11
725,6781,8
726,6781,6
727,6781,7
728,6781,6
729,6781,5
730,6781,1
733,6781,1
734,6781,2
735,6781,2
736,6781,1
737,6781,3
738,6781,1
739,6781,3
740,6781,1
741,6781,1
742,6781,2
743,6781,1
747,6781,1
750,6781,1
751,6781,1
756,6781,1
757,6781,1
760,6781,1
767,6781,1
768,6781,1
769,6781,3
770,6781,1
773,6781,1
775,6781,1
776,6781,1
777,6781,1
778,6781,1
779,6781,1
794,6781,2
795,6781,3
796,6781,2
797,6781,1
798,6781,2
799,6781,2
800,6781,2
804,6781,2
805,6781,2
806,6781,2
807,6781,6
808,6781,4
809,6781,7
810,6781,5
811,6781,3
812,6781,6
813,6781,2
836,6781,1
837,6781,1
844,6781,2
845,6781,4
846,6781,2
855,6781,1
857,6781,1
858,6781,1
867,6781,1
868,6781,1
870,6781,1
879,6781,1
881,6781,1
885,6781,1
886,6781,4
887,6781,2
889,6781,1
892,6781,4
893,6781,1
896,6781,2
897,6781,3
898,6781,2
899,6781,1
900,6781,2
643,6782,1
645,6782,1
666,6782,1
683,6782,1
687,6782,1
688,6782,1
689,6782,2
691,6782,1
692,6782,2
693,6782,3
697,6782,1
698,6782,1
699,6782,2
700,6782,1
702,6782,1
703,6782,1
704,6782,1
705,6782,1
706,6782,1
707,6782,1
717,6782,1
718,6782,1
721,6782,2
722,6782,3
723,6782,9
724,6782,9
725,6782,10
726,6782,9
727,6782,6
728,6782,3
730,6782,1
731,6782,2
732,6782,1
733,6782,2
734,6782,5
735,6782,1
736,6782,1
738,6782,1
741,6782,1
742,6782,1
743,6782,1
747,6782,1
748,6782,1
749,6782,1
751,6782,1
752,6782,1
754,6782,1
757,6782,1
759,6782,1
782,6782,1
790,6782,1
793,6782,1
794,6782,1
795,6782,2
796,6782,4
797,6782,1
798,6782,1
800,6782,1
801,6782,1
805,6782,3
806,6782,1
807,6782,3
808,6782,2
809,6782,8
810,6782,7
811,6782,6
812,6782,8
813,6782,13
814,6782,6
845,6782,2
846,6782,4
847,6782,1
854,6782,1
862,6782,1
870,6782,1
871,6782,1
879,6782,1
881,6782,1
882,6782,1
886,6782,3
887,6782,2
888,6782,2
891,6782,1
892,6782,1
893,6782,5
894,6782,5
896,6782,1
897,6782,1
898,6782,1
899,6782,1
900,6782,1
670,6783,1
681,6783,1
682,6783,1
687,6783,2
688,6783,3
689,6783,2
691,6783,1
692,6783,2
693,6783,3
694,6783,1
695,6783,1
697,6783,3
698,6783,3
699,6783,1
700,6783,1
703,6783,1
704,6783,1
705,6783,2
716,6783,1
717,6783,2
718,6783,3
719,6783,1
720,6783,2
721,6783,1
722,6783,2
723,6783,2
724,6783,1
725,6783,7
726,6783,9
727,6783,1
728,6783,2
729,6783,1
730,6783,1
731,6783,3
733,6783,2
734,6783,2
735,6783,1
736,6783,1
737,6783,1
742,6783,2
743,6783,1
744,6783,1
745,6783,1
752,6783,1
754,6783,1
755,6783,2
759,6783,1
774,6783,1
781,6783,1
782,6783,1
783,6783,1
785,6783,1
786,6783,1
790,6783,1
796,6783,5
797,6783,6
798,6783,2
800,6783,1
801,6783,2
802,6783,1
803,6783,1
804,6783,1
805,6783,1
806,6783,2
807,6783,2
808,6783,2
810,6783,2
811,6783,6
812,6783,8
813,6783,9
814,6783,12
815,6783,3
816,6783,3
817,6783,2
820,6783,1
822,6783,1
832,6783,1
837,6783,1
838,6783,1
846,6783,5
847,6783,3
852,6783,1
853,6783,1
854,6783,1
855,6783,1
862,6783,2
863,6783,1
874,6783,1
881,6783,1
882,6783,1
884,6783,1
887,6783,1
888,6783,1
889,6783,2
890,6783,1
893,6783,1
896,6783,2
897,6783,1
898,6783,1
901,6783,1
668,6784,1
670,6784,1
671,6784,1
682,6784,1
683,6784,1
685,6784,1
687,6784,1
688,6784,2
690,6784,1
691,6784,3
692,6784,3
693,6784,4
695,6784,2
696,6784,2
697,6784,1
698,6784,1
699,6784,2
700,6784,1
701,6784,1
704,6784,2
705,6784,2
707,6784,1
714,6784,1
716,6784,1
720,6784,1
721,6784,1
723,6784,1
724,6784,1
725,6784,6
726,6784,10
727,6784,1
728,6784,2
731,6784,2
732,6784,1
734,6784,3
735,6784,3
736,6784,2
739,6784,2
740,6784,1
741,6784,1
742,6784,1
743,6784,1
744,6784,2
745,6784,3
746,6784,1
752,6784,1
753,6784,1
754,6784,1
755,6784,2
756,6784,1
759,6784,1
760,6784,1
763,6784,1
768,6784,1
770,6784,1
771,6784,1
772,6784,1
773,6784,1
774,6784,3
775,6784,1
776,6784,2
777,6784,1
778,6784,1
780,6784,1
788,6784,1
797,6784,6
798,6784,4
802,6784,1
803,6784,1
805,6784,1
806,6784,2
807,6784,1
808,6784,2
809,6784,1
811,6784,1
812,6784,3
813,6784,5
814,6784,2
815,6784,4
816,6784,5
817,6784,2
818,6784,2
820,6784,1
823,6784,1
824,6784,1
825,6784,1
827,6784,1
828,6784,1
837,6784,1
838,6784,1
843,6784,1
847,6784,1
848,6784,3
849,6784,2
863,6784,2
864,6784,1
874,6784,1
875,6784,1
881,6784,1
882,6784,1
884,6784,1
885,6784,1
888,6784,1
889,6784,4
890,6784,2
893,6784,1
895,6784,1
898,6784,1
899,6784,1
901,6784,1
671,6785,1
672,6785,1
689,6785,1
690,6785,1
691,6785,3
692,6785,6
693,6785,3
694,6785,3
695,6785,2
696,6785,1
697,6785,1
699,6785,1
704,6785,1
707,6785,1
711,6785,2
713,6785,1
714,6785,2
715,6785,1
716,6785,1
720,6785,1
721,6785,1
723,6785,1
724,6785,2
725,6785,4
726,6785,8
727,6785,2
728,6785,2
732,6785,1
733,6785,1
734,6785,1
735,6785,1
736,6785,2
738,6785,2
739,6785,1
740,6785,1
741,6785,2
742,6785,3
743,6785,1
744,6785,2
745,6785,5
746,6785,2
747,6785,2
748,6785,4
749,6785,1
752,6785,1
756,6785,1
765,6785,1
766,6785,1
767,6785,1
768,6785,1
769,6785,2
770,6785,1
771,6785,1
772,6785,1
774,6785,1
775,6785,2
776,6785,1
778,6785,1
779,6785,1
780,6785,1
783,6785,1
788,6785,1
790,6785,2
798,6785,5
799,6785,6
800,6785,5
801,6785,1
805,6785,1
806,6785,2
807,6785,1
808,6785,2
809,6785,3
810,6785,1
811,6785,2
812,6785,2
813,6785,3
814,6785,6
815,6785,5
816,6785,11
817,6785,6
818,6785,5
819,6785,1
820,6785,3
821,6785,2
822,6785,1
841,6785,1
842,6785,1
843,6785,1
845,6785,1
847,6785,1
863,6785,1
864,6785,2
875,6785,1
878,6785,1
882,6785,1
885,6785,1
889,6785,1
890,6785,3
893,6785,1
895,6785,1
897,6785,3
898,6785,4
899,6785,1
900,6785,3
901,6785,1
910,6785,1
911,6785,1
675,6786,1
676,6786,1
682,6786,1
690,6786,2
691,6786,3
692,6786,6
693,6786,3
694,6786,3
695,6786,2
696,6786,2
697,6786,2
706,6786,1
707,6786,1
708,6786,1
709,6786,1
710,6786,1
711,6786,1
712,6786,1
713,6786,2
714,6786,3
715,6786,2
716,6786,2
718,6786,1
719,6786,1
721,6786,3
723,6786,1
724,6786,1
725,6786,1
735,6786,3
736,6786,4
737,6786,2
738,6786,2
742,6786,1
744,6786,1
746,6786,3
747,6786,1
748,6786,4
749,6786,1
752,6786,1
764,6786,1
765,6786,1
777,6786,1
781,6786,1
782,6786,1
783,6786,1
787,6786,1
788,6786,2
789,6786,1
790,6786,1
791,6786,1
793,6786,1
794,6786,1
800,6786,2
801,6786,1
805,6786,1
809,6786,4
810,6786,2
811,6786,4
812,6786,3
813,6786,2
814,6786,1
815,6786,5
816,6786,6
817,6786,6
818,6786,13
819,6786,5
820,6786,1
822,6786,2
823,6786,1
832,6786,1
833,6786,1
837,6786,1
845,6786,1
846,6786,1
847,6786,1
882,6786,1
890,6786,4
891,6786,3
892,6786,2
893,6786,1
894,6786,3
895,6786,1
897,6786,2
898,6786,5
899,6786,2
900,6786,2
901,6786,4
910,6786,1
641,6787,1
676,6787,1
677,6787,1
683,6787,1
686,6787,1
690,6787,6
691,6787,9
692,6787,6
693,6787,3
694,6787,1
695,6787,3
696,6787,3
697,6787,1
698,6787,1
699,6787,1
701,6787,2
702,6787,1
703,6787,1
705,6787,1
706,6787,2
707,6787,1
709,6787,1
710,6787,1
711,6787,1
712,6787,1
713,6787,1
714,6787,1
715,6787,1
719,6787,1
720,6787,1
721,6787,5
722,6787,2
723,6787,1
724,6787,1
725,6787,1
726,6787,2
728,6787,1
729,6787,1
735,6787,2
736,6787,1
737,6787,2
741,6787,1
746,6787,6
747,6787,10
748,6787,5
754,6787,1
755,6787,1
756,6787,2
757,6787,1
766,6787,1
777,6787,2
778,6787,1
781,6787,1
782,6787,1
787,6787,1
801,6787,1
802,6787,4
803,6787,1
805,6787,2
812,6787,1
813,6787,4
814,6787,7
815,6787,11
816,6787,9
817,6787,4
818,6787,4
819,6787,8
820,6787,1
821,6787,1
822,6787,1
823,6787,1
824,6787,3
825,6787,2
832,6787,1
833,6787,1
835,6787,1
837,6787,1
839,6787,1
849,6787,1
853,6787,2
854,6787,3
857,6787,1
858,6787,1
859,6787,1
873,6787,1
887,6787,1
888,6787,1
890,6787,2
891,6787,2
892,6787,2
893,6787,1
894,6787,3
895,6787,1
896,6787,1
898,6787,1
899,6787,2
900,6787,1
901,6787,3
641,6788,1
662,6788,1
663,6788,1
664,6788,1
665,6788,1
666,6788,1
667,6788,1
668,6788,1
677,6788,1
678,6788,1
684,6788,1
685,6788,1
686,6788,1
688,6788,1
689,6788,2
690,6788,15
691,6788,14
692,6788,6
693,6788,5
694,6788,3
695,6788,2
696,6788,5
697,6788,3
698,6788,2
699,6788,2
700,6788,2
701,6788,3
703,6788,1
704,6788,2
705,6788,3
706,6788,2
707,6788,1
709,6788,1
710,6788,1
711,6788,2
712,6788,3
713,6788,2
714,6788,3
715,6788,3
716,6788,1
717,6788,3
718,6788,2
719,6788,1
720,6788,1
721,6788,1
722,6788,3
723,6788,1
724,6788,1
725,6788,3
726,6788,1
728,6788,1
729,6788,2
730,6788,2
731,6788,1
737,6788,2
739,6788,1
740,6788,1
741,6788,3
742,6788,1
745,6788,1
746,6788,1
747,6788,11
748,6788,1
750,6788,2
751,6788,2
752,6788,2
753,6788,1
756,6788,2
757,6788,1
758,6788,3
759,6788,2
760,6788,2
761,6788,1
762,6788,1
763,6788,2
768,6788,1
769,6788,1
770,6788,1
772,6788,1
773,6788,2
779,6788,1
783,6788,1
785,6788,1
789,6788,1
791,6788,1
792,6788,1
793,6788,1
794,6788,1
795,6788,1
796,6788,1
798,6788,2
799,6788,1
802,6788,1
803,6788,1
805,6788,1
806,6788,1
807,6788,2
808,6788,1
809,6788,1
810,6788,1
811,6788,1
812,6788,1
813,6788,2
814,6788,3
815,6788,6
816,6788,8
817,6788,8
818,6788,3
819,6788,8
820,6788,7
821,6788,5
822,6788,2
823,6788,2
824,6788,2
825,6788,1
834,6788,1
835,6788,2
836,6788,1
849,6788,1
854,6788,1
857,6788,1
858,6788,1
867,6788,1
868,6788,1
886,6788,2
888,6788,1
889,6788,1
890,6788,1
891,6788,1
892,6788,1
893,6788,2
894,6788,2
896,6788,1
898,6788,1
899,6788,2
900,6788,1
901,6788,1
976,6788,1
641,6789,1
662,6789,1
664,6789,1
665,6789,1
679,6789,1
680,6789,1
684,6789,1
688,6789,1
690,6789,1
691,6789,9
692,6789,8
693,6789,1
694,6789,1
695,6789,1
696,6789,2
697,6789,2
700,6789,3
701,6789,2
702,6789,2
703,6789,3
704,6789,1
705,6789,1
707,6789,2
708,6789,1
709,6789,3
710,6789,2
711,6789,2
713,6789,1
715,6789,1
716,6789,1
717,6789,5
718,6789,2
719,6789,2
720,6789,1
722,6789,2
723,6789,1
724,6789,1
725,6789,3
726,6789,3
727,6789,1
728,6789,2
729,6789,4
730,6789,2
731,6789,1
733,6789,2
734,6789,2
737,6789,1
738,6789,1
740,6789,1
741,6789,2
742,6789,2
743,6789,1
750,6789,1
751,6789,1
752,6789,1
753,6789,2
756,6789,1
757,6789,1
758,6789,2
759,6789,1
761,6789,1
762,6789,1
763,6789,2
766,6789,1
767,6789,1
768,6789,1
769,6789,2
770,6789,1
771,6789,1
772,6789,1
773,6789,3
774,6789,1
775,6789,1
776,6789,1
777,6789,1
778,6789,1
779,6789,1
781,6789,1
782,6789,1
784,6789,1
785,6789,1
787,6789,1
797,6789,1
798,6789,2
799,6789,1
800,6789,1
801,6789,1
802,6789,1
803,6789,1
804,6789,1
805,6789,3
806,6789,6
807,6789,6
808,6789,5
809,6789,1
810,6789,1
811,6789,1
812,6789,2
813,6789,2
814,6789,2
815,6789,1
816,6789,5
817,6789,5
818,6789,4
819,6789,5
820,6789,11
821,6789,11
822,6789,9
823,6789,5
824,6789,2
825,6789,5
829,6789,2
830,6789,3
831,6789,1
855,6789,1
856,6789,4
857,6789,5
866,6789,1
868,6789,2
882,6789,1
886,6789,1
889,6789,1
891,6789,1
893,6789,3
894,6789,2
895,6789,1
898,6789,1
899,6789,2
900,6789,1
902,6789,1
962,6789,1
966,6789,1
967,6789,1
987,6789,1
988,6789,1
989,6789,1
680,6790,1
681,6790,1
682,6790,1
687,6790,1
691,6790,1
692,6790,4
693,6790,4
694,6790,2
695,6790,1
696,6790,3
697,6790,2
703,6790,1
705,6790,1
709,6790,2
710,6790,1
713,6790,1
714,6790,1
715,6790,1
716,6790,1
717,6790,1
718,6790,1
723,6790,2
726,6790,1
727,6790,1
729,6790,1
730,6790,1
732,6790,1
738,6790,1
740,6790,1
741,6790,1
742,6790,1
743,6790,1
746,6790,1
757,6790,1
759,6790,1
762,6790,1
781,6790,2
782,6790,1
785,6790,2
786,6790,1
797,6790,2
798,6790,1
801,6790,1
802,6790,2
803,6790,2
804,6790,2
805,6790,2
806,6790,2
807,6790,1
808,6790,5
809,6790,5
810,6790,6
811,6790,5
813,6790,1
814,6790,1
815,6790,2
816,6790,3
817,6790,4
818,6790,5
819,6790,6
820,6790,8
821,6790,9
822,6790,12
823,6790,19
824,6790,18
825,6790,20
826,6790,16
827,6790,1
828,6790,1
829,6790,1
831,6790,1
832,6790,2
850,6790,1
851,6790,1
857,6790,4
858,6790,4
859,6790,3
860,6790,3
868,6790,2
869,6790,2
876,6790,1
882,6790,2
888,6790,1
889,6790,1
893,6790,4
894,6790,1
895,6790,1
896,6790,2
897,6790,3
898,6790,3
899,6790,1
902,6790,1
927,6790,1
928,6790,1
930,6790,1
962,6790,1
967,6790,1
968,6790,1
988,6790,1
989,6790,1
671,6791,1
672,6791,1
673,6791,1
682,6791,1
683,6791,1
687,6791,1
692,6791,1
693,6791,2
694,6791,3
696,6791,1
697,6791,1
698,6791,1
699,6791,1
701,6791,1
703,6791,1
704,6791,1
705,6791,1
710,6791,2
711,6791,1
714,6791,1
715,6791,1
716,6791,2
720,6791,1
722,6791,1
723,6791,2
727,6791,1
728,6791,1
732,6791,1
735,6791,1
736,6791,1
738,6791,1
740,6791,1
741,6791,1
742,6791,1
743,6791,1
757,6791,2
758,6791,1
762,6791,1
763,6791,1
764,6791,1
765,6791,1
766,6791,1
782,6791,1
786,6791,1
787,6791,1
789,6791,1
790,6791,1
791,6791,1
792,6791,2
794,6791,1
795,6791,1
798,6791,1
799,6791,2
800,6791,1
801,6791,1
802,6791,1
811,6791,4
812,6791,1
814,6791,1
815,6791,1
817,6791,1
818,6791,1
819,6791,1
820,6791,3
821,6791,5
822,6791,9
823,6791,17
824,6791,32
825,6791,44
826,6791,44
827,6791,2
832,6791,1
839,6791,1
842,6791,1
858,6791,1
864,6791,1
865,6791,2
866,6791,3
869,6791,1
870,6791,1
876,6791,1
882,6791,2
883,6791,1
887,6791,1
893,6791,4
894,6791,3
895,6791,3
896,6791,4
897,6791,1
898,6791,4
899,6791,4
902,6791,2
903,6791,3
911,6791,1
912,6791,1
913,6791,1
914,6791,1
923,6791,1
924,6791,1
927,6791,1
928,6791,1
930,6791,1
931,6791,1
641,6792,1
662,6792,1
671,6792,1
683,6792,1
684,6792,1
685,6792,1
693,6792,1
694,6792,1
698,6792,1
700,6792,1
701,6792,1
702,6792,1
703,6792,1
706,6792,1
710,6792,1
714,6792,1
716,6792,3
717,6792,2
718,6792,1
723,6792,1
724,6792,1
727,6792,1
728,6792,2
736,6792,1
739,6792,3
751,6792,1
756,6792,1
758,6792,1
766,6792,1
767,6792,2
768,6792,2
772,6792,1
773,6792,1
774,6792,1
775,6792,1
788,6792,1
792,6792,1
795,6792,3
796,6792,2
797,6792,2
798,6792,1
799,6792,1
800,6792,1
818,6792,2
819,6792,3
820,6792,1
823,6792,2
824,6792,11
825,6792,41
826,6792,47
827,6792,3
828,6792,1
838,6792,1
839,6792,1
842,6792,1
860,6792,1
866,6792,5
867,6792,4
878,6792,1
882,6792,1
883,6792,1
884,6792,1
886,6792,1
887,6792,2
888,6792,2
889,6792,1
893,6792,1
894,6792,1
895,6792,3
896,6792,2
897,6792,2
898,6792,3
899,6792,5
900,6792,3
902,6792,1
903,6792,6
904,6792,6
905,6792,1
906,6792,1
907,6792,1
908,6792,1
909,6792,2
910,6792,1
992,6792,1
993,6792,1
1010,6792,1
1057,6792,1
1058,6792,1
665,6793,1
685,6793,1
693,6793,1
694,6793,2
695,6793,1
696,6793,1
700,6793,3
701,6793,2
702,6793,3
703,6793,1
710,6793,1
716,6793,2
717,6793,1
718,6793,1
723,6793,1
724,6793,3
727,6793,1
728,6793,1
729,6793,2
730,6793,1
732,6793,1
739,6793,4
740,6793,2
741,6793,2
742,6793,1
743,6793,1
744,6793,1
747,6793,1
751,6793,1
752,6793,1
756,6793,1
758,6793,1
768,6793,2
769,6793,2
772,6793,1
773,6793,1
779,6793,1
782,6793,1
791,6793,2
792,6793,2
794,6793,1
795,6793,2
796,6793,1
800,6793,1
805,6793,1
824,6793,3
825,6793,3
826,6793,6
828,6793,1
829,6793,1
831,6793,1
832,6793,1
835,6793,1
836,6793,1
837,6793,1
865,6793,1
866,6793,1
867,6793,3
887,6793,1
888,6793,1
894,6793,1
895,6793,2
896,6793,3
897,6793,2
899,6793,5
900,6793,4
903,6793,1
904,6793,3
942,6793,1
943,6793,1
944,6793,1
945,6793,1
954,6793,1
955,6793,1
991,6793,1
992,6793,1
993,6793,1
994,6793,1
995,6793,1
996,6793,1
1001,6793,1
1002,6793,1
1003,6793,1
1056,6793,1
1057,6793,1
662,6794,1
663,6794,1
664,6794,1
665,6794,2
666,6794,1
689,6794,2
690,6794,1
694,6794,1
695,6794,2
696,6794,2
700,6794,2
701,6794,2
702,6794,1
704,6794,1
707,6794,1
709,6794,1
710,6794,1
711,6794,1
712,6794,1
713,6794,1
717,6794,1
719,6794,1
720,6794,1
724,6794,2
725,6794,5
729,6794,1
730,6794,2
731,6794,1
732,6794,2
734,6794,1
741,6794,3
742,6794,1
743,6794,1
744,6794,2
745,6794,1
747,6794,2
756,6794,2
757,6794,1
761,6794,1
773,6794,1
779,6794,1
791,6794,1
793,6794,1
794,6794,1
801,6794,1
805,6794,1
806,6794,1
807,6794,1
824,6794,2
825,6794,1
826,6794,1
829,6794,2
830,6794,1
831,6794,1
835,6794,1
853,6794,2
860,6794,1
863,6794,1
864,6794,1
865,6794,1
866,6794,1
867,6794,1
868,6794,1
881,6794,1
887,6794,1
889,6794,1
893,6794,1
894,6794,1
895,6794,2
896,6794,3
897,6794,2
898,6794,1
899,6794,3
900,6794,4
901,6794,3
902,6794,1
903,6794,2
904,6794,2
911,6794,1
952,6794,1
953,6794,1
958,6794,1
973,6794,1
980,6794,1
996,6794,1
997,6794,1
998,6794,1
999,6794,1
1001,6794,1
1002,6794,1
1007,6794,1
1056,6794,1
641,6795,1
642,6795,1
662,6795,1
664,6795,2
665,6795,2
689,6795,2
695,6795,1
696,6795,1
697,6795,1
700,6795,1
702,6795,2
703,6795,1
704,6795,1
705,6795,1
707,6795,1
708,6795,1
710,6795,2
711,6795,2
712,6795,3
713,6795,1
720,6795,1
725,6795,4
726,6795,1
730,6795,1
731,6795,3
740,6795,1
741,6795,2
742,6795,1
743,6795,1
744,6795,1
745,6795,1
747,6795,1
756,6795,1
757,6795,1
775,6795,1
776,6795,1
777,6795,1
780,6795,1
781,6795,1
790,6795,1
791,6795,1
793,6795,1
801,6795,1
803,6795,1
811,6795,1
845,6795,1
846,6795,1
848,6795,1
851,6795,1
852,6795,1
853,6795,1
859,6795,1
860,6795,1
866,6795,1
867,6795,1
871,6795,1
872,6795,1
881,6795,1
882,6795,1
887,6795,1
888,6795,2
889,6795,1
893,6795,1
894,6795,1
896,6795,2
897,6795,1
898,6795,1
899,6795,4
900,6795,1
901,6795,2
902,6795,2
903,6795,1
904,6795,2
957,6795,1
958,6795,1
967,6795,1
972,6795,1
973,6795,1
978,6795,1
979,6795,1
980,6795,1
999,6795,1
1007,6795,1
1008,6795,2
1013,6795,1
1017,6795,1
1018,6795,1
1019,6795,1
641,6796,1
662,6796,1
664,6796,1
687,6796,1
688,6796,1
693,6796,1
696,6796,2
697,6796,1
698,6796,1
699,6796,2
700,6796,1
702,6796,1
703,6796,3
704,6796,1
706,6796,1
707,6796,1
708,6796,2
710,6796,1
711,6796,1
712,6796,2
713,6796,1
720,6796,1
725,6796,1
726,6796,2
727,6796,1
729,6796,1
730,6796,1
731,6796,3
732,6796,4
733,6796,2
740,6796,1
741,6796,2
743,6796,1
744,6796,2
745,6796,2
747,6796,1
753,6796,1
756,6796,1
757,6796,1
766,6796,1
767,6796,1
781,6796,1
816,6796,1
817,6796,1
818,6796,1
819,6796,1
848,6796,1
872,6796,1
873,6796,3
874,6796,2
882,6796,1
895,6796,1
896,6796,3
897,6796,3
899,6796,1
901,6796,3
902,6796,5
904,6796,1
905,6796,1
906,6796,1
950,6796,1
951,6796,1
952,6796,1
953,6796,1
967,6796,1
1027,6796,1
1029,6796,1
1030,6796,1
1031,6796,1
1036,6796,1
1037,6796,1
641,6797,1
657,6797,1
658,6797,1
665,6797,1
687,6797,1
688,6797,1
689,6797,1
696,6797,1
698,6797,2
699,6797,3
700,6797,1
703,6797,1
704,6797,1
706,6797,1
708,6797,1
712,6797,2
713,6797,4
714,6797,1
726,6797,1
727,6797,1
730,6797,1
732,6797,3
733,6797,2
734,6797,1
735,6797,1
741,6797,3
742,6797,2
744,6797,1
745,6797,1
746,6797,1
749,6797,1
753,6797,1
757,6797,1
767,6797,1
780,6797,1
781,6797,2
790,6797,1
793,6797,1
818,6797,1
819,6797,1
831,6797,1
858,6797,1
874,6797,1
875,6797,1
876,6797,4
877,6797,5
878,6797,2
889,6797,1
890,6797,1
891,6797,1
892,6797,1
896,6797,1
897,6797,5
898,6797,2
899,6797,1
900,6797,1
901,6797,3
902,6797,3
903,6797,1
904,6797,1
905,6797,3
906,6797,1
951,6797,1
987,6797,1
988,6797,1
1031,6797,1
1037,6797,1
1038,6797,1
1040,6797,1
1041,6797,1
1043,6797,1
641,6798,1
652,6798,1
656,6798,1
657,6798,1
689,6798,1
690,6798,1
698,6798,1
699,6798,2
700,6798,1
704,6798,1
705,6798,3
706,6798,3
708,6798,2
711,6798,1
712,6798,1
713,6798,3
714,6798,1
716,6798,1
717,6798,1
718,6798,1
723,6798,1
726,6798,1
730,6798,1
731,6798,1
732,6798,1
733,6798,3
735,6798,1
736,6798,2
741,6798,2
743,6798,1
744,6798,2
745,6798,2
748,6798,1
749,6798,2
750,6798,2
751,6798,1
752,6798,1
753,6798,1
754,6798,1
757,6798,1
768,6798,1
780,6798,1
784,6798,1
793,6798,1
794,6798,1
795,6798,1
826,6798,1
831,6798,1
832,6798,1
856,6798,1
858,6798,1
859,6798,1
860,6798,1
861,6798,1
862,6798,1
863,6798,1
864,6798,1
865,6798,1
876,6798,1
877,6798,4
878,6798,5
879,6798,4
880,6798,4
885,6798,1
890,6798,1
891,6798,1
892,6798,1
896,6798,1
897,6798,1
898,6798,2
899,6798,2
900,6798,4
903,6798,1
905,6798,3
906,6798,2
981,6798,1
982,6798,1
994,6798,1
995,6798,1
650,6799,1
651,6799,1
652,6799,1
690,6799,1
695,6799,1
698,6799,1
702,6799,1
703,6799,1
705,6799,2
706,6799,2
708,6799,1
709,6799,2
712,6799,1
713,6799,2
714,6799,2
715,6799,2
716,6799,1
717,6799,1
718,6799,1
721,6799,1
722,6799,1
723,6799,1
724,6799,1
725,6799,1
729,6799,1
731,6799,1
732,6799,3
733,6799,3
734,6799,1
735,6799,1
736,6799,2
737,6799,1
742,6799,2
744,6799,1
745,6799,2
750,6799,1
751,6799,1
754,6799,3
768,6799,1
769,6799,1
780,6799,1
810,6799,2
811,6799,2
812,6799,1
813,6799,1
820,6799,2
821,6799,1
824,6799,1
826,6799,1
827,6799,1
830,6799,1
831,6799,1
832,6799,1
838,6799,1
839,6799,1
841,6799,1
842,6799,1
844,6799,1
845,6799,1
849,6799,1
850,6799,1
855,6799,1
869,6799,1
872,6799,1
874,6799,1
875,6799,1
876,6799,2
877,6799,1
878,6799,1
879,6799,1
880,6799,4
881,6799,3
882,6799,2
884,6799,1
885,6799,2
892,6799,1
894,6799,1
896,6799,2
897,6799,3
898,6799,2
899,6799,1
900,6799,2
901,6799,1
903,6799,2
904,6799,2
905,6799,1
906,6799,3
907,6799,2
942,6799,1
943,6799,1
995,6799,1
996,6799,1
650,6800,1
690,6800,1
691,6800,1
695,6800,1
700,6800,1
703,6800,1
705,6800,1
706,6800,2
707,6800,1
708,6800,1
709,6800,1
710,6800,1
713,6800,2
715,6800,1
717,6800,1
721,6800,1
722,6800,2
723,6800,1
725,6800,1
726,6800,1
727,6800,3
728,6800,4
729,6800,2
732,6800,1
733,6800,1
734,6800,4
735,6800,3
736,6800,2
737,6800,1
742,6800,2
744,6800,1
748,6800,1
749,6800,1
750,6800,1
751,6800,1
754,6800,2
756,6800,1
757,6800,1
768,6800,1
810,6800,1
813,6800,1
820,6800,2
821,6800,2
824,6800,2
838,6800,1
839,6800,2
840,6800,1
841,6800,1
842,6800,1
844,6800,1
850,6800,1
851,6800,1
852,6800,1
867,6800,1
868,6800,1
869,6800,1
872,6800,1
876,6800,2
877,6800,2
878,6800,1
879,6800,1
880,6800,1
881,6800,1
882,6800,3
883,6800,3
884,6800,1
885,6800,1
890,6800,1
892,6800,1
894,6800,1
897,6800,1
898,6800,2
899,6800,5
900,6800,5
901,6800,2
903,6800,2
904,6800,3
906,6800,3
907,6800,2
936,6800,1
937,6800,1
938,6800,1
950,6800,1
951,6800,1
953,6800,1
954,6800,1
955,6800,1
646,6801,1
693,6801,1
700,6801,1
701,6801,1
702,6801,1
703,6801,2
705,6801,1
706,6801,2
707,6801,2
708,6801,1
710,6801,1
713,6801,2
714,6801,1
717,6801,1
720,6801,1
725,6801,1
726,6801,1
727,6801,1
728,6801,3
729,6801,3
732,6801,1
733,6801,2
734,6801,4
735,6801,4
736,6801,1
742,6801,1
746,6801,2
749,6801,1
754,6801,1
756,6801,1
757,6801,1
768,6801,1
780,6801,1
794,6801,1
810,6801,1
824,6801,1
829,6801,2
830,6801,1
833,6801,1
834,6801,1
835,6801,1
836,6801,1
850,6801,1
851,6801,1
852,6801,1
853,6801,1
856,6801,1
857,6801,1
865,6801,1
866,6801,1
870,6801,1
871,6801,1
872,6801,1
878,6801,1
879,6801,1
883,6801,4
884,6801,4
885,6801,3
886,6801,1
890,6801,1
891,6801,1
892,6801,2
898,6801,2
899,6801,3
900,6801,4
903,6801,1
905,6801,1
906,6801,2
907,6801,2
908,6801,1
909,6801,1
927,6801,1
928,6801,1
929,6801,1
930,6801,1
933,6801,1
934,6801,1
937,6801,1
938,6801,1
940,6801,1
639,6802,1
640,6802,1
646,6802,1
670,6802,1
671,6802,1
687,6802,1
701,6802,1
703,6802,1
706,6802,1
707,6802,3
708,6802,2
709,6802,1
710,6802,1
711,6802,1
713,6802,2
714,6802,2
716,6802,1
717,6802,1
720,6802,1
725,6802,2
726,6802,1
727,6802,2
728,6802,1
729,6802,2
730,6802,4
731,6802,1
732,6802,1
733,6802,1
734,6802,2
735,6802,4
736,6802,1
740,6802,1
741,6802,2
742,6802,1
745,6802,1
746,6802,1
747,6802,1
754,6802,1
755,6802,1
758,6802,1
763,6802,1
767,6802,1
768,6802,1
779,6802,1
793,6802,1
794,6802,1
833,6802,1
834,6802,1
856,6802,1
857,6802,2
883,6802,1
884,6802,2
885,6802,3
886,6802,2
887,6802,2
888,6802,2
890,6802,1
892,6802,1
898,6802,2
900,6802,2
901,6802,3
902,6802,2
903,6802,1
904,6802,1
905,6802,1
906,6802,2
924,6802,1
925,6802,1
939,6802,1
940,6802,1
961,6802,1
964,6802,1
642,6803,1
643,6803,1
644,6803,1
645,6803,1
646,6803,1
671,6803,1
672,6803,1
673,6803,1
687,6803,1
688,6803,1
692,6803,1
700,6803,1
701,6803,1
705,6803,1
707,6803,3
708,6803,3
709,6803,3
710,6803,1
713,6803,1
714,6803,5
716,6803,1
720,6803,1
721,6803,1
726,6803,2
727,6803,2
728,6803,1
730,6803,4
731,6803,1
732,6803,1
733,6803,2
734,6803,3
737,6803,2
741,6803,1
742,6803,1
743,6803,1
747,6803,1
754,6803,1
755,6803,1
758,6803,1
763,6803,1
779,6803,2
789,6803,2
790,6803,1
794,6803,1
834,6803,1
838,6803,1
839,6803,1
865,6803,1
866,6803,1
885,6803,1
886,6803,4
887,6803,2
888,6803,2
889,6803,1
891,6803,1
892,6803,1
893,6803,3
894,6803,1
898,6803,1
901,6803,7
902,6803,6
903,6803,1
904,6803,1
906,6803,1
907,6803,1
908,6803,2
910,6803,1
917,6803,1
924,6803,1
969,6803,1
973,6803,1
974,6803,1
975,6803,1
638,6804,1
641,6804,1
642,6804,1
688,6804,1
692,6804,1
693,6804,1
700,6804,1
701,6804,1
705,6804,1
706,6804,1
707,6804,1
708,6804,3
709,6804,2
716,6804,1
718,6804,2
719,6804,1
720,6804,1
726,6804,2
727,6804,3
728,6804,1
729,6804,1
730,6804,3
732,6804,1
733,6804,2
734,6804,3
737,6804,2
738,6804,3
741,6804,1
743,6804,1
744,6804,3
760,6804,1
763,6804,1
764,6804,1
767,6804,1
783,6804,1
789,6804,1
834,6804,1
835,6804,1
839,6804,1
840,6804,1
841,6804,1
877,6804,1
878,6804,1
883,6804,1
889,6804,2
890,6804,1
891,6804,3
892,6804,1
893,6804,4
894,6804,2
897,6804,1
898,6804,2
899,6804,4
900,6804,1
901,6804,3
902,6804,5
903,6804,2
905,6804,1
906,6804,2
907,6804,3
908,6804,4
910,6804,1
917,6804,2
691,6805,1
693,6805,1
694,6805,1
701,6805,1
706,6805,1
707,6805,1
708,6805,2
709,6805,3
710,6805,1
711,6805,1
712,6805,3
713,6805,3
714,6805,4
715,6805,1
717,6805,1
719,6805,1
727,6805,1
729,6805,1
730,6805,1
733,6805,1
734,6805,2
736,6805,2
737,6805,1
738,6805,3
741,6805,1
744,6805,3
745,6805,3
747,6805,1
748,6805,1
750,6805,2
754,6805,1
758,6805,1
760,6805,1
761,6805,1
764,6805,1
766,6805,1
783,6805,1
788,6805,1
789,6805,1
838,6805,1
841,6805,1
842,6805,1
843,6805,1
849,6805,1
869,6805,1
878,6805,1
879,6805,1
883,6805,2
884,6805,1
889,6805,2
890,6805,4
891,6805,6
892,6805,2
893,6805,2
894,6805,2
895,6805,2
899,6805,3
900,6805,2
901,6805,2
902,6805,1
903,6805,1
904,6805,1
905,6805,5
906,6805,2
907,6805,2
908,6805,5
909,6805,1
910,6805,1
913,6805,1
917,6805,1
918,6805,1
638,6806,1
691,6806,1
692,6806,1
707,6806,1
708,6806,1
709,6806,2
710,6806,3
711,6806,2
712,6806,1
713,6806,2
714,6806,3
715,6806,1
716,6806,2
717,6806,1
718,6806,1
719,6806,3
720,6806,1
728,6806,1
729,6806,2
730,6806,2
732,6806,1
733,6806,1
734,6806,1
737,6806,1
738,6806,4
743,6806,1
744,6806,1
745,6806,3
748,6806,1
750,6806,3
751,6806,1
754,6806,2
756,6806,1
758,6806,1
783,6806,1
784,6806,1
787,6806,1
788,6806,1
796,6806,1
797,6806,1
839,6806,1
840,6806,1
844,6806,1
849,6806,1
850,6806,1
869,6806,1
870,6806,1
871,6806,1
883,6806,2
891,6806,2
892,6806,3
893,6806,1
895,6806,3
896,6806,2
898,6806,1
899,6806,4
900,6806,6
901,6806,3
902,6806,1
903,6806,1
905,6806,2
906,6806,2
907,6806,1
908,6806,2
909,6806,1
914,6806,1
918,6806,1
638,6807,1
690,6807,1
691,6807,1
692,6807,1
693,6807,1
694,6807,1
695,6807,1
700,6807,1
708,6807,1
709,6807,1
710,6807,2
711,6807,2
713,6807,1
714,6807,1
716,6807,3
717,6807,1
718,6807,2
719,6807,1
720,6807,1
730,6807,1
731,6807,1
732,6807,1
733,6807,4
734,6807,1
737,6807,1
738,6807,2
739,6807,2
741,6807,1
744,6807,1
745,6807,3
746,6807,3
750,6807,2
751,6807,4
754,6807,1
755,6807,1
756,6807,1
757,6807,1
758,6807,1
779,6807,1
784,6807,1
786,6807,1
787,6807,1
796,6807,1
804,6807,1
805,6807,1
806,6807,1
807,6807,1
808,6807,1
841,6807,1
842,6807,1
850,6807,1
871,6807,1
872,6807,1
892,6807,2
893,6807,4
894,6807,3
895,6807,1
896,6807,1
897,6807,2
898,6807,1
899,6807,2
900,6807,3
901,6807,2
902,6807,4
903,6807,1
904,6807,4
905,6807,4
906,6807,4
907,6807,2
908,6807,1
912,6807,1
913,6807,1
691,6808,1
692,6808,1
693,6808,1
695,6808,1
696,6808,1
703,6808,1
708,6808,1
709,6808,1
712,6808,3
713,6808,2
714,6808,1
715,6808,1
716,6808,2
717,6808,1
718,6808,2
721,6808,2
722,6808,1
731,6808,1
733,6808,1
734,6808,5
735,6808,2
736,6808,1
737,6808,1
739,6808,3
741,6808,1
742,6808,1
744,6808,1
750,6808,2
751,6808,4
757,6808,1
778,6808,1
779,6808,2
785,6808,1
786,6808,2
787,6808,1
799,6808,1
800,6808,1
807,6808,1
808,6808,1
842,6808,1
843,6808,1
850,6808,1
882,6808,2
883,6808,1
894,6808,3
895,6808,3
897,6808,2
898,6808,3
899,6808,2
900,6808,1
902,6808,7
903,6808,2
904,6808,1
905,6808,6
906,6808,6
907,6808,4
909,6808,1
910,6808,1
912,6808,2
913,6808,1
914,6808,1
915,6808,1
919,6808,1
700,6809,1
702,6809,2
703,6809,2
705,6809,1
706,6809,1
708,6809,1
709,6809,1
710,6809,1
711,6809,1
712,6809,1
713,6809,3
714,6809,3
715,6809,2
716,6809,2
717,6809,2
718,6809,1
720,6809,1
728,6809,1
731,6809,1
732,6809,1
733,6809,1
734,6809,4
736,6809,1
737,6809,1
738,6809,2
739,6809,4
740,6809,1
741,6809,1
742,6809,1
746,6809,1
747,6809,2
750,6809,2
751,6809,3
762,6809,1
770,6809,1
778,6809,1
786,6809,2
807,6809,1
819,6809,1
820,6809,1
843,6809,1
846,6809,1
847,6809,1
895,6809,1
901,6809,1
902,6809,6
903,6809,4
904,6809,1
905,6809,4
906,6809,8
907,6809,8
909,6809,1
910,6809,1
915,6809,1
916,6809,1
917,6809,1
919,6809,1
920,6809,1
921,6809,1
699,6810,1
702,6810,1
703,6810,2
709,6810,1
711,6810,1
712,6810,1
713,6810,1
714,6810,2
715,6810,3
716,6810,2
717,6810,2
718,6810,3
719,6810,2
721,6810,1
728,6810,1
729,6810,1
732,6810,1
734,6810,1
736,6810,1
738,6810,1
739,6810,4
740,6810,4
741,6810,3
746,6810,1
747,6810,3
748,6810,3
751,6810,2
754,6810,1
755,6810,1
762,6810,1
778,6810,1
785,6810,1
786,6810,1
806,6810,1
807,6810,1
823,6810,1
843,6810,1
844,6810,1
882,6810,1
902,6810,2
903,6810,5
904,6810,4
905,6810,13
906,6810,22
907,6810,20
908,6810,5
909,6810,1
699,6811,1
703,6811,2
704,6811,1
712,6811,1
713,6811,2
714,6811,1
715,6811,2
716,6811,2
717,6811,2
718,6811,1
719,6811,2
720,6811,4
721,6811,1
724,6811,1
729,6811,1
731,6811,1
737,6811,1
738,6811,3
739,6811,1
740,6811,4
741,6811,3
742,6811,3
745,6811,1
746,6811,1
749,6811,2
751,6811,1
755,6811,1
759,6811,1
760,6811,1
766,6811,1
769,6811,1
785,6811,1
806,6811,1
823,6811,1
824,6811,1
854,6811,1
862,6811,1
882,6811,1
884,6811,1
903,6811,1
904,6811,2
905,6811,7
906,6811,31
907,6811,52
908,6811,12
923,6811,1
711,6812,1
716,6812,2
717,6812,1
718,6812,2
720,6812,2
721,6812,1
722,6812,2
724,6812,1
735,6812,1
737,6812,1
738,6812,2
740,6812,6
741,6812,1
742,6812,2
743,6812,2
745,6812,1
746,6812,1
749,6812,2
750,6812,1
751,6812,1
753,6812,1
754,6812,2
755,6812,3
759,6812,1
766,6812,1
827,6812,1
828,6812,1
862,6812,1
882,6812,1
884,6812,1
904,6812,1
905,6812,2
906,6812,11
907,6812,29
942,6812,1
711,6813,1
712,6813,1
715,6813,1
716,6813,3
717,6813,4
718,6813,1
719,6813,2
720,6813,1
722,6813,1
723,6813,3
725,6813,1
735,6813,1
736,6813,1
738,6813,1
739,6813,3
740,6813,6
741,6813,5
742,6813,2
743,6813,3
744,6813,1
745,6813,1
746,6813,2
750,6813,1
751,6813,1
752,6813,1
753,6813,1
754,6813,2
755,6813,3
762,6813,1
766,6813,1
776,6813,1
779,6813,1
786,6813,1
787,6813,1
831,6813,1
832,6813,1
848,6813,1
862,6813,1
863,6813,1
882,6813,1
883,6813,1
885,6813,1
894,6813,1
895,6813,1
910,6813,1
911,6813,1
932,6813,1
933,6813,1
710,6814,1
712,6814,1
716,6814,2
717,6814,3
718,6814,1
719,6814,1
720,6814,2
721,6814,1
722,6814,1
723,6814,3
725,6814,3
726,6814,1
736,6814,1
737,6814,1
739,6814,3
740,6814,3
741,6814,4
742,6814,1
743,6814,2
746,6814,1
748,6814,2
749,6814,2
752,6814,1
754,6814,3
755,6814,3
766,6814,1
767,6814,1
778,6814,1
786,6814,1
849,6814,1
850,6814,1
862,6814,1
885,6814,1
886,6814,1
891,6814,1
894,6814,1
910,6814,1
911,6814,1
710,6815,1
712,6815,2
713,6815,2
717,6815,1
718,6815,5
719,6815,3
720,6815,1
721,6815,1
722,6815,1
723,6815,2
725,6815,1
726,6815,2
736,6815,1
739,6815,1
740,6815,3
741,6815,3
742,6815,1
743,6815,1
744,6815,1
748,6815,3
749,6815,2
755,6815,1
761,6815,1
764,6815,1
766,6815,1
767,6815,1
777,6815,1
778,6815,2
850,6815,1
885,6815,1
891,6815,1
894,6815,1
945,6815,1
946,6815,1
947,6815,1
704,6816,1
712,6816,1
713,6816,3
718,6816,1
719,6816,4
720,6816,3
721,6816,1
723,6816,1
726,6816,1
727,6816,1
733,6816,1
738,6816,1
739,6816,1
740,6816,3
741,6816,4
742,6816,1
743,6816,3
744,6816,1
748,6816,2
749,6816,4
751,6816,1
752,6816,2
761,6816,1
764,6816,1
765,6816,1
777,6816,1
778,6816,1
799,6816,1
800,6816,1
851,6816,1
852,6816,1
853,6816,1
861,6816,1
862,6816,1
871,6816,1
882,6816,1
907,6816,1
926,6816,1
927,6816,2
930,6816,1
947,6816,1
713,6817,1
715,6817,1
716,6817,1
717,6817,1
721,6817,2
722,6817,1
723,6817,2
724,6817,2
725,6817,1
726,6817,1
727,6817,1
733,6817,1
739,6817,2
740,6817,1
741,6817,5
742,6817,2
743,6817,1
748,6817,1
749,6817,3
751,6817,1
758,6817,1
760,6817,1
761,6817,1
765,6817,1
770,6817,1
787,6817,1
852,6817,1
853,6817,2
855,6817,1
879,6817,1
880,6817,1
882,6817,1
893,6817,1
916,6817,1
917,6817,1
927,6817,1
928,6817,1
929,6817,1
950,6817,1
951,6817,1
716,6818,1
717,6818,3
718,6818,1
719,6818,1
720,6818,1
721,6818,2
722,6818,1
723,6818,2
724,6818,1
725,6818,1
726,6818,1
727,6818,1
728,6818,1
739,6818,2
740,6818,3
741,6818,2
742,6818,6
743,6818,3
748,6818,1
749,6818,4
752,6818,1
754,6818,2
755,6818,1
758,6818,1
765,6818,1
770,6818,1
787,6818,1
794,6818,1
835,6818,1
836,6818,1
837,6818,1
853,6818,1
855,6818,1
856,6818,1
887,6818,1
888,6818,1
893,6818,1
928,6818,1
929,6818,2
930,6818,1
933,6818,1
934,6818,1
713,6819,1
715,6819,1
716,6819,2
717,6819,1
718,6819,2
719,6819,1
720,6819,2
721,6819,3
723,6819,2
724,6819,1
726,6819,2
727,6819,3
728,6819,1
740,6819,1
741,6819,1
742,6819,6
743,6819,8
744,6819,2
745,6819,1
749,6819,4
754,6819,3
757,6819,1
761,6819,1
762,6819,1
774,6819,1
775,6819,1
778,6819,1
781,6819,1
787,6819,1
794,6819,1
795,6819,1
865,6819,1
884,6819,1
888,6819,1
889,6819,1
907,6819,1
930,6819,1
932,6819,1
714,6820,1
716,6820,1
717,6820,1
720,6820,1
721,6820,3
722,6820,3
723,6820,3
724,6820,5
725,6820,1
726,6820,2
727,6820,2
728,6820,2
729,6820,2
742,6820,1
743,6820,4
744,6820,2
745,6820,1
746,6820,3
747,6820,3
749,6820,3
753,6820,2
754,6820,1
756,6820,1
757,6820,1
761,6820,2
774,6820,1
775,6820,1
777,6820,1
778,6820,1
780,6820,1
781,6820,1
783,6820,1
785,6820,1
787,6820,1
795,6820,1
840,6820,1
857,6820,2
858,6820,1
884,6820,1
907,6820,1
908,6820,1
716,6821,3
717,6821,6
718,6821,2
719,6821,1
720,6821,1
722,6821,2
723,6821,1
724,6821,2
725,6821,1
726,6821,2
727,6821,2
728,6821,2
729,6821,1
730,6821,1
736,6821,1
743,6821,1
745,6821,2
746,6821,1
747,6821,3
749,6821,2
751,6821,1
752,6821,1
753,6821,2
754,6821,3
757,6821,1
761,6821,2
762,6821,1
774,6821,1
776,6821,1
777,6821,1
780,6821,1
783,6821,1
785,6821,1
792,6821,1
793,6821,1
858,6821,1
889,6821,1
890,6821,1
891,6821,1
932,6821,1
715,6822,1
716,6822,1
717,6822,5
718,6822,6
719,6822,2
720,6822,1
721,6822,2
722,6822,1
723,6822,3
725,6822,1
726,6822,2
727,6822,1
728,6822,3
729,6822,2
730,6822,1
731,6822,1
742,6822,1
743,6822,1
745,6822,1
746,6822,3
747,6822,1
748,6822,1
749,6822,3
751,6822,2
752,6822,1
753,6822,3
754,6822,2
757,6822,2
761,6822,1
762,6822,1
774,6822,1
780,6822,1
784,6822,1
785,6822,1
825,6822,1
826,6822,1
862,6822,1
863,6822,1
867,6822,1
869,6822,1
882,6822,1
886,6822,1
889,6822,1
891,6822,1
892,6822,1
956,6822,1
957,6822,1
716,6823,1
718,6823,2
719,6823,2
720,6823,1
722,6823,1
723,6823,1
726,6823,2
727,6823,2
728,6823,3
729,6823,1
730,6823,1
731,6823,2
743,6823,1
746,6823,5
747,6823,4
748,6823,3
749,6823,4
751,6823,1
754,6823,1
757,6823,1
758,6823,1
759,6823,1
760,6823,1
762,6823,2
763,6823,1
767,6823,1
770,6823,1
774,6823,1
779,6823,1
780,6823,2
781,6823,1
782,6823,1
784,6823,1
789,6823,1
845,6823,1
846,6823,1
863,6823,1
867,6823,1
868,6823,1
889,6823,1
892,6823,1
912,6823,1
913,6823,1
914,6823,1
934,6823,1
935,6823,1
958,6823,1
959,6823,1
960,6823,1
719,6824,3
720,6824,3
721,6824,1
722,6824,1
723,6824,1
724,6824,3
725,6824,3
726,6824,1
727,6824,1
728,6824,1
729,6824,2
730,6824,2
731,6824,3
732,6824,1
744,6824,1
745,6824,1
746,6824,1
747,6824,2
748,6824,3
749,6824,2
750,6824,2
751,6824,1
754,6824,1
755,6824,5
758,6824,1
759,6824,1
762,6824,1
763,6824,1
764,6824,1
766,6824,1
767,6824,1
770,6824,1
771,6824,1
779,6824,1
780,6824,1
788,6824,1
789,6824,1
846,6824,1
847,6824,1
892,6824,1
893,6824,1
935,6824,1
936,6824,2
937,6824,1
720,6825,2
721,6825,2
722,6825,1
723,6825,1
724,6825,6
725,6825,4
726,6825,1
727,6825,1
728,6825,1
729,6825,2
730,6825,2
731,6825,6
732,6825,1
744,6825,3
745,6825,2
746,6825,1
747,6825,1
748,6825,2
749,6825,2
750,6825,3
751,6825,1
754,6825,1
755,6825,5
758,6825,1
759,6825,2
761,6825,1
762,6825,1
763,6825,1
766,6825,1
767,6825,1
770,6825,1
778,6825,1
779,6825,2
787,6825,1
788,6825,1
883,6825,1
884,6825,1
892,6825,1
893,6825,1
898,6825,1
899,6825,1
900,6825,1
938,6825,1
943,6825,1
944,6825,1
721,6826,5
723,6826,1
724,6826,2
725,6826,6
726,6826,3
727,6826,1
728,6826,2
729,6826,3
731,6826,7
732,6826,3
733,6826,1
744,6826,3
745,6826,3
746,6826,1
748,6826,1
749,6826,3
750,6826,2
751,6826,1
755,6826,3
759,6826,2
761,6826,1
763,6826,1
766,6826,1
767,6826,1
778,6826,2
862,6826,1
863,6826,1
871,6826,1
872,6826,1
883,6826,1
892,6826,1
893,6826,1
899,6826,1
900,6826,1
901,6826,1
918,6826,1
938,6826,1
939,6826,1
940,6826,1
948,6826,1
963,6826,1
721,6827,3
722,6827,4
723,6827,1
725,6827,1
726,6827,4
727,6827,1
728,6827,3
729,6827,4
730,6827,2
731,6827,2
732,6827,4
733,6827,2
734,6827,1
735,6827,1
744,6827,2
745,6827,3
746,6827,1
747,6827,5
748,6827,2
749,6827,1
750,6827,1
751,6827,2
755,6827,1
758,6827,1
759,6827,3
766,6827,1
767,6827,2
777,6827,1
778,6827,1
817,6827,1
818,6827,1
856,6827,1
857,6827,1
872,6827,1
883,6827,1
884,6827,1
887,6827,1
892,6827,1
940,6827,2
941,6827,1
949,6827,1
951,6827,1
963,6827,1
722,6828,3
723,6828,1
726,6828,2
727,6828,3
728,6828,1
730,6828,3
731,6828,2
733,6828,3
734,6828,2
735,6828,1
744,6828,1
745,6828,1
747,6828,3
748,6828,4
751,6828,2
752,6828,1
756,6828,1
757,6828,1
758,6828,1
760,6828,1
761,6828,1
762,6828,1
776,6828,1
777,6828,1
781,6828,1
782,6828,1
816,6828,1
817,6828,1
856,6828,1
869,6828,1
870,6828,1
885,6828,1
887,6828,1
892,6828,1
723,6829,1
724,6829,1
725,6829,1
727,6829,4
728,6829,2
729,6829,1
730,6829,2
731,6829,5
732,6829,1
733,6829,1
734,6829,2
737,6829,1
738,6829,1
739,6829,1
740,6829,1
744,6829,1
747,6829,3
748,6829,8
749,6829,1
751,6829,1
752,6829,2
753,6829,1
755,6829,1
756,6829,2
757,6829,1
760,6829,1
761,6829,1
764,6829,1
770,6829,1
771,6829,1
776,6829,1
781,6829,1
863,6829,1
870,6829,1
885,6829,1
891,6829,1
899,6829,1
900,6829,1
948,6829,1
949,6829,1
722,6830,1
724,6830,1
725,6830,1
726,6830,1
727,6830,3
728,6830,2
729,6830,1
730,6830,2
731,6830,5
732,6830,5
733,6830,1
734,6830,3
735,6830,3
736,6830,2
737,6830,2
738,6830,1
739,6830,1
740,6830,1
741,6830,2
743,6830,2
744,6830,1
747,6830,1
748,6830,5
749,6830,3
750,6830,1
751,6830,2
752,6830,3
753,6830,1
755,6830,2
756,6830,2
764,6830,2
766,6830,1
770,6830,2
771,6830,2
781,6830,1
863,6830,1
864,6830,1
898,6830,1
899,6830,1
943,6830,1
944,6830,1
949,6830,1
956,6830,1
722,6831,1
723,6831,1
725,6831,3
727,6831,1
729,6831,3
730,6831,3
731,6831,3
732,6831,5
733,6831,5
734,6831,3
735,6831,2
736,6831,5
737,6831,1
738,6831,2
739,6831,1
741,6831,2
743,6831,3
745,6831,1
747,6831,1
749,6831,3
752,6831,1
753,6831,1
755,6831,3
756,6831,2
757,6831,1
758,6831,1
764,6831,2
765,6831,1
766,6831,1
770,6831,2
779,6831,1
781,6831,1
864,6831,1
865,6831,2
870,6831,1
877,6831,1
882,6831,1
889,6831,1
898,6831,1
945,6831,1
946,6831,1
950,6831,1
951,6831,1
723,6832,1
725,6832,2
726,6832,2
727,6832,4
728,6832,1
729,6832,2
730,6832,1
731,6832,1
732,6832,3
733,6832,3
734,6832,2
735,6832,1
736,6832,4
737,6832,1
740,6832,1
743,6832,2
744,6832,2
745,6832,1
747,6832,2
748,6832,2
749,6832,2
750,6832,3
752,6832,1
753,6832,1
755,6832,3
757,6832,3
758,6832,1
759,6832,1
760,6832,1
764,6832,1
765,6832,2
766,6832,1
767,6832,1
770,6832,1
778,6832,1
779,6832,1
870,6832,1
874,6832,1
880,6832,1
882,6832,1
888,6832,2
889,6832,1
896,6832,1
921,6832,1
922,6832,1
946,6832,1
949,6832,1
950,6832,1
951,6832,1
723,6833,2
724,6833,1
725,6833,1
726,6833,1
727,6833,5
728,6833,3
729,6833,2
730,6833,2
732,6833,1
733,6833,2
734,6833,2
735,6833,1
736,6833,2
738,6833,3
739,6833,1
740,6833,1
741,6833,1
743,6833,1
744,6833,2
746,6833,1
748,6833,2
749,6833,3
750,6833,4
751,6833,3
752,6833,1
753,6833,2
754,6833,2
757,6833,5
758,6833,2
759,6833,1
760,6833,1
765,6833,2
766,6833,1
767,6833,2
770,6833,1
805,6833,1
806,6833,1
875,6833,1
880,6833,1
881,6833,1
882,6833,1
885,6833,1
888,6833,2
896,6833,1
921,6833,1
922,6833,1
923,6833,1
937,6833,1
938,6833,1
943,6833,1
946,6833,1
947,6833,1
723,6834,1
724,6834,2
725,6834,2
726,6834,3
727,6834,2
728,6834,1
729,6834,1
730,6834,2
731,6834,1
732,6834,1
733,6834,1
734,6834,1
735,6834,3
736,6834,4
737,6834,2
738,6834,2
739,6834,1
740,6834,1
741,6834,3
742,6834,3
743,6834,1
744,6834,1
746,6834,1
748,6834,4
749,6834,4
750,6834,2
751,6834,2
754,6834,2
757,6834,2
758,6834,1
760,6834,2
765,6834,1
766,6834,1
767,6834,1
768,6834,1
770,6834,1
775,6834,1
800,6834,1
801,6834,1
880,6834,1
881,6834,1
883,6834,1
884,6834,1
885,6834,1
888,6834,1
895,6834,1
910,6834,1
911,6834,1
925,6834,1
926,6834,1
927,6834,1
928,6834,1
943,6834,1
944,6834,1
959,6834,1
974,6834,1
719,6835,1
726,6835,2
727,6835,3
728,6835,4
731,6835,1
732,6835,1
733,6835,4
734,6835,2
735,6835,2
736,6835,1
737,6835,2
738,6835,2
740,6835,3
741,6835,3
742,6835,1
743,6835,2
744,6835,1
746,6835,2
747,6835,4
748,6835,6
749,6835,6
750,6835,1
751,6835,2
752,6835,1
754,6835,2
755,6835,1
758,6835,1
759,6835,1
760,6835,2
765,6835,1
766,6835,1
767,6835,2
769,6835,1
770,6835,1
775,6835,1
779,6835,1
800,6835,1
801,6835,1
876,6835,1
877,6835,2
878,6835,1
880,6835,1
881,6835,1
884,6835,1
892,6835,1
893,6835,1
911,6835,1
912,6835,1
925,6835,1
926,6835,1
956,6835,1
975,6835,1
724,6836,1
725,6836,1
727,6836,2
728,6836,4
729,6836,3
733,6836,2
734,6836,1
735,6836,1
736,6836,2
737,6836,1
738,6836,2
740,6836,2
741,6836,2
743,6836,1
744,6836,3
745,6836,1
746,6836,2
747,6836,4
748,6836,6
749,6836,6
750,6836,4
752,6836,1
754,6836,1
755,6836,1
756,6836,1
757,6836,1
758,6836,1
759,6836,1
760,6836,1
761,6836,1
765,6836,1
766,6836,1
767,6836,2
769,6836,1
781,6836,1
814,6836,1
815,6836,1
869,6836,1
870,6836,1
878,6836,1
881,6836,1
892,6836,1
924,6836,1
926,6836,1
927,6836,1
956,6836,1
957,6836,1
725,6837,1
726,6837,1
728,6837,2
729,6837,3
730,6837,2
733,6837,1
734,6837,1
735,6837,3
736,6837,1
737,6837,2
738,6837,1
739,6837,1
741,6837,2
742,6837,1
745,6837,2
747,6837,2
748,6837,3
749,6837,5
750,6837,3
751,6837,2
752,6837,1
754,6837,1
755,6837,1
756,6837,1
757,6837,2
758,6837,1
759,6837,2
760,6837,3
761,6837,2
766,6837,1
767,6837,1
768,6837,1
769,6837,1
780,6837,1
781,6837,1
812,6837,1
813,6837,1
814,6837,1
815,6837,1
816,6837,1
817,6837,1
871,6837,1
884,6837,1
887,6837,1
888,6837,1
926,6837,1
927,6837,1
726,6838,1
728,6838,1
729,6838,1
730,6838,3
732,6838,1
733,6838,2
734,6838,3
735,6838,4
736,6838,2
737,6838,5
738,6838,3
739,6838,2
740,6838,1
741,6838,2
743,6838,1
744,6838,1
745,6838,1
746,6838,2
747,6838,1
748,6838,1
749,6838,5
750,6838,2
753,6838,1
754,6838,2
755,6838,1
756,6838,2
759,6838,2
760,6838,2
761,6838,1
763,6838,1
765,6838,1
766,6838,2
769,6838,2
770,6838,1
780,6838,1
783,6838,1
828,6838,1
829,6838,1
830,6838,1
883,6838,1
886,6838,1
887,6838,1
888,6838,1
889,6838,1
890,6838,1
956,6838,1
728,6839,1
729,6839,1
730,6839,1
731,6839,1
733,6839,1
734,6839,2
735,6839,6
736,6839,3
737,6839,3
738,6839,7
739,6839,3
740,6839,2
741,6839,2
743,6839,2
744,6839,1
747,6839,3
748,6839,1
749,6839,2
750,6839,4
751,6839,1
753,6839,1
754,6839,1
755,6839,1
756,6839,2
759,6839,3
761,6839,1
763,6839,1
765,6839,1
766,6839,1
767,6839,1
768,6839,1
769,6839,1
774,6839,1
796,6839,1
797,6839,1
821,6839,1
822,6839,1
823,6839,1
827,6839,1
828,6839,1
830,6839,1
831,6839,1
838,6839,1
839,6839,1
840,6839,1
879,6839,1
880,6839,1
881,6839,1
884,6839,1
885,6839,1
888,6839,1
956,6839,1
957,6839,1
963,6839,1
964,6839,2
965,6839,2
966,6839,1
967,6839,1
730,6840,1
731,6840,1
732,6840,1
733,6840,1
734,6840,1
735,6840,1
736,6840,3
737,6840,2
738,6840,2
739,6840,5
740,6840,1
741,6840,1
743,6840,3
744,6840,1
747,6840,1
748,6840,3
749,6840,3
750,6840,6
752,6840,1
753,6840,1
754,6840,1
755,6840,2
756,6840,1
757,6840,2
759,6840,2
761,6840,1
762,6840,1
763,6840,2
764,6840,1
765,6840,1
766,6840,1
768,6840,1
769,6840,1
778,6840,1
836,6840,1
837,6840,1
838,6840,1
840,6840,1
841,6840,1
842,6840,1
843,6840,1
844,6840,1
877,6840,1
879,6840,1
880,6840,1
881,6840,1
882,6840,1
883,6840,1
884,6840,1
885,6840,1
886,6840,1
887,6840,1
888,6840,1
964,6840,1
967,6840,2
968,6840,2
969,6840,1
730,6841,2
731,6841,1
732,6841,3
733,6841,1
734,6841,2
735,6841,1
738,6841,1
739,6841,4
740,6841,5
741,6841,2
742,6841,2
743,6841,2
744,6841,7
745,6841,3
746,6841,1
747,6841,2
748,6841,2
749,6841,7
750,6841,7
752,6841,2
753,6841,2
754,6841,2
755,6841,1
756,6841,3
757,6841,3
759,6841,2
760,6841,2
762,6841,1
763,6841,1
764,6841,1
766,6841,1
772,6841,1
773,6841,1
777,6841,1
778,6841,1
780,6841,1
781,6841,1
836,6841,1
844,6841,1
848,6841,1
877,6841,1
878,6841,1
880,6841,1
883,6841,2
884,6841,1
886,6841,2
887,6841,2
888,6841,1
967,6841,1
969,6841,1
730,6842,2
731,6842,2
732,6842,3
733,6842,2
734,6842,2
735,6842,1
738,6842,1
739,6842,4
740,6842,4
741,6842,3
742,6842,4
743,6842,2
744,6842,6
745,6842,3
746,6842,3
747,6842,2
748,6842,1
749,6842,5
750,6842,8
751,6842,3
752,6842,4
753,6842,3
754,6842,1
756,6842,1
757,6842,3
758,6842,2
759,6842,2
760,6842,1
761,6842,2
763,6842,1
766,6842,1
767,6842,3
778,6842,1
780,6842,1
844,6842,1
845,6842,1
847,6842,1
848,6842,1
849,6842,1
880,6842,1
883,6842,1
884,6842,2
886,6842,2
887,6842,1
888,6842,1
967,6842,1
971,6842,1
972,6842,1
981,6842,1
983,6842,1
732,6843,1
733,6843,1
734,6843,1
737,6843,3
738,6843,3
739,6843,2
740,6843,3
741,6843,1
742,6843,2
743,6843,1
744,6843,5
745,6843,2
746,6843,4
747,6843,1
748,6843,3
749,6843,3
750,6843,1
751,6843,7
752,6843,2
753,6843,4
754,6843,3
757,6843,3
758,6843,3
759,6843,1
761,6843,1
762,6843,1
763,6843,1
764,6843,1
766,6843,1
767,6843,3
768,6843,1
771,6843,1
775,6843,1
776,6843,1
854,6843,1
855,6843,1
856,6843,1
857,6843,1
884,6843,2
887,6843,1
976,6843,1
977,6843,1
983,6843,1
984,6843,1
733,6844,1
734,6844,1
736,6844,1
737,6844,3
738,6844,5
739,6844,2
740,6844,2
741,6844,3
742,6844,2
743,6844,1
744,6844,2
745,6844,2
746,6844,3
747,6844,3
748,6844,6
749,6844,6
750,6844,3
751,6844,5
752,6844,5
753,6844,2
754,6844,4
755,6844,1
757,6844,2
758,6844,3
759,6844,1
760,6844,1
761,6844,1
762,6844,1
763,6844,1
767,6844,1
771,6844,1
778,6844,1
786,6844,1
857,6844,1
881,6844,1
883,6844,1
884,6844,1
886,6844,1
887,6844,1
977,6844,1
978,6844,1
979,6844,1
735,6845,1
737,6845,1
739,6845,1
740,6845,2
741,6845,4
742,6845,5
743,6845,4
744,6845,3
747,6845,3
748,6845,2
749,6845,7
750,6845,9
751,6845,3
752,6845,4
753,6845,4
754,6845,4
755,6845,3
757,6845,1
758,6845,2
759,6845,1
760,6845,2
761,6845,2
762,6845,1
763,6845,3
764,6845,1
767,6845,1
773,6845,1
774,6845,1
778,6845,1
786,6845,1
882,6845,1
972,6845,1
973,6845,1
979,6845,1
980,6845,1
737,6846,2
738,6846,2
741,6846,2
742,6846,2
743,6846,3
744,6846,6
745,6846,2
746,6846,2
747,6846,2
748,6846,5
749,6846,2
750,6846,7
751,6846,3
752,6846,3
753,6846,2
754,6846,3
755,6846,6
757,6846,2
759,6846,1
760,6846,1
763,6846,2
766,6846,1
767,6846,1
769,6846,1
772,6846,1
773,6846,1
777,6846,1
859,6846,1
860,6846,1
883,6846,1
884,6846,2
885,6846,1
886,6846,1
887,6846,1
973,6846,1
987,6846,1
738,6847,2
739,6847,3
740,6847,3
741,6847,1
742,6847,1
744,6847,4
745,6847,1
746,6847,2
747,6847,3
748,6847,5
749,6847,4
750,6847,3
751,6847,6
752,6847,5
753,6847,1
755,6847,3
756,6847,2
757,6847,2
759,6847,1
760,6847,1
763,6847,1
766,6847,1
768,6847,1
791,6847,1
860,6847,1
861,6847,1
882,6847,1
884,6847,3
885,6847,3
887,6847,1
888,6847,1
974,6847,1
975,6847,1
981,6847,1
982,6847,1
986,6847,1
987,6847,2
988,6847,1
733,6848,1
734,6848,2
735,6848,3
736,6848,1
738,6848,1
740,6848,1
741,6848,2
742,6848,1
744,6848,2
746,6848,1
747,6848,4
748,6848,2
749,6848,3
750,6848,4
751,6848,2
752,6848,3
753,6848,2
754,6848,1
755,6848,3
756,6848,2
757,6848,3
758,6848,1
760,6848,1
762,6848,2
767,6848,1
768,6848,2
769,6848,1
772,6848,1
791,6848,1
881,6848,1
882,6848,1
884,6848,2
885,6848,1
888,6848,1
889,6848,1
976,6848,1
977,6848,1
987,6848,1
734,6849,1
735,6849,1
736,6849,1
737,6849,2
738,6849,1
739,6849,1
740,6849,2
741,6849,2
742,6849,2
743,6849,2
746,6849,1
747,6849,3
748,6849,4
749,6849,1
750,6849,2
751,6849,5
752,6849,2
753,6849,1
755,6849,3
756,6849,2
757,6849,1
758,6849,2
759,6849,2
760,6849,1
761,6849,1
762,6849,1
765,6849,1
768,6849,1
790,6849,1
791,6849,1
879,6849,1
880,6849,1
881,6849,1
884,6849,1
885,6849,1
886,6849,1
887,6849,2
890,6849,1
737,6850,1
738,6850,2
739,6850,1
740,6850,1
741,6850,1
742,6850,3
743,6850,2
746,6850,1
747,6850,3
748,6850,6
749,6850,4
750,6850,3
751,6850,5
752,6850,5
753,6850,2
754,6850,1
755,6850,2
756,6850,4
758,6850,1
759,6850,5
760,6850,2
761,6850,3
762,6850,3
764,6850,2
765,6850,2
766,6850,2
767,6850,2
771,6850,1
867,6850,1
868,6850,1
879,6850,1
884,6850,2
886,6850,1
887,6850,1
888,6850,1
890,6850,1
891,6850,1
977,6850,1
989,6850,1
990,6850,1
736,6851,1
737,6851,1
740,6851,1
741,6851,1
742,6851,1
743,6851,2
744,6851,2
745,6851,2
746,6851,1
747,6851,2
748,6851,5
749,6851,5
750,6851,6
751,6851,6
752,6851,7
753,6851,6
754,6851,3
755,6851,2
756,6851,4
758,6851,2
759,6851,5
760,6851,4
761,6851,3
762,6851,3
764,6851,1
765,6851,1
766,6851,1
767,6851,3
770,6851,1
771,6851,1
780,6851,1
781,6851,1
853,6851,1
868,6851,1
884,6851,1
886,6851,1
890,6851,1
892,6851,1
977,6851,1
978,6851,1
737,6852,1
743,6852,1
744,6852,2
745,6852,1
746,6852,2
747,6852,2
748,6852,4
749,6852,4
750,6852,7
751,6852,5
752,6852,5
753,6852,5
754,6852,4
755,6852,2
756,6852,3
757,6852,4
758,6852,3
759,6852,4
760,6852,3
761,6852,1
763,6852,1
764,6852,1
765,6852,1
767,6852,3
774,6852,1
775,6852,1
780,6852,1
791,6852,1
850,6852,1
851,6852,1
852,6852,1
856,6852,1
857,6852,1
863,6852,1
864,6852,1
866,6852,1
867,6852,1
868,6852,1
869,6852,1
871,6852,1
872,6852,1
882,6852,1
883,6852,1
886,6852,1
890,6852,1
892,6852,1
747,6853,2
748,6853,2
749,6853,1
750,6853,5
751,6853,4
752,6853,3
753,6853,5
754,6853,1
755,6853,4
756,6853,1
757,6853,7
758,6853,4
759,6853,7
760,6853,7
761,6853,2
762,6853,2
763,6853,2
764,6853,2
765,6853,1
767,6853,1
768,6853,1
774,6853,1
791,6853,1
797,6853,1
826,6853,1
827,6853,1
834,6853,1
835,6853,1
847,6853,1
849,6853,1
850,6853,1
857,6853,1
861,6853,1
862,6853,1
866,6853,1
867,6853,1
868,6853,1
885,6853,1
886,6853,2
740,6854,1
741,6854,1
742,6854,1
745,6854,2
747,6854,1
748,6854,2
749,6854,5
750,6854,2
751,6854,6
752,6854,8
753,6854,7
754,6854,4
755,6854,3
756,6854,3
757,6854,4
758,6854,4
759,6854,5
760,6854,8
761,6854,2
762,6854,1
763,6854,4
764,6854,2
768,6854,1
779,6854,1
797,6854,1
826,6854,1
837,6854,1
838,6854,1
842,6854,1
843,6854,1
844,6854,1
855,6854,1
856,6854,1
857,6854,2
858,6854,2
859,6854,2
860,6854,2
861,6854,2
862,6854,1
863,6854,1
868,6854,1
872,6854,1
873,6854,1
874,6854,1
875,6854,2
876,6854,1
877,6854,2
878,6854,2
879,6854,3
881,6854,2
882,6854,2
883,6854,3
884,6854,2
885,6854,3
886,6854,1
739,6855,1
740,6855,1
741,6855,1
742,6855,2
745,6855,2
748,6855,1
749,6855,4
750,6855,3
751,6855,8
752,6855,6
753,6855,5
754,6855,4
755,6855,3
756,6855,2
757,6855,2
758,6855,2
759,6855,4
760,6855,5
761,6855,6
762,6855,2
763,6855,1
764,6855,3
765,6855,3
766,6855,1
767,6855,3
768,6855,1
769,6855,1
770,6855,1
778,6855,1
779,6855,1
792,6855,1
797,6855,1
833,6855,1
834,6855,1
835,6855,1
849,6855,1
850,6855,2
851,6855,1
858,6855,2
859,6855,2
863,6855,1
868,6855,1
869,6855,1
875,6855,2
876,6855,2
877,6855,1
879,6855,1
881,6855,1
882,6855,1
883,6855,2
884,6855,2
885,6855,6
886,6855,3
887,6855,1
888,6855,2
889,6855,1
890,6855,2
891,6855,1
892,6855,2
893,6855,2
894,6855,1
895,6855,1
896,6855,1
897,6855,1
993,6855,1
994,6855,1
741,6856,1
742,6856,1
745,6856,2
746,6856,2
747,6856,1
748,6856,4
749,6856,3
750,6856,7
751,6856,3
752,6856,5
753,6856,8
754,6856,4
755,6856,6
756,6856,4
757,6856,2
758,6856,2
759,6856,3
760,6856,3
761,6856,6
762,6856,5
763,6856,2
764,6856,2
765,6856,1
766,6856,1
767,6856,3
768,6856,1
770,6856,1
797,6856,1
816,6856,1
817,6856,1
825,6856,1
826,6856,1
833,6856,1
835,6856,1
842,6856,1
843,6856,2
844,6856,1
845,6856,1
850,6856,1
851,6856,1
857,6856,2
858,6856,1
868,6856,1
869,6856,1
882,6856,1
883,6856,2
884,6856,1
885,6856,5
886,6856,2
888,6856,2
889,6856,3
890,6856,2
891,6856,1
892,6856,1
893,6856,2
894,6856,4
895,6856,4
896,6856,5
897,6856,8
898,6856,1
742,6857,2
743,6857,1
745,6857,3
746,6857,3
747,6857,1
748,6857,2
749,6857,2
750,6857,6
751,6857,4
752,6857,4
753,6857,9
754,6857,7
755,6857,4
756,6857,4
757,6857,4
758,6857,3
759,6857,2
760,6857,3
761,6857,4
762,6857,3
763,6857,3
764,6857,3
765,6857,1
766,6857,3
768,6857,3
814,6857,1
815,6857,1
816,6857,1
826,6857,1
845,6857,1
846,6857,1
849,6857,1
850,6857,1
851,6857,1
855,6857,1
856,6857,1
857,6857,2
870,6857,1
871,6857,1
874,6857,1
875,6857,1
876,6857,2
877,6857,2
879,6857,1
880,6857,2
881,6857,2
882,6857,1
883,6857,1
888,6857,1
889,6857,1
890,6857,1
894,6857,5
895,6857,9
896,6857,11
897,6857,6
898,6857,1
899,6857,1
984,6857,1
743,6858,2
744,6858,2
746,6858,1
747,6858,3
748,6858,2
749,6858,2
750,6858,2
751,6858,5
752,6858,3
753,6858,10
754,6858,7
755,6858,4
756,6858,2
757,6858,3
758,6858,4
759,6858,5
760,6858,1
761,6858,3
762,6858,4
764,6858,3
765,6858,2
766,6858,2
768,6858,3
769,6858,1
771,6858,2
814,6858,1
815,6858,1
816,6858,1
817,6858,1
819,6858,1
820,6858,1
842,6858,1
851,6858,1
854,6858,1
855,6858,1
867,6858,1
871,6858,1
872,6858,1
875,6858,1
876,6858,1
877,6858,1
878,6858,2
895,6858,2
896,6858,2
897,6858,2
898,6858,1
984,6858,1
985,6858,1
741,6859,1
747,6859,3
748,6859,2
749,6859,4
750,6859,5
751,6859,2
752,6859,6
753,6859,1
754,6859,7
755,6859,4
756,6859,3
757,6859,3
758,6859,2
759,6859,3
760,6859,1
762,6859,1
763,6859,4
764,6859,2
765,6859,2
766,6859,2
767,6859,2
768,6859,2
769,6859,2
770,6859,2
771,6859,1
810,6859,1
811,6859,1
812,6859,1
842,6859,1
843,6859,1
854,6859,1
861,6859,1
864,6859,1
865,6859,1
866,6859,1
867,6859,1
870,6859,1
875,6859,1
876,6859,2
884,6859,1
899,6859,1
900,6859,1
990,6859,1
991,6859,1
992,6859,1
1000,6859,1
742,6860,1
743,6860,2
745,6860,1
747,6860,1
748,6860,1
749,6860,4
750,6860,4
751,6860,6
752,6860,5
753,6860,3
754,6860,5
755,6860,6
756,6860,5
757,6860,1
758,6860,2
759,6860,2
760,6860,4
761,6860,3
762,6860,2
763,6860,3
764,6860,3
765,6860,4
766,6860,1
767,6860,3
768,6860,1
769,6860,2
770,6860,2
771,6860,2
807,6860,1
808,6860,1
841,6860,1
842,6860,1
855,6860,1
856,6860,1
857,6860,1
858,6860,1
861,6860,1
862,6860,1
864,6860,1
865,6860,1
884,6860,2
885,6860,3
900,6860,1
901,6860,1
992,6860,1
994,6860,1
998,6860,1
999,6860,1
1000,6860,1
1001,6860,1
743,6861,2
744,6861,3
749,6861,4
750,6861,4
751,6861,4
752,6861,4
753,6861,3
754,6861,6
755,6861,6
756,6861,10
757,6861,5
758,6861,2
760,6861,2
761,6861,4
762,6861,1
763,6861,2
764,6861,2
765,6861,5
766,6861,5
767,6861,4
768,6861,1
769,6861,1
770,6861,1
771,6861,4
772,6861,2
777,6861,1
801,6861,1
802,6861,1
803,6861,1
804,6861,1
807,6861,1
836,6861,1
840,6861,1
854,6861,1
855,6861,1
884,6861,4
885,6861,1
999,6861,1
1000,6861,1
1001,6861,2
1002,6861,1
744,6862,2
745,6862,2
746,6862,4
748,6862,1
749,6862,2
750,6862,4
751,6862,5
752,6862,4
753,6862,2
754,6862,4
755,6862,5
756,6862,3
757,6862,3
758,6862,3
759,6862,2
760,6862,1
761,6862,5
763,6862,1
766,6862,4
767,6862,1
768,6862,1
769,6862,1
771,6862,2
772,6862,2
774,6862,1
777,6862,1
804,6862,1
805,6862,2
806,6862,1
807,6862,1
828,6862,1
829,6862,1
836,6862,1
840,6862,1
842,6862,1
843,6862,1
845,6862,1
849,6862,1
850,6862,1
854,6862,1
855,6862,1
856,6862,1
884,6862,4
1001,6862,1
1003,6862,1
744,6863,1
746,6863,3
747,6863,2
749,6863,3
750,6863,3
751,6863,2
752,6863,3
753,6863,5
754,6863,6
755,6863,10
756,6863,6
757,6863,5
758,6863,3
759,6863,2
761,6863,3
762,6863,2
763,6863,2
764,6863,4
765,6863,2
766,6863,1
768,6863,1
769,6863,3
770,6863,5
771,6863,1
772,6863,1
774,6863,1
777,6863,1
805,6863,1
806,6863,1
811,6863,1
812,6863,1
814,6863,1
817,6863,1
818,6863,1
820,6863,1
821,6863,1
822,6863,1
823,6863,1
829,6863,1
830,6863,1
831,6863,1
832,6863,1
833,6863,1
836,6863,1
837,6863,1
873,6863,1
874,6863,1
883,6863,1
884,6863,3
998,6863,1
1003,6863,1
1004,6863,1
1005,6863,1
742,6864,1
744,6864,1
745,6864,1
746,6864,2
747,6864,2
748,6864,2
750,6864,3
751,6864,2
752,6864,1
753,6864,2
754,6864,3
755,6864,12
756,6864,6
757,6864,7
758,6864,4
759,6864,3
761,6864,2
762,6864,1
763,6864,3
764,6864,3
765,6864,5
766,6864,1
767,6864,2
770,6864,5
771,6864,1
772,6864,1
773,6864,2
774,6864,1
777,6864,1
791,6864,1
792,6864,1
809,6864,1
810,6864,1
814,6864,1
824,6864,1
830,6864,1
837,6864,1
838,6864,1
839,6864,1
868,6864,1
869,6864,1
875,6864,1
876,6864,1
883,6864,1
1005,6864,1
745,6865,1
748,6865,1
750,6865,1
752,6865,1
753,6865,4
754,6865,3
755,6865,8
756,6865,7
757,6865,3
758,6865,4
759,6865,3
760,6865,1
761,6865,2
762,6865,2
763,6865,1
764,6865,1
765,6865,6
766,6865,3
767,6865,2
768,6865,2
769,6865,3
770,6865,3
771,6865,1
773,6865,3
774,6865,1
777,6865,1
790,6865,1
791,6865,1
793,6865,1
815,6865,1
816,6865,1
821,6865,1
832,6865,1
866,6865,1
867,6865,1
868,6865,1
869,6865,1
875,6865,1
999,6865,1
1000,6865,1
749,6866,1
750,6866,1
752,6866,2
753,6866,3
754,6866,6
755,6866,4
756,6866,8
757,6866,5
758,6866,5
759,6866,5
760,6866,2
761,6866,2
762,6866,3
763,6866,1
764,6866,1
765,6866,7
766,6866,8
767,6866,2
769,6866,2
771,6866,2
772,6866,1
774,6866,2
775,6866,3
776,6866,1
790,6866,1
791,6866,1
793,6866,1
821,6866,1
822,6866,1
823,6866,1
824,6866,1
825,6866,1
829,6866,1
830,6866,1
831,6866,1
832,6866,1
833,6866,1
858,6866,2
866,6866,1
882,6866,1
883,6866,1
884,6866,2
1009,6866,1
748,6867,1
749,6867,2
750,6867,2
752,6867,2
753,6867,2
754,6867,3
755,6867,7
756,6867,4
757,6867,7
758,6867,5
759,6867,4
760,6867,4
761,6867,2
762,6867,3
763,6867,2
764,6867,4
765,6867,5
766,6867,4
767,6867,3
768,6867,1
770,6867,1
771,6867,1
772,6867,1
773,6867,1
775,6867,3
776,6867,1
777,6867,1
789,6867,1
790,6867,1
804,6867,1
805,6867,1
806,6867,2
808,6867,1
857,6867,2
858,6867,2
863,6867,1
869,6867,1
882,6867,1
883,6867,2
884,6867,1
747,6868,1
748,6868,3
749,6868,2
750,6868,4
752,6868,2
753,6868,2
754,6868,2
755,6868,6
756,6868,7
757,6868,5
758,6868,4
759,6868,3
760,6868,8
761,6868,3
763,6868,3
764,6868,5
765,6868,4
766,6868,2
767,6868,2
769,6868,1
770,6868,1
771,6868,1
772,6868,3
773,6868,3
775,6868,3
776,6868,2
777,6868,1
778,6868,1
789,6868,1
804,6868,1
805,6868,1
806,6868,1
818,6868,1
819,6868,1
820,6868,1
821,6868,1
855,6868,1
859,6868,1
883,6868,5
748,6869,1
749,6869,3
750,6869,3
751,6869,1
752,6869,4
753,6869,4
754,6869,3
755,6869,6
756,6869,6
757,6869,9
758,6869,6
759,6869,2
760,6869,8
761,6869,4
762,6869,1
763,6869,3
764,6869,4
765,6869,3
766,6869,1
767,6869,1
768,6869,1
769,6869,1
771,6869,1
772,6869,2
773,6869,1
775,6869,1
776,6869,1
778,6869,1
802,6869,1
820,6869,1
855,6869,1
857,6869,1
858,6869,1
871,6869,1
872,6869,1
883,6869,3
743,6870,1
749,6870,5
750,6870,4
751,6870,3
753,6870,3
754,6870,4
755,6870,3
756,6870,5
757,6870,8
758,6870,8
759,6870,4
760,6870,3
761,6870,5
762,6870,4
763,6870,6
764,6870,3
766,6870,1
767,6870,5
768,6870,1
769,6870,1
770,6870,1
772,6870,1
773,6870,2
775,6870,2
776,6870,1
791,6870,1
855,6870,1
870,6870,1
871,6870,1
1013,6870,1
1014,6870,1
749,6871,1
750,6871,2
751,6871,5
752,6871,1
753,6871,2
754,6871,3
755,6871,3
756,6871,5
757,6871,3
758,6871,12
759,6871,9
760,6871,6
761,6871,2
763,6871,3
764,6871,3
766,6871,3
767,6871,3
768,6871,1
769,6871,3
770,6871,2
772,6871,1
773,6871,2
774,6871,2
775,6871,3
776,6871,3
778,6871,1
791,6871,1
799,6871,1
800,6871,1
1003,6871,1
1004,6871,1
1014,6871,1
750,6872,2
751,6872,3
752,6872,1
753,6872,3
754,6872,2
755,6872,1
756,6872,4
757,6872,2
758,6872,7
759,6872,6
760,6872,7
761,6872,5
762,6872,2
763,6872,1
764,6872,1
765,6872,5
766,6872,5
767,6872,5
769,6872,2
770,6872,1
773,6872,2
774,6872,4
775,6872,3
776,6872,2
777,6872,1
778,6872,2
791,6872,1
792,6872,1
793,6872,1
798,6872,1
799,6872,1
867,6872,1
1014,6872,1
738,6873,1
739,6873,1
751,6873,3
752,6873,1
754,6873,2
755,6873,4
756,6873,2
757,6873,6
758,6873,8
759,6873,4
760,6873,7
761,6873,8
762,6873,5
763,6873,4
764,6873,4
765,6873,5
766,6873,7
767,6873,3
769,6873,1
770,6873,4
773,6873,2
774,6873,3
775,6873,2
776,6873,2
778,6873,2
780,6873,1
783,6873,1
784,6873,2
785,6873,1
791,6873,1
793,6873,1
798,6873,1
867,6873,1
868,6873,1
1004,6873,1
1014,6873,1
1029,6873,1
1030,6873,1
749,6874,2
750,6874,2
751,6874,1
752,6874,3
753,6874,1
754,6874,3
755,6874,5
756,6874,3
757,6874,10
758,6874,12
759,6874,7
760,6874,2
761,6874,3
762,6874,4
763,6874,3
764,6874,5
765,6874,4
766,6874,5
767,6874,3
768,6874,1
769,6874,2
770,6874,6
771,6874,3
772,6874,1
773,6874,2
774,6874,5
776,6874,1
777,6874,2
780,6874,1
784,6874,1
785,6874,1
786,6874,1
791,6874,1
793,6874,1
807,6874,1
810,6874,1
811,6874,1
867,6874,1
1023,6874,1
1024,6874,1
1030,6874,1
1031,6874,1
748,6875,1
749,6875,2
750,6875,2
751,6875,2
752,6875,1
754,6875,2
755,6875,4
756,6875,2
757,6875,6
758,6875,8
759,6875,5
760,6875,3
761,6875,7
762,6875,3
763,6875,4
764,6875,6
765,6875,3
766,6875,5
767,6875,2
768,6875,2
769,6875,1
770,6875,8
771,6875,5
772,6875,1
773,6875,2
774,6875,2
775,6875,3
776,6875,2
777,6875,3
778,6875,2
780,6875,1
786,6875,1
807,6875,1
809,6875,1
810,6875,1
811,6875,1
1005,6875,1
1023,6875,1
1024,6875,1
1031,6875,1
730,6876,2
731,6876,1
749,6876,1
754,6876,1
755,6876,4
757,6876,4
758,6876,3
759,6876,5
760,6876,3
761,6876,10
762,6876,5
763,6876,3
764,6876,3
765,6876,3
766,6876,3
767,6876,2
768,6876,2
769,6876,4
770,6876,11
771,6876,9
772,6876,2
773,6876,1
775,6876,1
776,6876,1
777,6876,1
778,6876,5
779,6876,1
780,6876,1
781,6876,1
786,6876,1
787,6876,1
792,6876,1
793,6876,1
854,6876,1
855,6876,2
865,6876,1
1032,6876,1
729,6877,1
730,6877,1
753,6877,4
754,6877,4
755,6877,3
756,6877,2
758,6877,3
759,6877,3
760,6877,6
761,6877,10
762,6877,9
763,6877,3
764,6877,2
765,6877,5
766,6877,5
767,6877,3
768,6877,2
769,6877,7
770,6877,11
771,6877,14
772,6877,5
773,6877,1
775,6877,2
776,6877,1
777,6877,1
778,6877,1
779,6877,1
780,6877,2
781,6877,2
782,6877,1
790,6877,1
791,6877,1
792,6877,1
854,6877,2
855,6877,1
865,6877,1
866,6877,1
748,6878,1
751,6878,2
752,6878,2
754,6878,5
755,6878,7
756,6878,5
757,6878,3
758,6878,2
759,6878,3
760,6878,8
761,6878,10
762,6878,9
763,6878,9
764,6878,8
765,6878,5
766,6878,5
767,6878,5
768,6878,4
769,6878,3
770,6878,5
771,6878,5
772,6878,7
773,6878,3
774,6878,1
775,6878,2
776,6878,3
777,6878,2
780,6878,2
781,6878,1
782,6878,2
787,6878,1
792,6878,1
853,6878,1
854,6878,2
865,6878,2
866,6878,1
729,6879,1
748,6879,1
749,6879,1
752,6879,2
754,6879,2
755,6879,7
756,6879,4
757,6879,3
758,6879,1
759,6879,1
760,6879,4
761,6879,3
762,6879,3
763,6879,3
764,6879,4
765,6879,2
766,6879,4
767,6879,6
768,6879,4
769,6879,2
770,6879,4
771,6879,1
772,6879,4
773,6879,3
774,6879,4
775,6879,1
776,6879,2
777,6879,4
778,6879,2
780,6879,1
782,6879,2
783,6879,1
787,6879,1
788,6879,1
792,6879,1
853,6879,1
865,6879,1
729,6880,1
730,6880,1
749,6880,1
750,6880,1
753,6880,2
754,6880,3
755,6880,6
756,6880,3
757,6880,1
758,6880,1
759,6880,2
760,6880,1
761,6880,8
762,6880,6
763,6880,4
764,6880,7
765,6880,3
766,6880,2
767,6880,1
768,6880,5
769,6880,3
770,6880,2
771,6880,1
772,6880,2
773,6880,5
774,6880,4
775,6880,2
776,6880,3
777,6880,4
778,6880,4
779,6880,2
780,6880,1
782,6880,1
783,6880,1
784,6880,1
789,6880,1
792,6880,1
851,6880,1
852,6880,1
865,6880,1
730,6881,1
731,6881,1
753,6881,2
754,6881,2
755,6881,3
756,6881,3
757,6881,2
758,6881,3
759,6881,5
760,6881,1
761,6881,3
762,6881,7
763,6881,4
764,6881,8
765,6881,3
766,6881,1
767,6881,3
768,6881,3
769,6881,4
770,6881,4
771,6881,2
773,6881,3
774,6881,4
775,6881,1
776,6881,1
777,6881,5
778,6881,4
779,6881,7
780,6881,1
782,6881,1
784,6881,2
785,6881,2
786,6881,1
789,6881,1
792,6881,1
851,6881,2
852,6881,1
862,6881,1
863,6881,1
864,6881,1
865,6881,1
753,6882,2
754,6882,4
755,6882,7
757,6882,2
758,6882,4
759,6882,5
760,6882,5
761,6882,1
762,6882,5
763,6882,6
764,6882,4
765,6882,4
766,6882,1
767,6882,3
768,6882,3
770,6882,5
771,6882,6
774,6882,4
775,6882,4
776,6882,4
777,6882,3
778,6882,3
779,6882,5
780,6882,2
781,6882,1
782,6882,2
783,6882,2
784,6882,1
785,6882,1
786,6882,2
789,6882,1
790,6882,1
791,6882,1
792,6882,1
862,6882,1
863,6882,1
864,6882,1
735,6883,1
736,6883,1
737,6883,1
754,6883,5
755,6883,10
756,6883,8
757,6883,4
758,6883,5
759,6883,6
760,6883,8
761,6883,7
762,6883,3
763,6883,7
764,6883,7
765,6883,5
766,6883,3
767,6883,4
768,6883,1
769,6883,1
771,6883,5
774,6883,3
775,6883,4
776,6883,6
777,6883,3
778,6883,1
779,6883,1
780,6883,1
781,6883,2
782,6883,3
783,6883,3
784,6883,3
786,6883,1
788,6883,1
789,6883,1
790,6883,3
791,6883,2
792,6883,1
795,6883,1
820,6883,1
862,6883,1
737,6884,1
739,6884,1
740,6884,1
753,6884,1
754,6884,1
755,6884,10
756,6884,12
757,6884,2
758,6884,3
759,6884,4
760,6884,9
761,6884,9
762,6884,7
763,6884,5
764,6884,13
765,6884,6
766,6884,5
767,6884,7
768,6884,2
769,6884,1
770,6884,3
771,6884,3
772,6884,3
774,6884,1
775,6884,5
776,6884,6
777,6884,4
778,6884,3
779,6884,3
780,6884,5
781,6884,4
782,6884,3
783,6884,2
784,6884,3
785,6884,1
786,6884,1
787,6884,1
788,6884,1
790,6884,3
791,6884,1
820,6884,1
740,6885,2
741,6885,1
743,6885,1
744,6885,1
749,6885,1
752,6885,1
753,6885,2
755,6885,11
756,6885,17
757,6885,2
758,6885,2
759,6885,2
760,6885,7
761,6885,7
762,6885,10
763,6885,5
764,6885,10
765,6885,11
766,6885,6
767,6885,4
768,6885,4
769,6885,2
770,6885,4
772,6885,3
773,6885,3
774,6885,2
775,6885,3
776,6885,4
777,6885,3
778,6885,5
779,6885,1
780,6885,5
781,6885,5
782,6885,3
783,6885,1
784,6885,2
785,6885,2
787,6885,1
788,6885,1
789,6885,1
790,6885,1
791,6885,1
741,6886,1
742,6886,1
743,6886,1
744,6886,1
749,6886,2
750,6886,1
751,6886,1
752,6886,1
755,6886,11
756,6886,13
757,6886,2
758,6886,4
759,6886,2
760,6886,2
761,6886,4
762,6886,7
763,6886,8
764,6886,8
765,6886,5
766,6886,8
767,6886,3
768,6886,1
769,6886,1
770,6886,1
771,6886,1
772,6886,1
773,6886,1
774,6886,3
775,6886,3
776,6886,3
777,6886,3
778,6886,5
779,6886,2
780,6886,3
781,6886,3
782,6886,3
783,6886,2
784,6886,1
789,6886,1
859,6886,1
860,6886,1
743,6887,1
744,6887,1
750,6887,1
751,6887,2
752,6887,1
756,6887,1
757,6887,1
758,6887,4
759,6887,2
762,6887,7
763,6887,13
764,6887,13
765,6887,10
766,6887,6
767,6887,5
768,6887,4
770,6887,1
772,6887,1
774,6887,2
775,6887,3
776,6887,1
777,6887,2
778,6887,5
779,6887,2
780,6887,5
781,6887,3
783,6887,5
784,6887,6
785,6887,2
786,6887,1
787,6887,1
789,6887,1
790,6887,1
792,6887,2
859,6887,1
747,6888,1
751,6888,1
752,6888,2
755,6888,1
757,6888,1
758,6888,3
759,6888,3
762,6888,2
763,6888,7
764,6888,14
765,6888,10
766,6888,13
767,6888,5
768,6888,1
769,6888,1
770,6888,1
772,6888,1
773,6888,2
775,6888,2
776,6888,2
777,6888,2
778,6888,4
779,6888,7
780,6888,6
781,6888,4
782,6888,3
783,6888,2
784,6888,5
785,6888,2
790,6888,1
791,6888,1
792,6888,1
793,6888,1
796,6888,1
809,6888,1
862,6888,1
747,6889,1
749,6889,1
750,6889,2
752,6889,1
755,6889,1
758,6889,4
762,6889,1
763,6889,4
764,6889,10
765,6889,11
766,6889,9
767,6889,5
768,6889,1
769,6889,1
770,6889,1
771,6889,1
773,6889,1
775,6889,2
776,6889,1
777,6889,2
778,6889,2
779,6889,7
780,6889,3
781,6889,3
782,6889,2
783,6889,5
784,6889,3
785,6889,2
787,6889,1
790,6889,2
791,6889,1
809,6889,1
810,6889,1
825,6889,1
848,6889,1
861,6889,1
862,6889,1
747,6890,1
749,6890,2
750,6890,1
751,6890,1
758,6890,1
759,6890,2
760,6890,1
762,6890,1
763,6890,1
764,6890,3
765,6890,10
766,6890,10
767,6890,9
768,6890,8
769,6890,2
770,6890,2
771,6890,2
774,6890,1
775,6890,2
776,6890,2
777,6890,2
778,6890,1
779,6890,6
780,6890,2
781,6890,3
782,6890,3
783,6890,5
784,6890,3
785,6890,3
786,6890,1
787,6890,1
788,6890,3
789,6890,2
790,6890,1
791,6890,2
810,6890,1
825,6890,1
848,6890,1
861,6890,1
862,6890,1
748,6891,1
749,6891,1
751,6891,1
756,6891,1
758,6891,1
759,6891,2
763,6891,1
764,6891,2
765,6891,1
766,6891,4
767,6891,9
768,6891,5
769,6891,2
770,6891,1
771,6891,2
772,6891,1
775,6891,2
776,6891,4
777,6891,6
778,6891,2
779,6891,2
780,6891,3
781,6891,2
782,6891,4
783,6891,3
784,6891,3
785,6891,3
786,6891,2
787,6891,3
788,6891,2
789,6891,2
791,6891,1
792,6891,3
794,6891,1
856,6891,1
748,6892,1
757,6892,3
758,6892,2
759,6892,2
760,6892,1
763,6892,1
764,6892,3
765,6892,5
766,6892,5
767,6892,12
768,6892,10
769,6892,3
770,6892,2
771,6892,1
772,6892,2
773,6892,1
774,6892,1
775,6892,1
777,6892,2
778,6892,5
779,6892,1
782,6892,4
783,6892,1
784,6892,1
785,6892,2
786,6892,3
787,6892,2
788,6892,1
789,6892,1
790,6892,2
791,6892,1
792,6892,4
793,6892,3
794,6892,2
795,6892,2
822,6892,1
849,6892,1
856,6892,1
746,6893,1
747,6893,1
748,6893,1
750,6893,1
752,6893,1
753,6893,1
754,6893,2
755,6893,1
757,6893,2
758,6893,1
760,6893,1
763,6893,1
765,6893,5
766,6893,6
767,6893,11
768,6893,17
769,6893,6
770,6893,4
771,6893,2
772,6893,1
773,6893,1
775,6893,1
777,6893,1
778,6893,4
779,6893,4
780,6893,1
781,6893,2
782,6893,2
783,6893,2
784,6893,1
785,6893,1
786,6893,2
789,6893,2
790,6893,2
792,6893,1
794,6893,3
795,6893,4
849,6893,1
855,6893,1
856,6893,1
746,6894,1
749,6894,1
750,6894,1
753,6894,1
754,6894,2
755,6894,3
756,6894,1
757,6894,1
758,6894,2
760,6894,1
761,6894,3
762,6894,2
763,6894,1
764,6894,1
765,6894,2
766,6894,3
767,6894,13
768,6894,23
769,6894,19
770,6894,8
771,6894,5
772,6894,1
773,6894,3
775,6894,2
776,6894,2
777,6894,1
778,6894,2
779,6894,5
780,6894,6
781,6894,2
782,6894,1
783,6894,2
784,6894,2
785,6894,2
786,6894,3
787,6894,2
788,6894,2
789,6894,3
790,6894,2
792,6894,1
795,6894,3
796,6894,2
797,6894,1
844,6894,1
855,6894,1
857,6894,1
740,6895,1
741,6895,1
746,6895,1
749,6895,1
754,6895,1
756,6895,1
757,6895,1
760,6895,1
761,6895,1
762,6895,4
763,6895,1
764,6895,1
765,6895,2
766,6895,3
767,6895,9
768,6895,50
769,6895,60
770,6895,14
771,6895,4
773,6895,2
774,6895,1
775,6895,1
777,6895,1
778,6895,3
779,6895,4
780,6895,7
781,6895,5
782,6895,5
783,6895,1
784,6895,2
785,6895,2
786,6895,3
787,6895,3
788,6895,1
789,6895,2
790,6895,5
791,6895,1
792,6895,2
793,6895,1
796,6895,2
797,6895,1
798,6895,2
799,6895,1
826,6895,1
827,6895,1
843,6895,1
844,6895,2
854,6895,1
855,6895,1
741,6896,1
746,6896,1
748,6896,1
750,6896,1
751,6896,1
754,6896,1
755,6896,1
757,6896,2
758,6896,1
760,6896,1
763,6896,2
764,6896,1
765,6896,2
766,6896,1
767,6896,4
768,6896,35
769,6896,84
770,6896,12
772,6896,2
773,6896,1
774,6896,1
775,6896,2
779,6896,1
780,6896,4
781,6896,5
782,6896,4
783,6896,3
784,6896,1
785,6896,4
786,6896,3
787,6896,2
788,6896,1
789,6896,1
790,6896,1
791,6896,2
792,6896,3
793,6896,1
796,6896,1
797,6896,2
798,6896,3
799,6896,2
801,6896,1
809,6896,1
827,6896,1
842,6896,1
843,6896,2
844,6896,1
854,6896,1
746,6897,1
747,6897,2
748,6897,1
750,6897,1
755,6897,1
756,6897,1
760,6897,1
768,6897,10
769,6897,13
770,6897,8
771,6897,4
772,6897,5
773,6897,2
774,6897,3
775,6897,2
776,6897,3
777,6897,1
778,6897,1
780,6897,4
781,6897,5
782,6897,3
783,6897,2
784,6897,2
785,6897,1
786,6897,3
787,6897,2
788,6897,1
789,6897,2
790,6897,1
792,6897,3
793,6897,3
794,6897,2
796,6897,1
797,6897,1
798,6897,2
799,6897,3
800,6897,2
801,6897,1
842,6897,1
843,6897,1
853,6897,1
854,6897,1
747,6898,1
748,6898,1
749,6898,2
751,6898,1
756,6898,1
757,6898,3
758,6898,1
763,6898,1
764,6898,1
770,6898,1
771,6898,4
772,6898,6
773,6898,6
774,6898,4
775,6898,1
776,6898,3
777,6898,3
779,6898,1
780,6898,2
781,6898,4
782,6898,3
783,6898,4
784,6898,3
785,6898,2
786,6898,3
787,6898,2
789,6898,1
790,6898,2
792,6898,2
793,6898,4
794,6898,6
795,6898,4
796,6898,1
797,6898,1
798,6898,1
799,6898,2
800,6898,2
826,6898,1
827,6898,1
842,6898,1
746,6899,1
747,6899,1
749,6899,2
751,6899,2
752,6899,1
756,6899,1
757,6899,2
758,6899,2
759,6899,1
763,6899,1
764,6899,1
765,6899,1
766,6899,1
769,6899,1
771,6899,1
772,6899,3
773,6899,4
774,6899,6
775,6899,2
776,6899,2
777,6899,4
778,6899,3
779,6899,1
781,6899,3
782,6899,4
783,6899,3
784,6899,4
785,6899,5
786,6899,2
787,6899,2
789,6899,1
790,6899,1
792,6899,2
793,6899,5
794,6899,5
795,6899,5
796,6899,2
797,6899,2
798,6899,1
800,6899,1
801,6899,3
827,6899,1
833,6899,1
852,6899,1
855,6899,1
746,6900,1
748,6900,1
750,6900,1
751,6900,2
758,6900,1
759,6900,2
760,6900,2
761,6900,1
764,6900,1
765,6900,1
766,6900,2
767,6900,2
768,6900,3
769,6900,1
770,6900,1
772,6900,4
773,6900,5
774,6900,2
775,6900,5
776,6900,2
777,6900,4
778,6900,3
779,6900,2
780,6900,1
781,6900,1
782,6900,2
783,6900,5
784,6900,3
785,6900,5
786,6900,6
787,6900,5
788,6900,1
790,6900,1
793,6900,2
794,6900,1
795,6900,5
796,6900,1
797,6900,1
798,6900,2
799,6900,1
801,6900,2
802,6900,1
827,6900,1
837,6900,1
841,6900,1
845,6900,1
846,6900,1
847,6900,1
852,6900,1
760,6901,1
766,6901,1
767,6901,1
768,6901,2
769,6901,3
770,6901,4
771,6901,1
772,6901,2
773,6901,1
774,6901,5
775,6901,8
777,6901,2
778,6901,4
779,6901,2
782,6901,3
783,6901,3
784,6901,2
785,6901,1
786,6901,6
787,6901,9
788,6901,2
789,6901,1
795,6901,1
796,6901,1
797,6901,1
798,6901,3
799,6901,2
800,6901,1
801,6901,2
802,6901,2
803,6901,1
805,6901,1
841,6901,1
854,6901,1
745,6902,1
746,6902,1
755,6902,1
756,6902,1
757,6902,1
760,6902,1
766,6902,1
767,6902,1
768,6902,1
770,6902,1
771,6902,2
772,6902,3
773,6902,2
774,6902,1
775,6902,7
776,6902,2
777,6902,1
778,6902,3
779,6902,1
780,6902,3
781,6902,1
782,6902,3
784,6902,3
785,6902,6
786,6902,7
787,6902,7
788,6902,6
789,6902,5
790,6902,1
791,6902,2
796,6902,1
797,6902,1
799,6902,1
800,6902,2
801,6902,2
802,6902,3
803,6902,1
805,6902,1
807,6902,1
827,6902,1
855,6902,1
860,6902,1
861,6902,1
745,6903,2
746,6903,2
747,6903,1
755,6903,1
756,6903,1
760,6903,1
761,6903,2
762,6903,1
763,6903,1
770,6903,1
774,6903,1
775,6903,2
776,6903,2
778,6903,2
779,6903,3
780,6903,5
781,6903,2
782,6903,4
783,6903,3
784,6903,1
785,6903,5
786,6903,14
787,6903,6
788,6903,7
789,6903,6
790,6903,3
791,6903,2
799,6903,1
800,6903,1
801,6903,2
802,6903,1
803,6903,4
804,6903,2
807,6903,2
808,6903,2
846,6903,1
847,6903,1
855,6903,1
864,6903,1
874,6903,1
875,6903,1
744,6904,1
745,6904,2
746,6904,1
760,6904,1
761,6904,1
762,6904,2
763,6904,2
764,6904,1
767,6904,1
770,6904,1
771,6904,2
772,6904,1
773,6904,2
774,6904,1
775,6904,1
776,6904,1
777,6904,5
778,6904,7
779,6904,3
780,6904,8
781,6904,3
782,6904,3
783,6904,4
784,6904,2
786,6904,5
787,6904,6
788,6904,9
789,6904,6
790,6904,5
791,6904,1
792,6904,1
800,6904,1
802,6904,1
803,6904,3
804,6904,1
805,6904,1
808,6904,2
809,6904,1
810,6904,1
811,6904,1
812,6904,1
846,6904,1
853,6904,1
854,6904,1
864,6904,1
865,6904,1
874,6904,1
746,6905,1
754,6905,1
762,6905,1
763,6905,2
764,6905,2
765,6905,1
771,6905,1
772,6905,2
773,6905,1
774,6905,2
775,6905,3
776,6905,1
778,6905,3
779,6905,5
780,6905,5
781,6905,4
782,6905,3
783,6905,3
784,6905,2
785,6905,1
787,6905,4
788,6905,9
789,6905,7
790,6905,9
791,6905,3
792,6905,2
793,6905,2
795,6905,1
796,6905,1
800,6905,1
801,6905,2
802,6905,1
803,6905,5
804,6905,4
805,6905,2
806,6905,1
810,6905,1
811,6905,1
812,6905,1
813,6905,1
837,6905,1
868,6905,1
873,6905,1
874,6905,1
746,6906,1
750,6906,1
751,6906,1
753,6906,1
754,6906,1
765,6906,1
767,6906,1
768,6906,2
769,6906,2
772,6906,1
773,6906,1
775,6906,3
776,6906,3
778,6906,1
779,6906,3
780,6906,4
781,6906,6
782,6906,5
783,6906,7
784,6906,5
785,6906,1
786,6906,2
787,6906,3
788,6906,4
789,6906,3
790,6906,4
791,6906,3
792,6906,4
793,6906,4
794,6906,1
795,6906,2
796,6906,3
797,6906,3
801,6906,2
802,6906,1
803,6906,2
804,6906,3
805,6906,1
806,6906,1
807,6906,1
813,6906,1
814,6906,2
836,6906,1
851,6906,1
852,6906,1
868,6906,1
745,6907,1
746,6907,1
750,6907,1
754,6907,1
762,6907,1
763,6907,1
764,6907,1
766,6907,1
767,6907,2
768,6907,1
769,6907,1
770,6907,1
771,6907,1
772,6907,1
773,6907,1
776,6907,1
777,6907,2
779,6907,1
780,6907,3
781,6907,1
782,6907,4
783,6907,4
784,6907,7
785,6907,2
786,6907,1
787,6907,3
788,6907,5
789,6907,4
790,6907,3
791,6907,1
792,6907,2
793,6907,3
794,6907,3
795,6907,1
797,6907,1
798,6907,2
799,6907,1
802,6907,2
803,6907,1
804,6907,1
805,6907,1
806,6907,2
807,6907,3
808,6907,1
809,6907,1
811,6907,1
812,6907,1
813,6907,1
814,6907,3
815,6907,1
816,6907,1
835,6907,2
742,6908,1
745,6908,1
747,6908,1
749,6908,1
764,6908,1
765,6908,1
770,6908,1
771,6908,1
773,6908,1
774,6908,3
775,6908,1
777,6908,4
778,6908,7
779,6908,1
780,6908,2
781,6908,1
782,6908,3
783,6908,4
784,6908,4
785,6908,4
786,6908,3
787,6908,2
788,6908,3
789,6908,6
790,6908,5
791,6908,1
792,6908,2
793,6908,7
794,6908,6
795,6908,3
796,6908,1
797,6908,1
798,6908,3
799,6908,3
801,6908,1
802,6908,2
803,6908,1
805,6908,1
807,6908,2
808,6908,1
809,6908,2
812,6908,1
813,6908,2
814,6908,1
815,6908,1
816,6908,2
817,6908,3
818,6908,1
823,6908,1
835,6908,1
845,6908,1
846,6908,1
849,6908,1
872,6908,1
873,6908,1
742,6909,1
744,6909,1
745,6909,2
746,6909,1
747,6909,1
758,6909,1
759,6909,1
760,6909,1
762,6909,1
765,6909,1
766,6909,1
767,6909,1
770,6909,1
771,6909,2
772,6909,2
773,6909,1
774,6909,1
775,6909,3
776,6909,1
777,6909,1
778,6909,7
779,6909,9
780,6909,5
781,6909,2
782,6909,1
783,6909,1
784,6909,3
785,6909,4
786,6909,4
787,6909,5
788,6909,6
789,6909,8
790,6909,3
791,6909,3
792,6909,3
793,6909,6
794,6909,6
795,6909,5
796,6909,5
797,6909,1
798,6909,3
799,6909,6
800,6909,4
803,6909,1
804,6909,2
805,6909,2
806,6909,3
807,6909,4
809,6909,1
810,6909,3
811,6909,1
813,6909,2
815,6909,1
816,6909,1
817,6909,3
818,6909,1
823,6909,1
824,6909,1
845,6909,1
848,6909,1
849,6909,1
872,6909,1
873,6909,1
744,6910,2
745,6910,2
746,6910,1
752,6910,1
762,6910,1
766,6910,1
767,6910,1
768,6910,1
771,6910,1
772,6910,4
773,6910,1
774,6910,2
775,6910,3
776,6910,1
777,6910,2
779,6910,2
780,6910,6
781,6910,5
783,6910,2
784,6910,4
785,6910,3
786,6910,2
787,6910,4
788,6910,3
789,6910,5
790,6910,5
791,6910,2
792,6910,1
793,6910,5
794,6910,10
795,6910,6
796,6910,6
797,6910,3
798,6910,3
799,6910,5
800,6910,5
801,6910,4
802,6910,1
803,6910,2
804,6910,3
805,6910,2
806,6910,3
807,6910,2
808,6910,1
809,6910,3
810,6910,1
811,6910,1
812,6910,1
813,6910,1
817,6910,1
818,6910,3
819,6910,3
820,6910,1
824,6910,1
848,6910,1
851,6910,1
852,6910,1
873,6910,1
741,6911,1
744,6911,1
745,6911,1
746,6911,1
750,6911,1
751,6911,3
752,6911,2
760,6911,1
767,6911,1
768,6911,1
775,6911,1
777,6911,1
780,6911,1
781,6911,6
782,6911,4
783,6911,2
784,6911,4
785,6911,6
786,6911,4
787,6911,3
788,6911,3
789,6911,2
790,6911,4
791,6911,6
792,6911,2
793,6911,8
794,6911,9
795,6911,4
796,6911,4
797,6911,3
798,6911,5
799,6911,5
800,6911,5
801,6911,4
802,6911,1
803,6911,2
804,6911,4
805,6911,2
806,6911,1
807,6911,2
809,6911,3
810,6911,3
813,6911,1
822,6911,1
830,6911,1
831,6911,1
832,6911,1
847,6911,1
848,6911,1
850,6911,1
851,6911,1
872,6911,1
879,6911,1
880,6911,1
741,6912,1
744,6912,1
745,6912,2
746,6912,2
747,6912,1
748,6912,1
749,6912,1
750,6912,1
751,6912,2
769,6912,2
770,6912,1
773,6912,1
775,6912,2
777,6912,1
780,6912,1
781,6912,1
782,6912,6
783,6912,5
784,6912,4
785,6912,3
786,6912,3
787,6912,1
788,6912,2
789,6912,3
790,6912,3
791,6912,6
792,6912,3
793,6912,4
794,6912,5
795,6912,6
796,6912,3
797,6912,1
799,6912,4
800,6912,4
801,6912,2
802,6912,3
803,6912,3
804,6912,5
805,6912,4
806,6912,5
807,6912,5
808,6912,2
810,6912,3
811,6912,1
813,6912,2
814,6912,1
815,6912,1
816,6912,1
817,6912,1
819,6912,1
820,6912,1
825,6912,1
826,6912,1
832,6912,1
833,6912,1
834,6912,1
844,6912,1
872,6912,1
880,6912,1
881,6912,1
740,6913,1
741,6913,1
742,6913,1
744,6913,1
768,6913,1
769,6913,2
770,6913,1
771,6913,1
772,6913,1
773,6913,1
774,6913,1
775,6913,2
776,6913,2
777,6913,4
778,6913,3
779,6913,3
780,6913,2
781,6913,1
783,6913,2
784,6913,7
785,6913,6
786,6913,1
787,6913,5
788,6913,2
789,6913,3
790,6913,4
791,6913,5
792,6913,6
793,6913,4
794,6913,8
795,6913,5
796,6913,4
797,6913,3
799,6913,1
802,6913,2
803,6913,4
804,6913,5
805,6913,3
806,6913,2
807,6913,6
808,6913,8
809,6913,4
810,6913,2
811,6913,1
813,6913,2
814,6913,4
815,6913,2
819,6913,1
820,6913,1
834,6913,1
741,6914,1
742,6914,1
743,6914,2
756,6914,1
757,6914,1
761,6914,1
762,6914,1
764,6914,2
765,6914,2
768,6914,1
772,6914,1
773,6914,1
776,6914,1
777,6914,2
778,6914,2
779,6914,1
780,6914,1
781,6914,1
782,6914,2
783,6914,3
784,6914,2
785,6914,1
787,6914,4
788,6914,5
789,6914,1
790,6914,5
791,6914,3
792,6914,3
793,6914,3
794,6914,2
795,6914,6
796,6914,5
797,6914,2
798,6914,4
799,6914,4
800,6914,3
802,6914,1
803,6914,2
804,6914,4
805,6914,2
806,6914,2
807,6914,1
808,6914,4
809,6914,5
810,6914,2
811,6914,2
812,6914,2
813,6914,1
814,6914,3
815,6914,2
816,6914,1
817,6914,1
818,6914,2
819,6914,1
820,6914,1
822,6914,2
823,6914,1
833,6914,1
834,6914,1
839,6914,1
849,6914,1
739,6915,1
741,6915,1
742,6915,1
743,6915,1
756,6915,1
764,6915,1
775,6915,1
778,6915,3
779,6915,3
780,6915,2
782,6915,2
783,6915,3
784,6915,4
785,6915,2
786,6915,2
787,6915,3
788,6915,3
789,6915,1
790,6915,2
791,6915,2
792,6915,1
793,6915,1
794,6915,1
795,6915,4
796,6915,4
797,6915,4
798,6915,6
799,6915,7
800,6915,4
801,6915,2
802,6915,1
803,6915,3
804,6915,2
805,6915,3
806,6915,4
807,6915,1
808,6915,2
809,6915,5
810,6915,3
811,6915,3
812,6915,1
813,6915,2
814,6915,2
819,6915,2
820,6915,1
821,6915,1
823,6915,1
824,6915,1
825,6915,3
826,6915,1
831,6915,1
833,6915,1
837,6915,1
839,6915,1
840,6915,1
842,6915,1
843,6915,1
844,6915,2
845,6915,1
847,6915,1
738,6916,1
739,6916,1
761,6916,1
766,6916,1
775,6916,1
776,6916,1
779,6916,1
780,6916,2
781,6916,2
782,6916,1
783,6916,1
785,6916,1
786,6916,5
787,6916,3
788,6916,5
789,6916,2
790,6916,2
791,6916,3
792,6916,2
793,6916,2
795,6916,3
796,6916,2
797,6916,6
798,6916,11
799,6916,7
800,6916,3
801,6916,3
802,6916,4
803,6916,5
804,6916,3
805,6916,5
806,6916,5
807,6916,3
808,6916,2
809,6916,6
810,6916,8
811,6916,1
813,6916,2
814,6916,4
815,6916,1
816,6916,1
817,6916,1
818,6916,1
821,6916,1
822,6916,1
823,6916,1
825,6916,1
826,6916,1
828,6916,1
829,6916,2
830,6916,1
832,6916,1
834,6916,2
835,6916,1
836,6916,1
840,6916,1
843,6916,1
844,6916,2
845,6916,2
846,6916,2
850,6916,1
865,6916,1
866,6916,1
736,6917,1
738,6917,1
742,6917,1
745,6917,1
746,6917,1
765,6917,1
766,6917,1
772,6917,1
773,6917,1
782,6917,1
783,6917,2
784,6917,2
785,6917,2
786,6917,2
787,6917,3
788,6917,6
789,6917,6
790,6917,3
791,6917,3
792,6917,3
793,6917,4
794,6917,3
795,6917,4
796,6917,2
797,6917,2
798,6917,2
799,6917,2
800,6917,2
801,6917,4
802,6917,3
803,6917,5
804,6917,4
805,6917,2
806,6917,3
807,6917,3
808,6917,5
809,6917,3
810,6917,4
811,6917,1
812,6917,1
813,6917,2
814,6917,2
815,6917,1
816,6917,2
817,6917,2
818,6917,1
824,6917,1
826,6917,1
829,6917,1
830,6917,2
831,6917,2
832,6917,1
833,6917,2
834,6917,1
840,6917,1
841,6917,1
844,6917,1
846,6917,1
849,6917,1
850,6917,1
865,6917,1
934,6917,1
935,6917,1
936,6917,1
721,6918,1
722,6918,1
736,6918,1
739,6918,1
741,6918,1
742,6918,1
773,6918,1
774,6918,1
784,6918,1
785,6918,3
786,6918,2
787,6918,2
788,6918,2
789,6918,4
790,6918,4
791,6918,4
792,6918,7
793,6918,4
794,6918,7
795,6918,7
796,6918,4
797,6918,5
798,6918,4
799,6918,5
800,6918,5
801,6918,3
802,6918,4
803,6918,6
804,6918,4
805,6918,1
806,6918,1
807,6918,4
808,6918,7
809,6918,2
810,6918,5
811,6918,2
812,6918,2
813,6918,2
814,6918,3
815,6918,2
816,6918,2
817,6918,2
818,6918,1
819,6918,3
820,6918,1
821,6918,1
824,6918,1
826,6918,1
827,6918,1
829,6918,1
830,6918,1
831,6918,2
832,6918,3
833,6918,1
837,6918,1
838,6918,1
845,6918,1
846,6918,2
850,6918,1
851,6918,1
855,6918,1
856,6918,1
857,6918,1
891,6918,1
892,6918,1
893,6918,1
932,6918,1
933,6918,1
934,6918,1
720,6919,1
721,6919,1
722,6919,1
740,6919,2
741,6919,1
746,6919,1
747,6919,1
754,6919,1
774,6919,1
775,6919,1
786,6919,2
787,6919,5
788,6919,5
789,6919,2
790,6919,3
791,6919,2
792,6919,4
793,6919,2
794,6919,4
795,6919,2
796,6919,3
797,6919,5
798,6919,2
799,6919,3
800,6919,4
801,6919,3
802,6919,6
803,6919,3
804,6919,6
805,6919,3
806,6919,3
807,6919,1
808,6919,4
809,6919,3
810,6919,3
811,6919,4
812,6919,1
813,6919,3
814,6919,3
815,6919,4
816,6919,8
817,6919,3
818,6919,2
819,6919,2
820,6919,1
821,6919,1
823,6919,2
824,6919,6
825,6919,5
827,6919,1
828,6919,1
831,6919,2
832,6919,1
833,6919,1
834,6919,1
835,6919,1
839,6919,1
845,6919,1
846,6919,2
847,6919,2
848,6919,2
849,6919,1
857,6919,1
858,6919,1
859,6919,1
860,6919,1
921,6919,1
922,6919,1
730,6920,1
731,6920,1
741,6920,1
745,6920,1
746,6920,1
759,6920,1
760,6920,1
775,6920,1
786,6920,2
787,6920,3
788,6920,4
789,6920,4
790,6920,4
791,6920,3
792,6920,4
793,6920,2
794,6920,1
795,6920,7
796,6920,8
797,6920,5
799,6920,1
800,6920,1
801,6920,4
802,6920,1
803,6920,5
804,6920,3
805,6920,3
806,6920,5
807,6920,6
808,6920,2
809,6920,2
810,6920,2
811,6920,3
812,6920,4
813,6920,5
814,6920,3
815,6920,4
816,6920,5
817,6920,4
818,6920,4
819,6920,2
820,6920,2
821,6920,2
823,6920,1
824,6920,2
825,6920,4
827,6920,2
828,6920,1
829,6920,1
830,6920,1
831,6920,3
835,6920,1
837,6920,1
838,6920,1
839,6920,1
844,6920,1
845,6920,2
846,6920,1
848,6920,2
849,6920,4
850,6920,1
854,6920,1
855,6920,1
856,6920,2
857,6920,1
864,6920,1
865,6920,1
732,6921,1
733,6921,1
744,6921,1
745,6921,2
751,6921,1
760,6921,1
771,6921,1
772,6921,1
785,6921,1
787,6921,1
788,6921,1
789,6921,1
791,6921,1
792,6921,3
793,6921,3
794,6921,6
795,6921,4
796,6921,5
797,6921,8
798,6921,4
799,6921,3
800,6921,1
801,6921,2
802,6921,4
803,6921,6
804,6921,6
805,6921,3
806,6921,1
807,6921,3
808,6921,5
809,6921,2
810,6921,1
811,6921,1
812,6921,2
813,6921,2
814,6921,3
815,6921,1
816,6921,4
817,6921,1
818,6921,5
819,6921,3
820,6921,6
821,6921,5
822,6921,1
823,6921,2
825,6921,1
826,6921,2
827,6921,1
828,6921,2
829,6921,1
833,6921,1
835,6921,2
840,6921,1
841,6921,1
844,6921,2
845,6921,2
846,6921,1
847,6921,1
849,6921,1
850,6921,2
851,6921,1
854,6921,1
855,6921,1
856,6921,2
857,6921,4
858,6921,3
859,6921,3
860,6921,1
867,6921,2
868,6921,1
872,6921,1
873,6921,1
874,6921,1
921,6921,1
922,6921,1
923,6921,1
733,6922,1
734,6922,1
736,6922,1
737,6922,1
743,6922,1
744,6922,2
745,6922,2
747,6922,1
751,6922,1
754,6922,1
777,6922,1
785,6922,1
786,6922,1
787,6922,1
788,6922,1
789,6922,3
790,6922,3
791,6922,1
792,6922,4
793,6922,3
794,6922,4
795,6922,5
796,6922,5
797,6922,5
798,6922,4
799,6922,4
800,6922,2
801,6922,3
802,6922,6
803,6922,3
804,6922,4
805,6922,3
806,6922,5
807,6922,2
808,6922,1
809,6922,1
810,6922,1
811,6922,3
812,6922,2
813,6922,1
814,6922,2
815,6922,1
816,6922,2
817,6922,3
818,6922,1
819,6922,2
820,6922,3
821,6922,6
822,6922,5
823,6922,2
824,6922,1
825,6922,2
826,6922,2
827,6922,1
828,6922,1
829,6922,2
835,6922,1
840,6922,2
841,6922,2
843,6922,1
844,6922,2
845,6922,1
846,6922,1
847,6922,2
848,6922,2
849,6922,1
850,6922,1
852,6922,2
853,6922,2
854,6922,2
855,6922,2
856,6922,2
857,6922,2
858,6922,1
859,6922,2
860,6922,3
861,6922,1
864,6922,1
867,6922,2
868,6922,2
869,6922,1
870,6922,2
872,6922,1
873,6922,2
874,6922,2
875,6922,2
876,6922,1
877,6922,1
878,6922,1
893,6922,1
902,6922,1
908,6922,1
909,6922,1
910,6922,1
922,6922,1
923,6922,1
735,6923,1
737,6923,1
743,6923,2
744,6923,1
747,6923,1
751,6923,1
752,6923,1
760,6923,1
766,6923,1
767,6923,1
768,6923,1
785,6923,1
786,6923,1
787,6923,1
788,6923,1
789,6923,2
790,6923,2
791,6923,1
792,6923,1
793,6923,3
794,6923,5
795,6923,3
796,6923,3
797,6923,7
798,6923,6
799,6923,6
800,6923,4
801,6923,3
802,6923,5
803,6923,3
804,6923,4
805,6923,4
806,6923,4
807,6923,2
808,6923,1
809,6923,4
810,6923,2
811,6923,4
812,6923,1
813,6923,1
814,6923,1
815,6923,2
816,6923,1
817,6923,4
818,6923,2
819,6923,2
820,6923,2
821,6923,3
822,6923,8
823,6923,6
824,6923,1
825,6923,4
826,6923,1
829,6923,1
830,6923,1
838,6923,1
839,6923,1
842,6923,1
843,6923,1
844,6923,1
845,6923,2
846,6923,1
850,6923,1
854,6923,1
855,6923,2
857,6923,1
858,6923,1
859,6923,2
860,6923,2
861,6923,1
862,6923,1
863,6923,2
864,6923,1
865,6923,1
868,6923,1
870,6923,2
871,6923,1
872,6923,1
873,6923,1
874,6923,2
875,6923,3
876,6923,1
877,6923,1
878,6923,3
879,6923,1
883,6923,1
887,6923,1
888,6923,1
893,6923,1
894,6923,1
897,6923,1
898,6923,1
904,6923,2
905,6923,2
906,6923,1
927,6923,1
734,6924,1
735,6924,1
741,6924,1
742,6924,3
743,6924,1
750,6924,1
751,6924,1
759,6924,1
760,6924,1
769,6924,1
771,6924,1
772,6924,1
773,6924,1
776,6924,1
777,6924,1
779,6924,1
780,6924,1
787,6924,1
788,6924,1
789,6924,2
790,6924,1
791,6924,1
792,6924,1
793,6924,1
794,6924,2
795,6924,6
796,6924,4
797,6924,1
798,6924,2
799,6924,4
800,6924,6
801,6924,7
802,6924,7
803,6924,5
804,6924,2
805,6924,4
806,6924,8
807,6924,5
808,6924,1
809,6924,5
810,6924,6
811,6924,8
812,6924,4
813,6924,5
814,6924,3
815,6924,5
816,6924,5
817,6924,5
818,6924,6
822,6924,4
823,6924,5
824,6924,5
825,6924,4
826,6924,7
827,6924,6
828,6924,1
829,6924,1
830,6924,2
831,6924,2
832,6924,3
833,6924,2
835,6924,1
836,6924,1
837,6924,1
842,6924,1
843,6924,1
845,6924,2
846,6924,1
847,6924,1
848,6924,2
852,6924,1
853,6924,1
854,6924,1
855,6924,2
856,6924,3
857,6924,1
858,6924,1
859,6924,1
861,6924,2
862,6924,1
863,6924,4
864,6924,3
865,6924,5
866,6924,11
867,6924,7
871,6924,1
872,6924,2
873,6924,1
874,6924,1
876,6924,1
877,6924,2
878,6924,3
879,6924,1
880,6924,1
881,6924,1
883,6924,1
884,6924,1
886,6924,1
887,6924,1
888,6924,1
890,6924,1
891,6924,1
892,6924,1
894,6924,1
896,6924,1
898,6924,1
899,6924,1
900,6924,1
901,6924,1
902,6924,1
906,6924,1
907,6924,1
908,6924,2
911,6924,1
927,6924,1
928,6924,1
740,6925,1
741,6925,3
745,6925,1
746,6925,1
757,6925,2
758,6925,1
759,6925,1
769,6925,2
770,6925,2
771,6925,1
774,6925,1
777,6925,1
780,6925,1
781,6925,1
784,6925,1
785,6925,1
789,6925,2
790,6925,3
791,6925,1
792,6925,2
795,6925,4
796,6925,2
797,6925,1
798,6925,1
800,6925,4
801,6925,4
802,6925,7
803,6925,5
804,6925,4
805,6925,2
806,6925,5
807,6925,5
808,6925,1
809,6925,1
810,6925,1
811,6925,3
812,6925,3
813,6925,3
814,6925,4
815,6925,3
816,6925,5
817,6925,4
818,6925,1
819,6925,1
820,6925,1
821,6925,2
822,6925,3
823,6925,4
824,6925,8
825,6925,5
826,6925,7
827,6925,5
828,6925,3
829,6925,1
830,6925,3
831,6925,5
832,6925,2
833,6925,3
834,6925,2
835,6925,2
836,6925,1
837,6925,2
845,6925,1
846,6925,1
847,6925,2
848,6925,2
853,6925,1
860,6925,1
861,6925,1
862,6925,5
863,6925,5
864,6925,6
865,6925,5
866,6925,7
867,6925,6
869,6925,1
870,6925,1
871,6925,1
876,6925,1
877,6925,1
879,6925,1
880,6925,2
881,6925,3
882,6925,1
883,6925,1
884,6925,2
885,6925,1
886,6925,2
889,6925,1
891,6925,2
892,6925,1
896,6925,1
897,6925,1
899,6925,1
900,6925,1
902,6925,2
904,6925,1
905,6925,1
906,6925,1
907,6925,2
908,6925,1
909,6925,1
911,6925,1
912,6925,1
913,6925,2
917,6925,1
918,6925,1
923,6925,1
934,6925,1
704,6926,1
705,6926,1
706,6926,1
707,6926,1
727,6926,1
728,6926,1
729,6926,1
740,6926,1
741,6926,3
742,6926,1
745,6926,2
746,6926,1
756,6926,1
758,6926,1
759,6926,1
770,6926,1
771,6926,1
774,6926,1
775,6926,1
777,6926,1
778,6926,2
779,6926,1
785,6926,1
790,6926,2
791,6926,1
792,6926,2
793,6926,1
795,6926,1
796,6926,3
797,6926,1
798,6926,1
799,6926,1
800,6926,1
801,6926,2
802,6926,4
803,6926,4
804,6926,5
805,6926,4
806,6926,4
807,6926,6
808,6926,3
809,6926,2
811,6926,2
812,6926,3
813,6926,3
814,6926,1
815,6926,4
816,6926,3
817,6926,4
818,6926,6
819,6926,6
820,6926,5
821,6926,1
822,6926,1
823,6926,1
824,6926,3
825,6926,3
826,6926,2
827,6926,3
828,6926,3
831,6926,3
832,6926,3
833,6926,5
834,6926,3
837,6926,2
838,6926,1
843,6926,1
844,6926,1
847,6926,1
848,6926,1
851,6926,2
852,6926,1
853,6926,1
855,6926,1
856,6926,1
862,6926,2
863,6926,2
864,6926,1
865,6926,2
866,6926,1
869,6926,2
870,6926,3
871,6926,2
872,6926,1
878,6926,1
879,6926,1
880,6926,1
881,6926,2
882,6926,2
885,6926,1
886,6926,2
887,6926,2
890,6926,1
892,6926,1
893,6926,2
894,6926,3
895,6926,4
896,6926,4
899,6926,2
900,6926,2
901,6926,2
902,6926,4
903,6926,4
904,6926,6
905,6926,4
906,6926,4
907,6926,3
908,6926,5
909,6926,2
911,6926,1
913,6926,3
914,6926,2
915,6926,1
916,6926,1
917,6926,1
923,6926,2
924,6926,1
704,6927,1
727,6927,1
733,6927,1
734,6927,1
740,6927,2
741,6927,1
745,6927,1
749,6927,1
751,6927,1
752,6927,1
753,6927,1
754,6927,1
761,6927,1
762,6927,1
763,6927,1
764,6927,1
765,6927,1
778,6927,1
779,6927,1
780,6927,1
785,6927,2
790,6927,2
791,6927,1
796,6927,4
797,6927,3
798,6927,2
799,6927,3
801,6927,1
802,6927,2
803,6927,2
804,6927,3
805,6927,6
806,6927,6
807,6927,3
808,6927,5
809,6927,6
810,6927,4
811,6927,2
812,6927,1
813,6927,3
814,6927,3
815,6927,3
816,6927,3
817,6927,1
818,6927,4
819,6927,3
820,6927,6
821,6927,5
822,6927,3
823,6927,3
824,6927,4
825,6927,4
826,6927,7
827,6927,4
828,6927,3
830,6927,1
831,6927,1
832,6927,2
833,6927,2
834,6927,3
835,6927,2
837,6927,1
838,6927,1
839,6927,1
842,6927,2
843,6927,1
844,6927,2
845,6927,1
846,6927,1
847,6927,1
848,6927,1
856,6927,1
869,6927,1
870,6927,1
871,6927,2
872,6927,2
873,6927,1
878,6927,1
879,6927,3
880,6927,2
881,6927,1
882,6927,1
883,6927,1
887,6927,2
888,6927,2
889,6927,1
890,6927,2
891,6927,3
892,6927,4
893,6927,6
894,6927,7
895,6927,7
896,6927,7
897,6927,5
898,6927,3
899,6927,4
900,6927,4
901,6927,1
902,6927,1
903,6927,2
904,6927,2
905,6927,2
906,6927,2
907,6927,2
908,6927,4
909,6927,3
910,6927,4
911,6927,3
912,6927,2
913,6927,2
914,6927,5
915,6927,4
916,6927,1
917,6927,4
918,6927,2
919,6927,1
922,6927,1
923,6927,2
924,6927,1
718,6928,1
739,6928,1
740,6928,2
741,6928,1
744,6928,1
745,6928,1
747,6928,1
748,6928,2
749,6928,2
750,6928,1
751,6928,1
752,6928,1
753,6928,3
754,6928,1
757,6928,2
759,6928,1
760,6928,1
761,6928,1
783,6928,1
785,6928,1
786,6928,1
787,6928,1
788,6928,1
790,6928,1
791,6928,1
794,6928,2
795,6928,2
796,6928,4
797,6928,4
799,6928,2
800,6928,2
802,6928,1
803,6928,1
804,6928,1
805,6928,3
806,6928,5
807,6928,4
808,6928,3
809,6928,6
810,6928,8
811,6928,10
812,6928,5
813,6928,3
814,6928,1
818,6928,2
819,6928,2
820,6928,4
821,6928,3
822,6928,4
823,6928,4
824,6928,3
825,6928,5
826,6928,5
827,6928,6
828,6928,8
829,6928,3
830,6928,1
831,6928,1
832,6928,1
833,6928,3
834,6928,1
835,6928,2
836,6928,2
838,6928,1
839,6928,3
840,6928,1
842,6928,2
843,6928,1
844,6928,1
845,6928,3
846,6928,1
847,6928,2
851,6928,1
852,6928,1
855,6928,1
856,6928,1
857,6928,3
858,6928,4
859,6928,1
860,6928,1
871,6928,1
872,6928,2
875,6928,1
876,6928,1
877,6928,1
880,6928,2
881,6928,2
882,6928,2
883,6928,2
885,6928,1
886,6928,1
887,6928,4
888,6928,2
889,6928,3
890,6928,3
891,6928,2
892,6928,4
893,6928,4
894,6928,3
895,6928,2
896,6928,3
897,6928,3
898,6928,4
899,6928,3
900,6928,2
901,6928,1
902,6928,3
903,6928,3
904,6928,1
905,6928,1
906,6928,1
907,6928,2
908,6928,2
909,6928,5
910,6928,4
911,6928,3
912,6928,4
913,6928,4
914,6928,5
915,6928,4
916,6928,3
917,6928,13
918,6928,10
919,6928,8
922,6928,4
923,6928,6
924,6928,11
925,6928,3
936,6928,1
937,6928,1
718,6929,1
737,6929,1
739,6929,4
740,6929,2
745,6929,1
749,6929,1
750,6929,2
751,6929,1
754,6929,1
757,6929,2
758,6929,1
766,6929,1
770,6929,1
781,6929,1
782,6929,1
791,6929,1
793,6929,1
794,6929,2
795,6929,3
796,6929,2
797,6929,2
798,6929,2
799,6929,1
800,6929,1
801,6929,1
802,6929,2
803,6929,1
804,6929,2
805,6929,2
806,6929,2
807,6929,6
808,6929,3
809,6929,3
810,6929,6
811,6929,4
812,6929,5
813,6929,8
814,6929,4
815,6929,2
816,6929,2
817,6929,2
818,6929,2
819,6929,5
820,6929,5
821,6929,1
822,6929,3
823,6929,5
825,6929,2
826,6929,1
827,6929,2
828,6929,6
829,6929,8
830,6929,4
831,6929,2
832,6929,2
833,6929,3
834,6929,2
835,6929,1
836,6929,1
837,6929,1
839,6929,1
841,6929,3
843,6929,1
844,6929,1
845,6929,1
846,6929,1
851,6929,2
852,6929,1
853,6929,2
855,6929,1
856,6929,2
857,6929,3
858,6929,2
859,6929,2
860,6929,1
868,6929,1
869,6929,1
874,6929,3
875,6929,4
876,6929,3
877,6929,1
878,6929,1
879,6929,2
880,6929,2
881,6929,1
882,6929,3
883,6929,5
884,6929,4
885,6929,1
886,6929,4
887,6929,2
888,6929,2
890,6929,1
891,6929,1
892,6929,2
893,6929,3
894,6929,2
897,6929,1
899,6929,1
900,6929,2
901,6929,1
902,6929,1
903,6929,2
904,6929,2
905,6929,3
906,6929,2
907,6929,4
908,6929,4
909,6929,2
910,6929,3
911,6929,4
912,6929,2
914,6929,2
915,6929,2
916,6929,1
917,6929,3
918,6929,3
919,6929,3
920,6929,4
921,6929,3
923,6929,6
924,6929,10
925,6929,3
736,6930,1
737,6930,2
738,6930,1
739,6930,3
750,6930,1
766,6930,2
767,6930,1
769,6930,1
770,6930,1
778,6930,1
782,6930,1
783,6930,1
791,6930,1
792,6930,1
795,6930,1
796,6930,1
797,6930,1
798,6930,3
799,6930,5
800,6930,2
801,6930,3
802,6930,2
804,6930,1
805,6930,1
807,6930,1
808,6930,3
809,6930,2
810,6930,1
811,6930,4
812,6930,5
813,6930,10
814,6930,14
815,6930,5
816,6930,5
817,6930,4
818,6930,6
819,6930,3
820,6930,7
821,6930,2
822,6930,1
823,6930,4
824,6930,3
825,6930,2
826,6930,5
827,6930,3
828,6930,1
829,6930,5
830,6930,6
831,6930,4
832,6930,3
833,6930,3
834,6930,3
835,6930,1
836,6930,1
837,6930,1
839,6930,2
841,6930,2
843,6930,1
845,6930,1
852,6930,1
853,6930,1
857,6930,1
860,6930,1
861,6930,1
866,6930,1
869,6930,1
870,6930,2
871,6930,1
872,6930,3
873,6930,1
874,6930,2
876,6930,5
877,6930,2
879,6930,1
880,6930,1
882,6930,1
883,6930,1
884,6930,4
885,6930,3
886,6930,1
888,6930,1
891,6930,1
892,6930,3
894,6930,1
895,6930,1
899,6930,1
903,6930,1
904,6930,1
905,6930,2
906,6930,1
907,6930,2
908,6930,2
909,6930,3
910,6930,2
911,6930,1
912,6930,1
913,6930,1
916,6930,2
917,6930,2
918,6930,1
919,6930,2
920,6930,1
921,6930,1
922,6930,1
923,6930,3
924,6930,7
925,6930,3
726,6931,1
733,6931,1
737,6931,1
738,6931,1
739,6931,1
741,6931,1
747,6931,1
766,6931,1
778,6931,1
779,6931,2
780,6931,1
782,6931,1
783,6931,1
784,6931,1
792,6931,1
793,6931,1
794,6931,2
795,6931,1
797,6931,2
798,6931,2
799,6931,4
800,6931,3
801,6931,2
802,6931,1
804,6931,1
808,6931,3
809,6931,4
810,6931,2
811,6931,4
812,6931,3
813,6931,7
814,6931,8
815,6931,6
816,6931,6
817,6931,4
818,6931,9
819,6931,8
820,6931,7
821,6931,5
822,6931,2
823,6931,2
824,6931,1
825,6931,2
826,6931,2
827,6931,3
828,6931,3
829,6931,2
830,6931,2
831,6931,5
832,6931,5
833,6931,7
834,6931,3
835,6931,2
836,6931,3
839,6931,2
840,6931,2
841,6931,2
842,6931,2
843,6931,1
859,6931,1
860,6931,1
864,6931,1
865,6931,1
866,6931,2
867,6931,2
868,6931,2
869,6931,1
870,6931,2
871,6931,3
872,6931,3
873,6931,2
874,6931,3
875,6931,2
876,6931,2
877,6931,2
878,6931,2
879,6931,2
880,6931,2
881,6931,2
882,6931,1
883,6931,2
884,6931,1
888,6931,1
889,6931,1
890,6931,2
891,6931,1
892,6931,1
899,6931,1
900,6931,2
901,6931,2
902,6931,1
903,6931,1
911,6931,1
916,6931,1
917,6931,1
921,6931,1
922,6931,2
923,6931,5
924,6931,21
925,6931,6
959,6931,1
960,6931,1
961,6931,1
726,6932,1
733,6932,1
740,6932,1
741,6932,1
746,6932,1
747,6932,1
782,6932,1
784,6932,1
785,6932,1
786,6932,1
788,6932,1
789,6932,1
794,6932,1
795,6932,1
796,6932,2
797,6932,2
798,6932,2
799,6932,4
800,6932,3
801,6932,3
802,6932,2
805,6932,1
807,6932,2
809,6932,4
810,6932,3
811,6932,1
812,6932,1
813,6932,3
814,6932,1
815,6932,2
816,6932,2
817,6932,5
818,6932,7
819,6932,5
820,6932,7
821,6932,11
822,6932,9
823,6932,3
824,6932,4
825,6932,4
826,6932,3
827,6932,1
828,6932,1
829,6932,2
830,6932,1
831,6932,4
832,6932,1
833,6932,6
834,6932,9
835,6932,2
836,6932,2
837,6932,3
838,6932,2
839,6932,1
840,6932,1
841,6932,1
842,6932,4
843,6932,1
847,6932,1
848,6932,2
849,6932,2
857,6932,1
859,6932,2
860,6932,1
861,6932,1
864,6932,3
865,6932,4
866,6932,5
867,6932,4
868,6932,5
869,6932,2
870,6932,2
872,6932,1
874,6932,1
875,6932,1
876,6932,1
877,6932,1
881,6932,1
882,6932,1
883,6932,2
884,6932,1
885,6932,2
886,6932,1
889,6932,1
895,6932,1
897,6932,1
923,6932,2
924,6932,20
925,6932,10
958,6932,1
959,6932,1
961,6932,1
962,6932,1
725,6933,1
726,6933,1
732,6933,1
733,6933,1
736,6933,1
746,6933,1
783,6933,2
784,6933,2
785,6933,1
786,6933,2
795,6933,1
796,6933,3
797,6933,5
798,6933,8
799,6933,5
800,6933,2
802,6933,2
804,6933,1
805,6933,3
806,6933,2
807,6933,1
808,6933,1
809,6933,1
810,6933,1
811,6933,3
812,6933,3
813,6933,2
814,6933,2
815,6933,3
816,6933,4
817,6933,3
818,6933,6
819,6933,5
820,6933,4
821,6933,6
822,6933,7
823,6933,9
824,6933,6
825,6933,4
826,6933,3
827,6933,2
828,6933,1
829,6933,3
830,6933,1
831,6933,5
832,6933,4
833,6933,4
834,6933,5
835,6933,7
836,6933,6
837,6933,3
838,6933,3
839,6933,4
840,6933,4
841,6933,2
842,6933,3
843,6933,1
849,6933,1
850,6933,1
851,6933,1
857,6933,1
858,6933,1
859,6933,2
860,6933,3
861,6933,4
862,6933,6
863,6933,3
864,6933,3
865,6933,2
866,6933,1
867,6933,2
868,6933,1
870,6933,1
871,6933,1
872,6933,1
875,6933,1
876,6933,1
877,6933,1
878,6933,1
880,6933,1
883,6933,2
884,6933,1
885,6933,3
886,6933,2
889,6933,1
890,6933,1
891,6933,1
893,6933,2
894,6933,2
924,6933,4
967,6933,1
968,6933,1
724,6934,1
725,6934,1
735,6934,1
741,6934,1
745,6934,1
746,6934,1
747,6934,2
751,6934,1
786,6934,1
793,6934,2
794,6934,2
795,6934,2
796,6934,2
797,6934,2
798,6934,4
799,6934,6
800,6934,3
802,6934,4
803,6934,3
804,6934,3
805,6934,2
806,6934,3
807,6934,3
808,6934,5
809,6934,2
810,6934,2
811,6934,1
812,6934,2
813,6934,2
814,6934,5
815,6934,2
816,6934,1
817,6934,3
818,6934,4
819,6934,2
820,6934,4
821,6934,7
822,6934,6
823,6934,5
824,6934,10
825,6934,8
826,6934,6
827,6934,5
828,6934,2
829,6934,3
830,6934,3
831,6934,2
832,6934,2
833,6934,6
834,6934,8
835,6934,4
836,6934,4
837,6934,4
838,6934,4
839,6934,6
840,6934,4
841,6934,2
842,6934,4
843,6934,2
844,6934,1
845,6934,2
846,6934,2
848,6934,3
851,6934,1
852,6934,1
853,6934,1
856,6934,1
857,6934,3
858,6934,2
859,6934,1
860,6934,1
862,6934,1
864,6934,2
865,6934,1
870,6934,1
876,6934,1
877,6934,3
878,6934,2
883,6934,2
885,6934,2
886,6934,1
888,6934,1
889,6934,3
890,6934,2
891,6934,1
901,6934,1
735,6935,1
739,6935,1
745,6935,1
747,6935,3
791,6935,1
792,6935,1
797,6935,1
798,6935,2
799,6935,4
800,6935,5
801,6935,1
802,6935,2
803,6935,2
804,6935,3
805,6935,3
806,6935,2
807,6935,2
808,6935,4
809,6935,1
811,6935,1
812,6935,1
813,6935,2
814,6935,1
815,6935,4
816,6935,3
817,6935,5
818,6935,6
819,6935,1
820,6935,2
821,6935,3
822,6935,5
823,6935,5
824,6935,10
825,6935,10
826,6935,7
827,6935,8
828,6935,5
829,6935,5
830,6935,6
831,6935,8
832,6935,6
833,6935,5
834,6935,6
835,6935,6
836,6935,9
837,6935,6
838,6935,9
839,6935,4
840,6935,2
842,6935,1
843,6935,1
844,6935,6
845,6935,1
846,6935,3
847,6935,2
848,6935,2
850,6935,1
857,6935,1
858,6935,2
859,6935,1
862,6935,1
863,6935,1
866,6935,1
869,6935,1
876,6935,2
877,6935,1
879,6935,1
880,6935,1
896,6935,1
897,6935,1
900,6935,1
901,6935,1
975,6935,1
976,6935,1
977,6935,1
721,6936,1
724,6936,1
727,6936,1
728,6936,1
729,6936,1
730,6936,1
734,6936,1
739,6936,1
745,6936,1
746,6936,1
747,6936,1
766,6936,1
767,6936,1
786,6936,1
791,6936,1
799,6936,1
802,6936,1
803,6936,2
804,6936,7
805,6936,5
806,6936,3
807,6936,4
808,6936,5
809,6936,5
810,6936,3
811,6936,1
814,6936,2
815,6936,2
816,6936,2
817,6936,6
818,6936,3
819,6936,1
820,6936,2
821,6936,3
822,6936,2
823,6936,2
824,6936,3
825,6936,4
826,6936,5
827,6936,11
828,6936,9
829,6936,10
830,6936,3
831,6936,6
832,6936,6
833,6936,3
834,6936,8
835,6936,8
836,6936,7
837,6936,8
838,6936,4
839,6936,4
840,6936,3
841,6936,1
842,6936,1
843,6936,2
844,6936,6
845,6936,5
847,6936,1
849,6936,1
851,6936,1
852,6936,1
853,6936,1
854,6936,1
860,6936,1
862,6936,1
866,6936,1
867,6936,1
868,6936,1
869,6936,3
870,6936,2
871,6936,1
900,6936,1
977,6936,1
715,6937,1
716,6937,1
723,6937,1
730,6937,1
733,6937,1
734,6937,1
738,6937,1
739,6937,1
740,6937,1
745,6937,1
754,6937,1
767,6937,1
768,6937,1
769,6937,1
786,6937,1
787,6937,1
788,6937,1
789,6937,2
799,6937,2
801,6937,1
802,6937,1
803,6937,1
804,6937,4
805,6937,5
806,6937,1
807,6937,2
809,6937,1
810,6937,4
811,6937,1
812,6937,2
813,6937,3
814,6937,3
815,6937,3
816,6937,4
817,6937,4
818,6937,2
819,6937,1
820,6937,4
821,6937,2
822,6937,1
823,6937,1
824,6937,1
825,6937,1
826,6937,2
827,6937,8
828,6937,9
829,6937,10
830,6937,7
831,6937,7
832,6937,6
833,6937,6
834,6937,6
835,6937,7
836,6937,8
837,6937,12
838,6937,7
839,6937,5
840,6937,5
841,6937,3
842,6937,7
843,6937,8
844,6937,5
845,6937,5
846,6937,2
847,6937,1
848,6937,1
851,6937,2
852,6937,4
853,6937,1
854,6937,1
856,6937,1
859,6937,2
860,6937,2
864,6937,1
868,6937,1
869,6937,2
870,6937,2
871,6937,2
898,6937,1
899,6937,1
982,6937,1
983,6937,1
984,6937,1
985,6937,1
987,6937,1
723,6938,1
728,6938,1
739,6938,3
740,6938,2
747,6938,1
749,6938,1
752,6938,1
753,6938,1
754,6938,1
769,6938,1
789,6938,1
790,6938,1
801,6938,1
802,6938,2
803,6938,3
805,6938,3
806,6938,3
807,6938,1
808,6938,1
809,6938,1
810,6938,3
811,6938,3
812,6938,2
813,6938,3
814,6938,2
815,6938,2
816,6938,8
817,6938,6
818,6938,3
819,6938,3
820,6938,2
821,6938,1
822,6938,1
823,6938,1
824,6938,2
825,6938,2
826,6938,1
827,6938,1
828,6938,2
829,6938,4
830,6938,6
831,6938,2
832,6938,3
833,6938,6
834,6938,9
835,6938,11
836,6938,14
837,6938,12
838,6938,12
839,6938,9
840,6938,6
841,6938,7
842,6938,13
843,6938,8
844,6938,2
845,6938,6
846,6938,4
847,6938,1
849,6938,1
850,6938,4
851,6938,4
852,6938,1
855,6938,1
856,6938,3
857,6938,2
858,6938,1
859,6938,2
860,6938,2
861,6938,1
864,6938,1
867,6938,1
870,6938,1
871,6938,1
872,6938,1
898,6938,1
993,6938,1
994,6938,1
1002,6938,1
1003,6938,1
1004,6938,1
1005,6938,1
1014,6938,1
1015,6938,1
1016,6938,1
728,6939,1
738,6939,2
739,6939,3
743,6939,1
746,6939,1
747,6939,1
752,6939,1
779,6939,1
782,6939,1
783,6939,3
784,6939,1
785,6939,1
790,6939,1
794,6939,1
795,6939,1
797,6939,1
798,6939,1
803,6939,3
804,6939,4
805,6939,1
806,6939,4
807,6939,5
808,6939,2
809,6939,2
810,6939,3
811,6939,2
812,6939,5
813,6939,6
814,6939,2
815,6939,2
816,6939,5
817,6939,5
818,6939,3
819,6939,5
820,6939,1
821,6939,2
822,6939,1
823,6939,1
825,6939,2
826,6939,1
829,6939,1
830,6939,2
831,6939,1
832,6939,1
833,6939,5
834,6939,7
835,6939,5
836,6939,11
837,6939,14
838,6939,6
839,6939,7
840,6939,10
841,6939,8
842,6939,11
843,6939,12
844,6939,8
845,6939,14
846,6939,14
847,6939,7
848,6939,7
849,6939,1
851,6939,2
852,6939,1
853,6939,2
855,6939,3
856,6939,2
859,6939,1
865,6939,1
879,6939,1
880,6939,1
881,6939,1
882,6939,1
733,6940,1
737,6940,3
738,6940,3
739,6940,1
746,6940,1
751,6940,2
753,6940,1
781,6940,1
782,6940,1
783,6940,1
784,6940,1
786,6940,1
787,6940,1
795,6940,1
798,6940,1
799,6940,1
800,6940,1
802,6940,1
807,6940,6
808,6940,4
809,6940,1
810,6940,1
811,6940,2
812,6940,4
813,6940,6
814,6940,4
815,6940,1
816,6940,1
818,6940,1
819,6940,6
820,6940,3
821,6940,4
822,6940,2
823,6940,2
824,6940,1
825,6940,5
826,6940,5
827,6940,2
828,6940,2
829,6940,3
830,6940,4
831,6940,5
832,6940,5
833,6940,5
834,6940,3
835,6940,1
836,6940,2
837,6940,8
838,6940,12
839,6940,10
840,6940,12
841,6940,10
842,6940,14
843,6940,23
844,6940,17
845,6940,23
846,6940,30
847,6940,35
848,6940,27
849,6940,6
850,6940,2
851,6940,1
853,6940,1
865,6940,1
868,6940,1
869,6940,1
882,6940,1
883,6940,1
884,6940,1
885,6940,1
886,6940,1
887,6940,1
894,6940,1
895,6940,1
708,6941,1
709,6941,1
710,6941,1
731,6941,1
733,6941,1
736,6941,2
737,6941,2
749,6941,1
750,6941,2
751,6941,1
753,6941,1
775,6941,1
795,6941,1
796,6941,1
797,6941,1
798,6941,1
799,6941,1
800,6941,2
801,6941,1
802,6941,1
804,6941,1
805,6941,1
806,6941,1
807,6941,2
808,6941,3
809,6941,3
810,6941,2
811,6941,3
812,6941,1
813,6941,1
814,6941,3
815,6941,3
816,6941,1
817,6941,2
819,6941,5
820,6941,5
821,6941,3
822,6941,5
823,6941,2
824,6941,1
825,6941,2
826,6941,2
827,6941,3
828,6941,2
829,6941,6
830,6941,5
831,6941,3
832,6941,2
833,6941,3
834,6941,4
835,6941,7
836,6941,5
837,6941,3
838,6941,9
839,6941,3
840,6941,6
841,6941,12
842,6941,11
843,6941,16
844,6941,13
845,6941,27
846,6941,46
847,6941,72
848,6941,103
849,6941,98
850,6941,4
867,6941,1
886,6941,1
887,6941,1
888,6941,1
894,6941,1
895,6941,1
730,6942,1
732,6942,1
733,6942,1
736,6942,2
739,6942,1
746,6942,1
749,6942,2
750,6942,2
757,6942,1
781,6942,1
782,6942,1
789,6942,1
791,6942,1
792,6942,1
797,6942,3
798,6942,2
800,6942,2
801,6942,1
802,6942,1
803,6942,3
804,6942,4
805,6942,4
806,6942,4
807,6942,7
808,6942,4
809,6942,3
810,6942,4
811,6942,3
812,6942,3
813,6942,8
814,6942,2
815,6942,1
816,6942,4
817,6942,2
818,6942,2
819,6942,3
820,6942,5
821,6942,2
822,6942,3
823,6942,1
824,6942,1
826,6942,2
829,6942,1
830,6942,1
831,6942,2
832,6942,1
833,6942,4
834,6942,6
835,6942,7
836,6942,1
837,6942,1
838,6942,4
839,6942,8
840,6942,8
841,6942,8
842,6942,8
843,6942,7
844,6942,9
845,6942,18
846,6942,28
847,6942,52
848,6942,104
849,6942,116
850,6942,2
851,6942,2
853,6942,1
867,6942,1
894,6942,1
730,6943,1
731,6943,1
732,6943,2
738,6943,1
739,6943,1
746,6943,1
753,6943,1
754,6943,1
755,6943,1
756,6943,1
757,6943,1
758,6943,1
759,6943,1
774,6943,1
785,6943,1
786,6943,1
787,6943,1
792,6943,1
796,6943,1
797,6943,1
798,6943,1
800,6943,3
801,6943,2
802,6943,2
803,6943,3
805,6943,1
807,6943,2
808,6943,2
809,6943,2
810,6943,3
811,6943,4
812,6943,1
813,6943,8
814,6943,5
815,6943,5
816,6943,6
817,6943,5
818,6943,3
819,6943,3
820,6943,5
821,6943,2
822,6943,3
823,6943,1
824,6943,1
825,6943,4
826,6943,4
827,6943,7
828,6943,4
829,6943,2
830,6943,2
831,6943,1
832,6943,2
833,6943,1
834,6943,4
835,6943,5
836,6943,6
837,6943,6
838,6943,4
839,6943,3
840,6943,3
841,6943,4
842,6943,8
843,6943,11
844,6943,10
845,6943,14
846,6943,11
847,6943,6
848,6943,12
849,6943,9
850,6943,1
852,6943,1
853,6943,1
854,6943,1
855,6943,1
862,6943,1
863,6943,1
864,6943,1
700,6944,1
701,6944,1
702,6944,1
703,6944,1
704,6944,1
731,6944,2
732,6944,1
737,6944,1
738,6944,2
739,6944,1
773,6944,1
774,6944,1
785,6944,1
787,6944,1
788,6944,1
791,6944,1
792,6944,1
793,6944,1
796,6944,2
797,6944,2
798,6944,2
799,6944,2
800,6944,3
801,6944,1
805,6944,2
806,6944,2
807,6944,2
808,6944,2
809,6944,2
810,6944,3
811,6944,6
812,6944,1
813,6944,2
814,6944,4
815,6944,6
816,6944,4
817,6944,5
818,6944,1
819,6944,3
820,6944,6
821,6944,7
822,6944,6
823,6944,3
824,6944,3
825,6944,3
826,6944,4
827,6944,9
828,6944,8
829,6944,7
830,6944,5
831,6944,3
832,6944,4
833,6944,3
834,6944,2
835,6944,1
836,6944,8
837,6944,7
838,6944,5
839,6944,4
840,6944,7
841,6944,7
842,6944,3
843,6944,3
844,6944,2
845,6944,2
846,6944,1
847,6944,1
848,6944,2
849,6944,1
851,6944,1
852,6944,1
853,6944,1
854,6944,1
856,6944,1
857,6944,1
860,6944,1
863,6944,1
1021,6944,1
1022,6944,1
1023,6944,1
1026,6944,1
1027,6944,1
1028,6944,1
1029,6944,1
699,6945,1
702,6945,1
727,6945,1
732,6945,1
733,6945,4
737,6945,1
738,6945,2
747,6945,1
748,6945,1
760,6945,1
761,6945,1
762,6945,1
763,6945,1
772,6945,1
773,6945,2
774,6945,1
776,6945,1
777,6945,1
788,6945,1
789,6945,2
790,6945,2
791,6945,1
793,6945,2
794,6945,2
795,6945,2
796,6945,3
797,6945,2
798,6945,2
799,6945,2
800,6945,1
802,6945,1
803,6945,1
804,6945,1
808,6945,2
809,6945,2
810,6945,1
811,6945,1
812,6945,2
813,6945,2
814,6945,4
815,6945,9
816,6945,6
817,6945,3
818,6945,1
819,6945,3
820,6945,2
821,6945,4
822,6945,4
823,6945,3
824,6945,7
825,6945,4
826,6945,5
827,6945,6
828,6945,5
829,6945,6
830,6945,9
831,6945,6
832,6945,5
833,6945,5
834,6945,4
835,6945,8
836,6945,7
837,6945,3
838,6945,3
839,6945,2
840,6945,2
841,6945,4
842,6945,2
843,6945,2
844,6945,1
846,6945,1
847,6945,1
848,6945,1
851,6945,3
859,6945,1
864,6945,1
865,6945,1
866,6945,1
889,6945,1
890,6945,1
720,6946,1
732,6946,4
733,6946,5
737,6946,2
738,6946,2
742,6946,1
744,6946,1
747,6946,1
763,6946,2
764,6946,1
766,6946,1
767,6946,1
777,6946,1
778,6946,2
779,6946,3
780,6946,2
781,6946,1
787,6946,2
788,6946,2
790,6946,1
791,6946,4
792,6946,3
793,6946,3
794,6946,2
795,6946,3
801,6946,2
802,6946,2
803,6946,1
804,6946,1
806,6946,2
807,6946,1
808,6946,1
810,6946,2
811,6946,5
812,6946,3
814,6946,1
815,6946,5
816,6946,4
817,6946,3
818,6946,3
819,6946,2
820,6946,3
821,6946,2
822,6946,4
823,6946,2
824,6946,5
825,6946,7
826,6946,2
827,6946,2
828,6946,5
829,6946,5
831,6946,2
832,6946,5
833,6946,6
834,6946,3
837,6946,1
838,6946,1
839,6946,3
840,6946,3
841,6946,2
842,6946,1
843,6946,1
844,6946,1
845,6946,1
848,6946,1
849,6946,2
850,6946,1
851,6946,1
856,6946,1
857,6946,1
864,6946,1
866,6946,1
867,6946,1
1034,6946,1
696,6947,1
720,6947,1
726,6947,1
732,6947,1
733,6947,1
736,6947,1
737,6947,2
747,6947,1
767,6947,1
768,6947,1
770,6947,1
771,6947,1
772,6947,1
773,6947,1
774,6947,1
779,6947,1
780,6947,1
781,6947,1
785,6947,1
786,6947,1
798,6947,1
801,6947,1
803,6947,1
804,6947,1
809,6947,1
810,6947,3
811,6947,2
812,6947,1
814,6947,1
815,6947,4
816,6947,8
817,6947,4
818,6947,3
820,6947,1
821,6947,1
822,6947,1
823,6947,4
824,6947,4
825,6947,7
826,6947,4
827,6947,9
828,6947,3
829,6947,2
830,6947,3
831,6947,3
832,6947,3
833,6947,2
835,6947,1
836,6947,1
837,6947,2
838,6947,4
839,6947,5
840,6947,2
845,6947,1
847,6947,2
848,6947,1
851,6947,2
852,6947,2
853,6947,1
854,6947,1
855,6947,1
856,6947,1
862,6947,1
863,6947,1
864,6947,1
866,6947,1
690,6948,1
697,6948,1
698,6948,1
706,6948,1
719,6948,1
726,6948,1
727,6948,1
728,6948,1
729,6948,1
733,6948,1
734,6948,1
735,6948,2
736,6948,2
737,6948,2
746,6948,1
747,6948,3
748,6948,2
749,6948,2
755,6948,2
756,6948,2
757,6948,2
758,6948,2
759,6948,2
768,6948,1
769,6948,1
770,6948,3
771,6948,3
772,6948,1
773,6948,1
774,6948,1
781,6948,1
782,6948,3
783,6948,2
786,6948,1
787,6948,1
788,6948,1
789,6948,1
790,6948,1
791,6948,1
794,6948,1
795,6948,1
796,6948,1
797,6948,1
798,6948,1
799,6948,1
802,6948,1
803,6948,1
809,6948,1
810,6948,3
811,6948,3
812,6948,2
813,6948,3
814,6948,2
815,6948,4
816,6948,9
817,6948,7
818,6948,4
819,6948,4
820,6948,5
821,6948,4
822,6948,3
823,6948,6
824,6948,4
825,6948,7
826,6948,7
827,6948,5
828,6948,1
829,6948,6
830,6948,4
831,6948,3
832,6948,5
833,6948,1
834,6948,4
835,6948,4
837,6948,1
839,6948,3
840,6948,1
842,6948,1
843,6948,1
845,6948,1
846,6948,3
847,6948,3
848,6948,1
851,6948,1
852,6948,1
887,6948,1
690,6949,1
691,6949,1
698,6949,1
699,6949,1
706,6949,1
708,6949,1
709,6949,1
723,6949,1
724,6949,1
726,6949,1
727,6949,1
732,6949,1
734,6949,1
735,6949,3
737,6949,1
738,6949,1
739,6949,1
740,6949,1
741,6949,1
754,6949,1
759,6949,1
760,6949,2
764,6949,1
765,6949,2
766,6949,2
780,6949,1
781,6949,1
782,6949,2
785,6949,1
786,6949,2
787,6949,1
788,6949,1
792,6949,1
793,6949,1
795,6949,1
797,6949,1
798,6949,1
803,6949,1
807,6949,1
811,6949,1
812,6949,2
813,6949,1
814,6949,4
815,6949,5
816,6949,8
817,6949,6
818,6949,6
819,6949,4
820,6949,5
821,6949,1
822,6949,3
823,6949,7
824,6949,4
827,6949,2
828,6949,1
829,6949,1
830,6949,2
831,6949,1
832,6949,1
837,6949,1
838,6949,3
839,6949,1
845,6949,1
846,6949,4
855,6949,1
857,6949,1
858,6949,1
859,6949,1
887,6949,1
694,6950,1
695,6950,1
699,6950,1
700,6950,1
709,6950,1
710,6950,1
713,6950,1
720,6950,1
722,6950,1
723,6950,1
726,6950,1
727,6950,3
728,6950,2
732,6950,1
736,6950,1
737,6950,3
740,6950,1
753,6950,1
754,6950,1
755,6950,2
756,6950,1
761,6950,1
763,6950,1
764,6950,1
765,6950,1
777,6950,1
778,6950,2
779,6950,1
780,6950,1
782,6950,1
783,6950,1
785,6950,2
786,6950,2
787,6950,2
788,6950,2
789,6950,1
790,6950,1
791,6950,1
792,6950,1
795,6950,1
796,6950,1
802,6950,2
803,6950,6
804,6950,8
805,6950,3
806,6950,4
807,6950,2
809,6950,2
810,6950,2
811,6950,5
812,6950,5
813,6950,6
814,6950,7
815,6950,5
816,6950,6
817,6950,8
818,6950,5
819,6950,3
820,6950,2
821,6950,1
823,6950,4
824,6950,4
825,6950,2
826,6950,3
827,6950,2
828,6950,1
830,6950,1
835,6950,2
836,6950,4
837,6950,2
843,6950,1
844,6950,2
845,6950,3
846,6950,2
850,6950,1
851,6950,1
852,6950,1
855,6950,2
856,6950,1
857,6950,2
861,6950,1
887,6950,1
688,6951,1
713,6951,1
719,6951,1
720,6951,1
721,6951,1
722,6951,1
723,6951,1
724,6951,1
727,6951,2
736,6951,1
752,6951,2
753,6951,1
755,6951,1
756,6951,1
759,6951,1
760,6951,1
761,6951,1
764,6951,1
765,6951,1
766,6951,1
767,6951,2
768,6951,1
774,6951,1
775,6951,1
776,6951,1
777,6951,2
778,6951,1
779,6951,1
780,6951,1
781,6951,1
782,6951,2
783,6951,4
784,6951,2
785,6951,2
786,6951,1
787,6951,2
788,6951,2
789,6951,1
792,6951,2
796,6951,2
797,6951,1
798,6951,2
799,6951,4
800,6951,6
801,6951,2
802,6951,7
803,6951,6
804,6951,5
805,6951,4
806,6951,7
807,6951,5
808,6951,4
809,6951,2
810,6951,1
811,6951,3
812,6951,4
813,6951,6
814,6951,5
815,6951,1
816,6951,2
817,6951,4
818,6951,5
819,6951,6
820,6951,3
821,6951,3
822,6951,3
823,6951,5
824,6951,1
825,6951,2
826,6951,4
827,6951,1
828,6951,1
829,6951,1
830,6951,2
833,6951,1
834,6951,3
835,6951,1
836,6951,2
837,6951,1
838,6951,1
839,6951,1
840,6951,1
843,6951,1
844,6951,1
848,6951,1
849,6951,1
850,6951,1
858,6951,1
859,6951,1
860,6951,1
861,6951,2
862,6951,1
1050,6951,1
687,6952,1
688,6952,1
689,6952,1
691,6952,1
711,6952,1
712,6952,1
713,6952,1
714,6952,1
715,6952,1
719,6952,1
721,6952,1
722,6952,1
723,6952,3
724,6952,1
727,6952,2
741,6952,1
746,6952,1
749,6952,1
750,6952,1
759,6952,1
760,6952,1
761,6952,1
762,6952,1
764,6952,1
765,6952,1
766,6952,1
771,6952,1
772,6952,1
773,6952,1
779,6952,1
781,6952,1
782,6952,1
785,6952,1
786,6952,3
787,6952,3
788,6952,1
789,6952,1
790,6952,2
791,6952,1
793,6952,1
794,6952,2
795,6952,1
797,6952,1
798,6952,3
799,6952,4
800,6952,5
801,6952,1
802,6952,1
803,6952,1
804,6952,1
805,6952,2
806,6952,2
807,6952,1
808,6952,1
809,6952,2
810,6952,2
812,6952,1
813,6952,1
814,6952,1
816,6952,2
817,6952,4
818,6952,5
819,6952,7
820,6952,6
821,6952,2
822,6952,2
823,6952,2
824,6952,1
825,6952,2
826,6952,1
827,6952,2
828,6952,1
829,6952,2
830,6952,2
831,6952,1
832,6952,3
833,6952,3
834,6952,3
836,6952,2
837,6952,1
838,6952,1
839,6952,1
840,6952,2
842,6952,2
843,6952,2
848,6952,1
852,6952,1
859,6952,1
860,6952,1
861,6952,1
1050,6952,1
698,6953,1
702,6953,1
703,6953,1
711,6953,1
715,6953,1
716,6953,2
717,6953,1
722,6953,1
723,6953,2
725,6953,1
726,6953,3
727,6953,1
733,6953,1
734,6953,2
735,6953,3
741,6953,2
743,6953,1
745,6953,1
746,6953,1
757,6953,1
758,6953,1
759,6953,1
760,6953,1
771,6953,1
772,6953,1
773,6953,1
774,6953,1
775,6953,3
776,6953,2
777,6953,1
780,6953,1
781,6953,1
782,6953,1
785,6953,1
786,6953,1
790,6953,3
791,6953,7
792,6953,4
793,6953,4
794,6953,2
795,6953,4
798,6953,1
804,6953,1
805,6953,2
806,6953,3
807,6953,2
808,6953,1
809,6953,2
810,6953,1
811,6953,2
812,6953,1
813,6953,1
814,6953,1
815,6953,1
816,6953,3
817,6953,4
818,6953,3
819,6953,4
820,6953,4
821,6953,3
822,6953,1
823,6953,1
824,6953,3
825,6953,5
826,6953,3
827,6953,7
828,6953,11
829,6953,7
830,6953,4
831,6953,1
834,6953,2
835,6953,3
836,6953,3
837,6953,1
838,6953,1
839,6953,1
840,6953,1
841,6953,2
842,6953,4
844,6953,2
849,6953,2
859,6953,1
884,6953,1
885,6953,1
693,6954,1
694,6954,1
698,6954,1
699,6954,1
701,6954,1
702,6954,1
703,6954,1
704,6954,1
714,6954,3
717,6954,2
718,6954,2
719,6954,2
722,6954,2
723,6954,4
724,6954,3
725,6954,3
727,6954,1
728,6954,1
729,6954,2
730,6954,3
731,6954,1
732,6954,3
733,6954,4
734,6954,3
735,6954,2
736,6954,2
737,6954,2
738,6954,3
739,6954,3
740,6954,3
741,6954,2
742,6954,1
743,6954,1
744,6954,1
745,6954,1
746,6954,1
754,6954,1
755,6954,1
756,6954,1
759,6954,1
760,6954,1
761,6954,1
762,6954,1
767,6954,1
768,6954,2
769,6954,2
773,6954,1
774,6954,1
775,6954,2
777,6954,1
778,6954,1
779,6954,1
781,6954,1
782,6954,1
783,6954,2
785,6954,1
791,6954,1
792,6954,1
793,6954,2
794,6954,3
795,6954,2
796,6954,1
797,6954,3
798,6954,2
799,6954,2
800,6954,1
802,6954,2
803,6954,3
804,6954,1
805,6954,1
806,6954,2
808,6954,2
809,6954,3
810,6954,3
813,6954,1
814,6954,2
816,6954,3
817,6954,2
818,6954,4
819,6954,2
820,6954,3
821,6954,1
822,6954,1
824,6954,4
825,6954,6
826,6954,2
827,6954,2
828,6954,12
829,6954,15
830,6954,8
831,6954,2
834,6954,1
835,6954,1
836,6954,1
839,6954,1
840,6954,2
842,6954,1
843,6954,1
844,6954,1
848,6954,1
849,6954,2
856,6954,1
866,6954,1
884,6954,1
684,6955,1
694,6955,1
695,6955,1
699,6955,1
700,6955,1
702,6955,1
703,6955,1
711,6955,2
712,6955,3
713,6955,3
714,6955,4
722,6955,3
723,6955,2
724,6955,2
725,6955,2
726,6955,2
727,6955,2
728,6955,1
729,6955,2
732,6955,1
733,6955,4
734,6955,2
735,6955,1
736,6955,1
738,6955,1
744,6955,1
745,6955,2
746,6955,1
747,6955,1
750,6955,1
751,6955,1
755,6955,1
765,6955,1
766,6955,2
767,6955,3
768,6955,4
769,6955,2
770,6955,3
771,6955,2
772,6955,3
779,6955,1
780,6955,1
781,6955,2
782,6955,2
783,6955,2
788,6955,1
789,6955,1
790,6955,1
792,6955,1
793,6955,2
795,6955,1
796,6955,1
797,6955,1
800,6955,2
801,6955,4
802,6955,3
803,6955,4
804,6955,2
805,6955,1
808,6955,1
809,6955,2
810,6955,3
811,6955,2
812,6955,2
813,6955,1
814,6955,1
815,6955,1
816,6955,1
818,6955,2
819,6955,4
820,6955,3
821,6955,4
822,6955,1
823,6955,3
824,6955,6
825,6955,4
826,6955,1
827,6955,2
828,6955,5
829,6955,16
830,6955,14
831,6955,2
835,6955,1
841,6955,1
842,6955,1
843,6955,1
844,6955,2
845,6955,1
847,6955,1
848,6955,1
849,6955,1
853,6955,2
854,6955,1
855,6955,2
856,6955,1
868,6955,1
869,6955,1
870,6955,1
678,6956,1
682,6956,1
683,6956,1
684,6956,1
695,6956,1
696,6956,1
700,6956,1
701,6956,1
702,6956,1
703,6956,1
709,6956,2
710,6956,2
713,6956,2
714,6956,2
722,6956,2
723,6956,2
724,6956,1
726,6956,1
729,6956,1
730,6956,1
731,6956,1
733,6956,2
735,6956,2
736,6956,3
737,6956,1
738,6956,2
739,6956,2
742,6956,1
743,6956,1
744,6956,1
746,6956,1
755,6956,1
756,6956,1
758,6956,1
759,6956,1
760,6956,1
761,6956,1
768,6956,1
769,6956,2
770,6956,2
771,6956,1
772,6956,1
773,6956,1
774,6956,1
775,6956,2
783,6956,2
784,6956,2
786,6956,2
787,6956,3
788,6956,4
789,6956,1
791,6956,1
792,6956,1
793,6956,1
794,6956,1
795,6956,2
797,6956,1
798,6956,1
801,6956,2
802,6956,1
803,6956,2
805,6956,1
806,6956,2
807,6956,3
808,6956,3
809,6956,4
810,6956,4
811,6956,4
812,6956,2
813,6956,1
815,6956,1
816,6956,1
819,6956,2
820,6956,3
821,6956,3
822,6956,3
823,6956,3
824,6956,3
825,6956,4
826,6956,2
827,6956,3
828,6956,4
829,6956,3
830,6956,1
831,6956,2
833,6956,2
834,6956,1
835,6956,3
836,6956,1
838,6956,1
839,6956,1
840,6956,3
841,6956,3
842,6956,1
843,6956,1
844,6956,2
853,6956,2
854,6956,2
855,6956,1
651,6957,1
678,6957,1
679,6957,1
697,6957,1
698,6957,1
699,6957,1
700,6957,1
701,6957,1
702,6957,2
703,6957,3
704,6957,3
705,6957,1
710,6957,2
711,6957,3
712,6957,3
713,6957,2
721,6957,2
722,6957,1
730,6957,1
731,6957,2
732,6957,4
733,6957,3
734,6957,1
736,6957,1
737,6957,1
738,6957,3
739,6957,3
746,6957,1
751,6957,1
752,6957,1
753,6957,1
758,6957,1
759,6957,1
760,6957,2
761,6957,2
769,6957,1
770,6957,1
771,6957,1
772,6957,1
773,6957,1
774,6957,2
775,6957,1
776,6957,4
777,6957,5
778,6957,3
779,6957,1
780,6957,1
782,6957,1
783,6957,1
785,6957,3
786,6957,4
787,6957,1
788,6957,1
789,6957,1
790,6957,2
791,6957,1
792,6957,2
793,6957,2
794,6957,1
795,6957,1
797,6957,1
798,6957,1
799,6957,1
800,6957,1
802,6957,1
803,6957,2
804,6957,1
806,6957,1
807,6957,3
808,6957,2
809,6957,4
810,6957,4
811,6957,1
812,6957,2
816,6957,2
817,6957,1
819,6957,1
821,6957,1
822,6957,4
823,6957,2
824,6957,1
825,6957,2
826,6957,2
827,6957,2
828,6957,2
829,6957,3
830,6957,1
831,6957,1
833,6957,1
834,6957,1
835,6957,2
836,6957,2
837,6957,2
838,6957,4
839,6957,1
840,6957,2
841,6957,1
842,6957,1
843,6957,1
844,6957,2
845,6957,1
846,6957,1
847,6957,1
848,6957,1
849,6957,2
850,6957,2
853,6957,1
629,6958,1
651,6958,1
658,6958,1
659,6958,1
676,6958,1
677,6958,1
701,6958,1
702,6958,2
705,6958,1
706,6958,2
711,6958,1
712,6958,1
721,6958,2
722,6958,1
723,6958,1
724,6958,1
728,6958,1
729,6958,1
730,6958,1
731,6958,2
732,6958,5
734,6958,1
737,6958,1
738,6958,2
739,6958,2
744,6958,1
745,6958,1
749,6958,1
750,6958,1
751,6958,2
752,6958,1
754,6958,2
755,6958,2
756,6958,1
757,6958,1
758,6958,2
759,6958,2
760,6958,2
761,6958,2
766,6958,1
767,6958,2
768,6958,3
769,6958,3
770,6958,1
771,6958,2
772,6958,2
773,6958,1
774,6958,1
775,6958,1
776,6958,3
777,6958,2
778,6958,4
779,6958,1
781,6958,1
782,6958,1
783,6958,1
784,6958,1
785,6958,1
787,6958,1
788,6958,2
789,6958,2
790,6958,2
792,6958,1
793,6958,4
794,6958,2
795,6958,1
798,6958,1
799,6958,1
801,6958,1
802,6958,1
803,6958,2
804,6958,3
805,6958,3
806,6958,4
807,6958,3
808,6958,1
809,6958,1
810,6958,2
811,6958,2
812,6958,1
816,6958,1
817,6958,1
818,6958,2
819,6958,1
821,6958,2
822,6958,3
823,6958,6
824,6958,3
825,6958,2
826,6958,2
827,6958,1
828,6958,2
829,6958,3
830,6958,3
831,6958,2
832,6958,1
833,6958,1
834,6958,1
835,6958,1
836,6958,4
837,6958,3
838,6958,2
839,6958,3
840,6958,1
843,6958,2
844,6958,1
845,6958,1
847,6958,2
848,6958,1
629,6959,2
630,6959,2
631,6959,2
659,6959,1
660,6959,1
661,6959,1
668,6959,1
669,6959,1
670,6959,1
672,6959,1
673,6959,1
677,6959,1
678,6959,1
679,6959,1
680,6959,1
702,6959,2
703,6959,1
705,6959,1
706,6959,4
707,6959,3
708,6959,2
709,6959,1
715,6959,1
716,6959,1
717,6959,1
719,6959,1
723,6959,1
725,6959,1
726,6959,1
728,6959,1
729,6959,2
730,6959,1
731,6959,2
732,6959,4
736,6959,1
737,6959,2
739,6959,3
740,6959,3
741,6959,1
743,6959,3
744,6959,2
745,6959,1
746,6959,1
751,6959,1
752,6959,2
753,6959,1
755,6959,1
756,6959,1
757,6959,1
758,6959,1
762,6959,1
764,6959,1
765,6959,2
766,6959,1
767,6959,1
768,6959,2
769,6959,1
770,6959,2
771,6959,3
772,6959,2
773,6959,2
774,6959,1
776,6959,1
777,6959,3
778,6959,1
779,6959,1
782,6959,2
783,6959,1
784,6959,2
785,6959,3
786,6959,2
794,6959,1
795,6959,1
796,6959,1
798,6959,1
799,6959,2
800,6959,3
801,6959,2
803,6959,1
804,6959,2
805,6959,4
806,6959,2
807,6959,1
809,6959,1
814,6959,1
816,6959,1
818,6959,3
819,6959,1
821,6959,2
822,6959,3
823,6959,6
824,6959,6
825,6959,4
826,6959,4
827,6959,2
828,6959,1
829,6959,2
830,6959,5
831,6959,1
833,6959,2
834,6959,2
835,6959,1
836,6959,3
837,6959,3
838,6959,2
839,6959,3
840,6959,1
841,6959,1
843,6959,1
844,6959,1
845,6959,2
846,6959,1
847,6959,1
637,6960,1
638,6960,1
640,6960,1
641,6960,1
642,6960,1
662,6960,1
664,6960,1
665,6960,1
667,6960,1
669,6960,1
670,6960,1
680,6960,1
681,6960,1
692,6960,1
693,6960,1
702,6960,1
706,6960,1
707,6960,1
708,6960,1
709,6960,1
714,6960,1
717,6960,1
718,6960,1
720,6960,1
721,6960,3
722,6960,2
723,6960,2
724,6960,1
725,6960,1
726,6960,4
727,6960,1
728,6960,1
729,6960,2
730,6960,2
731,6960,1
732,6960,1
735,6960,1
736,6960,2
737,6960,2
738,6960,2
739,6960,1
740,6960,3
741,6960,2
742,6960,1
743,6960,2
744,6960,1
745,6960,2
746,6960,1
752,6960,1
753,6960,2
754,6960,2
755,6960,2
756,6960,2
758,6960,2
759,6960,3
760,6960,2
761,6960,2
762,6960,1
763,6960,1
764,6960,2
765,6960,2
766,6960,1
769,6960,3
770,6960,2
771,6960,1
781,6960,1
782,6960,3
785,6960,3
786,6960,3
787,6960,3
789,6960,1
790,6960,2
791,6960,1
793,6960,1
796,6960,2
799,6960,1
800,6960,1
801,6960,2
802,6960,3
803,6960,2
804,6960,2
805,6960,2
806,6960,1
807,6960,1
814,6960,2
815,6960,1
817,6960,1
818,6960,2
820,6960,1
821,6960,1
822,6960,3
823,6960,1
824,6960,1
825,6960,9
826,6960,5
827,6960,4
828,6960,1
829,6960,6
830,6960,6
831,6960,1
833,6960,2
834,6960,2
835,6960,2
836,6960,3
837,6960,1
838,6960,3
839,6960,2
841,6960,1
842,6960,2
843,6960,2
844,6960,1
845,6960,2
846,6960,2
894,6960,1
895,6960,1
642,6961,1
652,6961,1
653,6961,1
654,6961,1
658,6961,1
659,6961,1
660,6961,1
661,6961,1
662,6961,1
663,6961,1
664,6961,1
665,6961,1
666,6961,1
680,6961,1
681,6961,1
682,6961,1
685,6961,1
686,6961,1
687,6961,1
689,6961,1
692,6961,1
693,6961,1
694,6961,1
699,6961,1
700,6961,1
704,6961,1
705,6961,2
714,6961,1
715,6961,1
716,6961,1
717,6961,1
718,6961,2
719,6961,4
720,6961,2
726,6961,1
727,6961,1
728,6961,1
737,6961,1
738,6961,2
739,6961,2
740,6961,3
741,6961,4
742,6961,1
744,6961,2
745,6961,3
746,6961,2
747,6961,2
748,6961,1
750,6961,1
751,6961,1
752,6961,2
753,6961,1
756,6961,3
757,6961,3
758,6961,3
762,6961,1
763,6961,1
768,6961,1
769,6961,3
770,6961,2
771,6961,1
772,6961,1
773,6961,1
774,6961,1
776,6961,1
777,6961,1
778,6961,2
779,6961,2
782,6961,1
784,6961,1
785,6961,2
786,6961,1
787,6961,3
788,6961,2
789,6961,2
790,6961,2
791,6961,2
792,6961,2
793,6961,2
796,6961,2
797,6961,2
798,6961,1
800,6961,1
801,6961,2
802,6961,2
803,6961,1
804,6961,1
805,6961,1
810,6961,1
813,6961,1
816,6961,2
817,6961,2
819,6961,1
820,6961,3
821,6961,2
822,6961,2
823,6961,2
824,6961,3
825,6961,7
826,6961,6
827,6961,4
828,6961,2
829,6961,4
830,6961,4
831,6961,3
832,6961,2
833,6961,3
834,6961,1
835,6961,1
836,6961,1
838,6961,1
839,6961,1
840,6961,2
841,6961,2
842,6961,3
845,6961,2
846,6961,1
880,6961,1
890,6961,1
891,6961,1
659,6962,1
667,6962,1
675,6962,1
676,6962,1
677,6962,1
685,6962,1
686,6962,1
694,6962,1
695,6962,1
704,6962,3
705,6962,3
712,6962,1
713,6962,1
716,6962,2
717,6962,1
718,6962,1
719,6962,1
720,6962,1
723,6962,1
724,6962,1
729,6962,1
731,6962,1
734,6962,1
739,6962,1
740,6962,2
741,6962,3
742,6962,3
745,6962,1
746,6962,2
747,6962,2
748,6962,1
749,6962,2
756,6962,3
759,6962,1
760,6962,1
763,6962,1
768,6962,1
769,6962,1
771,6962,1
772,6962,1
775,6962,1
776,6962,2
777,6962,1
778,6962,2
779,6962,1
781,6962,1
782,6962,1
783,6962,1
784,6962,1
785,6962,1
788,6962,1
789,6962,1
790,6962,1
795,6962,1
796,6962,2
797,6962,1
798,6962,1
799,6962,1
800,6962,1
801,6962,2
803,6962,1
804,6962,1
808,6962,1
810,6962,1
812,6962,1
813,6962,2
815,6962,2
816,6962,1
819,6962,3
821,6962,1
822,6962,1
823,6962,4
824,6962,5
825,6962,7
826,6962,4
827,6962,2
828,6962,1
829,6962,6
830,6962,2
831,6962,2
832,6962,2
833,6962,4
834,6962,2
835,6962,2
837,6962,1
838,6962,2
840,6962,3
841,6962,3
880,6962,1
892,6962,1
893,6962,1
648,6963,1
649,6963,1
650,6963,1
651,6963,1
652,6963,1
653,6963,1
667,6963,1
679,6963,1
680,6963,2
681,6963,1
682,6963,1
684,6963,1
685,6963,2
686,6963,3
687,6963,2
688,6963,1
689,6963,1
690,6963,1
691,6963,1
703,6963,1
704,6963,3
705,6963,2
706,6963,1
708,6963,1
709,6963,1
710,6963,1
711,6963,2
712,6963,2
713,6963,2
714,6963,3
715,6963,3
716,6963,2
717,6963,2
718,6963,2
719,6963,1
720,6963,1
721,6963,2
722,6963,1
723,6963,1
727,6963,1
728,6963,1
729,6963,1
730,6963,2
731,6963,1
734,6963,1
735,6963,1
740,6963,1
741,6963,2
742,6963,3
743,6963,2
744,6963,2
745,6963,2
746,6963,4
747,6963,6
748,6963,3
749,6963,2
750,6963,1
752,6963,1
753,6963,1
759,6963,1
760,6963,2
762,6963,2
763,6963,4
764,6963,2
765,6963,1
766,6963,2
767,6963,1
768,6963,2
772,6963,1
774,6963,2
775,6963,3
776,6963,1
779,6963,2
780,6963,1
781,6963,1
782,6963,1
783,6963,2
784,6963,4
785,6963,2
786,6963,2
792,6963,2
793,6963,4
794,6963,4
795,6963,4
796,6963,5
797,6963,1
799,6963,1
800,6963,1
801,6963,2
802,6963,1
805,6963,1
806,6963,1
807,6963,1
808,6963,1
810,6963,1
811,6963,1
812,6963,1
813,6963,1
815,6963,1
818,6963,1
819,6963,1
820,6963,4
821,6963,4
822,6963,3
823,6963,3
824,6963,6
825,6963,7
826,6963,1
827,6963,2
828,6963,1
829,6963,5
830,6963,4
831,6963,4
832,6963,3
833,6963,2
834,6963,4
835,6963,1
836,6963,2
837,6963,5
838,6963,3
839,6963,2
840,6963,1
841,6963,2
879,6963,1
885,6963,1
886,6963,1
887,6963,1
890,6963,1
891,6963,1
641,6964,1
649,6964,1
650,6964,1
654,6964,1
655,6964,1
669,6964,1
670,6964,1
671,6964,1
672,6964,1
673,6964,2
674,6964,2
682,6964,1
683,6964,1
684,6964,1
685,6964,1
686,6964,1
687,6964,2
688,6964,1
704,6964,1
705,6964,1
711,6964,1
714,6964,1
717,6964,3
719,6964,1
720,6964,1
721,6964,2
722,6964,2
723,6964,3
724,6964,1
730,6964,1
731,6964,3
732,6964,1
733,6964,1
734,6964,1
739,6964,1
740,6964,2
742,6964,1
743,6964,1
744,6964,2
745,6964,3
746,6964,2
747,6964,1
749,6964,1
750,6964,1
751,6964,1
758,6964,1
759,6964,1
760,6964,1
761,6964,1
762,6964,1
764,6964,1
765,6964,3
766,6964,3
768,6964,1
769,6964,1
770,6964,1
772,6964,1
773,6964,3
774,6964,3
775,6964,1
776,6964,1
777,6964,1
778,6964,1
779,6964,1
782,6964,1
783,6964,4
784,6964,3
785,6964,3
786,6964,1
787,6964,2
788,6964,1
789,6964,2
790,6964,2
792,6964,1
793,6964,3
794,6964,2
795,6964,1
796,6964,1
801,6964,1
802,6964,1
803,6964,1
808,6964,1
809,6964,1
810,6964,2
811,6964,1
812,6964,1
813,6964,2
815,6964,1
816,6964,1
819,6964,1
820,6964,6
821,6964,5
822,6964,2
823,6964,3
824,6964,7
825,6964,5
826,6964,5
827,6964,3
828,6964,2
829,6964,4
830,6964,5
831,6964,3
832,6964,2
833,6964,2
834,6964,3
835,6964,1
836,6964,1
837,6964,3
838,6964,2
839,6964,1
840,6964,1
844,6964,1
878,6964,1
879,6964,1
891,6964,1
892,6964,1
642,6965,1
650,6965,1
651,6965,2
652,6965,1
654,6965,1
670,6965,2
671,6965,2
672,6965,1
673,6965,2
674,6965,2
675,6965,1
676,6965,1
701,6965,1
705,6965,1
711,6965,3
712,6965,1
713,6965,1
716,6965,2
720,6965,1
723,6965,1
724,6965,3
725,6965,2
728,6965,1
729,6965,1
730,6965,1
731,6965,3
732,6965,1
733,6965,2
734,6965,2
739,6965,2
740,6965,2
741,6965,2
744,6965,2
745,6965,3
746,6965,3
747,6965,2
748,6965,1
750,6965,1
751,6965,1
756,6965,3
757,6965,2
758,6965,1
762,6965,1
764,6965,2
766,6965,1
767,6965,1
772,6965,1
773,6965,2
774,6965,2
775,6965,1
776,6965,1
777,6965,3
778,6965,3
780,6965,1
781,6965,1
782,6965,1
786,6965,2
787,6965,1
788,6965,1
789,6965,4
790,6965,3
791,6965,1
792,6965,1
793,6965,2
799,6965,2
800,6965,3
801,6965,2
802,6965,2
804,6965,1
805,6965,2
806,6965,1
807,6965,1
808,6965,2
810,6965,1
811,6965,1
812,6965,3
813,6965,1
814,6965,2
815,6965,3
816,6965,2
819,6965,2
820,6965,2
821,6965,8
822,6965,5
823,6965,1
824,6965,3
825,6965,2
826,6965,4
827,6965,5
828,6965,6
829,6965,5
830,6965,6
831,6965,3
832,6965,3
833,6965,1
834,6965,1
835,6965,1
836,6965,1
837,6965,1
840,6965,1
844,6965,1
865,6965,1
866,6965,1
883,6965,1
884,6965,1
888,6965,1
889,6965,1
620,6966,1
621,6966,1
632,6966,1
633,6966,1
635,6966,1
643,6966,1
644,6966,1
650,6966,1
651,6966,1
652,6966,1
653,6966,1
660,6966,1
661,6966,1
662,6966,2
663,6966,2
664,6966,2
667,6966,1
668,6966,1
701,6966,2
705,6966,1
711,6966,2
712,6966,1
713,6966,1
715,6966,2
716,6966,2
717,6966,2
718,6966,1
722,6966,1
725,6966,1
729,6966,1
733,6966,1
734,6966,2
735,6966,2
737,6966,1
738,6966,2
740,6966,2
741,6966,2
742,6966,2
744,6966,1
745,6966,4
746,6966,1
747,6966,1
748,6966,1
749,6966,2
750,6966,2
751,6966,1
752,6966,1
753,6966,1
754,6966,1
755,6966,2
756,6966,2
757,6966,1
758,6966,1
761,6966,1
762,6966,2
766,6966,1
767,6966,2
768,6966,2
769,6966,2
770,6966,1
771,6966,1
773,6966,1
774,6966,2
775,6966,2
776,6966,3
777,6966,5
778,6966,4
779,6966,3
780,6966,1
782,6966,2
783,6966,1
784,6966,1
785,6966,3
786,6966,3
787,6966,1
789,6966,1
790,6966,3
791,6966,2
794,6966,2
795,6966,2
796,6966,1
797,6966,1
798,6966,1
800,6966,1
804,6966,3
805,6966,4
806,6966,3
807,6966,2
809,6966,1
810,6966,1
811,6966,2
812,6966,1
814,6966,1
815,6966,2
816,6966,3
817,6966,3
818,6966,2
819,6966,2
820,6966,2
821,6966,4
822,6966,6
823,6966,3
824,6966,5
825,6966,1
826,6966,5
827,6966,5
828,6966,6
829,6966,4
830,6966,6
831,6966,1
832,6966,3
833,6966,1
835,6966,2
836,6966,2
837,6966,2
838,6966,1
852,6966,1
872,6966,1
873,6966,1
877,6966,2
878,6966,1
880,6966,1
881,6966,1
560,6967,1
562,6967,1
563,6967,1
564,6967,1
565,6967,1
620,6967,1
621,6967,1
622,6967,1
635,6967,1
636,6967,1
637,6967,1
649,6967,1
650,6967,1
653,6967,1
662,6967,1
664,6967,1
675,6967,1
676,6967,1
677,6967,1
678,6967,2
679,6967,1
680,6967,1
683,6967,1
684,6967,1
686,6967,1
701,6967,1
705,6967,1
710,6967,3
711,6967,2
714,6967,2
717,6967,1
721,6967,1
722,6967,1
725,6967,1
730,6967,1
737,6967,1
738,6967,2
739,6967,1
740,6967,1
742,6967,2
743,6967,4
744,6967,1
745,6967,1
746,6967,2
747,6967,2
748,6967,1
749,6967,1
753,6967,1
755,6967,1
756,6967,2
757,6967,2
758,6967,1
759,6967,1
760,6967,2
762,6967,1
763,6967,2
764,6967,2
766,6967,2
767,6967,2
768,6967,2
769,6967,2
770,6967,1
772,6967,1
773,6967,1
775,6967,3
776,6967,2
777,6967,2
778,6967,1
779,6967,1
781,6967,1
782,6967,4
783,6967,1
784,6967,1
785,6967,1
786,6967,1
787,6967,1
790,6967,3
791,6967,1
796,6967,1
797,6967,1
798,6967,3
799,6967,2
800,6967,2
801,6967,1
802,6967,1
803,6967,1
804,6967,1
805,6967,4
806,6967,3
807,6967,1
808,6967,2
809,6967,1
810,6967,3
811,6967,4
812,6967,1
813,6967,3
814,6967,2
816,6967,2
817,6967,7
818,6967,3
819,6967,1
820,6967,1
821,6967,3
822,6967,1
823,6967,8
824,6967,9
825,6967,3
826,6967,6
827,6967,8
828,6967,8
829,6967,6
830,6967,5
831,6967,2
832,6967,2
833,6967,3
834,6967,1
835,6967,1
836,6967,2
837,6967,1
849,6967,1
850,6967,2
852,6967,1
861,6967,1
873,6967,1
877,6967,1
878,6967,1
882,6967,1
883,6967,1
886,6967,1
887,6967,1
559,6968,1
560,6968,1
618,6968,1
619,6968,1
628,6968,1
629,6968,1
637,6968,1
638,6968,2
639,6968,1
641,6968,1
659,6968,1
675,6968,1
676,6968,1
678,6968,1
685,6968,1
686,6968,1
687,6968,1
688,6968,1
689,6968,1
690,6968,1
693,6968,1
694,6968,1
695,6968,1
697,6968,1
698,6968,2
699,6968,2
700,6968,1
701,6968,2
704,6968,2
705,6968,2
709,6968,1
710,6968,2
713,6968,2
714,6968,2
715,6968,2
716,6968,2
717,6968,3
718,6968,1
719,6968,2
720,6968,1
721,6968,5
722,6968,3
723,6968,1
724,6968,1
727,6968,1
728,6968,2
729,6968,1
733,6968,1
734,6968,1
735,6968,1
742,6968,3
743,6968,3
744,6968,2
745,6968,1
746,6968,1
748,6968,1
749,6968,1
750,6968,1
751,6968,1
752,6968,1
753,6968,1
754,6968,1
757,6968,1
758,6968,2
760,6968,1
761,6968,3
763,6968,1
764,6968,3
765,6968,2
766,6968,2
767,6968,3
768,6968,2
769,6968,1
770,6968,1
771,6968,1
772,6968,2
773,6968,2
774,6968,1
775,6968,2
778,6968,1
780,6968,3
781,6968,1
783,6968,2
784,6968,2
785,6968,1
786,6968,2
787,6968,1
790,6968,2
792,6968,1
797,6968,1
798,6968,2
799,6968,3
800,6968,3
801,6968,1
802,6968,2
803,6968,2
804,6968,1
805,6968,1
806,6968,3
807,6968,4
808,6968,4
809,6968,3
810,6968,3
811,6968,3
812,6968,2
813,6968,3
814,6968,2
815,6968,3
816,6968,7
817,6968,2
818,6968,2
819,6968,5
820,6968,5
821,6968,4
822,6968,2
823,6968,4
824,6968,4
825,6968,9
826,6968,8
827,6968,4
828,6968,5
829,6968,6
830,6968,4
831,6968,2
833,6968,1
834,6968,1
836,6968,2
837,6968,1
846,6968,1
847,6968,1
850,6968,1
858,6968,1
874,6968,1
875,6968,2
879,6968,1
883,6968,1
884,6968,1
586,6969,1
587,6969,1
588,6969,1
589,6969,1
619,6969,1
629,6969,1
630,6969,1
676,6969,1
687,6969,1
688,6969,1
689,6969,2
690,6969,1
699,6969,1
701,6969,2
705,6969,1
709,6969,2
710,6969,1
712,6969,2
713,6969,2
716,6969,2
717,6969,3
718,6969,1
719,6969,2
720,6969,4
721,6969,3
722,6969,2
728,6969,1
733,6969,2
734,6969,2
736,6969,1
737,6969,1
739,6969,1
740,6969,2
741,6969,1
742,6969,1
750,6969,1
751,6969,1
752,6969,1
753,6969,1
754,6969,1
755,6969,1
757,6969,1
764,6969,1
765,6969,1
766,6969,2
767,6969,2
768,6969,3
771,6969,1
772,6969,1
773,6969,1
774,6969,1
775,6969,3
776,6969,1
785,6969,2
786,6969,1
790,6969,1
791,6969,1
792,6969,1
793,6969,2
794,6969,2
795,6969,2
796,6969,1
797,6969,2
798,6969,2
799,6969,2
800,6969,3
801,6969,2
802,6969,1
804,6969,1
805,6969,1
806,6969,3
807,6969,2
808,6969,3
809,6969,4
810,6969,2
811,6969,2
812,6969,2
813,6969,5
814,6969,5
815,6969,6
816,6969,7
817,6969,1
818,6969,1
819,6969,1
821,6969,1
822,6969,4
823,6969,6
824,6969,2
825,6969,2
826,6969,7
827,6969,6
828,6969,3
829,6969,6
830,6969,1
831,6969,4
832,6969,1
834,6969,1
835,6969,1
836,6969,2
840,6969,1
841,6969,1
843,6969,1
844,6969,1
848,6969,1
854,6969,1
855,6969,1
857,6969,1
858,6969,1
874,6969,1
875,6969,2
876,6969,1
877,6969,1
688,6970,1
689,6970,2
690,6970,1
691,6970,1
692,6970,1
695,6970,1
701,6970,2
705,6970,1
709,6970,2
710,6970,2
711,6970,1
712,6970,1
716,6970,1
717,6970,2
718,6970,2
719,6970,2
721,6970,1
722,6970,3
723,6970,1
724,6970,1
730,6970,1
731,6970,1
732,6970,1
733,6970,2
734,6970,2
735,6970,1
736,6970,1
740,6970,1
743,6970,1
744,6970,2
745,6970,2
748,6970,1
754,6970,1
755,6970,2
756,6970,1
757,6970,1
758,6970,1
759,6970,1
761,6970,2
762,6970,3
763,6970,4
764,6970,4
765,6970,2
766,6970,2
767,6970,3
768,6970,4
769,6970,3
770,6970,2
771,6970,2
772,6970,2
773,6970,2
774,6970,1
776,6970,1
777,6970,1
778,6970,1
779,6970,1
780,6970,1
781,6970,1
782,6970,1
785,6970,2
786,6970,1
787,6970,1
788,6970,1
793,6970,2
794,6970,3
795,6970,2
799,6970,1
800,6970,1
801,6970,1
802,6970,1
803,6970,1
805,6970,3
806,6970,3
807,6970,3
808,6970,1
809,6970,2
810,6970,6
811,6970,3
812,6970,3
813,6970,5
814,6970,5
815,6970,7
816,6970,4
817,6970,3
818,6970,3
819,6970,4
820,6970,1
821,6970,2
822,6970,2
823,6970,4
824,6970,5
826,6970,6
827,6970,6
828,6970,4
829,6970,5
830,6970,4
831,6970,8
832,6970,2
833,6970,1
834,6970,2
835,6970,5
836,6970,3
837,6970,2
841,6970,1
843,6970,1
848,6970,1
855,6970,1
871,6970,1
872,6970,1
600,6971,1
601,6971,1
602,6971,1
603,6971,1
604,6971,1
605,6971,1
606,6971,1
642,6971,1
643,6971,1
644,6971,1
645,6971,1
658,6971,1
659,6971,1
669,6971,1
670,6971,1
671,6971,1
687,6971,1
692,6971,1
693,6971,1
697,6971,1
698,6971,1
700,6971,1
701,6971,2
702,6971,1
703,6971,1
704,6971,1
705,6971,1
709,6971,1
710,6971,1
714,6971,1
715,6971,2
716,6971,4
717,6971,2
718,6971,1
725,6971,1
726,6971,2
727,6971,1
729,6971,2
730,6971,2
737,6971,2
738,6971,2
739,6971,2
741,6971,1
742,6971,1
743,6971,1
744,6971,1
745,6971,1
750,6971,1
759,6971,3
760,6971,3
761,6971,2
762,6971,1
763,6971,1
764,6971,3
765,6971,1
766,6971,2
767,6971,1
769,6971,1
770,6971,2
771,6971,1
772,6971,2
773,6971,1
774,6971,2
775,6971,1
776,6971,1
777,6971,2
782,6971,2
783,6971,1
784,6971,1
786,6971,1
793,6971,2
795,6971,1
796,6971,3
797,6971,1
801,6971,1
802,6971,3
804,6971,1
805,6971,5
806,6971,3
807,6971,3
808,6971,3
809,6971,4
810,6971,2
811,6971,3
812,6971,4
813,6971,5
814,6971,4
815,6971,3
816,6971,2
817,6971,5
818,6971,2
819,6971,4
820,6971,4
821,6971,1
822,6971,2
823,6971,3
824,6971,3
825,6971,4
826,6971,3
827,6971,5
828,6971,5
829,6971,4
830,6971,7
831,6971,4
832,6971,4
833,6971,2
834,6971,3
835,6971,2
837,6971,1
844,6971,2
872,6971,1
613,6972,1
616,6972,1
617,6972,1
636,6972,1
640,6972,1
659,6972,1
660,6972,1
662,6972,1
663,6972,1
700,6972,1
716,6972,3
717,6972,1
727,6972,1
729,6972,2
735,6972,2
736,6972,1
737,6972,3
739,6972,1
740,6972,1
741,6972,2
742,6972,2
743,6972,2
746,6972,1
747,6972,1
750,6972,1
751,6972,1
764,6972,1
765,6972,2
766,6972,2
767,6972,2
768,6972,2
770,6972,1
772,6972,1
773,6972,1
774,6972,1
775,6972,1
776,6972,1
777,6972,1
782,6972,2
783,6972,2
791,6972,1
792,6972,3
793,6972,5
794,6972,1
795,6972,4
796,6972,3
798,6972,1
799,6972,2
800,6972,1
801,6972,1
802,6972,1
803,6972,3
804,6972,4
805,6972,3
806,6972,2
807,6972,1
808,6972,1
809,6972,3
810,6972,3
811,6972,7
812,6972,6
813,6972,5
814,6972,4
815,6972,7
816,6972,7
817,6972,6
818,6972,4
819,6972,4
820,6972,4
821,6972,3
824,6972,1
825,6972,4
826,6972,6
827,6972,3
828,6972,6
829,6972,5
830,6972,7
831,6972,4
832,6972,3
833,6972,2
834,6972,2
835,6972,1
836,6972,1
837,6972,2
838,6972,1
839,6972,2
844,6972,1
868,6972,1
869,6972,1
870,6972,1
874,6972,1
879,6972,1
629,6973,1
630,6973,1
631,6973,1
632,6973,1
642,6973,1
643,6973,1
644,6973,1
645,6973,1
663,6973,1
675,6973,1
676,6973,1
677,6973,1
678,6973,2
679,6973,2
680,6973,2
681,6973,1
703,6973,1
704,6973,1
710,6973,1
712,6973,1
725,6973,1
734,6973,3
735,6973,4
740,6973,1
741,6973,2
743,6973,1
744,6973,1
747,6973,2
748,6973,2
749,6973,1
754,6973,2
755,6973,2
756,6973,1
764,6973,2
765,6973,1
766,6973,2
767,6973,1
768,6973,3
769,6973,2
770,6973,1
771,6973,1
772,6973,1
773,6973,1
778,6973,1
783,6973,2
784,6973,1
785,6973,1
786,6973,1
787,6973,2
788,6973,1
789,6973,2
790,6973,2
791,6973,1
792,6973,4
793,6973,5
794,6973,2
795,6973,2
796,6973,2
797,6973,1
799,6973,2
800,6973,2
801,6973,1
802,6973,1
803,6973,4
804,6973,2
805,6973,4
806,6973,4
807,6973,3
808,6973,2
809,6973,2
810,6973,4
811,6973,2
812,6973,5
813,6973,4
814,6973,1
815,6973,4
816,6973,3
817,6973,2
818,6973,2
819,6973,2
820,6973,5
821,6973,3
822,6973,5
823,6973,2
824,6973,5
825,6973,7
826,6973,8
827,6973,8
828,6973,4
829,6973,5
830,6973,8
831,6973,6
832,6973,1
837,6973,2
838,6973,1
844,6973,1
867,6973,1
879,6973,1
680,6974,1
681,6974,1
682,6974,1
688,6974,1
702,6974,1
703,6974,1
704,6974,2
707,6974,1
708,6974,2
709,6974,2
710,6974,1
712,6974,2
713,6974,1
714,6974,3
715,6974,1
722,6974,1
723,6974,1
724,6974,1
725,6974,1
733,6974,1
734,6974,2
740,6974,1
741,6974,1
742,6974,1
745,6974,1
746,6974,1
747,6974,1
749,6974,1
750,6974,2
755,6974,1
756,6974,2
757,6974,1
764,6974,1
765,6974,2
768,6974,1
771,6974,2
772,6974,1
776,6974,1
777,6974,1
778,6974,3
779,6974,2
780,6974,1
781,6974,1
784,6974,1
785,6974,1
787,6974,2
788,6974,2
789,6974,2
790,6974,4
791,6974,2
792,6974,2
793,6974,2
794,6974,2
795,6974,4
796,6974,3
797,6974,2
798,6974,1
799,6974,2
800,6974,2
803,6974,2
806,6974,2
807,6974,2
808,6974,2
809,6974,2
810,6974,4
812,6974,2
813,6974,2
814,6974,3
815,6974,1
816,6974,3
817,6974,4
818,6974,3
819,6974,2
820,6974,1
821,6974,2
822,6974,4
823,6974,6
824,6974,7
825,6974,6
826,6974,8
827,6974,13
828,6974,11
829,6974,6
830,6974,5
831,6974,9
832,6974,2
833,6974,1
839,6974,1
860,6974,1
861,6974,1
863,6974,1
864,6974,1
866,6974,1
875,6974,1
876,6974,1
688,6975,1
702,6975,1
703,6975,2
704,6975,1
708,6975,4
709,6975,1
710,6975,1
711,6975,1
712,6975,1
713,6975,2
714,6975,3
719,6975,1
721,6975,1
722,6975,1
723,6975,1
724,6975,1
732,6975,1
734,6975,1
739,6975,1
740,6975,1
742,6975,1
743,6975,1
744,6975,1
751,6975,1
752,6975,1
754,6975,1
755,6975,2
756,6975,1
763,6975,2
767,6975,1
768,6975,2
769,6975,1
772,6975,1
773,6975,2
774,6975,1
775,6975,1
776,6975,1
777,6975,1
778,6975,2
783,6975,1
784,6975,1
785,6975,2
786,6975,2
787,6975,3
788,6975,2
789,6975,3
790,6975,4
791,6975,1
795,6975,2
796,6975,3
799,6975,1
801,6975,2
802,6975,2
803,6975,1
806,6975,2
807,6975,3
808,6975,2
809,6975,3
810,6975,4
811,6975,3
812,6975,3
813,6975,2
814,6975,3
815,6975,2
816,6975,2
817,6975,3
818,6975,3
819,6975,4
820,6975,2
821,6975,2
822,6975,1
823,6975,2
824,6975,3
825,6975,5
826,6975,7
827,6975,15
828,6975,16
829,6975,7
830,6975,15
831,6975,20
832,6975,7
833,6975,2
834,6975,1
835,6975,1
839,6975,1
846,6975,1
847,6975,1
855,6975,1
857,6975,1
862,6975,1
863,6975,2
864,6975,2
865,6975,1
702,6976,2
703,6976,2
707,6976,2
708,6976,2
710,6976,2
711,6976,1
712,6976,1
720,6976,1
721,6976,1
723,6976,2
724,6976,1
725,6976,2
726,6976,2
727,6976,1
748,6976,1
749,6976,1
750,6976,2
751,6976,1
753,6976,1
754,6976,1
755,6976,1
759,6976,1
760,6976,1
761,6976,3
762,6976,1
763,6976,1
766,6976,1
767,6976,1
768,6976,1
769,6976,1
774,6976,1
775,6976,2
776,6976,3
777,6976,1
783,6976,1
784,6976,2
785,6976,4
786,6976,2
787,6976,4
789,6976,2
790,6976,3
791,6976,1
792,6976,1
793,6976,1
794,6976,2
795,6976,1
796,6976,2
797,6976,1
798,6976,2
799,6976,1
800,6976,3
801,6976,1
802,6976,2
808,6976,3
809,6976,2
810,6976,1
811,6976,5
812,6976,2
813,6976,4
814,6976,6
815,6976,3
816,6976,1
817,6976,2
818,6976,3
819,6976,1
820,6976,1
821,6976,2
822,6976,1
823,6976,1
824,6976,3
825,6976,5
826,6976,3
827,6976,2
828,6976,3
829,6976,2
830,6976,19
831,6976,31
832,6976,12
833,6976,2
834,6976,1
835,6976,2
836,6976,1
839,6976,1
852,6976,1
853,6976,1
855,6976,1
857,6976,1
858,6976,1
859,6976,1
865,6976,1
701,6977,2
702,6977,3
704,6977,1
705,6977,1
706,6977,1
707,6977,1
708,6977,1
709,6977,2
710,6977,2
713,6977,2
718,6977,1
720,6977,1
732,6977,2
733,6977,2
734,6977,2
742,6977,1
743,6977,1
746,6977,1
748,6977,1
749,6977,1
759,6977,1
760,6977,1
761,6977,1
762,6977,1
766,6977,1
767,6977,1
771,6977,1
773,6977,2
774,6977,3
776,6977,2
777,6977,1
778,6977,3
779,6977,1
780,6977,1
781,6977,2
784,6977,3
785,6977,2
786,6977,1
787,6977,3
794,6977,2
795,6977,2
796,6977,1
798,6977,2
799,6977,2
800,6977,3
801,6977,1
802,6977,4
803,6977,2
807,6977,1
808,6977,4
809,6977,9
810,6977,7
811,6977,3
812,6977,5
813,6977,6
814,6977,4
815,6977,2
816,6977,6
817,6977,4
818,6977,3
819,6977,3
820,6977,3
821,6977,1
822,6977,3
823,6977,2
824,6977,3
826,6977,3
827,6977,3
828,6977,1
829,6977,1
830,6977,5
831,6977,9
832,6977,3
833,6977,3
834,6977,1
836,6977,1
838,6977,1
839,6977,2
844,6977,1
854,6977,1
865,6977,1
866,6977,1
868,6977,1
872,6977,1
873,6977,1
695,6978,1
701,6978,2
702,6978,1
703,6978,1
704,6978,2
705,6978,1
709,6978,2
710,6978,1
711,6978,1
713,6978,1
731,6978,1
732,6978,2
736,6978,1
745,6978,1
746,6978,1
747,6978,1
748,6978,1
749,6978,2
750,6978,1
756,6978,1
766,6978,1
767,6978,1
773,6978,1
774,6978,2
775,6978,2
778,6978,1
779,6978,2
780,6978,4
781,6978,4
782,6978,1
783,6978,1
784,6978,2
787,6978,1
788,6978,2
789,6978,1
794,6978,2
795,6978,2
796,6978,1
798,6978,1
799,6978,1
800,6978,2
801,6978,2
802,6978,2
803,6978,2
804,6978,2
805,6978,4
806,6978,3
807,6978,3
809,6978,4
810,6978,4
811,6978,4
812,6978,2
814,6978,2
815,6978,1
816,6978,5
817,6978,4
818,6978,3
819,6978,1
820,6978,3
823,6978,2
824,6978,3
825,6978,4
826,6978,3
828,6978,3
829,6978,5
830,6978,2
831,6978,1
833,6978,1
836,6978,1
838,6978,2
839,6978,1
851,6978,1
852,6978,1
853,6978,1
857,6978,1
865,6978,1
868,6978,1
870,6978,1
695,6979,1
700,6979,2
701,6979,3
702,6979,2
703,6979,1
704,6979,2
705,6979,1
708,6979,2
709,6979,2
716,6979,1
723,6979,1
731,6979,1
734,6979,1
735,6979,1
736,6979,1
741,6979,1
742,6979,1
743,6979,1
745,6979,2
746,6979,1
747,6979,2
748,6979,1
751,6979,1
752,6979,1
775,6979,1
776,6979,1
778,6979,1
779,6979,1
781,6979,1
782,6979,1
783,6979,2
784,6979,1
788,6979,1
789,6979,1
792,6979,1
793,6979,1
797,6979,1
799,6979,1
800,6979,4
801,6979,2
802,6979,1
803,6979,3
804,6979,4
805,6979,5
806,6979,3
808,6979,1
809,6979,1
810,6979,4
811,6979,5
812,6979,4
813,6979,5
814,6979,3
815,6979,2
816,6979,1
817,6979,2
818,6979,4
819,6979,5
823,6979,4
824,6979,1
825,6979,4
826,6979,3
827,6979,2
828,6979,4
829,6979,4
830,6979,1
831,6979,2
833,6979,2
836,6979,1
843,6979,1
846,6979,1
847,6979,1
848,6979,1
854,6979,1
855,6979,1
870,6979,1
876,6979,1
877,6979,1
878,6979,1
700,6980,3
701,6980,1
702,6980,1
703,6980,3
704,6980,2
707,6980,2
708,6980,2
710,6980,1
711,6980,2
721,6980,1
722,6980,1
723,6980,1
730,6980,2
732,6980,2
733,6980,2
734,6980,2
739,6980,1
740,6980,1
741,6980,1
745,6980,2
746,6980,1
747,6980,2
749,6980,1
750,6980,1
764,6980,2
765,6980,2
766,6980,1
767,6980,1
771,6980,1
775,6980,1
776,6980,1
777,6980,1
778,6980,2
781,6980,2
782,6980,1
783,6980,2
784,6980,2
785,6980,1
789,6980,1
794,6980,1
797,6980,1
798,6980,1
799,6980,3
800,6980,2
801,6980,4
802,6980,3
803,6980,2
804,6980,3
805,6980,2
806,6980,1
807,6980,3
808,6980,3
809,6980,4
810,6980,2
811,6980,2
812,6980,3
813,6980,1
814,6980,2
815,6980,1
817,6980,2
818,6980,4
819,6980,3
820,6980,1
821,6980,3
822,6980,2
823,6980,3
825,6980,3
826,6980,2
827,6980,2
828,6980,1
830,6980,1
831,6980,3
832,6980,1
833,6980,1
834,6980,2
840,6980,1
843,6980,1
854,6980,1
869,6980,1
696,6981,1
697,6981,1
699,6981,1
700,6981,1
701,6981,1
702,6981,1
703,6981,2
707,6981,2
710,6981,2
711,6981,1
719,6981,1
726,6981,1
730,6981,3
732,6981,1
739,6981,1
744,6981,1
747,6981,1
755,6981,1
756,6981,2
757,6981,1
758,6981,1
759,6981,1
760,6981,1
763,6981,1
764,6981,1
765,6981,1
766,6981,1
767,6981,1
768,6981,1
769,6981,1
776,6981,1
778,6981,1
779,6981,1
780,6981,1
781,6981,3
782,6981,1
783,6981,1
787,6981,1
788,6981,1
789,6981,1
791,6981,1
792,6981,1
793,6981,3
794,6981,2
795,6981,2
796,6981,1
798,6981,1
799,6981,2
800,6981,2
801,6981,2
802,6981,3
803,6981,1
804,6981,1
805,6981,2
806,6981,1
807,6981,2
808,6981,4
809,6981,5
810,6981,6
811,6981,5
812,6981,3
813,6981,3
814,6981,3
815,6981,6
816,6981,1
817,6981,5
818,6981,3
821,6981,3
822,6981,7
823,6981,2
824,6981,3
825,6981,1
826,6981,3
827,6981,3
828,6981,2
829,6981,1
831,6981,1
833,6981,1
834,6981,3
835,6981,1
840,6981,1
841,6981,1
842,6981,1
843,6981,1
845,6981,1
866,6981,1
868,6981,1
869,6981,2
921,6981,1
696,6982,1
700,6982,1
701,6982,1
702,6982,1
709,6982,1
710,6982,1
718,6982,1
719,6982,1
726,6982,1
729,6982,2
730,6982,4
741,6982,1
753,6982,1
756,6982,1
763,6982,1
764,6982,1
766,6982,1
767,6982,1
769,6982,1
770,6982,1
774,6982,2
775,6982,1
776,6982,1
779,6982,2
780,6982,1
781,6982,2
787,6982,2
788,6982,2
789,6982,2
790,6982,1
791,6982,2
792,6982,2
793,6982,1
795,6982,1
798,6982,3
799,6982,2
800,6982,1
801,6982,1
803,6982,2
804,6982,1
805,6982,1
806,6982,1
807,6982,2
808,6982,4
809,6982,5
810,6982,7
811,6982,5
812,6982,6
813,6982,7
814,6982,5
815,6982,11
816,6982,15
817,6982,9
818,6982,5
819,6982,2
820,6982,2
821,6982,1
822,6982,1
823,6982,1
824,6982,2
825,6982,1
826,6982,4
827,6982,5
828,6982,3
829,6982,1
834,6982,1
835,6982,2
836,6982,2
839,6982,1
840,6982,1
842,6982,2
843,6982,1
844,6982,1
845,6982,2
846,6982,1
847,6982,1
869,6982,1
870,6982,1
871,6982,1
697,6983,1
699,6983,1
700,6983,2
701,6983,2
707,6983,1
717,6983,1
718,6983,1
729,6983,3
730,6983,2
740,6983,1
741,6983,2
744,6983,1
745,6983,1
746,6983,1
748,6983,1
749,6983,1
750,6983,1
752,6983,1
769,6983,1
774,6983,1
777,6983,1
778,6983,1
779,6983,1
782,6983,1
783,6983,1
788,6983,2
789,6983,1
792,6983,1
794,6983,1
795,6983,2
796,6983,1
797,6983,2
798,6983,3
799,6983,1
800,6983,2
801,6983,1
802,6983,1
803,6983,2
807,6983,1
808,6983,1
809,6983,2
810,6983,2
811,6983,5
812,6983,7
813,6983,10
814,6983,13
815,6983,24
816,6983,31
817,6983,16
818,6983,8
819,6983,5
820,6983,2
821,6983,1
822,6983,1
823,6983,3
824,6983,1
825,6983,1
826,6983,2
827,6983,3
828,6983,1
831,6983,1
832,6983,3
834,6983,1
835,6983,1
836,6983,4
837,6983,1
839,6983,2
840,6983,1
841,6983,2
842,6983,2
843,6983,1
845,6983,1
863,6983,1
882,6983,1
694,6984,2
696,6984,1
697,6984,1
699,6984,2
706,6984,1
707,6984,3
708,6984,2
734,6984,1
744,6984,2
745,6984,1
750,6984,1
751,6984,1
765,6984,1
768,6984,2
769,6984,2
774,6984,1
776,6984,1
777,6984,1
778,6984,1
785,6984,2
792,6984,1
793,6984,1
794,6984,1
797,6984,1
798,6984,1
800,6984,1
806,6984,1
807,6984,1
808,6984,2
809,6984,2
810,6984,1
811,6984,2
812,6984,3
813,6984,3
814,6984,5
815,6984,22
816,6984,69
817,6984,54
818,6984,8
819,6984,2
820,6984,1
821,6984,1
822,6984,3
823,6984,3
824,6984,2
825,6984,3
826,6984,1
827,6984,2
828,6984,1
829,6984,2
830,6984,2
831,6984,1
832,6984,1
834,6984,1
836,6984,1
837,6984,2
839,6984,2
840,6984,1
841,6984,3
842,6984,2
847,6984,1
848,6984,2
849,6984,2
855,6984,1
856,6984,1
862,6984,1
863,6984,1
881,6984,1
882,6984,1
883,6984,1
884,6984,1
885,6984,1
693,6985,1
695,6985,2
696,6985,2
707,6985,1
726,6985,1
743,6985,1
744,6985,1
762,6985,2
763,6985,1
766,6985,1
768,6985,1
769,6985,2
774,6985,1
782,6985,1
784,6985,1
785,6985,2
786,6985,1
790,6985,1
791,6985,1
792,6985,1
794,6985,1
795,6985,2
796,6985,1
798,6985,1
799,6985,1
803,6985,1
804,6985,1
806,6985,1
807,6985,1
809,6985,1
811,6985,4
812,6985,2
813,6985,2
814,6985,1
815,6985,9
816,6985,23
817,6985,29
818,6985,13
819,6985,2
821,6985,3
822,6985,2
823,6985,1
825,6985,1
826,6985,1
827,6985,3
829,6985,2
830,6985,2
835,6985,1
836,6985,1
837,6985,2
838,6985,2
839,6985,1
840,6985,2
841,6985,4
842,6985,4
843,6985,1
844,6985,1
847,6985,1
848,6985,1
852,6985,2
853,6985,2
854,6985,2
855,6985,1
856,6985,1
858,6985,1
859,6985,2
860,6985,3
862,6985,1
863,6985,1
865,6985,2
868,6985,1
873,6985,1
874,6985,1
875,6985,1
876,6985,1
879,6985,1
880,6985,2
881,6985,1
883,6985,1
885,6985,1
886,6985,1
692,6986,1
693,6986,1
695,6986,1
696,6986,3
706,6986,1
707,6986,1
725,6986,1
728,6986,1
729,6986,1
730,6986,1
732,6986,1
735,6986,1
736,6986,1
748,6986,1
761,6986,1
763,6986,1
768,6986,1
769,6986,1
774,6986,1
776,6986,1
782,6986,1
784,6986,1
786,6986,1
790,6986,1
793,6986,1
794,6986,1
795,6986,1
796,6986,1
798,6986,1
803,6986,1
805,6986,1
808,6986,1
809,6986,2
810,6986,1
811,6986,2
812,6986,3
813,6986,2
814,6986,3
815,6986,6
816,6986,9
817,6986,9
818,6986,6
819,6986,5
820,6986,3
821,6986,3
822,6986,2
823,6986,1
824,6986,4
825,6986,3
826,6986,2
827,6986,2
830,6986,1
831,6986,1
832,6986,1
833,6986,1
836,6986,1
837,6986,2
838,6986,3
840,6986,1
841,6986,1
846,6986,1
847,6986,1
849,6986,1
860,6986,1
865,6986,1
867,6986,1
868,6986,1
879,6986,1
880,6986,1
881,6986,1
885,6986,1
886,6986,1
890,6986,1
691,6987,1
692,6987,1
695,6987,3
696,6987,2
703,6987,1
710,6987,1
713,6987,1
723,6987,1
726,6987,2
727,6987,3
728,6987,1
740,6987,1
741,6987,2
742,6987,1
743,6987,1
744,6987,1
747,6987,3
748,6987,1
756,6987,1
757,6987,1
758,6987,1
777,6987,1
779,6987,1
782,6987,1
791,6987,1
792,6987,1
793,6987,1
796,6987,1
797,6987,1
798,6987,1
800,6987,1
803,6987,1
804,6987,1
805,6987,1
808,6987,1
810,6987,1
811,6987,1
812,6987,3
814,6987,5
815,6987,5
816,6987,3
817,6987,6
818,6987,4
819,6987,8
820,6987,5
821,6987,3
822,6987,3
823,6987,6
824,6987,8
825,6987,3
826,6987,2
827,6987,2
828,6987,2
829,6987,1
830,6987,1
833,6987,2
834,6987,2
836,6987,2
837,6987,1
839,6987,2
840,6987,1
841,6987,1
842,6987,3
846,6987,1
849,6987,1
855,6987,1
857,6987,1
880,6987,1
891,6987,1
691,6988,1
692,6988,1
693,6988,2
709,6988,1
710,6988,1
712,6988,1
713,6988,1
717,6988,1
718,6988,1
722,6988,1
725,6988,1
726,6988,3
727,6988,3
739,6988,1
740,6988,1
741,6988,2
742,6988,1
744,6988,1
747,6988,1
754,6988,1
755,6988,2
756,6988,1
759,6988,1
778,6988,1
779,6988,1
783,6988,1
784,6988,1
787,6988,1
788,6988,1
789,6988,2
790,6988,1
796,6988,1
797,6988,1
800,6988,1
801,6988,2
802,6988,1
805,6988,1
808,6988,1
809,6988,3
810,6988,5
811,6988,3
812,6988,2
813,6988,2
814,6988,5
815,6988,1
817,6988,1
818,6988,4
819,6988,7
820,6988,7
821,6988,2
822,6988,9
823,6988,21
824,6988,9
825,6988,3
826,6988,4
827,6988,2
830,6988,1
831,6988,2
832,6988,2
833,6988,1
834,6988,2
835,6988,1
837,6988,1
842,6988,1
854,6988,1
855,6988,1
859,6988,1
691,6989,3
692,6989,1
693,6989,3
702,6989,1
704,6989,1
709,6989,1
710,6989,1
723,6989,1
724,6989,1
725,6989,2
726,6989,3
728,6989,2
729,6989,1
740,6989,1
741,6989,1
742,6989,1
744,6989,1
754,6989,1
755,6989,1
765,6989,1
783,6989,1
786,6989,1
787,6989,1
788,6989,1
789,6989,3
796,6989,1
801,6989,1
808,6989,1
809,6989,1
810,6989,5
811,6989,1
812,6989,1
813,6989,2
818,6989,1
819,6989,3
820,6989,5
821,6989,4
822,6989,8
823,6989,21
824,6989,17
825,6989,4
826,6989,6
827,6989,2
829,6989,2
830,6989,2
831,6989,3
832,6989,2
834,6989,1
837,6989,1
841,6989,1
842,6989,1
843,6989,2
852,6989,1
853,6989,1
869,6989,1
870,6989,1
871,6989,1
690,6990,2
691,6990,2
692,6990,1
693,6990,3
703,6990,1
704,6990,1
709,6990,2
710,6990,1
724,6990,3
725,6990,1
726,6990,1
727,6990,1
728,6990,1
737,6990,3
738,6990,3
739,6990,1
764,6990,1
765,6990,1
773,6990,1
781,6990,1
782,6990,1
783,6990,1
784,6990,2
785,6990,2
786,6990,3
787,6990,1
788,6990,1
796,6990,1
798,6990,1
799,6990,1
805,6990,1
807,6990,1
808,6990,1
812,6990,1
813,6990,1
814,6990,1
819,6990,2
820,6990,2
821,6990,2
822,6990,5
823,6990,7
824,6990,7
825,6990,6
826,6990,7
827,6990,2
828,6990,1
829,6990,1
830,6990,1
831,6990,3
832,6990,2
833,6990,2
834,6990,2
835,6990,1
837,6990,1
840,6990,1
841,6990,1
843,6990,2
845,6990,1
846,6990,1
849,6990,1
850,6990,1
862,6990,1
863,6990,1
867,6990,1
689,6991,2
690,6991,1
692,6991,1
693,6991,4
701,6991,1
703,6991,1
722,6991,1
723,6991,1
734,6991,1
746,6991,1
747,6991,1
748,6991,1
762,6991,1
763,6991,1
764,6991,1
773,6991,1
774,6991,1
779,6991,1
794,6991,1
795,6991,1
797,6991,2
798,6991,2
801,6991,1
802,6991,1
803,6991,1
805,6991,1
806,6991,1
807,6991,2
808,6991,2
816,6991,1
818,6991,1
819,6991,1
820,6991,2
821,6991,1
822,6991,2
823,6991,4
824,6991,3
825,6991,4
826,6991,6
827,6991,2
828,6991,5
829,6991,3
831,6991,2
832,6991,1
833,6991,1
834,6991,2
835,6991,1
836,6991,2
837,6991,2
840,6991,1
843,6991,2
844,6991,1
846,6991,1
867,6991,1
650,6992,1
651,6992,1
652,6992,1
653,6992,1
689,6992,2
690,6992,1
691,6992,1
693,6992,5
701,6992,4
702,6992,1
703,6992,2
715,6992,1
721,6992,2
722,6992,2
725,6992,1
732,6992,1
733,6992,2
734,6992,1
762,6992,1
764,6992,1
773,6992,1
774,6992,1
775,6992,1
776,6992,1
777,6992,1
778,6992,1
779,6992,1
782,6992,1
784,6992,1
790,6992,1
791,6992,1
792,6992,1
794,6992,2
795,6992,1
796,6992,1
797,6992,1
806,6992,1
807,6992,2
808,6992,1
810,6992,1
816,6992,1
818,6992,1
819,6992,1
820,6992,2
822,6992,1
823,6992,1
824,6992,2
825,6992,1
826,6992,2
828,6992,4
831,6992,2
832,6992,3
833,6992,2
834,6992,1
835,6992,1
837,6992,1
838,6992,2
839,6992,2
840,6992,1
841,6992,1
843,6992,1
844,6992,1
845,6992,1
846,6992,1
847,6992,2
848,6992,1
850,6992,1
851,6992,1
857,6992,1
858,6992,1
859,6992,1
866,6992,1
660,6993,1
661,6993,1
662,6993,1
689,6993,1
690,6993,1
692,6993,1
693,6993,2
696,6993,1
697,6993,1
700,6993,1
701,6993,1
704,6993,1
715,6993,1
717,6993,1
719,6993,1
720,6993,2
721,6993,2
722,6993,1
732,6993,1
747,6993,1
772,6993,1
773,6993,1
776,6993,1
782,6993,1
783,6993,1
784,6993,1
790,6993,1
792,6993,1
800,6993,1
801,6993,1
802,6993,2
805,6993,1
806,6993,2
807,6993,1
810,6993,2
815,6993,1
818,6993,1
819,6993,1
820,6993,1
821,6993,1
822,6993,2
824,6993,2
825,6993,3
826,6993,1
827,6993,1
828,6993,2
833,6993,3
834,6993,2
835,6993,2
836,6993,2
837,6993,1
838,6993,1
839,6993,2
840,6993,2
841,6993,2
843,6993,1
850,6993,1
851,6993,1
859,6993,1
861,6993,1
863,6993,1
864,6993,1
865,6993,1
634,6994,1
635,6994,1
636,6994,1
660,6994,1
661,6994,1
689,6994,2
690,6994,2
698,6994,3
700,6994,2
701,6994,1
704,6994,3
705,6994,1
715,6994,2
716,6994,1
717,6994,1
718,6994,2
719,6994,2
721,6994,1
731,6994,1
747,6994,1
759,6994,1
775,6994,1
776,6994,1
790,6994,1
792,6994,1
793,6994,2
795,6994,1
796,6994,1
797,6994,1
798,6994,1
801,6994,1
802,6994,1
805,6994,1
806,6994,1
809,6994,2
810,6994,2
819,6994,1
823,6994,1
826,6994,1
828,6994,2
829,6994,1
832,6994,1
833,6994,3
834,6994,2
835,6994,1
836,6994,3
837,6994,1
838,6994,2
839,6994,1
841,6994,3
842,6994,2
843,6994,1
844,6994,1
845,6994,1
850,6994,1
861,6994,1
686,6995,1
687,6995,2
688,6995,3
689,6995,1
690,6995,1
693,6995,1
699,6995,1
700,6995,1
704,6995,1
715,6995,1
716,6995,1
717,6995,1
719,6995,1
720,6995,1
730,6995,1
731,6995,3
732,6995,2
740,6995,1
741,6995,1
758,6995,1
759,6995,1
770,6995,1
771,6995,1
772,6995,1
773,6995,1
774,6995,1
782,6995,1
783,6995,1
784,6995,1
785,6995,1
796,6995,1
797,6995,1
798,6995,1
800,6995,1
803,6995,1
804,6995,1
805,6995,2
806,6995,1
809,6995,1
819,6995,1
820,6995,1
821,6995,1
822,6995,2
823,6995,1
827,6995,1
829,6995,1
830,6995,1
833,6995,2
834,6995,2
835,6995,2
836,6995,2
837,6995,1
839,6995,1
841,6995,2
842,6995,1
844,6995,2
845,6995,1
847,6995,2
848,6995,2
849,6995,1
851,6995,1
860,6995,1
861,6995,1
869,6995,1
870,6995,1
624,6996,1
625,6996,1
626,6996,1
627,6996,1
628,6996,1
671,6996,1
672,6996,1
673,6996,1
674,6996,1
675,6996,1
686,6996,2
687,6996,2
688,6996,2
689,6996,1
690,6996,1
692,6996,1
696,6996,1
698,6996,1
699,6996,1
701,6996,1
713,6996,1
714,6996,2
715,6996,1
716,6996,2
717,6996,2
718,6996,1
719,6996,3
720,6996,2
721,6996,1
722,6996,1
723,6996,1
725,6996,1
737,6996,2
738,6996,2
739,6996,1
740,6996,1
757,6996,1
758,6996,1
764,6996,1
772,6996,1
773,6996,1
774,6996,1
792,6996,1
804,6996,1
805,6996,1
809,6996,2
817,6996,1
820,6996,1
821,6996,1
826,6996,1
827,6996,2
829,6996,1
832,6996,1
834,6996,2
835,6996,1
836,6996,1
837,6996,2
838,6996,1
839,6996,2
841,6996,1
843,6996,1
844,6996,1
846,6996,2
847,6996,2
848,6996,1
849,6996,1
850,6996,2
851,6996,2
852,6996,2
853,6996,2
857,6996,1
858,6996,2
859,6996,2
861,6996,1
862,6996,2
863,6996,1
864,6996,1
866,6996,1
869,6996,1
686,6997,2
688,6997,1
689,6997,1
692,6997,1
696,6997,4
699,6997,1
700,6997,1
701,6997,2
713,6997,2
714,6997,1
718,6997,2
719,6997,1
726,6997,1
727,6997,3
728,6997,1
758,6997,1
759,6997,1
760,6997,1
764,6997,1
773,6997,1
791,6997,1
800,6997,1
805,6997,1
807,6997,1
808,6997,2
809,6997,2
820,6997,2
826,6997,1
827,6997,3
831,6997,1
832,6997,2
835,6997,1
837,6997,1
839,6997,2
840,6997,1
842,6997,1
843,6997,1
845,6997,1
846,6997,2
853,6997,2
854,6997,1
856,6997,1
858,6997,1
859,6997,1
862,6997,1
863,6997,1
864,6997,1
865,6997,2
866,6997,1
867,6997,1
617,6998,1
618,6998,1
619,6998,1
620,6998,1
688,6998,2
692,6998,2
697,6998,1
698,6998,1
699,6998,2
700,6998,2
710,6998,1
711,6998,1
712,6998,2
713,6998,1
724,6998,3
725,6998,4
726,6998,1
727,6998,1
728,6998,1
730,6998,1
731,6998,1
745,6998,1
746,6998,1
747,6998,1
757,6998,1
758,6998,1
759,6998,1
769,6998,1
770,6998,1
798,6998,1
799,6998,1
800,6998,1
805,6998,1
807,6998,1
808,6998,3
809,6998,2
820,6998,2
823,6998,1
826,6998,1
832,6998,2
833,6998,1
837,6998,1
839,6998,1
842,6998,1
843,6998,4
844,6998,4
845,6998,1
846,6998,1
847,6998,1
850,6998,1
851,6998,1
855,6998,1
856,6998,2
857,6998,1
859,6998,1
860,6998,1
862,6998,1
863,6998,1
868,6998,1
869,6998,1
874,6998,1
684,6999,1
687,6999,1
688,6999,2
691,6999,1
692,6999,1
700,6999,1
708,6999,1
710,6999,2
711,6999,2
712,6999,3
713,6999,2
714,6999,1
722,6999,1
723,6999,1
724,6999,2
725,6999,2
731,6999,1
769,6999,1
774,6999,1
790,6999,1
799,6999,2
800,6999,2
805,6999,1
806,6999,1
807,6999,2
808,6999,2
810,6999,1
811,6999,1
820,6999,3
821,6999,1
823,6999,1
824,6999,1
825,6999,1
831,6999,1
834,6999,1
836,6999,1
839,6999,1
841,6999,2
843,6999,2
844,6999,2
845,6999,1
855,6999,1
856,6999,1
860,6999,1
861,6999,1
863,6999,1
865,6999,1
866,6999,2
867,6999,1
874,6999,1
605,7000,1
606,7000,1
607,7000,1
683,7000,1
684,7000,3
686,7000,1
688,7000,2
694,7000,1
698,7000,1
699,7000,1
706,7000,1
707,7000,1
708,7000,1
711,7000,3
712,7000,2
721,7000,2
722,7000,1
723,7000,1
732,7000,1
752,7000,1
753,7000,1
764,7000,2
766,7000,1
767,7000,2
772,7000,1
774,7000,1
790,7000,1
798,7000,1
805,7000,2
806,7000,2
811,7000,1
815,7000,1
816,7000,1
819,7000,1
820,7000,1
821,7000,2
822,7000,2
823,7000,1
824,7000,2
828,7000,1
837,7000,2
838,7000,2
841,7000,1
842,7000,2
843,7000,5
844,7000,1
845,7000,1
850,7000,1
851,7000,1
855,7000,1
856,7000,1
860,7000,1
861,7000,2
862,7000,1
863,7000,1
605,7001,1
683,7001,3
684,7001,2
686,7001,1
688,7001,1
693,7001,3
694,7001,5
705,7001,1
706,7001,1
710,7001,1
718,7001,1
719,7001,2
720,7001,4
721,7001,1
723,7001,1
729,7001,1
730,7001,1
731,7001,1
732,7001,1
763,7001,1
764,7001,1
765,7001,1
766,7001,1
767,7001,1
768,7001,1
772,7001,1
777,7001,1
790,7001,1
794,7001,1
797,7001,1
804,7001,1
807,7001,1
811,7001,1
812,7001,1
820,7001,1
821,7001,1
822,7001,2
823,7001,1
824,7001,2
829,7001,1
837,7001,2
842,7001,1
843,7001,4
844,7001,4
845,7001,1
846,7001,1
848,7001,1
849,7001,1
850,7001,1
851,7001,3
852,7001,2
861,7001,1
871,7001,1
872,7001,2
873,7001,1
875,7001,1
876,7001,2
882,7001,1
682,7002,3
683,7002,4
687,7002,1
688,7002,1
693,7002,3
695,7002,2
696,7002,1
702,7002,2
703,7002,3
704,7002,1
705,7002,1
706,7002,2
707,7002,1
708,7002,1
714,7002,3
715,7002,2
728,7002,1
729,7002,1
765,7002,1
766,7002,1
768,7002,1
770,7002,1
772,7002,2
773,7002,1
774,7002,1
777,7002,1
778,7002,1
779,7002,1
780,7002,1
783,7002,1
784,7002,1
789,7002,1
790,7002,2
793,7002,1
794,7002,1
797,7002,1
802,7002,1
803,7002,2
805,7002,1
806,7002,1
807,7002,1
808,7002,1
812,7002,1
816,7002,1
817,7002,1
821,7002,1
822,7002,2
838,7002,2
839,7002,2
840,7002,1
842,7002,2
843,7002,2
844,7002,6
845,7002,2
849,7002,1
852,7002,2
853,7002,2
854,7002,1
855,7002,1
856,7002,1
875,7002,1
876,7002,1
877,7002,2
878,7002,1
882,7002,1
681,7003,2
682,7003,3
683,7003,1
684,7003,1
689,7003,1
692,7003,2
693,7003,2
694,7003,3
695,7003,1
706,7003,2
709,7003,3
710,7003,3
711,7003,1
713,7003,1
714,7003,1
771,7003,1
772,7003,1
774,7003,1
788,7003,1
789,7003,1
790,7003,1
793,7003,1
795,7003,1
796,7003,1
798,7003,2
800,7003,1
801,7003,1
802,7003,2
803,7003,2
810,7003,1
812,7003,1
813,7003,1
815,7003,1
822,7003,1
823,7003,2
826,7003,1
831,7003,1
833,7003,1
838,7003,1
842,7003,3
843,7003,3
844,7003,7
845,7003,4
851,7003,1
852,7003,1
853,7003,1
855,7003,1
856,7003,1
857,7003,1
876,7003,1
877,7003,1
977,7003,1
681,7004,2
683,7004,1
684,7004,2
688,7004,1
689,7004,1
691,7004,2
692,7004,3
693,7004,1
694,7004,1
696,7004,1
697,7004,1
699,7004,1
700,7004,1
706,7004,1
707,7004,1
708,7004,1
709,7004,1
711,7004,1
712,7004,1
716,7004,2
717,7004,2
718,7004,1
722,7004,1
723,7004,1
770,7004,1
790,7004,1
797,7004,1
798,7004,2
799,7004,1
800,7004,2
808,7004,1
810,7004,1
812,7004,1
813,7004,1
814,7004,1
823,7004,1
827,7004,1
828,7004,1
829,7004,1
831,7004,1
832,7004,1
833,7004,1
843,7004,1
845,7004,1
846,7004,1
852,7004,1
853,7004,1
857,7004,1
863,7004,1
886,7004,1
887,7004,1
888,7004,1
976,7004,1
977,7004,1
680,7005,1
681,7005,2
683,7005,1
684,7005,3
689,7005,1
690,7005,2
691,7005,1
692,7005,1
693,7005,1
696,7005,1
701,7005,1
702,7005,2
703,7005,1
706,7005,1
707,7005,1
710,7005,2
711,7005,2
712,7005,2
713,7005,1
715,7005,1
716,7005,1
769,7005,1
770,7005,1
790,7005,1
794,7005,1
796,7005,1
807,7005,1
808,7005,1
814,7005,2
815,7005,1
822,7005,1
823,7005,1
827,7005,1
828,7005,2
829,7005,2
852,7005,1
859,7005,1
860,7005,1
863,7005,1
864,7005,1
865,7005,1
867,7005,1
883,7005,1
884,7005,1
974,7005,1
975,7005,1
681,7006,2
683,7006,1
684,7006,1
687,7006,1
689,7006,1
690,7006,1
691,7006,1
692,7006,1
693,7006,1
700,7006,2
701,7006,3
702,7006,2
704,7006,1
705,7006,3
706,7006,2
709,7006,1
710,7006,1
712,7006,1
717,7006,1
718,7006,1
790,7006,1
791,7006,1
794,7006,1
796,7006,1
799,7006,1
807,7006,1
808,7006,1
813,7006,1
822,7006,1
823,7006,1
838,7006,1
839,7006,1
842,7006,1
852,7006,1
853,7006,1
858,7006,1
860,7006,1
861,7006,1
865,7006,1
866,7006,1
867,7006,2
868,7006,1
973,7006,1
974,7006,1
681,7007,2
684,7007,1
686,7007,1
687,7007,1
689,7007,2
690,7007,1
693,7007,1
698,7007,1
699,7007,1
700,7007,2
703,7007,1
704,7007,2
705,7007,1
709,7007,1
790,7007,1
798,7007,1
799,7007,1
804,7007,1
805,7007,1
807,7007,1
813,7007,1
814,7007,1
821,7007,1
822,7007,1
825,7007,1
838,7007,1
839,7007,1
841,7007,1
842,7007,1
854,7007,1
855,7007,1
858,7007,1
859,7007,1
863,7007,1
865,7007,1
866,7007,1
867,7007,1
868,7007,1
968,7007,1
969,7007,1
676,7008,2
677,7008,3
682,7008,1
687,7008,4
688,7008,5
689,7008,1
692,7008,1
693,7008,1
697,7008,5
698,7008,2
699,7008,1
701,7008,1
702,7008,1
703,7008,3
704,7008,1
705,7008,1
706,7008,1
767,7008,1
798,7008,1
799,7008,1
804,7008,1
814,7008,1
815,7008,2
816,7008,1
821,7008,1
825,7008,1
826,7008,1
859,7008,1
860,7008,1
866,7008,1
676,7009,3
678,7009,1
682,7009,1
684,7009,1
685,7009,1
686,7009,2
687,7009,6
688,7009,1
691,7009,1
692,7009,1
695,7009,3
696,7009,2
697,7009,1
699,7009,1
701,7009,2
702,7009,4
703,7009,1
705,7009,1
712,7009,2
767,7009,1
789,7009,1
791,7009,1
814,7009,1
817,7009,1
818,7009,1
826,7009,1
827,7009,1
828,7009,1
829,7009,1
838,7009,1
843,7009,1
853,7009,1
859,7009,1
860,7009,2
867,7009,1
896,7009,1
897,7009,2
898,7009,1
930,7009,2
931,7009,2
937,7009,1
938,7009,1
953,7009,1
677,7010,1
678,7010,2
682,7010,1
684,7010,2
685,7010,1
686,7010,1
687,7010,1
691,7010,1
693,7010,1
694,7010,2
696,7010,1
697,7010,4
698,7010,3
699,7010,2
700,7010,2
701,7010,2
702,7010,1
703,7010,1
711,7010,1
712,7010,1
787,7010,1
788,7010,1
791,7010,1
793,7010,1
818,7010,1
823,7010,1
827,7010,1
828,7010,1
829,7010,1
830,7010,1
838,7010,1
843,7010,1
853,7010,1
854,7010,1
859,7010,1
860,7010,2
861,7010,1
867,7010,1
870,7010,1
897,7010,1
899,7010,1
900,7010,1
937,7010,1
939,7010,1
940,7010,1
951,7010,1
952,7010,1
953,7010,1
675,7011,1
677,7011,1
678,7011,1
680,7011,1
681,7011,1
682,7011,3
683,7011,2
684,7011,2
688,7011,2
694,7011,1
695,7011,3
696,7011,4
697,7011,1
705,7011,1
706,7011,1
707,7011,1
714,7011,1
823,7011,1
830,7011,1
831,7011,1
832,7011,1
843,7011,1
860,7011,1
861,7011,2
862,7011,2
872,7011,2
873,7011,1
874,7011,2
875,7011,1
888,7011,1
889,7011,1
890,7011,1
891,7011,1
892,7011,1
893,7011,1
894,7011,1
895,7011,1
896,7011,1
901,7011,1
902,7011,1
903,7011,1
904,7011,2
905,7011,2
906,7011,1
907,7011,1
925,7011,2
926,7011,2
927,7011,1
940,7011,1
944,7011,1
673,7012,2
674,7012,3
675,7012,1
680,7012,1
681,7012,2
682,7012,3
683,7012,2
687,7012,1
688,7012,1
690,7012,1
691,7012,1
692,7012,1
693,7012,3
694,7012,4
695,7012,1
696,7012,1
704,7012,1
705,7012,1
711,7012,1
712,7012,1
788,7012,1
790,7012,1
823,7012,1
824,7012,1
832,7012,1
833,7012,1
837,7012,1
843,7012,1
861,7012,1
862,7012,2
863,7012,1
874,7012,1
875,7012,2
878,7012,1
903,7012,1
904,7012,1
905,7012,1
907,7012,1
925,7012,1
672,7013,3
673,7013,3
674,7013,1
675,7013,1
677,7013,1
680,7013,2
681,7013,2
682,7013,2
686,7013,1
689,7013,1
690,7013,2
691,7013,2
692,7013,4
693,7013,3
694,7013,3
704,7013,1
766,7013,1
784,7013,1
785,7013,1
786,7013,1
788,7013,1
823,7013,1
828,7013,1
832,7013,1
833,7013,1
837,7013,1
843,7013,1
862,7013,1
863,7013,1
873,7013,1
875,7013,1
877,7013,2
878,7013,1
921,7013,1
672,7014,2
677,7014,1
679,7014,2
681,7014,4
687,7014,1
688,7014,4
689,7014,1
690,7014,2
766,7014,1
775,7014,1
784,7014,1
823,7014,1
828,7014,1
829,7014,1
863,7014,1
868,7014,1
869,7014,1
870,7014,1
877,7014,1
878,7014,3
879,7014,2
903,7014,1
908,7014,1
920,7014,1
921,7014,1
677,7015,1
679,7015,2
680,7015,3
681,7015,4
684,7015,1
685,7015,1
687,7015,8
688,7015,6
689,7015,1
690,7015,1
764,7015,1
775,7015,1
782,7015,1
791,7015,1
792,7015,1
825,7015,1
830,7015,1
855,7015,1
856,7015,1
864,7015,1
865,7015,1
877,7015,1
878,7015,2
879,7015,3
907,7015,1
908,7015,1
912,7015,1
913,7015,1
918,7015,1
944,7015,1
671,7016,2
672,7016,1
678,7016,2
679,7016,1
680,7016,1
681,7016,1
682,7016,1
686,7016,7
687,7016,5
688,7016,2
697,7016,1
698,7016,1
701,7016,1
764,7016,1
780,7016,1
782,7016,2
783,7016,1
825,7016,1
826,7016,1
830,7016,2
856,7016,1
864,7016,1
865,7016,3
866,7016,1
869,7016,1
873,7016,1
874,7016,1
885,7016,1
886,7016,1
887,7016,1
912,7016,1
917,7016,1
918,7016,1
670,7017,1
671,7017,1
678,7017,2
681,7017,1
684,7017,1
685,7017,7
686,7017,9
687,7017,1
688,7017,1
692,7017,1
693,7017,1
694,7017,1
696,7017,1
697,7017,1
698,7017,1
765,7017,1
780,7017,1
781,7017,3
782,7017,2
826,7017,1
827,7017,1
828,7017,1
831,7017,1
834,7017,1
866,7017,2
867,7017,2
869,7017,1
870,7017,1
873,7017,1
879,7017,1
880,7017,1
881,7017,1
929,7017,1
930,7017,1
670,7018,1
671,7018,1
674,7018,1
675,7018,3
676,7018,4
677,7018,1
678,7018,1
680,7018,1
684,7018,2
685,7018,4
686,7018,1
691,7018,1
692,7018,1
698,7018,1
699,7018,1
700,7018,1
780,7018,1
781,7018,1
787,7018,1
828,7018,1
831,7018,1
832,7018,1
834,7018,2
871,7018,1
882,7018,1
883,7018,1
922,7018,1
930,7018,1
931,7018,1
932,7018,1
947,7018,1
669,7019,2
670,7019,3
674,7019,1
675,7019,6
676,7019,1
677,7019,2
680,7019,1
683,7019,3
684,7019,4
688,7019,1
689,7019,1
691,7019,1
692,7019,1
693,7019,1
769,7019,1
778,7019,1
780,7019,1
787,7019,1
828,7019,2
829,7019,2
830,7019,1
832,7019,1
834,7019,1
835,7019,1
841,7019,1
882,7019,1
883,7019,1
885,7019,1
892,7019,1
947,7019,1
948,7019,1
949,7019,1
668,7020,2
669,7020,3
674,7020,1
675,7020,2
676,7020,1
677,7020,2
678,7020,2
679,7020,2
680,7020,1
682,7020,5
683,7020,5
684,7020,2
687,7020,1
688,7020,1
769,7020,1
771,7020,2
772,7020,1
774,7020,1
776,7020,1
777,7020,1
780,7020,1
785,7020,1
786,7020,1
787,7020,1
829,7020,1
830,7020,2
831,7020,1
832,7020,2
833,7020,1
841,7020,1
872,7020,1
876,7020,1
877,7020,1
889,7020,1
890,7020,1
891,7020,1
892,7020,1
893,7020,1
894,7020,2
939,7020,1
950,7020,1
951,7020,1
668,7021,1
670,7021,1
673,7021,1
674,7021,2
675,7021,1
676,7021,2
677,7021,2
678,7021,2
680,7021,4
681,7021,2
682,7021,3
771,7021,1
772,7021,1
774,7021,1
776,7021,1
785,7021,1
830,7021,1
832,7021,1
833,7021,1
875,7021,1
876,7021,1
894,7021,1
669,7022,2
673,7022,1
675,7022,2
676,7022,4
677,7022,4
678,7022,1
679,7022,6
680,7022,5
682,7022,1
683,7022,1
686,7022,1
687,7022,2
688,7022,2
689,7022,1
771,7022,1
775,7022,1
776,7022,1
777,7022,1
780,7022,1
781,7022,1
829,7022,1
830,7022,1
876,7022,1
877,7022,1
884,7022,1
889,7022,1
890,7022,1
942,7022,1
943,7022,1
668,7023,1
669,7023,2
672,7023,2
675,7023,2
676,7023,4
677,7023,3
678,7023,4
679,7023,5
680,7023,2
685,7023,2
686,7023,3
687,7023,1
688,7023,1
761,7023,1
775,7023,1
776,7023,1
777,7023,1
837,7023,1
861,7023,1
877,7023,1
878,7023,1
879,7023,1
885,7023,1
886,7023,1
887,7023,1
888,7023,1
889,7023,1
890,7023,1
891,7023,1
892,7023,1
897,7023,1
898,7023,1
902,7023,1
903,7023,1
904,7023,1
905,7023,1
963,7023,1
964,7023,1
965,7023,1
668,7024,1
669,7024,1
671,7024,1
672,7024,1
673,7024,3
675,7024,1
676,7024,1
679,7024,1
761,7024,1
770,7024,1
775,7024,1
837,7024,1
839,7024,2
840,7024,1
861,7024,1
879,7024,1
880,7024,1
889,7024,1
892,7024,1
961,7024,1
962,7024,1
963,7024,1
668,7025,1
669,7025,2
671,7025,4
672,7025,3
673,7025,2
675,7025,4
676,7025,1
677,7025,2
680,7025,1
681,7025,1
761,7025,1
768,7025,1
770,7025,1
774,7025,1
775,7025,1
834,7025,1
835,7025,1
836,7025,1
837,7025,1
838,7025,1
839,7025,2
840,7025,1
897,7025,1
898,7025,1
667,7026,3
668,7026,3
669,7026,1
670,7026,3
671,7026,2
672,7026,2
673,7026,1
674,7026,5
675,7026,3
676,7026,1
677,7026,1
761,7026,1
766,7026,1
774,7026,1
776,7026,1
832,7026,1
833,7026,1
835,7026,1
836,7026,1
837,7026,1
838,7026,1
839,7026,2
898,7026,1
908,7026,1
955,7026,1
956,7026,1
1013,7026,1
667,7027,4
669,7027,3
670,7027,2
672,7027,1
673,7027,4
674,7027,9
675,7027,3
676,7027,2
677,7027,1
775,7027,1
776,7027,1
833,7027,1
834,7027,1
835,7027,1
839,7027,1
840,7027,1
886,7027,1
887,7027,1
908,7027,1
934,7027,1
956,7027,1
957,7027,1
958,7027,1
1013,7027,1
666,7028,1
667,7028,2
668,7028,1
669,7028,3
670,7028,6
671,7028,7
672,7028,5
673,7028,4
674,7028,3
676,7028,1
677,7028,1
765,7028,1
768,7028,1
775,7028,1
834,7028,1
836,7028,1
839,7028,1
840,7028,1
876,7028,1
887,7028,1
888,7028,1
896,7028,1
913,7028,1
914,7028,1
934,7028,1
935,7028,1
971,7028,1
972,7028,1
666,7029,1
667,7029,2
668,7029,1
669,7029,4
670,7029,7
671,7029,1
673,7029,1
674,7029,2
764,7029,1
765,7029,1
774,7029,1
775,7029,1
832,7029,2
836,7029,1
837,7029,2
839,7029,1
840,7029,1
876,7029,1
877,7029,1
888,7029,1
891,7029,1
896,7029,1
901,7029,1
902,7029,1
903,7029,1
904,7029,1
922,7029,1
972,7029,1
973,7029,1
666,7030,1
667,7030,1
668,7030,2
669,7030,3
670,7030,5
671,7030,6
672,7030,2
673,7030,1
674,7030,1
764,7030,1
774,7030,1
832,7030,2
833,7030,1
837,7030,1
839,7030,2
840,7030,1
901,7030,1
914,7030,1
915,7030,1
950,7030,1
951,7030,1
959,7030,1
666,7031,1
667,7031,2
668,7031,5
669,7031,1
670,7031,3
671,7031,1
759,7031,1
763,7031,1
773,7031,1
774,7031,1
832,7031,1
833,7031,1
838,7031,1
839,7031,3
840,7031,2
841,7031,2
842,7031,1
894,7031,1
956,7031,1
957,7031,1
959,7031,1
960,7031,1
1010,7031,1
1011,7031,1
666,7032,1
667,7032,6
668,7032,1
670,7032,1
762,7032,1
838,7032,1
839,7032,2
841,7032,1
842,7032,1
881,7032,1
894,7032,1
895,7032,1
896,7032,1
1010,7032,1
665,7033,5
666,7033,10
667,7033,6
668,7033,2
669,7033,4
670,7033,2
762,7033,2
763,7033,1
839,7033,1
842,7033,1
881,7033,1
900,7033,1
901,7033,1
902,7033,1
903,7033,1
966,7033,1
967,7033,1
968,7033,1
981,7033,1
982,7033,1
983,7033,1
1010,7033,1
664,7034,1
665,7034,16
666,7034,35
667,7034,8
668,7034,1
669,7034,2
670,7034,1
761,7034,1
762,7034,1
837,7034,1
840,7034,2
841,7034,1
842,7034,1
882,7034,1
901,7034,1
902,7034,1
903,7034,1
904,7034,1
968,7034,1
969,7034,1
970,7034,1
983,7034,1
1009,7034,1
1010,7034,1
664,7035,6
665,7035,37
666,7035,24
667,7035,3
668,7035,2
669,7035,2
837,7035,1
840,7035,2
841,7035,2
842,7035,1
882,7035,1
883,7035,1
904,7035,2
905,7035,1
970,7035,1
1009,7035,1
665,7036,5
841,7036,1
843,7036,1
844,7036,1
904,7036,1
905,7036,3
906,7036,1
907,7036,1
1006,7036,1
1009,7036,1
841,7037,1
844,7037,2
904,7037,2
905,7037,2
906,7037,1
907,7037,1
977,7037,1
978,7037,1
979,7037,1
1006,7037,1
836,7038,1
841,7038,1
842,7038,2
843,7038,1
844,7038,3
890,7038,1
904,7038,1
905,7038,1
907,7038,1
992,7038,1
993,7038,1
752,7039,1
755,7039,1
836,7039,1
842,7039,2
843,7039,1
844,7039,3
845,7039,1
890,7039,1
891,7039,1
892,7039,1
910,7039,1
911,7039,1
986,7039,1
987,7039,1
988,7039,1
992,7039,1
752,7040,1
844,7040,2
845,7040,1
846,7040,1
891,7040,1
911,7040,1
988,7040,1
745,7041,1
753,7041,1
844,7041,1
744,7042,1
745,7042,1
753,7042,1
754,7042,1
845,7042,1
753,7043,1
844,7043,1
845,7043,1
846,7043,1
847,7043,1
919,7043,1
999,7043,1
1000,7043,1
1001,7043,1
1002,7043,1
742,7044,1
749,7044,1
750,7044,1
846,7044,2
847,7044,3
848,7044,1
898,7044,1
899,7044,1
905,7044,1
919,7044,1
920,7044,1
742,7045,1
749,7045,1
835,7045,1
836,7045,1
846,7045,2
847,7045,3
848,7045,1
919,7045,1
920,7045,1
1005,7045,1
1006,7045,1
749,7046,1
835,7046,1
836,7046,1
846,7046,1
847,7046,1
904,7046,1
744,7047,1
836,7047,1
847,7047,1
920,7047,1
743,7048,1
744,7048,1
748,7048,1
743,7049,1
744,7049,1
846,7049,1
899,7049,1
1011,7049,1
1012,7049,1
1048,7049,1
1049,7049,1
1050,7049,1
743,7050,1
748,7050,1
838,7050,1
846,7050,1
899,7050,1
900,7050,1
901,7050,1
1048,7050,1
742,7051,1
747,7051,1
748,7051,1
901,7051,1
902,7051,1
904,7051,1
907,7051,1
1034,7051,1
1035,7051,1
1036,7051,1
1037,7051,1
747,7052,1
845,7052,1
902,7052,1
908,7052,1
1026,7052,1
1027,7052,1
1033,7052,1
1034,7052,1
1035,7052,1
1037,7052,1
747,7053,1
840,7053,1
845,7053,1
902,7053,1
903,7053,1
1022,7053,1
1025,7053,1
1026,7053,1
840,7054,1
845,7054,1
905,7054,1
906,7054,1
924,7054,1
1022,7054,1
745,7055,1
840,7055,1
841,7055,1
905,7055,1
924,7055,1
737,7056,1
745,7056,1
841,7056,1
737,7057,1
741,7057,1
741,7058,1
841,7058,1
905,7058,1
905,7059,1
906,7059,1
908,7059,1
845,7060,1
846,7060,1
906,7060,1
907,7060,1
908,7060,1
737,7061,1
740,7061,1
845,7061,1
906,7061,1
907,7061,2
737,7062,1
740,7062,1
846,7062,1
907,7062,1
917,7062,1
737,7063,1
740,7063,1
842,7063,1
846,7063,1
903,7063,1
904,7063,1
907,7063,1
735,7064,1
740,7064,1
842,7064,1
846,7064,1
903,7064,1
907,7064,1
914,7064,1
932,7064,1
735,7065,1
847,7065,1
906,7065,1
914,7065,1
915,7065,1
932,7065,1
846,7066,1
844,7067,1
846,7067,1
844,7068,1
713,7069,1
718,7069,1
734,7069,1
844,7069,1
845,7069,1
917,7069,1
918,7069,1
713,7070,1
718,7070,1
724,7070,1
730,7070,1
734,7070,2
847,7070,1
902,7070,1
918,7070,1
919,7070,1
713,7071,1
724,7071,1
733,7071,1
734,7071,1
847,7071,1
848,7071,1
919,7071,1
920,7071,1
712,7072,1
713,7072,1
732,7072,1
733,7072,1
920,7072,1
921,7072,1
933,7072,1
934,7072,1
847,7073,1
850,7073,1
851,7073,1
921,7073,1
935,7073,1
733,7074,1
734,7074,1
851,7074,1
731,7076,1
730,7077,1
855,7077,1
730,7078,1
855,7078,1
924,7078,1
855,7079,1
728,7080,1
729,7080,1
856,7080,1
727,7081,1
728,7081,1
729,7081,1
856,7081,1
857,7081,1
938,7081,1
939,7081,1
857,7082,1
937,7086,1
938,7086,1
865,7087,1
938,7087,1
939,7087,1
865,7088,1
866,7088,1
933,7088,1
718,7089,1
718,7090,1
718,7091,1
872,7092,1
948,7092,1
872,7093,1
932,7093,1
950,7093,1
951,7093,1
872,7094,1
950,7094,1
951,7094,1
951,7095,1
874,7097,1
875,7097,1
875,7098,1
881,7102,1
881,7103,1
882,7103,1
884,7104,1
722,7105,1
955,7105,1
722,7106,1
889,7106,1
955,7106,1
722,7107,1
889,7107,1
722,7108,1
890,7108,1
891,7108,1
725,7115,1
725,7116,1
725,7117,1
725,7118,1
726,7118,1
729,7126,1
729,7127,1
728,7128,1
729,7128,1
728,7129,1
