ix,iy,flights
515,6464,1
515,6465,3
515,6466,5
515,6467,6
515,6468,3
515,6470,2
515,6471,2
515,6472,3
516,6472,5
516,6473,6
516,6474,6
516,6475,6
520,6487,4
520,6488,2
525,6503,5
525,6504,6
524,6505,1
525,6505,5
524,6506,1
525,6506,5
524,6507,1
525,6507,4
526,6507,4
525,6508,2
526,6508,2
526,6509,5
526,6510,6
526,6511,6
526,6512,6
526,6513,4
526,6514,3
526,6515,2
532,6521,1
533,6521,2
533,6522,2
532,6523,3
533,6523,6
532,6524,3
533,6524,5
533,6525,5
534,6525,1
533,6526,6
534,6526,1
532,6527,1
533,6527,6
532,6528,1
533,6528,5
533,6529,2
538,6532,2
539,6532,2
538,6533,1
540,6533,1
544,6538,1
544,6539,1
546,6542,4
546,6543,6
546,6544,5
546,6545,6
546,6546,6
547,6546,1
546,6547,6
547,6547,1
546,6548,4
547,6548,4
547,6549,3
587,6550,1
551,6554,1
449,6555,1
551,6555,1
449,6556,1
551,6556,1
551,6557,1
551,6558,1
551,6559,4
551,6560,3
551,6561,5
450,6562,1
551,6562,7
450,6563,1
550,6563,2
551,6563,6
450,6564,1
451,6564,1
550,6564,2
551,6564,1
451,6565,1
550,6565,4
551,6565,2
451,6566,1
550,6566,4
551,6566,2
451,6567,1
550,6567,5
551,6567,3
451,6568,1
550,6568,7
551,6568,3
451,6569,1
550,6569,7
451,6570,1
550,6570,6
550,6571,3
584,6571,1
550,6572,2
452,6577,1
452,6578,1
452,6580,1
452,6581,1
452,6582,1
452,6583,1
452,6584,1
452,6586,1
453,6586,1
452,6587,2
452,6588,2
579,6588,1
580,6588,1
440,6590,1
440,6591,1
440,6592,1
454,6594,2
547,6594,1
454,6595,2
547,6595,4
454,6596,2
456,6596,1
535,6596,1
547,6596,4
456,6597,1
535,6597,1
547,6597,5
474,6598,1
474,6599,1
536,6599,1
547,6599,1
547,6600,1
547,6601,1
442,6602,1
534,6602,1
534,6603,1
535,6603,1
547,6603,1
440,6605,1
547,6605,2
440,6606,1
441,6606,1
547,6606,4
441,6607,1
547,6607,4
547,6608,8
547,6609,6
383,6610,1
458,6610,2
547,6610,7
383,6611,1
384,6611,1
458,6611,2
459,6611,2
547,6611,8
606,6611,1
458,6612,2
459,6612,2
546,6612,1
547,6612,8
458,6613,2
546,6613,1
547,6613,8
372,6614,1
459,6614,1
478,6614,1
546,6614,2
547,6614,7
605,6614,1
373,6615,1
374,6615,1
459,6615,2
478,6615,1
546,6615,3
547,6615,7
605,6615,1
377,6616,1
378,6616,1
445,6616,1
459,6616,2
478,6616,1
546,6616,3
575,6616,1
378,6617,1
379,6617,1
444,6617,1
445,6617,1
459,6617,2
575,6617,1
380,6618,1
381,6619,1
382,6620,1
547,6620,2
458,6621,1
459,6621,1
547,6621,4
447,6622,1
458,6622,1
459,6622,1
460,6622,1
478,6622,1
547,6622,3
447,6623,1
458,6623,1
461,6623,1
478,6623,1
542,6623,1
547,6623,1
433,6624,1
434,6624,1
461,6624,1
434,6625,1
448,6625,1
449,6625,1
406,6626,1
407,6626,1
435,6626,1
448,6626,1
383,6627,1
389,6627,1
407,6627,1
383,6628,1
384,6628,1
407,6628,1
408,6628,1
461,6628,2
596,6628,1
384,6629,1
385,6629,1
408,6629,1
409,6629,1
410,6629,1
461,6629,1
465,6629,1
596,6629,2
597,6629,2
385,6630,1
386,6630,1
393,6630,1
410,6630,1
411,6630,1
461,6630,1
465,6630,1
491,6630,2
495,6630,1
596,6630,2
393,6631,1
394,6631,1
411,6631,1
465,6631,1
491,6631,1
492,6631,1
596,6631,2
399,6632,1
454,6632,1
465,6632,1
491,6632,1
493,6632,1
547,6632,1
596,6632,2
400,6633,1
439,6633,1
461,6633,1
462,6633,1
528,6633,1
547,6633,4
595,6633,1
596,6633,2
422,6634,1
438,6634,1
439,6634,1
455,6634,1
461,6634,1
547,6634,2
594,6634,1
595,6634,1
596,6634,1
390,6635,1
391,6635,1
422,6635,1
439,6635,1
454,6635,1
455,6635,1
462,6635,1
593,6635,1
594,6635,1
391,6636,1
422,6636,1
439,6636,1
454,6636,1
462,6636,1
548,6636,3
593,6636,1
594,6636,1
422,6637,1
423,6637,1
454,6637,1
477,6637,1
548,6637,7
593,6637,1
389,6638,1
423,6638,1
424,6638,1
477,6638,1
489,6638,1
490,6638,1
401,6639,1
442,6639,1
468,6639,1
469,6639,1
477,6639,1
489,6639,1
401,6640,1
402,6640,1
442,6640,1
443,6640,1
469,6640,1
470,6640,1
548,6640,9
402,6641,1
470,6641,1
474,6641,1
548,6641,5
549,6641,9
410,6642,1
412,6642,1
433,6642,1
456,6642,1
457,6642,1
549,6642,9
410,6643,1
412,6643,1
413,6643,1
433,6643,1
549,6643,8
413,6644,1
418,6644,1
426,6644,1
478,6644,1
479,6644,1
507,6644,1
549,6644,8
426,6645,1
434,6645,1
448,6645,1
479,6645,1
506,6645,1
507,6645,1
549,6645,1
427,6646,1
428,6646,1
452,6646,1
479,6646,1
483,6646,1
506,6646,1
549,6646,4
573,6646,1
387,6647,1
388,6647,1
411,6647,1
416,6647,1
428,6647,1
429,6647,1
452,6647,1
453,6647,1
476,6647,1
479,6647,1
482,6647,1
483,6647,1
549,6647,3
573,6647,2
376,6648,1
377,6648,1
388,6648,1
389,6648,1
397,6648,1
401,6648,1
411,6648,1
416,6648,1
417,6648,1
429,6648,1
453,6648,1
476,6648,1
482,6648,1
547,6648,1
573,6648,2
377,6649,1
398,6649,1
401,6649,1
402,6649,1
409,6649,1
413,6649,1
414,6649,1
443,6649,1
453,6649,1
454,6649,2
463,6649,1
505,6649,1
527,6649,1
573,6649,1
585,6649,2
378,6650,1
402,6650,1
409,6650,1
414,6650,1
415,6650,1
434,6650,1
435,6650,1
454,6650,2
455,6650,1
505,6650,1
506,6650,1
527,6650,1
548,6650,1
549,6650,1
584,6650,1
585,6650,2
402,6651,1
403,6651,1
414,6651,1
415,6651,1
419,6651,1
426,6651,1
434,6651,1
455,6651,1
456,6651,1
463,6651,1
486,6651,1
496,6651,1
497,6651,1
506,6651,1
548,6651,1
549,6651,1
584,6651,2
598,6651,1
382,6652,1
403,6652,1
404,6652,1
416,6652,1
417,6652,1
426,6652,1
434,6652,1
455,6652,1
456,6652,1
462,6652,1
463,6652,1
465,6652,1
478,6652,1
485,6652,1
496,6652,1
549,6652,1
584,6652,2
404,6653,1
406,6653,1
417,6653,1
424,6653,1
426,6653,1
427,6653,1
434,6653,1
435,6653,1
456,6653,1
465,6653,1
478,6653,1
479,6653,1
584,6653,1
406,6654,1
407,6654,1
417,6654,1
418,6654,1
421,6654,1
424,6654,1
425,6654,1
426,6654,1
428,6654,1
435,6654,1
480,6654,1
481,6654,1
549,6654,1
405,6655,1
406,6655,1
418,6655,1
419,6655,1
422,6655,1
426,6655,1
432,6655,1
462,6655,2
463,6655,1
480,6655,1
484,6655,1
548,6655,1
549,6655,1
406,6656,1
407,6656,1
409,6656,1
410,6656,1
432,6656,1
439,6656,1
462,6656,2
463,6656,2
479,6656,1
484,6656,1
549,6656,9
407,6657,1
409,6657,1
410,6657,1
439,6657,1
440,6657,1
463,6657,2
479,6657,1
484,6657,1
549,6657,9
429,6658,1
430,6658,1
431,6658,1
440,6658,1
441,6658,1
447,6658,1
462,6658,1
463,6658,2
479,6658,1
484,6658,1
485,6658,1
549,6658,9
411,6659,1
412,6659,1
430,6659,1
431,6659,2
432,6659,1
434,6659,1
441,6659,1
447,6659,1
448,6659,1
480,6659,1
485,6659,1
493,6659,1
549,6659,7
410,6660,1
411,6660,1
432,6660,1
434,6660,1
435,6660,1
442,6660,2
454,6660,1
457,6660,1
466,6660,1
480,6660,1
485,6660,1
549,6660,2
401,6661,1
411,6661,1
434,6661,1
435,6661,1
440,6661,1
442,6661,1
443,6661,1
444,6661,1
454,6661,1
467,6661,1
485,6661,1
528,6661,1
549,6661,1
406,6662,1
417,6662,1
434,6662,1
440,6662,1
444,6662,1
445,6662,1
549,6662,4
582,6662,1
583,6662,1
406,6663,1
434,6663,1
435,6663,2
454,6663,1
460,6663,1
519,6663,1
549,6663,2
582,6663,2
583,6663,1
422,6664,1
430,6664,1
436,6664,1
451,6664,1
457,6664,1
458,6664,1
460,6664,1
519,6664,1
549,6664,1
582,6664,1
409,6665,1
416,6665,1
422,6665,1
430,6665,1
436,6665,1
437,6665,1
438,6665,1
458,6665,1
461,6665,1
462,6665,1
519,6665,1
520,6665,1
533,6665,1
549,6665,1
596,6665,1
409,6666,1
410,6666,1
416,6666,1
423,6666,1
432,6666,1
433,6666,1
436,6666,1
438,6666,1
445,6666,1
446,6666,1
462,6666,1
482,6666,1
491,6666,1
492,6666,1
520,6666,1
533,6666,1
554,6666,1
596,6666,1
410,6667,1
419,6667,1
433,6667,1
436,6667,1
437,6667,1
438,6667,1
442,6667,1
491,6667,1
548,6667,3
410,6668,1
420,6668,1
437,6668,1
439,6668,1
446,6668,1
468,6668,1
481,6668,1
491,6668,1
548,6668,4
590,6668,1
410,6669,1
417,6669,1
418,6669,1
420,6669,1
421,6669,1
430,6669,1
437,6669,1
438,6669,1
439,6669,2
441,6669,1
446,6669,1
447,6669,1
448,6669,1
449,6669,2
450,6669,1
458,6669,1
466,6669,1
468,6669,1
484,6669,1
490,6669,1
491,6669,1
549,6669,1
590,6669,1
595,6669,1
431,6670,1
433,6670,1
439,6670,1
440,6670,1
441,6670,1
442,6670,1
450,6670,1
458,6670,1
459,6670,2
466,6670,2
484,6670,1
527,6670,1
549,6670,1
590,6670,1
591,6670,1
595,6670,1
427,6671,1
432,6671,1
439,6671,1
440,6671,1
442,6671,1
450,6671,1
453,6671,1
459,6671,3
460,6671,1
466,6671,3
527,6671,1
528,6671,1
591,6671,1
432,6672,1
433,6672,1
440,6672,1
443,6672,1
450,6672,1
451,6672,1
459,6672,3
460,6672,3
466,6672,2
477,6672,1
482,6672,1
488,6672,1
489,6672,1
528,6672,1
538,6672,1
544,6672,1
591,6672,1
428,6673,1
433,6673,1
443,6673,1
444,6673,1
445,6673,1
451,6673,1
452,6673,1
454,6673,1
460,6673,3
466,6673,2
477,6673,1
482,6673,1
489,6673,1
538,6673,1
544,6673,1
583,6673,1
591,6673,1
432,6674,1
440,6674,1
445,6674,1
451,6674,1
452,6674,1
454,6674,1
460,6674,3
461,6674,2
466,6674,4
467,6674,3
469,6674,1
477,6674,1
482,6674,1
483,6674,1
489,6674,1
538,6674,1
548,6674,3
568,6674,1
583,6674,2
584,6674,1
418,6675,1
432,6675,1
440,6675,1
445,6675,1
448,6675,1
461,6675,2
466,6675,1
467,6675,3
469,6675,1
482,6675,1
483,6675,1
489,6675,1
490,6675,1
538,6675,1
548,6675,2
549,6675,2
583,6675,2
418,6676,1
445,6676,1
446,6676,1
448,6676,1
449,6676,1
462,6676,1
466,6676,2
467,6676,4
468,6676,2
469,6676,1
482,6676,1
489,6676,1
490,6676,1
549,6676,1
583,6676,2
418,6677,1
445,6677,1
446,6677,1
447,6677,1
455,6677,1
462,6677,1
463,6677,1
466,6677,2
468,6677,2
469,6677,1
470,6677,1
490,6677,1
530,6677,1
531,6677,1
413,6678,1
414,6678,1
418,6678,1
429,6678,1
430,6678,1
435,6678,1
439,6678,1
446,6678,1
447,6678,1
448,6678,1
455,6678,1
456,6678,1
459,6678,1
463,6678,1
531,6678,1
549,6678,4
593,6678,1
413,6679,1
414,6679,1
418,6679,1
438,6679,1
439,6679,2
449,6679,2
450,6679,1
451,6679,1
456,6679,1
457,6679,1
460,6679,1
463,6679,1
491,6679,1
531,6679,1
532,6679,1
539,6679,1
548,6679,1
549,6679,4
417,6680,1
418,6680,1
445,6680,1
449,6680,1
450,6680,1
451,6680,1
459,6680,1
460,6680,2
461,6680,1
463,6680,1
467,6680,1
475,6680,1
489,6680,1
490,6680,1
491,6680,1
532,6680,1
539,6680,1
540,6680,1
548,6680,1
549,6680,3
417,6681,1
441,6681,1
450,6681,2
451,6681,1
452,6681,1
453,6681,1
460,6681,1
475,6681,1
490,6681,1
493,6681,1
532,6681,1
549,6681,1
558,6681,1
417,6682,1
423,6682,1
441,6682,1
460,6682,1
475,6682,1
493,6682,1
548,6682,2
549,6682,3
558,6682,1
569,6682,1
587,6682,1
417,6683,1
423,6683,1
430,6683,1
441,6683,1
442,6683,1
460,6683,1
461,6683,2
470,6683,1
475,6683,2
480,6683,1
492,6683,1
493,6683,1
549,6683,5
587,6683,1
588,6683,1
417,6684,1
423,6684,1
436,6684,1
437,6684,1
442,6684,1
448,6684,1
451,6684,1
452,6684,1
454,6684,2
455,6684,1
460,6684,2
461,6684,4
473,6684,1
475,6684,1
479,6684,1
480,6684,1
491,6684,1
493,6684,1
549,6684,4
588,6684,1
417,6685,1
423,6685,1
447,6685,1
454,6685,1
455,6685,2
461,6685,2
462,6685,1
467,6685,1
468,6685,1
473,6685,2
475,6685,1
478,6685,1
479,6685,1
491,6685,1
549,6685,6
417,6686,1
439,6686,1
440,6686,1
447,6686,1
462,6686,1
473,6686,2
474,6686,2
478,6686,1
549,6686,4
550,6686,1
417,6687,1
429,6687,1
448,6687,1
463,6687,1
473,6687,2
474,6687,2
543,6687,1
544,6687,1
549,6687,2
550,6687,1
558,6687,1
429,6688,1
442,6688,1
449,6688,1
457,6688,1
459,6688,1
464,6688,1
473,6688,1
489,6688,1
490,6688,1
544,6688,1
550,6688,2
555,6688,1
558,6688,1
570,6688,1
450,6689,1
457,6689,1
459,6689,1
460,6689,1
463,6689,1
464,6689,1
465,6689,4
468,6689,1
478,6689,1
489,6689,1
490,6689,1
544,6689,1
545,6689,1
548,6689,2
554,6689,1
555,6689,1
570,6689,1
421,6690,1
455,6690,1
463,6690,1
465,6690,4
466,6690,3
468,6690,1
421,6691,1
425,6691,1
452,6691,1
455,6691,1
464,6691,1
466,6691,2
548,6691,1
405,6692,1
417,6692,1
421,6692,1
422,6692,1
447,6692,1
455,6692,1
456,6692,1
459,6692,1
460,6692,1
467,6692,1
470,6692,1
476,6692,1
489,6692,1
548,6692,1
405,6693,1
422,6693,1
428,6693,1
454,6693,1
456,6693,1
460,6693,1
463,6693,1
467,6693,1
468,6693,1
470,6693,1
476,6693,1
489,6693,1
548,6693,5
550,6693,1
586,6693,2
405,6694,1
406,6694,1
428,6694,1
429,6694,1
434,6694,1
459,6694,1
460,6694,1
466,6694,1
467,6694,1
468,6694,1
470,6694,1
471,6694,2
489,6694,1
491,6694,1
540,6694,2
548,6694,6
551,6694,1
586,6694,1
598,6694,1
406,6695,1
418,6695,1
428,6695,1
429,6695,1
434,6695,1
454,6695,1
455,6695,1
458,6695,1
467,6695,1
468,6695,3
469,6695,2
470,6695,2
471,6695,2
472,6695,1
489,6695,1
491,6695,1
496,6695,1
540,6695,2
546,6695,1
548,6695,5
549,6695,1
551,6695,1
404,6696,1
418,6696,1
423,6696,1
448,6696,1
449,6696,1
454,6696,1
455,6696,1
458,6696,1
459,6696,2
468,6696,1
469,6696,1
474,6696,1
475,6696,1
489,6696,1
490,6696,1
495,6696,1
496,6696,1
540,6696,1
541,6696,1
548,6696,9
551,6696,1
404,6697,1
419,6697,1
423,6697,1
424,6697,1
456,6697,1
459,6697,1
460,6697,2
464,6697,1
465,6697,1
468,6697,1
474,6697,2
475,6697,2
480,6697,1
488,6697,1
489,6697,1
490,6697,1
495,6697,1
541,6697,1
548,6697,9
551,6697,1
424,6698,2
464,6698,1
468,6698,2
469,6698,1
475,6698,2
480,6698,1
481,6698,3
488,6698,1
489,6698,1
494,6698,1
495,6698,1
548,6698,10
549,6698,4
417,6699,1
424,6699,1
426,6699,1
464,6699,1
467,6699,1
481,6699,2
488,6699,1
489,6699,1
548,6699,3
549,6699,7
587,6699,1
403,6700,1
404,6700,1
425,6700,1
459,6700,1
461,6700,2
462,6700,1
464,6700,1
466,6700,1
467,6700,1
468,6700,1
479,6700,1
481,6700,2
484,6700,1
488,6700,1
492,6700,1
549,6700,2
552,6700,1
553,6700,1
587,6700,1
403,6701,1
404,6701,1
425,6701,1
446,6701,1
447,6701,1
459,6701,1
460,6701,1
461,6701,1
462,6701,1
464,6701,1
466,6701,1
467,6701,1
468,6701,1
470,6701,2
473,6701,1
474,6701,1
477,6701,1
479,6701,1
480,6701,1
493,6701,1
542,6701,1
549,6701,1
553,6701,1
559,6701,1
585,6701,2
404,6702,1
422,6702,1
423,6702,1
425,6702,1
426,6702,1
447,6702,1
448,6702,1
462,6702,1
470,6702,1
471,6702,1
472,6702,1
474,6702,1
477,6702,1
478,6702,1
480,6702,1
486,6702,1
493,6702,1
542,6702,1
549,6702,1
553,6702,1
554,6702,1
584,6702,2
585,6702,2
423,6703,1
426,6703,1
445,6703,1
463,6703,1
470,6703,1
471,6703,1
472,6703,2
473,6703,1
474,6703,2
475,6703,1
477,6703,1
478,6703,1
486,6703,1
554,6703,1
583,6703,1
584,6703,1
600,6703,1
426,6704,2
427,6704,1
442,6704,1
443,6704,1
460,6704,1
461,6704,1
463,6704,1
464,6704,1
470,6704,1
471,6704,2
473,6704,3
474,6704,1
475,6704,1
476,6704,3
489,6704,1
554,6704,1
555,6704,1
569,6704,1
410,6705,1
424,6705,1
425,6705,1
426,6705,1
441,6705,1
442,6705,1
450,6705,1
464,6705,3
470,6705,1
471,6705,2
472,6705,1
473,6705,2
474,6705,1
476,6705,3
477,6705,2
479,6705,2
480,6705,1
485,6705,2
489,6705,1
491,6705,1
545,6705,1
554,6705,1
403,6706,1
404,6706,1
410,6706,1
411,6706,1
412,6706,1
415,6706,1
424,6706,1
426,6706,1
440,6706,1
441,6706,1
450,6706,1
464,6706,2
465,6706,3
466,6706,1
468,6706,1
469,6706,1
470,6706,1
472,6706,1
474,6706,1
477,6706,1
479,6706,1
480,6706,1
485,6706,2
489,6706,1
491,6706,1
492,6706,1
554,6706,1
404,6707,1
415,6707,1
424,6707,1
426,6707,1
439,6707,1
440,6707,1
465,6707,1
466,6707,1
467,6707,1
469,6707,2
470,6707,1
472,6707,1
474,6707,1
475,6707,1
485,6707,2
486,6707,1
547,6707,1
548,6707,1
408,6708,1
415,6708,1
424,6708,1
425,6708,1
439,6708,1
467,6708,2
475,6708,1
476,6708,1
478,6708,1
479,6708,1
482,6708,1
547,6708,2
548,6708,1
555,6708,1
403,6709,1
404,6709,1
406,6709,1
408,6709,1
409,6709,1
415,6709,1
425,6709,1
426,6709,1
476,6709,1
477,6709,1
479,6709,2
482,6709,1
494,6709,1
547,6709,1
548,6709,1
550,6709,1
551,6709,2
404,6710,1
407,6710,1
408,6710,1
409,6710,1
415,6710,1
426,6710,1
468,6710,1
469,6710,1
470,6710,1
476,6710,1
477,6710,1
478,6710,1
479,6710,2
492,6710,1
494,6710,1
544,6710,1
547,6710,1
548,6710,1
551,6710,1
598,6710,1
404,6711,2
415,6711,1
416,6711,1
432,6711,1
433,6711,1
440,6711,1
468,6711,1
469,6711,1
470,6711,1
475,6711,1
478,6711,1
479,6711,2
485,6711,1
487,6711,1
488,6711,1
492,6711,1
494,6711,1
495,6711,1
547,6711,1
548,6711,1
550,6711,1
551,6711,2
552,6711,1
556,6711,1
404,6712,1
410,6712,1
416,6712,1
417,6712,1
426,6712,1
432,6712,1
440,6712,1
476,6712,1
478,6712,2
485,6712,1
487,6712,1
493,6712,1
495,6712,1
496,6712,1
545,6712,1
547,6712,1
551,6712,1
552,6712,4
553,6712,4
556,6712,1
405,6713,1
410,6713,1
417,6713,1
418,6713,1
423,6713,1
426,6713,1
429,6713,1
432,6713,1
457,6713,1
467,6713,1
470,6713,1
471,6713,2
472,6713,1
476,6713,1
478,6713,3
479,6713,3
485,6713,2
486,6713,2
491,6713,1
492,6713,1
493,6713,1
495,6713,1
496,6713,1
547,6713,1
548,6713,1
551,6713,1
552,6713,1
553,6713,6
556,6713,1
404,6714,1
418,6714,1
423,6714,1
426,6714,1
428,6714,1
429,6714,1
432,6714,1
467,6714,1
468,6714,1
472,6714,2
474,6714,1
476,6714,1
478,6714,1
479,6714,3
480,6714,1
482,6714,1
485,6714,2
486,6714,2
492,6714,1
494,6714,1
495,6714,1
545,6714,1
547,6714,1
548,6714,1
551,6714,1
552,6714,1
404,6715,1
423,6715,1
424,6715,1
425,6715,1
428,6715,1
439,6715,1
460,6715,1
466,6715,1
472,6715,2
473,6715,3
474,6715,1
477,6715,1
479,6715,1
480,6715,1
482,6715,1
485,6715,1
486,6715,1
487,6715,1
492,6715,1
545,6715,1
546,6715,1
548,6715,1
551,6715,1
552,6715,1
405,6716,1
423,6716,1
424,6716,1
425,6716,1
428,6716,1
460,6716,1
463,6716,1
466,6716,1
472,6716,1
473,6716,2
474,6716,1
480,6716,1
481,6716,1
486,6716,3
487,6716,1
492,6716,1
493,6716,1
495,6716,1
546,6716,1
548,6716,1
549,6716,1
554,6716,3
405,6717,1
406,6717,1
410,6717,1
423,6717,1
424,6717,1
427,6717,1
428,6717,1
461,6717,1
462,6717,1
463,6717,1
464,6717,2
474,6717,1
475,6717,1
476,6717,1
478,6717,1
479,6717,1
481,6717,1
482,6717,1
486,6717,3
493,6717,1
546,6717,1
550,6717,1
554,6717,6
406,6718,1
410,6718,1
411,6718,1
424,6718,1
427,6718,1
428,6718,3
464,6718,1
465,6718,1
468,6718,1
474,6718,1
475,6718,1
476,6718,1
479,6718,1
481,6718,2
482,6718,1
483,6718,1
486,6718,4
494,6718,1
552,6718,1
553,6718,1
554,6718,1
411,6719,1
424,6719,1
428,6719,1
465,6719,1
468,6719,1
475,6719,1
476,6719,2
477,6719,2
478,6719,1
482,6719,2
486,6719,3
494,6719,1
547,6719,1
548,6719,1
552,6719,1
581,6719,1
404,6720,1
411,6720,1
412,6720,1
423,6720,1
428,6720,1
429,6720,1
465,6720,1
466,6720,1
475,6720,1
477,6720,1
478,6720,2
482,6720,1
486,6720,2
487,6720,1
490,6720,1
494,6720,1
495,6720,1
500,6720,1
547,6720,1
548,6720,2
569,6720,1
574,6720,1
581,6720,1
598,6720,1
400,6721,1
401,6721,1
404,6721,1
412,6721,1
423,6721,2
429,6721,1
437,6721,1
478,6721,1
480,6721,1
482,6721,1
486,6721,2
487,6721,1
489,6721,1
495,6721,1
500,6721,1
549,6721,2
569,6721,1
597,6721,1
598,6721,1
401,6722,1
404,6722,1
405,6722,1
409,6722,1
423,6722,1
428,6722,1
429,6722,1
436,6722,1
468,6722,1
469,6722,1
482,6722,2
486,6722,2
490,6722,1
495,6722,2
497,6722,1
500,6722,1
553,6722,1
569,6722,1
575,6722,1
405,6723,1
409,6723,1
423,6723,2
425,6723,1
426,6723,1
429,6723,1
436,6723,1
468,6723,1
469,6723,1
470,6723,1
476,6723,1
482,6723,1
483,6723,1
490,6723,1
491,6723,2
495,6723,3
496,6723,1
497,6723,1
498,6723,1
553,6723,1
568,6723,1
575,6723,1
580,6723,2
405,6724,1
409,6724,1
410,6724,1
417,6724,1
423,6724,2
429,6724,1
436,6724,1
437,6724,1
468,6724,1
470,6724,1
476,6724,1
477,6724,1
487,6724,1
490,6724,2
491,6724,3
492,6724,1
495,6724,1
500,6724,2
552,6724,1
553,6724,1
554,6724,1
556,6724,1
568,6724,1
575,6724,1
580,6724,2
410,6725,1
417,6725,1
418,6725,1
423,6725,2
428,6725,1
431,6725,1
436,6725,1
437,6725,1
469,6725,1
477,6725,2
485,6725,2
490,6725,2
491,6725,2
499,6725,1
500,6725,2
549,6725,1
553,6725,1
554,6725,2
555,6725,1
556,6725,1
580,6725,1
297,6726,1
405,6726,1
406,6726,1
413,6726,1
418,6726,1
419,6726,1
421,6726,1
423,6726,2
424,6726,1
428,6726,1
431,6726,3
432,6726,1
441,6726,1
466,6726,1
469,6726,1
477,6726,1
480,6726,1
481,6726,1
482,6726,1
483,6726,1
485,6726,1
490,6726,2
491,6726,1
492,6726,3
495,6726,1
497,6726,1
498,6726,2
499,6726,1
500,6726,2
501,6726,2
549,6726,2
554,6726,1
555,6726,4
556,6726,1
580,6726,1
297,6727,1
298,6727,1
406,6727,1
407,6727,1
413,6727,1
419,6727,1
422,6727,1
423,6727,1
428,6727,1
431,6727,1
441,6727,1
466,6727,1
467,6727,1
469,6727,1
480,6727,1
481,6727,1
482,6727,2
483,6727,1
489,6727,2
490,6727,2
491,6727,1
496,6727,1
497,6727,1
498,6727,2
548,6727,1
549,6727,1
555,6727,7
558,6727,1
559,6727,1
573,6727,1
580,6727,1
299,6728,1
368,6728,1
369,6728,1
413,6728,1
414,6728,1
421,6728,1
422,6728,1
427,6728,1
428,6728,1
433,6728,2
460,6728,1
467,6728,1
480,6728,2
482,6728,2
489,6728,2
491,6728,2
492,6728,2
493,6728,1
495,6728,1
498,6728,1
504,6728,1
554,6728,1
555,6728,1
556,6728,2
579,6728,2
580,6728,2
369,6729,1
370,6729,1
407,6729,1
414,6729,1
418,6729,1
421,6729,1
433,6729,2
434,6729,2
435,6729,1
460,6729,1
471,6729,1
480,6729,1
486,6729,1
493,6729,1
494,6729,1
495,6729,2
496,6729,1
498,6729,1
499,6729,1
504,6729,1
554,6729,1
579,6729,2
370,6730,1
400,6730,1
403,6730,1
404,6730,1
414,6730,1
415,6730,1
419,6730,1
420,6730,2
421,6730,1
423,6730,2
434,6730,1
435,6730,1
471,6730,1
472,6730,1
476,6730,1
477,6730,1
479,6730,1
484,6730,1
485,6730,2
486,6730,1
487,6730,1
488,6730,1
493,6730,1
494,6730,1
497,6730,2
498,6730,1
499,6730,1
549,6730,1
550,6730,1
554,6730,2
370,6731,1
377,6731,1
404,6731,1
415,6731,1
419,6731,1
420,6731,1
421,6731,1
423,6731,1
425,6731,1
426,6731,1
431,6731,1
434,6731,1
435,6731,1
473,6731,1
477,6731,1
478,6731,1
479,6731,1
482,6731,1
485,6731,3
486,6731,2
488,6731,2
493,6731,5
497,6731,1
498,6731,2
500,6731,1
502,6731,1
549,6731,1
550,6731,1
554,6731,2
560,6731,1
561,6731,1
377,6732,1
378,6732,1
402,6732,1
403,6732,1
404,6732,1
409,6732,1
415,6732,2
416,6732,1
421,6732,1
425,6732,1
432,6732,1
435,6732,1
473,6732,1
480,6732,1
481,6732,1
483,6732,2
485,6732,2
486,6732,1
488,6732,2
489,6732,1
493,6732,1
495,6732,2
496,6732,1
500,6732,2
501,6732,3
502,6732,1
504,6732,1
554,6732,2
556,6732,1
559,6732,1
560,6732,1
566,6732,1
342,6733,1
343,6733,1
403,6733,1
404,6733,2
405,6733,1
409,6733,1
410,6733,1
415,6733,1
416,6733,1
417,6733,1
418,6733,1
421,6733,1
425,6733,1
431,6733,1
435,6733,1
436,6733,1
473,6733,1
480,6733,1
481,6733,1
482,6733,1
485,6733,1
494,6733,1
495,6733,2
496,6733,3
498,6733,1
500,6733,1
501,6733,3
504,6733,1
553,6733,1
554,6733,3
555,6733,1
561,6733,1
566,6733,1
572,6733,1
404,6734,1
405,6734,1
410,6734,1
417,6734,1
418,6734,1
431,6734,1
432,6734,1
474,6734,1
479,6734,1
480,6734,1
482,6734,1
487,6734,3
488,6734,1
493,6734,1
494,6734,3
496,6734,2
497,6734,1
498,6734,1
501,6734,2
504,6734,2
505,6734,1
506,6734,2
507,6734,1
514,6734,1
551,6734,1
554,6734,2
555,6734,1
556,6734,1
566,6734,1
572,6734,1
330,6735,1
331,6735,1
405,6735,1
406,6735,1
409,6735,1
410,6735,2
417,6735,1
431,6735,1
432,6735,1
441,6735,1
455,6735,1
456,6735,1
466,6735,1
479,6735,1
482,6735,1
483,6735,1
485,6735,1
487,6735,2
488,6735,2
494,6735,1
497,6735,1
498,6735,1
499,6735,1
503,6735,1
504,6735,1
505,6735,1
507,6735,1
514,6735,1
515,6735,1
551,6735,2
552,6735,1
554,6735,1
555,6735,1
556,6735,1
562,6735,1
331,6736,1
332,6736,1
374,6736,1
375,6736,1
409,6736,1
410,6736,2
416,6736,1
417,6736,1
418,6736,1
419,6736,2
423,6736,1
426,6736,1
428,6736,1
431,6736,1
436,6736,1
441,6736,1
455,6736,1
456,6736,1
466,6736,1
467,6736,1
483,6736,1
485,6736,1
487,6736,1
488,6736,1
489,6736,1
493,6736,2
494,6736,5
497,6736,1
498,6736,1
499,6736,1
500,6736,2
503,6736,2
505,6736,1
507,6736,1
515,6736,1
551,6736,1
552,6736,2
554,6736,1
555,6736,2
558,6736,1
320,6737,1
321,6737,1
332,6737,1
375,6737,1
409,6737,1
410,6737,1
414,6737,1
416,6737,1
417,6737,1
419,6737,2
420,6737,2
421,6737,1
423,6737,1
424,6737,1
426,6737,1
428,6737,1
432,6737,1
437,6737,1
440,6737,2
455,6737,1
467,6737,1
480,6737,1
481,6737,1
483,6737,1
486,6737,1
490,6737,1
494,6737,4
495,6737,4
498,6737,1
499,6737,1
500,6737,1
503,6737,1
504,6737,1
506,6737,3
507,6737,3
515,6737,1
516,6737,1
551,6737,1
552,6737,2
555,6737,2
558,6737,1
600,6737,1
314,6738,1
315,6738,1
321,6738,1
332,6738,1
333,6738,1
361,6738,1
364,6738,1
387,6738,1
388,6738,1
401,6738,1
402,6738,1
417,6738,1
418,6738,1
419,6738,1
420,6738,1
421,6738,1
422,6738,1
423,6738,2
424,6738,1
426,6738,1
432,6738,2
436,6738,1
437,6738,2
439,6738,2
440,6738,2
455,6738,1
478,6738,1
481,6738,1
486,6738,2
491,6738,1
495,6738,2
499,6738,1
502,6738,1
504,6738,1
506,6738,1
507,6738,3
516,6738,1
551,6738,1
552,6738,1
553,6738,1
555,6738,4
600,6738,1
340,6739,1
341,6739,1
353,6739,1
354,6739,1
355,6739,1
361,6739,1
364,6739,1
388,6739,1
402,6739,1
405,6739,1
407,6739,1
408,6739,1
410,6739,1
414,6739,1
415,6739,1
419,6739,1
420,6739,2
421,6739,1
422,6739,1
423,6739,2
424,6739,1
432,6739,2
433,6739,1
434,6739,1
437,6739,1
478,6739,1
481,6739,1
483,6739,1
486,6739,1
495,6739,2
496,6739,1
498,6739,1
501,6739,2
502,6739,1
503,6739,1
505,6739,1
506,6739,1
507,6739,2
510,6739,1
512,6739,2
515,6739,1
516,6739,1
549,6739,1
552,6739,1
553,6739,1
554,6739,1
555,6739,2
557,6739,8
600,6739,1
341,6740,1
347,6740,1
348,6740,1
353,6740,1
354,6740,1
355,6740,1
361,6740,1
362,6740,2
369,6740,1
370,6740,1
388,6740,1
402,6740,1
403,6740,1
405,6740,1
406,6740,1
408,6740,2
410,6740,1
414,6740,1
415,6740,1
421,6740,2
422,6740,2
423,6740,1
424,6740,1
427,6740,1
428,6740,1
429,6740,1
432,6740,2
433,6740,1
434,6740,1
435,6740,1
437,6740,1
438,6740,1
440,6740,1
473,6740,1
474,6740,1
477,6740,1
478,6740,1
479,6740,1
492,6740,1
495,6740,2
496,6740,2
497,6740,1
498,6740,1
499,6740,1
501,6740,1
502,6740,1
503,6740,2
505,6740,1
507,6740,1
510,6740,1
512,6740,3
513,6740,1
550,6740,1
552,6740,1
553,6740,1
554,6740,1
555,6740,2
576,6740,2
583,6740,1
600,6740,1
338,6741,1
339,6741,1
341,6741,1
342,6741,1
348,6741,1
362,6741,2
363,6741,1
364,6741,1
365,6741,1
366,6741,1
370,6741,1
371,6741,2
372,6741,1
380,6741,1
381,6741,1
389,6741,1
390,6741,1
391,6741,1
403,6741,1
408,6741,1
409,6741,1
410,6741,1
414,6741,1
415,6741,2
416,6741,1
422,6741,1
423,6741,3
425,6741,1
429,6741,2
430,6741,1
431,6741,1
432,6741,1
434,6741,1
435,6741,1
437,6741,1
438,6741,2
439,6741,1
441,6741,1
470,6741,1
474,6741,1
477,6741,1
479,6741,1
491,6741,1
492,6741,1
495,6741,1
497,6741,1
499,6741,1
501,6741,1
502,6741,1
503,6741,1
505,6741,1
510,6741,2
512,6741,2
513,6741,2
518,6741,1
550,6741,1
553,6741,1
555,6741,3
557,6741,8
576,6741,1
583,6741,1
362,6742,1
366,6742,1
371,6742,2
372,6742,2
373,6742,1
374,6742,1
381,6742,1
391,6742,1
410,6742,1
415,6742,2
416,6742,1
420,6742,1
423,6742,2
424,6742,1
425,6742,1
426,6742,1
429,6742,1
430,6742,1
431,6742,1
435,6742,1
436,6742,1
452,6742,1
463,6742,1
470,6742,1
471,6742,1
474,6742,1
475,6742,1
477,6742,1
485,6742,1
493,6742,2
495,6742,1
498,6742,1
499,6742,1
500,6742,1
501,6742,2
502,6742,2
504,6742,1
507,6742,1
508,6742,1
513,6742,2
518,6742,1
555,6742,4
557,6742,1
583,6742,1
348,6743,1
372,6743,2
374,6743,1
375,6743,1
381,6743,1
391,6743,1
392,6743,1
405,6743,1
410,6743,2
416,6743,1
420,6743,1
423,6743,1
426,6743,1
436,6743,1
437,6743,1
442,6743,1
444,6743,1
445,6743,1
446,6743,1
450,6743,1
458,6743,1
463,6743,1
470,6743,1
471,6743,2
472,6743,1
475,6743,1
476,6743,1
477,6743,1
478,6743,1
485,6743,1
486,6743,1
491,6743,1
493,6743,2
494,6743,2
495,6743,3
496,6743,1
497,6743,1
498,6743,1
499,6743,1
501,6743,2
502,6743,2
504,6743,1
505,6743,1
513,6743,2
514,6743,1
518,6743,1
522,6743,1
552,6743,1
555,6743,3
583,6743,1
584,6743,1
372,6744,1
373,6744,1
375,6744,1
376,6744,1
389,6744,1
390,6744,1
392,6744,1
393,6744,1
404,6744,1
410,6744,2
411,6744,1
416,6744,1
417,6744,1
419,6744,1
424,6744,1
426,6744,1
433,6744,2
440,6744,1
442,6744,1
443,6744,1
446,6744,1
447,6744,1
450,6744,1
458,6744,1
463,6744,1
464,6744,1
471,6744,1
475,6744,1
483,6744,1
486,6744,1
495,6744,4
496,6744,2
497,6744,1
499,6744,1
501,6744,1
502,6744,2
505,6744,1
506,6744,1
513,6744,1
514,6744,2
516,6744,1
542,6744,1
550,6744,1
552,6744,1
553,6744,1
554,6744,1
555,6744,2
558,6744,1
584,6744,1
735,6744,1
736,6744,1
737,6744,1
353,6745,1
373,6745,1
374,6745,1
375,6745,1
376,6745,1
390,6745,1
393,6745,1
394,6745,1
402,6745,1
404,6745,1
405,6745,1
410,6745,1
416,6745,1
417,6745,2
418,6745,1
420,6745,1
424,6745,1
433,6745,2
434,6745,1
441,6745,1
442,6745,1
447,6745,1
448,6745,1
450,6745,1
457,6745,1
464,6745,1
475,6745,1
479,6745,2
480,6745,1
483,6745,2
485,6745,1
486,6745,2
487,6745,1
495,6745,1
496,6745,2
497,6745,4
498,6745,2
501,6745,1
503,6745,1
505,6745,1
506,6745,1
508,6745,1
509,6745,1
514,6745,2
516,6745,1
525,6745,1
542,6745,1
543,6745,1
553,6745,1
554,6745,1
555,6745,1
556,6745,1
558,6745,1
564,6745,1
732,6745,2
733,6745,2
734,6745,1
735,6745,1
375,6746,1
376,6746,1
380,6746,1
392,6746,1
402,6746,1
410,6746,1
411,6746,1
416,6746,1
417,6746,2
418,6746,1
420,6746,1
424,6746,1
439,6746,1
441,6746,1
448,6746,1
449,6746,1
450,6746,1
464,6746,1
465,6746,1
475,6746,1
479,6746,2
483,6746,1
484,6746,1
486,6746,1
497,6746,3
498,6746,1
499,6746,1
503,6746,1
505,6746,1
506,6746,1
507,6746,1
508,6746,1
509,6746,1
511,6746,1
516,6746,2
525,6746,1
543,6746,1
554,6746,2
555,6746,3
556,6746,2
571,6746,1
573,6746,1
730,6746,2
731,6746,1
732,6746,2
359,6747,1
360,6747,1
376,6747,1
377,6747,1
378,6747,1
380,6747,1
381,6747,2
402,6747,1
403,6747,1
411,6747,1
416,6747,1
417,6747,2
418,6747,1
420,6747,1
421,6747,1
424,6747,2
426,6747,1
439,6747,1
440,6747,2
441,6747,1
446,6747,1
447,6747,2
448,6747,1
449,6747,2
451,6747,1
464,6747,1
475,6747,1
479,6747,1
484,6747,1
485,6747,1
489,6747,1
493,6747,1
494,6747,1
497,6747,5
498,6747,3
500,6747,1
501,6747,1
505,6747,1
507,6747,1
509,6747,1
516,6747,2
517,6747,1
518,6747,1
519,6747,1
554,6747,1
555,6747,3
556,6747,2
557,6747,1
559,6747,1
571,6747,1
573,6747,2
729,6747,1
730,6747,1
360,6748,1
369,6748,1
377,6748,1
378,6748,1
381,6748,1
383,6748,1
411,6748,1
416,6748,1
417,6748,1
424,6748,1
434,6748,1
440,6748,1
446,6748,2
447,6748,3
449,6748,1
451,6748,1
452,6748,1
464,6748,1
474,6748,1
494,6748,1
497,6748,3
498,6748,5
500,6748,2
501,6748,2
505,6748,2
506,6748,1
507,6748,1
508,6748,1
517,6748,1
518,6748,1
519,6748,1
528,6748,1
536,6748,1
553,6748,1
555,6748,7
556,6748,9
559,6748,1
572,6748,1
369,6749,1
370,6749,1
378,6749,1
379,6749,1
381,6749,1
382,6749,1
403,6749,1
404,6749,1
411,6749,1
412,6749,1
413,6749,1
421,6749,1
422,6749,2
423,6749,1
425,6749,1
434,6749,1
435,6749,1
440,6749,1
447,6749,3
448,6749,1
452,6749,1
454,6749,1
464,6749,1
469,6749,1
470,6749,1
477,6749,1
478,6749,1
479,6749,1
482,6749,1
490,6749,1
497,6749,1
498,6749,2
501,6749,1
502,6749,1
504,6749,1
505,6749,1
508,6749,2
510,6749,1
519,6749,1
520,6749,2
528,6749,1
536,6749,1
553,6749,1
555,6749,2
556,6749,9
557,6749,1
558,6749,1
559,6749,1
600,6749,1
370,6750,1
371,6750,1
383,6750,1
384,6750,2
385,6750,1
392,6750,1
393,6750,1
400,6750,1
401,6750,1
402,6750,1
411,6750,1
412,6750,1
413,6750,1
417,6750,1
420,6750,1
421,6750,1
422,6750,1
423,6750,1
424,6750,1
425,6750,1
427,6750,1
439,6750,1
440,6750,1
447,6750,2
452,6750,1
454,6750,2
464,6750,1
470,6750,1
479,6750,1
486,6750,1
490,6750,1
495,6750,1
498,6750,1
499,6750,2
500,6750,1
502,6750,2
508,6750,1
509,6750,1
510,6750,1
511,6750,1
520,6750,3
521,6750,2
552,6750,1
553,6750,1
555,6750,2
556,6750,5
558,6750,1
559,6750,1
567,6750,1
571,6750,1
371,6751,1
375,6751,1
376,6751,1
377,6751,1
382,6751,1
384,6751,1
385,6751,3
386,6751,2
393,6751,1
399,6751,1
402,6751,1
403,6751,2
404,6751,2
411,6751,1
413,6751,1
414,6751,1
417,6751,1
418,6751,1
421,6751,1
422,6751,2
423,6751,3
424,6751,1
427,6751,1
433,6751,1
439,6751,2
440,6751,1
447,6751,2
452,6751,1
454,6751,1
458,6751,1
460,6751,2
461,6751,1
462,6751,2
463,6751,1
464,6751,1
465,6751,1
472,6751,1
473,6751,1
478,6751,1
479,6751,1
486,6751,1
487,6751,1
490,6751,2
491,6751,2
495,6751,1
496,6751,1
497,6751,1
500,6751,1
502,6751,1
503,6751,1
506,6751,1
507,6751,1
511,6751,1
512,6751,1
521,6751,2
551,6751,1
553,6751,1
555,6751,1
557,6751,2
560,6751,1
567,6751,1
571,6751,2
599,6751,1
373,6752,1
375,6752,1
376,6752,1
384,6752,1
386,6752,2
394,6752,1
399,6752,1
400,6752,1
403,6752,1
404,6752,2
405,6752,1
410,6752,1
414,6752,1
416,6752,1
417,6752,1
418,6752,1
423,6752,1
424,6752,2
426,6752,1
427,6752,1
433,6752,1
434,6752,2
435,6752,1
436,6752,1
439,6752,1
452,6752,1
454,6752,1
455,6752,1
456,6752,1
458,6752,1
459,6752,1
460,6752,1
461,6752,2
462,6752,3
463,6752,1
464,6752,1
465,6752,1
466,6752,1
467,6752,1
473,6752,2
477,6752,2
478,6752,1
490,6752,1
491,6752,3
496,6752,1
500,6752,4
502,6752,1
503,6752,1
504,6752,1
506,6752,2
512,6752,2
514,6752,1
515,6752,2
521,6752,2
551,6752,1
553,6752,1
554,6752,1
557,6752,2
558,6752,2
570,6752,1
571,6752,1
599,6752,1
373,6753,1
375,6753,3
376,6753,2
377,6753,1
378,6753,1
385,6753,1
386,6753,1
394,6753,1
400,6753,1
401,6753,1
402,6753,2
403,6753,1
406,6753,1
410,6753,2
412,6753,1
413,6753,1
414,6753,1
416,6753,1
417,6753,1
418,6753,1
424,6753,2
425,6753,1
427,6753,1
428,6753,1
433,6753,2
434,6753,2
435,6753,1
436,6753,1
437,6753,2
439,6753,1
447,6753,1
448,6753,1
453,6753,1
457,6753,1
458,6753,1
459,6753,1
462,6753,2
463,6753,2
464,6753,1
466,6753,1
467,6753,1
470,6753,1
473,6753,1
474,6753,1
477,6753,1
488,6753,1
491,6753,2
492,6753,2
500,6753,2
501,6753,3
506,6753,2
508,6753,1
511,6753,2
515,6753,1
516,6753,1
520,6753,1
521,6753,1
551,6753,1
554,6753,1
555,6753,1
558,6753,2
561,6753,1
599,6753,1
375,6754,2
376,6754,1
377,6754,2
378,6754,3
379,6754,2
385,6754,2
386,6754,3
387,6754,1
390,6754,1
391,6754,1
394,6754,1
400,6754,1
401,6754,1
402,6754,1
403,6754,1
409,6754,1
410,6754,3
417,6754,1
425,6754,1
428,6754,1
433,6754,1
435,6754,1
436,6754,1
437,6754,1
440,6754,1
447,6754,2
448,6754,2
450,6754,1
451,6754,1
452,6754,1
453,6754,1
454,6754,1
457,6754,1
458,6754,1
459,6754,1
463,6754,1
464,6754,1
466,6754,1
467,6754,1
468,6754,1
470,6754,1
474,6754,1
475,6754,2
476,6754,1
477,6754,1
481,6754,1
488,6754,1
489,6754,1
490,6754,1
492,6754,2
496,6754,1
497,6754,1
501,6754,2
502,6754,4
503,6754,1
504,6754,1
505,6754,1
506,6754,1
507,6754,2
510,6754,1
511,6754,1
512,6754,1
513,6754,2
515,6754,1
516,6754,3
517,6754,1
521,6754,2
551,6754,1
554,6754,1
555,6754,1
556,6754,1
557,6754,1
558,6754,2
560,6754,1
561,6754,1
572,6754,1
377,6755,1
378,6755,3
379,6755,3
380,6755,1
381,6755,2
386,6755,1
387,6755,1
401,6755,1
403,6755,2
404,6755,1
410,6755,1
414,6755,1
425,6755,1
429,6755,1
431,6755,1
432,6755,1
439,6755,1
440,6755,1
448,6755,2
449,6755,1
454,6755,1
455,6755,1
468,6755,1
469,6755,1
474,6755,1
475,6755,1
481,6755,1
482,6755,1
483,6755,2
484,6755,1
485,6755,1
490,6755,1
492,6755,1
493,6755,1
494,6755,1
495,6755,1
496,6755,1
497,6755,1
503,6755,5
504,6755,1
505,6755,3
507,6755,2
511,6755,1
513,6755,2
514,6755,1
516,6755,2
517,6755,1
521,6755,2
546,6755,1
556,6755,1
557,6755,1
558,6755,1
560,6755,2
572,6755,1
380,6756,1
381,6756,3
382,6756,1
387,6756,2
388,6756,1
390,6756,1
391,6756,1
392,6756,1
396,6756,1
397,6756,2
398,6756,1
404,6756,1
409,6756,1
410,6756,1
411,6756,1
414,6756,1
429,6756,1
431,6756,1
435,6756,1
437,6756,1
438,6756,1
439,6756,1
440,6756,2
441,6756,2
448,6756,1
449,6756,1
453,6756,1
455,6756,1
456,6756,1
466,6756,1
470,6756,1
471,6756,1
483,6756,1
484,6756,1
485,6756,1
491,6756,1
493,6756,2
495,6756,2
496,6756,3
498,6756,1
503,6756,3
504,6756,5
505,6756,2
507,6756,1
508,6756,1
510,6756,1
512,6756,1
513,6756,1
516,6756,1
517,6756,1
521,6756,1
546,6756,1
556,6756,1
557,6756,1
559,6756,1
560,6756,3
561,6756,2
567,6756,2
568,6756,1
571,6756,1
572,6756,1
709,6756,1
710,6756,1
711,6756,1
379,6757,1
381,6757,2
382,6757,2
390,6757,1
392,6757,1
395,6757,1
396,6757,1
397,6757,1
398,6757,1
399,6757,1
401,6757,1
409,6757,1
410,6757,2
411,6757,2
412,6757,2
413,6757,1
414,6757,1
415,6757,2
422,6757,1
431,6757,1
435,6757,1
436,6757,1
438,6757,1
439,6757,1
440,6757,1
441,6757,2
452,6757,1
456,6757,1
457,6757,1
467,6757,1
468,6757,1
471,6757,1
472,6757,1
476,6757,1
478,6757,1
491,6757,1
492,6757,2
493,6757,2
495,6757,1
496,6757,2
504,6757,7
505,6757,4
506,6757,1
507,6757,1
508,6757,1
511,6757,2
512,6757,2
513,6757,1
514,6757,1
516,6757,1
523,6757,1
529,6757,2
556,6757,1
557,6757,1
559,6757,1
561,6757,2
567,6757,1
703,6757,1
704,6757,1
705,6757,1
706,6757,2
707,6757,1
708,6757,1
381,6758,1
382,6758,2
390,6758,1
391,6758,1
396,6758,1
398,6758,1
399,6758,1
401,6758,1
403,6758,1
404,6758,1
413,6758,2
414,6758,1
415,6758,1
424,6758,1
433,6758,1
434,6758,1
436,6758,1
440,6758,1
441,6758,2
442,6758,1
447,6758,1
448,6758,1
452,6758,1
468,6758,1
469,6758,1
472,6758,1
476,6758,1
480,6758,1
484,6758,1
485,6758,1
489,6758,1
490,6758,1
492,6758,1
493,6758,1
494,6758,1
495,6758,1
497,6758,1
503,6758,1
504,6758,6
505,6758,8
506,6758,1
507,6758,1
508,6758,1
509,6758,1
512,6758,1
514,6758,1
516,6758,1
517,6758,1
518,6758,1
523,6758,1
529,6758,2
557,6758,2
559,6758,1
385,6759,1
398,6759,1
400,6759,1
404,6759,1
406,6759,2
407,6759,2
414,6759,1
415,6759,1
422,6759,1
433,6759,1
435,6759,2
439,6759,1
442,6759,1
443,6759,1
447,6759,1
448,6759,1
449,6759,1
450,6759,1
470,6759,1
471,6759,1
476,6759,1
480,6759,1
485,6759,1
489,6759,1
492,6759,1
494,6759,1
495,6759,1
503,6759,1
504,6759,3
505,6759,3
506,6759,3
507,6759,3
508,6759,1
509,6759,1
516,6759,1
517,6759,1
518,6759,2
523,6759,2
529,6759,2
530,6759,1
550,6759,1
556,6759,10
557,6759,2
598,6759,1
697,6759,1
385,6760,1
406,6760,2
407,6760,3
408,6760,2
414,6760,1
415,6760,2
419,6760,2
420,6760,3
421,6760,3
422,6760,1
424,6760,1
425,6760,1
427,6760,1
435,6760,2
436,6760,1
441,6760,1
447,6760,1
448,6760,1
451,6760,1
460,6760,1
461,6760,1
473,6760,1
474,6760,1
480,6760,1
481,6760,1
499,6760,1
502,6760,1
506,6760,1
507,6760,5
508,6760,3
509,6760,1
513,6760,2
518,6760,2
519,6760,2
523,6760,1
524,6760,1
525,6760,1
529,6760,1
530,6760,1
550,6760,1
551,6760,1
556,6760,2
557,6760,1
558,6760,1
560,6760,1
571,6760,1
696,6760,1
697,6760,2
698,6760,1
389,6761,2
403,6761,1
404,6761,1
406,6761,2
407,6761,2
414,6761,1
421,6761,4
422,6761,1
423,6761,1
424,6761,1
425,6761,1
427,6761,1
428,6761,1
435,6761,2
436,6761,1
441,6761,1
445,6761,1
447,6761,2
448,6761,1
460,6761,1
461,6761,1
473,6761,1
474,6761,2
475,6761,1
476,6761,1
481,6761,1
496,6761,1
499,6761,1
500,6761,1
501,6761,2
502,6761,1
503,6761,1
506,6761,1
507,6761,4
508,6761,3
509,6761,1
511,6761,1
513,6761,2
514,6761,2
518,6761,1
519,6761,3
520,6761,1
521,6761,1
525,6761,1
530,6761,1
551,6761,1
556,6761,2
557,6761,1
560,6761,1
571,6761,1
597,6761,1
389,6762,4
390,6762,2
396,6762,1
397,6762,1
400,6762,1
401,6762,3
403,6762,1
404,6762,2
407,6762,2
421,6762,3
424,6762,1
427,6762,1
428,6762,1
429,6762,1
435,6762,2
436,6762,1
437,6762,1
438,6762,1
445,6762,1
447,6762,1
448,6762,1
449,6762,1
452,6762,1
472,6762,1
473,6762,1
474,6762,2
475,6762,2
476,6762,1
477,6762,1
478,6762,1
479,6762,1
486,6762,1
490,6762,2
491,6762,2
496,6762,1
501,6762,2
502,6762,1
503,6762,1
504,6762,1
507,6762,1
508,6762,1
510,6762,1
511,6762,1
512,6762,1
513,6762,1
514,6762,2
519,6762,3
520,6762,3
521,6762,1
525,6762,1
551,6762,1
552,6762,1
557,6762,1
558,6762,1
571,6762,1
597,6762,1
690,6762,1
693,6762,1
716,6762,1
717,6762,1
723,6762,1
389,6763,1
390,6763,3
391,6763,2
392,6763,1
394,6763,1
400,6763,1
401,6763,3
402,6763,2
406,6763,1
409,6763,1
412,6763,1
416,6763,1
421,6763,1
426,6763,1
427,6763,1
428,6763,1
431,6763,1
432,6763,1
435,6763,2
437,6763,1
447,6763,1
472,6763,1
473,6763,1
478,6763,1
479,6763,2
480,6763,1
485,6763,1
486,6763,1
490,6763,2
491,6763,1
496,6763,1
497,6763,1
503,6763,1
504,6763,1
508,6763,1
510,6763,3
511,6763,1
512,6763,1
513,6763,1
514,6763,2
515,6763,1
518,6763,1
519,6763,1
520,6763,3
521,6763,2
542,6763,1
545,6763,1
546,6763,1
552,6763,1
557,6763,1
558,6763,1
584,6763,1
597,6763,1
715,6763,1
716,6763,1
391,6764,2
392,6764,1
393,6764,1
394,6764,1
395,6764,3
396,6764,1
401,6764,1
402,6764,2
406,6764,2
412,6764,1
414,6764,3
416,6764,2
420,6764,2
422,6764,1
426,6764,1
427,6764,1
428,6764,1
430,6764,1
432,6764,1
433,6764,1
434,6764,1
438,6764,1
449,6764,2
450,6764,2
458,6764,1
473,6764,2
474,6764,1
476,6764,1
477,6764,1
479,6764,1
480,6764,2
481,6764,2
486,6764,1
489,6764,1
490,6764,1
492,6764,1
495,6764,2
498,6764,1
501,6764,1
504,6764,1
509,6764,1
510,6764,3
511,6764,1
512,6764,2
514,6764,3
515,6764,1
519,6764,1
520,6764,2
521,6764,3
522,6764,1
546,6764,1
547,6764,1
557,6764,1
558,6764,10
567,6764,1
679,6764,1
388,6765,1
389,6765,1
393,6765,1
394,6765,1
395,6765,2
396,6765,2
397,6765,1
403,6765,1
404,6765,1
405,6765,1
406,6765,1
407,6765,2
412,6765,1
413,6765,1
414,6765,2
415,6765,1
417,6765,1
420,6765,2
427,6765,2
430,6765,1
431,6765,1
434,6765,1
435,6765,1
436,6765,1
441,6765,1
442,6765,1
443,6765,1
447,6765,1
450,6765,1
458,6765,1
474,6765,1
475,6765,1
476,6765,1
477,6765,1
481,6765,2
482,6765,2
486,6765,1
489,6765,1
491,6765,1
492,6765,2
494,6765,1
495,6765,2
496,6765,1
498,6765,1
508,6765,1
509,6765,3
510,6765,2
512,6765,1
514,6765,1
515,6765,1
516,6765,2
517,6765,1
520,6765,4
521,6765,4
522,6765,3
523,6765,1
545,6765,1
546,6765,1
547,6765,1
548,6765,1
554,6765,1
558,6765,10
567,6765,1
389,6766,1
390,6766,1
391,6766,1
393,6766,2
394,6766,3
395,6766,2
396,6766,2
397,6766,3
398,6766,1
399,6766,1
404,6766,1
405,6766,3
406,6766,1
407,6766,2
414,6766,1
415,6766,1
416,6766,1
417,6766,2
420,6766,1
421,6766,2
427,6766,2
428,6766,3
431,6766,2
432,6766,2
433,6766,1
434,6766,1
436,6766,1
437,6766,3
438,6766,1
441,6766,2
442,6766,1
446,6766,1
454,6766,1
460,6766,1
476,6766,1
482,6766,2
483,6766,2
489,6766,1
492,6766,2
496,6766,1
497,6766,1
498,6766,1
504,6766,1
506,6766,1
507,6766,1
508,6766,1
509,6766,1
510,6766,3
511,6766,1
517,6766,1
519,6766,1
520,6766,1
521,6766,3
522,6766,1
523,6766,3
534,6766,1
545,6766,1
546,6766,1
548,6766,1
554,6766,1
556,6766,1
557,6766,1
558,6766,1
565,6766,2
566,6766,2
567,6766,2
665,6766,1
666,6766,1
391,6767,1
395,6767,2
396,6767,1
398,6767,2
399,6767,2
405,6767,3
406,6767,3
407,6767,2
412,6767,1
413,6767,1
415,6767,1
416,6767,1
417,6767,1
420,6767,1
421,6767,2
427,6767,1
428,6767,1
429,6767,1
430,6767,1
433,6767,1
434,6767,2
435,6767,2
437,6767,3
438,6767,1
441,6767,1
443,6767,1
444,6767,1
446,6767,1
452,6767,1
454,6767,1
455,6767,1
456,6767,1
461,6767,1
462,6767,1
474,6767,1
483,6767,1
484,6767,1
485,6767,2
486,6767,2
487,6767,1
491,6767,1
492,6767,1
497,6767,1
498,6767,1
499,6767,2
500,6767,1
502,6767,1
504,6767,1
506,6767,2
507,6767,2
508,6767,1
510,6767,7
511,6767,5
515,6767,1
516,6767,1
517,6767,3
518,6767,1
519,6767,2
521,6767,1
522,6767,1
523,6767,2
524,6767,2
531,6767,1
534,6767,1
546,6767,1
554,6767,1
555,6767,1
556,6767,1
558,6767,1
566,6767,2
567,6767,2
573,6767,1
396,6768,1
397,6768,4
398,6768,2
399,6768,3
406,6768,1
407,6768,1
410,6768,1
411,6768,1
413,6768,1
414,6768,1
415,6768,3
416,6768,1
418,6768,2
421,6768,1
422,6768,1
433,6768,2
434,6768,2
435,6768,2
437,6768,2
438,6768,1
441,6768,1
443,6768,1
444,6768,1
445,6768,1
446,6768,1
452,6768,1
453,6768,1
456,6768,1
457,6768,1
462,6768,1
463,6768,2
470,6768,1
471,6768,1
473,6768,1
474,6768,2
487,6768,1
491,6768,1
492,6768,1
493,6768,1
494,6768,1
498,6768,1
500,6768,1
501,6768,1
502,6768,1
504,6768,1
508,6768,1
509,6768,1
510,6768,2
511,6768,5
512,6768,1
515,6768,2
516,6768,1
517,6768,1
518,6768,2
519,6768,1
521,6768,2
522,6768,3
524,6768,1
531,6768,1
532,6768,1
535,6768,1
540,6768,1
546,6768,1
547,6768,1
553,6768,1
555,6768,1
556,6768,1
558,6768,10
561,6768,1
566,6768,2
567,6768,1
573,6768,1
396,6769,2
397,6769,4
399,6769,4
400,6769,4
401,6769,1
402,6769,1
403,6769,1
404,6769,1
405,6769,1
406,6769,1
407,6769,1
409,6769,1
411,6769,1
413,6769,1
414,6769,1
415,6769,1
416,6769,1
418,6769,1
420,6769,1
421,6769,1
433,6769,1
437,6769,1
438,6769,1
441,6769,1
445,6769,1
447,6769,1
454,6769,1
457,6769,1
464,6769,1
467,6769,1
468,6769,1
470,6769,1
478,6769,1
480,6769,1
492,6769,1
493,6769,1
494,6769,1
495,6769,1
496,6769,1
501,6769,1
502,6769,1
503,6769,1
509,6769,2
510,6769,1
511,6769,2
512,6769,3
515,6769,2
516,6769,2
517,6769,2
518,6769,2
519,6769,1
521,6769,1
522,6769,4
523,6769,1
529,6769,1
532,6769,1
535,6769,1
540,6769,1
542,6769,1
546,6769,1
547,6769,2
548,6769,1
553,6769,1
555,6769,2
556,6769,1
558,6769,10
559,6769,8
560,6769,2
561,6769,1
563,6769,1
567,6769,1
573,6769,1
698,6769,1
699,6769,1
386,6770,1
387,6770,1
391,6770,1
392,6770,1
397,6770,2
399,6770,1
400,6770,4
401,6770,2
403,6770,1
404,6770,1
405,6770,1
407,6770,1
409,6770,1
410,6770,1
411,6770,2
416,6770,1
420,6770,1
421,6770,2
428,6770,2
429,6770,2
430,6770,1
431,6770,1
432,6770,1
433,6770,1
434,6770,1
435,6770,1
438,6770,1
445,6770,1
454,6770,1
455,6770,1
464,6770,1
465,6770,1
468,6770,1
469,6770,4
470,6770,4
477,6770,1
478,6770,1
487,6770,1
488,6770,2
492,6770,1
493,6770,1
494,6770,1
495,6770,1
497,6770,1
499,6770,2
500,6770,1
505,6770,1
509,6770,2
510,6770,1
511,6770,2
512,6770,3
514,6770,2
515,6770,1
516,6770,1
517,6770,2
518,6770,1
521,6770,3
522,6770,2
523,6770,2
525,6770,1
526,6770,1
529,6770,1
532,6770,1
535,6770,1
542,6770,1
548,6770,1
555,6770,1
556,6770,1
558,6770,1
561,6770,1
652,6770,1
653,6770,1
387,6771,1
391,6771,1
392,6771,2
393,6771,1
400,6771,2
401,6771,3
403,6771,1
405,6771,1
411,6771,1
412,6771,1
413,6771,1
415,6771,2
416,6771,1
417,6771,1
427,6771,1
429,6771,2
432,6771,1
433,6771,2
434,6771,1
435,6771,1
436,6771,1
437,6771,2
438,6771,1
441,6771,1
444,6771,1
445,6771,1
455,6771,1
466,6771,1
468,6771,1
469,6771,1
470,6771,3
471,6771,1
479,6771,1
486,6771,1
488,6771,2
489,6771,2
494,6771,1
495,6771,1
499,6771,1
502,6771,1
503,6771,1
505,6771,1
506,6771,1
510,6771,2
511,6771,2
512,6771,1
514,6771,2
515,6771,3
516,6771,2
517,6771,3
518,6771,1
519,6771,1
521,6771,1
522,6771,2
526,6771,1
530,6771,1
531,6771,1
532,6771,1
540,6771,1
542,6771,1
555,6771,2
556,6771,2
558,6771,1
561,6771,1
562,6771,1
696,6771,1
697,6771,1
387,6772,1
388,6772,1
399,6772,1
400,6772,3
401,6772,5
402,6772,2
404,6772,1
406,6772,2
407,6772,2
411,6772,1
413,6772,1
416,6772,1
417,6772,1
427,6772,3
428,6772,1
431,6772,2
432,6772,1
433,6772,1
436,6772,2
437,6772,3
438,6772,1
439,6772,1
440,6772,1
441,6772,1
442,6772,1
443,6772,2
444,6772,1
455,6772,1
464,6772,1
466,6772,1
467,6772,2
468,6772,1
471,6772,1
472,6772,1
476,6772,3
477,6772,3
479,6772,1
483,6772,1
488,6772,1
489,6772,2
491,6772,1
493,6772,1
494,6772,2
495,6772,2
496,6772,2
497,6772,1
499,6772,1
502,6772,1
503,6772,3
504,6772,1
505,6772,1
506,6772,2
512,6772,3
513,6772,2
514,6772,2
515,6772,1
516,6772,2
519,6772,1
522,6772,1
523,6772,2
524,6772,1
527,6772,1
529,6772,1
532,6772,1
533,6772,1
540,6772,1
541,6772,1
542,6772,1
553,6772,1
555,6772,1
556,6772,1
558,6772,1
648,6772,1
649,6772,1
650,6772,1
651,6772,1
696,6772,1
392,6773,1
401,6773,4
402,6773,3
403,6773,1
407,6773,4
408,6773,3
409,6773,1
416,6773,1
420,6773,1
421,6773,1
427,6773,2
428,6773,1
431,6773,2
432,6773,2
434,6773,1
435,6773,1
437,6773,2
438,6773,1
440,6773,1
441,6773,1
443,6773,3
444,6773,1
455,6773,1
456,6773,1
457,6773,1
464,6773,1
467,6773,1
472,6773,1
477,6773,1
478,6773,1
480,6773,1
483,6773,1
484,6773,1
485,6773,2
486,6773,1
489,6773,2
491,6773,1
492,6773,1
493,6773,1
494,6773,4
495,6773,2
496,6773,2
497,6773,1
499,6773,1
500,6773,1
501,6773,2
503,6773,1
504,6773,2
506,6773,1
507,6773,1
512,6773,2
513,6773,2
514,6773,2
516,6773,3
517,6773,2
519,6773,1
521,6773,1
522,6773,1
523,6773,1
524,6773,1
526,6773,2
527,6773,1
533,6773,1
535,6773,1
541,6773,1
553,6773,1
555,6773,2
557,6773,1
558,6773,1
601,6773,1
648,6773,1
650,6773,1
392,6774,2
393,6774,2
401,6774,1
402,6774,1
404,6774,3
407,6774,1
408,6774,2
409,6774,1
411,6774,1
412,6774,1
413,6774,2
414,6774,1
416,6774,1
420,6774,1
421,6774,1
431,6774,1
432,6774,1
435,6774,1
437,6774,1
438,6774,1
439,6774,1
441,6774,2
442,6774,2
443,6774,1
444,6774,1
446,6774,1
447,6774,3
448,6774,1
455,6774,1
456,6774,1
457,6774,2
458,6774,2
465,6774,1
466,6774,1
475,6774,1
476,6774,3
477,6774,1
478,6774,1
480,6774,2
481,6774,3
482,6774,1
485,6774,1
486,6774,1
487,6774,1
494,6774,2
495,6774,2
496,6774,1
497,6774,1
498,6774,1
499,6774,1
500,6774,2
505,6774,1
506,6774,1
507,6774,1
508,6774,2
509,6774,3
510,6774,1
511,6774,1
512,6774,1
513,6774,3
515,6774,1
516,6774,8
517,6774,2
518,6774,1
519,6774,1
521,6774,1
522,6774,1
523,6774,1
524,6774,3
526,6774,4
527,6774,1
529,6774,1
530,6774,1
533,6774,1
534,6774,1
535,6774,1
541,6774,1
553,6774,1
555,6774,1
556,6774,1
557,6774,1
558,6774,1
562,6774,1
594,6774,1
649,6774,1
650,6774,1
692,6774,1
693,6774,1
389,6775,1
392,6775,2
393,6775,1
401,6775,2
402,6775,2
404,6775,2
405,6775,1
408,6775,2
409,6775,2
413,6775,3
414,6775,1
415,6775,1
416,6775,1
420,6775,1
421,6775,1
422,6775,1
423,6775,1
426,6775,1
427,6775,1
428,6775,1
429,6775,2
435,6775,1
439,6775,1
440,6775,1
441,6775,3
442,6775,1
447,6775,1
448,6775,1
458,6775,1
468,6775,1
476,6775,2
477,6775,2
478,6775,3
481,6775,1
482,6775,4
484,6775,3
485,6775,3
488,6775,1
495,6775,1
496,6775,1
498,6775,1
499,6775,2
500,6775,2
502,6775,1
507,6775,2
508,6775,1
509,6775,2
510,6775,1
511,6775,2
512,6775,2
513,6775,3
514,6775,1
515,6775,1
516,6775,10
517,6775,1
518,6775,1
519,6775,1
522,6775,1
524,6775,1
526,6775,1
527,6775,3
529,6775,2
530,6775,2
542,6775,1
553,6775,1
556,6775,1
558,6775,1
560,6775,1
563,6775,2
583,6775,1
594,6775,1
633,6775,1
634,6775,1
635,6775,1
636,6775,1
649,6775,1
687,6775,1
688,6775,1
392,6776,1
393,6776,1
394,6776,1
401,6776,1
402,6776,3
403,6776,2
404,6776,1
405,6776,1
407,6776,1
408,6776,1
409,6776,1
411,6776,1
415,6776,1
416,6776,4
417,6776,1
418,6776,1
420,6776,1
421,6776,1
425,6776,1
426,6776,1
427,6776,1
428,6776,2
429,6776,2
430,6776,1
432,6776,1
433,6776,1
438,6776,1
441,6776,2
442,6776,1
445,6776,2
446,6776,1
447,6776,1
449,6776,1
468,6776,2
469,6776,1
473,6776,1
477,6776,1
478,6776,3
479,6776,3
485,6776,4
486,6776,3
487,6776,3
488,6776,1
489,6776,1
491,6776,1
492,6776,1
496,6776,1
497,6776,1
498,6776,1
499,6776,2
500,6776,1
501,6776,1
502,6776,1
503,6776,1
504,6776,1
508,6776,1
509,6776,3
510,6776,2
511,6776,1
512,6776,2
513,6776,2
514,6776,1
516,6776,8
517,6776,4
518,6776,1
520,6776,1
522,6776,1
523,6776,1
524,6776,1
526,6776,2
527,6776,3
528,6776,2
529,6776,1
530,6776,3
531,6776,1
536,6776,1
539,6776,1
542,6776,1
548,6776,1
553,6776,1
555,6776,1
560,6776,1
562,6776,1
563,6776,1
583,6776,1
649,6776,1
682,6776,1
683,6776,1
684,6776,1
391,6777,1
392,6777,1
393,6777,1
394,6777,2
401,6777,1
402,6777,2
403,6777,1
404,6777,1
405,6777,1
408,6777,1
409,6777,1
410,6777,1
411,6777,3
412,6777,2
415,6777,1
416,6777,2
417,6777,2
418,6777,2
419,6777,2
420,6777,1
421,6777,1
422,6777,1
424,6777,1
425,6777,1
426,6777,1
428,6777,1
430,6777,2
431,6777,2
432,6777,3
433,6777,1
438,6777,1
442,6777,1
445,6777,3
449,6777,1
450,6777,1
468,6777,1
469,6777,1
470,6777,1
472,6777,1
473,6777,1
478,6777,1
479,6777,3
480,6777,1
487,6777,2
490,6777,1
491,6777,1
492,6777,1
496,6777,1
497,6777,1
498,6777,2
499,6777,2
500,6777,2
501,6777,1
502,6777,1
503,6777,2
504,6777,3
505,6777,1
506,6777,1
507,6777,1
509,6777,1
510,6777,4
512,6777,1
513,6777,1
514,6777,1
515,6777,1
516,6777,1
517,6777,2
518,6777,3
519,6777,1
520,6777,1
524,6777,2
526,6777,1
527,6777,3
528,6777,3
529,6777,1
530,6777,2
539,6777,1
542,6777,1
548,6777,1
549,6777,1
553,6777,1
554,6777,1
555,6777,2
559,6777,1
560,6777,1
561,6777,2
564,6777,1
583,6777,1
613,6777,1
614,6777,1
635,6777,1
636,6777,1
637,6777,1
638,6777,1
639,6777,1
679,6777,1
680,6777,1
681,6777,1
682,6777,1
394,6778,1
395,6778,1
401,6778,1
403,6778,3
404,6778,2
406,6778,1
407,6778,1
408,6778,2
409,6778,1
410,6778,3
412,6778,1
413,6778,1
414,6778,1
415,6778,1
416,6778,1
418,6778,1
419,6778,2
420,6778,2
421,6778,2
422,6778,2
423,6778,1
426,6778,2
428,6778,1
430,6778,2
431,6778,1
432,6778,4
433,6778,2
437,6778,1
438,6778,1
442,6778,2
443,6778,1
444,6778,2
445,6778,4
446,6778,2
447,6778,2
452,6778,1
472,6778,1
478,6778,1
479,6778,1
480,6778,1
481,6778,1
482,6778,1
487,6778,1
488,6778,1
492,6778,1
495,6778,1
498,6778,1
499,6778,1
500,6778,2
501,6778,2
502,6778,2
503,6778,1
504,6778,2
505,6778,2
506,6778,2
507,6778,2
508,6778,2
510,6778,1
512,6778,2
513,6778,2
514,6778,2
515,6778,1
516,6778,1
517,6778,1
518,6778,3
519,6778,1
520,6778,2
521,6778,1
522,6778,1
524,6778,2
526,6778,1
527,6778,2
528,6778,4
529,6778,2
530,6778,1
539,6778,1
542,6778,1
554,6778,2
555,6778,2
561,6778,2
562,6778,1
567,6778,2
396,6779,1
401,6779,1
404,6779,3
406,6779,1
408,6779,2
409,6779,2
410,6779,4
411,6779,1
412,6779,2
413,6779,1
416,6779,1
419,6779,1
421,6779,6
422,6779,3
423,6779,1
424,6779,1
425,6779,1
427,6779,1
430,6779,1
431,6779,1
432,6779,1
433,6779,3
437,6779,1
438,6779,1
440,6779,1
441,6779,2
442,6779,1
443,6779,2
444,6779,1
445,6779,2
446,6779,1
447,6779,1
453,6779,1
454,6779,1
477,6779,1
480,6779,1
482,6779,1
485,6779,1
486,6779,1
490,6779,3
491,6779,3
495,6779,1
499,6779,2
500,6779,1
502,6779,1
505,6779,3
506,6779,3
507,6779,1
508,6779,2
509,6779,1
512,6779,2
514,6779,3
515,6779,2
516,6779,3
517,6779,2
518,6779,3
519,6779,3
520,6779,1
521,6779,1
522,6779,2
526,6779,2
527,6779,2
528,6779,1
530,6779,2
531,6779,1
532,6779,1
536,6779,2
537,6779,2
542,6779,1
543,6779,1
549,6779,1
550,6779,1
555,6779,2
562,6779,11
592,6779,1
593,6779,1
672,6779,1
673,6779,1
396,6780,1
397,6780,1
405,6780,1
406,6780,1
407,6780,2
408,6780,3
409,6780,1
410,6780,3
411,6780,1
412,6780,2
415,6780,1
416,6780,1
417,6780,3
419,6780,1
421,6780,2
422,6780,3
423,6780,2
425,6780,1
426,6780,1
427,6780,2
430,6780,1
432,6780,1
433,6780,1
434,6780,1
438,6780,1
439,6780,4
440,6780,1
441,6780,3
442,6780,2
443,6780,2
445,6780,1
446,6780,3
447,6780,5
448,6780,1
454,6780,2
455,6780,3
456,6780,1
457,6780,1
459,6780,1
471,6780,1
473,6780,1
474,6780,1
481,6780,1
485,6780,1
486,6780,1
491,6780,3
492,6780,3
493,6780,1
499,6780,1
502,6780,1
504,6780,1
505,6780,1
506,6780,1
507,6780,1
508,6780,1
513,6780,1
514,6780,4
515,6780,2
516,6780,2
517,6780,1
518,6780,2
519,6780,1
520,6780,2
521,6780,2
523,6780,1
524,6780,2
526,6780,1
527,6780,3
530,6780,1
532,6780,1
534,6780,1
537,6780,2
541,6780,1
543,6780,1
550,6780,1
555,6780,2
562,6780,2
566,6780,1
567,6780,2
568,6780,2
569,6780,2
574,6780,1
592,6780,1
593,6780,1
665,6780,1
666,6780,1
671,6780,1
672,6780,1
385,6781,1
391,6781,1
394,6781,1
396,6781,1
397,6781,1
398,6781,1
407,6781,2
408,6781,3
409,6781,1
410,6781,2
411,6781,4
412,6781,2
413,6781,1
414,6781,1
417,6781,1
418,6781,1
422,6781,2
423,6781,4
424,6781,1
427,6781,3
428,6781,1
430,6781,1
432,6781,1
433,6781,2
436,6781,3
437,6781,2
439,6781,2
440,6781,1
441,6781,3
442,6781,3
445,6781,1
447,6781,4
448,6781,4
449,6781,1
457,6781,1
458,6781,2
459,6781,1
473,6781,1
474,6781,1
476,6781,1
481,6781,1
482,6781,1
485,6781,1
486,6781,1
493,6781,1
496,6781,3
497,6781,1
499,6781,1
500,6781,1
501,6781,1
502,6781,1
503,6781,1
505,6781,1
506,6781,1
507,6781,2
508,6781,1
509,6781,2
514,6781,4
515,6781,3
516,6781,3
517,6781,2
518,6781,1
519,6781,1
521,6781,1
523,6781,1
524,6781,2
525,6781,1
527,6781,3
530,6781,1
531,6781,3
532,6781,2
534,6781,1
535,6781,1
537,6781,2
541,6781,1
543,6781,1
547,6781,1
550,6781,1
551,6781,1
555,6781,3
566,6781,1
568,6781,2
569,6781,3
574,6781,1
601,6781,1
663,6781,1
665,6781,1
666,6781,1
385,6782,1
386,6782,1
394,6782,1
395,6782,1
396,6782,1
397,6782,1
398,6782,1
399,6782,1
405,6782,1
406,6782,1
407,6782,2
408,6782,4
409,6782,1
410,6782,1
411,6782,3
412,6782,3
413,6782,1
414,6782,3
418,6782,1
420,6782,2
421,6782,1
423,6782,2
424,6782,1
425,6782,2
427,6782,1
430,6782,1
432,6782,1
433,6782,1
436,6782,2
438,6782,1
439,6782,1
442,6782,3
443,6782,2
444,6782,1
447,6782,1
448,6782,2
458,6782,3
459,6782,1
460,6782,1
468,6782,1
469,6782,1
470,6782,1
474,6782,1
476,6782,1
477,6782,2
478,6782,1
482,6782,2
483,6782,1
495,6782,1
496,6782,4
497,6782,4
498,6782,2
500,6782,1
501,6782,1
508,6782,1
509,6782,1
510,6782,2
511,6782,1
514,6782,2
515,6782,3
516,6782,2
518,6782,1
519,6782,2
520,6782,7
521,6782,2
522,6782,2
524,6782,1
525,6782,3
527,6782,2
528,6782,1
529,6782,1
530,6782,2
531,6782,1
532,6782,2
533,6782,2
535,6782,1
537,6782,1
542,6782,1
547,6782,1
551,6782,1
555,6782,3
556,6782,4
565,6782,1
568,6782,2
569,6782,1
644,6782,1
645,6782,1
661,6782,1
662,6782,1
663,6782,1
664,6782,1
386,6783,1
387,6783,1
391,6783,1
393,6783,1
395,6783,1
396,6783,1
397,6783,1
406,6783,1
407,6783,4
408,6783,3
409,6783,2
410,6783,2
411,6783,1
414,6783,4
415,6783,3
416,6783,1
417,6783,1
418,6783,2
419,6783,2
420,6783,2
421,6783,1
423,6783,1
424,6783,1
433,6783,1
436,6783,2
438,6783,1
439,6783,1
440,6783,1
442,6783,2
443,6783,1
444,6783,1
448,6783,1
449,6783,3
450,6783,3
458,6783,1
459,6783,1
460,6783,2
461,6783,1
462,6783,1
463,6783,1
464,6783,1
465,6783,1
466,6783,1
467,6783,1
468,6783,1
469,6783,2
470,6783,1
477,6783,2
478,6783,1
482,6783,1
484,6783,1
495,6783,1
496,6783,1
497,6783,2
500,6783,2
501,6783,2
510,6783,1
511,6783,2
514,6783,1
516,6783,1
521,6783,3
522,6783,4
527,6783,2
528,6783,1
530,6783,2
531,6783,1
532,6783,1
533,6783,3
534,6783,3
535,6783,1
537,6783,1
542,6783,1
547,6783,1
551,6783,1
556,6783,3
560,6783,1
565,6783,1
567,6783,1
568,6783,1
598,6783,1
628,6783,1
638,6783,1
643,6783,1
644,6783,2
661,6783,1
662,6783,1
663,6783,1
664,6783,1
391,6784,1
393,6784,1
396,6784,1
401,6784,1
404,6784,1
407,6784,2
408,6784,4
409,6784,2
410,6784,1
411,6784,2
412,6784,2
414,6784,1
415,6784,2
418,6784,1
419,6784,1
420,6784,2
421,6784,2
422,6784,1
424,6784,1
425,6784,1
426,6784,2
427,6784,1
431,6784,1
433,6784,1
434,6784,1
436,6784,2
437,6784,1
438,6784,1
441,6784,1
442,6784,2
443,6784,1
444,6784,1
445,6784,1
447,6784,1
448,6784,1
449,6784,2
450,6784,4
451,6784,2
464,6784,1
466,6784,1
467,6784,2
469,6784,1
470,6784,1
484,6784,1
488,6784,1
497,6784,1
498,6784,1
499,6784,2
500,6784,1
501,6784,2
502,6784,3
508,6784,1
509,6784,1
511,6784,4
512,6784,2
514,6784,2
515,6784,1
519,6784,1
521,6784,1
522,6784,5
523,6784,4
524,6784,1
525,6784,1
526,6784,1
529,6784,1
530,6784,1
531,6784,1
532,6784,1
533,6784,2
534,6784,2
535,6784,3
538,6784,1
547,6784,1
548,6784,1
556,6784,2
560,6784,1
561,6784,1
567,6784,1
568,6784,2
598,6784,1
628,6784,1
638,6784,2
639,6784,1
643,6784,1
644,6784,1
652,6784,1
658,6784,1
659,6784,1
660,6784,1
661,6784,1
666,6784,1
667,6784,1
392,6785,1
396,6785,1
397,6785,1
404,6785,1
407,6785,1
409,6785,1
411,6785,1
412,6785,3
413,6785,1
420,6785,2
421,6785,3
422,6785,3
423,6785,2
424,6785,3
425,6785,1
426,6785,2
427,6785,1
429,6785,1
430,6785,1
431,6785,1
433,6785,1
434,6785,1
436,6785,1
437,6785,2
438,6785,1
441,6785,1
443,6785,1
445,6785,2
446,6785,1
447,6785,1
448,6785,1
450,6785,3
451,6785,5
452,6785,3
453,6785,2
467,6785,2
470,6785,1
484,6785,1
487,6785,1
488,6785,2
489,6785,1
498,6785,1
499,6785,1
500,6785,2
501,6785,1
502,6785,3
511,6785,2
512,6785,4
513,6785,3
515,6785,1
516,6785,1
517,6785,1
519,6785,1
520,6785,1
522,6785,2
523,6785,3
524,6785,2
525,6785,1
526,6785,1
529,6785,1
532,6785,1
533,6785,2
534,6785,4
535,6785,4
536,6785,2
537,6785,1
538,6785,1
539,6785,1
548,6785,2
555,6785,1
556,6785,1
557,6785,2
561,6785,1
564,6785,1
565,6785,1
568,6785,2
598,6785,1
634,6785,1
646,6785,1
647,6785,1
648,6785,1
649,6785,1
650,6785,1
657,6785,1
658,6785,1
663,6785,1
403,6786,1
404,6786,1
408,6786,1
411,6786,1
412,6786,4
413,6786,2
414,6786,2
415,6786,2
417,6786,2
418,6786,1
420,6786,1
421,6786,1
422,6786,3
423,6786,1
424,6786,1
425,6786,1
426,6786,1
429,6786,1
431,6786,1
434,6786,1
437,6786,1
438,6786,1
443,6786,1
444,6786,1
445,6786,1
446,6786,2
447,6786,1
448,6786,2
449,6786,1
451,6786,3
452,6786,1
453,6786,1
457,6786,1
468,6786,1
469,6786,2
470,6786,3
471,6786,3
472,6786,1
477,6786,3
478,6786,1
482,6786,1
487,6786,1
489,6786,1
502,6786,1
511,6786,1
512,6786,3
513,6786,5
514,6786,1
516,6786,3
517,6786,4
518,6786,2
520,6786,2
521,6786,1
522,6786,2
523,6786,2
524,6786,4
525,6786,1
526,6786,2
527,6786,1
528,6786,1
530,6786,1
531,6786,2
532,6786,3
533,6786,2
534,6786,2
535,6786,2
536,6786,4
538,6786,1
539,6786,1
548,6786,1
555,6786,1
556,6786,1
557,6786,1
558,6786,1
563,6786,5
564,6786,2
565,6786,2
567,6786,1
568,6786,2
571,6786,1
582,6786,1
590,6786,1
591,6786,1
598,6786,2
599,6786,1
626,6786,1
627,6786,1
632,6786,1
633,6786,1
634,6786,1
641,6786,1
643,6786,1
644,6786,1
645,6786,1
646,6786,1
398,6787,1
399,6787,1
404,6787,1
408,6787,3
409,6787,1
411,6787,1
412,6787,1
413,6787,2
414,6787,3
415,6787,1
416,6787,1
417,6787,1
418,6787,3
421,6787,2
422,6787,2
423,6787,1
424,6787,3
425,6787,1
426,6787,1
427,6787,1
432,6787,1
433,6787,1
437,6787,2
438,6787,1
440,6787,1
441,6787,1
442,6787,1
444,6787,1
445,6787,1
447,6787,2
448,6787,2
449,6787,2
450,6787,2
451,6787,3
452,6787,1
456,6787,1
457,6787,1
465,6787,1
468,6787,1
471,6787,1
477,6787,2
478,6787,2
483,6787,1
484,6787,1
494,6787,1
504,6787,1
509,6787,1
511,6787,1
512,6787,1
513,6787,2
516,6787,2
517,6787,1
518,6787,3
519,6787,1
521,6787,2
522,6787,1
523,6787,2
524,6787,4
525,6787,5
526,6787,3
527,6787,1
530,6787,1
531,6787,2
532,6787,1
533,6787,2
534,6787,4
535,6787,1
536,6787,4
537,6787,1
539,6787,1
540,6787,1
548,6787,1
549,6787,1
555,6787,1
556,6787,2
557,6787,2
558,6787,1
563,6787,10
564,6787,1
565,6787,2
566,6787,1
567,6787,1
568,6787,1
569,6787,1
571,6787,1
572,6787,1
574,6787,1
582,6787,1
623,6787,1
624,6787,1
626,6787,1
627,6787,1
628,6787,1
630,6787,1
641,6787,1
653,6787,2
654,6787,2
655,6787,2
656,6787,1
399,6788,1
401,6788,1
407,6788,1
408,6788,2
411,6788,1
412,6788,1
414,6788,1
416,6788,1
417,6788,1
418,6788,3
419,6788,3
422,6788,3
423,6788,3
424,6788,2
426,6788,2
427,6788,3
429,6788,1
431,6788,1
432,6788,1
433,6788,1
437,6788,1
440,6788,2
441,6788,1
444,6788,2
445,6788,2
446,6788,1
447,6788,1
448,6788,1
450,6788,3
451,6788,2
452,6788,2
453,6788,1
456,6788,1
459,6788,1
461,6788,1
468,6788,1
471,6788,1
475,6788,1
484,6788,1
485,6788,1
487,6788,1
488,6788,1
500,6788,1
501,6788,1
508,6788,1
509,6788,1
510,6788,1
514,6788,2
515,6788,2
516,6788,2
517,6788,2
518,6788,2
520,6788,2
521,6788,1
522,6788,1
524,6788,1
525,6788,10
526,6788,4
527,6788,5
528,6788,1
531,6788,1
533,6788,1
534,6788,3
535,6788,4
536,6788,3
537,6788,1
540,6788,2
541,6788,1
542,6788,1
556,6788,2
557,6788,2
558,6788,1
563,6788,3
565,6788,1
569,6788,2
571,6788,1
574,6788,1
617,6788,1
619,6788,1
620,6788,1
623,6788,1
625,6788,1
626,6788,1
627,6788,1
630,6788,1
640,6788,1
652,6788,1
655,6788,1
656,6788,2
657,6788,1
658,6788,1
664,6788,1
666,6788,1
389,6789,2
391,6789,1
392,6789,1
393,6789,1
407,6789,2
408,6789,2
411,6789,1
412,6789,1
415,6789,2
416,6789,1
417,6789,1
418,6789,2
419,6789,3
422,6789,2
423,6789,2
424,6789,3
427,6789,2
428,6789,1
429,6789,1
432,6789,1
433,6789,1
439,6789,1
444,6789,1
445,6789,2
447,6789,1
448,6789,1
450,6789,2
452,6789,1
453,6789,1
455,6789,1
456,6789,1
460,6789,1
461,6789,2
462,6789,1
463,6789,1
464,6789,1
465,6789,1
466,6789,3
470,6789,1
471,6789,2
473,6789,1
474,6789,2
475,6789,1
477,6789,1
478,6789,1
486,6789,1
487,6789,1
490,6789,1
497,6789,1
498,6789,1
499,6789,1
501,6789,1
502,6789,1
503,6789,1
505,6789,2
506,6789,4
507,6789,1
508,6789,1
510,6789,1
513,6789,1
514,6789,1
515,6789,1
517,6789,2
521,6789,3
522,6789,2
523,6789,2
524,6789,2
525,6789,2
526,6789,5
527,6789,5
528,6789,1
529,6789,1
531,6789,1
533,6789,2
534,6789,1
535,6789,5
536,6789,4
537,6789,1
539,6789,3
540,6789,1
541,6789,2
542,6789,1
548,6789,1
556,6789,1
557,6789,2
558,6789,1
563,6789,1
565,6789,1
571,6789,1
592,6789,1
593,6789,1
616,6789,1
617,6789,1
627,6789,1
628,6789,1
639,6789,1
647,6789,1
648,6789,1
654,6789,1
655,6789,2
656,6789,2
657,6789,1
659,6789,1
660,6789,1
664,6789,1
389,6790,1
390,6790,1
391,6790,1
393,6790,1
399,6790,1
400,6790,2
402,6790,1
407,6790,1
408,6790,2
409,6790,1
411,6790,1
412,6790,1
415,6790,1
416,6790,1
418,6790,1
421,6790,1
422,6790,1
423,6790,2
424,6790,3
425,6790,2
428,6790,2
429,6790,2
432,6790,1
433,6790,2
445,6790,3
446,6790,1
447,6790,1
462,6790,1
463,6790,4
464,6790,4
465,6790,1
466,6790,2
467,6790,2
469,6790,2
470,6790,1
471,6790,1
472,6790,1
475,6790,3
476,6790,4
477,6790,2
478,6790,1
479,6790,1
480,6790,1
481,6790,1
483,6790,1
485,6790,1
486,6790,3
487,6790,3
488,6790,2
489,6790,2
490,6790,1
496,6790,3
497,6790,1
499,6790,1
500,6790,1
501,6790,2
502,6790,1
503,6790,1
505,6790,1
506,6790,4
507,6790,5
508,6790,3
513,6790,1
514,6790,1
518,6790,1
519,6790,1
520,6790,1
521,6790,1
522,6790,2
524,6790,2
525,6790,3
526,6790,1
527,6790,2
529,6790,1
530,6790,1
531,6790,1
533,6790,2
534,6790,2
535,6790,2
536,6790,1
537,6790,2
538,6790,2
539,6790,3
540,6790,1
541,6790,2
543,6790,1
544,6790,1
548,6790,1
557,6790,1
558,6790,1
565,6790,1
615,6790,1
616,6790,1
625,6790,1
646,6790,1
647,6790,1
648,6790,1
649,6790,1
650,6790,1
675,6790,1
676,6790,1
687,6790,1
690,6790,1
726,6790,1
727,6790,1
752,6790,1
753,6790,1
754,6790,1
755,6790,1
389,6791,1
391,6791,2
392,6791,1
400,6791,2
401,6791,2
402,6791,1
404,6791,1
405,6791,1
408,6791,1
409,6791,2
410,6791,1
416,6791,1
417,6791,1
418,6791,3
419,6791,1
421,6791,1
423,6791,1
424,6791,2
425,6791,2
429,6791,1
430,6791,1
433,6791,2
436,6791,1
443,6791,1
444,6791,1
445,6791,2
446,6791,2
459,6791,1
465,6791,1
466,6791,1
467,6791,2
470,6791,1
471,6791,1
472,6791,1
476,6791,4
477,6791,1
480,6791,1
481,6791,1
482,6791,2
486,6791,1
487,6791,1
488,6791,1
491,6791,2
492,6791,2
493,6791,1
494,6791,1
496,6791,1
501,6791,2
502,6791,1
503,6791,2
506,6791,1
507,6791,3
508,6791,3
514,6791,1
519,6791,1
520,6791,1
521,6791,1
523,6791,1
524,6791,1
525,6791,2
526,6791,1
527,6791,4
529,6791,1
530,6791,2
531,6791,1
532,6791,1
533,6791,1
534,6791,1
535,6791,1
537,6791,1
538,6791,2
539,6791,2
541,6791,1
542,6791,1
543,6791,2
545,6791,2
551,6791,1
552,6791,1
558,6791,1
559,6791,1
623,6791,1
625,6791,1
645,6791,1
676,6791,1
683,6791,1
684,6791,1
687,6791,1
688,6791,1
690,6791,1
698,6791,1
699,6791,1
706,6791,1
726,6791,1
727,6791,1
730,6791,1
731,6791,1
732,6791,1
733,6791,1
734,6791,1
735,6791,1
736,6791,1
743,6791,1
744,6791,1
745,6791,1
747,6791,1
748,6791,1
749,6791,1
755,6791,1
756,6791,1
389,6792,1
391,6792,1
401,6792,2
402,6792,1
403,6792,1
404,6792,3
405,6792,3
408,6792,1
409,6792,4
410,6792,2
411,6792,2
412,6792,1
416,6792,2
417,6792,2
418,6792,4
421,6792,1
423,6792,1
424,6792,2
425,6792,1
426,6792,2
429,6792,1
430,6792,1
431,6792,2
433,6792,1
437,6792,1
438,6792,1
444,6792,1
446,6792,1
461,6792,1
465,6792,2
466,6792,3
467,6792,4
471,6792,2
472,6792,2
476,6792,2
477,6792,2
481,6792,1
482,6792,3
483,6792,1
485,6792,1
492,6792,1
493,6792,1
495,6792,1
496,6792,1
501,6792,1
502,6792,1
503,6792,1
505,6792,1
506,6792,2
507,6792,1
512,6792,1
515,6792,3
518,6792,1
519,6792,1
520,6792,1
521,6792,1
522,6792,1
524,6792,1
525,6792,1
526,6792,2
527,6792,8
529,6792,2
530,6792,1
531,6792,2
533,6792,1
535,6792,4
536,6792,3
538,6792,1
539,6792,3
540,6792,2
541,6792,2
543,6792,3
544,6792,1
545,6792,1
552,6792,1
555,6792,1
559,6792,1
560,6792,1
564,6792,1
565,6792,1
569,6792,1
571,6792,1
574,6792,1
597,6792,1
611,6792,1
612,6792,1
613,6792,1
623,6792,1
630,6792,1
631,6792,1
637,6792,2
638,6792,2
639,6792,2
640,6792,4
641,6792,1
642,6792,1
643,6792,1
652,6792,1
654,6792,1
655,6792,1
676,6792,1
677,6792,1
393,6793,2
394,6793,1
401,6793,1
403,6793,1
404,6793,1
405,6793,1
406,6793,1
407,6793,1
409,6793,2
410,6793,2
411,6793,4
412,6793,2
416,6793,1
417,6793,3
418,6793,3
419,6793,2
421,6793,1
424,6793,1
425,6793,1
426,6793,2
428,6793,1
431,6793,1
432,6793,2
433,6793,1
434,6793,1
438,6793,2
439,6793,4
440,6793,2
442,6793,1
444,6793,1
445,6793,2
446,6793,1
459,6793,1
460,6793,1
467,6793,1
468,6793,1
470,6793,1
472,6793,1
473,6793,1
481,6793,1
482,6793,2
483,6793,1
484,6793,1
490,6793,3
493,6793,1
495,6793,1
496,6793,1
498,6793,1
502,6793,1
506,6793,1
507,6793,2
508,6793,1
509,6793,1
510,6793,1
511,6793,1
512,6793,1
515,6793,2
516,6793,3
517,6793,1
518,6793,2
519,6793,1
520,6793,1
521,6793,1
522,6793,1
523,6793,2
524,6793,1
525,6793,1
526,6793,3
528,6793,2
529,6793,2
530,6793,1
531,6793,1
533,6793,1
534,6793,1
536,6793,2
539,6793,1
540,6793,1
541,6793,1
542,6793,2
543,6793,3
544,6793,1
546,6793,2
552,6793,1
553,6793,1
560,6793,1
564,6793,1
565,6793,2
569,6793,1
570,6793,2
571,6793,1
574,6793,1
591,6793,1
611,6793,1
612,6793,1
618,6793,1
619,6793,1
620,6793,1
621,6793,2
628,6793,1
629,6793,3
630,6793,3
636,6793,2
637,6793,2
638,6793,3
639,6793,2
640,6793,2
666,6793,1
668,6793,1
669,6793,1
764,6793,1
765,6793,1
393,6794,1
394,6794,2
401,6794,1
404,6794,1
407,6794,1
410,6794,3
411,6794,2
412,6794,2
414,6794,1
417,6794,3
418,6794,4
419,6794,2
420,6794,1
421,6794,2
425,6794,2
426,6794,2
427,6794,1
428,6794,2
429,6794,1
430,6794,1
432,6794,1
433,6794,1
434,6794,1
435,6794,1
436,6794,1
437,6794,1
438,6794,1
439,6794,3
440,6794,2
442,6794,1
444,6794,1
445,6794,1
456,6794,1
459,6794,1
461,6794,1
462,6794,1
467,6794,1
468,6794,3
470,6794,1
482,6794,1
483,6794,1
484,6794,1
485,6794,1
487,6794,1
488,6794,1
490,6794,2
491,6794,3
492,6794,1
496,6794,1
497,6794,1
498,6794,1
499,6794,1
501,6794,1
502,6794,2
505,6794,1
507,6794,1
508,6794,2
509,6794,1
512,6794,1
515,6794,1
517,6794,1
519,6794,1
520,6794,1
521,6794,1
522,6794,2
523,6794,3
524,6794,3
525,6794,2
526,6794,1
527,6794,2
528,6794,1
529,6794,2
531,6794,2
532,6794,2
533,6794,1
535,6794,1
536,6794,2
538,6794,1
539,6794,1
540,6794,1
542,6794,1
543,6794,4
544,6794,1
545,6794,2
553,6794,1
557,6794,1
565,6794,2
569,6794,1
570,6794,2
571,6794,1
572,6794,1
580,6794,1
591,6794,1
611,6794,1
620,6794,1
621,6794,1
628,6794,1
629,6794,1
632,6794,1
635,6794,1
636,6794,1
638,6794,1
639,6794,1
644,6794,1
645,6794,1
663,6794,1
666,6794,1
675,6794,1
676,6794,1
677,6794,1
678,6794,1
738,6794,1
739,6794,1
740,6794,1
741,6794,1
742,6794,1
765,6794,1
387,6795,2
390,6795,1
391,6795,1
402,6795,1
403,6795,1
404,6795,1
405,6795,1
410,6795,2
411,6795,2
412,6795,1
414,6795,1
416,6795,1
417,6795,2
418,6795,6
419,6795,2
420,6795,1
421,6795,3
427,6795,1
428,6795,1
430,6795,2
431,6795,3
432,6795,1
433,6795,1
435,6795,1
436,6795,2
437,6795,1
438,6795,2
439,6795,4
440,6795,4
444,6795,1
445,6795,2
449,6795,2
456,6795,1
457,6795,2
458,6795,2
459,6795,1
462,6795,1
463,6795,1
464,6795,1
465,6795,1
468,6795,1
487,6795,1
492,6795,2
493,6795,4
496,6795,1
497,6795,3
501,6795,1
502,6795,1
505,6795,2
508,6795,1
509,6795,1
510,6795,1
511,6795,1
512,6795,3
513,6795,3
514,6795,1
515,6795,1
517,6795,1
518,6795,1
521,6795,1
522,6795,2
523,6795,1
524,6795,2
525,6795,1
526,6795,4
527,6795,4
528,6795,2
529,6795,4
530,6795,2
531,6795,1
532,6795,3
533,6795,2
534,6795,1
535,6795,1
536,6795,2
537,6795,1
540,6795,1
543,6795,4
544,6795,3
545,6795,6
546,6795,2
547,6795,1
548,6795,1
550,6795,1
557,6795,1
558,6795,2
565,6795,1
567,6795,2
568,6795,1
571,6795,1
572,6795,1
579,6795,1
580,6795,1
591,6795,1
596,6795,1
609,6795,1
611,6795,1
620,6795,1
623,6795,1
624,6795,2
625,6795,2
626,6795,1
633,6795,1
634,6795,1
635,6795,1
636,6795,2
638,6795,1
658,6795,1
660,6795,1
661,6795,1
669,6795,1
670,6795,1
672,6795,1
673,6795,1
678,6795,1
679,6795,1
683,6795,1
684,6795,1
691,6795,1
692,6795,1
693,6795,1
694,6795,1
695,6795,1
696,6795,1
742,6795,1
776,6795,1
777,6795,1
778,6795,1
387,6796,2
388,6796,2
391,6796,1
392,6796,1
403,6796,1
409,6796,1
413,6796,1
417,6796,2
418,6796,3
419,6796,1
420,6796,2
424,6796,1
425,6796,1
426,6796,1
427,6796,1
428,6796,2
430,6796,1
431,6796,2
432,6796,1
433,6796,1
435,6796,1
438,6796,4
439,6796,6
440,6796,1
441,6796,1
442,6796,1
443,6796,2
444,6796,2
445,6796,2
457,6796,1
458,6796,4
459,6796,1
460,6796,2
465,6796,1
466,6796,1
475,6796,1
476,6796,1
477,6796,1
480,6796,1
493,6796,1
497,6796,3
498,6796,3
499,6796,1
501,6796,1
502,6796,2
503,6796,1
504,6796,1
505,6796,1
506,6796,1
509,6796,2
510,6796,1
512,6796,1
513,6796,3
514,6796,5
515,6796,3
516,6796,1
517,6796,1
525,6796,1
526,6796,5
527,6796,2
528,6796,3
529,6796,1
530,6796,3
531,6796,1
532,6796,1
534,6796,2
535,6796,1
536,6796,2
537,6796,3
538,6796,1
539,6796,1
540,6796,1
542,6796,1
544,6796,1
545,6796,6
546,6796,4
547,6796,2
548,6796,1
550,6796,1
556,6796,1
557,6796,1
558,6796,2
559,6796,1
566,6796,1
567,6796,1
568,6796,3
571,6796,1
596,6796,1
611,6796,1
612,6796,1
619,6796,1
620,6796,1
621,6796,1
622,6796,1
623,6796,1
624,6796,3
625,6796,1
632,6796,1
633,6796,1
636,6796,1
659,6796,1
670,6796,1
671,6796,1
672,6796,1
673,6796,1
680,6796,1
681,6796,1
696,6796,1
697,6796,1
698,6796,1
699,6796,1
700,6796,1
701,6796,1
702,6796,1
703,6796,1
704,6796,1
705,6796,1
706,6796,1
707,6796,1
713,6796,1
778,6796,1
779,6796,1
307,6797,1
388,6797,2
389,6797,2
393,6797,1
397,6797,1
403,6797,1
404,6797,1
406,6797,1
407,6797,1
409,6797,1
410,6797,2
411,6797,3
413,6797,1
417,6797,1
418,6797,3
420,6797,1
421,6797,2
422,6797,2
423,6797,1
424,6797,3
425,6797,6
427,6797,1
428,6797,1
429,6797,1
430,6797,2
431,6797,2
435,6797,1
436,6797,2
437,6797,1
439,6797,2
444,6797,2
445,6797,2
447,6797,3
448,6797,2
449,6797,2
454,6797,1
456,6797,1
457,6797,1
458,6797,2
459,6797,2
460,6797,2
461,6797,1
464,6797,1
466,6797,2
467,6797,1
476,6797,1
477,6797,1
478,6797,1
480,6797,2
481,6797,2
483,6797,1
484,6797,1
487,6797,1
489,6797,1
497,6797,1
498,6797,2
499,6797,2
500,6797,3
501,6797,3
502,6797,1
504,6797,1
505,6797,1
509,6797,2
510,6797,1
514,6797,2
515,6797,2
516,6797,3
517,6797,2
518,6797,1
521,6797,1
522,6797,1
525,6797,1
526,6797,4
527,6797,7
528,6797,2
529,6797,3
530,6797,2
531,6797,1
532,6797,1
534,6797,1
536,6797,3
538,6797,2
539,6797,1
540,6797,1
541,6797,2
542,6797,2
544,6797,1
546,6797,4
547,6797,2
548,6797,1
555,6797,1
558,6797,1
559,6797,2
564,6797,2
568,6797,3
569,6797,2
571,6797,1
596,6797,1
600,6797,1
601,6797,1
604,6797,1
605,6797,2
606,6797,1
611,6797,1
619,6797,2
620,6797,3
621,6797,2
631,6797,1
633,6797,1
655,6797,1
713,6797,1
714,6797,1
715,6797,1
716,6797,1
308,6798,1
309,6798,1
389,6798,2
390,6798,2
398,6798,1
401,6798,1
404,6798,1
406,6798,1
407,6798,2
409,6798,1
410,6798,4
411,6798,7
413,6798,1
419,6798,3
421,6798,3
422,6798,2
423,6798,1
424,6798,1
425,6798,4
428,6798,1
430,6798,2
433,6798,1
435,6798,1
436,6798,1
437,6798,1
438,6798,2
439,6798,5
442,6798,1
444,6798,1
445,6798,3
446,6798,2
447,6798,1
448,6798,3
449,6798,2
454,6798,1
456,6798,1
457,6798,1
458,6798,1
460,6798,1
461,6798,1
463,6798,1
464,6798,1
466,6798,1
471,6798,1
472,6798,1
473,6798,1
481,6798,2
482,6798,1
483,6798,1
484,6798,3
485,6798,1
489,6798,2
490,6798,1
496,6798,2
497,6798,1
500,6798,1
501,6798,2
502,6798,1
505,6798,1
508,6798,1
509,6798,2
510,6798,1
512,6798,1
513,6798,1
514,6798,1
517,6798,1
518,6798,1
526,6798,1
527,6798,4
528,6798,5
529,6798,2
530,6798,1
532,6798,1
533,6798,1
536,6798,2
538,6798,1
539,6798,1
540,6798,1
542,6798,1
543,6798,1
545,6798,1
546,6798,2
547,6798,1
548,6798,2
551,6798,1
555,6798,1
556,6798,1
558,6798,3
564,6798,1
566,6798,8
595,6798,2
596,6798,2
600,6798,2
601,6798,1
604,6798,1
614,6798,1
615,6798,1
617,6798,1
618,6798,2
619,6798,2
622,6798,1
623,6798,2
631,6798,1
633,6798,1
634,6798,1
653,6798,1
654,6798,1
390,6799,1
391,6799,1
395,6799,1
398,6799,1
399,6799,1
401,6799,1
404,6799,1
405,6799,1
407,6799,1
409,6799,3
410,6799,3
411,6799,3
412,6799,1
415,6799,1
416,6799,1
418,6799,1
419,6799,2
420,6799,2
421,6799,2
422,6799,3
423,6799,2
425,6799,2
426,6799,1
430,6799,1
432,6799,1
433,6799,2
434,6799,2
435,6799,1
438,6799,1
439,6799,2
440,6799,2
442,6799,1
445,6799,3
446,6799,1
447,6799,1
448,6799,1
449,6799,2
453,6799,1
454,6799,3
464,6799,1
465,6799,1
473,6799,1
476,6799,1
479,6799,1
484,6799,1
485,6799,1
488,6799,1
489,6799,2
491,6799,1
492,6799,1
496,6799,1
497,6799,1
500,6799,3
502,6799,2
503,6799,3
504,6799,3
506,6799,2
507,6799,1
508,6799,1
509,6799,1
510,6799,2
511,6799,2
516,6799,1
517,6799,1
521,6799,1
522,6799,3
527,6799,3
528,6799,5
529,6799,2
530,6799,3
531,6799,2
532,6799,1
533,6799,2
535,6799,3
536,6799,2
537,6799,2
539,6799,1
540,6799,2
541,6799,1
542,6799,3
543,6799,1
546,6799,1
547,6799,1
548,6799,3
549,6799,1
551,6799,1
552,6799,1
553,6799,1
555,6799,2
556,6799,2
558,6799,1
560,6799,1
561,6799,1
563,6799,2
564,6799,2
566,6799,10
568,6799,2
571,6799,1
583,6799,1
594,6799,1
595,6799,2
600,6799,1
601,6799,1
602,6799,1
603,6799,1
606,6799,1
607,6799,1
608,6799,1
616,6799,1
619,6799,1
622,6799,1
623,6799,1
628,6799,1
633,6799,1
644,6799,1
645,6799,1
649,6799,1
650,6799,1
651,6799,1
785,6799,1
787,6799,1
788,6799,1
789,6799,1
397,6800,1
398,6800,1
399,6800,2
401,6800,2
402,6800,1
405,6800,1
406,6800,1
407,6800,1
409,6800,2
410,6800,3
411,6800,1
412,6800,3
413,6800,1
414,6800,1
415,6800,1
419,6800,1
420,6800,1
421,6800,2
422,6800,3
423,6800,1
424,6800,1
426,6800,1
427,6800,2
428,6800,2
429,6800,1
430,6800,1
431,6800,1
432,6800,2
433,6800,2
434,6800,2
435,6800,1
440,6800,5
445,6800,4
446,6800,1
447,6800,1
448,6800,2
449,6800,1
452,6800,1
453,6800,1
454,6800,2
455,6800,2
456,6800,1
459,6800,1
460,6800,1
464,6800,1
475,6800,1
476,6800,2
477,6800,2
478,6800,1
479,6800,1
484,6800,1
485,6800,1
486,6800,1
492,6800,1
493,6800,1
498,6800,1
500,6800,2
501,6800,1
503,6800,3
504,6800,4
505,6800,2
506,6800,2
507,6800,1
508,6800,2
509,6800,1
510,6800,2
511,6800,1
516,6800,2
517,6800,3
518,6800,2
519,6800,1
520,6800,1
522,6800,2
523,6800,1
524,6800,1
528,6800,2
529,6800,4
531,6800,2
533,6800,1
534,6800,1
535,6800,2
536,6800,1
537,6800,4
538,6800,1
539,6800,1
540,6800,2
542,6800,2
543,6800,2
545,6800,1
546,6800,1
547,6800,2
548,6800,1
549,6800,1
552,6800,1
553,6800,4
556,6800,2
558,6800,3
559,6800,2
561,6800,1
563,6800,3
564,6800,2
565,6800,2
566,6800,4
567,6800,1
568,6800,2
569,6800,1
583,6800,1
589,6800,1
591,6800,1
592,6800,1
594,6800,1
595,6800,2
596,6800,1
598,6800,1
599,6800,1
600,6800,1
601,6800,2
602,6800,2
608,6800,1
609,6800,1
615,6800,1
616,6800,2
617,6800,3
618,6800,3
632,6800,1
633,6800,1
636,6800,1
644,6800,1
649,6800,1
789,6800,1
305,6801,1
306,6801,1
307,6801,1
316,6801,1
317,6801,1
318,6801,1
333,6801,1
393,6801,1
394,6801,2
395,6801,2
396,6801,1
398,6801,1
399,6801,2
402,6801,1
403,6801,1
406,6801,1
407,6801,2
408,6801,3
409,6801,1
410,6801,2
411,6801,1
412,6801,2
415,6801,1
417,6801,2
418,6801,2
421,6801,1
426,6801,1
427,6801,4
428,6801,4
429,6801,1
431,6801,1
432,6801,2
433,6801,2
435,6801,2
436,6801,2
440,6801,1
441,6801,1
442,6801,1
446,6801,3
448,6801,2
449,6801,1
456,6801,1
457,6801,1
459,6801,1
460,6801,1
461,6801,1
477,6801,1
479,6801,1
483,6801,1
485,6801,1
486,6801,1
487,6801,1
488,6801,1
492,6801,1
493,6801,1
494,6801,1
496,6801,1
499,6801,1
500,6801,1
501,6801,1
502,6801,1
503,6801,1
504,6801,2
505,6801,2
506,6801,2
507,6801,3
508,6801,2
510,6801,1
511,6801,1
513,6801,1
516,6801,1
517,6801,1
518,6801,3
519,6801,2
520,6801,1
521,6801,1
522,6801,1
524,6801,1
525,6801,1
527,6801,1
528,6801,1
529,6801,3
531,6801,3
532,6801,1
533,6801,3
534,6801,2
535,6801,2
536,6801,3
537,6801,4
538,6801,6
539,6801,1
540,6801,1
541,6801,1
544,6801,1
546,6801,2
547,6801,2
548,6801,2
549,6801,1
550,6801,1
552,6801,1
553,6801,3
554,6801,3
557,6801,1
558,6801,3
559,6801,5
562,6801,1
563,6801,1
564,6801,1
571,6801,1
572,6801,2
576,6801,1
578,6801,1
583,6801,1
590,6801,1
591,6801,1
594,6801,1
595,6801,2
596,6801,1
601,6801,1
602,6801,1
604,6801,1
608,6801,1
609,6801,1
610,6801,1
611,6801,1
612,6801,2
613,6801,2
619,6801,1
620,6801,1
626,6801,1
627,6801,1
628,6801,1
629,6801,1
632,6801,1
633,6801,1
634,6801,1
636,6801,1
668,6801,1
669,6801,1
304,6802,1
305,6802,1
307,6802,1
318,6802,1
333,6802,1
334,6802,1
386,6802,1
393,6802,1
394,6802,1
395,6802,3
396,6802,3
397,6802,1
399,6802,1
400,6802,1
405,6802,1
406,6802,2
407,6802,1
408,6802,2
409,6802,3
410,6802,2
411,6802,4
415,6802,1
416,6802,1
418,6802,1
419,6802,1
420,6802,3
421,6802,1
424,6802,1
426,6802,1
427,6802,3
428,6802,1
429,6802,1
430,6802,2
432,6802,2
433,6802,3
436,6802,2
441,6802,1
442,6802,2
443,6802,1
445,6802,1
446,6802,3
447,6802,2
448,6802,1
449,6802,1
450,6802,1
456,6802,1
457,6802,1
459,6802,1
460,6802,1
476,6802,2
487,6802,1
488,6802,1
489,6802,1
490,6802,1
495,6802,1
496,6802,2
497,6802,1
502,6802,1
505,6802,1
506,6802,1
508,6802,1
511,6802,3
512,6802,1
515,6802,1
523,6802,1
524,6802,2
527,6802,1
528,6802,1
529,6802,1
530,6802,1
531,6802,1
532,6802,1
533,6802,1
534,6802,8
535,6802,9
536,6802,4
537,6802,3
538,6802,4
540,6802,1
543,6802,1
544,6802,2
545,6802,1
546,6802,1
547,6802,3
548,6802,1
552,6802,2
553,6802,1
554,6802,3
555,6802,2
556,6802,1
557,6802,1
558,6802,2
559,6802,6
560,6802,3
562,6802,1
563,6802,2
568,6802,1
569,6802,2
570,6802,1
572,6802,2
574,6802,1
576,6802,1
577,6802,2
578,6802,1
579,6802,1
580,6802,1
581,6802,1
582,6802,1
583,6802,1
584,6802,2
585,6802,1
588,6802,1
589,6802,1
593,6802,1
594,6802,3
595,6802,2
596,6802,1
603,6802,2
604,6802,1
609,6802,1
610,6802,2
611,6802,1
612,6802,1
613,6802,1
614,6802,1
619,6802,1
620,6802,1
622,6802,1
623,6802,1
630,6802,1
653,6802,1
654,6802,1
657,6802,1
659,6802,1
660,6802,1
664,6802,1
698,6802,1
309,6803,1
310,6803,1
311,6803,1
312,6803,1
313,6803,1
326,6803,1
327,6803,2
334,6803,1
394,6803,1
395,6803,1
396,6803,2
397,6803,3
400,6803,1
406,6803,1
407,6803,1
410,6803,1
411,6803,2
413,6803,1
415,6803,1
418,6803,1
419,6803,1
420,6803,3
422,6803,1
423,6803,2
424,6803,2
425,6803,2
426,6803,1
429,6803,1
430,6803,1
431,6803,1
432,6803,2
433,6803,2
436,6803,2
437,6803,1
442,6803,1
443,6803,1
444,6803,1
445,6803,1
447,6803,3
448,6803,1
450,6803,1
459,6803,1
463,6803,2
473,6803,1
475,6803,1
476,6803,1
477,6803,2
478,6803,1
481,6803,1
488,6803,1
490,6803,1
491,6803,1
494,6803,2
495,6803,2
497,6803,1
500,6803,1
501,6803,3
502,6803,1
503,6803,1
506,6803,1
507,6803,1
508,6803,1
512,6803,1
513,6803,1
514,6803,1
515,6803,1
516,6803,1
517,6803,1
518,6803,1
521,6803,3
522,6803,5
524,6803,2
528,6803,1
529,6803,1
532,6803,1
533,6803,2
534,6803,1
535,6803,1
537,6803,3
538,6803,5
539,6803,4
540,6803,1
541,6803,2
542,6803,2
543,6803,2
544,6803,2
545,6803,1
546,6803,2
547,6803,3
548,6803,2
549,6803,1
552,6803,1
553,6803,1
554,6803,4
555,6803,2
556,6803,1
557,6803,3
558,6803,3
559,6803,3
560,6803,1
562,6803,2
563,6803,2
564,6803,2
568,6803,4
569,6803,4
570,6803,1
572,6803,1
573,6803,1
574,6803,1
576,6803,1
577,6803,1
579,6803,1
584,6803,1
585,6803,1
588,6803,1
590,6803,1
591,6803,1
594,6803,2
595,6803,1
598,6803,1
602,6803,3
603,6803,2
605,6803,1
606,6803,1
609,6803,1
610,6803,2
611,6803,1
612,6803,1
613,6803,2
618,6803,2
619,6803,2
620,6803,1
628,6803,1
629,6803,1
641,6803,1
642,6803,1
643,6803,1
654,6803,1
657,6803,1
658,6803,1
659,6803,1
660,6803,1
664,6803,1
676,6803,1
677,6803,1
678,6803,1
679,6803,1
713,6803,1
318,6804,1
319,6804,1
324,6804,1
325,6804,1
326,6804,2
327,6804,3
332,6804,1
333,6804,1
334,6804,2
335,6804,2
336,6804,1
388,6804,1
397,6804,2
398,6804,1
401,6804,1
402,6804,1
405,6804,1
406,6804,2
407,6804,1
409,6804,1
410,6804,2
411,6804,2
412,6804,1
413,6804,2
414,6804,3
415,6804,1
416,6804,1
419,6804,1
420,6804,2
423,6804,1
424,6804,1
425,6804,3
428,6804,1
429,6804,4
430,6804,1
431,6804,2
432,6804,1
433,6804,2
434,6804,1
435,6804,1
436,6804,3
437,6804,1
440,6804,2
441,6804,2
442,6804,2
443,6804,1
444,6804,2
445,6804,2
446,6804,2
449,6804,1
458,6804,1
463,6804,4
464,6804,2
465,6804,1
471,6804,1
472,6804,4
473,6804,2
474,6804,1
475,6804,1
477,6804,1
478,6804,3
479,6804,1
481,6804,1
489,6804,2
491,6804,1
494,6804,2
495,6804,2
496,6804,1
499,6804,1
500,6804,1
501,6804,3
502,6804,1
504,6804,1
506,6804,1
507,6804,1
508,6804,1
512,6804,1
513,6804,2
514,6804,2
515,6804,1
516,6804,2
518,6804,1
519,6804,1
520,6804,1
521,6804,3
522,6804,5
523,6804,4
524,6804,1
528,6804,1
529,6804,2
530,6804,2
531,6804,1
532,6804,1
533,6804,1
534,6804,2
535,6804,1
536,6804,3
537,6804,5
538,6804,3
539,6804,3
541,6804,1
542,6804,2
543,6804,1
544,6804,3
545,6804,2
546,6804,3
547,6804,2
548,6804,3
549,6804,3
550,6804,1
553,6804,1
554,6804,2
555,6804,1
556,6804,2
557,6804,2
558,6804,3
559,6804,1
560,6804,3
562,6804,1
563,6804,2
564,6804,2
565,6804,1
568,6804,1
569,6804,4
570,6804,1
572,6804,1
573,6804,1
581,6804,1
592,6804,1
593,6804,1
595,6804,1
596,6804,1
597,6804,1
598,6804,2
599,6804,1
600,6804,3
601,6804,1
602,6804,3
606,6804,1
607,6804,1
608,6804,1
609,6804,1
610,6804,2
612,6804,1
617,6804,1
618,6804,2
619,6804,1
620,6804,1
621,6804,1
623,6804,1
627,6804,1
632,6804,1
633,6804,1
635,6804,1
637,6804,1
638,6804,1
639,6804,1
674,6804,1
676,6804,1
677,6804,2
679,6804,1
680,6804,1
703,6804,1
704,6804,1
705,6804,1
706,6804,1
723,6804,1
733,6804,1
327,6805,2
329,6805,2
330,6805,1
331,6805,1
332,6805,2
333,6805,1
336,6805,1
337,6805,2
388,6805,1
399,6805,2
402,6805,1
403,6805,1
406,6805,1
407,6805,1
409,6805,4
410,6805,3
413,6805,2
414,6805,2
415,6805,3
416,6805,1
420,6805,2
422,6805,1
424,6805,1
425,6805,1
428,6805,1
429,6805,4
430,6805,2
431,6805,2
432,6805,1
433,6805,1
434,6805,3
435,6805,1
437,6805,1
438,6805,1
440,6805,1
441,6805,2
442,6805,1
443,6805,1
444,6805,2
445,6805,1
446,6805,2
447,6805,1
458,6805,2
459,6805,3
463,6805,1
468,6805,1
475,6805,1
479,6805,2
480,6805,1
482,6805,1
488,6805,1
489,6805,2
493,6805,1
494,6805,1
495,6805,1
496,6805,2
497,6805,1
499,6805,2
500,6805,3
501,6805,2
502,6805,1
503,6805,1
504,6805,2
505,6805,1
506,6805,1
507,6805,1
508,6805,2
509,6805,3
510,6805,1
511,6805,1
512,6805,2
514,6805,3
515,6805,2
516,6805,1
517,6805,1
518,6805,1
519,6805,1
524,6805,3
525,6805,3
529,6805,2
530,6805,4
531,6805,2
532,6805,2
533,6805,1
534,6805,3
535,6805,2
537,6805,3
538,6805,6
539,6805,5
540,6805,3
541,6805,1
542,6805,2
543,6805,2
544,6805,2
545,6805,3
546,6805,2
547,6805,1
548,6805,2
549,6805,4
550,6805,3
551,6805,1
554,6805,1
556,6805,1
557,6805,2
558,6805,2
559,6805,1
560,6805,1
563,6805,1
564,6805,1
565,6805,1
566,6805,1
567,6805,7
569,6805,2
570,6805,2
573,6805,1
580,6805,1
581,6805,1
585,6805,1
586,6805,1
594,6805,2
599,6805,2
600,6805,1
601,6805,2
602,6805,3
604,6805,1
605,6805,1
606,6805,1
607,6805,2
608,6805,1
609,6805,2
610,6805,1
611,6805,1
612,6805,2
613,6805,2
614,6805,3
615,6805,2
616,6805,1
626,6805,1
627,6805,2
628,6805,1
629,6805,1
630,6805,3
631,6805,2
635,6805,2
636,6805,1
638,6805,1
639,6805,1
644,6805,1
645,6805,1
668,6805,1
683,6805,1
684,6805,1
706,6805,1
723,6805,1
724,6805,1
307,6806,1
308,6806,1
311,6806,1
312,6806,1
331,6806,1
332,6806,1
333,6806,1
334,6806,2
337,6806,1
338,6806,1
339,6806,1
398,6806,1
399,6806,2
400,6806,2
401,6806,1
406,6806,1
407,6806,2
408,6806,1
409,6806,1
410,6806,2
411,6806,1
414,6806,2
415,6806,2
416,6806,1
417,6806,2
420,6806,1
421,6806,3
422,6806,1
424,6806,1
426,6806,2
429,6806,2
431,6806,1
432,6806,3
433,6806,2
434,6806,3
435,6806,1
436,6806,1
438,6806,1
440,6806,1
441,6806,1
444,6806,2
445,6806,1
447,6806,1
457,6806,1
458,6806,3
459,6806,3
463,6806,1
466,6806,1
467,6806,1
468,6806,1
469,6806,1
470,6806,2
471,6806,1
472,6806,1
476,6806,1
479,6806,1
480,6806,2
481,6806,1
482,6806,1
483,6806,3
484,6806,3
487,6806,1
489,6806,2
492,6806,1
494,6806,1
495,6806,1
496,6806,1
497,6806,2
498,6806,1
501,6806,3
502,6806,4
504,6806,1
505,6806,1
506,6806,1
509,6806,1
510,6806,2
512,6806,1
513,6806,1
515,6806,2
516,6806,2
517,6806,1
519,6806,2
525,6806,3
526,6806,4
527,6806,1
529,6806,1
530,6806,1
531,6806,3
532,6806,5
533,6806,2
535,6806,2
536,6806,1
537,6806,4
538,6806,5
539,6806,1
540,6806,2
541,6806,2
543,6806,1
546,6806,1
547,6806,1
548,6806,1
549,6806,3
550,6806,2
551,6806,1
552,6806,2
553,6806,2
554,6806,1
558,6806,1
559,6806,1
560,6806,1
561,6806,2
562,6806,1
564,6806,1
565,6806,1
566,6806,1
567,6806,1
568,6806,1
569,6806,1
570,6806,1
573,6806,1
577,6806,1
586,6806,1
587,6806,1
594,6806,2
595,6806,1
597,6806,1
598,6806,1
600,6806,1
601,6806,2
602,6806,1
604,6806,1
606,6806,1
610,6806,1
611,6806,2
612,6806,1
619,6806,1
620,6806,1
621,6806,1
622,6806,1
630,6806,1
631,6806,1
641,6806,1
642,6806,1
660,6806,1
668,6806,1
669,6806,1
691,6806,1
692,6806,1
693,6806,1
694,6806,1
695,6806,1
696,6806,1
706,6806,1
707,6806,1
713,6806,1
307,6807,1
308,6807,1
309,6807,1
336,6807,1
337,6807,2
338,6807,1
339,6807,2
340,6807,2
341,6807,1
394,6807,1
399,6807,1
401,6807,1
402,6807,1
405,6807,1
408,6807,4
409,6807,3
410,6807,2
411,6807,2
418,6807,1
419,6807,1
420,6807,1
421,6807,3
422,6807,2
423,6807,4
424,6807,1
425,6807,1
426,6807,2
427,6807,1
428,6807,1
429,6807,2
432,6807,1
433,6807,1
434,6807,1
435,6807,3
436,6807,1
440,6807,2
444,6807,1
447,6807,1
448,6807,1
450,6807,1
455,6807,1
456,6807,1
457,6807,2
458,6807,1
470,6807,1
471,6807,1
472,6807,1
476,6807,1
480,6807,4
481,6807,2
482,6807,1
483,6807,1
484,6807,2
485,6807,2
486,6807,1
487,6807,1
488,6807,1
489,6807,2
490,6807,1
492,6807,1
494,6807,1
495,6807,1
500,6807,1
501,6807,2
502,6807,4
503,6807,1
504,6807,1
505,6807,1
506,6807,1
507,6807,1
510,6807,2
511,6807,1
522,6807,1
523,6807,2
524,6807,1
525,6807,2
526,6807,6
527,6807,5
528,6807,3
529,6807,2
530,6807,2
531,6807,1
532,6807,3
533,6807,3
535,6807,5
536,6807,3
537,6807,1
538,6807,3
539,6807,1
540,6807,1
541,6807,3
542,6807,1
543,6807,1
544,6807,5
545,6807,2
547,6807,2
548,6807,1
549,6807,1
550,6807,2
552,6807,2
553,6807,2
554,6807,2
556,6807,1
558,6807,1
559,6807,1
560,6807,1
561,6807,4
562,6807,2
566,6807,2
567,6807,3
568,6807,2
576,6807,1
577,6807,2
579,6807,1
580,6807,1
581,6807,1
583,6807,1
584,6807,1
585,6807,1
595,6807,1
599,6807,1
601,6807,2
602,6807,2
603,6807,2
604,6807,2
605,6807,2
606,6807,1
607,6807,1
608,6807,1
609,6807,1
617,6807,1
619,6807,1
620,6807,1
621,6807,1
622,6807,1
624,6807,1
631,6807,1
632,6807,1
633,6807,1
640,6807,1
641,6807,1
659,6807,1
660,6807,1
693,6807,1
711,6807,1
712,6807,1
713,6807,1
715,6807,1
338,6808,1
339,6808,2
340,6808,1
393,6808,1
394,6808,1
398,6808,1
401,6808,2
405,6808,1
406,6808,2
408,6808,3
409,6808,2
410,6808,1
411,6808,2
412,6808,2
416,6808,1
417,6808,1
420,6808,1
421,6808,2
422,6808,1
423,6808,2
425,6808,2
426,6808,2
427,6808,1
429,6808,2
430,6808,1
431,6808,2
433,6808,2
434,6808,2
435,6808,2
436,6808,1
437,6808,1
438,6808,2
439,6808,1
440,6808,2
441,6808,2
444,6808,2
445,6808,1
446,6808,2
451,6808,1
452,6808,1
453,6808,1
454,6808,1
455,6808,3
456,6808,2
457,6808,1
463,6808,1
474,6808,1
476,6808,1
477,6808,1
480,6808,2
481,6808,5
482,6808,1
483,6808,1
484,6808,1
486,6808,1
487,6808,2
489,6808,1
490,6808,2
491,6808,1
492,6808,1
494,6808,1
495,6808,1
496,6808,1
497,6808,2
501,6808,2
502,6808,3
503,6808,3
504,6808,3
505,6808,1
507,6808,1
510,6808,1
515,6808,1
516,6808,2
522,6808,1
523,6808,1
524,6808,1
526,6808,2
527,6808,5
528,6808,3
529,6808,2
532,6808,2
533,6808,2
536,6808,4
537,6808,3
538,6808,1
539,6808,4
540,6808,4
541,6808,3
542,6808,2
544,6808,3
545,6808,3
546,6808,1
547,6808,2
548,6808,2
549,6808,3
550,6808,3
551,6808,1
552,6808,2
553,6808,2
554,6808,1
556,6808,2
558,6808,1
559,6808,3
560,6808,3
561,6808,3
562,6808,5
563,6808,2
564,6808,3
565,6808,2
567,6808,1
575,6808,1
576,6808,1
578,6808,2
579,6808,1
580,6808,1
581,6808,1
582,6808,1
583,6808,1
586,6808,1
587,6808,1
588,6808,2
593,6808,1
594,6808,2
595,6808,2
596,6808,2
597,6808,2
598,6808,1
599,6808,1
600,6808,1
601,6808,1
602,6808,1
603,6808,1
604,6808,1
605,6808,4
606,6808,4
607,6808,2
608,6808,1
615,6808,1
616,6808,2
617,6808,2
618,6808,1
619,6808,1
624,6808,1
694,6808,1
695,6808,1
696,6808,1
716,6808,1
717,6808,1
718,6808,1
719,6808,1
772,6808,1
773,6808,1
330,6809,1
331,6809,1
335,6809,1
341,6809,4
342,6809,3
343,6809,1
344,6809,1
347,6809,1
348,6809,1
393,6809,1
398,6809,1
399,6809,1
401,6809,2
402,6809,3
406,6809,1
407,6809,1
408,6809,1
410,6809,1
412,6809,4
413,6809,4
417,6809,4
418,6809,2
420,6809,1
421,6809,2
422,6809,4
425,6809,2
427,6809,2
428,6809,2
429,6809,2
430,6809,1
431,6809,1
432,6809,2
433,6809,1
434,6809,1
435,6809,1
436,6809,1
438,6809,2
439,6809,1
440,6809,1
441,6809,1
442,6809,1
443,6809,1
444,6809,1
445,6809,2
448,6809,1
455,6809,1
456,6809,1
457,6809,1
458,6809,1
462,6809,1
463,6809,1
465,6809,1
466,6809,1
471,6809,4
472,6809,4
473,6809,2
474,6809,2
475,6809,2
476,6809,1
477,6809,1
478,6809,2
479,6809,1
481,6809,1
482,6809,2
483,6809,1
487,6809,1
488,6809,1
489,6809,2
490,6809,2
491,6809,3
492,6809,2
493,6809,1
494,6809,1
495,6809,1
496,6809,2
497,6809,3
498,6809,3
500,6809,1
501,6809,1
502,6809,2
503,6809,4
504,6809,2
505,6809,2
511,6809,1
512,6809,1
513,6809,1
515,6809,1
516,6809,1
517,6809,1
518,6809,1
519,6809,1
520,6809,2
521,6809,1
522,6809,1
523,6809,2
524,6809,1
526,6809,4
527,6809,4
528,6809,4
529,6809,1
531,6809,4
532,6809,2
533,6809,1
534,6809,2
535,6809,1
536,6809,1
538,6809,3
539,6809,5
540,6809,7
541,6809,3
542,6809,4
544,6809,3
545,6809,2
546,6809,2
547,6809,2
549,6809,1
550,6809,1
551,6809,3
552,6809,3
553,6809,2
557,6809,1
558,6809,1
559,6809,2
560,6809,1
561,6809,2
562,6809,5
563,6809,3
565,6809,1
566,6809,1
570,6809,1
571,6809,1
572,6809,1
573,6809,2
574,6809,1
578,6809,1
585,6809,1
586,6809,1
588,6809,1
589,6809,1
590,6809,1
591,6809,1
592,6809,2
593,6809,1
594,6809,2
595,6809,2
602,6809,1
604,6809,1
622,6809,1
625,6809,1
626,6809,1
627,6809,1
696,6809,1
697,6809,1
702,6809,1
719,6809,1
720,6809,1
721,6809,1
740,6809,1
294,6810,1
335,6810,1
336,6810,1
338,6810,1
339,6810,1
344,6810,1
345,6810,1
346,6810,2
348,6810,1
396,6810,1
402,6810,3
403,6810,1
405,6810,1
406,6810,1
407,6810,1
408,6810,2
410,6810,1
411,6810,2
412,6810,3
413,6810,5
417,6810,3
418,6810,2
420,6810,1
421,6810,1
422,6810,2
423,6810,2
425,6810,2
426,6810,1
427,6810,2
428,6810,4
429,6810,4
431,6810,2
432,6810,1
435,6810,1
436,6810,1
438,6810,1
439,6810,1
440,6810,2
441,6810,1
442,6810,2
443,6810,1
444,6810,1
445,6810,2
448,6810,3
449,6810,1
450,6810,1
454,6810,1
455,6810,1
461,6810,1
462,6810,2
463,6810,1
464,6810,1
465,6810,2
466,6810,2
467,6810,1
468,6810,1
469,6810,3
470,6810,3
471,6810,4
472,6810,6
473,6810,8
474,6810,6
475,6810,5
476,6810,1
477,6810,1
478,6810,1
479,6810,1
480,6810,2
482,6810,2
483,6810,4
484,6810,2
485,6810,1
488,6810,1
492,6810,2
493,6810,2
494,6810,2
495,6810,3
496,6810,1
497,6810,1
498,6810,2
501,6810,1
502,6810,3
503,6810,3
504,6810,2
505,6810,3
506,6810,2
507,6810,2
511,6810,1
513,6810,2
514,6810,2
515,6810,1
516,6810,1
517,6810,1
518,6810,1
519,6810,1
520,6810,3
521,6810,2
522,6810,1
524,6810,1
526,6810,2
528,6810,2
529,6810,3
530,6810,1
531,6810,5
532,6810,4
533,6810,3
534,6810,1
535,6810,1
536,6810,1
537,6810,1
538,6810,1
539,6810,5
540,6810,4
541,6810,2
542,6810,5
543,6810,6
544,6810,3
545,6810,5
546,6810,2
548,6810,2
550,6810,1
551,6810,3
552,6810,3
553,6810,1
555,6810,1
556,6810,1
557,6810,1
558,6810,3
559,6810,1
560,6810,4
561,6810,3
562,6810,1
565,6810,1
566,6810,1
569,6810,1
570,6810,1
572,6810,1
573,6810,2
574,6810,3
575,6810,2
578,6810,1
586,6810,1
588,6810,1
592,6810,1
596,6810,1
597,6810,1
598,6810,1
599,6810,1
600,6810,2
601,6810,1
602,6810,1
622,6810,1
623,6810,1
702,6810,1
703,6810,1
736,6810,1
737,6810,1
813,6810,1
814,6810,1
826,6810,1
336,6811,1
337,6811,1
338,6811,1
340,6811,2
341,6811,1
344,6811,2
345,6811,1
346,6811,2
347,6811,1
390,6811,1
391,6811,1
394,6811,1
395,6811,1
397,6811,2
402,6811,1
403,6811,1
405,6811,1
406,6811,1
408,6811,1
411,6811,2
412,6811,2
413,6811,2
414,6811,3
416,6811,1
417,6811,2
418,6811,3
419,6811,2
420,6811,1
421,6811,2
422,6811,2
423,6811,4
424,6811,2
425,6811,1
426,6811,2
427,6811,1
428,6811,3
429,6811,4
430,6811,1
431,6811,4
432,6811,4
433,6811,1
436,6811,1
437,6811,3
438,6811,2
440,6811,1
442,6811,3
443,6811,1
444,6811,2
445,6811,3
446,6811,2
447,6811,1
448,6811,3
449,6811,1
453,6811,1
454,6811,1
459,6811,1
460,6811,2
461,6811,2
462,6811,1
464,6811,2
465,6811,1
467,6811,1
468,6811,1
469,6811,2
470,6811,1
475,6811,1
476,6811,2
477,6811,2
478,6811,1
480,6811,1
481,6811,2
484,6811,3
485,6811,2
486,6811,2
487,6811,2
488,6811,3
489,6811,1
490,6811,2
491,6811,2
496,6811,2
497,6811,2
498,6811,2
499,6811,1
500,6811,1
503,6811,3
504,6811,3
505,6811,3
506,6811,3
507,6811,3
509,6811,1
510,6811,1
511,6811,1
512,6811,1
515,6811,1
516,6811,1
517,6811,2
518,6811,1
519,6811,1
520,6811,2
521,6811,2
522,6811,1
523,6811,3
524,6811,3
527,6811,1
528,6811,1
529,6811,1
530,6811,2
531,6811,3
532,6811,5
533,6811,3
534,6811,3
535,6811,2
537,6811,2
539,6811,1
540,6811,3
541,6811,2
542,6811,3
543,6811,4
544,6811,3
545,6811,1
546,6811,3
548,6811,3
549,6811,1
550,6811,1
551,6811,1
552,6811,3
553,6811,3
555,6811,2
556,6811,4
557,6811,4
558,6811,2
559,6811,3
560,6811,3
561,6811,3
562,6811,2
563,6811,3
565,6811,2
566,6811,1
567,6811,4
568,6811,3
569,6811,1
571,6811,2
572,6811,2
574,6811,1
578,6811,1
579,6811,1
584,6811,1
585,6811,2
586,6811,2
587,6811,1
589,6811,1
590,6811,2
591,6811,1
595,6811,1
596,6811,3
597,6811,2
598,6811,2
599,6811,1
600,6811,1
604,6811,1
605,6811,1
606,6811,1
614,6811,1
615,6811,1
733,6811,2
734,6811,2
735,6811,1
756,6811,1
834,6811,1
835,6811,1
338,6812,1
339,6812,1
344,6812,1
345,6812,2
346,6812,4
347,6812,2
348,6812,2
349,6812,2
365,6812,1
366,6812,1
391,6812,1
392,6812,1
393,6812,1
397,6812,2
398,6812,2
399,6812,2
402,6812,1
403,6812,1
405,6812,1
406,6812,1
407,6812,1
408,6812,1
409,6812,2
411,6812,1
412,6812,2
413,6812,2
414,6812,4
416,6812,1
417,6812,4
418,6812,5
419,6812,4
420,6812,2
421,6812,1
422,6812,2
423,6812,2
424,6812,3
425,6812,2
426,6812,1
427,6812,2
428,6812,2
429,6812,1
430,6812,2
431,6812,1
433,6812,1
436,6812,1
437,6812,1
438,6812,1
439,6812,2
440,6812,2
442,6812,2
443,6812,1
444,6812,1
445,6812,3
446,6812,1
448,6812,1
453,6812,1
454,6812,1
455,6812,1
456,6812,1
460,6812,1
461,6812,2
462,6812,1
463,6812,2
464,6812,2
465,6812,2
466,6812,1
469,6812,1
476,6812,1
477,6812,1
478,6812,2
479,6812,2
480,6812,2
481,6812,1
483,6812,1
484,6812,1
485,6812,2
486,6812,3
487,6812,2
488,6812,1
489,6812,3
490,6812,2
494,6812,1
495,6812,2
496,6812,1
497,6812,1
499,6812,2
503,6812,3
504,6812,3
505,6812,2
506,6812,1
507,6812,2
508,6812,1
509,6812,1
510,6812,1
517,6812,2
518,6812,1
519,6812,2
520,6812,2
521,6812,1
522,6812,1
524,6812,3
525,6812,1
526,6812,1
527,6812,1
528,6812,1
529,6812,2
530,6812,2
531,6812,1
532,6812,4
533,6812,7
534,6812,1
535,6812,1
536,6812,3
537,6812,2
538,6812,1
539,6812,3
540,6812,4
541,6812,2
542,6812,3
543,6812,1
544,6812,4
545,6812,2
546,6812,2
547,6812,1
548,6812,1
549,6812,2
550,6812,1
552,6812,4
553,6812,3
554,6812,2
555,6812,2
556,6812,2
557,6812,3
559,6812,2
560,6812,4
561,6812,3
562,6812,2
563,6812,2
564,6812,1
566,6812,1
567,6812,1
569,6812,2
572,6812,1
573,6812,1
574,6812,1
578,6812,1
584,6812,2
585,6812,2
586,6812,2
589,6812,2
591,6812,1
593,6812,1
594,6812,1
595,6812,2
597,6812,1
599,6812,1
600,6812,2
601,6812,2
602,6812,1
603,6812,1
604,6812,1
621,6812,1
731,6812,1
732,6812,1
733,6812,1
734,6812,1
797,6812,1
798,6812,1
835,6812,1
339,6813,1
344,6813,1
345,6813,2
346,6813,1
347,6813,1
348,6813,1
349,6813,2
350,6813,1
352,6813,1
366,6813,1
367,6813,1
390,6813,1
394,6813,1
399,6813,2
400,6813,1
406,6813,1
407,6813,1
409,6813,2
411,6813,1
412,6813,1
413,6813,1
414,6813,1
415,6813,2
418,6813,4
419,6813,3
420,6813,1
422,6813,1
423,6813,1
424,6813,2
425,6813,1
426,6813,2
427,6813,1
428,6813,1
432,6813,1
436,6813,1
438,6813,1
439,6813,1
440,6813,2
442,6813,3
443,6813,2
444,6813,1
445,6813,2
446,6813,2
447,6813,2
448,6813,1
449,6813,1
453,6813,1
455,6813,1
456,6813,2
457,6813,1
458,6813,1
460,6813,1
461,6813,2
462,6813,1
463,6813,1
464,6813,1
465,6813,1
466,6813,1
475,6813,1
476,6813,1
478,6813,1
479,6813,1
480,6813,1
481,6813,1
482,6813,1
483,6813,1
485,6813,3
486,6813,1
487,6813,1
488,6813,1
489,6813,2
490,6813,3
491,6813,1
492,6813,1
495,6813,2
496,6813,2
497,6813,1
498,6813,1
501,6813,1
502,6813,1
504,6813,2
505,6813,1
506,6813,1
508,6813,4
509,6813,4
513,6813,1
514,6813,2
515,6813,1
516,6813,1
517,6813,2
518,6813,2
520,6813,5
521,6813,2
526,6813,1
527,6813,1
528,6813,2
529,6813,2
530,6813,7
531,6813,4
532,6813,2
533,6813,4
534,6813,3
535,6813,1
536,6813,1
537,6813,2
538,6813,1
539,6813,1
540,6813,2
541,6813,1
542,6813,1
544,6813,1
545,6813,2
546,6813,2
548,6813,1
549,6813,3
550,6813,1
552,6813,4
553,6813,2
554,6813,2
556,6813,1
557,6813,1
559,6813,1
562,6813,3
563,6813,1
564,6813,1
567,6813,1
569,6813,3
573,6813,1
578,6813,1
579,6813,1
583,6813,1
584,6813,2
585,6813,2
586,6813,1
587,6813,1
588,6813,1
589,6813,2
594,6813,1
595,6813,1
598,6813,2
599,6813,2
600,6813,1
601,6813,1
611,6813,1
612,6813,1
613,6813,1
348,6814,2
349,6814,3
350,6814,5
352,6814,1
353,6814,1
356,6814,1
367,6814,1
390,6814,1
394,6814,1
395,6814,1
399,6814,1
400,6814,1
406,6814,2
409,6814,1
410,6814,1
411,6814,1
413,6814,3
414,6814,2
415,6814,2
418,6814,1
419,6814,4
420,6814,4
421,6814,1
423,6814,2
424,6814,4
425,6814,3
427,6814,1
428,6814,1
429,6814,1
430,6814,1
432,6814,1
433,6814,1
436,6814,2
438,6814,1
439,6814,1
440,6814,3
441,6814,2
442,6814,2
444,6814,2
445,6814,1
446,6814,1
447,6814,2
448,6814,1
454,6814,1
456,6814,2
457,6814,1
465,6814,1
469,6814,1
481,6814,1
482,6814,1
483,6814,2
484,6814,2
485,6814,2
486,6814,1
487,6814,2
488,6814,1
494,6814,1
495,6814,1
496,6814,4
501,6814,1
502,6814,1
503,6814,1
504,6814,3
505,6814,2
506,6814,1
507,6814,1
508,6814,1
510,6814,1
511,6814,2
514,6814,1
515,6814,1
516,6814,2
517,6814,2
518,6814,1
520,6814,3
521,6814,2
522,6814,1
523,6814,1
524,6814,1
527,6814,2
528,6814,2
529,6814,1
530,6814,3
531,6814,2
532,6814,4
533,6814,4
534,6814,5
535,6814,1
536,6814,1
537,6814,2
539,6814,4
540,6814,2
541,6814,4
542,6814,1
545,6814,4
546,6814,2
549,6814,2
550,6814,1
552,6814,3
553,6814,2
554,6814,1
555,6814,2
556,6814,2
557,6814,1
559,6814,1
562,6814,2
563,6814,1
564,6814,1
565,6814,1
566,6814,1
567,6814,1
568,6814,1
569,6814,2
575,6814,2
576,6814,1
578,6814,1
579,6814,1
580,6814,1
583,6814,1
584,6814,1
585,6814,1
590,6814,1
591,6814,1
593,6814,1
595,6814,1
596,6814,1
597,6814,1
609,6814,1
841,6814,1
842,6814,1
843,6814,1
846,6814,1
847,6814,1
350,6815,4
351,6815,2
352,6815,1
356,6815,1
357,6815,1
358,6815,1
393,6815,1
394,6815,1
406,6815,3
407,6815,2
410,6815,1
412,6815,1
413,6815,1
414,6815,3
415,6815,3
416,6815,1
417,6815,1
419,6815,2
420,6815,2
422,6815,1
424,6815,3
425,6815,3
426,6815,2
427,6815,1
428,6815,1
429,6815,2
430,6815,2
432,6815,1
433,6815,2
434,6815,1
436,6815,1
439,6815,1
441,6815,2
442,6815,4
443,6815,3
444,6815,3
447,6815,1
448,6815,2
449,6815,1
453,6815,3
454,6815,2
455,6815,1
460,6815,1
462,6815,1
463,6815,1
464,6815,1
465,6815,1
466,6815,1
468,6815,1
469,6815,2
470,6815,2
477,6815,1
482,6815,2
484,6815,1
485,6815,2
486,6815,1
487,6815,2
488,6815,1
489,6815,1
490,6815,2
491,6815,2
492,6815,2
494,6815,1
495,6815,2
497,6815,1
498,6815,2
499,6815,1
501,6815,3
503,6815,1
504,6815,2
505,6815,1
506,6815,1
507,6815,1
508,6815,2
509,6815,1
510,6815,1
511,6815,2
513,6815,1
515,6815,1
517,6815,2
518,6815,3
519,6815,1
520,6815,2
521,6815,1
522,6815,3
523,6815,1
527,6815,1
528,6815,2
529,6815,1
530,6815,2
531,6815,3
532,6815,8
533,6815,6
534,6815,5
535,6815,2
536,6815,2
537,6815,2
538,6815,1
539,6815,3
540,6815,3
541,6815,7
542,6815,3
543,6815,1
545,6815,1
546,6815,1
547,6815,2
548,6815,1
549,6815,3
550,6815,1
552,6815,1
553,6815,4
554,6815,2
555,6815,4
556,6815,1
557,6815,1
559,6815,1
560,6815,2
562,6815,1
563,6815,3
564,6815,5
565,6815,1
569,6815,3
573,6815,1
574,6815,1
575,6815,2
576,6815,2
577,6815,1
578,6815,1
579,6815,2
580,6815,1
585,6815,2
586,6815,1
590,6815,1
591,6815,1
592,6815,1
593,6815,1
595,6815,1
596,6815,1
843,6815,1
845,6815,1
846,6815,1
349,6816,2
350,6816,3
351,6816,2
352,6816,1
353,6816,1
358,6816,2
359,6816,2
399,6816,1
400,6816,1
406,6816,2
407,6816,2
410,6816,1
414,6816,1
415,6816,1
416,6816,3
417,6816,1
418,6816,1
419,6816,2
420,6816,3
422,6816,1
423,6816,1
424,6816,1
425,6816,4
426,6816,1
427,6816,3
428,6816,1
429,6816,1
430,6816,2
432,6816,1
433,6816,1
434,6816,2
435,6816,1
437,6816,1
440,6816,1
441,6816,1
442,6816,1
443,6816,4
444,6816,2
446,6816,1
447,6816,1
448,6816,1
449,6816,1
450,6816,1
452,6816,1
454,6816,1
455,6816,2
456,6816,1
457,6816,1
458,6816,3
459,6816,3
460,6816,3
461,6816,1
462,6816,2
463,6816,1
464,6816,1
468,6816,1
469,6816,1
471,6816,1
472,6816,2
473,6816,2
474,6816,1
475,6816,1
480,6816,1
481,6816,1
482,6816,3
483,6816,2
484,6816,1
488,6816,1
489,6816,3
490,6816,1
491,6816,1
492,6816,2
495,6816,1
496,6816,1
497,6816,1
501,6816,3
503,6816,2
504,6816,1
505,6816,1
508,6816,1
511,6816,3
512,6816,1
513,6816,2
514,6816,2
515,6816,1
516,6816,1
517,6816,2
518,6816,3
519,6816,2
520,6816,2
521,6816,1
522,6816,1
523,6816,1
527,6816,1
529,6816,1
530,6816,2
531,6816,2
532,6816,4
533,6816,6
534,6816,9
535,6816,4
536,6816,1
537,6816,4
538,6816,3
539,6816,2
540,6816,3
541,6816,16
542,6816,2
543,6816,1
545,6816,1
546,6816,1
547,6816,2
548,6816,2
549,6816,5
550,6816,1
551,6816,1
552,6816,2
553,6816,3
554,6816,3
555,6816,5
556,6816,2
559,6816,2
560,6816,1
563,6816,2
564,6816,3
569,6816,1
575,6816,1
577,6816,1
579,6816,2
580,6816,2
584,6816,1
585,6816,3
586,6816,2
587,6816,4
588,6816,1
589,6816,2
590,6816,4
591,6816,3
345,6817,1
346,6817,1
350,6817,2
352,6817,3
353,6817,1
359,6817,2
386,6817,1
403,6817,1
407,6817,2
408,6817,2
410,6817,1
411,6817,1
412,6817,1
416,6817,2
417,6817,4
418,6817,2
419,6817,4
420,6817,4
421,6817,3
422,6817,1
423,6817,1
425,6817,2
426,6817,1
427,6817,4
428,6817,4
429,6817,1
430,6817,2
431,6817,1
433,6817,2
434,6817,1
436,6817,1
437,6817,1
440,6817,3
443,6817,4
444,6817,3
447,6817,1
448,6817,1
449,6817,1
451,6817,1
453,6817,2
454,6817,1
458,6817,1
459,6817,2
460,6817,1
474,6817,1
476,6817,1
477,6817,1
483,6817,2
485,6817,1
489,6817,1
495,6817,1
496,6817,1
497,6817,1
501,6817,1
502,6817,2
503,6817,1
504,6817,1
506,6817,2
507,6817,1
508,6817,1
509,6817,1
511,6817,1
512,6817,2
513,6817,2
514,6817,1
515,6817,1
516,6817,1
517,6817,2
518,6817,2
519,6817,3
520,6817,1
521,6817,3
522,6817,2
523,6817,1
530,6817,2
531,6817,2
532,6817,1
533,6817,1
534,6817,4
535,6817,6
536,6817,3
537,6817,2
538,6817,2
539,6817,2
540,6817,2
541,6817,5
542,6817,5
543,6817,2
545,6817,1
547,6817,1
548,6817,2
549,6817,5
550,6817,5
551,6817,2
552,6817,3
553,6817,1
554,6817,3
555,6817,6
556,6817,3
557,6817,1
558,6817,1
559,6817,1
563,6817,2
564,6817,5
565,6817,4
566,6817,1
567,6817,2
568,6817,1
571,6817,1
572,6817,2
573,6817,1
574,6817,3
575,6817,1
576,6817,1
577,6817,1
579,6817,1
580,6817,1
581,6817,3
582,6817,2
583,6817,2
584,6817,3
585,6817,5
586,6817,4
587,6817,1
589,6817,1
594,6817,1
346,6818,1
347,6818,1
350,6818,2
351,6818,2
352,6818,2
353,6818,2
359,6818,2
360,6818,2
362,6818,1
363,6818,1
373,6818,1
374,6818,2
386,6818,1
387,6818,1
396,6818,1
405,6818,1
407,6818,1
408,6818,4
409,6818,1
411,6818,2
417,6818,4
418,6818,4
419,6818,1
420,6818,1
421,6818,2
422,6818,1
423,6818,2
424,6818,1
426,6818,3
427,6818,2
428,6818,2
429,6818,4
430,6818,1
431,6818,2
432,6818,2
433,6818,1
434,6818,1
436,6818,1
437,6818,1
439,6818,1
440,6818,2
441,6818,1
442,6818,1
443,6818,1
444,6818,2
447,6818,1
450,6818,1
452,6818,1
453,6818,2
458,6818,1
459,6818,1
461,6818,1
476,6818,1
477,6818,1
478,6818,1
479,6818,1
480,6818,1
482,6818,1
483,6818,3
484,6818,1
492,6818,1
494,6818,1
495,6818,2
496,6818,2
497,6818,1
498,6818,2
499,6818,1
500,6818,1
501,6818,1
502,6818,1
503,6818,1
506,6818,1
507,6818,1
508,6818,1
513,6818,1
514,6818,1
515,6818,3
516,6818,3
517,6818,2
518,6818,2
519,6818,3
520,6818,2
522,6818,1
523,6818,2
524,6818,1
527,6818,1
528,6818,2
529,6818,1
530,6818,1
531,6818,1
532,6818,1
533,6818,5
534,6818,1
535,6818,3
536,6818,5
537,6818,3
538,6818,1
539,6818,3
540,6818,4
541,6818,8
542,6818,10
543,6818,3
544,6818,3
545,6818,2
546,6818,1
548,6818,1
549,6818,2
550,6818,4
551,6818,4
552,6818,2
553,6818,1
554,6818,2
555,6818,2
556,6818,1
557,6818,1
558,6818,2
559,6818,3
560,6818,2
561,6818,2
562,6818,3
563,6818,1
564,6818,1
565,6818,4
566,6818,3
567,6818,2
568,6818,10
570,6818,1
571,6818,3
572,6818,1
573,6818,2
574,6818,2
575,6818,1
576,6818,3
577,6818,3
578,6818,1
579,6818,3
580,6818,7
581,6818,7
582,6818,7
583,6818,6
584,6818,2
587,6818,1
593,6818,1
594,6818,1
347,6819,1
350,6819,1
351,6819,1
352,6819,1
353,6819,2
354,6819,2
355,6819,1
360,6819,2
364,6819,1
365,6819,1
374,6819,1
375,6819,1
378,6819,1
379,6819,1
381,6819,1
382,6819,1
387,6819,1
396,6819,1
402,6819,1
405,6819,1
406,6819,1
407,6819,1
408,6819,1
409,6819,3
411,6819,1
412,6819,1
417,6819,1
418,6819,4
419,6819,3
420,6819,4
421,6819,4
422,6819,1
424,6819,1
425,6819,3
426,6819,3
427,6819,1
429,6819,2
430,6819,2
432,6819,1
434,6819,1
435,6819,2
436,6819,2
437,6819,1
438,6819,1
439,6819,1
440,6819,1
441,6819,2
442,6819,1
444,6819,3
445,6819,5
447,6819,1
448,6819,3
449,6819,2
450,6819,1
451,6819,2
453,6819,1
456,6819,1
457,6819,1
458,6819,3
459,6819,1
461,6819,1
466,6819,1
467,6819,1
468,6819,1
479,6819,1
480,6819,2
481,6819,3
482,6819,2
483,6819,2
484,6819,2
485,6819,1
486,6819,1
487,6819,1
494,6819,1
495,6819,1
496,6819,1
498,6819,4
499,6819,4
500,6819,4
501,6819,2
502,6819,2
503,6819,6
504,6819,2
506,6819,1
507,6819,1
508,6819,1
510,6819,1
511,6819,1
512,6819,1
513,6819,1
517,6819,1
518,6819,3
519,6819,3
520,6819,1
521,6819,1
523,6819,2
524,6819,4
525,6819,1
529,6819,2
530,6819,3
531,6819,2
532,6819,1
534,6819,2
535,6819,1
536,6819,2
537,6819,1
538,6819,2
539,6819,1
540,6819,1
541,6819,6
542,6819,8
543,6819,7
544,6819,2
545,6819,4
546,6819,4
547,6819,1
548,6819,1
549,6819,2
550,6819,2
551,6819,4
552,6819,3
553,6819,2
554,6819,1
555,6819,3
556,6819,2
558,6819,4
559,6819,4
560,6819,2
561,6819,1
563,6819,5
564,6819,2
565,6819,7
566,6819,2
567,6819,1
568,6819,11
571,6819,1
573,6819,1
574,6819,1
575,6819,2
576,6819,2
577,6819,2
578,6819,1
579,6819,4
580,6819,6
581,6819,1
583,6819,1
587,6819,1
589,6819,1
590,6819,1
591,6819,1
603,6819,1
604,6819,1
605,6819,1
616,6819,1
349,6820,1
350,6820,1
351,6820,2
354,6820,1
355,6820,1
361,6820,1
365,6820,1
366,6820,1
367,6820,1
371,6820,1
372,6820,1
375,6820,1
376,6820,1
382,6820,1
383,6820,1
384,6820,1
397,6820,1
402,6820,1
403,6820,1
404,6820,1
406,6820,1
407,6820,1
409,6820,3
410,6820,3
412,6820,1
414,6820,1
415,6820,2
418,6820,2
419,6820,1
420,6820,4
421,6820,4
422,6820,1
423,6820,2
424,6820,2
425,6820,1
426,6820,5
427,6820,2
428,6820,1
430,6820,2
435,6820,1
436,6820,2
437,6820,1
438,6820,4
439,6820,1
440,6820,2
441,6820,4
442,6820,2
443,6820,2
444,6820,2
445,6820,7
446,6820,2
447,6820,2
448,6820,2
450,6820,2
451,6820,3
452,6820,1
455,6820,1
456,6820,2
457,6820,1
461,6820,1
469,6820,1
477,6820,1
478,6820,1
481,6820,1
482,6820,5
483,6820,2
484,6820,1
485,6820,1
486,6820,1
489,6820,1
491,6820,1
499,6820,1
501,6820,1
502,6820,2
503,6820,4
504,6820,4
505,6820,3
506,6820,2
508,6820,1
511,6820,1
518,6820,1
519,6820,5
520,6820,1
521,6820,1
522,6820,2
523,6820,1
524,6820,3
525,6820,2
526,6820,2
530,6820,1
531,6820,1
532,6820,1
533,6820,1
534,6820,3
537,6820,1
538,6820,3
539,6820,2
541,6820,1
542,6820,4
543,6820,3
544,6820,3
545,6820,3
546,6820,7
547,6820,1
549,6820,1
550,6820,2
551,6820,1
552,6820,2
553,6820,3
554,6820,1
555,6820,2
556,6820,4
557,6820,2
558,6820,5
559,6820,2
560,6820,2
562,6820,1
563,6820,3
564,6820,4
565,6820,4
566,6820,4
567,6820,2
568,6820,6
571,6820,2
572,6820,2
574,6820,1
577,6820,1
578,6820,3
579,6820,1
580,6820,1
582,6820,1
354,6821,2
355,6821,1
358,6821,1
378,6821,1
379,6821,2
387,6821,1
397,6821,1
398,6821,2
404,6821,1
405,6821,2
409,6821,1
410,6821,5
411,6821,1
412,6821,1
414,6821,1
415,6821,2
416,6821,1
417,6821,1
418,6821,1
420,6821,1
421,6821,4
422,6821,5
423,6821,3
424,6821,5
425,6821,1
426,6821,3
427,6821,3
428,6821,1
429,6821,1
430,6821,4
436,6821,2
437,6821,1
438,6821,3
439,6821,2
440,6821,1
441,6821,3
442,6821,1
444,6821,1
445,6821,2
446,6821,3
447,6821,3
448,6821,2
449,6821,1
450,6821,5
451,6821,2
452,6821,1
453,6821,1
457,6821,1
469,6821,1
470,6821,1
473,6821,1
477,6821,1
478,6821,1
482,6821,1
484,6821,1
485,6821,1
488,6821,1
489,6821,1
490,6821,2
491,6821,1
497,6821,1
498,6821,1
501,6821,1
502,6821,1
503,6821,3
504,6821,3
505,6821,3
506,6821,2
507,6821,4
508,6821,1
509,6821,1
513,6821,1
519,6821,4
520,6821,4
521,6821,3
522,6821,2
523,6821,2
524,6821,1
526,6821,5
532,6821,1
534,6821,3
535,6821,2
538,6821,2
539,6821,2
540,6821,1
541,6821,2
542,6821,4
543,6821,2
544,6821,2
545,6821,1
546,6821,4
547,6821,1
550,6821,4
551,6821,3
552,6821,2
553,6821,2
554,6821,2
555,6821,1
556,6821,5
557,6821,3
558,6821,6
559,6821,4
560,6821,1
561,6821,1
562,6821,2
563,6821,3
564,6821,3
565,6821,2
566,6821,5
567,6821,1
568,6821,2
569,6821,2
570,6821,2
571,6821,1
572,6821,2
573,6821,1
574,6821,2
575,6821,1
576,6821,2
577,6821,3
578,6821,3
581,6821,1
582,6821,1
585,6821,1
350,6822,1
351,6822,1
354,6822,3
355,6822,3
357,6822,1
358,6822,2
359,6822,1
369,6822,1
370,6822,1
379,6822,4
380,6822,3
381,6822,2
387,6822,1
398,6822,1
399,6822,2
405,6822,1
406,6822,1
410,6822,4
411,6822,8
412,6822,2
413,6822,1
416,6822,1
417,6822,2
418,6822,2
421,6822,3
422,6822,2
423,6822,1
424,6822,5
425,6822,3
427,6822,3
429,6822,2
430,6822,4
431,6822,2
436,6822,6
437,6822,1
438,6822,3
439,6822,3
440,6822,1
441,6822,2
443,6822,1
444,6822,4
445,6822,2
446,6822,2
448,6822,1
449,6822,1
451,6822,1
453,6822,1
455,6822,1
467,6822,1
473,6822,1
474,6822,1
475,6822,1
484,6822,1
485,6822,2
489,6822,1
490,6822,6
491,6822,4
494,6822,1
495,6822,1
496,6822,1
503,6822,1
504,6822,1
505,6822,2
506,6822,1
507,6822,4
508,6822,1
509,6822,4
510,6822,5
511,6822,6
512,6822,1
513,6822,1
514,6822,1
519,6822,3
520,6822,1
521,6822,2
523,6822,1
524,6822,1
525,6822,1
526,6822,2
527,6822,3
528,6822,3
529,6822,1
530,6822,2
531,6822,2
532,6822,2
534,6822,1
535,6822,1
536,6822,1
537,6822,2
538,6822,1
540,6822,1
541,6822,1
542,6822,5
543,6822,4
544,6822,2
545,6822,3
546,6822,3
547,6822,4
548,6822,1
550,6822,2
551,6822,2
552,6822,3
553,6822,5
555,6822,1
556,6822,4
557,6822,2
558,6822,2
559,6822,6
560,6822,5
561,6822,2
562,6822,1
563,6822,1
564,6822,2
565,6822,2
566,6822,3
567,6822,2
568,6822,3
569,6822,3
570,6822,1
572,6822,1
573,6822,2
574,6822,2
576,6822,2
578,6822,3
579,6822,1
580,6822,1
585,6822,1
592,6822,1
608,6822,1
609,6822,1
611,6822,1
348,6823,1
351,6823,1
352,6823,1
353,6823,3
354,6823,2
355,6823,4
356,6823,3
358,6823,3
359,6823,6
360,6823,5
361,6823,2
365,6823,1
369,6823,1
370,6823,1
371,6823,1
380,6823,1
381,6823,2
382,6823,2
399,6823,2
400,6823,3
401,6823,2
405,6823,1
406,6823,1
411,6823,5
412,6823,4
413,6823,1
415,6823,1
417,6823,1
418,6823,2
421,6823,4
422,6823,5
423,6823,1
424,6823,3
425,6823,2
426,6823,1
427,6823,4
428,6823,1
429,6823,1
430,6823,3
431,6823,2
432,6823,1
433,6823,1
434,6823,1
435,6823,1
436,6823,5
437,6823,2
438,6823,2
439,6823,2
443,6823,2
444,6823,3
445,6823,2
446,6823,2
447,6823,1
449,6823,1
455,6823,1
460,6823,1
466,6823,1
467,6823,2
468,6823,2
475,6823,1
485,6823,3
486,6823,1
488,6823,1
489,6823,1
490,6823,1
491,6823,2
492,6823,1
493,6823,2
494,6823,1
495,6823,1
496,6823,2
497,6823,2
498,6823,2
499,6823,1
502,6823,2
503,6823,2
507,6823,1
508,6823,1
509,6823,1
510,6823,2
511,6823,2
512,6823,3
513,6823,4
514,6823,1
515,6823,1
516,6823,1
518,6823,1
519,6823,2
520,6823,1
524,6823,1
525,6823,1
526,6823,2
527,6823,1
528,6823,3
529,6823,3
530,6823,1
534,6823,1
535,6823,1
537,6823,1
538,6823,3
539,6823,1
540,6823,1
541,6823,2
542,6823,2
543,6823,4
544,6823,1
545,6823,6
546,6823,11
547,6823,9
548,6823,6
549,6823,1
550,6823,1
551,6823,1
553,6823,1
554,6823,1
555,6823,1
556,6823,3
557,6823,2
558,6823,2
559,6823,4
560,6823,7
561,6823,1
562,6823,3
563,6823,2
564,6823,3
565,6823,5
566,6823,7
567,6823,2
568,6823,3
569,6823,3
570,6823,2
572,6823,1
574,6823,1
575,6823,2
576,6823,1
577,6823,2
578,6823,1
579,6823,2
580,6823,2
584,6823,1
585,6823,1
587,6823,1
588,6823,1
589,6823,1
590,6823,1
591,6823,1
592,6823,1
594,6823,1
595,6823,1
596,6823,1
597,6823,1
605,6823,1
355,6824,1
356,6824,1
357,6824,1
360,6824,3
362,6824,1
363,6824,1
364,6824,2
365,6824,1
369,6824,1
370,6824,1
371,6824,1
372,6824,1
374,6824,1
375,6824,1
382,6824,1
383,6824,1
386,6824,1
400,6824,1
401,6824,2
402,6824,1
406,6824,1
408,6824,1
409,6824,1
411,6824,1
412,6824,2
413,6824,2
415,6824,1
421,6824,4
422,6824,4
423,6824,1
424,6824,2
425,6824,2
426,6824,2
427,6824,4
428,6824,3
430,6824,1
431,6824,3
432,6824,1
438,6824,1
439,6824,1
440,6824,1
441,6824,1
442,6824,2
443,6824,3
444,6824,1
445,6824,1
446,6824,2
447,6824,1
448,6824,1
449,6824,1
454,6824,2
455,6824,2
456,6824,1
458,6824,1
459,6824,1
460,6824,2
461,6824,1
462,6824,1
468,6824,1
469,6824,1
476,6824,1
482,6824,1
483,6824,2
485,6824,2
486,6824,1
489,6824,1
490,6824,2
495,6824,1
496,6824,2
497,6824,3
498,6824,2
499,6824,2
500,6824,2
502,6824,1
503,6824,1
504,6824,2
505,6824,3
510,6824,1
511,6824,1
512,6824,2
513,6824,2
514,6824,1
515,6824,2
516,6824,2
519,6824,1
520,6824,3
521,6824,3
522,6824,2
526,6824,1
527,6824,1
528,6824,1
529,6824,4
530,6824,4
531,6824,1
532,6824,2
534,6824,1
535,6824,1
536,6824,1
538,6824,1
539,6824,2
540,6824,1
541,6824,1
542,6824,1
543,6824,2
545,6824,4
546,6824,11
547,6824,8
548,6824,6
549,6824,4
550,6824,3
551,6824,4
552,6824,2
556,6824,3
557,6824,3
558,6824,2
559,6824,3
560,6824,4
561,6824,2
562,6824,3
563,6824,3
564,6824,7
565,6824,7
566,6824,3
567,6824,5
568,6824,1
570,6824,1
571,6824,1
572,6824,1
573,6824,1
574,6824,4
575,6824,2
577,6824,1
578,6824,1
584,6824,2
585,6824,1
589,6824,1
590,6824,1
593,6824,1
604,6824,1
605,6824,1
353,6825,1
357,6825,3
358,6825,2
359,6825,1
362,6825,1
363,6825,1
364,6825,1
365,6825,1
366,6825,1
367,6825,1
368,6825,1
370,6825,1
371,6825,1
376,6825,1
377,6825,1
380,6825,1
384,6825,2
385,6825,2
390,6825,1
402,6825,1
404,6825,1
406,6825,1
407,6825,1
413,6825,2
414,6825,2
416,6825,1
417,6825,1
418,6825,2
419,6825,1
421,6825,3
422,6825,6
423,6825,4
424,6825,1
425,6825,3
426,6825,3
427,6825,4
428,6825,7
429,6825,1
430,6825,1
434,6825,1
435,6825,2
438,6825,2
439,6825,1
440,6825,2
441,6825,1
442,6825,2
443,6825,1
446,6825,1
447,6825,1
448,6825,2
449,6825,1
455,6825,3
456,6825,2
459,6825,1
460,6825,1
464,6825,1
465,6825,1
466,6825,1
467,6825,1
470,6825,1
471,6825,1
478,6825,1
479,6825,1
481,6825,1
482,6825,2
483,6825,1
485,6825,3
486,6825,1
490,6825,1
495,6825,1
496,6825,1
497,6825,2
499,6825,1
500,6825,1
501,6825,3
502,6825,1
503,6825,2
504,6825,1
505,6825,1
506,6825,1
507,6825,1
508,6825,1
509,6825,1
512,6825,1
513,6825,1
514,6825,2
515,6825,5
516,6825,5
517,6825,3
520,6825,3
521,6825,2
522,6825,2
523,6825,3
524,6825,2
525,6825,1
526,6825,1
530,6825,3
531,6825,4
532,6825,3
533,6825,5
534,6825,4
535,6825,1
536,6825,1
539,6825,1
540,6825,2
544,6825,2
545,6825,1
546,6825,3
547,6825,5
548,6825,4
549,6825,7
550,6825,6
551,6825,6
552,6825,1
554,6825,1
555,6825,2
556,6825,3
557,6825,4
558,6825,5
559,6825,3
560,6825,1
561,6825,4
562,6825,1
564,6825,1
565,6825,1
566,6825,1
567,6825,2
568,6825,6
569,6825,4
570,6825,1
572,6825,1
573,6825,1
574,6825,3
579,6825,1
580,6825,1
583,6825,1
584,6825,2
603,6825,1
604,6825,1
353,6826,2
354,6826,2
355,6826,2
356,6826,1
357,6826,1
358,6826,2
359,6826,2
362,6826,2
363,6826,2
366,6826,1
367,6826,1
368,6826,5
369,6826,1
370,6826,1
371,6826,3
372,6826,1
377,6826,1
378,6826,2
379,6826,1
380,6826,1
383,6826,1
390,6826,1
391,6826,1
405,6826,1
407,6826,1
408,6826,1
412,6826,1
413,6826,1
414,6826,1
415,6826,2
416,6826,1
418,6826,1
419,6826,2
420,6826,2
421,6826,4
422,6826,5
423,6826,3
424,6826,1
425,6826,1
426,6826,4
427,6826,4
428,6826,5
429,6826,2
436,6826,1
437,6826,1
441,6826,2
442,6826,3
443,6826,1
444,6826,1
445,6826,2
447,6826,4
448,6826,2
449,6826,1
451,6826,1
452,6826,1
453,6826,1
454,6826,1
455,6826,1
478,6826,1
481,6826,1
482,6826,1
485,6826,3
486,6826,3
487,6826,2
488,6826,2
491,6826,1
492,6826,1
493,6826,1
494,6826,1
495,6826,1
496,6826,2
497,6826,1
498,6826,2
499,6826,1
502,6826,2
503,6826,2
504,6826,2
506,6826,2
507,6826,1
508,6826,1
509,6826,4
510,6826,1
512,6826,1
514,6826,1
515,6826,1
516,6826,3
517,6826,5
518,6826,1
519,6826,3
520,6826,4
521,6826,3
522,6826,2
524,6826,1
525,6826,3
526,6826,4
531,6826,1
532,6826,1
533,6826,1
534,6826,3
535,6826,4
536,6826,1
537,6826,1
538,6826,1
539,6826,1
540,6826,9
542,6826,2
543,6826,1
544,6826,4
545,6826,2
546,6826,2
547,6826,3
548,6826,5
549,6826,2
550,6826,8
551,6826,6
553,6826,2
554,6826,2
555,6826,2
556,6826,3
557,6826,3
558,6826,6
559,6826,2
560,6826,1
561,6826,2
562,6826,5
563,6826,1
565,6826,3
566,6826,2
567,6826,1
568,6826,3
569,6826,5
572,6826,1
573,6826,3
574,6826,2
575,6826,1
580,6826,1
581,6826,2
354,6827,3
355,6827,2
357,6827,1
358,6827,1
359,6827,2
360,6827,1
363,6827,2
364,6827,2
365,6827,1
366,6827,1
369,6827,2
370,6827,1
371,6827,4
372,6827,3
374,6827,1
376,6827,1
382,6827,1
383,6827,1
384,6827,1
387,6827,1
388,6827,1
389,6827,1
391,6827,1
392,6827,1
406,6827,1
407,6827,1
408,6827,1
409,6827,1
412,6827,1
413,6827,1
415,6827,1
416,6827,2
417,6827,2
418,6827,3
419,6827,1
420,6827,2
421,6827,1
422,6827,2
423,6827,3
424,6827,2
425,6827,1
426,6827,3
427,6827,6
428,6827,3
429,6827,1
430,6827,1
431,6827,4
432,6827,3
435,6827,1
436,6827,2
437,6827,1
440,6827,1
441,6827,3
442,6827,1
447,6827,4
449,6827,1
450,6827,1
451,6827,1
456,6827,1
458,6827,1
459,6827,1
464,6827,1
465,6827,1
466,6827,1
468,6827,1
469,6827,1
473,6827,1
476,6827,1
482,6827,1
483,6827,1
485,6827,2
488,6827,1
496,6827,1
497,6827,1
499,6827,3
500,6827,2
504,6827,1
506,6827,1
507,6827,1
509,6827,1
510,6827,2
511,6827,4
512,6827,2
513,6827,2
514,6827,2
515,6827,1
517,6827,1
519,6827,2
520,6827,1
522,6827,3
523,6827,2
524,6827,2
525,6827,2
526,6827,3
527,6827,2
529,6827,1
531,6827,1
532,6827,1
533,6827,1
534,6827,1
535,6827,2
536,6827,1
538,6827,1
539,6827,2
540,6827,9
541,6827,6
542,6827,1
544,6827,1
545,6827,1
546,6827,2
547,6827,5
548,6827,4
549,6827,5
550,6827,11
551,6827,4
552,6827,4
553,6827,2
554,6827,2
555,6827,2
556,6827,1
557,6827,3
558,6827,5
559,6827,3
560,6827,1
561,6827,4
562,6827,5
563,6827,3
564,6827,6
565,6827,3
566,6827,3
567,6827,4
568,6827,10
569,6827,12
570,6827,1
571,6827,2
572,6827,2
573,6827,2
574,6827,1
576,6827,2
577,6827,2
578,6827,1
579,6827,1
585,6827,1
586,6827,1
354,6828,2
355,6828,2
356,6828,2
357,6828,1
359,6828,1
360,6828,3
365,6828,2
366,6828,3
367,6828,2
368,6828,2
369,6828,1
370,6828,2
371,6828,1
373,6828,5
374,6828,3
375,6828,1
377,6828,1
378,6828,1
379,6828,1
380,6828,1
381,6828,1
382,6828,1
383,6828,2
384,6828,1
389,6828,1
390,6828,1
391,6828,2
392,6828,1
393,6828,1
407,6828,1
408,6828,2
409,6828,1
410,6828,1
411,6828,1
414,6828,2
415,6828,2
416,6828,3
417,6828,1
418,6828,2
420,6828,2
421,6828,3
422,6828,2
423,6828,3
427,6828,4
428,6828,2
429,6828,3
430,6828,2
431,6828,3
432,6828,3
435,6828,1
436,6828,2
437,6828,1
439,6828,2
440,6828,1
441,6828,1
442,6828,2
443,6828,1
445,6828,1
447,6828,5
448,6828,4
449,6828,3
450,6828,3
451,6828,3
452,6828,1
453,6828,1
454,6828,1
456,6828,2
458,6828,1
469,6828,1
471,6828,1
476,6828,1
480,6828,1
481,6828,1
483,6828,1
484,6828,2
485,6828,1
487,6828,2
488,6828,1
490,6828,1
492,6828,1
496,6828,1
497,6828,2
499,6828,2
501,6828,1
505,6828,1
507,6828,1
511,6828,1
512,6828,2
513,6828,2
514,6828,3
515,6828,5
516,6828,1
517,6828,1
518,6828,1
519,6828,1
520,6828,1
521,6828,3
522,6828,3
523,6828,6
524,6828,6
525,6828,3
526,6828,1
527,6828,2
528,6828,2
529,6828,1
531,6828,1
532,6828,1
533,6828,1
534,6828,2
535,6828,1
536,6828,2
537,6828,3
538,6828,1
541,6828,3
542,6828,2
543,6828,1
544,6828,1
545,6828,3
546,6828,3
547,6828,3
548,6828,4
549,6828,5
550,6828,11
551,6828,11
552,6828,7
553,6828,6
554,6828,8
555,6828,2
556,6828,1
558,6828,4
560,6828,4
561,6828,5
562,6828,3
563,6828,3
564,6828,2
565,6828,2
566,6828,6
567,6828,4
569,6828,10
570,6828,2
571,6828,1
573,6828,2
576,6828,3
577,6828,1
581,6828,1
585,6828,1
356,6829,1
357,6829,1
360,6829,3
361,6829,2
362,6829,2
366,6829,2
367,6829,1
368,6829,1
369,6829,2
370,6829,1
371,6829,1
372,6829,1
373,6829,2
374,6829,1
375,6829,1
376,6829,1
377,6829,2
378,6829,2
379,6829,4
380,6829,3
381,6829,3
382,6829,2
384,6829,1
389,6829,1
390,6829,1
391,6829,3
393,6829,1
394,6829,1
408,6829,2
409,6829,2
410,6829,1
411,6829,1
412,6829,1
414,6829,5
415,6829,5
416,6829,1
417,6829,2
418,6829,3
419,6829,2
420,6829,1
421,6829,3
422,6829,3
423,6829,3
424,6829,2
425,6829,2
426,6829,1
427,6829,4
428,6829,3
429,6829,4
430,6829,1
431,6829,3
432,6829,3
436,6829,2
437,6829,2
438,6829,1
440,6829,1
442,6829,2
443,6829,2
444,6829,2
445,6829,4
446,6829,1
447,6829,4
448,6829,9
449,6829,3
450,6829,1
451,6829,1
454,6829,1
456,6829,2
476,6829,1
480,6829,2
481,6829,1
484,6829,1
485,6829,1
490,6829,1
497,6829,1
501,6829,1
502,6829,1
505,6829,1
510,6829,1
511,6829,1
512,6829,1
514,6829,1
515,6829,1
519,6829,1
520,6829,2
521,6829,3
522,6829,5
523,6829,3
524,6829,7
525,6829,3
526,6829,1
527,6829,3
528,6829,2
529,6829,3
530,6829,4
531,6829,2
534,6829,2
535,6829,1
536,6829,2
537,6829,4
538,6829,1
539,6829,2
540,6829,3
541,6829,5
542,6829,6
543,6829,6
544,6829,3
545,6829,3
546,6829,7
547,6829,5
548,6829,4
549,6829,5
550,6829,1
551,6829,7
552,6829,8
553,6829,3
554,6829,5
555,6829,5
556,6829,5
557,6829,5
558,6829,3
559,6829,4
560,6829,8
561,6829,4
562,6829,4
563,6829,6
564,6829,3
565,6829,1
566,6829,7
567,6829,2
568,6829,2
569,6829,8
570,6829,2
571,6829,2
572,6829,2
573,6829,1
577,6829,1
579,6829,1
581,6829,1
586,6829,1
587,6829,1
357,6830,1
358,6830,2
360,6830,1
361,6830,4
362,6830,5
363,6830,1
364,6830,1
365,6830,1
375,6830,1
376,6830,2
377,6830,3
378,6830,1
379,6830,2
380,6830,2
381,6830,2
382,6830,2
386,6830,1
387,6830,1
388,6830,1
391,6830,1
392,6830,1
393,6830,1
394,6830,2
395,6830,1
409,6830,1
411,6830,1
412,6830,2
413,6830,1
415,6830,2
417,6830,1
418,6830,2
419,6830,4
420,6830,1
421,6830,2
422,6830,4
423,6830,2
424,6830,2
425,6830,3
426,6830,1
427,6830,2
428,6830,2
429,6830,4
430,6830,2
431,6830,2
432,6830,3
433,6830,1
437,6830,1
440,6830,1
441,6830,1
442,6830,1
443,6830,3
445,6830,3
446,6830,1
447,6830,6
448,6830,5
449,6830,3
450,6830,2
451,6830,1
454,6830,1
466,6830,1
467,6830,1
468,6830,1
471,6830,1
476,6830,1
477,6830,1
478,6830,1
479,6830,1
480,6830,1
481,6830,1
482,6830,1
484,6830,1
490,6830,1
492,6830,2
493,6830,3
497,6830,2
498,6830,1
502,6830,1
503,6830,1
506,6830,1
521,6830,1
522,6830,3
523,6830,3
524,6830,2
526,6830,1
527,6830,3
528,6830,3
529,6830,1
530,6830,2
531,6830,3
532,6830,2
534,6830,2
535,6830,1
537,6830,2
538,6830,1
539,6830,1
540,6830,2
541,6830,4
542,6830,6
543,6830,4
544,6830,2
545,6830,2
546,6830,1
547,6830,4
548,6830,1
549,6830,1
550,6830,2
551,6830,3
552,6830,4
553,6830,8
554,6830,2
555,6830,7
556,6830,5
557,6830,5
558,6830,3
559,6830,2
560,6830,2
561,6830,7
562,6830,5
563,6830,7
564,6830,2
565,6830,1
566,6830,6
567,6830,1
568,6830,3
569,6830,1
571,6830,1
573,6830,1
574,6830,2
577,6830,2
579,6830,1
580,6830,3
362,6831,1
363,6831,1
364,6831,1
365,6831,1
366,6831,1
367,6831,1
368,6831,2
369,6831,2
371,6831,1
372,6831,1
374,6831,1
375,6831,1
377,6831,1
378,6831,1
379,6831,1
380,6831,2
381,6831,2
382,6831,1
385,6831,1
386,6831,2
388,6831,1
389,6831,1
390,6831,1
395,6831,1
396,6831,3
397,6831,4
408,6831,1
409,6831,2
412,6831,1
413,6831,1
416,6831,4
417,6831,1
418,6831,2
419,6831,4
420,6831,1
422,6831,2
423,6831,7
424,6831,5
425,6831,2
426,6831,2
427,6831,3
428,6831,6
429,6831,1
430,6831,1
431,6831,1
432,6831,2
433,6831,1
435,6831,1
437,6831,2
438,6831,1
440,6831,1
442,6831,1
443,6831,5
444,6831,1
445,6831,2
446,6831,1
447,6831,4
448,6831,2
449,6831,1
450,6831,1
451,6831,1
454,6831,1
466,6831,1
478,6831,1
479,6831,2
480,6831,1
486,6831,2
489,6831,1
490,6831,1
492,6831,1
493,6831,2
494,6831,1
495,6831,2
497,6831,1
503,6831,1
504,6831,1
505,6831,1
506,6831,1
514,6831,1
515,6831,1
520,6831,1
521,6831,1
524,6831,1
525,6831,3
526,6831,3
527,6831,2
528,6831,4
529,6831,2
532,6831,3
533,6831,3
534,6831,3
535,6831,3
536,6831,3
537,6831,3
538,6831,4
539,6831,2
540,6831,1
542,6831,4
543,6831,6
544,6831,2
545,6831,8
546,6831,8
547,6831,5
548,6831,5
552,6831,4
553,6831,3
554,6831,1
555,6831,1
556,6831,6
557,6831,5
558,6831,5
559,6831,3
560,6831,3
561,6831,8
562,6831,8
563,6831,6
564,6831,4
565,6831,1
566,6831,3
567,6831,3
568,6831,3
569,6831,2
570,6831,2
571,6831,2
573,6831,1
574,6831,2
577,6831,3
579,6831,1
580,6831,3
581,6831,1
584,6831,1
363,6832,1
364,6832,1
365,6832,1
368,6832,1
369,6832,1
372,6832,1
373,6832,1
378,6832,2
379,6832,2
380,6832,4
381,6832,4
382,6832,3
386,6832,4
387,6832,4
388,6832,3
389,6832,1
390,6832,3
391,6832,1
392,6832,1
393,6832,1
394,6832,1
396,6832,1
397,6832,5
398,6832,3
407,6832,1
408,6832,1
413,6832,2
416,6832,5
417,6832,3
418,6832,3
419,6832,3
420,6832,4
421,6832,1
422,6832,1
423,6832,4
424,6832,6
425,6832,3
426,6832,2
427,6832,2
428,6832,2
429,6832,3
430,6832,3
432,6832,3
433,6832,2
434,6832,1
435,6832,1
437,6832,1
438,6832,1
439,6832,3
440,6832,3
441,6832,2
442,6832,1
443,6832,3
444,6832,1
445,6832,2
446,6832,4
447,6832,5
448,6832,3
449,6832,1
450,6832,1
451,6832,1
456,6832,1
457,6832,1
466,6832,1
467,6832,1
476,6832,1
477,6832,1
479,6832,1
483,6832,1
484,6832,1
485,6832,2
486,6832,2
488,6832,1
489,6832,2
490,6832,1
495,6832,1
497,6832,2
498,6832,1
501,6832,1
502,6832,2
503,6832,1
508,6832,1
509,6832,3
510,6832,3
517,6832,1
518,6832,1
519,6832,1
520,6832,1
521,6832,1
522,6832,1
523,6832,1
526,6832,1
527,6832,2
528,6832,4
529,6832,2
530,6832,5
531,6832,4
532,6832,5
533,6832,2
534,6832,5
535,6832,5
536,6832,4
537,6832,2
538,6832,3
539,6832,3
540,6832,4
542,6832,1
543,6832,3
544,6832,3
545,6832,2
546,6832,10
547,6832,6
548,6832,4
549,6832,3
551,6832,1
552,6832,5
553,6832,4
554,6832,1
555,6832,4
556,6832,4
557,6832,14
558,6832,3
559,6832,2
560,6832,3
561,6832,3
562,6832,5
563,6832,5
564,6832,8
565,6832,2
566,6832,1
567,6832,2
568,6832,4
569,6832,6
571,6832,3
572,6832,1
573,6832,4
575,6832,2
576,6832,1
580,6832,1
584,6832,1
585,6832,1
357,6833,1
358,6833,1
359,6833,2
360,6833,2
364,6833,3
365,6833,1
372,6833,1
373,6833,1
375,6833,1
376,6833,2
380,6833,1
381,6833,1
382,6833,5
383,6833,5
387,6833,1
388,6833,2
389,6833,3
390,6833,3
391,6833,3
392,6833,1
397,6833,1
398,6833,2
405,6833,1
406,6833,1
407,6833,1
408,6833,1
410,6833,1
412,6833,1
413,6833,3
414,6833,2
417,6833,1
418,6833,4
419,6833,2
420,6833,1
421,6833,2
422,6833,2
423,6833,6
424,6833,4
425,6833,3
426,6833,2
427,6833,2
428,6833,1
429,6833,3
430,6833,3
431,6833,1
432,6833,2
433,6833,1
434,6833,1
437,6833,1
438,6833,2
439,6833,3
440,6833,3
441,6833,4
443,6833,1
444,6833,1
446,6833,3
447,6833,2
448,6833,2
450,6833,2
451,6833,1
452,6833,2
456,6833,1
457,6833,1
458,6833,1
464,6833,1
475,6833,1
484,6833,2
485,6833,2
488,6833,1
489,6833,2
490,6833,1
494,6833,1
495,6833,2
496,6833,1
497,6833,1
498,6833,1
506,6833,1
507,6833,1
508,6833,2
509,6833,3
510,6833,3
511,6833,1
512,6833,1
519,6833,2
520,6833,1
521,6833,1
523,6833,1
524,6833,1
525,6833,2
527,6833,2
528,6833,4
529,6833,7
530,6833,11
531,6833,8
532,6833,7
533,6833,7
534,6833,2
535,6833,3
536,6833,1
537,6833,2
538,6833,1
539,6833,2
540,6833,4
541,6833,2
542,6833,2
543,6833,1
544,6833,4
545,6833,5
546,6833,4
547,6833,10
548,6833,7
549,6833,4
550,6833,4
551,6833,4
552,6833,1
553,6833,2
554,6833,3
555,6833,4
556,6833,4
557,6833,11
558,6833,4
559,6833,9
560,6833,3
561,6833,1
562,6833,3
563,6833,2
564,6833,4
565,6833,2
566,6833,4
567,6833,4
568,6833,5
569,6833,4
570,6833,2
571,6833,4
572,6833,3
573,6833,3
575,6833,2
576,6833,2
580,6833,1
584,6833,1
585,6833,1
357,6834,1
359,6834,3
360,6834,3
361,6834,3
362,6834,1
364,6834,1
365,6834,1
366,6834,2
367,6834,1
370,6834,1
371,6834,1
372,6834,3
373,6834,1
375,6834,2
376,6834,3
377,6834,1
381,6834,1
382,6834,1
383,6834,4
385,6834,1
386,6834,4
387,6834,3
389,6834,5
390,6834,5
391,6834,3
392,6834,2
393,6834,1
394,6834,3
395,6834,1
402,6834,1
408,6834,1
409,6834,2
410,6834,2
411,6834,2
412,6834,2
413,6834,1
417,6834,1
418,6834,3
419,6834,1
420,6834,1
421,6834,4
422,6834,3
423,6834,5
424,6834,3
425,6834,3
426,6834,6
427,6834,5
428,6834,3
429,6834,2
430,6834,5
431,6834,5
432,6834,1
437,6834,2
438,6834,2
439,6834,3
440,6834,1
441,6834,2
443,6834,1
444,6834,1
446,6834,1
447,6834,5
448,6834,2
449,6834,2
450,6834,4
451,6834,1
452,6834,3
453,6834,1
456,6834,1
457,6834,1
464,6834,1
465,6834,1
484,6834,3
485,6834,2
488,6834,1
490,6834,1
491,6834,1
492,6834,1
494,6834,1
495,6834,2
496,6834,1
499,6834,1
505,6834,1
507,6834,1
511,6834,1
512,6834,1
513,6834,1
514,6834,1
515,6834,2
518,6834,1
519,6834,1
523,6834,3
524,6834,3
525,6834,3
526,6834,3
527,6834,1
528,6834,2
529,6834,5
530,6834,6
531,6834,6
532,6834,5
533,6834,7
534,6834,4
535,6834,1
536,6834,3
537,6834,1
538,6834,3
539,6834,6
540,6834,6
541,6834,6
542,6834,6
543,6834,3
544,6834,2
545,6834,2
546,6834,5
547,6834,6
548,6834,13
549,6834,4
550,6834,3
551,6834,1
552,6834,2
553,6834,3
554,6834,6
555,6834,4
556,6834,1
557,6834,8
558,6834,4
559,6834,12
560,6834,8
561,6834,3
562,6834,2
563,6834,2
564,6834,3
565,6834,6
566,6834,3
567,6834,4
568,6834,4
569,6834,1
571,6834,2
572,6834,3
573,6834,2
574,6834,1
575,6834,2
576,6834,2
579,6834,2
580,6834,3
581,6834,2
583,6834,1
584,6834,1
357,6835,1
359,6835,1
360,6835,1
361,6835,2
362,6835,1
367,6835,1
368,6835,2
370,6835,2
372,6835,1
375,6835,1
376,6835,1
377,6835,3
378,6835,4
379,6835,2
381,6835,2
382,6835,2
383,6835,1
384,6835,2
385,6835,1
386,6835,2
387,6835,3
390,6835,3
391,6835,4
392,6835,3
393,6835,3
394,6835,5
395,6835,7
396,6835,4
397,6835,2
398,6835,2
399,6835,1
400,6835,1
403,6835,1
404,6835,1
410,6835,1
411,6835,1
412,6835,2
413,6835,1
418,6835,4
421,6835,3
422,6835,3
423,6835,4
424,6835,5
425,6835,5
426,6835,3
427,6835,7
428,6835,3
429,6835,3
430,6835,4
431,6835,6
432,6835,5
436,6835,1
437,6835,2
443,6835,1
444,6835,2
446,6835,3
447,6835,2
449,6835,1
450,6835,1
451,6835,1
452,6835,3
453,6835,1
456,6835,1
470,6835,1
471,6835,1
483,6835,1
484,6835,2
485,6835,1
490,6835,1
491,6835,1
494,6835,1
496,6835,2
497,6835,3
498,6835,1
511,6835,1
512,6835,1
513,6835,2
514,6835,1
515,6835,1
516,6835,2
517,6835,2
518,6835,1
519,6835,1
521,6835,1
522,6835,3
523,6835,3
524,6835,4
525,6835,2
527,6835,4
528,6835,4
529,6835,6
530,6835,8
531,6835,4
532,6835,3
533,6835,5
534,6835,4
535,6835,4
536,6835,1
538,6835,2
539,6835,9
540,6835,5
541,6835,3
542,6835,4
543,6835,1
544,6835,2
545,6835,3
546,6835,4
547,6835,6
548,6835,8
549,6835,9
550,6835,2
551,6835,1
552,6835,3
553,6835,3
554,6835,3
555,6835,1
556,6835,1
557,6835,4
558,6835,5
559,6835,5
560,6835,5
561,6835,3
562,6835,4
563,6835,5
564,6835,3
565,6835,6
566,6835,2
567,6835,1
568,6835,4
569,6835,2
572,6835,2
573,6835,4
574,6835,4
577,6835,1
579,6835,1
580,6835,1
581,6835,2
582,6835,1
583,6835,2
360,6836,1
367,6836,1
368,6836,1
370,6836,2
371,6836,1
372,6836,1
378,6836,2
379,6836,2
380,6836,2
381,6836,2
384,6836,2
385,6836,1
386,6836,1
387,6836,1
388,6836,1
390,6836,1
394,6836,4
395,6836,2
396,6836,4
397,6836,3
398,6836,5
399,6836,6
400,6836,2
402,6836,1
403,6836,1
404,6836,1
405,6836,2
406,6836,2
412,6836,1
418,6836,3
419,6836,4
420,6836,2
423,6836,3
424,6836,4
425,6836,3
426,6836,4
427,6836,2
428,6836,5
429,6836,2
430,6836,3
431,6836,6
432,6836,5
433,6836,2
434,6836,2
435,6836,1
437,6836,1
438,6836,2
439,6836,1
440,6836,1
441,6836,1
442,6836,1
443,6836,2
444,6836,1
446,6836,3
447,6836,2
448,6836,5
449,6836,1
450,6836,1
451,6836,2
452,6836,2
453,6836,2
454,6836,1
455,6836,2
456,6836,1
462,6836,1
463,6836,1
474,6836,1
483,6836,1
488,6836,3
489,6836,1
490,6836,1
491,6836,1
492,6836,1
493,6836,1
497,6836,3
498,6836,2
499,6836,1
504,6836,1
505,6836,1
506,6836,1
512,6836,1
513,6836,1
517,6836,1
518,6836,2
519,6836,1
520,6836,1
523,6836,1
524,6836,1
530,6836,1
531,6836,2
532,6836,2
533,6836,5
534,6836,3
535,6836,4
536,6836,3
538,6836,2
539,6836,1
540,6836,4
541,6836,3
542,6836,2
543,6836,4
544,6836,6
545,6836,4
546,6836,3
547,6836,2
548,6836,4
549,6836,2
550,6836,2
551,6836,4
552,6836,5
553,6836,2
554,6836,3
555,6836,5
556,6836,4
557,6836,1
558,6836,3
559,6836,4
560,6836,8
561,6836,6
562,6836,3
563,6836,7
564,6836,3
565,6836,5
566,6836,4
567,6836,4
568,6836,4
569,6836,5
570,6836,1
572,6836,2
573,6836,3
574,6836,5
578,6836,2
579,6836,1
580,6836,1
581,6836,2
582,6836,1
583,6836,1
354,6837,1
355,6837,1
356,6837,1
357,6837,1
358,6837,1
360,6837,2
361,6837,2
362,6837,2
363,6837,2
364,6837,4
365,6837,5
366,6837,1
372,6837,1
378,6837,1
384,6837,1
386,6837,2
388,6837,3
389,6837,1
395,6837,1
396,6837,4
397,6837,5
398,6837,4
399,6837,5
400,6837,4
401,6837,4
402,6837,1
403,6837,3
404,6837,4
405,6837,3
406,6837,1
412,6837,1
413,6837,3
414,6837,3
415,6837,2
416,6837,2
417,6837,2
418,6837,2
419,6837,3
420,6837,4
422,6837,1
423,6837,4
424,6837,6
425,6837,2
426,6837,3
427,6837,5
428,6837,2
429,6837,1
430,6837,4
431,6837,5
432,6837,3
433,6837,2
434,6837,5
435,6837,5
436,6837,3
438,6837,1
439,6837,3
440,6837,2
441,6837,2
442,6837,1
444,6837,1
446,6837,1
448,6837,1
449,6837,4
450,6837,1
451,6837,2
452,6837,2
453,6837,4
454,6837,1
455,6837,1
456,6837,1
463,6837,1
467,6837,1
468,6837,1
482,6837,1
487,6837,1
488,6837,2
489,6837,2
490,6837,1
491,6837,1
492,6837,2
494,6837,1
497,6837,1
498,6837,2
504,6837,1
512,6837,2
514,6837,1
515,6837,1
516,6837,2
517,6837,2
518,6837,1
519,6837,2
520,6837,2
521,6837,3
522,6837,4
523,6837,3
524,6837,2
526,6837,2
527,6837,1
529,6837,1
530,6837,1
532,6837,1
533,6837,3
534,6837,3
535,6837,1
536,6837,1
537,6837,2
538,6837,8
539,6837,3
540,6837,1
541,6837,1
542,6837,2
543,6837,3
544,6837,4
545,6837,3
546,6837,4
548,6837,1
549,6837,1
550,6837,1
551,6837,4
552,6837,5
553,6837,5
554,6837,3
555,6837,4
556,6837,5
557,6837,1
558,6837,4
559,6837,3
560,6837,6
561,6837,7
562,6837,10
563,6837,5
564,6837,4
565,6837,2
566,6837,2
567,6837,4
568,6837,2
569,6837,5
570,6837,3
572,6837,1
573,6837,2
574,6837,4
575,6837,3
576,6837,2
577,6837,2
578,6837,1
579,6837,1
580,6837,3
581,6837,1
582,6837,1
583,6837,1
363,6838,1
364,6838,2
365,6838,6
366,6838,4
367,6838,4
368,6838,2
369,6838,1
378,6838,1
384,6838,1
385,6838,2
386,6838,1
387,6838,1
388,6838,4
389,6838,3
390,6838,3
391,6838,2
393,6838,2
394,6838,2
397,6838,2
398,6838,2
399,6838,3
400,6838,4
401,6838,2
402,6838,2
403,6838,4
404,6838,4
405,6838,5
406,6838,3
409,6838,1
410,6838,1
411,6838,1
412,6838,2
413,6838,1
415,6838,1
416,6838,1
419,6838,1
420,6838,4
421,6838,2
422,6838,2
424,6838,2
425,6838,2
426,6838,1
427,6838,3
428,6838,6
429,6838,7
430,6838,6
431,6838,7
432,6838,5
433,6838,3
434,6838,2
435,6838,3
436,6838,2
439,6838,4
440,6838,2
442,6838,1
446,6838,1
448,6838,1
449,6838,4
451,6838,1
452,6838,2
453,6838,2
455,6838,1
458,6838,1
459,6838,1
461,6838,1
468,6838,1
469,6838,1
476,6838,1
485,6838,2
487,6838,2
489,6838,1
490,6838,1
491,6838,2
503,6838,1
504,6838,1
506,6838,1
507,6838,1
509,6838,1
510,6838,1
511,6838,1
512,6838,1
513,6838,1
514,6838,1
515,6838,2
516,6838,1
517,6838,1
518,6838,2
519,6838,5
520,6838,3
521,6838,1
522,6838,1
528,6838,1
530,6838,1
531,6838,1
532,6838,2
533,6838,1
534,6838,2
535,6838,2
537,6838,3
538,6838,5
539,6838,3
540,6838,2
541,6838,1
542,6838,4
543,6838,1
544,6838,1
546,6838,3
547,6838,1
549,6838,1
550,6838,1
551,6838,3
552,6838,5
553,6838,4
554,6838,4
555,6838,4
556,6838,2
557,6838,3
558,6838,3
559,6838,2
560,6838,1
561,6838,1
562,6838,9
563,6838,6
564,6838,2
565,6838,1
566,6838,1
567,6838,3
568,6838,5
569,6838,6
570,6838,3
571,6838,1
572,6838,1
573,6838,1
574,6838,1
575,6838,6
576,6838,3
577,6838,3
578,6838,1
580,6838,2
581,6838,1
582,6838,3
583,6838,1
359,6839,1
360,6839,1
363,6839,1
364,6839,2
365,6839,1
366,6839,1
367,6839,1
368,6839,6
369,6839,6
370,6839,2
371,6839,4
372,6839,4
373,6839,1
374,6839,1
375,6839,1
376,6839,1
378,6839,1
379,6839,1
380,6839,1
384,6839,1
385,6839,1
388,6839,1
389,6839,1
391,6839,1
394,6839,2
395,6839,2
396,6839,2
398,6839,1
399,6839,3
400,6839,3
401,6839,4
402,6839,1
404,6839,1
405,6839,1
406,6839,3
411,6839,1
412,6839,1
413,6839,1
414,6839,1
415,6839,1
422,6839,5
423,6839,2
424,6839,1
425,6839,1
427,6839,4
428,6839,16
429,6839,8
431,6839,4
432,6839,3
433,6839,4
437,6839,1
438,6839,1
439,6839,2
440,6839,1
441,6839,1
442,6839,3
443,6839,1
444,6839,1
445,6839,1
448,6839,4
449,6839,2
450,6839,2
451,6839,1
452,6839,1
453,6839,1
464,6839,1
465,6839,1
471,6839,1
472,6839,1
474,6839,1
475,6839,2
476,6839,3
482,6839,1
483,6839,1
485,6839,2
486,6839,1
487,6839,3
489,6839,1
490,6839,1
491,6839,1
492,6839,1
493,6839,1
494,6839,1
499,6839,1
503,6839,1
504,6839,1
507,6839,1
508,6839,1
510,6839,3
511,6839,3
512,6839,2
513,6839,1
514,6839,1
515,6839,1
516,6839,1
517,6839,2
518,6839,1
526,6839,1
528,6839,1
531,6839,2
532,6839,3
533,6839,2
535,6839,1
536,6839,3
537,6839,6
538,6839,3
539,6839,4
540,6839,5
541,6839,1
542,6839,2
543,6839,1
544,6839,6
545,6839,4
546,6839,5
547,6839,5
548,6839,2
549,6839,5
550,6839,3
551,6839,4
552,6839,2
553,6839,2
554,6839,3
555,6839,6
556,6839,5
557,6839,4
558,6839,2
559,6839,2
560,6839,2
561,6839,2
562,6839,5
563,6839,6
564,6839,6
565,6839,3
566,6839,6
567,6839,3
568,6839,5
569,6839,5
570,6839,1
572,6839,1
573,6839,1
574,6839,2
575,6839,2
576,6839,6
577,6839,5
580,6839,2
581,6839,1
582,6839,1
369,6840,1
370,6840,1
371,6840,4
372,6840,3
373,6840,2
374,6840,2
378,6840,1
390,6840,1
391,6840,2
392,6840,1
393,6840,3
394,6840,6
395,6840,3
396,6840,3
397,6840,2
398,6840,3
399,6840,2
400,6840,3
401,6840,4
402,6840,3
403,6840,1
405,6840,3
406,6840,3
408,6840,1
409,6840,3
410,6840,5
411,6840,2
412,6840,2
413,6840,2
414,6840,3
416,6840,2
417,6840,2
418,6840,3
419,6840,1
420,6840,1
423,6840,1
425,6840,3
426,6840,1
427,6840,2
428,6840,4
429,6840,10
430,6840,1
431,6840,4
432,6840,4
433,6840,3
434,6840,1
435,6840,2
436,6840,1
437,6840,1
438,6840,1
439,6840,1
440,6840,1
442,6840,3
443,6840,1
445,6840,2
447,6840,1
448,6840,5
449,6840,3
450,6840,2
451,6840,1
452,6840,1
453,6840,1
454,6840,1
455,6840,1
470,6840,1
471,6840,1
473,6840,1
474,6840,2
475,6840,2
476,6840,1
485,6840,1
486,6840,2
488,6840,2
490,6840,3
491,6840,2
492,6840,2
493,6840,2
494,6840,1
499,6840,1
500,6840,1
501,6840,1
502,6840,1
507,6840,1
508,6840,1
509,6840,3
510,6840,7
511,6840,4
512,6840,2
515,6840,1
517,6840,1
520,6840,1
521,6840,1
522,6840,1
525,6840,1
526,6840,1
527,6840,1
528,6840,1
529,6840,1
531,6840,2
532,6840,1
533,6840,1
534,6840,2
535,6840,1
536,6840,2
537,6840,3
538,6840,3
539,6840,2
540,6840,7
541,6840,4
542,6840,3
543,6840,4
544,6840,3
545,6840,5
546,6840,3
547,6840,3
548,6840,2
549,6840,9
550,6840,9
551,6840,3
552,6840,4
553,6840,5
554,6840,1
555,6840,3
556,6840,9
557,6840,3
558,6840,2
559,6840,4
560,6840,2
561,6840,2
562,6840,2
563,6840,5
564,6840,7
565,6840,6
566,6840,4
567,6840,2
568,6840,2
569,6840,3
570,6840,2
571,6840,2
572,6840,4
573,6840,1
574,6840,2
575,6840,2
576,6840,2
577,6840,3
578,6840,1
579,6840,1
580,6840,3
581,6840,1
582,6840,1
358,6841,1
359,6841,1
372,6841,1
373,6841,3
374,6841,2
375,6841,1
376,6841,1
385,6841,1
387,6841,1
388,6841,2
389,6841,2
390,6841,2
393,6841,1
394,6841,1
395,6841,3
396,6841,2
397,6841,3
398,6841,2
399,6841,1
402,6841,1
403,6841,1
408,6841,1
409,6841,4
410,6841,5
411,6841,1
412,6841,3
413,6841,2
414,6841,3
415,6841,4
416,6841,3
417,6841,1
418,6841,3
419,6841,2
420,6841,1
421,6841,1
424,6841,1
425,6841,3
426,6841,2
427,6841,6
428,6841,7
429,6841,7
430,6841,3
431,6841,3
432,6841,6
433,6841,2
434,6841,3
435,6841,1
436,6841,4
437,6841,1
438,6841,1
439,6841,2
440,6841,2
441,6841,1
442,6841,4
443,6841,5
444,6841,1
445,6841,2
446,6841,1
447,6841,2
448,6841,3
449,6841,1
450,6841,2
451,6841,1
452,6841,3
453,6841,1
454,6841,1
462,6841,1
463,6841,2
464,6841,1
466,6841,1
467,6841,1
472,6841,1
473,6841,1
476,6841,1
477,6841,1
480,6841,1
481,6841,1
482,6841,1
485,6841,2
488,6841,3
489,6841,3
490,6841,2
492,6841,1
493,6841,1
494,6841,1
495,6841,1
496,6841,2
497,6841,2
498,6841,1
499,6841,1
500,6841,2
501,6841,2
502,6841,1
508,6841,1
509,6841,3
510,6841,4
511,6841,1
512,6841,3
513,6841,2
514,6841,4
515,6841,3
516,6841,1
518,6841,1
519,6841,1
520,6841,1
521,6841,1
522,6841,1
523,6841,1
524,6841,1
525,6841,1
526,6841,1
527,6841,2
528,6841,2
529,6841,3
530,6841,2
531,6841,1
532,6841,1
533,6841,1
534,6841,1
535,6841,4
536,6841,3
537,6841,3
539,6841,2
540,6841,5
542,6841,4
543,6841,5
544,6841,1
545,6841,3
546,6841,2
547,6841,2
548,6841,1
549,6841,3
550,6841,2
551,6841,2
553,6841,3
554,6841,10
555,6841,10
556,6841,8
557,6841,13
558,6841,3
559,6841,3
560,6841,4
561,6841,6
562,6841,5
563,6841,6
564,6841,8
565,6841,8
566,6841,3
567,6841,2
568,6841,2
569,6841,4
570,6841,6
571,6841,3
572,6841,2
573,6841,2
574,6841,2
575,6841,2
576,6841,1
577,6841,2
578,6841,2
579,6841,1
580,6841,2
581,6841,1
582,6841,1
583,6841,1
359,6842,1
367,6842,1
368,6842,1
369,6842,1
370,6842,1
371,6842,1
372,6842,1
373,6842,4
374,6842,4
375,6842,1
376,6842,2
377,6842,1
378,6842,1
381,6842,1
382,6842,1
385,6842,1
386,6842,2
387,6842,2
391,6842,3
392,6842,3
393,6842,2
396,6842,1
397,6842,2
398,6842,1
399,6842,4
400,6842,2
401,6842,3
402,6842,2
403,6842,2
404,6842,2
405,6842,3
410,6842,2
411,6842,2
412,6842,3
413,6842,3
414,6842,3
415,6842,2
416,6842,4
417,6842,2
418,6842,1
419,6842,1
421,6842,2
422,6842,1
423,6842,1
424,6842,1
425,6842,3
426,6842,2
427,6842,4
428,6842,5
429,6842,3
430,6842,7
431,6842,5
432,6842,10
433,6842,6
434,6842,6
435,6842,2
436,6842,3
437,6842,2
438,6842,1
440,6842,2
441,6842,3
442,6842,3
443,6842,5
444,6842,2
447,6842,2
448,6842,2
449,6842,5
450,6842,1
451,6842,2
452,6842,4
454,6842,1
455,6842,2
456,6842,1
464,6842,2
465,6842,1
466,6842,1
468,6842,1
469,6842,1
470,6842,1
477,6842,1
479,6842,2
480,6842,3
481,6842,1
484,6842,2
485,6842,2
487,6842,3
488,6842,2
489,6842,3
490,6842,1
491,6842,1
492,6842,1
493,6842,1
494,6842,1
495,6842,1
496,6842,3
497,6842,1
498,6842,2
500,6842,1
501,6842,2
502,6842,2
503,6842,2
504,6842,1
507,6842,3
508,6842,4
509,6842,3
510,6842,1
511,6842,2
512,6842,3
513,6842,3
514,6842,3
515,6842,1
516,6842,1
518,6842,1
519,6842,2
520,6842,2
521,6842,1
523,6842,1
524,6842,2
525,6842,3
526,6842,3
527,6842,3
532,6842,1
533,6842,2
534,6842,1
535,6842,4
536,6842,1
537,6842,2
539,6842,3
540,6842,1
541,6842,2
542,6842,4
543,6842,2
544,6842,2
545,6842,8
546,6842,2
547,6842,2
548,6842,2
550,6842,2
551,6842,4
552,6842,3
553,6842,1
554,6842,3
555,6842,4
556,6842,4
557,6842,17
558,6842,5
559,6842,5
560,6842,2
561,6842,5
562,6842,5
563,6842,2
564,6842,2
565,6842,3
566,6842,6
567,6842,2
568,6842,3
569,6842,4
570,6842,2
571,6842,6
572,6842,3
573,6842,4
575,6842,1
577,6842,1
578,6842,4
579,6842,3
580,6842,2
581,6842,2
583,6842,1
370,6843,3
371,6843,3
372,6843,1
373,6843,2
374,6843,4
375,6843,1
376,6843,2
377,6843,2
378,6843,2
379,6843,1
380,6843,2
381,6843,1
382,6843,3
383,6843,3
384,6843,3
385,6843,2
387,6843,1
390,6843,1
391,6843,1
392,6843,3
393,6843,2
394,6843,1
395,6843,1
398,6843,1
399,6843,1
400,6843,2
401,6843,1
403,6843,1
404,6843,5
405,6843,6
406,6843,4
407,6843,2
408,6843,2
409,6843,4
410,6843,3
411,6843,4
412,6843,3
413,6843,1
414,6843,3
415,6843,3
416,6843,3
419,6843,4
420,6843,6
421,6843,1
422,6843,1
424,6843,1
425,6843,4
426,6843,3
427,6843,2
428,6843,1
429,6843,1
430,6843,10
431,6843,7
432,6843,6
433,6843,7
434,6843,2
435,6843,2
436,6843,5
437,6843,5
441,6843,2
443,6843,4
444,6843,1
446,6843,1
448,6843,3
449,6843,2
450,6843,2
451,6843,2
452,6843,2
454,6843,1
455,6843,1
456,6843,1
457,6843,1
466,6843,1
467,6843,1
468,6843,2
469,6843,1
470,6843,1
474,6843,1
478,6843,2
479,6843,2
480,6843,3
481,6843,1
486,6843,2
487,6843,2
489,6843,2
490,6843,3
491,6843,1
492,6843,1
494,6843,2
495,6843,1
501,6843,1
504,6843,2
505,6843,3
506,6843,2
507,6843,3
508,6843,5
509,6843,2
510,6843,2
511,6843,1
513,6843,1
516,6843,2
517,6843,2
518,6843,4
519,6843,2
520,6843,2
521,6843,5
522,6843,4
523,6843,4
524,6843,2
525,6843,2
526,6843,2
527,6843,4
529,6843,2
530,6843,3
531,6843,3
532,6843,2
533,6843,2
534,6843,1
535,6843,1
536,6843,1
537,6843,4
538,6843,1
539,6843,2
540,6843,1
541,6843,1
542,6843,4
543,6843,5
544,6843,1
545,6843,4
546,6843,4
547,6843,1
548,6843,3
549,6843,4
550,6843,2
551,6843,4
552,6843,3
553,6843,5
554,6843,6
555,6843,9
556,6843,3
557,6843,13
558,6843,3
559,6843,6
561,6843,2
562,6843,4
563,6843,3
565,6843,3
566,6843,10
567,6843,2
568,6843,4
569,6843,4
570,6843,2
571,6843,5
572,6843,1
573,6843,3
574,6843,2
575,6843,1
577,6843,2
578,6843,4
579,6843,5
580,6843,2
581,6843,2
371,6844,1
372,6844,2
373,6844,2
374,6844,2
376,6844,3
377,6844,2
378,6844,2
379,6844,2
380,6844,1
381,6844,1
382,6844,2
383,6844,1
384,6844,1
385,6844,1
387,6844,2
388,6844,2
389,6844,1
390,6844,1
395,6844,2
399,6844,2
400,6844,4
401,6844,3
402,6844,2
403,6844,1
404,6844,2
405,6844,3
406,6844,1
407,6844,4
408,6844,5
409,6844,2
410,6844,2
411,6844,3
414,6844,1
415,6844,2
416,6844,2
417,6844,2
418,6844,4
419,6844,2
420,6844,1
421,6844,3
422,6844,3
423,6844,2
424,6844,1
425,6844,4
426,6844,4
427,6844,4
428,6844,5
429,6844,3
430,6844,10
431,6844,11
432,6844,8
433,6844,5
434,6844,3
435,6844,2
436,6844,4
437,6844,6
438,6844,1
440,6844,1
441,6844,2
442,6844,3
443,6844,4
445,6844,1
446,6844,2
448,6844,5
449,6844,3
450,6844,3
451,6844,3
452,6844,1
454,6844,1
457,6844,1
458,6844,1
466,6844,1
468,6844,1
474,6844,1
476,6844,1
478,6844,2
479,6844,2
480,6844,2
481,6844,3
482,6844,2
483,6844,2
488,6844,1
489,6844,1
490,6844,1
492,6844,1
493,6844,2
494,6844,2
495,6844,1
502,6844,3
503,6844,3
504,6844,4
505,6844,2
507,6844,3
508,6844,4
509,6844,2
510,6844,3
511,6844,1
514,6844,3
515,6844,1
516,6844,2
517,6844,1
518,6844,4
519,6844,2
521,6844,2
522,6844,3
523,6844,2
525,6844,1
526,6844,1
527,6844,2
528,6844,2
529,6844,2
530,6844,1
535,6844,2
536,6844,1
537,6844,1
540,6844,1
541,6844,1
542,6844,1
543,6844,1
544,6844,3
545,6844,2
546,6844,3
547,6844,4
549,6844,3
550,6844,2
551,6844,2
552,6844,3
553,6844,5
554,6844,5
555,6844,13
556,6844,6
557,6844,2
558,6844,8
559,6844,6
560,6844,1
561,6844,2
562,6844,5
563,6844,3
564,6844,3
565,6844,1
566,6844,7
567,6844,11
568,6844,4
569,6844,3
570,6844,2
571,6844,3
572,6844,3
574,6844,4
575,6844,2
577,6844,1
578,6844,3
579,6844,4
580,6844,3
581,6844,4
582,6844,1
355,6845,1
358,6845,1
359,6845,1
370,6845,1
375,6845,1
376,6845,1
378,6845,1
379,6845,5
380,6845,3
381,6845,3
382,6845,1
383,6845,1
384,6845,1
385,6845,1
386,6845,1
388,6845,2
389,6845,2
390,6845,2
391,6845,2
392,6845,2
393,6845,1
395,6845,1
400,6845,1
401,6845,1
402,6845,3
403,6845,3
405,6845,1
406,6845,1
407,6845,1
408,6845,1
409,6845,1
410,6845,3
411,6845,3
412,6845,1
413,6845,1
414,6845,1
415,6845,1
416,6845,2
417,6845,2
418,6845,1
419,6845,3
420,6845,3
421,6845,1
422,6845,6
423,6845,2
424,6845,1
425,6845,4
426,6845,4
427,6845,1
428,6845,3
429,6845,2
430,6845,3
431,6845,8
432,6845,2
433,6845,4
434,6845,2
435,6845,3
436,6845,4
437,6845,3
438,6845,3
440,6845,1
441,6845,2
442,6845,2
443,6845,5
444,6845,3
445,6845,2
446,6845,2
448,6845,4
449,6845,3
450,6845,3
451,6845,2
452,6845,2
453,6845,1
454,6845,1
456,6845,1
457,6845,2
475,6845,1
476,6845,1
478,6845,1
479,6845,2
480,6845,1
481,6845,1
482,6845,1
483,6845,2
484,6845,1
486,6845,1
487,6845,1
488,6845,1
491,6845,1
493,6845,2
494,6845,1
500,6845,2
501,6845,3
502,6845,3
503,6845,3
504,6845,1
506,6845,1
507,6845,1
508,6845,2
509,6845,2
512,6845,1
513,6845,1
514,6845,3
515,6845,3
516,6845,1
517,6845,1
518,6845,3
520,6845,1
522,6845,1
523,6845,2
524,6845,1
526,6845,2
527,6845,3
528,6845,1
529,6845,1
530,6845,1
531,6845,1
538,6845,1
539,6845,1
542,6845,1
543,6845,1
546,6845,1
547,6845,6
548,6845,4
549,6845,1
550,6845,2
551,6845,2
552,6845,6
553,6845,3
554,6845,4
555,6845,5
556,6845,9
557,6845,5
558,6845,3
559,6845,6
560,6845,5
561,6845,4
562,6845,10
563,6845,6
564,6845,7
565,6845,3
566,6845,2
567,6845,8
568,6845,1
569,6845,2
570,6845,2
571,6845,3
572,6845,7
573,6845,9
574,6845,4
575,6845,2
576,6845,2
577,6845,3
578,6845,3
579,6845,4
580,6845,2
581,6845,4
582,6845,1
358,6846,1
359,6846,1
360,6846,1
361,6846,1
370,6846,1
373,6846,1
374,6846,1
375,6846,1
376,6846,2
377,6846,1
378,6846,2
379,6846,2
380,6846,1
381,6846,2
382,6846,2
383,6846,1
385,6846,2
386,6846,3
387,6846,1
391,6846,1
392,6846,1
393,6846,2
395,6846,2
396,6846,1
397,6846,1
398,6846,3
399,6846,1
403,6846,1
404,6846,1
405,6846,1
406,6846,1
407,6846,2
408,6846,4
409,6846,1
411,6846,2
412,6846,2
413,6846,4
414,6846,2
415,6846,3
416,6846,3
417,6846,2
419,6846,1
420,6846,1
422,6846,3
423,6846,1
424,6846,2
426,6846,2
427,6846,1
428,6846,1
430,6846,2
431,6846,7
432,6846,2
433,6846,4
434,6846,9
435,6846,4
436,6846,3
437,6846,3
438,6846,3
439,6846,3
440,6846,1
441,6846,2
442,6846,1
443,6846,3
444,6846,2
445,6846,2
446,6846,3
447,6846,1
448,6846,3
449,6846,3
450,6846,4
452,6846,2
453,6846,1
454,6846,1
457,6846,1
458,6846,1
459,6846,1
469,6846,2
473,6846,1
474,6846,1
475,6846,1
479,6846,2
480,6846,2
483,6846,2
490,6846,1
491,6846,2
493,6846,1
494,6846,1
496,6846,1
497,6846,1
499,6846,1
500,6846,4
501,6846,3
503,6846,1
504,6846,2
505,6846,1
506,6846,1
507,6846,2
508,6846,2
509,6846,1
510,6846,1
512,6846,3
513,6846,6
514,6846,3
515,6846,5
516,6846,2
517,6846,1
518,6846,2
519,6846,2
520,6846,1
521,6846,2
522,6846,2
523,6846,2
524,6846,1
525,6846,1
526,6846,1
527,6846,1
528,6846,2
530,6846,2
531,6846,2
532,6846,1
533,6846,1
534,6846,1
535,6846,1
538,6846,1
539,6846,1
541,6846,1
542,6846,1
543,6846,2
544,6846,1
545,6846,3
546,6846,8
547,6846,7
548,6846,10
549,6846,8
550,6846,5
551,6846,3
552,6846,3
553,6846,3
554,6846,5
555,6846,2
556,6846,4
557,6846,6
558,6846,3
559,6846,4
560,6846,6
561,6846,9
562,6846,9
563,6846,6
564,6846,3
565,6846,1
566,6846,1
567,6846,2
568,6846,6
569,6846,7
570,6846,7
571,6846,3
572,6846,4
573,6846,8
574,6846,3
575,6846,2
576,6846,1
577,6846,2
578,6846,3
579,6846,5
580,6846,2
581,6846,2
582,6846,2
374,6847,1
375,6847,1
376,6847,3
377,6847,3
378,6847,2
379,6847,1
383,6847,1
384,6847,3
385,6847,2
386,6847,1
391,6847,1
393,6847,1
394,6847,1
395,6847,1
396,6847,1
398,6847,2
399,6847,3
404,6847,2
405,6847,1
406,6847,2
408,6847,1
409,6847,3
410,6847,2
412,6847,2
413,6847,3
414,6847,2
415,6847,3
416,6847,3
417,6847,3
418,6847,2
419,6847,1
422,6847,1
423,6847,2
424,6847,4
425,6847,2
426,6847,2
427,6847,1
428,6847,2
429,6847,1
431,6847,5
432,6847,4
433,6847,5
434,6847,6
435,6847,6
436,6847,2
437,6847,3
438,6847,3
439,6847,3
440,6847,4
441,6847,2
442,6847,2
443,6847,6
444,6847,3
445,6847,3
446,6847,2
447,6847,1
448,6847,1
449,6847,6
450,6847,2
451,6847,1
452,6847,4
453,6847,1
459,6847,1
468,6847,1
469,6847,1
470,6847,1
472,6847,1
478,6847,1
479,6847,2
480,6847,2
481,6847,1
482,6847,1
483,6847,1
490,6847,2
491,6847,2
493,6847,3
494,6847,3
495,6847,1
496,6847,2
500,6847,3
501,6847,2
502,6847,1
503,6847,3
504,6847,7
505,6847,7
506,6847,3
507,6847,1
509,6847,1
511,6847,4
512,6847,5
513,6847,3
514,6847,3
515,6847,4
516,6847,2
517,6847,2
518,6847,1
519,6847,1
522,6847,1
524,6847,1
526,6847,1
527,6847,1
528,6847,1
529,6847,3
530,6847,1
534,6847,1
535,6847,3
536,6847,2
537,6847,1
538,6847,2
539,6847,3
540,6847,2
541,6847,2
542,6847,2
543,6847,3
544,6847,1
547,6847,1
548,6847,4
549,6847,3
550,6847,3
551,6847,1
552,6847,1
553,6847,2
554,6847,4
555,6847,1
556,6847,1
557,6847,3
558,6847,2
559,6847,4
560,6847,4
561,6847,6
562,6847,8
563,6847,3
564,6847,3
565,6847,6
566,6847,5
567,6847,4
568,6847,3
569,6847,7
570,6847,8
571,6847,7
572,6847,10
573,6847,9
574,6847,14
575,6847,1
576,6847,1
577,6847,3
578,6847,3
579,6847,2
580,6847,1
581,6847,1
582,6847,2
364,6848,1
377,6848,2
378,6848,4
379,6848,2
380,6848,1
381,6848,1
382,6848,1
383,6848,1
384,6848,1
385,6848,2
386,6848,2
387,6848,2
388,6848,1
390,6848,1
391,6848,2
392,6848,1
393,6848,1
400,6848,3
402,6848,3
403,6848,2
404,6848,2
405,6848,1
406,6848,4
407,6848,5
408,6848,4
409,6848,2
410,6848,6
411,6848,6
412,6848,2
413,6848,2
414,6848,3
417,6848,4
418,6848,4
419,6848,2
420,6848,1
423,6848,3
424,6848,2
425,6848,2
426,6848,1
427,6848,3
428,6848,5
429,6848,3
430,6848,3
431,6848,4
432,6848,3
433,6848,5
434,6848,3
435,6848,6
436,6848,4
437,6848,7
438,6848,4
439,6848,1
440,6848,2
441,6848,1
442,6848,3
443,6848,4
444,6848,3
445,6848,2
446,6848,3
447,6848,3
449,6848,3
451,6848,2
452,6848,3
453,6848,2
458,6848,1
460,6848,1
461,6848,1
465,6848,1
466,6848,1
472,6848,1
473,6848,1
478,6848,1
479,6848,1
480,6848,2
481,6848,1
482,6848,1
485,6848,1
486,6848,2
487,6848,2
488,6848,4
489,6848,2
490,6848,1
491,6848,1
493,6848,1
494,6848,1
495,6848,2
498,6848,2
499,6848,1
501,6848,1
502,6848,2
503,6848,5
504,6848,5
505,6848,2
506,6848,3
507,6848,2
510,6848,2
511,6848,3
512,6848,4
513,6848,2
514,6848,2
515,6848,4
516,6848,3
517,6848,2
518,6848,1
520,6848,2
521,6848,2
522,6848,1
523,6848,1
524,6848,2
531,6848,1
533,6848,1
536,6848,1
537,6848,2
538,6848,2
539,6848,1
544,6848,2
551,6848,1
553,6848,3
554,6848,3
555,6848,3
556,6848,1
557,6848,3
558,6848,3
559,6848,2
560,6848,6
561,6848,8
562,6848,8
563,6848,7
564,6848,4
565,6848,11
566,6848,16
567,6848,4
568,6848,6
569,6848,7
570,6848,5
571,6848,6
572,6848,8
573,6848,3
574,6848,17
575,6848,4
576,6848,1
577,6848,1
578,6848,2
579,6848,2
580,6848,3
581,6848,5
582,6848,2
364,6849,1
365,6849,1
366,6849,1
375,6849,1
376,6849,1
377,6849,1
378,6849,3
379,6849,2
381,6849,1
382,6849,3
383,6849,3
384,6849,3
385,6849,1
386,6849,1
387,6849,2
388,6849,2
390,6849,1
393,6849,1
394,6849,1
396,6849,1
399,6849,2
400,6849,1
401,6849,1
402,6849,5
403,6849,6
404,6849,3
405,6849,3
406,6849,3
407,6849,1
408,6849,4
409,6849,6
410,6849,7
411,6849,6
412,6849,4
413,6849,3
414,6849,1
415,6849,4
416,6849,2
417,6849,2
418,6849,3
419,6849,4
420,6849,7
421,6849,3
424,6849,2
425,6849,4
426,6849,2
427,6849,4
428,6849,4
429,6849,4
430,6849,2
431,6849,2
432,6849,3
433,6849,4
434,6849,6
435,6849,9
436,6849,9
437,6849,7
438,6849,6
439,6849,4
440,6849,3
441,6849,4
442,6849,4
443,6849,4
444,6849,1
445,6849,2
449,6849,1
450,6849,2
451,6849,3
452,6849,1
453,6849,1
454,6849,2
456,6849,1
457,6849,1
463,6849,1
464,6849,1
466,6849,1
470,6849,1
471,6849,2
472,6849,1
473,6849,2
474,6849,2
475,6849,1
476,6849,1
477,6849,1
478,6849,1
479,6849,3
480,6849,3
481,6849,1
484,6849,2
485,6849,2
486,6849,2
487,6849,1
488,6849,1
489,6849,1
491,6849,1
492,6849,2
493,6849,1
494,6849,1
495,6849,4
496,6849,6
497,6849,3
498,6849,2
499,6849,2
500,6849,1
501,6849,1
502,6849,1
503,6849,2
504,6849,5
505,6849,5
506,6849,4
507,6849,5
508,6849,1
509,6849,1
510,6849,1
511,6849,3
512,6849,2
513,6849,1
514,6849,4
515,6849,3
516,6849,3
517,6849,2
518,6849,3
519,6849,2
520,6849,1
521,6849,1
522,6849,1
523,6849,1
524,6849,2
525,6849,1
526,6849,1
527,6849,1
528,6849,2
529,6849,1
531,6849,1
532,6849,1
533,6849,3
534,6849,3
535,6849,4
536,6849,5
537,6849,2
538,6849,3
539,6849,1
540,6849,1
544,6849,2
545,6849,3
546,6849,1
547,6849,1
550,6849,2
551,6849,3
553,6849,8
554,6849,3
555,6849,3
556,6849,2
557,6849,5
559,6849,4
560,6849,6
561,6849,6
562,6849,4
563,6849,2
564,6849,2
565,6849,3
566,6849,15
567,6849,13
568,6849,5
569,6849,8
570,6849,8
571,6849,4
572,6849,6
573,6849,8
574,6849,10
575,6849,5
577,6849,3
578,6849,4
579,6849,3
580,6849,2
581,6849,6
582,6849,2
583,6849,1
588,6849,1
370,6850,1
371,6850,2
372,6850,1
375,6850,1
378,6850,1
379,6850,1
380,6850,2
381,6850,1
384,6850,1
385,6850,2
386,6850,1
389,6850,1
390,6850,3
391,6850,4
392,6850,1
393,6850,2
394,6850,6
395,6850,5
396,6850,2
397,6850,1
398,6850,3
404,6850,1
406,6850,1
407,6850,1
409,6850,1
410,6850,5
411,6850,3
412,6850,4
413,6850,4
414,6850,3
415,6850,4
416,6850,6
417,6850,6
418,6850,3
419,6850,1
420,6850,3
421,6850,4
422,6850,2
423,6850,2
424,6850,1
425,6850,2
426,6850,3
427,6850,2
428,6850,4
429,6850,2
430,6850,1
431,6850,4
432,6850,3
433,6850,5
434,6850,2
435,6850,7
436,6850,13
437,6850,11
438,6850,5
439,6850,4
440,6850,3
441,6850,4
442,6850,1
443,6850,5
444,6850,3
445,6850,5
448,6850,2
449,6850,1
450,6850,2
451,6850,2
452,6850,1
453,6850,1
454,6850,1
455,6850,1
456,6850,2
463,6850,1
465,6850,1
468,6850,1
469,6850,1
470,6850,2
473,6850,3
474,6850,3
475,6850,1
476,6850,2
477,6850,2
478,6850,5
479,6850,3
480,6850,3
481,6850,2
483,6850,4
484,6850,2
485,6850,2
488,6850,1
490,6850,1
491,6850,2
492,6850,3
493,6850,8
494,6850,5
495,6850,6
496,6850,5
497,6850,4
498,6850,3
499,6850,3
500,6850,4
501,6850,6
502,6850,4
503,6850,4
504,6850,7
505,6850,1
506,6850,2
507,6850,1
508,6850,1
509,6850,1
510,6850,3
511,6850,4
512,6850,1
513,6850,1
514,6850,3
515,6850,2
516,6850,2
517,6850,3
518,6850,2
519,6850,1
520,6850,2
521,6850,2
522,6850,1
528,6850,1
529,6850,1
530,6850,3
531,6850,2
532,6850,3
533,6850,4
534,6850,3
535,6850,2
536,6850,3
537,6850,2
540,6850,1
543,6850,2
544,6850,4
545,6850,7
546,6850,2
547,6850,1
549,6850,1
550,6850,1
551,6850,1
552,6850,1
553,6850,1
554,6850,3
555,6850,3
556,6850,1
557,6850,4
558,6850,1
559,6850,3
560,6850,2
561,6850,2
562,6850,4
563,6850,4
564,6850,1
565,6850,2
566,6850,1
567,6850,7
568,6850,15
569,6850,11
570,6850,16
571,6850,5
572,6850,4
573,6850,11
574,6850,6
575,6850,3
576,6850,3
577,6850,3
578,6850,2
579,6850,3
580,6850,4
581,6850,3
582,6850,2
583,6850,2
588,6850,1
368,6851,1
369,6851,1
370,6851,1
371,6851,2
372,6851,2
373,6851,1
376,6851,1
377,6851,1
378,6851,3
379,6851,4
380,6851,1
381,6851,1
382,6851,1
383,6851,1
386,6851,3
387,6851,4
388,6851,4
389,6851,1
390,6851,2
393,6851,5
394,6851,5
395,6851,5
396,6851,7
397,6851,4
398,6851,3
399,6851,2
400,6851,1
402,6851,1
403,6851,1
407,6851,1
411,6851,1
412,6851,4
413,6851,3
414,6851,2
415,6851,1
416,6851,1
417,6851,1
418,6851,3
419,6851,8
420,6851,4
421,6851,4
422,6851,5
423,6851,5
424,6851,4
425,6851,3
426,6851,4
427,6851,3
428,6851,6
429,6851,4
430,6851,2
431,6851,2
432,6851,3
433,6851,4
434,6851,2
435,6851,7
436,6851,9
437,6851,9
438,6851,5
439,6851,6
440,6851,1
441,6851,4
443,6851,2
444,6851,2
445,6851,5
446,6851,3
447,6851,5
448,6851,2
449,6851,1
450,6851,2
451,6851,2
452,6851,3
453,6851,2
455,6851,3
456,6851,3
464,6851,1
465,6851,1
468,6851,1
469,6851,1
470,6851,1
471,6851,3
472,6851,1
474,6851,1
475,6851,1
476,6851,1
478,6851,2
479,6851,6
480,6851,5
481,6851,1
483,6851,3
484,6851,1
488,6851,1
489,6851,1
490,6851,1
492,6851,3
493,6851,4
494,6851,1
495,6851,1
496,6851,5
497,6851,5
498,6851,2
499,6851,2
500,6851,3
501,6851,2
502,6851,2
503,6851,2
504,6851,2
505,6851,1
506,6851,2
509,6851,2
510,6851,2
513,6851,1
514,6851,3
515,6851,1
516,6851,3
517,6851,4
518,6851,4
519,6851,2
520,6851,2
521,6851,3
522,6851,3
523,6851,4
524,6851,1
525,6851,1
527,6851,3
528,6851,3
530,6851,3
531,6851,2
532,6851,1
533,6851,1
534,6851,2
535,6851,1
536,6851,1
537,6851,1
538,6851,1
539,6851,1
540,6851,3
541,6851,4
542,6851,4
543,6851,3
544,6851,3
545,6851,1
546,6851,2
547,6851,2
548,6851,3
549,6851,2
550,6851,1
552,6851,3
553,6851,2
555,6851,5
556,6851,5
557,6851,1
558,6851,1
559,6851,2
560,6851,3
561,6851,5
562,6851,3
563,6851,4
564,6851,3
565,6851,8
566,6851,3
567,6851,4
568,6851,11
569,6851,12
570,6851,16
571,6851,10
572,6851,6
573,6851,8
574,6851,4
575,6851,6
576,6851,3
577,6851,4
578,6851,2
579,6851,3
580,6851,4
582,6851,3
583,6851,1
368,6852,1
371,6852,1
372,6852,1
377,6852,6
378,6852,7
379,6852,3
380,6852,2
383,6852,1
384,6852,1
385,6852,1
388,6852,3
389,6852,4
390,6852,4
391,6852,3
392,6852,1
393,6852,2
394,6852,1
396,6852,2
397,6852,2
398,6852,1
399,6852,3
400,6852,2
401,6852,3
402,6852,1
410,6852,3
411,6852,3
412,6852,1
413,6852,2
414,6852,3
415,6852,1
416,6852,2
417,6852,1
418,6852,3
419,6852,11
420,6852,11
421,6852,6
422,6852,4
423,6852,1
424,6852,3
425,6852,2
426,6852,3
428,6852,1
429,6852,3
430,6852,6
431,6852,6
432,6852,2
433,6852,2
434,6852,2
435,6852,4
436,6852,8
437,6852,5
438,6852,3
439,6852,3
440,6852,2
441,6852,4
442,6852,4
443,6852,1
444,6852,2
445,6852,2
446,6852,4
447,6852,5
448,6852,2
451,6852,1
452,6852,2
453,6852,2
454,6852,1
464,6852,1
466,6852,1
467,6852,1
469,6852,2
470,6852,3
471,6852,4
472,6852,1
474,6852,1
476,6852,1
479,6852,1
480,6852,2
481,6852,5
482,6852,3
483,6852,4
484,6852,3
485,6852,1
486,6852,2
488,6852,1
491,6852,1
492,6852,3
493,6852,1
494,6852,1
495,6852,2
496,6852,3
497,6852,5
498,6852,4
501,6852,1
502,6852,1
503,6852,1
504,6852,1
505,6852,1
506,6852,2
507,6852,1
512,6852,2
513,6852,2
514,6852,1
515,6852,2
516,6852,1
517,6852,2
518,6852,1
520,6852,1
521,6852,1
522,6852,2
523,6852,2
524,6852,1
525,6852,3
526,6852,3
527,6852,4
528,6852,5
529,6852,6
530,6852,7
531,6852,2
532,6852,3
533,6852,1
534,6852,1
535,6852,2
536,6852,1
538,6852,1
539,6852,2
540,6852,3
541,6852,2
542,6852,2
544,6852,2
545,6852,1
546,6852,1
547,6852,1
549,6852,1
552,6852,2
553,6852,2
555,6852,2
556,6852,4
557,6852,5
558,6852,3
559,6852,1
560,6852,1
561,6852,5
562,6852,2
563,6852,4
564,6852,7
565,6852,10
566,6852,5
567,6852,6
568,6852,8
569,6852,12
570,6852,6
571,6852,7
572,6852,5
573,6852,3
574,6852,7
575,6852,6
576,6852,2
577,6852,4
578,6852,1
579,6852,3
580,6852,3
582,6852,1
583,6852,1
585,6852,1
368,6853,1
371,6853,1
372,6853,1
375,6853,1
376,6853,1
377,6853,1
378,6853,3
379,6853,3
380,6853,1
385,6853,2
386,6853,2
387,6853,1
388,6853,1
390,6853,1
391,6853,1
392,6853,1
393,6853,1
394,6853,2
395,6853,1
396,6853,1
397,6853,2
399,6853,1
400,6853,1
402,6853,1
403,6853,2
408,6853,1
409,6853,2
410,6853,3
411,6853,2
414,6853,1
417,6853,2
418,6853,2
419,6853,3
420,6853,9
421,6853,9
422,6853,5
423,6853,9
424,6853,2
425,6853,6
426,6853,5
428,6853,2
429,6853,4
430,6853,5
431,6853,2
432,6853,2
433,6853,3
434,6853,4
435,6853,3
436,6853,6
437,6853,3
438,6853,3
439,6853,10
440,6853,7
441,6853,2
442,6853,10
443,6853,2
444,6853,2
445,6853,1
446,6853,3
447,6853,7
448,6853,1
449,6853,1
450,6853,2
452,6853,1
453,6853,1
454,6853,2
460,6853,1
461,6853,1
464,6853,1
471,6853,2
472,6853,1
473,6853,1
476,6853,2
477,6853,1
478,6853,2
479,6853,4
480,6853,3
481,6853,4
482,6853,1
483,6853,3
484,6853,3
485,6853,4
486,6853,3
487,6853,1
488,6853,3
489,6853,2
490,6853,3
491,6853,2
492,6853,2
493,6853,1
494,6853,2
495,6853,4
496,6853,6
497,6853,7
498,6853,1
499,6853,3
500,6853,2
504,6853,2
505,6853,1
506,6853,4
507,6853,4
508,6853,5
509,6853,1
510,6853,3
511,6853,2
515,6853,2
516,6853,2
517,6853,1
520,6853,1
521,6853,1
523,6853,2
524,6853,3
525,6853,4
526,6853,2
527,6853,2
528,6853,3
529,6853,3
530,6853,2
531,6853,2
532,6853,3
533,6853,1
534,6853,1
535,6853,1
536,6853,1
537,6853,2
538,6853,1
539,6853,2
540,6853,1
541,6853,2
542,6853,1
543,6853,2
547,6853,1
549,6853,1
550,6853,1
551,6853,1
552,6853,2
553,6853,2
554,6853,1
557,6853,3
558,6853,4
559,6853,1
560,6853,1
561,6853,2
562,6853,3
563,6853,3
564,6853,4
565,6853,8
566,6853,11
567,6853,6
568,6853,6
569,6853,9
570,6853,9
571,6853,4
572,6853,3
573,6853,1
574,6853,13
575,6853,5
576,6853,3
577,6853,7
578,6853,3
579,6853,1
580,6853,1
581,6853,2
582,6853,3
583,6853,3
584,6853,1
585,6853,1
367,6854,1
368,6854,2
372,6854,1
373,6854,2
374,6854,1
379,6854,1
380,6854,1
381,6854,1
382,6854,2
383,6854,1
384,6854,1
385,6854,2
386,6854,3
388,6854,2
389,6854,2
390,6854,2
391,6854,2
392,6854,3
393,6854,1
394,6854,4
395,6854,3
396,6854,2
397,6854,2
398,6854,2
399,6854,3
400,6854,3
401,6854,4
402,6854,3
403,6854,6
404,6854,3
405,6854,2
406,6854,3
407,6854,5
408,6854,3
411,6854,2
412,6854,2
413,6854,2
415,6854,1
418,6854,1
419,6854,3
420,6854,4
421,6854,5
422,6854,3
423,6854,4
424,6854,4
425,6854,2
426,6854,7
427,6854,4
429,6854,3
430,6854,3
431,6854,4
432,6854,8
433,6854,3
434,6854,4
435,6854,2
436,6854,3
437,6854,10
438,6854,8
439,6854,5
440,6854,6
441,6854,1
442,6854,5
443,6854,4
444,6854,1
446,6854,4
447,6854,6
448,6854,4
449,6854,1
450,6854,4
451,6854,2
452,6854,3
453,6854,1
454,6854,1
460,6854,1
464,6854,1
470,6854,1
472,6854,1
473,6854,1
475,6854,1
477,6854,2
478,6854,3
479,6854,3
480,6854,2
481,6854,2
482,6854,6
483,6854,2
484,6854,5
485,6854,3
486,6854,1
487,6854,2
488,6854,6
489,6854,3
490,6854,3
492,6854,3
493,6854,2
494,6854,3
495,6854,4
496,6854,4
497,6854,3
498,6854,2
499,6854,4
500,6854,2
501,6854,1
502,6854,1
503,6854,1
504,6854,1
505,6854,1
506,6854,4
507,6854,3
508,6854,2
509,6854,2
510,6854,1
513,6854,1
514,6854,2
515,6854,3
516,6854,2
517,6854,1
518,6854,1
519,6854,1
520,6854,1
522,6854,1
523,6854,1
524,6854,3
525,6854,1
526,6854,3
527,6854,2
528,6854,1
533,6854,1
534,6854,1
535,6854,2
536,6854,1
537,6854,1
538,6854,1
539,6854,2
540,6854,2
542,6854,1
543,6854,1
546,6854,1
547,6854,1
552,6854,2
554,6854,1
557,6854,1
558,6854,1
561,6854,1
562,6854,1
563,6854,2
564,6854,4
565,6854,2
566,6854,9
567,6854,10
568,6854,9
569,6854,4
570,6854,4
571,6854,4
572,6854,4
573,6854,3
574,6854,11
575,6854,8
576,6854,3
577,6854,20
578,6854,10
579,6854,5
580,6854,1
581,6854,1
582,6854,1
583,6854,3
584,6854,4
585,6854,3
588,6854,1
590,6854,1
591,6854,1
367,6855,2
368,6855,1
369,6855,1
370,6855,1
371,6855,1
373,6855,1
380,6855,1
381,6855,1
382,6855,1
384,6855,1
385,6855,1
386,6855,1
387,6855,1
389,6855,3
390,6855,3
391,6855,5
392,6855,4
393,6855,2
395,6855,1
399,6855,1
400,6855,2
401,6855,3
402,6855,4
403,6855,6
404,6855,5
405,6855,5
406,6855,7
407,6855,1
408,6855,3
409,6855,3
410,6855,3
411,6855,1
413,6855,1
414,6855,1
415,6855,2
416,6855,1
418,6855,1
419,6855,2
420,6855,4
421,6855,4
422,6855,3
423,6855,2
424,6855,2
425,6855,5
426,6855,1
428,6855,2
429,6855,2
430,6855,1
431,6855,4
432,6855,5
433,6855,5
434,6855,4
435,6855,4
436,6855,5
437,6855,9
438,6855,11
439,6855,13
440,6855,8
441,6855,3
442,6855,5
443,6855,7
444,6855,3
445,6855,4
446,6855,5
447,6855,4
448,6855,3
450,6855,1
452,6855,2
453,6855,2
455,6855,2
459,6855,1
460,6855,1
461,6855,1
462,6855,1
464,6855,1
465,6855,1
467,6855,1
468,6855,1
469,6855,1
472,6855,2
473,6855,2
474,6855,1
475,6855,2
476,6855,5
477,6855,1
478,6855,3
479,6855,2
480,6855,2
481,6855,3
482,6855,4
483,6855,4
484,6855,1
485,6855,3
486,6855,2
487,6855,2
488,6855,2
489,6855,4
490,6855,2
491,6855,4
492,6855,6
493,6855,4
494,6855,4
495,6855,4
496,6855,4
497,6855,6
498,6855,3
499,6855,3
500,6855,2
501,6855,2
503,6855,1
504,6855,2
505,6855,3
506,6855,2
507,6855,2
509,6855,1
512,6855,1
513,6855,1
515,6855,2
516,6855,2
517,6855,1
518,6855,1
519,6855,2
520,6855,2
521,6855,1
522,6855,1
523,6855,2
524,6855,4
525,6855,3
526,6855,3
527,6855,2
528,6855,2
529,6855,1
533,6855,1
535,6855,1
536,6855,1
537,6855,2
538,6855,2
539,6855,1
540,6855,1
542,6855,2
546,6855,1
551,6855,1
553,6855,1
555,6855,1
558,6855,1
559,6855,2
560,6855,1
561,6855,1
562,6855,1
563,6855,1
564,6855,2
565,6855,4
566,6855,4
567,6855,6
568,6855,11
569,6855,9
570,6855,1
571,6855,3
572,6855,3
573,6855,2
574,6855,3
575,6855,12
576,6855,3
577,6855,11
578,6855,11
579,6855,6
580,6855,1
581,6855,1
583,6855,2
584,6855,6
585,6855,4
586,6855,2
587,6855,1
375,6856,1
376,6856,1
377,6856,1
378,6856,1
381,6856,1
382,6856,1
390,6856,2
391,6856,3
392,6856,2
393,6856,1
394,6856,3
395,6856,1
397,6856,3
398,6856,2
399,6856,4
400,6856,4
404,6856,2
405,6856,3
406,6856,3
407,6856,5
408,6856,2
409,6856,1
410,6856,2
411,6856,5
412,6856,3
413,6856,2
414,6856,1
415,6856,1
416,6856,1
417,6856,2
418,6856,3
419,6856,2
420,6856,1
422,6856,2
423,6856,3
424,6856,4
425,6856,7
426,6856,10
427,6856,3
428,6856,4
429,6856,1
430,6856,2
431,6856,3
432,6856,3
433,6856,5
434,6856,7
435,6856,6
436,6856,2
437,6856,3
438,6856,7
439,6856,14
440,6856,8
441,6856,7
442,6856,2
443,6856,6
444,6856,5
445,6856,5
446,6856,5
447,6856,7
448,6856,2
449,6856,1
450,6856,2
452,6856,1
453,6856,1
454,6856,1
455,6856,1
461,6856,1
467,6856,1
473,6856,3
474,6856,3
475,6856,2
476,6856,4
477,6856,5
478,6856,7
479,6856,4
480,6856,2
481,6856,2
482,6856,1
483,6856,2
484,6856,1
485,6856,1
486,6856,2
487,6856,1
488,6856,4
489,6856,5
490,6856,5
491,6856,2
492,6856,4
493,6856,4
494,6856,4
495,6856,4
496,6856,7
497,6856,10
498,6856,5
499,6856,4
500,6856,4
501,6856,7
502,6856,2
503,6856,4
504,6856,4
505,6856,2
506,6856,2
507,6856,2
508,6856,2
509,6856,2
512,6856,1
513,6856,4
514,6856,3
515,6856,2
518,6856,2
519,6856,2
520,6856,2
521,6856,2
522,6856,3
523,6856,2
524,6856,2
525,6856,1
526,6856,2
527,6856,1
528,6856,3
529,6856,3
530,6856,1
532,6856,1
533,6856,3
536,6856,1
542,6856,1
543,6856,3
544,6856,4
545,6856,1
548,6856,1
551,6856,1
554,6856,1
559,6856,1
560,6856,1
561,6856,2
562,6856,2
563,6856,1
564,6856,4
565,6856,2
566,6856,2
567,6856,7
568,6856,12
569,6856,10
570,6856,5
571,6856,2
572,6856,10
573,6856,4
574,6856,5
575,6856,7
576,6856,9
577,6856,19
578,6856,15
579,6856,10
580,6856,3
581,6856,2
583,6856,1
584,6856,3
585,6856,2
586,6856,1
587,6856,1
593,6856,1
594,6856,1
365,6857,1
366,6857,1
367,6857,1
376,6857,1
381,6857,1
385,6857,1
386,6857,1
389,6857,1
390,6857,1
394,6857,3
395,6857,1
400,6857,1
402,6857,1
403,6857,2
404,6857,1
407,6857,2
408,6857,4
409,6857,3
410,6857,3
411,6857,5
412,6857,4
413,6857,1
414,6857,1
418,6857,3
419,6857,2
421,6857,2
422,6857,2
423,6857,4
424,6857,4
425,6857,4
426,6857,7
427,6857,7
428,6857,7
429,6857,4
430,6857,1
431,6857,3
432,6857,3
433,6857,6
434,6857,5
435,6857,12
436,6857,6
437,6857,3
438,6857,5
439,6857,14
440,6857,7
441,6857,10
442,6857,5
443,6857,5
444,6857,7
445,6857,6
446,6857,3
447,6857,6
448,6857,3
449,6857,2
450,6857,3
451,6857,1
453,6857,2
454,6857,1
460,6857,1
461,6857,2
463,6857,1
467,6857,1
468,6857,2
469,6857,2
470,6857,1
471,6857,1
472,6857,2
473,6857,2
474,6857,4
475,6857,2
476,6857,3
477,6857,3
478,6857,2
479,6857,1
480,6857,1
481,6857,2
483,6857,1
484,6857,1
485,6857,1
486,6857,2
487,6857,5
488,6857,5
489,6857,9
490,6857,5
491,6857,2
492,6857,3
493,6857,2
495,6857,4
496,6857,4
497,6857,4
498,6857,1
499,6857,3
500,6857,7
501,6857,6
502,6857,1
503,6857,5
504,6857,3
505,6857,2
506,6857,2
507,6857,4
508,6857,5
509,6857,3
510,6857,2
511,6857,3
512,6857,4
513,6857,5
514,6857,3
515,6857,3
516,6857,1
518,6857,1
519,6857,2
520,6857,3
521,6857,3
522,6857,2
523,6857,5
524,6857,5
525,6857,4
526,6857,2
527,6857,1
528,6857,1
530,6857,1
531,6857,2
533,6857,2
536,6857,1
537,6857,1
538,6857,1
539,6857,1
540,6857,1
541,6857,2
542,6857,1
543,6857,1
544,6857,1
545,6857,1
546,6857,1
548,6857,1
550,6857,1
551,6857,2
552,6857,1
560,6857,2
561,6857,3
562,6857,1
564,6857,3
565,6857,5
566,6857,2
567,6857,1
568,6857,3
569,6857,9
570,6857,5
571,6857,3
572,6857,8
573,6857,8
574,6857,3
575,6857,5
576,6857,5
577,6857,21
578,6857,18
579,6857,8
580,6857,1
581,6857,2
584,6857,3
585,6857,1
586,6857,4
587,6857,1
590,6857,1
365,6858,1
367,6858,1
373,6858,1
374,6858,1
382,6858,2
383,6858,1
385,6858,1
386,6858,1
389,6858,1
390,6858,2
396,6858,1
397,6858,1
398,6858,1
399,6858,2
400,6858,1
401,6858,1
402,6858,2
403,6858,2
404,6858,1
411,6858,2
412,6858,5
413,6858,3
414,6858,2
418,6858,1
419,6858,1
420,6858,1
422,6858,1
423,6858,2
424,6858,3
425,6858,5
426,6858,4
427,6858,6
428,6858,8
429,6858,9
430,6858,2
431,6858,1
432,6858,2
433,6858,3
434,6858,7
435,6858,7
436,6858,10
437,6858,6
438,6858,3
439,6858,7
440,6858,11
441,6858,12
442,6858,7
443,6858,5
444,6858,3
445,6858,5
446,6858,4
447,6858,4
448,6858,4
449,6858,4
451,6858,2
454,6858,2
455,6858,1
460,6858,1
461,6858,2
462,6858,1
464,6858,1
466,6858,1
468,6858,2
469,6858,2
471,6858,1
472,6858,4
473,6858,2
474,6858,2
475,6858,4
476,6858,6
477,6858,4
478,6858,3
479,6858,1
480,6858,3
481,6858,3
482,6858,3
483,6858,2
484,6858,2
485,6858,4
486,6858,5
487,6858,6
488,6858,4
489,6858,6
490,6858,6
491,6858,4
492,6858,3
494,6858,3
495,6858,3
496,6858,2
497,6858,2
498,6858,2
499,6858,3
500,6858,5
501,6858,9
502,6858,4
503,6858,2
504,6858,2
505,6858,4
506,6858,3
507,6858,1
508,6858,3
509,6858,3
511,6858,4
512,6858,3
513,6858,2
514,6858,1
515,6858,4
516,6858,2
517,6858,1
518,6858,3
520,6858,1
521,6858,5
522,6858,3
523,6858,3
524,6858,1
526,6858,3
527,6858,2
528,6858,2
529,6858,2
530,6858,3
531,6858,2
532,6858,2
533,6858,2
534,6858,1
535,6858,1
542,6858,1
543,6858,3
545,6858,1
548,6858,1
549,6858,1
550,6858,2
551,6858,1
553,6858,1
558,6858,1
559,6858,2
560,6858,3
561,6858,2
563,6858,1
564,6858,1
565,6858,5
566,6858,5
567,6858,2
568,6858,1
569,6858,7
570,6858,2
571,6858,3
572,6858,8
573,6858,12
574,6858,8
575,6858,5
576,6858,5
577,6858,12
578,6858,11
579,6858,7
580,6858,6
581,6858,3
582,6858,3
583,6858,2
584,6858,1
585,6858,3
586,6858,5
587,6858,1
588,6858,1
590,6858,1
591,6858,1
597,6858,1
364,6859,1
365,6859,1
381,6859,1
382,6859,1
383,6859,1
384,6859,1
385,6859,1
391,6859,1
392,6859,1
393,6859,1
394,6859,1
395,6859,1
396,6859,1
399,6859,1
400,6859,2
402,6859,1
403,6859,3
404,6859,3
405,6859,2
406,6859,1
408,6859,1
410,6859,1
415,6859,4
416,6859,3
417,6859,6
418,6859,3
420,6859,1
421,6859,1
422,6859,1
425,6859,1
426,6859,2
427,6859,2
428,6859,4
429,6859,3
430,6859,4
431,6859,3
432,6859,1
433,6859,1
434,6859,2
435,6859,7
436,6859,12
437,6859,11
438,6859,3
439,6859,4
440,6859,14
441,6859,13
442,6859,10
443,6859,6
444,6859,4
445,6859,8
446,6859,6
447,6859,4
448,6859,6
449,6859,4
450,6859,1
451,6859,2
452,6859,1
453,6859,1
455,6859,1
456,6859,2
457,6859,1
459,6859,1
460,6859,1
463,6859,1
465,6859,1
469,6859,1
470,6859,2
471,6859,1
472,6859,5
473,6859,4
474,6859,3
475,6859,4
476,6859,3
477,6859,2
478,6859,3
479,6859,3
480,6859,6
481,6859,8
482,6859,6
483,6859,3
484,6859,6
485,6859,5
486,6859,5
487,6859,5
488,6859,6
489,6859,6
490,6859,7
491,6859,9
492,6859,7
493,6859,6
494,6859,1
495,6859,1
496,6859,1
497,6859,4
498,6859,5
499,6859,4
500,6859,3
501,6859,3
502,6859,2
504,6859,1
508,6859,1
509,6859,1
512,6859,2
513,6859,5
514,6859,3
515,6859,4
516,6859,2
517,6859,1
521,6859,2
522,6859,2
523,6859,3
524,6859,4
526,6859,1
527,6859,1
528,6859,2
529,6859,2
530,6859,2
531,6859,1
533,6859,1
540,6859,1
545,6859,2
549,6859,1
550,6859,1
551,6859,1
554,6859,1
557,6859,1
559,6859,1
561,6859,1
564,6859,1
565,6859,1
566,6859,4
567,6859,3
568,6859,4
569,6859,6
570,6859,1
571,6859,7
572,6859,5
573,6859,13
574,6859,7
575,6859,5
576,6859,11
577,6859,9
578,6859,8
579,6859,7
580,6859,18
581,6859,8
582,6859,5
583,6859,2
584,6859,1
585,6859,5
586,6859,5
587,6859,1
588,6859,1
590,6859,1
591,6859,1
597,6859,1
598,6859,1
365,6860,1
376,6860,1
377,6860,1
390,6860,1
399,6860,1
400,6860,1
401,6860,2
402,6860,1
405,6860,1
407,6860,1
408,6860,2
409,6860,1
411,6860,1
415,6860,1
418,6860,2
419,6860,3
420,6860,1
421,6860,1
422,6860,2
423,6860,2
424,6860,2
425,6860,2
426,6860,2
427,6860,2
428,6860,2
429,6860,2
430,6860,3
431,6860,4
432,6860,5
433,6860,7
434,6860,6
435,6860,4
436,6860,8
437,6860,13
438,6860,11
439,6860,5
440,6860,3
441,6860,11
442,6860,13
443,6860,6
444,6860,1
445,6860,8
446,6860,10
447,6860,9
448,6860,4
449,6860,3
450,6860,1
451,6860,2
452,6860,2
453,6860,1
454,6860,3
455,6860,1
456,6860,1
458,6860,2
459,6860,1
460,6860,1
461,6860,1
462,6860,2
463,6860,2
464,6860,2
465,6860,1
467,6860,1
469,6860,1
470,6860,2
471,6860,1
472,6860,2
473,6860,3
474,6860,2
475,6860,5
476,6860,3
477,6860,1
478,6860,3
479,6860,4
480,6860,1
481,6860,1
482,6860,5
483,6860,10
484,6860,8
485,6860,5
486,6860,8
487,6860,11
488,6860,7
489,6860,7
490,6860,3
491,6860,4
492,6860,4
493,6860,2
494,6860,1
495,6860,1
496,6860,1
497,6860,2
499,6860,2
500,6860,1
501,6860,2
504,6860,1
505,6860,2
506,6860,2
507,6860,2
508,6860,2
512,6860,1
513,6860,3
514,6860,1
515,6860,3
516,6860,1
521,6860,2
522,6860,2
524,6860,2
525,6860,2
528,6860,1
529,6860,1
530,6860,1
533,6860,1
534,6860,1
540,6860,1
541,6860,1
544,6860,3
545,6860,2
549,6860,1
551,6860,1
552,6860,1
554,6860,1
557,6860,1
558,6860,1
559,6860,1
560,6860,1
564,6860,1
565,6860,1
566,6860,1
567,6860,1
568,6860,3
569,6860,3
570,6860,3
571,6860,4
572,6860,6
573,6860,5
574,6860,8
575,6860,8
576,6860,13
577,6860,5
578,6860,7
579,6860,9
580,6860,7
581,6860,15
582,6860,4
584,6860,1
585,6860,2
586,6860,5
587,6860,6
588,6860,2
590,6860,1
365,6861,1
366,6861,1
367,6861,1
370,6861,1
371,6861,1
379,6861,1
380,6861,1
381,6861,1
382,6861,1
383,6861,2
384,6861,1
389,6861,1
390,6861,1
392,6861,1
393,6861,1
394,6861,1
395,6861,1
396,6861,1
397,6861,1
398,6861,1
399,6861,2
400,6861,1
401,6861,1
405,6861,1
407,6861,2
408,6861,1
409,6861,1
413,6861,1
414,6861,1
415,6861,1
418,6861,2
419,6861,2
422,6861,1
423,6861,1
424,6861,1
425,6861,3
426,6861,2
427,6861,3
428,6861,4
429,6861,4
430,6861,3
432,6861,2
433,6861,8
434,6861,8
435,6861,9
436,6861,6
437,6861,5
438,6861,14
439,6861,11
440,6861,5
441,6861,7
442,6861,9
443,6861,14
444,6861,7
445,6861,7
446,6861,10
447,6861,4
448,6861,3
449,6861,4
451,6861,2
452,6861,2
453,6861,3
454,6861,1
458,6861,2
459,6861,3
461,6861,1
462,6861,1
463,6861,1
465,6861,1
467,6861,1
468,6861,2
469,6861,2
470,6861,3
471,6861,5
472,6861,4
473,6861,7
474,6861,7
475,6861,6
476,6861,5
477,6861,2
479,6861,1
480,6861,3
481,6861,4
482,6861,7
483,6861,12
484,6861,7
485,6861,3
486,6861,2
487,6861,3
488,6861,2
489,6861,3
490,6861,2
491,6861,4
492,6861,5
493,6861,3
494,6861,5
495,6861,2
496,6861,1
497,6861,2
498,6861,1
499,6861,2
500,6861,1
503,6861,1
504,6861,3
505,6861,1
507,6861,1
508,6861,3
511,6861,1
512,6861,1
515,6861,1
518,6861,1
519,6861,1
521,6861,1
522,6861,1
523,6861,2
524,6861,3
525,6861,1
534,6861,1
541,6861,1
544,6861,2
545,6861,1
546,6861,2
549,6861,1
552,6861,1
554,6861,1
555,6861,2
556,6861,1
557,6861,1
565,6861,2
566,6861,2
568,6861,1
569,6861,4
570,6861,4
571,6861,1
572,6861,9
573,6861,7
574,6861,5
575,6861,6
576,6861,14
577,6861,9
578,6861,5
579,6861,3
580,6861,6
581,6861,11
582,6861,13
583,6861,1
585,6861,2
586,6861,6
587,6861,5
365,6862,1
366,6862,1
369,6862,1
370,6862,2
371,6862,1
374,6862,1
383,6862,1
384,6862,1
385,6862,2
387,6862,1
388,6862,1
389,6862,1
393,6862,1
407,6862,1
408,6862,1
409,6862,2
410,6862,3
411,6862,2
412,6862,2
413,6862,1
414,6862,1
415,6862,1
416,6862,1
417,6862,1
418,6862,1
419,6862,3
420,6862,2
421,6862,1
422,6862,1
425,6862,1
426,6862,4
427,6862,3
428,6862,3
429,6862,3
430,6862,3
431,6862,3
432,6862,7
433,6862,6
434,6862,4
435,6862,7
436,6862,6
437,6862,6
438,6862,11
439,6862,10
440,6862,13
441,6862,4
442,6862,6
443,6862,7
444,6862,11
445,6862,8
446,6862,12
447,6862,7
448,6862,2
449,6862,5
451,6862,2
452,6862,1
453,6862,1
457,6862,1
458,6862,2
459,6862,3
462,6862,1
463,6862,2
465,6862,1
466,6862,1
467,6862,2
468,6862,3
469,6862,7
470,6862,7
471,6862,10
472,6862,19
473,6862,12
474,6862,6
475,6862,1
476,6862,3
477,6862,2
478,6862,4
479,6862,5
480,6862,2
481,6862,2
482,6862,6
483,6862,5
484,6862,3
485,6862,3
486,6862,4
487,6862,1
489,6862,1
490,6862,2
491,6862,1
492,6862,4
493,6862,3
494,6862,2
495,6862,2
496,6862,1
497,6862,3
498,6862,3
499,6862,1
503,6862,1
504,6862,3
505,6862,4
506,6862,1
507,6862,3
508,6862,2
509,6862,2
511,6862,2
512,6862,1
513,6862,2
514,6862,2
515,6862,2
520,6862,1
526,6862,1
544,6862,1
546,6862,1
547,6862,1
548,6862,2
549,6862,1
552,6862,1
555,6862,1
556,6862,3
557,6862,1
558,6862,1
568,6862,2
569,6862,4
570,6862,3
571,6862,1
572,6862,5
573,6862,3
574,6862,4
575,6862,6
576,6862,10
577,6862,7
578,6862,4
579,6862,2
580,6862,4
581,6862,8
582,6862,11
583,6862,8
586,6862,5
588,6862,1
590,6862,1
602,6862,1
363,6863,1
364,6863,1
365,6863,1
368,6863,1
373,6863,1
385,6863,2
388,6863,1
389,6863,1
390,6863,1
393,6863,1
394,6863,1
395,6863,1
396,6863,1
408,6863,1
409,6863,1
413,6863,1
414,6863,1
419,6863,1
420,6863,1
421,6863,2
422,6863,1
424,6863,1
425,6863,4
426,6863,6
427,6863,4
429,6863,3
430,6863,2
431,6863,2
432,6863,5
433,6863,7
434,6863,7
435,6863,2
436,6863,6
437,6863,4
438,6863,6
439,6863,7
440,6863,13
441,6863,12
442,6863,7
443,6863,10
444,6863,9
445,6863,10
446,6863,15
447,6863,12
448,6863,4
449,6863,4
450,6863,1
451,6863,1
452,6863,4
453,6863,1
455,6863,2
457,6863,1
458,6863,2
459,6863,1
461,6863,1
462,6863,2
463,6863,3
464,6863,3
465,6863,1
466,6863,4
467,6863,5
468,6863,5
469,6863,3
470,6863,9
471,6863,12
472,6863,3
473,6863,3
474,6863,4
475,6863,1
476,6863,7
477,6863,3
478,6863,3
479,6863,8
480,6863,7
481,6863,6
482,6863,4
483,6863,3
484,6863,4
485,6863,4
487,6863,1
488,6863,4
489,6863,2
490,6863,1
491,6863,1
492,6863,2
493,6863,1
494,6863,2
495,6863,2
497,6863,1
498,6863,5
499,6863,4
501,6863,3
502,6863,1
504,6863,3
505,6863,4
506,6863,4
507,6863,4
508,6863,1
509,6863,4
510,6863,4
511,6863,3
512,6863,1
513,6863,2
514,6863,2
515,6863,3
516,6863,3
517,6863,4
518,6863,2
519,6863,3
520,6863,2
521,6863,1
524,6863,1
526,6863,1
527,6863,2
528,6863,1
534,6863,1
535,6863,1
536,6863,1
547,6863,3
548,6863,3
552,6863,1
556,6863,2
557,6863,1
558,6863,2
561,6863,1
562,6863,1
563,6863,1
564,6863,2
565,6863,3
567,6863,1
569,6863,2
570,6863,3
571,6863,3
572,6863,6
573,6863,6
575,6863,11
576,6863,9
577,6863,13
578,6863,12
579,6863,12
580,6863,11
581,6863,8
582,6863,8
583,6863,18
584,6863,3
585,6863,2
586,6863,4
587,6863,5
588,6863,1
589,6863,1
590,6863,1
604,6863,1
605,6863,1
364,6864,1
365,6864,2
366,6864,1
367,6864,4
368,6864,5
369,6864,1
385,6864,1
387,6864,1
388,6864,2
389,6864,1
393,6864,1
394,6864,1
396,6864,1
397,6864,2
398,6864,1
404,6864,1
405,6864,1
407,6864,1
408,6864,2
409,6864,2
411,6864,1
412,6864,2
413,6864,4
414,6864,2
415,6864,2
421,6864,1
422,6864,1
423,6864,1
425,6864,2
426,6864,3
427,6864,2
428,6864,4
429,6864,3
430,6864,4
432,6864,2
433,6864,5
434,6864,6
435,6864,3
436,6864,5
437,6864,7
438,6864,7
439,6864,7
440,6864,10
441,6864,18
442,6864,16
443,6864,19
444,6864,8
445,6864,8
446,6864,17
447,6864,12
448,6864,9
449,6864,4
450,6864,3
451,6864,1
452,6864,1
454,6864,3
455,6864,3
456,6864,1
457,6864,2
458,6864,2
459,6864,1
460,6864,1
461,6864,5
462,6864,4
463,6864,3
464,6864,1
466,6864,2
467,6864,4
468,6864,6
469,6864,6
470,6864,7
471,6864,3
472,6864,4
473,6864,7
474,6864,8
475,6864,8
476,6864,6
477,6864,4
478,6864,6
479,6864,7
480,6864,7
481,6864,6
482,6864,4
483,6864,5
484,6864,2
485,6864,4
487,6864,2
488,6864,3
489,6864,4
490,6864,4
491,6864,7
492,6864,4
493,6864,3
494,6864,6
495,6864,7
496,6864,3
497,6864,4
498,6864,6
499,6864,6
500,6864,4
501,6864,2
502,6864,6
503,6864,2
504,6864,4
505,6864,2
506,6864,2
507,6864,2
508,6864,1
509,6864,3
510,6864,3
511,6864,3
515,6864,1
516,6864,2
517,6864,2
518,6864,3
519,6864,1
520,6864,1
523,6864,1
524,6864,1
527,6864,2
528,6864,1
536,6864,2
541,6864,1
542,6864,1
543,6864,1
544,6864,1
547,6864,2
548,6864,1
549,6864,1
556,6864,2
557,6864,1
558,6864,2
561,6864,1
564,6864,3
565,6864,1
569,6864,1
570,6864,3
572,6864,2
573,6864,5
575,6864,10
576,6864,16
577,6864,18
578,6864,18
579,6864,23
580,6864,12
581,6864,6
582,6864,3
583,6864,16
584,6864,15
585,6864,2
586,6864,4
587,6864,3
589,6864,1
607,6864,1
611,6864,1
366,6865,1
367,6865,1
368,6865,1
369,6865,1
374,6865,1
390,6865,1
395,6865,1
397,6865,2
398,6865,4
399,6865,3
400,6865,1
401,6865,1
405,6865,1
406,6865,2
407,6865,1
409,6865,1
410,6865,1
411,6865,2
412,6865,3
413,6865,2
414,6865,1
415,6865,1
417,6865,1
418,6865,1
420,6865,2
421,6865,1
426,6865,1
427,6865,1
428,6865,1
429,6865,4
430,6865,5
431,6865,5
432,6865,3
433,6865,5
434,6865,10
435,6865,6
436,6865,4
437,6865,9
438,6865,5
439,6865,10
440,6865,12
441,6865,10
442,6865,24
443,6865,22
444,6865,19
445,6865,10
446,6865,12
447,6865,6
448,6865,13
449,6865,4
450,6865,3
453,6865,3
454,6865,5
455,6865,2
456,6865,1
457,6865,3
458,6865,2
459,6865,2
460,6865,5
461,6865,3
462,6865,3
463,6865,3
464,6865,3
465,6865,3
466,6865,6
467,6865,11
468,6865,10
469,6865,3
470,6865,2
471,6865,3
472,6865,7
473,6865,9
474,6865,10
475,6865,10
476,6865,4
477,6865,5
478,6865,5
479,6865,3
480,6865,4
481,6865,1
482,6865,2
483,6865,5
484,6865,4
485,6865,2
487,6865,1
488,6865,3
489,6865,3
490,6865,5
491,6865,7
492,6865,5
493,6865,3
494,6865,3
495,6865,2
496,6865,6
497,6865,4
498,6865,1
499,6865,6
500,6865,5
501,6865,2
502,6865,3
503,6865,2
504,6865,3
505,6865,3
506,6865,1
508,6865,1
509,6865,2
510,6865,1
511,6865,1
512,6865,1
514,6865,2
515,6865,2
516,6865,1
517,6865,1
519,6865,1
526,6865,1
527,6865,2
536,6865,1
544,6865,2
548,6865,1
549,6865,2
551,6865,1
552,6865,2
553,6865,1
556,6865,1
557,6865,1
558,6865,2
559,6865,1
560,6865,3
561,6865,3
562,6865,1
564,6865,1
565,6865,1
569,6865,2
570,6865,3
571,6865,2
572,6865,4
573,6865,4
574,6865,3
575,6865,4
576,6865,6
577,6865,11
578,6865,8
579,6865,11
580,6865,7
581,6865,4
582,6865,5
583,6865,9
584,6865,13
585,6865,6
586,6865,3
587,6865,5
588,6865,5
590,6865,1
592,6865,1
610,6865,1
611,6865,1
368,6866,1
369,6866,1
374,6866,1
386,6866,1
387,6866,1
388,6866,1
389,6866,1
390,6866,1
397,6866,1
398,6866,2
399,6866,2
400,6866,1
401,6866,1
402,6866,3
403,6866,2
404,6866,2
405,6866,2
406,6866,1
411,6866,1
412,6866,3
413,6866,5
414,6866,5
415,6866,2
416,6866,3
417,6866,4
418,6866,1
419,6866,1
420,6866,3
421,6866,4
422,6866,2
423,6866,2
424,6866,3
425,6866,2
426,6866,2
427,6866,1
428,6866,1
429,6866,2
430,6866,4
431,6866,4
434,6866,3
435,6866,3
436,6866,10
437,6866,13
438,6866,13
439,6866,13
440,6866,19
441,6866,12
442,6866,12
443,6866,18
444,6866,20
445,6866,17
446,6866,10
447,6866,11
448,6866,17
449,6866,9
450,6866,1
451,6866,3
452,6866,3
453,6866,1
454,6866,2
455,6866,1
456,6866,3
458,6866,2
459,6866,4
460,6866,5
461,6866,3
462,6866,4
463,6866,4
464,6866,15
465,6866,9
466,6866,4
467,6866,6
468,6866,4
469,6866,3
470,6866,2
471,6866,6
472,6866,4
473,6866,3
474,6866,4
475,6866,14
476,6866,4
477,6866,4
478,6866,11
479,6866,8
480,6866,8
481,6866,3
482,6866,2
483,6866,4
484,6866,5
485,6866,6
486,6866,6
487,6866,4
488,6866,3
489,6866,1
490,6866,3
491,6866,1
492,6866,2
493,6866,3
494,6866,1
495,6866,1
496,6866,2
497,6866,2
499,6866,2
500,6866,5
501,6866,5
502,6866,3
503,6866,3
504,6866,4
505,6866,2
509,6866,1
510,6866,2
511,6866,1
514,6866,2
515,6866,1
516,6866,1
521,6866,1
522,6866,2
523,6866,2
526,6866,1
536,6866,1
544,6866,1
547,6866,1
548,6866,1
549,6866,1
553,6866,1
554,6866,1
555,6866,1
556,6866,2
557,6866,2
558,6866,1
560,6866,2
561,6866,3
562,6866,2
563,6866,3
568,6866,1
570,6866,3
571,6866,2
572,6866,4
573,6866,4
574,6866,6
575,6866,6
576,6866,3
577,6866,4
578,6866,8
579,6866,11
580,6866,14
581,6866,8
582,6866,11
583,6866,8
584,6866,8
585,6866,15
586,6866,5
588,6866,4
589,6866,4
590,6866,1
591,6866,1
592,6866,1
364,6867,1
365,6867,2
367,6867,2
368,6867,2
369,6867,1
371,6867,1
374,6867,1
388,6867,1
389,6867,1
390,6867,1
391,6867,1
401,6867,1
402,6867,2
403,6867,2
404,6867,3
405,6867,2
406,6867,2
407,6867,4
412,6867,1
413,6867,2
414,6867,2
415,6867,2
416,6867,1
417,6867,1
420,6867,4
421,6867,2
422,6867,1
423,6867,2
424,6867,3
428,6867,2
429,6867,3
430,6867,4
431,6867,2
432,6867,4
433,6867,4
434,6867,4
435,6867,2
436,6867,5
437,6867,8
438,6867,7
439,6867,11
440,6867,19
441,6867,15
442,6867,11
443,6867,15
444,6867,25
445,6867,29
446,6867,19
447,6867,21
448,6867,23
449,6867,6
450,6867,2
451,6867,3
452,6867,2
453,6867,3
454,6867,2
455,6867,1
456,6867,3
457,6867,1
458,6867,4
459,6867,7
460,6867,9
461,6867,8
462,6867,13
463,6867,16
464,6867,18
465,6867,8
466,6867,8
467,6867,4
468,6867,7
469,6867,6
470,6867,7
471,6867,11
472,6867,10
473,6867,5
474,6867,6
475,6867,11
476,6867,13
477,6867,12
478,6867,10
479,6867,5
480,6867,8
481,6867,2
482,6867,2
483,6867,3
484,6867,3
485,6867,2
486,6867,3
487,6867,4
488,6867,4
489,6867,4
490,6867,4
491,6867,2
492,6867,1
493,6867,1
494,6867,3
495,6867,1
496,6867,3
497,6867,2
498,6867,4
499,6867,2
500,6867,2
501,6867,2
502,6867,2
503,6867,3
504,6867,3
507,6867,1
508,6867,2
509,6867,2
510,6867,2
511,6867,6
512,6867,3
513,6867,1
514,6867,2
515,6867,1
516,6867,2
523,6867,1
526,6867,1
527,6867,1
536,6867,1
541,6867,1
547,6867,1
548,6867,1
549,6867,1
556,6867,1
560,6867,1
561,6867,1
562,6867,1
563,6867,1
564,6867,1
569,6867,1
572,6867,2
573,6867,1
574,6867,7
575,6867,11
576,6867,4
577,6867,6
578,6867,6
579,6867,10
580,6867,7
581,6867,8
582,6867,9
583,6867,6
584,6867,8
585,6867,12
586,6867,12
587,6867,7
588,6867,2
589,6867,2
590,6867,3
592,6867,1
371,6868,1
373,6868,2
374,6868,1
385,6868,1
386,6868,2
387,6868,1
401,6868,1
402,6868,1
403,6868,2
404,6868,2
407,6868,1
411,6868,1
412,6868,1
415,6868,1
416,6868,1
417,6868,1
418,6868,1
421,6868,1
422,6868,1
423,6868,3
424,6868,2
425,6868,1
426,6868,1
428,6868,1
429,6868,2
430,6868,3
431,6868,1
432,6868,2
433,6868,3
434,6868,3
435,6868,2
437,6868,4
438,6868,4
439,6868,4
440,6868,4
441,6868,9
442,6868,10
443,6868,9
444,6868,27
445,6868,46
446,6868,61
447,6868,45
448,6868,26
449,6868,7
450,6868,3
451,6868,2
452,6868,1
453,6868,6
454,6868,2
455,6868,1
456,6868,1
457,6868,5
458,6868,5
459,6868,9
460,6868,13
461,6868,11
462,6868,8
463,6868,2
464,6868,4
465,6868,8
466,6868,5
467,6868,13
468,6868,11
469,6868,16
470,6868,16
471,6868,14
472,6868,15
473,6868,15
474,6868,7
475,6868,5
476,6868,8
477,6868,8
478,6868,10
479,6868,6
480,6868,7
481,6868,6
482,6868,6
483,6868,7
484,6868,4
486,6868,2
487,6868,4
488,6868,4
489,6868,1
490,6868,3
491,6868,1
492,6868,3
493,6868,3
494,6868,1
495,6868,2
496,6868,3
497,6868,3
498,6868,4
499,6868,4
500,6868,4
501,6868,2
502,6868,2
503,6868,4
504,6868,3
505,6868,3
506,6868,4
507,6868,3
508,6868,5
509,6868,6
510,6868,3
511,6868,4
512,6868,2
513,6868,2
514,6868,3
515,6868,1
516,6868,1
517,6868,2
518,6868,1
521,6868,2
525,6868,1
526,6868,1
530,6868,1
531,6868,1
544,6868,1
548,6868,2
549,6868,2
560,6868,1
561,6868,1
562,6868,2
563,6868,2
564,6868,1
570,6868,2
571,6868,1
573,6868,2
574,6868,2
575,6868,5
576,6868,1
577,6868,6
578,6868,10
579,6868,13
580,6868,12
581,6868,8
582,6868,19
583,6868,16
584,6868,12
585,6868,11
586,6868,14
587,6868,6
588,6868,2
589,6868,3
590,6868,4
591,6868,2
364,6869,2
371,6869,2
372,6869,2
373,6869,2
374,6869,1
389,6869,1
390,6869,1
404,6869,1
405,6869,2
406,6869,1
407,6869,1
409,6869,1
411,6869,1
416,6869,1
418,6869,1
419,6869,1
421,6869,3
422,6869,2
423,6869,1
425,6869,2
426,6869,1
427,6869,2
428,6869,2
429,6869,3
430,6869,2
431,6869,1
432,6869,2
433,6869,2
434,6869,1
435,6869,1
436,6869,2
437,6869,4
438,6869,3
439,6869,3
440,6869,3
441,6869,7
442,6869,11
443,6869,14
444,6869,13
445,6869,44
446,6869,105
447,6869,139
448,6869,44
449,6869,8
450,6869,4
451,6869,5
452,6869,3
453,6869,3
454,6869,2
455,6869,6
456,6869,12
457,6869,14
458,6869,13
459,6869,17
460,6869,12
461,6869,12
462,6869,10
463,6869,8
464,6869,5
465,6869,8
466,6869,19
467,6869,20
468,6869,18
469,6869,13
470,6869,8
471,6869,4
472,6869,4
473,6869,7
474,6869,16
475,6869,11
476,6869,3
478,6869,6
479,6869,9
480,6869,7
481,6869,7
482,6869,4
483,6869,5
484,6869,3
485,6869,6
486,6869,5
487,6869,5
488,6869,9
489,6869,8
490,6869,5
491,6869,2
492,6869,2
493,6869,2
494,6869,3
497,6869,3
498,6869,2
499,6869,1
500,6869,2
501,6869,2
502,6869,3
503,6869,1
504,6869,6
505,6869,5
506,6869,3
507,6869,5
508,6869,3
509,6869,3
510,6869,2
513,6869,2
514,6869,1
515,6869,1
521,6869,1
522,6869,1
526,6869,1
531,6869,1
549,6869,3
553,6869,1
555,6869,1
556,6869,1
560,6869,1
562,6869,1
563,6869,2
564,6869,1
570,6869,1
571,6869,4
572,6869,2
574,6869,1
575,6869,3
576,6869,2
577,6869,4
578,6869,13
579,6869,12
580,6869,13
581,6869,15
582,6869,13
583,6869,23
584,6869,20
585,6869,14
586,6869,18
587,6869,12
588,6869,3
589,6869,5
590,6869,3
591,6869,3
592,6869,1
363,6870,2
364,6870,2
371,6870,2
374,6870,1
388,6870,1
390,6870,2
391,6870,1
392,6870,1
393,6870,1
394,6870,1
398,6870,1
399,6870,1
400,6870,1
404,6870,1
405,6870,2
406,6870,2
407,6870,2
415,6870,1
416,6870,1
418,6870,2
419,6870,1
423,6870,1
424,6870,1
426,6870,2
427,6870,5
428,6870,7
429,6870,4
430,6870,1
432,6870,1
433,6870,1
434,6870,2
435,6870,1
436,6870,1
437,6870,5
438,6870,5
439,6870,8
440,6870,5
441,6870,5
442,6870,7
443,6870,5
444,6870,12
445,6870,24
446,6870,61
447,6870,173
448,6870,49
449,6870,5
450,6870,5
451,6870,3
452,6870,7
453,6870,7
454,6870,10
455,6870,10
456,6870,19
457,6870,22
458,6870,17
459,6870,14
460,6870,19
461,6870,19
462,6870,16
463,6870,14
464,6870,14
465,6870,10
466,6870,7
467,6870,13
468,6870,10
469,6870,7
470,6870,3
471,6870,8
472,6870,3
473,6870,6
474,6870,14
475,6870,10
476,6870,7
477,6870,8
478,6870,5
479,6870,5
480,6870,5
481,6870,5
482,6870,6
483,6870,3
484,6870,2
485,6870,3
486,6870,4
487,6870,6
488,6870,7
489,6870,7
490,6870,6
491,6870,3
492,6870,1
493,6870,1
494,6870,2
495,6870,2
496,6870,2
497,6870,7
498,6870,3
499,6870,2
500,6870,1
503,6870,1
504,6870,3
505,6870,6
506,6870,4
507,6870,2
508,6870,1
509,6870,6
510,6870,4
514,6870,1
515,6870,2
516,6870,2
517,6870,1
521,6870,1
522,6870,1
523,6870,1
524,6870,1
526,6870,1
527,6870,1
531,6870,1
532,6870,1
533,6870,1
534,6870,1
541,6870,1
548,6870,1
549,6870,3
552,6870,1
553,6870,1
555,6870,1
562,6870,2
563,6870,1
571,6870,2
572,6870,2
575,6870,3
576,6870,3
577,6870,1
578,6870,8
579,6870,7
580,6870,8
581,6870,16
582,6870,15
583,6870,17
584,6870,21
585,6870,10
586,6870,10
587,6870,8
588,6870,2
589,6870,2
590,6870,1
591,6870,5
592,6870,1
366,6871,1
367,6871,1
373,6871,1
374,6871,1
386,6871,1
387,6871,1
388,6871,1
390,6871,1
391,6871,2
392,6871,2
393,6871,2
394,6871,1
397,6871,1
398,6871,1
399,6871,1
400,6871,2
401,6871,2
402,6871,2
408,6871,1
409,6871,1
410,6871,2
411,6871,2
412,6871,1
419,6871,2
420,6871,2
421,6871,1
425,6871,1
426,6871,1
428,6871,1
430,6871,2
431,6871,4
432,6871,2
434,6871,1
435,6871,1
436,6871,1
437,6871,5
438,6871,5
439,6871,6
440,6871,4
441,6871,2
442,6871,5
443,6871,3
444,6871,4
445,6871,8
446,6871,7
447,6871,10
448,6871,6
449,6871,10
450,6871,11
451,6871,11
452,6871,14
453,6871,13
454,6871,13
455,6871,18
456,6871,18
457,6871,13
458,6871,12
459,6871,10
460,6871,10
461,6871,9
462,6871,18
463,6871,12
464,6871,16
465,6871,11
466,6871,10
467,6871,12
468,6871,15
469,6871,12
470,6871,6
471,6871,5
472,6871,4
473,6871,2
474,6871,4
475,6871,7
476,6871,4
477,6871,7
478,6871,6
479,6871,1
480,6871,3
481,6871,5
482,6871,6
483,6871,3
484,6871,4
485,6871,4
486,6871,5
487,6871,6
488,6871,3
489,6871,3
490,6871,5
491,6871,4
492,6871,4
493,6871,2
494,6871,3
495,6871,2
496,6871,1
497,6871,4
498,6871,8
499,6871,4
500,6871,3
501,6871,2
502,6871,4
503,6871,3
504,6871,3
505,6871,2
506,6871,4
507,6871,2
508,6871,1
509,6871,3
510,6871,5
511,6871,4
514,6871,4
515,6871,2
516,6871,1
518,6871,1
522,6871,1
523,6871,1
524,6871,2
525,6871,1
526,6871,2
527,6871,1
537,6871,1
540,6871,1
541,6871,2
549,6871,1
550,6871,1
553,6871,1
554,6871,1
559,6871,1
562,6871,1
568,6871,1
569,6871,1
571,6871,1
576,6871,1
577,6871,2
578,6871,2
579,6871,7
580,6871,7
581,6871,5
582,6871,14
583,6871,17
584,6871,21
585,6871,19
586,6871,12
587,6871,1
588,6871,11
589,6871,4
590,6871,2
591,6871,4
592,6871,2
365,6872,2
375,6872,2
376,6872,2
377,6872,2
378,6872,1
379,6872,1
380,6872,1
392,6872,1
397,6872,1
398,6872,1
399,6872,1
408,6872,1
410,6872,1
411,6872,3
412,6872,2
413,6872,3
414,6872,4
415,6872,2
417,6872,1
420,6872,2
421,6872,4
422,6872,2
423,6872,1
424,6872,2
425,6872,2
426,6872,6
427,6872,4
430,6872,4
431,6872,7
432,6872,4
433,6872,1
434,6872,5
435,6872,3
436,6872,4
437,6872,4
439,6872,2
441,6872,2
442,6872,3
443,6872,3
444,6872,6
445,6872,8
446,6872,8
447,6872,11
448,6872,16
449,6872,15
450,6872,10
451,6872,19
452,6872,26
453,6872,26
454,6872,25
455,6872,10
456,6872,10
457,6872,8
458,6872,10
459,6872,14
460,6872,10
461,6872,8
462,6872,7
463,6872,8
464,6872,10
465,6872,6
466,6872,8
467,6872,10
468,6872,7
469,6872,7
470,6872,8
471,6872,4
472,6872,7
473,6872,9
474,6872,7
475,6872,3
476,6872,1
477,6872,5
478,6872,9
479,6872,10
480,6872,9
481,6872,7
482,6872,5
483,6872,5
484,6872,3
485,6872,5
486,6872,3
487,6872,5
488,6872,3
489,6872,5
490,6872,5
491,6872,5
492,6872,4
493,6872,1
494,6872,3
495,6872,3
496,6872,4
497,6872,4
498,6872,8
499,6872,9
500,6872,8
501,6872,1
502,6872,2
503,6872,3
504,6872,3
505,6872,3
506,6872,4
507,6872,5
508,6872,3
510,6872,3
511,6872,4
512,6872,2
513,6872,2
514,6872,4
515,6872,3
517,6872,1
526,6872,1
537,6872,1
540,6872,1
541,6872,2
542,6872,1
543,6872,2
547,6872,1
549,6872,2
553,6872,1
554,6872,1
558,6872,1
559,6872,1
561,6872,1
570,6872,1
571,6872,1
574,6872,2
576,6872,2
577,6872,2
578,6872,3
579,6872,2
580,6872,2
581,6872,5
582,6872,9
583,6872,17
584,6872,15
585,6872,18
586,6872,18
587,6872,7
588,6872,16
589,6872,13
591,6872,5
592,6872,2
593,6872,1
363,6873,1
364,6873,1
366,6873,1
368,6873,1
375,6873,2
376,6873,1
377,6873,1
378,6873,1
379,6873,2
380,6873,2
384,6873,1
385,6873,1
393,6873,2
394,6873,2
395,6873,2
397,6873,2
398,6873,2
402,6873,1
403,6873,4
404,6873,4
405,6873,1
409,6873,4
410,6873,4
411,6873,3
412,6873,1
413,6873,1
414,6873,1
415,6873,1
417,6873,2
418,6873,1
419,6873,1
421,6873,1
422,6873,1
425,6873,2
426,6873,3
427,6873,1
431,6873,1
432,6873,2
433,6873,3
434,6873,5
435,6873,4
436,6873,3
437,6873,4
438,6873,4
439,6873,5
440,6873,2
441,6873,2
442,6873,2
443,6873,2
444,6873,8
445,6873,10
446,6873,22
447,6873,30
448,6873,22
449,6873,26
450,6873,22
451,6873,23
452,6873,23
453,6873,17
454,6873,11
455,6873,13
456,6873,13
457,6873,17
458,6873,14
459,6873,11
460,6873,8
461,6873,8
462,6873,6
463,6873,8
464,6873,14
465,6873,11
466,6873,6
467,6873,9
468,6873,9
469,6873,5
470,6873,6
471,6873,7
472,6873,5
473,6873,6
474,6873,5
475,6873,5
476,6873,3
477,6873,1
478,6873,5
479,6873,6
480,6873,4
481,6873,5
482,6873,2
483,6873,8
484,6873,6
485,6873,6
486,6873,4
487,6873,6
488,6873,4
489,6873,4
490,6873,7
491,6873,4
492,6873,5
493,6873,1
494,6873,3
495,6873,8
496,6873,5
497,6873,5
498,6873,2
499,6873,6
500,6873,7
501,6873,7
502,6873,3
503,6873,1
504,6873,1
505,6873,3
506,6873,5
507,6873,2
508,6873,2
509,6873,3
510,6873,2
511,6873,2
512,6873,3
513,6873,2
515,6873,1
520,6873,1
526,6873,1
540,6873,1
541,6873,1
542,6873,2
544,6873,1
546,6873,1
547,6873,1
549,6873,3
551,6873,1
552,6873,1
559,6873,1
560,6873,1
561,6873,1
563,6873,1
566,6873,1
567,6873,1
571,6873,1
572,6873,1
574,6873,2
575,6873,1
577,6873,1
578,6873,1
579,6873,3
580,6873,2
581,6873,2
582,6873,5
583,6873,8
584,6873,16
585,6873,10
586,6873,22
587,6873,22
588,6873,9
589,6873,19
590,6873,5
591,6873,9
592,6873,2
593,6873,2
346,6874,1
363,6874,1
364,6874,2
365,6874,1
366,6874,1
367,6874,2
368,6874,2
387,6874,2
388,6874,2
389,6874,2
398,6874,1
404,6874,2
405,6874,1
406,6874,1
410,6874,1
411,6874,1
412,6874,3
413,6874,1
415,6874,1
416,6874,1
417,6874,2
418,6874,4
419,6874,3
420,6874,1
421,6874,1
423,6874,2
424,6874,1
430,6874,1
431,6874,1
433,6874,4
434,6874,3
435,6874,1
436,6874,5
437,6874,4
438,6874,1
439,6874,3
440,6874,2
441,6874,1
442,6874,5
443,6874,4
444,6874,14
445,6874,91
446,6874,132
447,6874,81
448,6874,35
449,6874,26
450,6874,25
451,6874,20
452,6874,17
453,6874,10
454,6874,6
455,6874,14
456,6874,10
457,6874,12
458,6874,14
459,6874,14
460,6874,14
461,6874,14
462,6874,7
463,6874,6
464,6874,7
465,6874,8
466,6874,7
467,6874,8
468,6874,13
469,6874,10
470,6874,6
471,6874,5
472,6874,9
473,6874,6
474,6874,2
475,6874,3
476,6874,3
477,6874,4
478,6874,3
479,6874,4
480,6874,4
481,6874,2
482,6874,4
483,6874,5
484,6874,4
485,6874,4
486,6874,4
487,6874,2
488,6874,5
489,6874,2
490,6874,5
491,6874,4
492,6874,4
493,6874,3
494,6874,3
495,6874,6
496,6874,5
497,6874,6
498,6874,4
499,6874,3
500,6874,2
501,6874,4
502,6874,6
503,6874,3
504,6874,1
505,6874,2
506,6874,5
507,6874,4
508,6874,4
509,6874,5
510,6874,4
511,6874,3
512,6874,2
513,6874,3
515,6874,3
516,6874,1
522,6874,1
526,6874,1
527,6874,1
528,6874,1
529,6874,1
538,6874,1
539,6874,1
541,6874,1
544,6874,1
545,6874,1
546,6874,1
547,6874,1
549,6874,2
554,6874,1
559,6874,1
560,6874,1
564,6874,1
565,6874,1
566,6874,1
575,6874,2
576,6874,2
577,6874,1
578,6874,1
579,6874,4
580,6874,2
581,6874,2
582,6874,4
583,6874,6
584,6874,12
585,6874,19
586,6874,16
587,6874,20
588,6874,5
589,6874,14
590,6874,11
591,6874,8
592,6874,5
596,6874,1
367,6875,3
368,6875,4
384,6875,1
385,6875,1
396,6875,1
406,6875,1
411,6875,1
412,6875,2
415,6875,2
416,6875,3
418,6875,2
419,6875,3
420,6875,1
421,6875,1
422,6875,5
423,6875,5
424,6875,3
429,6875,1
430,6875,2
431,6875,1
433,6875,2
435,6875,3
436,6875,6
437,6875,3
438,6875,4
439,6875,4
440,6875,4
441,6875,3
442,6875,8
443,6875,6
444,6875,32
445,6875,240
446,6875,217
447,6875,105
448,6875,46
449,6875,14
450,6875,13
451,6875,13
452,6875,15
453,6875,11
454,6875,11
455,6875,8
456,6875,7
457,6875,5
458,6875,4
459,6875,5
460,6875,9
461,6875,11
462,6875,7
463,6875,10
464,6875,4
465,6875,2
466,6875,3
467,6875,2
468,6875,4
469,6875,6
470,6875,7
471,6875,2
472,6875,6
473,6875,8
474,6875,6
475,6875,5
477,6875,3
478,6875,4
479,6875,2
480,6875,2
481,6875,4
482,6875,1
483,6875,1
484,6875,2
485,6875,4
486,6875,4
487,6875,5
488,6875,6
489,6875,5
490,6875,4
491,6875,2
492,6875,3
493,6875,5
494,6875,3
495,6875,3
496,6875,2
497,6875,5
498,6875,6
499,6875,7
500,6875,4
501,6875,1
502,6875,1
503,6875,1
504,6875,3
505,6875,6
506,6875,2
507,6875,2
508,6875,1
509,6875,5
510,6875,3
511,6875,2
512,6875,3
513,6875,4
514,6875,2
515,6875,3
516,6875,3
521,6875,1
522,6875,1
529,6875,1
530,6875,1
535,6875,1
536,6875,1
537,6875,1
538,6875,1
539,6875,1
544,6875,1
545,6875,1
546,6875,1
549,6875,2
559,6875,1
560,6875,1
563,6875,1
564,6875,2
575,6875,1
576,6875,1
577,6875,1
578,6875,2
579,6875,4
580,6875,3
581,6875,3
582,6875,3
583,6875,3
584,6875,9
585,6875,14
586,6875,24
587,6875,22
588,6875,16
589,6875,7
590,6875,17
591,6875,6
592,6875,2
595,6875,1
596,6875,1
363,6876,1
364,6876,2
365,6876,3
366,6876,2
367,6876,1
368,6876,3
369,6876,1
370,6876,3
371,6876,1
372,6876,1
373,6876,1
391,6876,2
392,6876,1
394,6876,2
395,6876,2
396,6876,2
397,6876,2
403,6876,2
404,6876,1
406,6876,2
407,6876,1
411,6876,3
412,6876,2
413,6876,3
414,6876,2
415,6876,1
416,6876,1
417,6876,1
418,6876,1
419,6876,2
420,6876,3
422,6876,3
423,6876,2
424,6876,3
425,6876,4
426,6876,5
427,6876,3
428,6876,1
429,6876,2
430,6876,3
431,6876,2
432,6876,4
433,6876,5
434,6876,1
435,6876,1
436,6876,3
437,6876,2
438,6876,2
439,6876,3
440,6876,4
441,6876,4
442,6876,6
443,6876,15
444,6876,43
445,6876,79
446,6876,69
447,6876,37
448,6876,27
449,6876,10
450,6876,5
451,6876,10
452,6876,7
453,6876,12
454,6876,7
455,6876,3
456,6876,5
457,6876,7
458,6876,6
459,6876,5
460,6876,4
461,6876,5
462,6876,3
463,6876,2
464,6876,1
469,6876,1
473,6876,2
474,6876,2
475,6876,3
476,6876,3
477,6876,1
478,6876,2
479,6876,1
480,6876,3
481,6876,5
482,6876,4
483,6876,1
484,6876,1
485,6876,3
487,6876,3
488,6876,3
489,6876,1
490,6876,4
491,6876,3
492,6876,3
493,6876,2
494,6876,2
495,6876,1
496,6876,2
497,6876,3
498,6876,3
499,6876,5
500,6876,3
501,6876,4
502,6876,1
503,6876,1
505,6876,6
506,6876,4
507,6876,3
508,6876,2
509,6876,2
512,6876,1
513,6876,1
514,6876,3
515,6876,4
516,6876,3
517,6876,2
518,6876,1
522,6876,2
527,6876,1
528,6876,1
529,6876,1
535,6876,1
539,6876,1
542,6876,1
544,6876,1
545,6876,1
546,6876,1
548,6876,2
549,6876,3
550,6876,1
559,6876,1
560,6876,1
563,6876,1
564,6876,2
577,6876,1
578,6876,1
579,6876,2
580,6876,1
581,6876,1
582,6876,4
583,6876,2
584,6876,7
585,6876,12
586,6876,12
587,6876,21
588,6876,33
589,6876,16
590,6876,11
591,6876,5
592,6876,1
361,6877,1
362,6877,2
363,6877,1
365,6877,1
367,6877,1
368,6877,4
369,6877,4
370,6877,4
371,6877,5
372,6877,5
373,6877,4
374,6877,4
375,6877,2
384,6877,1
385,6877,1
402,6877,1
404,6877,1
405,6877,2
406,6877,2
407,6877,2
411,6877,1
412,6877,3
413,6877,4
414,6877,3
415,6877,3
416,6877,2
417,6877,4
418,6877,4
419,6877,3
420,6877,3
421,6877,2
422,6877,2
423,6877,2
424,6877,4
425,6877,3
426,6877,3
427,6877,3
428,6877,1
429,6877,1
430,6877,3
431,6877,2
432,6877,3
433,6877,1
435,6877,1
436,6877,1
437,6877,3
438,6877,4
439,6877,4
440,6877,10
441,6877,13
442,6877,10
443,6877,23
444,6877,23
445,6877,21
446,6877,18
447,6877,11
448,6877,3
449,6877,8
450,6877,4
451,6877,1
452,6877,3
453,6877,4
454,6877,5
455,6877,8
456,6877,4
457,6877,3
458,6877,5
459,6877,5
472,6877,1
476,6877,1
477,6877,2
478,6877,1
480,6877,1
481,6877,3
482,6877,4
483,6877,4
484,6877,1
485,6877,2
486,6877,1
487,6877,1
488,6877,2
489,6877,2
490,6877,2
491,6877,4
493,6877,1
494,6877,1
495,6877,1
496,6877,2
497,6877,3
498,6877,4
499,6877,4
500,6877,3
501,6877,1
502,6877,2
503,6877,3
504,6877,3
505,6877,7
506,6877,6
507,6877,4
508,6877,2
509,6877,5
510,6877,6
511,6877,5
512,6877,2
514,6877,3
515,6877,6
516,6877,5
517,6877,1
518,6877,1
522,6877,1
523,6877,1
527,6877,1
528,6877,1
529,6877,1
542,6877,1
547,6877,1
548,6877,3
549,6877,1
550,6877,1
551,6877,1
552,6877,1
553,6877,3
554,6877,1
558,6877,1
559,6877,1
562,6877,1
563,6877,2
564,6877,1
576,6877,1
577,6877,2
579,6877,2
581,6877,1
582,6877,1
583,6877,1
584,6877,1
585,6877,4
586,6877,8
587,6877,15
588,6877,28
589,6877,30
590,6877,14
591,6877,8
592,6877,2
366,6878,1
367,6878,1
368,6878,3
369,6878,2
370,6878,2
371,6878,5
372,6878,3
373,6878,4
374,6878,4
375,6878,1
402,6878,1
403,6878,1
408,6878,1
409,6878,1
411,6878,1
412,6878,3
413,6878,1
414,6878,2
415,6878,2
416,6878,1
417,6878,3
418,6878,3
419,6878,4
420,6878,2
421,6878,2
422,6878,4
423,6878,4
424,6878,3
425,6878,1
427,6878,1
428,6878,3
429,6878,2
430,6878,3
431,6878,2
432,6878,6
433,6878,5
434,6878,3
435,6878,3
436,6878,1
437,6878,4
438,6878,7
439,6878,11
440,6878,7
441,6878,13
442,6878,10
443,6878,13
444,6878,8
445,6878,4
446,6878,3
447,6878,4
448,6878,2
449,6878,3
450,6878,4
451,6878,1
454,6878,2
455,6878,2
456,6878,3
457,6878,4
458,6878,2
459,6878,1
460,6878,1
481,6878,1
482,6878,1
484,6878,1
485,6878,1
487,6878,1
491,6878,4
492,6878,2
494,6878,1
495,6878,2
496,6878,1
497,6878,2
498,6878,2
499,6878,3
500,6878,3
502,6878,3
503,6878,3
505,6878,4
506,6878,6
507,6878,5
508,6878,2
509,6878,10
510,6878,7
511,6878,8
512,6878,9
513,6878,4
514,6878,2
515,6878,3
516,6878,4
517,6878,2
518,6878,1
519,6878,1
522,6878,1
523,6878,1
528,6878,1
539,6878,1
540,6878,2
541,6878,1
542,6878,1
543,6878,1
547,6878,3
548,6878,2
549,6878,1
550,6878,1
551,6878,1
552,6878,1
554,6878,1
556,6878,1
557,6878,2
560,6878,1
564,6878,1
565,6878,1
566,6878,1
577,6878,1
579,6878,2
583,6878,1
584,6878,1
585,6878,3
586,6878,4
587,6878,12
588,6878,23
589,6878,42
590,6878,33
591,6878,21
592,6878,5
593,6878,3
367,6879,1
368,6879,1
369,6879,1
372,6879,1
373,6879,1
374,6879,1
375,6879,2
376,6879,2
377,6879,1
378,6879,3
379,6879,3
384,6879,1
385,6879,1
386,6879,2
387,6879,2
398,6879,1
402,6879,1
403,6879,1
404,6879,1
405,6879,1
407,6879,1
408,6879,1
409,6879,1
410,6879,1
411,6879,3
412,6879,3
413,6879,2
415,6879,1
416,6879,1
417,6879,1
419,6879,1
420,6879,2
421,6879,2
422,6879,4
423,6879,1
424,6879,1
425,6879,1
426,6879,1
427,6879,1
428,6879,1
429,6879,1
430,6879,1
431,6879,2
432,6879,4
433,6879,8
434,6879,8
435,6879,6
436,6879,4
437,6879,5
438,6879,7
439,6879,13
440,6879,19
441,6879,10
442,6879,9
443,6879,3
444,6879,4
445,6879,3
446,6879,1
447,6879,2
448,6879,1
450,6879,2
451,6879,1
452,6879,1
454,6879,1
475,6879,1
487,6879,1
488,6879,1
489,6879,1
499,6879,1
500,6879,3
501,6879,2
505,6879,2
506,6879,1
507,6879,6
508,6879,5
509,6879,3
510,6879,4
511,6879,6
512,6879,5
513,6879,4
514,6879,3
515,6879,4
516,6879,3
517,6879,3
518,6879,2
519,6879,3
522,6879,1
523,6879,2
524,6879,2
525,6879,1
530,6879,1
531,6879,1
536,6879,1
537,6879,1
538,6879,1
540,6879,1
542,6879,1
543,6879,1
546,6879,1
547,6879,2
552,6879,1
554,6879,1
555,6879,1
558,6879,1
559,6879,2
560,6879,2
564,6879,1
565,6879,1
566,6879,1
576,6879,1
579,6879,3
582,6879,1
583,6879,2
584,6879,3
585,6879,2
586,6879,5
587,6879,3
588,6879,8
589,6879,30
590,6879,41
591,6879,38
592,6879,17
593,6879,3
365,6880,1
366,6880,2
367,6880,1
368,6880,1
369,6880,2
370,6880,1
371,6880,3
372,6880,1
373,6880,1
374,6880,2
375,6880,2
377,6880,1
378,6880,5
379,6880,3
380,6880,7
381,6880,5
382,6880,5
383,6880,2
384,6880,3
385,6880,4
386,6880,8
387,6880,5
388,6880,4
389,6880,2
397,6880,2
398,6880,2
399,6880,1
400,6880,3
401,6880,1
402,6880,1
403,6880,2
405,6880,2
406,6880,3
407,6880,2
408,6880,3
410,6880,1
411,6880,1
413,6880,2
414,6880,1
415,6880,1
416,6880,2
417,6880,3
418,6880,2
419,6880,3
420,6880,1
421,6880,4
422,6880,5
423,6880,3
425,6880,1
426,6880,7
427,6880,4
428,6880,6
429,6880,6
431,6880,2
432,6880,4
433,6880,6
434,6880,8
435,6880,8
436,6880,10
437,6880,12
438,6880,15
439,6880,11
440,6880,15
441,6880,4
442,6880,7
443,6880,2
444,6880,3
445,6880,1
449,6880,1
450,6880,1
475,6880,1
496,6880,1
497,6880,1
505,6880,1
506,6880,1
507,6880,1
508,6880,3
509,6880,2
510,6880,2
511,6880,4
512,6880,9
513,6880,4
514,6880,4
515,6880,8
516,6880,5
517,6880,6
518,6880,4
519,6880,6
520,6880,3
521,6880,2
524,6880,1
525,6880,1
528,6880,1
529,6880,1
531,6880,1
532,6880,1
540,6880,1
546,6880,2
547,6880,1
555,6880,1
556,6880,1
558,6880,1
560,6880,2
561,6880,1
562,6880,1
565,6880,1
566,6880,1
576,6880,2
579,6880,1
584,6880,1
585,6880,1
586,6880,1
587,6880,3
588,6880,5
589,6880,18
590,6880,34
591,6880,58
592,6880,36
593,6880,10
597,6880,1
365,6881,1
366,6881,1
369,6881,2
370,6881,1
371,6881,1
373,6881,1
374,6881,2
378,6881,1
379,6881,1
380,6881,3
381,6881,1
382,6881,1
383,6881,1
384,6881,1
385,6881,2
386,6881,2
387,6881,2
388,6881,5
389,6881,4
390,6881,2
392,6881,2
393,6881,2
394,6881,2
395,6881,3
396,6881,2
397,6881,3
398,6881,3
399,6881,4
400,6881,4
401,6881,5
402,6881,2
403,6881,2
405,6881,1
408,6881,3
409,6881,2
410,6881,2
416,6881,1
417,6881,1
418,6881,1
419,6881,3
421,6881,6
422,6881,5
423,6881,1
424,6881,4
425,6881,6
426,6881,11
427,6881,9
428,6881,3
429,6881,4
430,6881,2
431,6881,6
432,6881,11
433,6881,13
434,6881,10
435,6881,5
436,6881,6
437,6881,12
438,6881,12
439,6881,7
440,6881,10
441,6881,14
442,6881,14
443,6881,3
444,6881,3
475,6881,1
507,6881,1
508,6881,1
509,6881,3
510,6881,3
511,6881,3
512,6881,6
513,6881,7
514,6881,9
515,6881,7
516,6881,7
517,6881,6
518,6881,9
519,6881,4
520,6881,3
521,6881,1
526,6881,1
528,6881,1
532,6881,1
540,6881,1
541,6881,1
548,6881,1
555,6881,1
556,6881,1
570,6881,1
573,6881,2
574,6881,2
575,6881,2
576,6881,1
577,6881,1
578,6881,2
579,6881,3
587,6881,1
588,6881,3
589,6881,5
590,6881,19
591,6881,84
592,6881,129
593,6881,38
594,6881,3
597,6881,1
366,6882,1
367,6882,1
369,6882,1
379,6882,1
383,6882,1
385,6882,1
391,6882,1
392,6882,1
393,6882,5
394,6882,5
395,6882,2
396,6882,1
397,6882,1
398,6882,4
399,6882,2
400,6882,2
401,6882,2
402,6882,1
403,6882,2
404,6882,1
407,6882,2
408,6882,3
412,6882,2
413,6882,3
414,6882,2
415,6882,1
417,6882,1
418,6882,1
419,6882,2
420,6882,1
421,6882,6
422,6882,5
423,6882,3
424,6882,6
425,6882,6
426,6882,3
427,6882,4
428,6882,4
429,6882,7
430,6882,5
431,6882,6
432,6882,8
433,6882,7
434,6882,7
435,6882,9
436,6882,15
437,6882,14
438,6882,14
439,6882,19
440,6882,27
441,6882,37
442,6882,45
443,6882,60
444,6882,57
445,6882,1
446,6882,1
456,6882,1
457,6882,1
493,6882,1
494,6882,1
509,6882,1
510,6882,1
511,6882,1
512,6882,5
513,6882,4
514,6882,4
515,6882,6
516,6882,8
517,6882,6
518,6882,7
519,6882,6
520,6882,1
521,6882,1
522,6882,1
523,6882,1
526,6882,1
528,6882,1
529,6882,1
547,6882,1
548,6882,1
558,6882,1
559,6882,1
562,6882,2
578,6882,1
581,6882,2
582,6882,1
586,6882,1
587,6882,1
590,6882,6
591,6882,50
592,6882,168
593,6882,170
594,6882,6
365,6883,1
366,6883,1
369,6883,1
371,6883,1
383,6883,1
384,6883,2
385,6883,2
386,6883,2
387,6883,1
388,6883,2
389,6883,1
390,6883,1
393,6883,1
394,6883,3
395,6883,3
396,6883,3
397,6883,1
400,6883,3
401,6883,3
402,6883,2
403,6883,1
404,6883,1
405,6883,2
406,6883,3
407,6883,2
409,6883,1
410,6883,4
411,6883,7
412,6883,6
413,6883,10
414,6883,7
415,6883,7
416,6883,6
417,6883,7
418,6883,8
419,6883,6
420,6883,2
421,6883,8
422,6883,10
423,6883,4
424,6883,5
425,6883,4
426,6883,4
427,6883,3
428,6883,8
429,6883,10
430,6883,5
431,6883,5
432,6883,14
433,6883,17
434,6883,15
435,6883,23
436,6883,26
437,6883,19
438,6883,20
439,6883,9
440,6883,12
441,6883,16
442,6883,20
443,6883,35
444,6883,29
445,6883,1
446,6883,1
510,6883,1
511,6883,3
512,6883,5
513,6883,1
515,6883,1
516,6883,2
517,6883,2
518,6883,5
519,6883,7
520,6883,6
521,6883,2
522,6883,1
524,6883,1
526,6883,1
528,6883,1
529,6883,2
530,6883,1
544,6883,1
547,6883,1
548,6883,1
555,6883,1
557,6883,1
558,6883,2
562,6883,3
563,6883,1
567,6883,1
574,6883,1
578,6883,1
579,6883,2
581,6883,1
582,6883,2
583,6883,1
584,6883,1
589,6883,1
590,6883,1
591,6883,13
592,6883,117
593,6883,83
594,6883,1
365,6884,1
371,6884,1
377,6884,1
378,6884,2
379,6884,2
380,6884,1
381,6884,1
382,6884,1
383,6884,2
384,6884,1
385,6884,1
386,6884,2
387,6884,2
388,6884,1
393,6884,1
394,6884,2
400,6884,2
401,6884,2
402,6884,1
403,6884,1
405,6884,1
406,6884,4
407,6884,2
408,6884,1
409,6884,2
410,6884,8
411,6884,9
412,6884,6
413,6884,5
414,6884,4
415,6884,5
416,6884,4
417,6884,2
418,6884,2
419,6884,2
420,6884,4
421,6884,3
422,6884,1
423,6884,4
424,6884,4
425,6884,11
426,6884,13
427,6884,7
428,6884,8
429,6884,4
430,6884,5
431,6884,9
432,6884,12
433,6884,13
434,6884,11
435,6884,10
436,6884,6
437,6884,6
438,6884,8
439,6884,9
440,6884,8
441,6884,10
442,6884,10
443,6884,4
455,6884,1
477,6884,2
478,6884,2
512,6884,1
513,6884,1
514,6884,2
515,6884,5
516,6884,3
517,6884,3
518,6884,1
519,6884,1
520,6884,4
521,6884,3
524,6884,2
525,6884,2
526,6884,1
527,6884,1
530,6884,2
547,6884,1
548,6884,1
555,6884,1
559,6884,1
560,6884,1
561,6884,2
562,6884,1
563,6884,1
566,6884,1
567,6884,1
574,6884,1
579,6884,2
589,6884,1
590,6884,1
591,6884,6
592,6884,20
593,6884,1
370,6885,1
371,6885,1
374,6885,2
375,6885,1
379,6885,1
380,6885,1
381,6885,1
382,6885,2
383,6885,1
385,6885,2
386,6885,1
389,6885,2
390,6885,2
391,6885,3
392,6885,3
397,6885,1
398,6885,2
399,6885,1
400,6885,1
403,6885,1
404,6885,1
405,6885,2
406,6885,2
407,6885,2
408,6885,3
409,6885,2
410,6885,2
411,6885,2
412,6885,2
413,6885,1
414,6885,1
415,6885,3
416,6885,3
417,6885,2
418,6885,4
419,6885,2
420,6885,2
421,6885,7
422,6885,8
423,6885,7
424,6885,10
425,6885,10
426,6885,6
427,6885,3
428,6885,6
429,6885,9
430,6885,8
431,6885,7
432,6885,15
433,6885,8
434,6885,5
435,6885,1
436,6885,6
437,6885,6
438,6885,4
439,6885,6
440,6885,4
441,6885,1
442,6885,1
455,6885,1
456,6885,1
478,6885,1
499,6885,1
500,6885,1
501,6885,1
513,6885,1
514,6885,2
515,6885,3
516,6885,4
517,6885,7
518,6885,2
519,6885,3
520,6885,3
521,6885,3
522,6885,1
523,6885,2
525,6885,1
528,6885,1
530,6885,2
531,6885,2
532,6885,1
534,6885,1
535,6885,1
536,6885,1
544,6885,1
546,6885,1
547,6885,2
548,6885,1
549,6885,1
550,6885,1
554,6885,1
555,6885,2
557,6885,1
558,6885,2
559,6885,1
560,6885,1
561,6885,1
566,6885,1
581,6885,2
591,6885,2
592,6885,2
370,6886,1
372,6886,1
380,6886,2
381,6886,2
382,6886,2
383,6886,2
384,6886,1
385,6886,1
389,6886,1
394,6886,1
395,6886,3
396,6886,2
399,6886,1
400,6886,1
401,6886,1
406,6886,1
407,6886,1
408,6886,2
409,6886,1
412,6886,1
413,6886,2
414,6886,3
415,6886,2
416,6886,2
417,6886,3
418,6886,2
419,6886,5
420,6886,11
421,6886,11
422,6886,6
424,6886,5
425,6886,6
426,6886,2
427,6886,2
428,6886,3
429,6886,3
430,6886,3
431,6886,4
432,6886,12
433,6886,7
434,6886,3
435,6886,2
436,6886,4
437,6886,4
438,6886,3
439,6886,3
440,6886,1
461,6886,1
462,6886,1
515,6886,2
516,6886,6
517,6886,5
518,6886,8
519,6886,3
520,6886,6
521,6886,11
522,6886,8
523,6886,5
528,6886,1
529,6886,1
530,6886,1
531,6886,1
532,6886,1
544,6886,1
545,6886,1
546,6886,1
548,6886,1
551,6886,1
552,6886,1
557,6886,1
559,6886,1
560,6886,2
561,6886,1
574,6886,1
578,6886,1
579,6886,2
590,6886,2
591,6886,1
592,6886,1
599,6886,1
369,6887,1
370,6887,1
371,6887,3
372,6887,2
373,6887,1
374,6887,2
380,6887,1
381,6887,1
382,6887,1
385,6887,1
387,6887,1
393,6887,1
397,6887,1
398,6887,1
399,6887,1
400,6887,1
403,6887,1
404,6887,2
405,6887,1
406,6887,1
407,6887,1
409,6887,1
412,6887,2
414,6887,1
415,6887,2
416,6887,1
417,6887,2
418,6887,3
419,6887,11
420,6887,6
421,6887,2
422,6887,1
423,6887,2
424,6887,3
425,6887,3
426,6887,3
427,6887,4
428,6887,4
429,6887,1
430,6887,5
431,6887,1
432,6887,1
433,6887,3
434,6887,2
435,6887,3
436,6887,3
437,6887,2
462,6887,1
463,6887,1
515,6887,1
516,6887,3
517,6887,3
518,6887,10
519,6887,5
520,6887,2
521,6887,8
522,6887,9
523,6887,5
524,6887,2
525,6887,1
529,6887,2
535,6887,1
540,6887,1
541,6887,1
542,6887,1
547,6887,2
548,6887,1
552,6887,1
553,6887,1
554,6887,1
555,6887,2
560,6887,2
561,6887,2
565,6887,1
578,6887,1
579,6887,1
581,6887,1
590,6887,1
591,6887,2
592,6887,1
593,6887,1
599,6887,1
600,6887,1
368,6888,2
369,6888,3
371,6888,2
372,6888,1
374,6888,1
381,6888,1
385,6888,1
402,6888,1
403,6888,1
404,6888,4
405,6888,3
409,6888,1
411,6888,1
414,6888,1
415,6888,1
416,6888,1
417,6888,4
418,6888,5
419,6888,4
420,6888,1
421,6888,1
422,6888,2
423,6888,5
424,6888,4
425,6888,3
426,6888,2
427,6888,2
428,6888,2
429,6888,4
430,6888,3
432,6888,1
433,6888,6
434,6888,1
436,6888,1
481,6888,1
482,6888,1
516,6888,1
517,6888,1
518,6888,2
519,6888,3
520,6888,8
521,6888,3
522,6888,9
523,6888,9
524,6888,8
529,6888,1
535,6888,1
544,6888,1
547,6888,2
550,6888,1
555,6888,3
556,6888,1
558,6888,1
559,6888,1
560,6888,2
561,6888,2
580,6888,1
581,6888,1
594,6888,1
600,6888,1
367,6889,1
368,6889,3
369,6889,1
380,6889,1
381,6889,1
386,6889,2
392,6889,1
400,6889,2
401,6889,2
402,6889,1
404,6889,5
405,6889,6
406,6889,6
407,6889,1
408,6889,2
409,6889,7
410,6889,3
411,6889,3
413,6889,2
414,6889,1
415,6889,2
416,6889,1
417,6889,3
418,6889,3
419,6889,2
423,6889,3
424,6889,1
425,6889,4
426,6889,4
427,6889,4
429,6889,2
430,6889,2
432,6889,3
433,6889,3
482,6889,1
484,6889,1
485,6889,1
504,6889,1
505,6889,1
506,6889,1
507,6889,1
517,6889,1
518,6889,1
519,6889,2
520,6889,8
521,6889,8
522,6889,7
523,6889,9
524,6889,15
525,6889,7
526,6889,2
528,6889,1
529,6889,2
530,6889,1
531,6889,1
533,6889,1
534,6889,1
536,6889,1
544,6889,1
545,6889,1
546,6889,1
547,6889,1
548,6889,1
549,6889,1
550,6889,2
554,6889,1
555,6889,4
558,6889,1
559,6889,1
560,6889,2
561,6889,1
574,6889,1
578,6889,1
579,6889,2
600,6889,1
370,6890,1
373,6890,1
374,6890,1
378,6890,1
379,6890,1
380,6890,2
382,6890,1
383,6890,1
384,6890,4
385,6890,3
387,6890,1
389,6890,1
390,6890,1
391,6890,1
393,6890,1
394,6890,1
399,6890,1
400,6890,3
401,6890,2
402,6890,3
403,6890,6
404,6890,12
405,6890,3
406,6890,2
407,6890,5
408,6890,8
409,6890,6
410,6890,5
411,6890,5
412,6890,2
413,6890,2
414,6890,1
415,6890,1
417,6890,2
418,6890,1
419,6890,2
420,6890,3
421,6890,1
422,6890,1
423,6890,1
424,6890,1
425,6890,3
426,6890,3
427,6890,3
428,6890,3
429,6890,4
430,6890,3
431,6890,3
432,6890,3
466,6890,1
483,6890,1
485,6890,1
486,6890,1
487,6890,1
488,6890,1
506,6890,1
507,6890,1
508,6890,1
509,6890,1
517,6890,1
518,6890,1
519,6890,2
520,6890,3
521,6890,6
522,6890,7
523,6890,6
524,6890,8
525,6890,6
526,6890,2
527,6890,3
528,6890,2
529,6890,1
533,6890,1
534,6890,1
535,6890,2
536,6890,1
541,6890,1
545,6890,2
546,6890,2
547,6890,1
548,6890,1
555,6890,3
556,6890,2
557,6890,1
558,6890,2
559,6890,1
560,6890,1
561,6890,1
578,6890,2
579,6890,1
600,6890,1
363,6891,1
364,6891,1
366,6891,1
367,6891,1
370,6891,2
372,6891,1
373,6891,1
377,6891,1
380,6891,1
383,6891,1
384,6891,3
385,6891,1
386,6891,1
387,6891,2
388,6891,1
390,6891,1
391,6891,3
393,6891,1
394,6891,2
396,6891,5
397,6891,5
398,6891,4
399,6891,6
400,6891,4
401,6891,6
402,6891,5
403,6891,5
404,6891,2
406,6891,1
407,6891,2
408,6891,1
409,6891,2
410,6891,3
411,6891,2
412,6891,1
415,6891,2
416,6891,3
417,6891,3
418,6891,1
419,6891,3
420,6891,3
421,6891,2
422,6891,1
424,6891,1
425,6891,1
426,6891,1
427,6891,2
428,6891,3
429,6891,4
430,6891,2
466,6891,1
467,6891,1
468,6891,1
483,6891,1
484,6891,1
508,6891,1
509,6891,2
519,6891,1
520,6891,1
521,6891,2
522,6891,2
523,6891,7
524,6891,6
525,6891,7
526,6891,7
527,6891,2
528,6891,2
531,6891,2
532,6891,1
533,6891,1
535,6891,1
536,6891,3
541,6891,2
543,6891,2
544,6891,1
545,6891,4
546,6891,2
547,6891,1
551,6891,1
554,6891,1
555,6891,2
556,6891,2
557,6891,1
561,6891,1
566,6891,1
578,6891,2
363,6892,1
366,6892,1
370,6892,1
371,6892,1
372,6892,1
377,6892,1
378,6892,1
381,6892,3
382,6892,4
383,6892,4
384,6892,2
387,6892,1
389,6892,1
390,6892,2
391,6892,1
392,6892,1
393,6892,1
394,6892,2
395,6892,1
396,6892,3
397,6892,3
398,6892,3
399,6892,4
400,6892,2
403,6892,1
405,6892,1
406,6892,1
407,6892,1
408,6892,2
409,6892,2
412,6892,1
413,6892,2
414,6892,2
415,6892,1
416,6892,1
417,6892,1
419,6892,3
420,6892,2
421,6892,1
422,6892,3
423,6892,1
425,6892,1
426,6892,2
427,6892,6
428,6892,2
469,6892,1
484,6892,1
522,6892,1
523,6892,5
524,6892,3
525,6892,6
526,6892,10
527,6892,3
528,6892,1
531,6892,1
532,6892,1
533,6892,1
534,6892,1
536,6892,2
538,6892,1
539,6892,1
540,6892,2
541,6892,1
543,6892,2
544,6892,2
545,6892,2
546,6892,1
551,6892,1
552,6892,1
554,6892,1
557,6892,1
558,6892,1
561,6892,2
562,6892,1
565,6892,1
566,6892,1
567,6892,1
366,6893,1
369,6893,1
370,6893,2
371,6893,2
372,6893,1
373,6893,1
374,6893,1
376,6893,1
377,6893,1
380,6893,3
381,6893,4
382,6893,1
387,6893,1
391,6893,1
392,6893,2
393,6893,3
394,6893,3
396,6893,3
397,6893,1
398,6893,1
399,6893,2
400,6893,2
401,6893,1
403,6893,1
406,6893,1
407,6893,3
408,6893,1
411,6893,2
412,6893,1
413,6893,2
414,6893,1
416,6893,1
417,6893,2
418,6893,2
419,6893,2
420,6893,2
421,6893,1
422,6893,1
423,6893,3
424,6893,2
425,6893,3
426,6893,1
427,6893,3
493,6893,1
521,6893,2
522,6893,1
523,6893,3
524,6893,4
525,6893,4
526,6893,7
527,6893,5
528,6893,5
529,6893,3
531,6893,1
532,6893,1
535,6893,1
536,6893,1
537,6893,1
539,6893,1
540,6893,1
541,6893,1
543,6893,1
544,6893,2
545,6893,1
546,6893,1
548,6893,1
553,6893,1
554,6893,1
555,6893,1
559,6893,1
561,6893,2
566,6893,1
579,6893,1
365,6894,2
366,6894,1
369,6894,1
370,6894,1
371,6894,1
375,6894,1
376,6894,1
379,6894,3
380,6894,4
386,6894,1
387,6894,1
389,6894,3
390,6894,2
392,6894,1
393,6894,1
396,6894,1
399,6894,1
400,6894,2
402,6894,1
403,6894,1
404,6894,2
405,6894,1
406,6894,1
407,6894,2
408,6894,1
410,6894,1
411,6894,2
412,6894,2
413,6894,1
416,6894,3
417,6894,3
418,6894,2
420,6894,1
422,6894,3
423,6894,2
424,6894,2
425,6894,3
427,6894,1
524,6894,1
525,6894,4
526,6894,6
527,6894,8
528,6894,3
529,6894,5
530,6894,3
531,6894,1
536,6894,1
537,6894,1
540,6894,1
541,6894,1
542,6894,1
543,6894,2
544,6894,2
545,6894,1
546,6894,3
548,6894,1
553,6894,1
554,6894,2
559,6894,1
560,6894,1
561,6894,2
578,6894,1
579,6894,2
597,6894,1
370,6895,1
389,6895,1
391,6895,1
393,6895,2
394,6895,2
398,6895,1
399,6895,2
400,6895,1
402,6895,2
405,6895,3
406,6895,2
411,6895,1
415,6895,1
416,6895,2
417,6895,2
420,6895,2
421,6895,2
422,6895,5
424,6895,1
425,6895,3
426,6895,3
523,6895,1
526,6895,3
527,6895,7
528,6895,4
529,6895,2
530,6895,3
531,6895,2
533,6895,1
537,6895,1
538,6895,1
540,6895,1
541,6895,1
542,6895,1
544,6895,1
545,6895,2
546,6895,3
547,6895,1
550,6895,1
553,6895,1
554,6895,3
557,6895,1
558,6895,1
559,6895,1
561,6895,1
576,6895,1
577,6895,1
597,6895,1
598,6895,1
601,6895,1
602,6895,1
370,6896,1
375,6896,1
377,6896,1
378,6896,1
380,6896,1
381,6896,1
382,6896,2
383,6896,2
385,6896,2
386,6896,1
387,6896,1
388,6896,1
389,6896,1
393,6896,2
395,6896,1
399,6896,2
400,6896,1
401,6896,1
410,6896,2
411,6896,2
414,6896,1
415,6896,2
416,6896,2
417,6896,2
419,6896,2
420,6896,2
421,6896,1
422,6896,3
423,6896,1
424,6896,3
425,6896,1
426,6896,2
472,6896,1
523,6896,1
524,6896,1
525,6896,4
526,6896,4
527,6896,2
528,6896,6
529,6896,5
530,6896,1
531,6896,4
532,6896,3
534,6896,1
538,6896,2
539,6896,1
541,6896,1
542,6896,2
543,6896,3
545,6896,1
546,6896,1
547,6896,2
553,6896,1
554,6896,2
559,6896,1
560,6896,2
561,6896,1
576,6896,1
577,6896,2
598,6896,1
599,6896,1
602,6896,1
375,6897,1
377,6897,1
380,6897,3
381,6897,3
382,6897,2
383,6897,1
385,6897,1
388,6897,1
389,6897,1
390,6897,1
395,6897,2
396,6897,1
398,6897,2
399,6897,3
400,6897,2
401,6897,2
402,6897,1
411,6897,1
413,6897,1
414,6897,2
415,6897,1
416,6897,1
419,6897,1
420,6897,2
421,6897,1
422,6897,1
423,6897,2
424,6897,3
472,6897,1
489,6897,1
525,6897,2
526,6897,4
527,6897,5
528,6897,2
529,6897,7
530,6897,5
531,6897,4
532,6897,5
533,6897,1
534,6897,1
535,6897,4
536,6897,4
537,6897,1
539,6897,2
543,6897,3
544,6897,1
545,6897,1
546,6897,2
547,6897,2
553,6897,1
559,6897,1
560,6897,1
561,6897,1
562,6897,1
563,6897,1
576,6897,1
599,6897,1
600,6897,1
602,6897,1
377,6898,1
379,6898,1
380,6898,2
382,6898,1
383,6898,1
391,6898,1
392,6898,1
393,6898,1
394,6898,2
395,6898,2
396,6898,1
400,6898,1
401,6898,1
405,6898,1
406,6898,1
407,6898,1
412,6898,1
414,6898,2
415,6898,1
419,6898,2
420,6898,3
423,6898,2
424,6898,1
491,6898,1
492,6898,1
526,6898,2
527,6898,4
528,6898,5
529,6898,4
530,6898,2
531,6898,1
532,6898,3
533,6898,1
535,6898,2
536,6898,2
537,6898,2
538,6898,1
539,6898,1
543,6898,1
544,6898,2
545,6898,1
547,6898,1
552,6898,1
554,6898,1
556,6898,1
559,6898,1
560,6898,1
575,6898,1
576,6898,2
371,6899,1
374,6899,3
375,6899,2
376,6899,2
380,6899,1
382,6899,1
383,6899,1
384,6899,1
388,6899,1
389,6899,1
390,6899,2
391,6899,2
392,6899,1
393,6899,1
394,6899,1
397,6899,1
398,6899,2
399,6899,3
400,6899,2
401,6899,1
404,6899,1
405,6899,1
409,6899,1
410,6899,2
412,6899,1
414,6899,1
419,6899,1
420,6899,1
422,6899,1
423,6899,2
475,6899,1
476,6899,1
515,6899,1
516,6899,1
526,6899,1
527,6899,2
528,6899,4
529,6899,5
530,6899,7
531,6899,3
532,6899,4
533,6899,2
534,6899,1
535,6899,1
537,6899,2
538,6899,1
539,6899,2
540,6899,2
542,6899,2
543,6899,3
544,6899,3
545,6899,1
546,6899,1
547,6899,1
548,6899,1
549,6899,1
550,6899,1
552,6899,1
554,6899,1
555,6899,1
556,6899,1
557,6899,4
558,6899,3
575,6899,2
577,6899,1
603,6899,1
370,6900,1
371,6900,1
372,6900,2
373,6900,3
374,6900,2
376,6900,2
377,6900,4
378,6900,4
386,6900,2
387,6900,1
389,6900,2
390,6900,2
393,6900,2
397,6900,2
398,6900,1
399,6900,1
401,6900,1
402,6900,1
405,6900,1
406,6900,3
408,6900,1
409,6900,1
410,6900,1
412,6900,1
414,6900,1
416,6900,1
418,6900,2
419,6900,1
422,6900,2
423,6900,1
495,6900,1
515,6900,1
516,6900,1
517,6900,1
527,6900,3
528,6900,1
529,6900,2
530,6900,6
531,6900,10
532,6900,5
533,6900,2
534,6900,1
535,6900,2
536,6900,2
537,6900,4
538,6900,2
540,6900,2
543,6900,1
544,6900,2
545,6900,1
546,6900,2
547,6900,1
548,6900,1
550,6900,2
551,6900,1
556,6900,2
557,6900,5
558,6900,3
563,6900,1
564,6900,1
567,6900,1
575,6900,1
576,6900,1
577,6900,1
583,6900,1
600,6900,1
602,6900,1
603,6900,1
368,6901,1
369,6901,2
370,6901,1
371,6901,1
372,6901,1
373,6901,1
377,6901,1
378,6901,2
385,6901,1
386,6901,2
387,6901,1
388,6901,1
389,6901,1
391,6901,2
392,6901,1
393,6901,1
395,6901,1
396,6901,1
398,6901,1
400,6901,1
405,6901,1
406,6901,3
407,6901,2
414,6901,1
415,6901,1
416,6901,1
417,6901,2
418,6901,3
419,6901,1
422,6901,1
423,6901,1
495,6901,1
496,6901,1
503,6901,1
504,6901,1
517,6901,1
529,6901,2
530,6901,3
531,6901,9
532,6901,7
533,6901,3
534,6901,3
535,6901,1
536,6901,1
537,6901,2
538,6901,2
539,6901,2
540,6901,2
541,6901,1
544,6901,2
545,6901,1
546,6901,2
550,6901,2
551,6901,1
556,6901,1
557,6901,1
558,6901,1
563,6901,1
564,6901,1
567,6901,1
576,6901,1
577,6901,1
600,6901,2
601,6901,2
603,6901,1
604,6901,1
372,6902,1
374,6902,1
375,6902,1
376,6902,1
378,6902,1
379,6902,1
380,6902,1
385,6902,1
386,6902,1
387,6902,1
388,6902,1
390,6902,1
391,6902,2
395,6902,1
396,6902,1
400,6902,1
405,6902,1
406,6902,1
407,6902,1
409,6902,1
411,6902,1
415,6902,1
416,6902,1
417,6902,1
418,6902,1
419,6902,1
496,6902,1
504,6902,1
505,6902,1
526,6902,1
527,6902,1
529,6902,1
530,6902,1
531,6902,1
532,6902,2
533,6902,2
534,6902,3
535,6902,1
536,6902,2
538,6902,2
539,6902,2
540,6902,3
541,6902,2
544,6902,1
545,6902,3
546,6902,1
557,6902,1
558,6902,1
562,6902,1
563,6902,1
569,6902,1
570,6902,1
576,6902,1
577,6902,1
581,6902,1
601,6902,2
602,6902,1
604,6902,1
371,6903,1
378,6903,1
379,6903,1
380,6903,1
381,6903,2
386,6903,1
387,6903,1
396,6903,1
397,6903,1
399,6903,1
400,6903,1
404,6903,1
405,6903,1
406,6903,1
407,6903,1
408,6903,1
409,6903,1
410,6903,2
411,6903,1
415,6903,2
416,6903,2
417,6903,1
418,6903,1
419,6903,1
421,6903,2
422,6903,1
526,6903,1
527,6903,3
528,6903,2
529,6903,1
530,6903,1
531,6903,4
532,6903,2
533,6903,4
534,6903,2
535,6903,1
536,6903,1
539,6903,2
540,6903,4
541,6903,2
544,6903,4
545,6903,2
546,6903,1
547,6903,1
558,6903,1
560,6903,1
569,6903,2
570,6903,2
571,6903,1
575,6903,1
576,6903,2
604,6903,1
605,6903,1
804,6903,1
805,6903,1
370,6904,1
371,6904,1
377,6904,2
378,6904,2
379,6904,2
380,6904,2
381,6904,2
382,6904,2
383,6904,1
384,6904,1
386,6904,1
387,6904,1
388,6904,1
390,6904,1
391,6904,1
392,6904,1
393,6904,1
394,6904,1
396,6904,1
399,6904,1
403,6904,1
404,6904,1
406,6904,1
407,6904,1
410,6904,1
414,6904,1
415,6904,2
416,6904,2
417,6904,1
418,6904,1
420,6904,1
421,6904,1
422,6904,2
518,6904,1
527,6904,1
528,6904,3
530,6904,1
531,6904,3
532,6904,3
533,6904,2
535,6904,1
536,6904,3
537,6904,1
539,6904,1
540,6904,3
541,6904,1
542,6904,3
543,6904,1
544,6904,2
545,6904,1
546,6904,1
547,6904,2
556,6904,1
560,6904,1
571,6904,1
572,6904,1
573,6904,1
577,6904,1
578,6904,2
580,6904,1
604,6904,1
605,6904,1
370,6905,1
371,6905,1
372,6905,1
377,6905,1
382,6905,1
383,6905,1
388,6905,1
393,6905,1
396,6905,1
402,6905,1
403,6905,1
404,6905,1
405,6905,2
406,6905,1
414,6905,2
416,6905,1
417,6905,1
418,6905,1
421,6905,2
422,6905,1
500,6905,1
501,6905,1
528,6905,3
529,6905,1
530,6905,1
531,6905,5
532,6905,2
533,6905,1
534,6905,1
535,6905,1
536,6905,1
537,6905,4
539,6905,2
540,6905,1
541,6905,2
542,6905,1
544,6905,1
545,6905,2
546,6905,3
547,6905,4
553,6905,1
558,6905,1
559,6905,1
572,6905,1
577,6905,5
578,6905,7
604,6905,1
605,6905,1
606,6905,1
803,6905,1
804,6905,1
370,6906,1
371,6906,1
383,6906,2
384,6906,1
391,6906,1
392,6906,1
394,6906,1
401,6906,1
402,6906,1
403,6906,1
404,6906,1
405,6906,1
413,6906,2
414,6906,2
418,6906,1
421,6906,2
422,6906,1
501,6906,1
528,6906,1
529,6906,1
531,6906,2
532,6906,4
533,6906,4
534,6906,1
535,6906,1
536,6906,1
537,6906,5
539,6906,1
540,6906,2
541,6906,1
542,6906,1
546,6906,4
547,6906,3
559,6906,1
573,6906,1
574,6906,1
575,6906,1
577,6906,1
578,6906,9
579,6906,7
580,6906,2
581,6906,2
605,6906,1
370,6907,1
371,6907,1
379,6907,1
381,6907,1
382,6907,1
383,6907,1
391,6907,1
392,6907,1
394,6907,1
397,6907,1
398,6907,1
401,6907,1
402,6907,1
403,6907,2
404,6907,1
405,6907,1
413,6907,1
414,6907,1
415,6907,1
416,6907,1
417,6907,1
418,6907,1
421,6907,2
422,6907,1
478,6907,1
479,6907,1
509,6907,1
522,6907,1
523,6907,1
529,6907,2
530,6907,1
531,6907,3
532,6907,6
533,6907,5
534,6907,5
535,6907,3
536,6907,1
537,6907,3
538,6907,1
539,6907,2
540,6907,2
542,6907,1
545,6907,1
546,6907,2
547,6907,1
560,6907,1
561,6907,1
562,6907,1
573,6907,1
574,6907,1
577,6907,2
578,6907,8
579,6907,5
580,6907,8
581,6907,3
582,6907,1
605,6907,1
606,6907,1
849,6907,1
850,6907,1
370,6908,1
379,6908,1
381,6908,1
388,6908,1
389,6908,1
397,6908,2
402,6908,1
404,6908,1
408,6908,1
413,6908,1
414,6908,1
417,6908,1
418,6908,1
421,6908,1
422,6908,1
423,6908,1
479,6908,1
513,6908,1
523,6908,1
529,6908,1
530,6908,2
532,6908,3
533,6908,3
534,6908,3
535,6908,2
536,6908,1
537,6908,2
538,6908,3
539,6908,1
540,6908,2
542,6908,1
545,6908,1
546,6908,2
547,6908,3
562,6908,1
573,6908,2
574,6908,1
577,6908,3
578,6908,4
579,6908,1
580,6908,2
581,6908,1
582,6908,1
606,6908,1
380,6909,1
381,6909,1
397,6909,2
398,6909,1
407,6909,1
413,6909,1
414,6909,1
417,6909,1
421,6909,1
423,6909,1
529,6909,2
530,6909,1
531,6909,1
532,6909,1
533,6909,3
534,6909,3
535,6909,5
536,6909,2
537,6909,1
538,6909,3
540,6909,2
541,6909,1
542,6909,2
543,6909,1
545,6909,1
546,6909,3
547,6909,3
573,6909,1
574,6909,1
576,6909,1
577,6909,1
578,6909,1
580,6909,1
582,6909,2
607,6909,1
609,6909,1
610,6909,1
371,6910,2
394,6910,1
397,6910,1
400,6910,1
401,6910,1
407,6910,1
417,6910,1
422,6910,1
503,6910,1
504,6910,1
520,6910,1
521,6910,1
529,6910,2
530,6910,1
531,6910,2
533,6910,2
534,6910,3
535,6910,2
536,6910,4
537,6910,1
538,6910,1
539,6910,2
542,6910,1
544,6910,1
546,6910,4
547,6910,3
548,6910,1
572,6910,1
573,6910,1
575,6910,2
576,6910,4
577,6910,2
578,6910,1
580,6910,1
582,6910,2
610,6910,1
844,6910,1
845,6910,1
370,6911,1
371,6911,1
380,6911,1
381,6911,1
393,6911,1
394,6911,2
395,6911,2
396,6911,1
399,6911,1
400,6911,1
422,6911,1
504,6911,1
521,6911,1
524,6911,1
525,6911,1
529,6911,1
530,6911,2
531,6911,1
532,6911,3
533,6911,3
534,6911,1
535,6911,1
536,6911,2
537,6911,2
538,6911,1
539,6911,2
540,6911,3
541,6911,1
542,6911,1
544,6911,1
546,6911,3
548,6911,1
556,6911,1
573,6911,1
575,6911,2
576,6911,3
577,6911,2
579,6911,1
370,6912,1
382,6912,1
383,6912,1
393,6912,2
394,6912,2
395,6912,1
402,6912,1
403,6912,1
409,6912,1
531,6912,1
532,6912,2
533,6912,3
534,6912,1
535,6912,1
536,6912,1
537,6912,1
538,6912,3
539,6912,3
540,6912,5
541,6912,2
542,6912,1
543,6912,2
545,6912,1
546,6912,2
556,6912,1
557,6912,1
572,6912,3
573,6912,1
574,6912,2
575,6912,1
577,6912,2
579,6912,1
587,6912,1
588,6912,1
589,6912,1
612,6912,1
370,6913,1
383,6913,1
388,6913,1
389,6913,1
393,6913,1
394,6913,1
416,6913,1
518,6913,1
530,6913,1
532,6913,2
533,6913,2
534,6913,3
535,6913,3
536,6913,3
538,6913,1
539,6913,2
540,6913,2
542,6913,4
543,6913,1
545,6913,1
546,6913,2
569,6913,1
570,6913,1
572,6913,5
573,6913,1
575,6913,1
576,6913,1
577,6913,1
583,6913,1
589,6913,1
590,6913,1
591,6913,1
610,6913,1
611,6913,1
612,6913,1
613,6913,1
836,6913,1
837,6913,1
387,6914,1
388,6914,1
402,6914,1
416,6914,1
518,6914,1
519,6914,1
530,6914,1
532,6914,1
533,6914,2
534,6914,2
535,6914,3
536,6914,2
537,6914,4
538,6914,3
539,6914,4
540,6914,1
542,6914,3
543,6914,3
544,6914,1
545,6914,1
546,6914,1
549,6914,1
570,6914,1
572,6914,6
575,6914,1
576,6914,1
582,6914,1
583,6914,1
593,6914,1
594,6914,1
595,6914,1
612,6914,1
613,6914,1
387,6915,1
401,6915,1
403,6915,1
404,6915,1
410,6915,1
411,6915,1
530,6915,1
531,6915,1
534,6915,2
535,6915,2
536,6915,2
537,6915,2
538,6915,4
539,6915,6
540,6915,3
541,6915,3
542,6915,1
543,6915,2
544,6915,2
545,6915,3
546,6915,1
565,6915,1
574,6915,1
575,6915,1
576,6915,2
582,6915,1
595,6915,1
596,6915,1
612,6915,1
369,6916,1
402,6916,1
403,6916,1
408,6916,1
409,6916,1
410,6916,1
525,6916,1
528,6916,1
529,6916,1
534,6916,5
535,6916,3
536,6916,4
537,6916,2
538,6916,4
539,6916,8
540,6916,6
541,6916,5
542,6916,1
543,6916,2
544,6916,2
545,6916,3
574,6916,1
575,6916,1
576,6916,2
577,6916,2
581,6916,1
582,6916,1
612,6916,1
369,6917,1
387,6917,1
396,6917,1
402,6917,1
408,6917,1
525,6917,1
526,6917,1
534,6917,2
535,6917,2
536,6917,4
537,6917,5
538,6917,4
539,6917,3
540,6917,4
541,6917,4
542,6917,2
543,6917,4
544,6917,1
545,6917,1
550,6917,1
575,6917,1
576,6917,1
577,6917,1
579,6917,1
581,6917,2
601,6917,1
602,6917,1
603,6917,1
827,6917,1
391,6918,1
396,6918,1
521,6918,1
525,6918,1
526,6918,1
528,6918,1
529,6918,2
535,6918,3
536,6918,1
537,6918,2
538,6918,2
539,6918,3
540,6918,3
541,6918,7
542,6918,5
543,6918,3
544,6918,2
545,6918,3
550,6918,1
577,6918,1
578,6918,1
579,6918,1
581,6918,1
582,6918,1
604,6918,1
605,6918,1
615,6918,2
616,6918,2
823,6918,1
824,6918,1
827,6918,1
365,6919,1
366,6919,1
374,6919,1
375,6919,1
376,6919,1
378,6919,1
388,6919,1
393,6919,1
508,6919,1
509,6919,1
522,6919,2
530,6919,1
531,6919,1
535,6919,1
536,6919,2
537,6919,3
538,6919,2
539,6919,1
540,6919,1
541,6919,5
542,6919,8
543,6919,5
544,6919,5
545,6919,2
546,6919,2
550,6919,1
577,6919,1
578,6919,1
581,6919,1
615,6919,1
616,6919,2
793,6919,1
819,6919,1
820,6919,1
824,6919,1
372,6920,1
373,6920,1
374,6920,1
375,6920,1
378,6920,1
379,6920,1
380,6920,1
388,6920,1
389,6920,1
390,6920,1
405,6920,1
509,6920,1
519,6920,1
522,6920,2
523,6920,2
525,6920,1
531,6920,2
532,6920,1
537,6920,2
538,6920,4
539,6920,2
541,6920,2
542,6920,9
543,6920,6
544,6920,5
545,6920,5
546,6920,2
547,6920,1
550,6920,1
576,6920,1
577,6920,2
578,6920,1
580,6920,1
581,6920,1
584,6920,1
616,6920,1
773,6920,1
774,6920,1
792,6920,1
827,6920,1
367,6921,1
368,6921,1
371,6921,1
372,6921,1
380,6921,1
382,6921,1
383,6921,1
389,6921,1
390,6921,1
405,6921,1
511,6921,1
524,6921,1
525,6921,1
527,6921,1
531,6921,1
532,6921,2
533,6921,1
536,6921,1
537,6921,3
538,6921,4
539,6921,1
540,6921,1
542,6921,8
543,6921,9
544,6921,7
545,6921,4
547,6921,2
550,6921,1
577,6921,3
578,6921,1
580,6921,1
587,6921,1
588,6921,1
613,6921,1
614,6921,1
618,6921,3
621,6921,1
622,6921,1
773,6921,1
809,6921,1
810,6921,1
811,6921,1
812,6921,1
367,6922,1
368,6922,1
389,6922,1
390,6922,1
511,6922,1
512,6922,1
516,6922,1
517,6922,1
524,6922,1
526,6922,1
527,6922,2
528,6922,3
537,6922,2
538,6922,2
539,6922,1
540,6922,2
541,6922,2
542,6922,11
543,6922,15
544,6922,9
545,6922,4
547,6922,1
550,6922,1
576,6922,1
577,6922,2
588,6922,1
614,6922,1
615,6922,1
616,6922,1
617,6922,1
618,6922,3
619,6922,3
620,6922,1
621,6922,2
622,6922,1
804,6922,1
805,6922,1
812,6922,1
816,6922,1
363,6923,1
364,6923,1
365,6923,1
366,6923,1
384,6923,1
390,6923,1
516,6923,1
528,6923,4
529,6923,3
530,6923,1
532,6923,1
533,6923,1
535,6923,1
538,6923,1
539,6923,4
540,6923,2
541,6923,4
542,6923,10
543,6923,14
544,6923,5
545,6923,5
546,6923,3
577,6923,1
582,6923,1
617,6923,1
618,6923,1
619,6923,6
620,6923,3
621,6923,1
765,6923,1
766,6923,1
767,6923,1
804,6923,1
365,6924,1
384,6924,1
512,6924,1
513,6924,1
516,6924,1
517,6924,1
528,6924,1
529,6924,1
530,6924,2
531,6924,1
532,6924,1
533,6924,1
535,6924,1
538,6924,1
539,6924,4
540,6924,6
541,6924,4
542,6924,5
543,6924,4
544,6924,3
545,6924,5
546,6924,7
547,6924,2
577,6924,1
581,6924,1
591,6924,1
592,6924,1
370,6925,1
371,6925,1
383,6925,1
384,6925,1
402,6925,1
513,6925,1
514,6925,1
515,6925,1
516,6925,1
517,6925,1
530,6925,1
531,6925,2
532,6925,3
533,6925,2
536,6925,1
537,6925,1
540,6925,4
541,6925,3
542,6925,4
543,6925,4
544,6925,4
545,6925,4
546,6925,6
547,6925,4
548,6925,1
551,6925,1
580,6925,1
581,6925,1
582,6925,1
789,6925,1
800,6925,1
363,6926,1
364,6926,1
365,6926,1
369,6926,1
370,6926,1
383,6926,1
402,6926,1
513,6926,1
514,6926,1
515,6926,1
534,6926,1
535,6926,1
539,6926,3
540,6926,4
541,6926,2
543,6926,1
544,6926,1
545,6926,5
546,6926,4
547,6926,3
548,6926,1
551,6926,1
552,6926,3
579,6926,1
580,6926,1
582,6926,1
800,6926,1
363,6927,1
364,6927,1
514,6927,1
533,6927,1
534,6927,1
536,6927,1
539,6927,1
540,6927,3
541,6927,2
542,6927,2
543,6927,1
544,6927,1
545,6927,2
546,6927,3
547,6927,2
548,6927,2
549,6927,1
552,6927,2
577,6927,1
578,6927,2
579,6927,2
580,6927,1
762,6927,1
763,6927,1
791,6927,1
792,6927,1
793,6927,1
363,6928,1
534,6928,1
535,6928,1
536,6928,1
540,6928,1
542,6928,2
543,6928,1
545,6928,1
546,6928,1
547,6928,6
548,6928,3
549,6928,2
550,6928,2
551,6928,1
570,6928,1
571,6928,1
577,6928,1
578,6928,1
579,6928,1
581,6928,1
582,6928,2
786,6928,1
534,6929,1
536,6929,1
537,6929,2
538,6929,1
540,6929,2
541,6929,1
542,6929,2
543,6929,1
545,6929,1
547,6929,5
548,6929,5
550,6929,2
551,6929,3
554,6929,1
555,6929,2
570,6929,1
577,6929,1
578,6929,1
582,6929,1
589,6929,1
748,6929,1
786,6929,1
796,6929,1
534,6930,1
538,6930,1
539,6930,1
543,6930,1
544,6930,2
545,6930,1
546,6930,3
547,6930,4
548,6930,2
549,6930,3
550,6930,1
551,6930,2
555,6930,2
570,6930,1
576,6930,1
577,6930,1
583,6930,1
589,6930,2
362,6931,1
363,6931,1
534,6931,1
538,6931,1
539,6931,2
543,6931,1
544,6931,3
545,6931,2
546,6931,2
547,6931,4
548,6931,2
549,6931,1
550,6931,4
551,6931,3
552,6931,1
555,6931,1
569,6931,1
578,6931,1
583,6931,2
588,6931,1
589,6931,1
743,6931,1
784,6931,1
785,6931,1
362,6932,2
363,6932,1
535,6932,1
537,6932,1
539,6932,1
540,6932,1
541,6932,2
542,6932,1
543,6932,2
544,6932,4
545,6932,6
546,6932,6
547,6932,5
548,6932,3
549,6932,2
550,6932,17
551,6932,13
552,6932,3
553,6932,2
554,6932,1
555,6932,1
569,6932,1
578,6932,1
580,6932,1
583,6932,1
584,6932,1
740,6932,1
741,6932,1
784,6932,1
362,6933,2
373,6933,1
535,6933,1
536,6933,2
538,6933,1
539,6933,2
540,6933,1
544,6933,1
545,6933,2
546,6933,3
547,6933,7
548,6933,5
549,6933,5
550,6933,25
551,6933,19
552,6933,7
553,6933,3
554,6933,2
557,6933,1
558,6933,2
568,6933,1
569,6933,1
573,6933,1
578,6933,1
580,6933,1
584,6933,1
588,6933,1
589,6933,2
766,6933,1
767,6933,1
768,6933,1
770,6933,1
362,6934,1
536,6934,1
537,6934,1
539,6934,1
540,6934,2
543,6934,1
545,6934,1
546,6934,4
547,6934,3
548,6934,5
549,6934,5
550,6934,16
551,6934,15
552,6934,10
553,6934,4
555,6934,1
558,6934,2
559,6934,1
560,6934,1
578,6934,2
579,6934,1
580,6934,1
584,6934,1
588,6934,1
589,6934,2
751,6934,1
752,6934,1
753,6934,1
763,6934,1
764,6934,1
765,6934,1
778,6934,1
779,6934,1
786,6934,1
358,6935,1
540,6935,1
541,6935,1
542,6935,1
543,6935,2
547,6935,1
548,6935,3
549,6935,5
550,6935,10
551,6935,14
552,6935,11
553,6935,4
554,6935,2
555,6935,1
556,6935,1
557,6935,1
558,6935,1
561,6935,1
577,6935,1
578,6935,2
584,6935,1
733,6935,1
753,6935,1
754,6935,1
763,6935,1
358,6936,1
540,6936,1
543,6936,1
544,6936,1
545,6936,1
546,6936,1
549,6936,4
550,6936,4
551,6936,6
552,6936,13
553,6936,5
554,6936,2
555,6936,2
556,6936,2
561,6936,1
577,6936,1
578,6936,1
584,6936,1
588,6936,1
589,6936,1
730,6936,1
731,6936,1
732,6936,1
747,6936,1
358,6937,1
361,6937,1
540,6937,1
543,6937,1
544,6937,1
546,6937,1
547,6937,2
548,6937,2
549,6937,2
550,6937,3
551,6937,5
552,6937,9
553,6937,6
554,6937,10
555,6937,4
556,6937,3
557,6937,2
562,6937,2
563,6937,1
577,6937,1
578,6937,1
584,6937,1
588,6937,2
589,6937,2
743,6937,1
744,6937,1
746,6937,1
747,6937,1
361,6938,1
543,6938,2
548,6938,3
549,6938,1
551,6938,2
552,6938,7
553,6938,8
554,6938,15
555,6938,15
556,6938,3
557,6938,4
558,6938,1
559,6938,1
563,6938,2
577,6938,1
582,6938,2
586,6938,1
587,6938,2
588,6938,2
741,6938,1
778,6938,1
361,6939,1
530,6939,1
543,6939,1
544,6939,2
545,6939,1
546,6939,2
547,6939,1
548,6939,3
549,6939,4
550,6939,2
551,6939,1
552,6939,4
553,6939,3
554,6939,5
555,6939,9
556,6939,6
557,6939,1
559,6939,2
563,6939,2
577,6939,1
578,6939,1
581,6939,1
582,6939,2
587,6939,2
726,6939,1
736,6939,1
737,6939,1
738,6939,1
774,6939,1
778,6939,1
360,6940,1
361,6940,2
365,6940,1
529,6940,1
530,6940,1
544,6940,3
545,6940,2
546,6940,2
547,6940,1
548,6940,2
549,6940,3
550,6940,2
551,6940,2
552,6940,3
553,6940,2
554,6940,4
555,6940,5
556,6940,7
557,6940,2
558,6940,2
559,6940,2
560,6940,2
562,6940,1
563,6940,1
577,6940,1
578,6940,1
581,6940,1
582,6940,2
585,6940,1
588,6940,1
725,6940,1
734,6940,1
735,6940,1
357,6941,1
360,6941,1
361,6941,1
365,6941,1
545,6941,3
546,6941,2
547,6941,1
549,6941,1
550,6941,1
552,6941,1
553,6941,1
554,6941,1
555,6941,8
556,6941,6
557,6941,9
558,6941,6
559,6941,3
560,6941,3
561,6941,2
562,6941,1
563,6941,1
577,6941,1
581,6941,1
585,6941,1
588,6941,1
725,6941,1
776,6941,1
360,6942,1
545,6942,1
546,6942,1
547,6942,1
551,6942,1
552,6942,2
553,6942,1
554,6942,1
555,6942,6
556,6942,5
557,6942,5
558,6942,6
559,6942,3
560,6942,1
561,6942,5
562,6942,1
581,6942,2
582,6942,1
585,6942,2
586,6942,2
722,6942,1
723,6942,1
724,6942,1
725,6942,1
726,6942,1
727,6942,1
734,6942,1
735,6942,1
753,6942,1
754,6942,1
755,6942,1
766,6942,1
767,6942,1
775,6942,1
360,6943,1
512,6943,1
513,6943,1
514,6943,1
518,6943,1
519,6943,1
522,6943,1
546,6943,1
547,6943,1
548,6943,1
551,6943,1
552,6943,2
555,6943,1
556,6943,6
558,6943,5
559,6943,5
560,6943,2
561,6943,3
562,6943,2
564,6943,1
565,6943,1
581,6943,1
585,6943,2
586,6943,2
714,6943,1
721,6943,1
722,6943,1
723,6943,1
359,6944,1
360,6944,1
508,6944,1
509,6944,1
512,6944,1
513,6944,1
518,6944,1
519,6944,1
548,6944,2
549,6944,1
550,6944,1
553,6944,1
554,6944,2
555,6944,2
556,6944,7
557,6944,7
558,6944,6
559,6944,9
560,6944,4
561,6944,2
562,6944,3
563,6944,1
564,6944,1
565,6944,1
567,6944,1
581,6944,1
582,6944,1
584,6944,1
586,6944,1
709,6944,1
710,6944,1
713,6944,1
714,6944,1
750,6944,1
763,6944,1
806,6944,1
807,6944,1
826,6944,1
827,6944,1
828,6944,1
359,6945,1
360,6945,1
550,6945,1
552,6945,1
555,6945,1
556,6945,4
557,6945,5
558,6945,4
559,6945,6
560,6945,7
561,6945,4
562,6945,2
563,6945,4
564,6945,2
565,6945,2
566,6945,2
567,6945,2
579,6945,1
580,6945,1
581,6945,1
582,6945,1
583,6945,1
586,6945,2
709,6945,2
710,6945,1
746,6945,1
747,6945,1
806,6945,1
808,6945,1
809,6945,1
504,6946,1
548,6946,1
552,6946,2
553,6946,2
556,6946,1
557,6946,2
559,6946,3
560,6946,9
561,6946,5
563,6946,8
564,6946,6
565,6946,2
566,6946,4
567,6946,1
578,6946,1
579,6946,1
580,6946,1
583,6946,1
585,6946,2
586,6946,2
744,6946,1
745,6946,1
863,6946,1
548,6947,1
549,6947,1
553,6947,2
554,6947,1
555,6947,1
557,6947,2
558,6947,1
559,6947,3
560,6947,5
561,6947,7
562,6947,5
563,6947,1
564,6947,4
565,6947,7
566,6947,3
567,6947,2
568,6947,2
580,6947,1
583,6947,1
584,6947,2
705,6947,1
706,6947,1
718,6947,1
719,6947,1
720,6947,1
723,6947,1
724,6947,1
725,6947,1
726,6947,1
727,6947,1
728,6947,1
740,6947,1
741,6947,1
755,6947,1
816,6947,1
817,6947,1
501,6948,1
549,6948,1
550,6948,1
552,6948,1
553,6948,1
554,6948,1
556,6948,1
557,6948,2
559,6948,2
560,6948,3
561,6948,4
562,6948,10
563,6948,4
565,6948,6
566,6948,5
567,6948,5
568,6948,5
569,6948,2
576,6948,1
577,6948,1
580,6948,1
584,6948,2
703,6948,1
704,6948,1
709,6948,1
718,6948,1
721,6948,1
737,6948,1
738,6948,1
739,6948,1
740,6948,1
741,6948,1
768,6948,1
796,6948,1
813,6948,1
814,6948,1
815,6948,1
816,6948,1
359,6949,1
550,6949,2
551,6949,2
552,6949,1
557,6949,1
558,6949,1
559,6949,1
560,6949,5
561,6949,4
562,6949,5
563,6949,7
564,6949,3
565,6949,3
566,6949,5
567,6949,3
568,6949,5
569,6949,3
570,6949,1
571,6949,1
576,6949,1
580,6949,1
583,6949,3
584,6949,1
702,6949,1
703,6949,1
709,6949,1
710,6949,2
711,6949,2
712,6949,2
713,6949,2
720,6949,1
721,6949,1
722,6949,1
733,6949,1
734,6949,1
767,6949,1
768,6949,1
794,6949,1
795,6949,1
358,6950,1
359,6950,1
498,6950,1
551,6950,1
552,6950,1
557,6950,2
558,6950,2
559,6950,1
560,6950,2
561,6950,8
562,6950,6
563,6950,5
564,6950,8
565,6950,2
566,6950,5
567,6950,6
568,6950,6
569,6950,4
570,6950,1
571,6950,1
575,6950,1
579,6950,1
580,6950,1
583,6950,2
700,6950,1
701,6950,1
703,6950,1
704,6950,1
708,6950,1
709,6950,1
710,6950,1
711,6950,2
712,6950,1
723,6950,1
733,6950,1
734,6950,1
793,6950,1
356,6951,1
358,6951,1
494,6951,1
495,6951,1
553,6951,1
554,6951,1
556,6951,1
558,6951,1
561,6951,2
562,6951,5
563,6951,5
564,6951,7
565,6951,5
566,6951,4
567,6951,3
568,6951,4
569,6951,3
570,6951,2
574,6951,1
575,6951,1
579,6951,1
582,6951,1
698,6951,1
700,6951,1
701,6951,1
702,6951,1
727,6951,1
728,6951,1
356,6952,1
358,6952,1
493,6952,1
494,6952,1
507,6952,1
556,6952,1
557,6952,1
558,6952,2
559,6952,2
561,6952,2
562,6952,3
563,6952,2
564,6952,5
565,6952,6
566,6952,4
567,6952,5
568,6952,3
569,6952,7
570,6952,3
571,6952,1
574,6952,2
575,6952,1
578,6952,1
580,6952,1
582,6952,2
692,6952,1
693,6952,1
694,6952,1
695,6952,2
696,6952,2
697,6952,2
698,6952,1
699,6952,2
700,6952,2
701,6952,1
702,6952,1
719,6952,1
720,6952,2
729,6952,1
757,6952,1
758,6952,1
759,6952,1
760,6952,1
761,6952,1
784,6952,1
356,6953,2
358,6953,1
494,6953,1
506,6953,1
558,6953,1
559,6953,3
560,6953,2
561,6953,1
562,6953,4
563,6953,1
564,6953,6
565,6953,5
566,6953,5
567,6953,2
568,6953,2
569,6953,6
570,6953,5
571,6953,4
578,6953,1
580,6953,1
582,6953,3
583,6953,1
694,6953,2
695,6953,2
696,6953,1
698,6953,1
699,6953,1
700,6953,1
714,6953,1
715,6953,1
716,6953,1
717,6953,1
720,6953,2
721,6953,2
722,6953,2
723,6953,1
759,6953,1
764,6953,1
774,6953,1
782,6953,1
783,6953,1
784,6953,1
357,6954,1
556,6954,1
559,6954,1
560,6954,2
561,6954,1
562,6954,4
563,6954,3
564,6954,4
565,6954,4
566,6954,5
567,6954,4
568,6954,6
569,6954,6
570,6954,8
571,6954,6
572,6954,4
573,6954,1
574,6954,4
575,6954,2
576,6954,1
578,6954,1
580,6954,1
581,6954,1
582,6954,1
697,6954,1
707,6954,1
712,6954,1
713,6954,1
714,6954,1
720,6954,1
721,6954,2
742,6954,1
743,6954,1
758,6954,1
759,6954,1
764,6954,1
769,6954,1
782,6954,1
857,6954,1
357,6955,1
556,6955,1
557,6955,1
560,6955,1
561,6955,2
562,6955,1
563,6955,2
565,6955,2
566,6955,5
567,6955,5
568,6955,7
569,6955,7
570,6955,7
571,6955,6
572,6955,7
573,6955,5
574,6955,5
578,6955,2
579,6955,1
580,6955,1
581,6955,1
582,6955,1
685,6955,1
686,6955,1
687,6955,1
688,6955,3
689,6955,3
690,6955,2
691,6955,1
693,6955,1
694,6955,1
700,6955,1
707,6955,1
731,6955,1
732,6955,1
740,6955,1
741,6955,1
758,6955,1
852,6955,1
853,6955,1
854,6955,1
855,6955,1
356,6956,2
357,6956,1
557,6956,1
560,6956,1
561,6956,1
563,6956,1
564,6956,2
565,6956,1
566,6956,2
567,6956,4
568,6956,3
569,6956,5
570,6956,8
571,6956,6
572,6956,7
573,6956,3
574,6956,4
580,6956,3
581,6956,4
582,6956,1
682,6956,1
683,6956,1
684,6956,2
685,6956,2
686,6956,2
687,6956,2
688,6956,1
698,6956,1
751,6956,1
752,6956,1
755,6956,1
756,6956,1
849,6956,1
355,6957,1
356,6957,2
357,6957,1
495,6957,1
557,6957,1
558,6957,1
560,6957,1
566,6957,1
567,6957,4
568,6957,1
569,6957,5
570,6957,11
571,6957,7
572,6957,6
573,6957,5
574,6957,3
575,6957,1
580,6957,1
581,6957,3
582,6957,3
584,6957,1
682,6957,1
683,6957,2
684,6957,2
707,6957,1
849,6957,1
850,6957,1
356,6958,2
558,6958,1
562,6958,1
564,6958,1
566,6958,1
567,6958,4
568,6958,7
569,6958,3
570,6958,8
571,6958,8
572,6958,7
573,6958,3
574,6958,4
575,6958,2
576,6958,1
577,6958,1
580,6958,1
581,6958,3
582,6958,5
584,6958,1
676,6958,1
679,6958,1
680,6958,2
681,6958,1
682,6958,1
683,6958,1
686,6958,1
690,6958,1
694,6958,1
698,6958,2
699,6958,1
843,6958,1
844,6958,1
355,6959,1
356,6959,2
560,6959,1
564,6959,1
565,6959,1
566,6959,1
567,6959,1
568,6959,5
569,6959,5
570,6959,5
571,6959,6
572,6959,9
573,6959,5
574,6959,4
575,6959,1
576,6959,2
577,6959,5
578,6959,2
581,6959,4
582,6959,5
584,6959,1
672,6959,1
673,6959,1
674,6959,1
675,6959,1
676,6959,2
678,6959,1
679,6959,3
680,6959,2
681,6959,1
682,6959,1
686,6959,1
689,6959,1
690,6959,1
727,6959,1
728,6959,1
729,6959,1
769,6959,1
770,6959,1
771,6959,1
841,6959,1
842,6959,1
843,6959,1
844,6959,1
355,6960,1
356,6960,1
560,6960,1
565,6960,1
568,6960,1
569,6960,3
570,6960,3
571,6960,3
572,6960,4
573,6960,6
574,6960,2
575,6960,2
576,6960,2
577,6960,7
578,6960,6
580,6960,1
581,6960,2
582,6960,2
587,6960,1
670,6960,1
671,6960,1
674,6960,2
675,6960,2
676,6960,4
677,6960,3
678,6960,1
679,6960,1
680,6960,1
686,6960,1
687,6960,1
688,6960,2
689,6960,1
695,6960,1
696,6960,1
697,6960,1
699,6960,1
700,6960,1
703,6960,1
704,6960,1
706,6960,1
718,6960,1
719,6960,1
728,6960,1
729,6960,1
730,6960,1
732,6960,1
733,6960,1
734,6960,1
754,6960,1
755,6960,1
355,6961,2
356,6961,1
560,6961,1
564,6961,1
565,6961,2
566,6961,1
569,6961,1
570,6961,1
571,6961,5
572,6961,6
573,6961,6
574,6961,12
575,6961,4
576,6961,4
577,6961,4
578,6961,6
579,6961,3
580,6961,3
581,6961,2
582,6961,2
587,6961,1
588,6961,1
589,6961,1
656,6961,1
657,6961,1
658,6961,1
659,6961,1
667,6961,1
669,6961,1
672,6961,1
673,6961,2
674,6961,2
675,6961,1
676,6961,1
686,6961,1
687,6961,1
688,6961,1
689,6961,1
697,6961,1
702,6961,1
703,6961,2
704,6961,1
705,6961,1
706,6961,2
707,6961,1
708,6961,1
709,6961,1
717,6961,1
718,6961,1
719,6961,1
720,6961,1
754,6961,1
830,6961,1
831,6961,1
354,6962,1
355,6962,3
569,6962,1
570,6962,1
571,6962,4
572,6962,7
573,6962,8
574,6962,10
575,6962,5
576,6962,5
577,6962,1
578,6962,3
579,6962,6
580,6962,5
581,6962,4
582,6962,2
587,6962,2
588,6962,1
635,6962,1
636,6962,1
647,6962,1
648,6962,1
651,6962,2
652,6962,2
653,6962,1
654,6962,1
663,6962,1
664,6962,3
665,6962,3
666,6962,2
667,6962,2
670,6962,1
671,6962,1
672,6962,3
673,6962,2
686,6962,1
688,6962,1
694,6962,1
695,6962,1
696,6962,1
702,6962,1
705,6962,1
706,6962,1
707,6962,1
708,6962,1
709,6962,2
710,6962,2
826,6962,1
827,6962,1
830,6962,1
831,6962,1
834,6962,1
835,6962,1
354,6963,1
355,6963,3
356,6963,1
562,6963,1
563,6963,1
568,6963,1
569,6963,1
570,6963,1
571,6963,1
572,6963,2
573,6963,3
574,6963,6
575,6963,8
576,6963,9
577,6963,5
578,6963,3
579,6963,6
580,6963,6
581,6963,2
582,6963,4
583,6963,2
587,6963,2
588,6963,1
631,6963,1
632,6963,1
633,6963,2
634,6963,1
635,6963,2
636,6963,1
638,6963,1
641,6963,1
642,6963,1
646,6963,1
647,6963,2
648,6963,2
649,6963,5
650,6963,5
651,6963,3
659,6963,1
660,6963,2
661,6963,1
662,6963,2
663,6963,3
664,6963,4
665,6963,3
670,6963,1
671,6963,1
672,6963,2
685,6963,2
686,6963,1
687,6963,1
688,6963,2
689,6963,2
690,6963,1
694,6963,2
695,6963,1
696,6963,1
700,6963,1
715,6963,1
716,6963,1
731,6963,1
732,6963,1
734,6963,1
735,6963,2
736,6963,1
737,6963,2
738,6963,2
744,6963,1
745,6963,1
751,6963,1
752,6963,1
779,6963,1
780,6963,1
781,6963,1
782,6963,2
783,6963,1
824,6963,1
835,6963,1
836,6963,1
837,6963,1
352,6964,2
353,6964,2
354,6964,2
355,6964,2
564,6964,1
568,6964,1
570,6964,2
572,6964,1
573,6964,3
574,6964,3
575,6964,12
576,6964,17
577,6964,13
578,6964,9
579,6964,7
580,6964,2
581,6964,1
582,6964,2
583,6964,4
584,6964,3
587,6964,1
588,6964,1
629,6964,1
630,6964,2
631,6964,2
632,6964,1
633,6964,1
634,6964,1
639,6964,1
640,6964,2
641,6964,5
642,6964,4
645,6964,2
646,6964,2
648,6964,1
650,6964,1
653,6964,1
654,6964,1
657,6964,1
658,6964,1
659,6964,1
660,6964,1
661,6964,1
662,6964,1
663,6964,2
664,6964,1
666,6964,1
667,6964,4
668,6964,1
669,6964,2
670,6964,3
671,6964,2
672,6964,1
673,6964,1
674,6964,1
676,6964,1
677,6964,1
678,6964,2
679,6964,1
680,6964,2
682,6964,1
692,6964,1
693,6964,2
694,6964,1
695,6964,1
696,6964,1
697,6964,1
698,6964,1
699,6964,1
700,6964,1
702,6964,1
714,6964,1
715,6964,2
716,6964,2
721,6964,1
722,6964,1
728,6964,1
729,6964,2
730,6964,1
731,6964,1
734,6964,1
735,6964,2
736,6964,2
737,6964,2
738,6964,1
744,6964,2
745,6964,2
746,6964,1
752,6964,1
753,6964,1
780,6964,1
781,6964,1
782,6964,1
800,6964,1
352,6965,1
558,6965,1
564,6965,1
565,6965,1
570,6965,1
571,6965,2
573,6965,2
574,6965,4
575,6965,16
576,6965,38
577,6965,35
578,6965,20
579,6965,4
581,6965,3
582,6965,1
583,6965,1
584,6965,4
585,6965,1
587,6965,1
589,6965,1
592,6965,1
593,6965,1
599,6965,1
600,6965,1
628,6965,1
629,6965,2
630,6965,3
631,6965,1
632,6965,1
634,6965,1
637,6965,1
639,6965,3
640,6965,3
641,6965,2
642,6965,2
643,6965,1
646,6965,3
647,6965,3
648,6965,2
652,6965,1
653,6965,2
654,6965,1
655,6965,2
656,6965,2
657,6965,3
661,6965,1
662,6965,2
663,6965,2
664,6965,2
665,6965,2
666,6965,3
667,6965,2
668,6965,2
669,6965,1
674,6965,1
676,6965,3
677,6965,2
678,6965,4
679,6965,1
681,6965,1
682,6965,3
683,6965,2
684,6965,1
685,6965,2
686,6965,1
687,6965,1
688,6965,1
689,6965,1
690,6965,2
692,6965,2
693,6965,2
702,6965,1
704,6965,2
707,6965,1
708,6965,1
709,6965,1
714,6965,1
723,6965,1
724,6965,1
727,6965,2
728,6965,2
729,6965,2
731,6965,1
732,6965,1
733,6965,1
737,6965,1
752,6965,1
754,6965,2
755,6965,1
757,6965,1
758,6965,1
759,6965,1
778,6965,1
779,6965,1
795,6965,1
796,6965,1
800,6965,1
804,6965,2
805,6965,1
812,6965,1
813,6965,1
830,6965,1
557,6966,1
558,6966,1
565,6966,1
566,6966,1
571,6966,1
572,6966,1
573,6966,2
574,6966,1
575,6966,4
576,6966,26
577,6966,54
578,6966,27
579,6966,3
581,6966,1
582,6966,4
584,6966,1
585,6966,1
586,6966,2
587,6966,2
588,6966,3
589,6966,4
590,6966,1
593,6966,1
600,6966,1
601,6966,1
632,6966,1
637,6966,1
638,6966,2
639,6966,2
644,6966,1
645,6966,1
646,6966,3
647,6966,1
648,6966,1
649,6966,1
650,6966,1
651,6966,1
652,6966,2
653,6966,2
656,6966,1
657,6966,1
659,6966,3
660,6966,2
661,6966,1
665,6966,1
666,6966,1
670,6966,1
671,6966,1
672,6966,1
674,6966,4
675,6966,2
676,6966,3
677,6966,1
679,6966,1
680,6966,1
681,6966,1
682,6966,2
683,6966,2
684,6966,3
685,6966,2
686,6966,2
687,6966,2
688,6966,3
689,6966,2
690,6966,1
691,6966,1
692,6966,3
693,6966,2
696,6966,1
697,6966,1
698,6966,3
699,6966,2
700,6966,1
701,6966,2
703,6966,1
704,6966,1
705,6966,1
706,6966,2
707,6966,1
708,6966,2
709,6966,1
710,6966,3
711,6966,3
714,6966,2
715,6966,1
717,6966,2
722,6966,1
723,6966,1
725,6966,1
726,6966,1
729,6966,1
737,6966,1
738,6966,1
739,6966,1
741,6966,1
746,6966,1
747,6966,1
751,6966,1
764,6966,1
765,6966,1
784,6966,1
785,6966,1
786,6966,1
789,6966,1
790,6966,1
791,6966,2
792,6966,1
796,6966,1
802,6966,1
803,6966,1
811,6966,1
824,6966,1
825,6966,1
557,6967,1
566,6967,1
567,6967,1
571,6967,1
573,6967,1
574,6967,2
575,6967,9
576,6967,16
577,6967,13
578,6967,4
579,6967,1
581,6967,1
583,6967,1
585,6967,1
586,6967,1
587,6967,1
589,6967,4
590,6967,2
591,6967,2
622,6967,1
625,6967,3
626,6967,2
627,6967,2
628,6967,1
629,6967,1
630,6967,2
631,6967,2
632,6967,1
635,6967,1
636,6967,1
637,6967,1
638,6967,2
639,6967,2
640,6967,1
641,6967,2
643,6967,2
644,6967,2
645,6967,1
648,6967,1
649,6967,1
650,6967,1
651,6967,3
652,6967,3
653,6967,3
654,6967,3
655,6967,2
658,6967,1
659,6967,4
660,6967,3
662,6967,1
663,6967,1
664,6967,1
665,6967,1
666,6967,1
667,6967,3
668,6967,3
669,6967,2
670,6967,2
671,6967,2
672,6967,3
674,6967,1
675,6967,1
680,6967,2
681,6967,1
682,6967,1
683,6967,1
689,6967,1
690,6967,1
691,6967,1
692,6967,1
693,6967,1
694,6967,1
697,6967,1
698,6967,3
699,6967,2
703,6967,1
704,6967,1
705,6967,1
706,6967,1
707,6967,1
708,6967,1
709,6967,2
710,6967,1
711,6967,1
712,6967,1
713,6967,1
714,6967,2
715,6967,2
717,6967,3
718,6967,3
722,6967,1
723,6967,1
750,6967,1
764,6967,1
765,6967,1
766,6967,1
769,6967,1
770,6967,1
771,6967,1
772,6967,1
774,6967,1
775,6967,1
786,6967,1
790,6967,2
791,6967,1
803,6967,1
804,6967,1
805,6967,1
806,6967,1
812,6967,1
814,6967,1
557,6968,1
569,6968,1
570,6968,1
571,6968,1
572,6968,1
574,6968,5
575,6968,4
576,6968,4
577,6968,3
578,6968,3
579,6968,1
580,6968,1
581,6968,2
582,6968,2
583,6968,2
586,6968,3
587,6968,3
588,6968,1
589,6968,2
591,6968,2
621,6968,1
622,6968,1
626,6968,1
627,6968,1
630,6968,1
631,6968,1
632,6968,1
633,6968,2
634,6968,2
635,6968,1
636,6968,1
638,6968,1
639,6968,2
640,6968,1
642,6968,1
643,6968,2
646,6968,1
647,6968,1
648,6968,2
649,6968,1
650,6968,1
651,6968,2
652,6968,1
653,6968,2
654,6968,1
656,6968,2
657,6968,2
659,6968,1
660,6968,3
661,6968,2
663,6968,1
664,6968,1
665,6968,3
666,6968,1
669,6968,1
670,6968,2
671,6968,2
673,6968,1
675,6968,1
677,6968,1
678,6968,3
679,6968,2
683,6968,1
684,6968,1
685,6968,1
686,6968,1
688,6968,2
689,6968,3
690,6968,1
691,6968,1
692,6968,1
694,6968,1
695,6968,2
696,6968,1
697,6968,2
698,6968,3
699,6968,3
700,6968,1
701,6968,3
702,6968,2
703,6968,2
704,6968,2
705,6968,2
706,6968,1
707,6968,1
713,6968,2
714,6968,2
715,6968,3
716,6968,2
717,6968,2
718,6968,3
719,6968,2
720,6968,1
722,6968,1
723,6968,2
725,6968,1
728,6968,2
729,6968,1
730,6968,1
732,6968,1
733,6968,1
734,6968,1
736,6968,2
737,6968,2
739,6968,1
740,6968,1
741,6968,1
742,6968,1
750,6968,1
751,6968,1
752,6968,1
753,6968,1
782,6968,1
795,6968,1
798,6968,1
799,6968,1
807,6968,1
808,6968,1
812,6968,1
813,6968,1
814,6968,1
815,6968,1
817,6968,1
818,6968,1
574,6969,4
575,6969,3
576,6969,2
577,6969,1
578,6969,1
580,6969,1
582,6969,1
583,6969,4
584,6969,1
585,6969,1
587,6969,2
588,6969,1
589,6969,3
590,6969,2
591,6969,1
594,6969,3
597,6969,1
619,6969,1
620,6969,1
622,6969,2
623,6969,2
624,6969,1
625,6969,2
626,6969,3
627,6969,1
628,6969,2
629,6969,1
630,6969,1
631,6969,2
632,6969,1
633,6969,2
634,6969,1
635,6969,1
636,6969,2
637,6969,2
638,6969,2
639,6969,1
640,6969,1
646,6969,1
647,6969,3
648,6969,2
649,6969,1
651,6969,1
652,6969,1
660,6969,3
661,6969,1
662,6969,1
663,6969,3
664,6969,4
665,6969,2
666,6969,3
667,6969,2
668,6969,2
669,6969,2
670,6969,1
671,6969,2
672,6969,2
673,6969,4
674,6969,3
675,6969,4
676,6969,2
678,6969,1
679,6969,4
680,6969,3
681,6969,2
682,6969,4
683,6969,4
684,6969,4
685,6969,4
686,6969,1
687,6969,1
688,6969,1
689,6969,3
690,6969,3
691,6969,5
692,6969,1
693,6969,2
694,6969,1
695,6969,1
696,6969,2
698,6969,1
699,6969,1
702,6969,2
703,6969,1
705,6969,1
706,6969,2
707,6969,2
708,6969,1
721,6969,1
722,6969,1
723,6969,1
725,6969,1
726,6969,2
727,6969,2
728,6969,2
729,6969,2
730,6969,1
732,6969,2
733,6969,1
736,6969,2
737,6969,3
738,6969,2
739,6969,2
742,6969,1
744,6969,1
745,6969,1
747,6969,1
748,6969,1
752,6969,1
758,6969,2
759,6969,1
760,6969,1
763,6969,1
764,6969,1
772,6969,1
773,6969,1
778,6969,1
779,6969,2
780,6969,2
781,6969,1
793,6969,1
794,6969,1
795,6969,1
574,6970,1
575,6970,2
576,6970,1
577,6970,1
580,6970,2
581,6970,1
582,6970,1
583,6970,3
584,6970,1
587,6970,1
589,6970,3
594,6970,3
595,6970,2
596,6970,1
617,6970,1
620,6970,3
621,6970,3
622,6970,2
623,6970,2
625,6970,1
628,6970,1
629,6970,1
630,6970,1
631,6970,1
635,6970,2
636,6970,2
637,6970,1
638,6970,1
641,6970,1
644,6970,1
645,6970,1
647,6970,1
648,6970,2
649,6970,1
650,6970,1
652,6970,1
653,6970,2
654,6970,1
659,6970,1
660,6970,1
661,6970,1
662,6970,2
663,6970,2
664,6970,3
665,6970,2
666,6970,2
667,6970,3
668,6970,1
669,6970,1
670,6970,2
671,6970,3
672,6970,2
675,6970,1
676,6970,2
677,6970,1
679,6970,1
680,6970,2
681,6970,1
683,6970,1
684,6970,2
685,6970,2
688,6970,1
689,6970,2
690,6970,1
691,6970,2
692,6970,1
694,6970,1
695,6970,1
696,6970,1
699,6970,1
700,6970,1
705,6970,2
706,6970,3
707,6970,3
708,6970,1
709,6970,1
711,6970,1
717,6970,1
719,6970,1
729,6970,1
730,6970,1
731,6970,1
735,6970,1
736,6970,1
737,6970,1
738,6970,1
745,6970,2
748,6970,1
749,6970,1
751,6970,1
752,6970,2
753,6970,1
754,6970,1
758,6970,1
760,6970,1
761,6970,1
762,6970,1
763,6970,1
764,6970,1
766,6970,1
768,6970,1
774,6970,2
775,6970,2
776,6970,3
777,6970,2
778,6970,2
779,6970,2
780,6970,1
574,6971,1
575,6971,2
576,6971,4
581,6971,1
582,6971,2
583,6971,3
584,6971,1
586,6971,1
589,6971,2
592,6971,1
596,6971,2
597,6971,1
608,6971,1
614,6971,1
616,6971,3
617,6971,5
618,6971,4
619,6971,1
620,6971,2
621,6971,2
623,6971,1
624,6971,1
625,6971,1
626,6971,1
627,6971,2
628,6971,1
629,6971,1
631,6971,1
632,6971,1
633,6971,1
636,6971,1
637,6971,1
638,6971,1
640,6971,1
641,6971,2
643,6971,2
644,6971,2
646,6971,1
647,6971,1
648,6971,1
650,6971,1
651,6971,1
652,6971,1
653,6971,1
654,6971,2
655,6971,3
656,6971,2
657,6971,1
658,6971,2
659,6971,1
660,6971,3
661,6971,2
662,6971,3
663,6971,2
664,6971,3
665,6971,1
666,6971,2
667,6971,2
668,6971,2
669,6971,1
673,6971,1
674,6971,1
675,6971,2
676,6971,2
677,6971,1
678,6971,1
679,6971,1
680,6971,1
681,6971,1
683,6971,1
684,6971,1
690,6971,1
691,6971,1
692,6971,2
696,6971,1
697,6971,1
698,6971,1
699,6971,3
701,6971,1
702,6971,2
703,6971,2
704,6971,2
706,6971,1
713,6971,1
714,6971,1
717,6971,1
724,6971,1
725,6971,1
734,6971,1
735,6971,1
738,6971,1
740,6971,1
741,6971,1
742,6971,1
743,6971,2
744,6971,2
745,6971,2
747,6971,1
752,6971,1
753,6971,3
754,6971,4
755,6971,1
757,6971,1
763,6971,1
764,6971,1
765,6971,1
766,6971,1
767,6971,1
773,6971,2
774,6971,2
775,6971,1
576,6972,3
577,6972,1
582,6972,1
583,6972,1
584,6972,3
585,6972,5
586,6972,2
592,6972,1
594,6972,1
595,6972,1
597,6972,1
599,6972,1
601,6972,1
602,6972,1
608,6972,1
609,6972,1
610,6972,1
611,6972,1
612,6972,1
613,6972,4
614,6972,6
615,6972,4
616,6972,4
617,6972,3
618,6972,1
619,6972,2
621,6972,2
622,6972,1
623,6972,1
624,6972,1
635,6972,1
636,6972,1
642,6972,2
643,6972,2
644,6972,1
645,6972,1
647,6972,1
648,6972,4
649,6972,3
650,6972,2
651,6972,2
652,6972,1
653,6972,3
654,6972,2
655,6972,3
656,6972,3
657,6972,2
658,6972,2
659,6972,1
660,6972,2
661,6972,1
662,6972,1
663,6972,2
664,6972,3
665,6972,1
666,6972,1
667,6972,1
668,6972,1
672,6972,1
673,6972,2
674,6972,3
675,6972,1
689,6972,1
690,6972,1
691,6972,1
699,6972,2
700,6972,1
701,6972,2
702,6972,1
703,6972,1
704,6972,2
713,6972,1
714,6972,1
715,6972,1
716,6972,1
717,6972,1
718,6972,1
727,6972,1
729,6972,1
730,6972,1
754,6972,1
755,6972,2
759,6972,1
760,6972,2
761,6972,2
771,6972,1
772,6972,2
556,6973,1
575,6973,1
576,6973,1
578,6973,1
583,6973,1
584,6973,3
585,6973,8
586,6973,5
587,6973,2
592,6973,1
593,6973,3
595,6973,1
596,6973,1
597,6973,1
599,6973,2
600,6973,2
610,6973,1
611,6973,1
612,6973,1
613,6973,5
614,6973,7
615,6973,3
617,6973,2
618,6973,3
619,6973,6
620,6973,4
621,6973,1
623,6973,1
624,6973,1
625,6973,1
631,6973,1
632,6973,1
635,6973,1
636,6973,1
637,6973,2
638,6973,1
641,6973,2
642,6973,3
643,6973,2
644,6973,2
645,6973,2
646,6973,1
647,6973,2
648,6973,1
649,6973,1
652,6973,1
654,6973,1
655,6973,2
656,6973,4
657,6973,5
658,6973,1
659,6973,1
660,6973,1
663,6973,1
664,6973,1
665,6973,1
672,6973,1
673,6973,1
674,6973,1
683,6973,1
684,6973,2
685,6973,1
691,6973,1
692,6973,1
693,6973,1
701,6973,1
702,6973,1
703,6973,2
704,6973,2
705,6973,2
712,6973,2
713,6973,3
714,6973,3
715,6973,2
716,6973,1
718,6973,2
719,6973,1
720,6973,1
727,6973,2
728,6973,1
729,6973,3
730,6973,4
731,6973,2
732,6973,2
733,6973,2
734,6973,2
735,6973,2
736,6973,1
740,6973,1
555,6974,1
556,6974,1
575,6974,1
579,6974,1
581,6974,1
584,6974,2
585,6974,5
586,6974,8
587,6974,3
588,6974,1
589,6974,1
593,6974,1
594,6974,2
597,6974,1
600,6974,1
609,6974,3
610,6974,4
611,6974,2
612,6974,2
613,6974,1
614,6974,5
615,6974,5
616,6974,4
617,6974,1
618,6974,1
619,6974,1
620,6974,2
621,6974,2
622,6974,3
624,6974,1
625,6974,1
626,6974,2
627,6974,2
628,6974,3
629,6974,1
631,6974,3
632,6974,1
633,6974,2
634,6974,2
635,6974,2
636,6974,2
637,6974,3
638,6974,2
639,6974,1
640,6974,2
641,6974,2
643,6974,2
644,6974,4
645,6974,3
646,6974,2
647,6974,1
649,6974,4
650,6974,5
652,6974,2
653,6974,1
654,6974,1
655,6974,1
659,6974,1
660,6974,1
663,6974,1
665,6974,1
672,6974,1
673,6974,1
674,6974,2
675,6974,1
684,6974,2
692,6974,1
693,6974,1
694,6974,1
700,6974,1
701,6974,1
703,6974,1
704,6974,1
705,6974,1
706,6974,1
708,6974,1
709,6974,1
710,6974,2
711,6974,1
712,6974,1
714,6974,1
715,6974,2
716,6974,1
718,6974,1
719,6974,1
720,6974,1
721,6974,1
725,6974,1
726,6974,1
736,6974,1
737,6974,1
738,6974,1
740,6974,1
741,6974,1
742,6974,1
743,6974,1
744,6974,1
579,6975,3
580,6975,1
581,6975,1
585,6975,4
586,6975,4
587,6975,1
589,6975,1
595,6975,1
598,6975,1
599,6975,1
606,6975,1
608,6975,4
609,6975,5
610,6975,2
611,6975,3
612,6975,4
613,6975,5
614,6975,4
615,6975,4
616,6975,3
617,6975,1
618,6975,2
619,6975,2
620,6975,3
621,6975,1
622,6975,2
623,6975,2
626,6975,1
627,6975,3
628,6975,1
629,6975,1
630,6975,2
631,6975,3
632,6975,3
633,6975,3
634,6975,2
635,6975,2
637,6975,1
638,6975,1
641,6975,1
642,6975,3
643,6975,6
644,6975,5
645,6975,1
646,6975,2
648,6975,4
649,6975,4
650,6975,1
651,6975,1
710,6975,1
711,6975,1
714,6975,1
716,6975,1
717,6975,1
721,6975,1
722,6975,1
723,6975,1
735,6975,1
736,6975,1
738,6975,1
746,6975,1
747,6975,1
748,6975,1
749,6975,1
539,6976,1
554,6976,1
579,6976,1
580,6976,2
582,6976,1
585,6976,1
586,6976,3
587,6976,3
588,6976,1
589,6976,2
590,6976,2
595,6976,1
596,6976,1
597,6976,2
598,6976,1
604,6976,10
605,6976,17
606,6976,17
607,6976,10
608,6976,3
609,6976,1
610,6976,1
611,6976,5
612,6976,4
613,6976,2
614,6976,2
615,6976,3
616,6976,4
617,6976,1
618,6976,1
619,6976,2
620,6976,3
621,6976,1
622,6976,1
623,6976,1
624,6976,2
625,6976,1
626,6976,2
627,6976,2
628,6976,3
629,6976,5
630,6976,7
631,6976,6
632,6976,2
633,6976,4
634,6976,3
635,6976,3
636,6976,3
637,6976,1
638,6976,2
639,6976,1
643,6976,1
646,6976,1
705,6976,1
706,6976,1
710,6976,1
717,6976,1
720,6976,1
721,6976,1
736,6976,1
737,6976,1
738,6976,1
746,6976,1
747,6976,1
752,6976,1
753,6976,1
755,6976,1
756,6976,1
539,6977,1
552,6977,1
553,6977,1
554,6977,1
582,6977,1
586,6977,1
587,6977,5
588,6977,2
589,6977,1
590,6977,3
592,6977,1
597,6977,1
598,6977,1
603,6977,1
604,6977,39
605,6977,43
606,6977,17
607,6977,13
608,6977,7
609,6977,5
610,6977,4
611,6977,4
612,6977,6
613,6977,3
614,6977,2
615,6977,2
616,6977,1
617,6977,1
620,6977,1
621,6977,3
622,6977,2
623,6977,1
624,6977,1
625,6977,1
626,6977,1
627,6977,3
628,6977,3
629,6977,2
630,6977,2
631,6977,2
632,6977,1
633,6977,1
634,6977,1
635,6977,2
636,6977,1
723,6977,1
724,6977,1
725,6977,1
733,6977,1
739,6977,1
740,6977,1
741,6977,1
744,6977,1
745,6977,1
746,6977,1
747,6977,1
748,6977,1
749,6977,1
750,6977,1
751,6977,1
752,6977,1
754,6977,1
755,6977,1
758,6977,1
759,6977,1
552,6978,1
553,6978,1
582,6978,1
586,6978,3
587,6978,2
588,6978,2
590,6978,2
591,6978,2
593,6978,1
604,6978,9
605,6978,14
606,6978,11
607,6978,4
608,6978,1
610,6978,1
611,6978,2
612,6978,2
615,6978,1
616,6978,1
618,6978,2
619,6978,2
620,6978,2
621,6978,1
622,6978,2
623,6978,1
624,6978,1
626,6978,1
628,6978,1
629,6978,1
768,6978,1
770,6978,1
771,6978,1
772,6978,1
552,6979,1
553,6979,1
577,6979,1
583,6979,1
586,6979,3
588,6979,3
591,6979,1
593,6979,1
606,6979,3
607,6979,2
610,6979,1
611,6979,2
612,6979,1
615,6979,2
616,6979,2
617,6979,1
618,6979,1
623,6979,1
720,6979,1
764,6979,1
765,6979,1
766,6979,1
767,6979,1
552,6980,1
553,6980,1
577,6980,1
583,6980,1
588,6980,1
589,6980,3
591,6980,2
592,6980,2
593,6980,2
594,6980,1
601,6980,1
602,6980,1
606,6980,1
607,6980,1
608,6980,1
609,6980,1
610,6980,2
611,6980,2
612,6980,1
613,6980,2
614,6980,1
615,6980,2
616,6980,1
618,6980,1
619,6980,1
620,6980,1
621,6980,1
638,6980,1
720,6980,1
721,6980,1
858,6980,1
552,6981,2
553,6981,1
554,6981,1
556,6981,1
557,6981,1
558,6981,1
559,6981,1
589,6981,1
590,6981,2
591,6981,1
592,6981,2
594,6981,1
602,6981,1
603,6981,2
606,6981,2
607,6981,1
610,6981,1
611,6981,2
612,6981,2
617,6981,1
618,6981,1
619,6981,2
620,6981,2
623,6981,1
624,6981,1
627,6981,1
628,6981,1
721,6981,1
722,6981,1
723,6981,1
725,6981,1
726,6981,1
727,6981,1
728,6981,1
559,6982,1
560,6982,1
578,6982,1
589,6982,4
590,6982,1
591,6982,1
592,6982,1
593,6982,1
594,6982,1
595,6982,1
603,6982,3
606,6982,1
607,6982,4
608,6982,3
612,6982,1
613,6982,1
614,6982,1
615,6982,1
616,6982,1
624,6982,1
729,6982,1
862,6982,1
578,6983,1
586,6983,1
589,6983,3
590,6983,1
591,6983,1
592,6983,1
594,6983,1
595,6983,1
598,6983,1
599,6983,1
603,6983,1
604,6983,1
605,6983,1
607,6983,2
608,6983,5
609,6983,1
611,6983,1
612,6983,1
613,6983,1
614,6983,3
615,6983,2
618,6983,1
619,6983,1
624,6983,1
625,6983,1
626,6983,1
628,6983,1
629,6983,1
631,6983,2
632,6983,1
733,6983,1
862,6983,1
579,6984,1
586,6984,2
587,6984,2
589,6984,3
590,6984,1
591,6984,1
592,6984,2
594,6984,1
595,6984,2
598,6984,1
599,6984,1
600,6984,1
602,6984,1
606,6984,1
608,6984,1
609,6984,5
610,6984,1
612,6984,1
614,6984,1
615,6984,2
616,6984,1
617,6984,2
618,6984,1
622,6984,1
623,6984,2
627,6984,1
631,6984,1
632,6984,1
633,6984,1
636,6984,1
637,6984,1
638,6984,1
639,6984,1
641,6984,1
642,6984,1
733,6984,1
579,6985,1
587,6985,2
588,6985,1
592,6985,1
595,6985,2
596,6985,1
600,6985,1
602,6985,1
609,6985,1
610,6985,2
611,6985,2
615,6985,1
619,6985,3
620,6985,1
623,6985,1
626,6985,1
627,6985,1
628,6985,1
634,6985,1
637,6985,1
647,6985,1
648,6985,1
649,6985,1
650,6985,1
782,6985,1
783,6985,1
784,6985,1
785,6985,1
587,6986,1
588,6986,1
592,6986,4
593,6986,1
595,6986,2
596,6986,1
604,6986,1
605,6986,1
611,6986,2
612,6986,2
613,6986,2
614,6986,1
615,6986,1
616,6986,1
619,6986,1
620,6986,1
621,6986,1
622,6986,1
624,6986,1
625,6986,1
626,6986,1
638,6986,1
639,6986,1
640,6986,1
650,6986,1
735,6986,1
785,6986,1
588,6987,1
592,6987,1
594,6987,1
595,6987,2
596,6987,1
603,6987,1
605,6987,2
612,6987,1
613,6987,4
614,6987,4
625,6987,1
626,6987,1
627,6987,1
638,6987,1
639,6987,2
737,6987,1
738,6987,1
588,6988,1
593,6988,1
594,6988,1
595,6988,2
596,6988,3
597,6988,1
600,6988,1
601,6988,1
605,6988,2
606,6988,2
613,6988,1
618,6988,1
619,6988,2
620,6988,1
625,6988,1
626,6988,1
639,6988,1
640,6988,1
641,6988,1
642,6988,1
643,6988,1
655,6988,1
656,6988,1
594,6989,1
595,6989,2
596,6989,3
597,6989,2
606,6989,1
616,6989,1
617,6989,1
619,6989,3
620,6989,1
621,6989,1
626,6989,1
627,6989,1
642,6989,1
643,6989,1
653,6989,1
656,6989,1
591,6990,1
595,6990,2
596,6990,1
597,6990,3
598,6990,1
600,6990,1
601,6990,1
603,6990,1
606,6990,1
607,6990,1
616,6990,1
617,6990,1
618,6990,2
619,6990,4
620,6990,3
628,6990,1
629,6990,1
630,6990,1
631,6990,1
632,6990,1
648,6990,1
649,6990,1
650,6990,1
651,6990,1
652,6990,1
653,6990,2
654,6990,1
655,6990,1
664,6990,1
591,6991,1
592,6991,1
595,6991,1
597,6991,1
598,6991,2
599,6991,1
602,6991,1
603,6991,1
607,6991,1
608,6991,1
619,6991,1
620,6991,3
629,6991,1
630,6991,1
631,6991,1
634,6991,1
635,6991,1
641,6991,1
642,6991,1
647,6991,1
648,6991,1
655,6991,1
717,6991,1
793,6991,1
794,6991,1
795,6991,1
593,6992,1
594,6992,2
598,6992,1
599,6992,1
600,6992,1
602,6992,1
608,6992,1
630,6992,2
631,6992,2
632,6992,1
635,6992,1
636,6992,1
637,6992,1
641,6992,1
647,6992,1
648,6992,1
651,6992,1
656,6992,1
796,6992,1
593,6993,1
594,6993,2
596,6993,1
597,6993,1
598,6993,1
599,6993,2
600,6993,3
603,6993,1
608,6993,1
615,6993,1
616,6993,1
619,6993,1
620,6993,1
627,6993,1
629,6993,1
630,6993,1
632,6993,1
633,6993,2
641,6993,1
642,6993,1
648,6993,1
651,6993,1
714,6993,1
800,6993,1
596,6994,1
597,6994,4
599,6994,2
600,6994,3
601,6994,1
602,6994,1
603,6994,1
610,6994,1
611,6994,1
612,6994,1
615,6994,1
616,6994,1
620,6994,1
633,6994,1
634,6994,1
644,6994,1
655,6994,1
659,6994,1
660,6994,1
597,6995,3
599,6995,1
600,6995,2
601,6995,2
603,6995,1
606,6995,2
607,6995,1
612,6995,1
613,6995,1
615,6995,1
616,6995,1
618,6995,1
620,6995,2
642,6995,1
643,6995,1
644,6995,3
645,6995,2
646,6995,1
651,6995,1
653,6995,1
654,6995,1
661,6995,1
662,6995,1
663,6995,2
664,6995,1
704,6995,1
705,6995,1
597,6996,3
599,6996,1
600,6996,1
601,6996,3
606,6996,1
607,6996,1
608,6996,1
613,6996,1
620,6996,1
621,6996,2
622,6996,3
623,6996,3
637,6996,1
642,6996,1
644,6996,1
645,6996,2
646,6996,2
647,6996,1
648,6996,1
651,6996,2
652,6996,1
653,6996,1
654,6996,1
663,6996,2
664,6996,1
665,6996,1
599,6997,3
601,6997,2
602,6997,1
604,6997,1
606,6997,1
608,6997,1
613,6997,1
619,6997,1
620,6997,1
621,6997,1
623,6997,2
637,6997,1
638,6997,1
646,6997,1
647,6997,1
648,6997,2
649,6997,2
650,6997,1
651,6997,2
652,6997,1
653,6997,1
654,6997,2
655,6997,1
656,6997,1
661,6997,1
662,6997,1
666,6997,1
667,6997,1
668,6997,1
682,6997,1
683,6997,1
687,6997,1
688,6997,1
689,6997,1
706,6997,1
707,6997,1
708,6997,1
709,6997,1
710,6997,1
711,6997,1
715,6997,1
722,6997,1
723,6997,1
724,6997,1
599,6998,4
600,6998,1
601,6998,1
604,6998,1
606,6998,1
607,6998,1
610,6998,1
620,6998,1
621,6998,1
622,6998,2
623,6998,2
638,6998,1
652,6998,1
653,6998,1
655,6998,1
656,6998,1
657,6998,1
658,6998,1
661,6998,2
666,6998,1
667,6998,1
668,6998,1
669,6998,1
670,6998,1
671,6998,1
672,6998,1
681,6998,1
682,6998,1
689,6998,1
694,6998,1
715,6998,1
716,6998,1
717,6998,1
718,6998,1
719,6998,1
813,6998,1
599,6999,4
600,6999,1
603,6999,1
604,6999,1
605,6999,1
606,6999,1
608,6999,1
610,6999,1
611,6999,1
614,6999,1
640,6999,1
653,6999,1
661,6999,1
662,6999,1
669,6999,1
694,6999,1
695,6999,1
599,7000,3
600,7000,4
603,7000,1
604,7000,1
605,7000,1
607,7000,1
614,7000,1
622,7000,1
625,7000,1
640,7000,1
641,7000,1
664,7000,1
671,7000,1
672,7000,1
673,7000,2
683,7000,1
697,7000,1
698,7000,1
817,7000,1
818,7000,1
819,7000,1
820,7000,1
604,7001,1
607,7001,1
612,7001,1
622,7001,1
624,7001,3
626,7001,1
629,7001,1
653,7001,1
665,7001,2
666,7001,2
667,7001,1
668,7001,1
670,7001,1
671,7001,1
673,7001,2
696,7001,1
604,7002,2
605,7002,2
607,7002,1
610,7002,1
612,7002,2
613,7002,1
619,7002,1
620,7002,1
624,7002,1
631,7002,1
641,7002,1
653,7002,1
654,7002,1
673,7002,1
674,7002,1
675,7002,1
676,7002,1
680,7002,1
681,7002,1
690,7002,1
691,7002,1
822,7002,1
604,7003,1
605,7003,3
606,7003,1
607,7003,1
609,7003,1
610,7003,1
611,7003,1
613,7003,2
614,7003,1
615,7003,1
616,7003,1
617,7003,1
618,7003,1
621,7003,1
622,7003,1
623,7003,1
624,7003,1
626,7003,2
642,7003,1
675,7003,1
676,7003,1
686,7003,1
687,7003,1
605,7004,1
606,7004,2
607,7004,5
608,7004,1
610,7004,2
611,7004,1
613,7004,1
614,7004,2
615,7004,1
616,7004,1
617,7004,1
622,7004,1
623,7004,1
624,7004,2
625,7004,1
626,7004,1
627,7004,1
628,7004,1
642,7004,1
643,7004,1
687,7004,1
688,7004,1
689,7004,1
702,7004,1
703,7004,1
704,7004,1
705,7004,1
717,7004,1
606,7005,1
607,7005,4
608,7005,5
623,7005,1
624,7005,2
625,7005,1
626,7005,1
628,7005,3
629,7005,2
705,7005,1
607,7006,1
608,7006,5
615,7006,2
622,7006,1
623,7006,1
624,7006,2
625,7006,1
626,7006,1
629,7006,3
638,7006,1
639,7006,1
657,7006,1
680,7006,1
681,7006,1
686,7006,1
728,7006,1
729,7006,1
615,7007,1
616,7007,1
617,7007,1
621,7007,1
622,7007,1
625,7007,1
626,7007,1
627,7007,1
629,7007,3
630,7007,1
639,7007,1
640,7007,1
646,7007,1
657,7007,1
686,7007,1
732,7007,1
608,7008,2
610,7008,1
612,7008,2
620,7008,1
624,7008,1
626,7008,1
627,7008,2
628,7008,1
629,7008,2
630,7008,2
646,7008,1
647,7008,1
657,7008,1
658,7008,1
608,7009,1
610,7009,1
612,7009,3
628,7009,1
629,7009,1
647,7009,1
658,7009,1
609,7010,1
612,7010,1
613,7010,1
629,7010,1
679,7010,1
680,7010,1
609,7011,1
610,7011,1
611,7011,1
612,7011,1
630,7011,1
631,7011,1
610,7012,1
612,7012,1
615,7012,2
629,7012,1
631,7012,1
632,7012,1
648,7012,1
649,7012,1
667,7012,1
610,7013,1
611,7013,1
612,7013,2
613,7013,1
615,7013,3
629,7013,1
631,7013,1
650,7013,1
653,7013,1
654,7013,1
667,7013,1
668,7013,1
746,7013,1
747,7013,1
611,7014,2
612,7014,1
613,7014,2
629,7014,1
631,7014,2
635,7014,1
636,7014,1
650,7014,1
651,7014,1
654,7014,1
655,7014,1
668,7014,1
669,7014,1
670,7014,1
671,7014,1
672,7014,2
673,7014,2
674,7014,1
611,7015,1
612,7015,2
613,7015,3
614,7015,1
629,7015,1
631,7015,1
636,7015,1
673,7015,1
764,7015,1
765,7015,1
612,7016,2
613,7016,2
614,7016,2
636,7016,1
656,7016,1
665,7016,1
666,7016,1
679,7016,1
680,7016,1
613,7017,1
614,7017,1
656,7017,1
657,7017,1
680,7017,1
614,7018,1
615,7018,2
633,7018,2
657,7018,1
771,7018,1
772,7018,1
613,7019,1
614,7019,1
615,7019,2
633,7019,2
634,7019,2
665,7019,1
613,7020,1
614,7020,1
615,7020,2
633,7020,2
634,7020,2
684,7020,1
615,7021,2
684,7021,1
685,7021,1
689,7021,1
785,7021,1
614,7022,1
615,7022,2
616,7022,4
617,7022,1
632,7022,1
633,7022,1
636,7022,1
614,7023,1
615,7023,3
616,7023,4
618,7023,1
619,7023,1
633,7023,1
637,7023,2
643,7023,1
616,7024,4
619,7024,1
620,7024,1
633,7024,1
637,7024,1
638,7024,1
643,7024,1
659,7024,1
660,7024,1
693,7024,1
694,7024,1
616,7025,1
620,7025,1
621,7025,1
632,7025,1
643,7025,1
644,7025,1
660,7025,2
661,7025,2
662,7025,1
616,7026,1
621,7026,1
635,7026,1
644,7026,1
661,7026,1
616,7027,1
635,7027,1
676,7027,1
678,7027,1
679,7027,1
619,7028,2
622,7028,1
671,7028,1
672,7028,1
673,7028,1
619,7029,2
645,7029,1
623,7030,1
624,7030,1
645,7030,1
624,7031,1
641,7031,2
642,7031,2
645,7031,1
617,7032,1
625,7032,1
641,7032,2
642,7032,1
648,7032,1
617,7033,1
625,7033,1
641,7033,2
642,7033,1
663,7034,1
624,7035,1
643,7035,1
663,7035,1
664,7035,1
668,7035,1
669,7035,1
619,7036,1
625,7036,1
642,7036,1
643,7036,2
664,7036,1
619,7037,1
620,7037,1
641,7037,2
642,7037,1
643,7037,1
644,7037,2
645,7037,2
620,7038,1
642,7038,1
644,7038,2
645,7038,2
622,7039,1
629,7039,1
629,7040,1
630,7040,1
636,7040,1
637,7040,1
644,7040,1
630,7041,1
664,7041,1
665,7041,1
666,7041,1
667,7041,1
621,7042,2
622,7042,1
630,7042,1
647,7042,1
621,7043,1
622,7043,2
626,7043,1
630,7043,1
631,7043,1
647,7043,1
648,7043,1
662,7043,1
663,7043,1
664,7043,1
665,7043,1
627,7044,1
631,7044,1
633,7044,1
644,7044,1
648,7044,1
665,7044,1
622,7045,1
623,7045,1
627,7045,1
631,7045,1
632,7045,2
633,7045,1
644,7045,1
648,7045,2
623,7046,1
627,7046,1
628,7046,1
630,7046,1
631,7046,1
644,7046,1
648,7046,1
623,7047,2
628,7047,1
629,7047,1
629,7048,1
633,7048,1
634,7048,1
634,7049,1
634,7050,1
635,7050,1
645,7050,1
646,7050,1
635,7051,1
636,7051,1
646,7051,1
648,7051,1
649,7051,1
650,7051,1
636,7052,1
638,7052,1
639,7052,1
645,7052,1
626,7053,2
627,7053,1
634,7053,1
635,7053,1
636,7053,1
637,7053,1
645,7053,1
646,7053,1
633,7054,1
636,7054,1
637,7054,1
639,7054,1
646,7054,1
647,7054,1
625,7055,1
633,7055,1
634,7055,1
637,7055,1
616,7056,1
617,7056,1
618,7056,1
619,7056,1
640,7056,1
618,7057,1
619,7057,1
622,7057,1
623,7057,1
612,7058,1
613,7058,1
614,7058,1
617,7058,1
618,7058,1
640,7058,1
612,7059,1
613,7059,1
614,7059,1
640,7059,1
641,7059,1
648,7059,1
641,7060,1
648,7060,1
641,7061,1
648,7061,1
649,7061,1
640,7062,1
648,7063,1
640,7065,1
640,7066,1
641,7066,1
648,7066,1
642,7067,1
644,7067,1
648,7067,1
644,7068,1
648,7068,1
645,7070,1
645,7072,1
