ix,iy,flights
517,6082,1
521,6082,1
522,6082,1
511,6083,1
512,6083,1
511,6084,1
529,6086,1
562,6086,1
556,6087,1
557,6087,1
561,6087,1
562,6087,1
566,6087,1
512,6088,1
531,6088,1
541,6088,1
542,6088,1
554,6088,1
555,6088,1
556,6088,1
565,6088,1
566,6088,1
568,6088,1
574,6088,1
512,6089,1
537,6089,1
538,6089,1
540,6089,1
541,6089,1
542,6089,1
548,6089,1
549,6089,1
572,6089,1
573,6089,1
574,6089,1
535,6090,1
536,6090,1
537,6090,1
538,6090,1
548,6090,1
572,6090,1
513,6091,1
579,6091,1
581,6091,1
511,6092,1
513,6092,1
514,6092,1
580,6092,1
581,6092,1
582,6092,1
583,6092,1
511,6093,1
514,6093,1
515,6093,1
589,6093,1
510,6094,1
515,6094,2
584,6094,1
585,6094,1
510,6095,1
511,6095,1
514,6095,1
515,6095,2
516,6095,1
589,6095,1
590,6095,1
513,6096,1
515,6096,1
516,6096,1
514,6097,1
515,6097,1
516,6097,1
590,6097,1
591,6097,1
592,6097,1
514,6098,3
515,6098,2
591,6098,1
624,6098,1
625,6098,1
514,6099,4
515,6099,1
592,6099,1
511,6100,1
512,6100,1
513,6100,2
514,6100,4
515,6100,1
592,6100,1
640,6100,1
512,6101,1
513,6101,3
514,6101,4
515,6101,3
592,6101,1
640,6101,1
641,6101,1
642,6101,1
512,6102,1
513,6102,3
514,6102,4
515,6102,1
528,6102,1
529,6102,1
530,6102,1
531,6102,1
645,6102,1
646,6102,1
472,6103,1
473,6103,1
509,6103,1
512,6103,3
513,6103,3
514,6103,7
515,6103,1
516,6103,1
525,6103,5
526,6103,9
527,6103,9
528,6103,6
529,6103,3
530,6103,3
531,6103,4
532,6103,3
533,6103,2
534,6103,2
537,6103,1
602,6103,1
603,6103,1
618,6103,1
638,6103,1
472,6104,1
508,6104,1
509,6104,1
512,6104,2
513,6104,3
514,6104,4
515,6104,3
516,6104,3
517,6104,2
522,6104,1
523,6104,1
524,6104,1
525,6104,5
526,6104,7
527,6104,19
528,6104,12
529,6104,8
530,6104,11
531,6104,7
532,6104,3
533,6104,7
534,6104,8
535,6104,6
536,6104,5
537,6104,4
538,6104,3
539,6104,1
593,6104,1
594,6104,1
597,6104,1
603,6104,1
607,6104,1
638,6104,1
639,6104,1
646,6104,1
647,6104,1
506,6105,1
508,6105,3
509,6105,1
510,6105,1
511,6105,5
512,6105,12
513,6105,14
514,6105,18
515,6105,12
516,6105,11
517,6105,6
518,6105,4
519,6105,2
520,6105,3
521,6105,3
522,6105,6
523,6105,3
525,6105,5
526,6105,7
527,6105,5
529,6105,1
530,6105,2
531,6105,1
536,6105,2
539,6105,1
542,6105,1
592,6105,1
594,6105,1
595,6105,2
607,6105,1
608,6105,1
611,6105,1
614,6105,1
615,6105,1
616,6105,1
646,6105,1
647,6105,1
506,6106,1
508,6106,3
509,6106,8
510,6106,10
511,6106,10
512,6106,19
513,6106,16
514,6106,41
515,6106,28
516,6106,22
517,6106,31
518,6106,33
519,6106,24
520,6106,15
521,6106,13
522,6106,8
523,6106,4
525,6106,2
529,6106,1
534,6106,1
539,6106,1
540,6106,1
541,6106,1
542,6106,2
545,6106,1
552,6106,1
583,6106,1
592,6106,1
594,6106,1
595,6106,1
596,6106,1
608,6106,1
609,6106,1
611,6106,1
615,6106,1
637,6106,1
638,6106,1
506,6107,1
507,6107,1
508,6107,2
509,6107,4
510,6107,7
511,6107,10
512,6107,21
513,6107,40
514,6107,28
515,6107,16
516,6107,14
517,6107,16
518,6107,17
519,6107,8
520,6107,1
521,6107,1
526,6107,1
534,6107,1
535,6107,1
540,6107,2
545,6107,2
549,6107,1
550,6107,1
552,6107,1
553,6107,1
579,6107,1
582,6107,1
583,6107,1
588,6107,1
594,6107,1
595,6107,1
596,6107,4
597,6107,3
598,6107,4
599,6107,2
603,6107,1
604,6107,1
611,6107,1
631,6107,1
632,6107,1
635,6107,1
636,6107,1
637,6107,2
638,6107,1
639,6107,1
640,6107,1
508,6108,1
509,6108,15
510,6108,16
511,6108,20
512,6108,13
513,6108,4
521,6108,1
526,6108,1
535,6108,2
536,6108,2
539,6108,1
549,6108,1
579,6108,1
580,6108,1
588,6108,1
590,6108,1
591,6108,2
592,6108,4
593,6108,2
594,6108,2
595,6108,1
596,6108,2
597,6108,1
598,6108,2
599,6108,4
600,6108,2
603,6108,1
611,6108,1
623,6108,1
627,6108,1
638,6108,1
640,6108,1
641,6108,2
643,6108,1
644,6108,1
506,6109,1
507,6109,3
508,6109,9
509,6109,3
510,6109,1
519,6109,1
528,6109,2
529,6109,1
530,6109,1
531,6109,1
532,6109,1
535,6109,1
536,6109,3
537,6109,1
539,6109,2
543,6109,1
550,6109,1
556,6109,1
579,6109,1
590,6109,1
591,6109,2
592,6109,1
593,6109,1
595,6109,1
596,6109,1
598,6109,1
599,6109,1
600,6109,4
601,6109,3
602,6109,2
603,6109,1
611,6109,1
615,6109,1
623,6109,1
639,6109,1
641,6109,1
642,6109,1
643,6109,1
649,6109,1
650,6109,1
505,6110,7
506,6110,6
507,6110,2
508,6110,2
516,6110,1
527,6110,1
528,6110,2
530,6110,1
531,6110,1
532,6110,1
533,6110,1
538,6110,2
539,6110,1
541,6110,1
543,6110,1
550,6110,1
551,6110,1
593,6110,1
594,6110,1
595,6110,1
596,6110,3
597,6110,1
599,6110,1
600,6110,2
601,6110,5
602,6110,2
603,6110,1
638,6110,1
639,6110,2
640,6110,2
641,6110,2
642,6110,2
643,6110,1
647,6110,1
648,6110,1
463,6111,1
464,6111,1
504,6111,3
505,6111,6
506,6111,5
514,6111,1
515,6111,2
516,6111,2
517,6111,1
519,6111,1
521,6111,1
522,6111,1
527,6111,1
528,6111,3
529,6111,2
530,6111,1
532,6111,1
536,6111,1
538,6111,1
540,6111,1
544,6111,1
551,6111,1
556,6111,1
577,6111,1
578,6111,1
579,6111,1
582,6111,1
583,6111,1
584,6111,1
585,6111,3
586,6111,2
587,6111,3
588,6111,2
592,6111,1
594,6111,2
595,6111,2
596,6111,2
597,6111,3
598,6111,2
599,6111,2
600,6111,1
601,6111,3
639,6111,2
640,6111,2
641,6111,2
642,6111,1
643,6111,1
644,6111,1
645,6111,1
646,6111,1
647,6111,1
648,6111,1
459,6112,1
460,6112,1
461,6112,1
462,6112,1
503,6112,1
504,6112,2
515,6112,2
516,6112,2
517,6112,2
519,6112,1
522,6112,1
523,6112,1
527,6112,1
528,6112,2
529,6112,1
530,6112,1
532,6112,1
533,6112,1
538,6112,2
540,6112,1
541,6112,1
542,6112,1
544,6112,1
552,6112,1
553,6112,3
554,6112,1
561,6112,1
562,6112,2
578,6112,1
579,6112,1
583,6112,1
585,6112,1
587,6112,1
597,6112,1
598,6112,3
599,6112,2
600,6112,4
601,6112,4
602,6112,3
640,6112,1
645,6112,1
647,6112,1
648,6112,1
456,6113,1
457,6113,1
458,6113,1
459,6113,1
504,6113,1
516,6113,2
517,6113,2
521,6113,1
523,6113,2
524,6113,1
528,6113,1
535,6113,1
538,6113,1
539,6113,1
541,6113,1
542,6113,1
553,6113,2
555,6113,2
556,6113,1
557,6113,1
563,6113,2
564,6113,2
565,6113,1
570,6113,1
576,6113,2
577,6113,1
581,6113,1
585,6113,1
599,6113,1
600,6113,1
602,6113,1
520,6114,1
521,6114,2
522,6114,1
523,6114,1
524,6114,1
525,6114,1
526,6114,1
528,6114,1
529,6114,1
531,6114,2
532,6114,1
535,6114,1
537,6114,2
538,6114,2
543,6114,1
557,6114,1
564,6114,1
565,6114,3
566,6114,3
567,6114,1
570,6114,1
573,6114,1
574,6114,1
576,6114,1
599,6114,2
600,6114,1
602,6114,2
454,6115,1
512,6115,1
513,6115,1
525,6115,1
526,6115,1
527,6115,1
528,6115,1
530,6115,4
531,6115,2
535,6115,1
536,6115,1
537,6115,2
538,6115,1
543,6115,1
566,6115,1
567,6115,2
568,6115,1
569,6115,1
570,6115,1
573,6115,1
574,6115,3
599,6115,1
600,6115,1
443,6116,1
450,6116,1
451,6116,1
452,6116,1
512,6116,1
522,6116,1
523,6116,1
530,6116,4
531,6116,1
533,6116,2
534,6116,2
535,6116,1
536,6116,1
537,6116,3
538,6116,2
570,6116,1
571,6116,1
597,6116,1
598,6116,1
437,6117,1
458,6117,1
521,6117,1
522,6117,1
523,6117,2
530,6117,2
531,6117,1
532,6117,1
533,6117,3
534,6117,2
535,6117,4
536,6117,3
537,6117,3
538,6117,3
539,6117,1
542,6117,1
543,6117,1
458,6118,1
459,6118,1
522,6118,1
523,6118,3
529,6118,1
530,6118,1
531,6118,1
532,6118,2
533,6118,2
534,6118,1
535,6118,2
536,6118,3
537,6118,3
538,6118,2
539,6118,2
542,6118,2
543,6118,2
553,6118,1
433,6119,1
434,6119,1
439,6119,1
456,6119,1
457,6119,1
523,6119,2
531,6119,1
532,6119,3
535,6119,1
536,6119,1
537,6119,1
538,6119,1
539,6119,2
540,6119,1
541,6119,3
542,6119,4
543,6119,2
544,6119,1
547,6119,1
548,6119,1
549,6119,1
553,6119,1
436,6120,1
437,6120,2
439,6120,1
440,6120,1
441,6120,1
453,6120,1
454,6120,1
457,6120,1
522,6120,1
528,6120,1
529,6120,1
531,6120,2
532,6120,3
533,6120,2
534,6120,1
535,6120,1
536,6120,2
538,6120,1
539,6120,1
540,6120,3
541,6120,3
542,6120,1
543,6120,1
544,6120,2
545,6120,5
546,6120,3
549,6120,1
550,6120,1
551,6120,1
552,6120,1
596,6120,1
429,6121,1
430,6121,1
437,6121,1
439,6121,1
440,6121,1
443,6121,1
450,6121,1
451,6121,1
455,6121,1
456,6121,1
521,6121,1
522,6121,1
525,6121,2
526,6121,1
528,6121,1
529,6121,2
530,6121,1
532,6121,1
533,6121,2
534,6121,2
535,6121,3
536,6121,1
537,6121,1
538,6121,2
539,6121,1
540,6121,1
541,6121,1
542,6121,1
544,6121,1
545,6121,1
546,6121,2
547,6121,1
552,6121,1
553,6121,1
554,6121,1
555,6121,1
559,6121,1
595,6121,1
596,6121,1
423,6122,1
424,6122,1
427,6122,1
428,6122,1
429,6122,1
430,6122,1
431,6122,1
435,6122,1
436,6122,1
443,6122,1
444,6122,1
445,6122,1
447,6122,1
448,6122,1
449,6122,1
511,6122,1
512,6122,1
516,6122,1
522,6122,1
523,6122,1
526,6122,1
528,6122,1
529,6122,2
531,6122,1
532,6122,1
533,6122,1
534,6122,2
535,6122,2
536,6122,1
537,6122,1
538,6122,2
539,6122,1
540,6122,1
541,6122,4
542,6122,2
544,6122,1
545,6122,2
546,6122,1
547,6122,6
548,6122,3
553,6122,1
554,6122,1
555,6122,1
559,6122,1
562,6122,1
563,6122,3
564,6122,2
565,6122,2
567,6122,1
595,6122,1
430,6123,1
431,6123,2
432,6123,1
433,6123,1
435,6123,1
436,6123,1
445,6123,1
446,6123,1
449,6123,1
450,6123,1
451,6123,1
453,6123,1
454,6123,1
512,6123,1
517,6123,1
522,6123,1
523,6123,1
525,6123,1
534,6123,2
542,6123,2
543,6123,2
544,6123,3
545,6123,6
546,6123,2
547,6123,2
548,6123,3
549,6123,2
550,6123,3
551,6123,5
552,6123,4
565,6123,3
566,6123,3
567,6123,3
568,6123,3
569,6123,1
431,6124,1
433,6124,1
442,6124,1
446,6124,1
448,6124,1
451,6124,1
452,6124,1
522,6124,2
523,6124,2
549,6124,1
550,6124,1
551,6124,1
552,6124,1
553,6124,3
554,6124,4
555,6124,5
556,6124,6
557,6124,4
558,6124,1
559,6124,1
560,6124,1
562,6124,1
564,6124,1
565,6124,4
566,6124,2
568,6124,1
427,6125,1
428,6125,1
429,6125,1
442,6125,1
443,6125,1
448,6125,1
449,6125,1
452,6125,1
522,6125,1
523,6125,2
553,6125,1
554,6125,2
555,6125,2
556,6125,2
557,6125,2
558,6125,1
561,6125,3
562,6125,1
563,6125,1
564,6125,1
565,6125,1
427,6126,1
428,6126,2
429,6126,1
430,6126,1
510,6126,1
513,6126,1
514,6126,1
515,6126,1
516,6126,1
522,6126,1
523,6126,1
550,6126,1
559,6126,1
560,6126,3
561,6126,9
562,6126,2
563,6126,1
564,6126,1
572,6126,1
592,6126,1
593,6126,1
415,6127,1
416,6127,1
427,6127,1
428,6127,2
429,6127,1
431,6127,1
511,6127,1
512,6127,1
514,6127,1
522,6127,1
549,6127,1
550,6127,1
551,6127,2
559,6127,2
560,6127,8
561,6127,10
562,6127,4
567,6127,1
572,6127,1
573,6127,1
574,6127,1
592,6127,1
593,6127,1
634,6127,1
414,6128,1
415,6128,1
425,6128,1
426,6128,2
431,6128,1
432,6128,1
514,6128,1
515,6128,1
548,6128,1
554,6128,1
555,6128,1
556,6128,1
557,6128,1
558,6128,2
559,6128,6
560,6128,6
561,6128,6
573,6128,2
574,6128,1
576,6128,1
607,6128,1
613,6128,1
616,6128,1
617,6128,2
618,6128,1
623,6128,2
624,6128,1
625,6128,1
628,6128,1
629,6128,2
631,6128,1
634,6128,1
413,6129,1
422,6129,1
423,6129,1
424,6129,2
425,6129,1
426,6129,1
427,6129,1
428,6129,1
437,6129,1
441,6129,1
515,6129,1
553,6129,1
554,6129,3
555,6129,4
556,6129,4
557,6129,4
559,6129,1
560,6129,1
573,6129,1
574,6129,1
575,6129,1
576,6129,1
589,6129,1
590,6129,1
607,6129,2
608,6129,3
613,6129,2
616,6129,1
617,6129,1
618,6129,1
619,6129,1
623,6129,1
624,6129,1
628,6129,3
629,6129,1
631,6129,1
634,6129,3
635,6129,3
643,6129,1
411,6130,1
424,6130,1
425,6130,1
426,6130,1
551,6130,2
552,6130,1
553,6130,2
554,6130,1
555,6130,1
560,6130,1
576,6130,1
586,6130,1
587,6130,1
588,6130,1
590,6130,1
591,6130,1
592,6130,1
607,6130,2
608,6130,3
609,6130,1
613,6130,1
619,6130,1
620,6130,1
621,6130,1
622,6130,2
623,6130,1
625,6130,1
626,6130,1
627,6130,2
628,6130,2
633,6130,1
634,6130,4
635,6130,1
643,6130,1
645,6130,1
646,6130,1
647,6130,1
648,6130,1
419,6131,1
420,6131,1
434,6131,1
435,6131,1
436,6131,1
551,6131,1
552,6131,1
576,6131,1
585,6131,1
587,6131,1
588,6131,1
589,6131,1
591,6131,1
592,6131,1
593,6131,1
594,6131,1
595,6131,2
596,6131,2
597,6131,1
603,6131,2
609,6131,1
618,6131,2
621,6131,1
622,6131,2
623,6131,2
624,6131,1
625,6131,4
626,6131,3
628,6131,1
634,6131,2
635,6131,2
636,6131,1
637,6131,1
638,6131,1
639,6131,4
640,6131,4
641,6131,2
646,6131,1
647,6131,1
651,6131,1
653,6131,1
654,6131,2
655,6131,1
411,6132,1
416,6132,1
419,6132,2
420,6132,2
421,6132,1
422,6132,2
423,6132,1
434,6132,1
435,6132,1
436,6132,1
438,6132,1
553,6132,1
595,6132,1
596,6132,1
597,6132,1
598,6132,1
599,6132,1
603,6132,1
608,6132,2
612,6132,2
613,6132,1
614,6132,1
616,6132,1
618,6132,2
619,6132,1
620,6132,1
621,6132,1
622,6132,3
623,6132,1
639,6132,4
640,6132,1
641,6132,2
642,6132,1
643,6132,1
644,6132,1
645,6132,1
649,6132,1
654,6132,3
655,6132,2
411,6133,1
414,6133,1
415,6133,1
416,6133,2
417,6133,1
418,6133,1
419,6133,1
420,6133,3
421,6133,3
422,6133,1
423,6133,1
553,6133,1
577,6133,1
596,6133,1
597,6133,2
598,6133,1
599,6133,1
600,6133,3
602,6133,2
603,6133,1
608,6133,2
609,6133,1
610,6133,1
611,6133,3
612,6133,4
613,6133,1
614,6133,2
616,6133,2
617,6133,2
618,6133,1
619,6133,1
620,6133,3
621,6133,3
622,6133,1
641,6133,1
642,6133,1
643,6133,1
644,6133,1
645,6133,1
649,6133,1
655,6133,1
659,6133,1
398,6134,1
410,6134,1
413,6134,1
414,6134,1
415,6134,1
416,6134,1
417,6134,2
418,6134,3
419,6134,5
420,6134,4
421,6134,3
422,6134,2
423,6134,5
424,6134,2
563,6134,1
564,6134,1
593,6134,1
601,6134,1
602,6134,2
603,6134,1
604,6134,2
609,6134,1
610,6134,1
617,6134,3
618,6134,1
621,6134,1
396,6135,1
397,6135,1
398,6135,1
400,6135,1
405,6135,1
406,6135,1
409,6135,1
410,6135,1
413,6135,1
414,6135,3
415,6135,4
416,6135,2
417,6135,6
418,6135,9
419,6135,7
420,6135,4
423,6135,2
564,6135,1
587,6135,1
593,6135,2
594,6135,2
595,6135,1
598,6135,1
604,6135,1
608,6135,2
617,6135,1
663,6135,1
396,6136,1
400,6136,1
405,6136,1
406,6136,1
408,6136,1
409,6136,2
410,6136,1
411,6136,3
412,6136,4
413,6136,4
414,6136,10
415,6136,6
416,6136,1
417,6136,3
418,6136,3
558,6136,1
564,6136,1
591,6136,1
592,6136,2
593,6136,3
594,6136,3
595,6136,2
596,6136,2
598,6136,1
605,6136,1
608,6136,1
617,6136,1
643,6136,1
660,6136,1
663,6136,1
400,6137,1
401,6137,1
408,6137,1
409,6137,3
410,6137,2
412,6137,6
413,6137,5
414,6137,2
415,6137,1
510,6137,1
511,6137,1
558,6137,1
559,6137,1
560,6137,1
566,6137,1
589,6137,1
591,6137,1
593,6137,2
594,6137,3
595,6137,1
597,6137,2
598,6137,2
601,6137,1
609,6137,1
635,6137,1
636,6137,1
643,6137,1
644,6137,1
660,6137,1
661,6137,1
399,6138,1
400,6138,1
406,6138,1
407,6138,2
408,6138,3
409,6138,3
410,6138,4
411,6138,1
412,6138,1
413,6138,1
414,6138,2
415,6138,4
416,6138,2
502,6138,1
503,6138,1
558,6138,1
559,6138,1
564,6138,1
565,6138,1
566,6138,1
588,6138,1
589,6138,1
591,6138,1
592,6138,2
593,6138,2
594,6138,1
595,6138,1
597,6138,1
598,6138,1
600,6138,1
601,6138,1
602,6138,1
606,6138,1
607,6138,2
608,6138,2
609,6138,1
610,6138,1
635,6138,1
636,6138,1
657,6138,1
659,6138,1
660,6138,2
662,6138,1
399,6139,2
400,6139,2
405,6139,2
406,6139,3
407,6139,7
408,6139,8
409,6139,5
410,6139,4
411,6139,1
412,6139,1
415,6139,1
497,6139,1
500,6139,1
501,6139,1
562,6139,1
563,6139,1
566,6139,1
585,6139,1
586,6139,1
589,6139,1
590,6139,1
591,6139,1
600,6139,1
601,6139,3
604,6139,1
605,6139,2
606,6139,3
607,6139,5
608,6139,4
662,6139,1
395,6140,1
400,6140,1
401,6140,2
404,6140,2
405,6140,2
406,6140,6
407,6140,3
408,6140,6
409,6140,4
493,6140,1
496,6140,1
497,6140,1
500,6140,1
501,6140,1
576,6140,1
577,6140,1
588,6140,1
589,6140,1
601,6140,1
602,6140,1
603,6140,1
604,6140,1
605,6140,2
606,6140,1
607,6140,4
608,6140,3
611,6140,1
612,6140,1
633,6140,1
634,6140,1
635,6140,1
638,6140,1
661,6140,1
662,6140,3
663,6140,2
395,6141,2
396,6141,1
397,6141,2
398,6141,1
400,6141,1
401,6141,1
402,6141,1
403,6141,1
404,6141,3
405,6141,4
406,6141,8
407,6141,6
493,6141,1
494,6141,2
499,6141,1
562,6141,1
570,6141,1
574,6141,1
575,6141,1
577,6141,1
578,6141,1
596,6141,1
604,6141,1
607,6141,1
609,6141,1
610,6141,4
611,6141,2
612,6141,2
614,6141,1
616,6141,1
633,6141,1
634,6141,1
635,6141,1
638,6141,1
645,6141,1
653,6141,1
654,6141,1
658,6141,1
659,6141,1
663,6141,5
664,6141,2
665,6141,1
666,6141,1
667,6141,2
394,6142,4
395,6142,4
396,6142,2
397,6142,3
398,6142,1
399,6142,1
400,6142,6
401,6142,5
402,6142,3
403,6142,1
404,6142,1
405,6142,3
406,6142,2
407,6142,2
491,6142,1
493,6142,1
494,6142,3
495,6142,1
499,6142,1
500,6142,1
558,6142,1
559,6142,1
570,6142,2
571,6142,1
573,6142,1
574,6142,2
575,6142,3
576,6142,1
578,6142,1
579,6142,1
580,6142,1
594,6142,2
599,6142,1
600,6142,1
601,6142,1
607,6142,1
609,6142,3
610,6142,7
611,6142,5
612,6142,1
613,6142,2
614,6142,3
615,6142,1
616,6142,1
617,6142,1
618,6142,2
639,6142,1
645,6142,1
646,6142,1
652,6142,1
653,6142,1
658,6142,1
659,6142,1
663,6142,1
664,6142,2
665,6142,1
666,6142,1
667,6142,1
668,6142,1
669,6142,1
670,6142,1
394,6143,1
395,6143,8
396,6143,9
397,6143,11
398,6143,8
399,6143,3
400,6143,7
401,6143,14
402,6143,10
403,6143,3
404,6143,6
405,6143,3
406,6143,3
491,6143,1
492,6143,1
493,6143,1
494,6143,2
499,6143,1
558,6143,1
570,6143,2
571,6143,2
573,6143,1
574,6143,4
575,6143,6
576,6143,4
577,6143,1
578,6143,1
584,6143,1
594,6143,4
595,6143,3
597,6143,1
598,6143,2
599,6143,1
600,6143,1
601,6143,1
602,6143,1
606,6143,1
607,6143,2
608,6143,3
609,6143,2
610,6143,1
611,6143,1
612,6143,1
613,6143,1
614,6143,1
615,6143,2
616,6143,2
617,6143,3
618,6143,4
619,6143,3
620,6143,1
621,6143,1
632,6143,1
633,6143,2
634,6143,1
637,6143,2
639,6143,1
640,6143,1
646,6143,1
652,6143,1
654,6143,1
659,6143,1
660,6143,1
669,6143,1
670,6143,3
671,6143,1
672,6143,1
678,6143,1
679,6143,1
392,6144,2
393,6144,1
394,6144,4
395,6144,3
396,6144,4
397,6144,4
398,6144,5
399,6144,3
400,6144,5
401,6144,11
402,6144,11
403,6144,4
404,6144,3
405,6144,1
491,6144,1
494,6144,1
548,6144,2
549,6144,1
552,6144,1
553,6144,2
567,6144,2
572,6144,1
574,6144,4
575,6144,3
576,6144,1
577,6144,2
578,6144,1
579,6144,2
594,6144,1
595,6144,2
597,6144,1
599,6144,4
600,6144,4
601,6144,2
602,6144,1
603,6144,1
606,6144,1
607,6144,1
608,6144,1
612,6144,1
613,6144,4
614,6144,1
615,6144,3
617,6144,2
618,6144,1
619,6144,1
620,6144,1
621,6144,5
622,6144,2
623,6144,2
624,6144,1
625,6144,2
632,6144,1
637,6144,2
638,6144,2
639,6144,1
650,6144,1
651,6144,1
652,6144,1
654,6144,1
658,6144,1
659,6144,1
670,6144,1
672,6144,1
673,6144,1
678,6144,1
679,6144,1
391,6145,1
392,6145,4
393,6145,4
394,6145,2
398,6145,2
399,6145,4
401,6145,3
402,6145,5
403,6145,2
547,6145,2
548,6145,4
549,6145,5
550,6145,4
551,6145,3
552,6145,2
553,6145,1
567,6145,2
568,6145,4
569,6145,2
570,6145,1
571,6145,3
572,6145,5
574,6145,1
575,6145,2
576,6145,1
577,6145,2
578,6145,2
579,6145,2
580,6145,2
581,6145,4
583,6145,1
584,6145,1
585,6145,2
586,6145,3
587,6145,1
588,6145,2
594,6145,1
595,6145,2
596,6145,2
597,6145,1
598,6145,1
600,6145,2
601,6145,2
603,6145,2
604,6145,1
605,6145,1
606,6145,1
610,6145,3
611,6145,1
613,6145,5
614,6145,2
615,6145,4
616,6145,3
617,6145,1
618,6145,4
619,6145,3
620,6145,3
621,6145,4
622,6145,4
624,6145,2
625,6145,1
641,6145,1
644,6145,1
645,6145,1
646,6145,2
647,6145,1
667,6145,1
670,6145,1
671,6145,1
672,6145,2
673,6145,3
674,6145,2
675,6145,1
389,6146,1
390,6146,2
391,6146,2
392,6146,1
393,6146,1
494,6146,1
538,6146,1
539,6146,1
548,6146,2
549,6146,3
550,6146,3
551,6146,4
552,6146,3
553,6146,1
558,6146,1
559,6146,1
560,6146,1
565,6146,1
566,6146,2
567,6146,2
568,6146,2
569,6146,4
570,6146,5
571,6146,5
572,6146,1
575,6146,5
576,6146,6
577,6146,4
578,6146,2
579,6146,3
580,6146,2
581,6146,8
582,6146,3
583,6146,5
584,6146,3
585,6146,1
586,6146,4
587,6146,1
593,6146,1
594,6146,6
595,6146,11
596,6146,2
599,6146,1
600,6146,1
601,6146,3
606,6146,2
607,6146,1
612,6146,1
613,6146,2
614,6146,2
615,6146,3
616,6146,3
617,6146,1
618,6146,5
619,6146,5
620,6146,3
621,6146,3
624,6146,2
627,6146,1
628,6146,3
638,6146,2
639,6146,2
641,6146,2
642,6146,1
643,6146,1
644,6146,2
645,6146,2
646,6146,3
655,6146,1
656,6146,1
669,6146,1
670,6146,3
674,6146,1
675,6146,3
676,6146,10
677,6146,10
678,6146,5
679,6146,1
682,6146,1
387,6147,1
388,6147,1
389,6147,2
390,6147,1
493,6147,2
494,6147,2
538,6147,1
540,6147,1
541,6147,1
543,6147,1
544,6147,1
551,6147,1
552,6147,3
560,6147,1
563,6147,1
565,6147,4
566,6147,7
567,6147,1
575,6147,1
576,6147,5
577,6147,5
578,6147,8
579,6147,1
581,6147,1
582,6147,2
583,6147,6
584,6147,3
585,6147,2
587,6147,2
588,6147,2
589,6147,1
590,6147,2
591,6147,3
594,6147,2
595,6147,14
596,6147,9
598,6147,2
599,6147,2
600,6147,3
601,6147,3
602,6147,1
604,6147,1
606,6147,1
607,6147,2
616,6147,1
617,6147,1
618,6147,1
619,6147,2
620,6147,7
621,6147,2
623,6147,6
624,6147,3
627,6147,2
628,6147,1
640,6147,1
641,6147,2
642,6147,1
643,6147,2
644,6147,2
645,6147,3
646,6147,4
649,6147,1
652,6147,1
655,6147,1
656,6147,1
667,6147,1
670,6147,1
671,6147,6
672,6147,2
673,6147,1
674,6147,1
675,6147,1
676,6147,6
677,6147,12
678,6147,6
679,6147,16
680,6147,9
385,6148,2
386,6148,1
387,6148,2
388,6148,2
490,6148,1
491,6148,1
493,6148,2
494,6148,1
536,6148,1
537,6148,1
538,6148,3
539,6148,1
540,6148,1
548,6148,1
549,6148,1
550,6148,1
557,6148,1
560,6148,1
561,6148,1
566,6148,3
577,6148,1
578,6148,3
579,6148,2
580,6148,1
581,6148,3
583,6148,2
584,6148,4
589,6148,2
590,6148,3
591,6148,2
593,6148,2
594,6148,2
595,6148,7
596,6148,7
597,6148,4
598,6148,6
599,6148,4
600,6148,1
601,6148,2
602,6148,2
607,6148,1
612,6148,1
613,6148,1
614,6148,1
615,6148,1
616,6148,2
617,6148,2
618,6148,2
619,6148,2
620,6148,2
621,6148,2
622,6148,5
623,6148,9
624,6148,5
625,6148,1
626,6148,1
627,6148,2
629,6148,1
645,6148,2
646,6148,4
647,6148,5
648,6148,5
649,6148,1
652,6148,1
655,6148,2
656,6148,1
660,6148,1
661,6148,1
667,6148,1
668,6148,1
669,6148,1
670,6148,1
671,6148,6
678,6148,2
679,6148,15
680,6148,13
684,6148,1
385,6149,1
387,6149,1
388,6149,1
482,6149,1
483,6149,2
491,6149,4
492,6149,3
493,6149,3
494,6149,5
495,6149,3
523,6149,1
524,6149,1
530,6149,1
535,6149,4
536,6149,4
537,6149,1
559,6149,1
560,6149,1
562,6149,1
563,6149,1
564,6149,1
565,6149,1
579,6149,1
580,6149,2
581,6149,4
582,6149,2
583,6149,3
584,6149,1
587,6149,3
588,6149,1
589,6149,1
590,6149,2
591,6149,2
593,6149,1
594,6149,5
595,6149,4
596,6149,7
597,6149,2
598,6149,1
599,6149,3
600,6149,3
601,6149,2
602,6149,4
603,6149,1
604,6149,2
608,6149,1
611,6149,1
612,6149,1
614,6149,1
617,6149,1
618,6149,4
620,6149,1
621,6149,2
622,6149,6
623,6149,6
624,6149,2
625,6149,5
626,6149,4
627,6149,1
628,6149,1
629,6149,1
648,6149,5
649,6149,3
650,6149,5
651,6149,3
655,6149,1
656,6149,2
657,6149,2
659,6149,1
660,6149,1
664,6149,2
665,6149,3
669,6149,1
671,6149,1
675,6149,2
676,6149,1
679,6149,6
680,6149,19
681,6149,3
386,6150,1
481,6150,3
491,6150,1
493,6150,1
494,6150,2
495,6150,1
523,6150,1
524,6150,2
525,6150,1
527,6150,2
528,6150,2
529,6150,1
530,6150,1
535,6150,2
536,6150,2
564,6150,1
580,6150,1
581,6150,2
582,6150,5
583,6150,8
584,6150,2
585,6150,1
586,6150,2
587,6150,4
588,6150,2
589,6150,3
590,6150,2
591,6150,3
593,6150,3
594,6150,11
595,6150,9
596,6150,2
600,6150,2
601,6150,11
602,6150,4
603,6150,4
604,6150,3
605,6150,3
606,6150,1
608,6150,1
609,6150,1
611,6150,1
612,6150,1
617,6150,2
618,6150,2
620,6150,2
621,6150,2
622,6150,4
623,6150,5
624,6150,6
625,6150,5
626,6150,4
627,6150,5
628,6150,5
630,6150,4
633,6150,1
634,6150,2
638,6150,1
649,6150,4
650,6150,5
656,6150,2
661,6150,1
662,6150,2
663,6150,1
664,6150,2
665,6150,4
666,6150,3
669,6150,1
670,6150,1
671,6150,1
672,6150,1
674,6150,4
675,6150,7
676,6150,7
677,6150,2
678,6150,1
679,6150,2
680,6150,27
681,6150,15
682,6150,4
386,6151,1
480,6151,4
481,6151,3
486,6151,2
487,6151,3
488,6151,3
489,6151,3
490,6151,1
494,6151,2
495,6151,3
496,6151,1
498,6151,1
517,6151,1
518,6151,1
519,6151,1
520,6151,1
524,6151,2
525,6151,2
527,6151,3
528,6151,3
530,6151,1
581,6151,1
582,6151,4
583,6151,2
585,6151,6
586,6151,8
587,6151,10
588,6151,5
589,6151,11
590,6151,9
591,6151,9
593,6151,1
594,6151,7
595,6151,7
596,6151,1
597,6151,1
598,6151,3
599,6151,2
601,6151,9
602,6151,5
603,6151,1
604,6151,1
605,6151,1
606,6151,1
608,6151,1
609,6151,1
612,6151,1
613,6151,1
614,6151,1
615,6151,2
616,6151,3
617,6151,2
619,6151,2
620,6151,2
621,6151,1
622,6151,1
623,6151,1
624,6151,2
625,6151,2
626,6151,4
627,6151,5
628,6151,2
629,6151,1
630,6151,4
631,6151,2
633,6151,4
634,6151,3
638,6151,1
650,6151,2
651,6151,2
652,6151,4
653,6151,4
654,6151,1
656,6151,2
657,6151,1
659,6151,1
660,6151,2
661,6151,7
662,6151,6
663,6151,4
664,6151,3
665,6151,1
674,6151,2
675,6151,3
676,6151,3
677,6151,1
678,6151,2
679,6151,8
680,6151,20
681,6151,19
682,6151,10
683,6151,2
684,6151,2
685,6151,3
687,6151,1
384,6152,1
479,6152,4
480,6152,6
486,6152,3
487,6152,3
488,6152,1
489,6152,2
495,6152,1
497,6152,1
498,6152,1
499,6152,1
517,6152,1
518,6152,2
519,6152,1
521,6152,1
522,6152,2
523,6152,3
524,6152,2
525,6152,2
580,6152,1
585,6152,4
586,6152,5
587,6152,11
588,6152,7
589,6152,14
590,6152,14
591,6152,8
593,6152,4
594,6152,7
595,6152,8
596,6152,1
598,6152,7
599,6152,8
600,6152,1
601,6152,1
602,6152,2
608,6152,4
609,6152,2
610,6152,2
611,6152,2
612,6152,1
614,6152,3
615,6152,1
616,6152,3
617,6152,1
618,6152,2
619,6152,4
620,6152,6
621,6152,4
622,6152,2
625,6152,1
626,6152,2
627,6152,1
628,6152,1
629,6152,1
630,6152,2
631,6152,2
633,6152,2
634,6152,7
635,6152,2
652,6152,2
653,6152,4
654,6152,3
655,6152,4
656,6152,2
657,6152,1
658,6152,3
659,6152,2
660,6152,2
663,6152,1
664,6152,1
665,6152,1
672,6152,1
676,6152,1
677,6152,2
678,6152,3
679,6152,6
680,6152,3
681,6152,5
682,6152,5
683,6152,5
684,6152,5
685,6152,5
687,6152,1
688,6152,1
693,6152,3
694,6152,5
695,6152,1
696,6152,1
697,6152,1
699,6152,1
700,6152,1
380,6153,1
381,6153,1
479,6153,2
480,6153,2
486,6153,1
489,6153,2
490,6153,2
495,6153,1
497,6153,1
499,6153,1
518,6153,1
519,6153,2
520,6153,1
521,6153,3
522,6153,1
523,6153,2
580,6153,1
589,6153,4
590,6153,4
591,6153,6
592,6153,1
593,6153,4
594,6153,6
595,6153,13
596,6153,6
597,6153,2
598,6153,18
599,6153,14
600,6153,5
601,6153,3
602,6153,3
603,6153,4
604,6153,2
606,6153,1
607,6153,1
608,6153,5
609,6153,4
610,6153,2
611,6153,6
612,6153,7
613,6153,2
614,6153,4
615,6153,9
616,6153,7
617,6153,4
618,6153,4
619,6153,4
620,6153,5
621,6153,2
622,6153,1
623,6153,1
624,6153,1
625,6153,1
633,6153,2
634,6153,5
635,6153,5
638,6153,1
653,6153,3
654,6153,6
655,6153,7
656,6153,2
657,6153,7
658,6153,5
659,6153,1
661,6153,2
668,6153,1
669,6153,2
670,6153,5
671,6153,1
672,6153,3
675,6153,1
677,6153,2
678,6153,1
679,6153,2
680,6153,2
681,6153,5
682,6153,5
683,6153,2
684,6153,4
685,6153,2
686,6153,2
688,6153,1
689,6153,1
691,6153,1
693,6153,8
694,6153,6
695,6153,8
696,6153,4
697,6153,1
698,6153,2
379,6154,1
479,6154,5
480,6154,2
486,6154,1
487,6154,1
489,6154,1
490,6154,1
491,6154,1
497,6154,1
518,6154,1
578,6154,1
579,6154,2
594,6154,1
595,6154,5
596,6154,1
597,6154,3
598,6154,10
599,6154,9
600,6154,20
601,6154,19
602,6154,28
603,6154,30
604,6154,11
605,6154,1
607,6154,8
608,6154,3
609,6154,1
610,6154,1
611,6154,2
612,6154,5
613,6154,1
614,6154,1
615,6154,7
616,6154,9
617,6154,6
618,6154,4
619,6154,1
620,6154,4
621,6154,5
622,6154,2
625,6154,1
634,6154,2
635,6154,1
638,6154,1
639,6154,4
648,6154,1
649,6154,1
653,6154,1
654,6154,3
655,6154,2
656,6154,4
657,6154,3
660,6154,6
661,6154,7
662,6154,1
663,6154,1
667,6154,2
668,6154,3
669,6154,4
670,6154,6
671,6154,6
672,6154,2
673,6154,1
674,6154,1
675,6154,1
677,6154,3
678,6154,4
680,6154,2
681,6154,2
682,6154,3
683,6154,3
684,6154,5
685,6154,7
686,6154,3
687,6154,3
688,6154,2
689,6154,2
690,6154,9
691,6154,8
692,6154,9
693,6154,5
694,6154,1
695,6154,4
696,6154,2
697,6154,1
698,6154,1
471,6155,1
472,6155,2
474,6155,2
475,6155,1
476,6155,1
478,6155,1
479,6155,3
491,6155,1
492,6155,2
493,6155,1
494,6155,1
495,6155,1
586,6155,1
592,6155,1
593,6155,1
595,6155,4
597,6155,2
598,6155,3
599,6155,1
600,6155,10
601,6155,9
602,6155,7
603,6155,8
604,6155,2
605,6155,1
606,6155,17
607,6155,16
608,6155,14
609,6155,8
610,6155,11
611,6155,5
612,6155,3
613,6155,3
614,6155,2
615,6155,5
616,6155,6
617,6155,2
618,6155,7
619,6155,3
620,6155,1
621,6155,7
622,6155,4
623,6155,2
624,6155,1
638,6155,3
639,6155,4
643,6155,3
644,6155,3
648,6155,1
649,6155,1
650,6155,1
655,6155,2
656,6155,3
657,6155,3
658,6155,4
659,6155,5
660,6155,7
661,6155,8
662,6155,9
663,6155,5
664,6155,1
666,6155,5
667,6155,7
668,6155,9
669,6155,5
670,6155,1
671,6155,1
675,6155,2
677,6155,1
678,6155,3
679,6155,3
680,6155,2
681,6155,3
682,6155,2
683,6155,3
684,6155,4
685,6155,3
686,6155,4
687,6155,7
688,6155,2
689,6155,5
690,6155,7
691,6155,5
692,6155,3
693,6155,4
695,6155,2
701,6155,1
469,6156,1
470,6156,7
471,6156,9
472,6156,4
473,6156,6
474,6156,4
475,6156,4
476,6156,5
477,6156,3
478,6156,2
479,6156,1
492,6156,1
495,6156,1
514,6156,2
515,6156,2
562,6156,1
563,6156,1
586,6156,1
587,6156,1
590,6156,1
592,6156,1
593,6156,2
600,6156,1
601,6156,2
602,6156,1
604,6156,1
605,6156,5
606,6156,49
607,6156,19
608,6156,27
609,6156,19
610,6156,38
611,6156,22
612,6156,5
613,6156,5
614,6156,6
615,6156,20
616,6156,31
617,6156,19
618,6156,13
619,6156,3
620,6156,3
621,6156,7
622,6156,3
623,6156,1
639,6156,1
643,6156,4
644,6156,4
645,6156,3
655,6156,2
656,6156,1
657,6156,3
658,6156,2
659,6156,1
660,6156,1
661,6156,8
662,6156,13
663,6156,3
664,6156,2
665,6156,8
666,6156,3
667,6156,2
668,6156,2
669,6156,1
676,6156,1
677,6156,1
678,6156,4
679,6156,2
680,6156,2
681,6156,1
686,6156,3
687,6156,5
688,6156,3
691,6156,1
693,6156,1
695,6156,1
460,6157,1
461,6157,1
468,6157,4
469,6157,7
470,6157,6
471,6157,5
472,6157,1
473,6157,1
479,6157,2
480,6157,2
483,6157,1
492,6157,1
493,6157,1
494,6157,1
495,6157,3
496,6157,1
515,6157,3
562,6157,1
589,6157,1
590,6157,1
592,6157,1
593,6157,6
594,6157,2
595,6157,1
597,6157,1
601,6157,1
602,6157,1
604,6157,2
605,6157,19
606,6157,33
607,6157,15
608,6157,18
609,6157,17
610,6157,38
611,6157,41
612,6157,49
613,6157,26
614,6157,13
615,6157,43
616,6157,61
617,6157,39
618,6157,18
619,6157,6
620,6157,2
621,6157,7
622,6157,4
623,6157,2
624,6157,1
629,6157,1
630,6157,1
639,6157,1
643,6157,1
645,6157,3
646,6157,1
647,6157,1
648,6157,2
651,6157,1
652,6157,4
653,6157,4
654,6157,1
655,6157,1
656,6157,1
657,6157,1
658,6157,1
659,6157,1
661,6157,1
663,6157,4
664,6157,2
665,6157,2
668,6157,1
669,6157,1
676,6157,1
677,6157,1
678,6157,1
680,6157,2
681,6157,2
684,6157,1
685,6157,2
686,6157,1
459,6158,1
460,6158,1
462,6158,1
465,6158,1
468,6158,2
469,6158,4
471,6158,1
480,6158,1
482,6158,1
493,6158,3
495,6158,2
496,6158,2
497,6158,3
498,6158,3
499,6158,1
500,6158,1
508,6158,1
514,6158,1
515,6158,2
588,6158,1
594,6158,5
595,6158,7
596,6158,2
597,6158,10
598,6158,18
599,6158,8
600,6158,13
601,6158,8
605,6158,5
606,6158,10
607,6158,12
608,6158,4
609,6158,2
610,6158,10
611,6158,10
612,6158,25
613,6158,26
614,6158,5
615,6158,11
616,6158,6
617,6158,6
618,6158,6
619,6158,5
620,6158,3
621,6158,2
622,6158,2
623,6158,1
624,6158,1
626,6158,1
627,6158,1
629,6158,1
630,6158,1
646,6158,1
648,6158,1
652,6158,5
653,6158,3
655,6158,1
656,6158,1
662,6158,1
672,6158,1
673,6158,1
676,6158,3
679,6158,1
680,6158,2
681,6158,1
685,6158,1
697,6158,1
698,6158,1
454,6159,2
455,6159,2
456,6159,1
457,6159,1
459,6159,2
460,6159,1
470,6159,1
473,6159,1
480,6159,1
482,6159,1
488,6159,1
489,6159,1
493,6159,3
494,6159,2
495,6159,2
496,6159,4
497,6159,4
498,6159,1
499,6159,2
500,6159,6
501,6159,3
502,6159,1
506,6159,1
508,6159,2
588,6159,1
589,6159,1
594,6159,3
595,6159,1
596,6159,1
597,6159,4
598,6159,13
599,6159,7
600,6159,12
601,6159,6
602,6159,2
604,6159,10
605,6159,21
606,6159,10
607,6159,7
608,6159,3
609,6159,3
610,6159,4
611,6159,8
612,6159,6
614,6159,1
616,6159,2
617,6159,2
618,6159,4
619,6159,4
620,6159,4
621,6159,4
622,6159,3
626,6159,1
627,6159,1
648,6159,1
649,6159,1
672,6159,1
673,6159,1
675,6159,1
676,6159,1
679,6159,1
680,6159,2
454,6160,2
457,6160,1
471,6160,1
472,6160,1
473,6160,1
476,6160,2
477,6160,2
478,6160,1
479,6160,3
487,6160,2
488,6160,2
489,6160,2
493,6160,3
494,6160,3
495,6160,5
496,6160,4
498,6160,6
499,6160,5
500,6160,3
501,6160,1
502,6160,1
503,6160,2
504,6160,2
508,6160,1
509,6160,1
568,6160,1
569,6160,1
594,6160,4
600,6160,5
601,6160,6
604,6160,4
605,6160,5
606,6160,1
607,6160,1
608,6160,5
609,6160,7
610,6160,6
611,6160,5
612,6160,6
613,6160,1
615,6160,1
616,6160,1
617,6160,3
618,6160,5
619,6160,7
620,6160,2
621,6160,5
622,6160,3
648,6160,1
649,6160,1
655,6160,2
656,6160,2
659,6160,2
663,6160,1
664,6160,1
674,6160,1
677,6160,1
678,6160,1
679,6160,1
680,6160,1
450,6161,1
452,6161,1
453,6161,1
455,6161,1
456,6161,2
477,6161,1
479,6161,2
480,6161,1
486,6161,1
487,6161,1
488,6161,2
493,6161,2
494,6161,2
495,6161,3
496,6161,12
497,6161,21
498,6161,10
499,6161,11
500,6161,5
501,6161,2
502,6161,1
503,6161,1
504,6161,1
566,6161,2
567,6161,2
569,6161,1
594,6161,1
595,6161,1
602,6161,1
610,6161,10
611,6161,12
612,6161,2
616,6161,1
619,6161,2
620,6161,2
621,6161,2
622,6161,3
628,6161,1
629,6161,1
648,6161,1
655,6161,1
656,6161,2
658,6161,1
659,6161,1
670,6161,1
674,6161,1
675,6161,2
676,6161,1
679,6161,1
680,6161,1
433,6162,1
450,6162,1
479,6162,1
480,6162,1
488,6162,1
494,6162,2
496,6162,4
497,6162,23
498,6162,24
499,6162,6
500,6162,3
501,6162,2
502,6162,1
508,6162,1
509,6162,1
552,6162,1
566,6162,2
592,6162,1
593,6162,7
594,6162,2
595,6162,1
596,6162,1
604,6162,1
606,6162,1
610,6162,1
611,6162,11
612,6162,9
613,6162,2
619,6162,1
620,6162,2
621,6162,2
622,6162,3
628,6162,1
648,6162,1
659,6162,1
665,6162,1
675,6162,1
679,6162,1
429,6163,1
430,6163,1
431,6163,1
432,6163,1
433,6163,1
445,6163,1
446,6163,1
449,6163,1
479,6163,1
481,6163,3
482,6163,2
487,6163,1
488,6163,2
497,6163,6
498,6163,18
499,6163,11
500,6163,10
564,6163,1
565,6163,1
593,6163,9
594,6163,7
600,6163,1
604,6163,1
605,6163,1
606,6163,2
607,6163,1
608,6163,1
611,6163,1
612,6163,10
613,6163,5
614,6163,3
615,6163,1
616,6163,1
617,6163,1
618,6163,1
619,6163,2
620,6163,5
621,6163,11
622,6163,10
624,6163,1
625,6163,1
652,6163,1
664,6163,1
665,6163,1
672,6163,1
673,6163,1
443,6164,1
444,6164,2
445,6164,3
446,6164,1
449,6164,1
450,6164,1
453,6164,1
476,6164,1
480,6164,1
481,6164,1
482,6164,1
486,6164,1
487,6164,4
488,6164,3
497,6164,1
498,6164,3
500,6164,3
501,6164,1
502,6164,1
503,6164,1
591,6164,1
593,6164,5
594,6164,1
595,6164,1
596,6164,1
607,6164,1
608,6164,2
612,6164,2
613,6164,6
614,6164,1
615,6164,3
616,6164,5
619,6164,2
620,6164,12
621,6164,21
622,6164,19
623,6164,2
624,6164,1
625,6164,1
628,6164,2
629,6164,1
652,6164,1
664,6164,1
673,6164,1
678,6164,1
449,6165,1
463,6165,1
476,6165,1
486,6165,2
487,6165,4
488,6165,1
498,6165,2
499,6165,1
500,6165,1
501,6165,2
502,6165,8
503,6165,2
550,6165,1
559,6165,2
560,6165,2
585,6165,1
586,6165,1
590,6165,1
591,6165,3
592,6165,8
593,6165,2
595,6165,1
596,6165,1
597,6165,1
598,6165,1
603,6165,1
604,6165,1
613,6165,2
614,6165,6
615,6165,1
616,6165,2
617,6165,2
619,6165,1
620,6165,5
621,6165,3
622,6165,6
623,6165,2
673,6165,1
674,6165,1
678,6165,1
409,6166,1
410,6166,1
430,6166,1
431,6166,1
441,6166,1
442,6166,1
443,6166,1
444,6166,1
445,6166,1
448,6166,1
450,6166,2
451,6166,1
463,6166,1
464,6166,1
465,6166,1
485,6166,1
486,6166,3
487,6166,7
488,6166,1
498,6166,2
499,6166,2
501,6166,3
502,6166,8
503,6166,4
504,6166,1
508,6166,1
559,6166,1
560,6166,2
576,6166,1
579,6166,1
580,6166,1
581,6166,1
582,6166,2
586,6166,1
591,6166,1
592,6166,6
593,6166,2
595,6166,1
596,6166,2
615,6166,1
616,6166,4
617,6166,5
619,6166,3
620,6166,14
621,6166,3
625,6166,1
670,6166,1
672,6166,1
427,6167,1
428,6167,1
430,6167,1
448,6167,1
450,6167,2
463,6167,1
464,6167,1
486,6167,2
489,6167,1
498,6167,1
499,6167,1
500,6167,2
501,6167,4
502,6167,3
503,6167,5
504,6167,2
505,6167,1
507,6167,2
508,6167,2
576,6167,1
582,6167,1
586,6167,1
587,6167,1
588,6167,1
589,6167,1
592,6167,1
605,6167,1
606,6167,1
612,6167,1
614,6167,1
615,6167,3
616,6167,2
617,6167,5
618,6167,5
619,6167,10
620,6167,16
621,6167,4
629,6167,1
658,6167,1
659,6167,1
670,6167,1
671,6167,2
672,6167,1
409,6168,1
462,6168,2
463,6168,2
464,6168,1
486,6168,2
489,6168,1
491,6168,1
500,6168,1
501,6168,2
502,6168,3
503,6168,6
504,6168,3
505,6168,1
506,6168,6
507,6168,2
550,6168,2
572,6168,1
583,6168,1
588,6168,1
589,6168,1
590,6168,4
605,6168,1
612,6168,1
615,6168,3
616,6168,5
617,6168,8
618,6168,3
620,6168,3
621,6168,3
665,6168,1
667,6168,1
670,6168,2
671,6168,1
672,6168,2
673,6168,1
674,6168,1
437,6169,1
438,6169,1
464,6169,1
484,6169,2
485,6169,6
487,6169,1
488,6169,3
489,6169,1
490,6169,1
491,6169,1
493,6169,1
499,6169,1
500,6169,3
501,6169,2
502,6169,3
503,6169,4
504,6169,2
506,6169,4
548,6169,2
549,6169,2
550,6169,2
570,6169,1
583,6169,1
585,6169,1
586,6169,1
589,6169,9
590,6169,8
591,6169,1
605,6169,1
606,6169,2
610,6169,1
616,6169,1
617,6169,5
618,6169,1
619,6169,10
620,6169,2
621,6169,3
622,6169,1
629,6169,1
630,6169,2
650,6169,1
651,6169,1
662,6169,1
665,6169,1
666,6169,1
667,6169,1
669,6169,1
670,6169,3
671,6169,2
672,6169,2
673,6169,1
408,6170,1
424,6170,1
436,6170,1
437,6170,1
446,6170,1
447,6170,1
484,6170,1
485,6170,7
486,6170,3
487,6170,2
488,6170,1
489,6170,1
493,6170,1
494,6170,1
498,6170,2
499,6170,1
500,6170,3
501,6170,3
502,6170,2
504,6170,1
506,6170,2
507,6170,1
548,6170,2
570,6170,1
582,6170,1
584,6170,1
585,6170,7
586,6170,1
587,6170,2
588,6170,1
589,6170,1
590,6170,1
591,6170,1
595,6170,1
596,6170,1
605,6170,1
606,6170,2
610,6170,1
619,6170,5
620,6170,2
623,6170,1
630,6170,2
651,6170,1
662,6170,1
663,6170,1
665,6170,1
669,6170,1
670,6170,1
671,6170,1
672,6170,1
408,6171,1
432,6171,1
433,6171,1
434,6171,1
446,6171,2
448,6171,1
466,6171,1
468,6171,1
469,6171,1
472,6171,1
475,6171,1
476,6171,1
477,6171,1
485,6171,6
486,6171,2
488,6171,2
494,6171,1
495,6171,1
496,6171,1
498,6171,1
500,6171,2
501,6171,4
502,6171,3
506,6171,1
507,6171,1
508,6171,5
580,6171,1
581,6171,1
582,6171,1
583,6171,2
584,6171,1
585,6171,6
586,6171,2
587,6171,1
588,6171,1
589,6171,1
594,6171,1
595,6171,1
596,6171,1
607,6171,1
609,6171,1
612,6171,1
613,6171,1
623,6171,1
651,6171,1
662,6171,1
671,6171,1
405,6172,1
406,6172,1
407,6172,2
411,6172,1
412,6172,1
413,6172,1
414,6172,1
415,6172,1
445,6172,1
446,6172,2
447,6172,1
466,6172,1
467,6172,1
470,6172,1
475,6172,1
476,6172,2
477,6172,2
478,6172,1
482,6172,1
483,6172,1
484,6172,7
485,6172,6
486,6172,8
487,6172,7
488,6172,1
489,6172,1
494,6172,2
495,6172,1
500,6172,4
501,6172,3
502,6172,2
503,6172,1
504,6172,1
505,6172,3
506,6172,4
507,6172,17
508,6172,6
510,6172,1
511,6172,1
579,6172,7
580,6172,8
581,6172,3
582,6172,1
583,6172,1
584,6172,2
586,6172,1
588,6172,1
589,6172,1
594,6172,1
595,6172,1
607,6172,1
608,6172,1
609,6172,2
613,6172,1
621,6172,1
622,6172,2
623,6172,2
669,6172,1
670,6172,1
396,6173,1
397,6173,2
398,6173,1
399,6173,1
403,6173,1
407,6173,1
417,6173,1
446,6173,1
476,6173,1
482,6173,1
483,6173,1
484,6173,5
485,6173,5
486,6173,7
487,6173,8
488,6173,4
489,6173,2
490,6173,1
491,6173,1
492,6173,3
493,6173,1
494,6173,5
495,6173,3
496,6173,1
500,6173,2
501,6173,5
502,6173,14
503,6173,9
504,6173,6
505,6173,5
506,6173,18
507,6173,33
508,6173,2
511,6173,1
516,6173,1
519,6173,1
569,6173,1
570,6173,1
573,6173,1
574,6173,9
575,6173,9
576,6173,5
577,6173,2
579,6173,9
580,6173,7
582,6173,1
583,6173,6
622,6173,2
623,6173,1
631,6173,1
632,6173,1
642,6173,1
652,6173,1
653,6173,1
655,6173,1
664,6173,2
665,6173,1
395,6174,1
396,6174,1
397,6174,1
398,6174,1
399,6174,1
402,6174,1
403,6174,1
420,6174,1
421,6174,1
478,6174,1
479,6174,2
484,6174,2
485,6174,1
487,6174,2
488,6174,11
489,6174,1
491,6174,1
492,6174,3
493,6174,1
494,6174,2
495,6174,1
500,6174,1
501,6174,5
502,6174,11
503,6174,4
504,6174,3
505,6174,14
506,6174,29
507,6174,6
511,6174,3
516,6174,1
517,6174,1
520,6174,2
521,6174,1
528,6174,1
548,6174,1
569,6174,1
574,6174,8
575,6174,7
583,6174,2
602,6174,1
609,6174,1
618,6174,1
630,6174,1
631,6174,1
633,6174,1
638,6174,1
652,6174,1
653,6174,1
654,6174,1
655,6174,1
658,6174,1
659,6174,1
664,6174,1
667,6174,1
420,6175,1
421,6175,1
440,6175,1
442,6175,1
475,6175,2
476,6175,2
477,6175,5
478,6175,4
484,6175,1
487,6175,1
488,6175,12
489,6175,7
490,6175,2
493,6175,2
494,6175,1
495,6175,1
498,6175,1
499,6175,1
501,6175,1
502,6175,3
503,6175,10
504,6175,28
505,6175,30
506,6175,11
507,6175,1
508,6175,1
510,6175,1
520,6175,2
521,6175,2
522,6175,1
568,6175,2
569,6175,1
571,6175,3
574,6175,1
577,6175,1
578,6175,4
581,6175,1
586,6175,1
600,6175,1
601,6175,1
637,6175,1
638,6175,1
655,6175,1
664,6175,1
667,6175,1
388,6176,1
396,6176,1
440,6176,1
441,6176,2
442,6176,1
473,6176,2
474,6176,4
475,6176,4
476,6176,2
477,6176,2
478,6176,1
482,6176,1
484,6176,1
485,6176,1
487,6176,2
488,6176,6
489,6176,10
490,6176,3
491,6176,3
492,6176,2
493,6176,1
494,6176,1
498,6176,5
499,6176,5
502,6176,6
503,6176,14
504,6176,28
505,6176,15
506,6176,2
509,6176,3
510,6176,4
513,6176,2
514,6176,2
567,6176,1
568,6176,3
569,6176,5
570,6176,1
571,6176,4
574,6176,1
575,6176,1
578,6176,4
586,6176,1
606,6176,1
654,6176,1
661,6176,1
388,6177,1
389,6177,1
424,6177,1
425,6177,1
426,6177,1
430,6177,2
431,6177,2
432,6177,1
433,6177,2
434,6177,2
435,6177,1
436,6177,1
441,6177,1
468,6177,1
469,6177,1
472,6177,2
473,6177,3
474,6177,3
475,6177,5
476,6177,2
477,6177,1
481,6177,1
482,6177,1
485,6177,1
486,6177,1
489,6177,4
490,6177,2
491,6177,2
493,6177,2
494,6177,2
498,6177,1
499,6177,3
500,6177,3
501,6177,1
502,6177,1
503,6177,5
504,6177,4
505,6177,2
508,6177,3
509,6177,5
510,6177,1
513,6177,1
514,6177,2
529,6177,1
539,6177,1
540,6177,2
574,6177,3
575,6177,5
577,6177,1
578,6177,5
594,6177,1
595,6177,1
606,6177,1
648,6177,1
653,6177,1
372,6178,1
395,6178,1
420,6178,1
421,6178,1
423,6178,3
424,6178,5
425,6178,2
426,6178,2
429,6178,2
430,6178,4
431,6178,4
432,6178,4
433,6178,3
434,6178,2
435,6178,2
436,6178,1
440,6178,1
441,6178,2
468,6178,1
469,6178,1
475,6178,1
476,6178,1
477,6178,3
478,6178,2
479,6178,1
486,6178,2
488,6178,1
489,6178,5
490,6178,1
491,6178,1
492,6178,1
494,6178,1
496,6178,1
497,6178,4
498,6178,4
499,6178,8
500,6178,11
501,6178,1
503,6178,2
505,6178,1
506,6178,1
507,6178,1
508,6178,7
509,6178,6
510,6178,1
526,6178,2
529,6178,1
538,6178,1
539,6178,1
566,6178,1
567,6178,1
574,6178,1
575,6178,1
577,6178,2
578,6178,3
596,6178,1
597,6178,1
598,6178,1
648,6178,1
653,6178,2
365,6179,1
370,6179,1
371,6179,1
372,6179,1
373,6179,1
374,6179,1
379,6179,1
381,6179,1
383,6179,1
395,6179,1
420,6179,2
421,6179,3
422,6179,3
423,6179,3
424,6179,4
429,6179,1
430,6179,1
431,6179,1
435,6179,1
440,6179,1
441,6179,1
464,6179,1
465,6179,3
468,6179,4
472,6179,1
473,6179,2
477,6179,4
478,6179,5
479,6179,3
480,6179,1
486,6179,4
488,6179,1
489,6179,2
490,6179,5
491,6179,2
492,6179,3
493,6179,1
494,6179,4
495,6179,3
496,6179,25
497,6179,16
498,6179,14
499,6179,15
500,6179,8
502,6179,4
504,6179,1
505,6179,4
506,6179,3
507,6179,1
508,6179,3
509,6179,3
514,6179,1
515,6179,1
523,6179,1
545,6179,1
546,6179,1
547,6179,1
566,6179,1
578,6179,1
585,6179,1
586,6179,1
647,6179,1
648,6179,1
652,6179,1
653,6179,1
661,6179,1
357,6180,1
359,6180,1
361,6180,1
363,6180,1
364,6180,1
365,6180,1
373,6180,1
379,6180,1
381,6180,1
413,6180,1
414,6180,1
420,6180,1
421,6180,4
422,6180,4
423,6180,4
424,6180,2
429,6180,2
430,6180,4
431,6180,4
432,6180,2
433,6180,1
434,6180,1
435,6180,2
436,6180,2
437,6180,2
438,6180,1
439,6180,1
440,6180,2
464,6180,1
465,6180,3
466,6180,3
467,6180,1
468,6180,7
473,6180,3
474,6180,1
475,6180,4
476,6180,5
477,6180,1
479,6180,2
480,6180,6
481,6180,2
484,6180,3
485,6180,2
486,6180,19
487,6180,5
488,6180,6
489,6180,19
490,6180,8
491,6180,15
492,6180,31
493,6180,25
494,6180,58
495,6180,18
496,6180,64
497,6180,21
498,6180,16
499,6180,31
500,6180,27
501,6180,17
502,6180,19
503,6180,1
504,6180,13
505,6180,17
506,6180,6
507,6180,5
508,6180,3
510,6180,1
529,6180,1
530,6180,1
541,6180,1
545,6180,1
549,6180,5
550,6180,6
565,6180,1
566,6180,1
567,6180,1
568,6180,1
569,6180,1
574,6180,1
577,6180,1
578,6180,2
586,6180,1
652,6180,1
655,6180,1
657,6180,1
660,6180,1
378,6181,1
379,6181,1
413,6181,1
414,6181,1
415,6181,1
420,6181,3
421,6181,3
422,6181,3
423,6181,2
424,6181,1
430,6181,1
431,6181,2
432,6181,1
462,6181,1
463,6181,4
464,6181,4
465,6181,8
466,6181,5
467,6181,3
468,6181,2
473,6181,1
474,6181,1
475,6181,4
476,6181,4
479,6181,4
480,6181,16
481,6181,4
482,6181,1
484,6181,2
485,6181,7
486,6181,28
487,6181,7
489,6181,2
490,6181,1
491,6181,3
492,6181,32
493,6181,52
494,6181,23
495,6181,8
496,6181,87
497,6181,51
498,6181,40
499,6181,31
500,6181,15
501,6181,9
502,6181,25
503,6181,13
504,6181,7
505,6181,7
506,6181,3
507,6181,1
515,6181,1
516,6181,1
520,6181,1
521,6181,1
529,6181,1
530,6181,2
531,6181,1
541,6181,1
548,6181,8
549,6181,6
550,6181,11
551,6181,12
552,6181,2
553,6181,6
554,6181,2
556,6181,2
557,6181,3
558,6181,9
559,6181,8
560,6181,8
561,6181,4
562,6181,2
563,6181,7
564,6181,2
565,6181,5
566,6181,2
577,6181,4
578,6181,8
584,6181,1
585,6181,2
586,6181,1
651,6181,1
652,6181,1
657,6181,1
659,6181,1
416,6182,2
418,6182,1
419,6182,4
420,6182,7
421,6182,3
422,6182,3
460,6182,1
464,6182,5
465,6182,4
467,6182,2
471,6182,1
472,6182,2
474,6182,1
475,6182,5
476,6182,1
479,6182,4
480,6182,21
481,6182,25
482,6182,16
484,6182,2
485,6182,7
486,6182,21
487,6182,2
488,6182,2
489,6182,1
490,6182,6
491,6182,4
492,6182,52
493,6182,134
494,6182,24
495,6182,22
496,6182,111
497,6182,5
498,6182,7
499,6182,11
500,6182,3
501,6182,8
502,6182,9
503,6182,5
509,6182,3
510,6182,2
518,6182,1
520,6182,1
521,6182,1
522,6182,1
527,6182,1
528,6182,2
530,6182,2
531,6182,2
546,6182,3
547,6182,7
548,6182,4
549,6182,1
550,6182,2
551,6182,6
553,6182,1
554,6182,14
555,6182,9
557,6182,8
558,6182,13
559,6182,8
560,6182,3
561,6182,3
562,6182,6
563,6182,11
565,6182,11
566,6182,13
567,6182,14
568,6182,11
569,6182,2
576,6182,2
577,6182,2
578,6182,3
579,6182,7
584,6182,1
585,6182,1
650,6182,1
651,6182,1
652,6182,1
658,6182,1
659,6182,1
394,6183,1
395,6183,1
400,6183,1
401,6183,1
406,6183,1
407,6183,1
408,6183,1
409,6183,1
414,6183,3
415,6183,5
416,6183,6
417,6183,6
418,6183,1
419,6183,2
420,6183,2
459,6183,1
460,6183,1
467,6183,4
468,6183,4
469,6183,3
471,6183,1
472,6183,4
473,6183,3
474,6183,2
475,6183,12
476,6183,7
477,6183,1
479,6183,1
480,6183,2
481,6183,4
482,6183,17
483,6183,25
484,6183,2
485,6183,2
486,6183,18
487,6183,12
489,6183,1
490,6183,5
491,6183,29
492,6183,77
493,6183,18
494,6183,2
495,6183,11
496,6183,123
497,6183,13
498,6183,1
499,6183,2
500,6183,3
501,6183,19
502,6183,7
507,6183,2
508,6183,6
509,6183,14
510,6183,3
511,6183,1
522,6183,1
524,6183,2
525,6183,1
526,6183,1
527,6183,3
528,6183,1
531,6183,1
540,6183,1
541,6183,1
542,6183,2
543,6183,2
546,6183,2
547,6183,2
551,6183,4
553,6183,1
554,6183,11
555,6183,8
557,6183,13
558,6183,11
561,6183,1
562,6183,17
563,6183,15
564,6183,3
565,6183,2
566,6183,13
567,6183,23
568,6183,22
569,6183,1
570,6183,2
571,6183,2
572,6183,1
576,6183,2
577,6183,1
578,6183,8
579,6183,7
646,6183,1
650,6183,2
651,6183,1
658,6183,1
673,6183,1
394,6184,1
395,6184,1
400,6184,1
401,6184,1
405,6184,3
406,6184,1
407,6184,1
408,6184,1
411,6184,2
412,6184,2
413,6184,4
414,6184,10
415,6184,11
416,6184,4
417,6184,2
450,6184,1
451,6184,1
452,6184,1
459,6184,1
467,6184,2
468,6184,3
470,6184,3
471,6184,3
473,6184,1
475,6184,10
476,6184,13
477,6184,5
480,6184,1
483,6184,45
484,6184,5
486,6184,2
487,6184,3
489,6184,17
490,6184,92
491,6184,105
492,6184,26
493,6184,6
494,6184,1
495,6184,85
496,6184,281
497,6184,49
498,6184,1
500,6184,1
501,6184,8
502,6184,1
506,6184,1
507,6184,2
508,6184,11
509,6184,8
523,6184,3
524,6184,2
525,6184,5
526,6184,3
527,6184,1
543,6184,2
544,6184,1
546,6184,8
547,6184,3
548,6184,2
549,6184,1
551,6184,1
553,6184,1
554,6184,8
555,6184,3
557,6184,16
558,6184,13
561,6184,2
562,6184,20
563,6184,7
564,6184,22
565,6184,3
566,6184,14
567,6184,22
568,6184,42
569,6184,1
570,6184,1
578,6184,4
579,6184,1
580,6184,1
646,6184,1
650,6184,2
651,6184,1
652,6184,1
653,6184,1
394,6185,1
402,6185,1
403,6185,1
405,6185,3
406,6185,3
408,6185,2
411,6185,2
412,6185,3
413,6185,5
414,6185,13
415,6185,14
416,6185,2
450,6185,1
451,6185,1
452,6185,1
467,6185,1
470,6185,2
471,6185,2
476,6185,3
477,6185,4
482,6185,2
483,6185,61
484,6185,36
485,6185,5
487,6185,3
488,6185,5
489,6185,62
490,6185,142
491,6185,181
492,6185,219
493,6185,36
494,6185,2
495,6185,164
496,6185,247
497,6185,132
498,6185,12
506,6185,2
507,6185,2
508,6185,14
509,6185,4
519,6185,2
520,6185,3
521,6185,2
522,6185,1
523,6185,1
524,6185,2
525,6185,2
526,6185,2
546,6185,11
547,6185,17
548,6185,14
549,6185,9
553,6185,3
554,6185,17
555,6185,16
556,6185,1
557,6185,7
558,6185,7
560,6185,3
561,6185,25
562,6185,21
563,6185,18
564,6185,24
565,6185,1
566,6185,20
567,6185,2
568,6185,37
572,6185,1
573,6185,1
579,6185,1
580,6185,1
587,6185,1
648,6185,1
649,6185,1
406,6186,2
407,6186,6
408,6186,4
412,6186,1
413,6186,4
414,6186,7
415,6186,4
456,6186,1
471,6186,2
472,6186,1
475,6186,5
476,6186,5
477,6186,1
480,6186,2
481,6186,9
482,6186,18
483,6186,31
484,6186,106
485,6186,146
486,6186,169
487,6186,2
488,6186,53
489,6186,203
490,6186,71
491,6186,85
492,6186,193
493,6186,110
494,6186,6
495,6186,31
496,6186,64
497,6186,238
498,6186,125
499,6186,38
500,6186,1
502,6186,2
505,6186,4
506,6186,7
507,6186,5
508,6186,3
509,6186,3
514,6186,1
515,6186,2
516,6186,1
518,6186,1
519,6186,8
520,6186,5
521,6186,3
529,6186,1
545,6186,11
546,6186,11
547,6186,1
548,6186,8
549,6186,12
550,6186,3
553,6186,8
554,6186,20
555,6186,8
556,6186,2
558,6186,2
560,6186,11
561,6186,11
562,6186,2
563,6186,2
564,6186,1
565,6186,1
566,6186,10
568,6186,35
569,6186,33
570,6186,1
579,6186,1
580,6186,1
587,6186,1
588,6186,1
594,6186,1
644,6186,1
645,6186,1
647,6186,2
648,6186,4
654,6186,1
403,6187,1
406,6187,2
407,6187,10
408,6187,3
410,6187,1
413,6187,2
453,6187,1
469,6187,1
471,6187,4
472,6187,8
473,6187,1
474,6187,2
475,6187,6
476,6187,12
477,6187,2
480,6187,3
481,6187,27
482,6187,23
483,6187,3
484,6187,43
485,6187,242
486,6187,200
487,6187,2
488,6187,35
489,6187,96
490,6187,8
491,6187,120
492,6187,325
493,6187,127
494,6187,11
495,6187,6
496,6187,96
497,6187,229
498,6187,281
499,6187,195
500,6187,73
501,6187,44
502,6187,35
505,6187,4
506,6187,1
507,6187,3
509,6187,1
510,6187,1
513,6187,2
514,6187,11
515,6187,2
516,6187,2
518,6187,1
519,6187,1
520,6187,2
521,6187,1
522,6187,1
528,6187,1
529,6187,1
530,6187,1
544,6187,7
545,6187,11
546,6187,14
547,6187,4
550,6187,1
553,6187,3
554,6187,4
555,6187,2
556,6187,3
558,6187,1
559,6187,3
560,6187,21
561,6187,17
562,6187,3
563,6187,2
564,6187,1
565,6187,2
566,6187,4
567,6187,2
568,6187,26
569,6187,29
570,6187,1
576,6187,1
594,6187,1
638,6187,1
639,6187,1
642,6187,1
643,6187,1
644,6187,2
647,6187,4
648,6187,2
651,6187,2
652,6187,1
653,6187,1
654,6187,1
403,6188,1
404,6188,1
406,6188,1
407,6188,10
408,6188,6
409,6188,1
413,6188,1
414,6188,3
449,6188,1
450,6188,1
451,6188,1
453,6188,1
454,6188,1
465,6188,1
466,6188,4
467,6188,1
469,6188,3
471,6188,3
472,6188,3
476,6188,2
477,6188,1
480,6188,1
481,6188,14
482,6188,32
483,6188,24
484,6188,51
485,6188,295
486,6188,108
487,6188,5
488,6188,7
489,6188,13
490,6188,47
491,6188,365
492,6188,300
493,6188,241
494,6188,67
495,6188,7
496,6188,75
497,6188,55
498,6188,21
499,6188,18
500,6188,34
501,6188,113
502,6188,23
505,6188,1
506,6188,2
507,6188,2
508,6188,1
512,6188,2
513,6188,12
514,6188,13
515,6188,2
516,6188,6
518,6188,1
519,6188,1
530,6188,1
539,6188,1
542,6188,1
543,6188,10
545,6188,7
546,6188,6
547,6188,3
553,6188,1
554,6188,7
555,6188,1
557,6188,1
558,6188,1
559,6188,7
560,6188,7
561,6188,5
562,6188,2
563,6188,1
566,6188,2
567,6188,2
568,6188,38
569,6188,38
570,6188,2
571,6188,1
572,6188,1
577,6188,1
578,6188,1
579,6188,1
583,6188,1
637,6188,1
638,6188,1
642,6188,1
645,6188,3
646,6188,2
647,6188,1
649,6188,1
650,6188,3
651,6188,3
652,6188,2
393,6189,2
394,6189,5
395,6189,3
403,6189,1
404,6189,6
405,6189,2
407,6189,4
408,6189,3
409,6189,2
414,6189,4
415,6189,2
449,6189,1
450,6189,1
462,6189,1
464,6189,1
465,6189,1
466,6189,3
477,6189,1
480,6189,2
481,6189,22
482,6189,20
483,6189,25
484,6189,61
485,6189,371
486,6189,225
487,6189,3
488,6189,11
489,6189,109
490,6189,240
491,6189,341
492,6189,52
493,6189,17
494,6189,28
495,6189,3
496,6189,25
497,6189,24
498,6189,12
499,6189,4
500,6189,1
501,6189,26
502,6189,20
504,6189,1
505,6189,17
506,6189,88
507,6189,93
508,6189,2
512,6189,1
513,6189,2
514,6189,2
515,6189,4
516,6189,7
517,6189,2
519,6189,2
521,6189,2
528,6189,1
529,6189,1
530,6189,2
536,6189,8
537,6189,3
539,6189,8
540,6189,3
541,6189,1
542,6189,9
543,6189,12
546,6189,2
549,6189,1
550,6189,1
551,6189,1
554,6189,4
557,6189,1
558,6189,6
559,6189,9
560,6189,2
564,6189,1
565,6189,24
566,6189,48
567,6189,39
568,6189,51
569,6189,64
570,6189,1
571,6189,1
572,6189,1
579,6189,1
640,6189,2
641,6189,2
642,6189,3
643,6189,3
644,6189,2
645,6189,2
646,6189,1
652,6189,1
653,6189,1
662,6189,1
393,6190,1
394,6190,2
395,6190,4
396,6190,3
403,6190,1
404,6190,5
405,6190,2
406,6190,1
407,6190,5
408,6190,4
409,6190,1
415,6190,1
478,6190,1
480,6190,21
481,6190,47
482,6190,4
483,6190,41
484,6190,71
485,6190,142
486,6190,94
487,6190,8
488,6190,16
489,6190,92
490,6190,71
491,6190,122
492,6190,89
493,6190,14
494,6190,17
495,6190,4
496,6190,15
497,6190,13
498,6190,14
499,6190,17
500,6190,7
501,6190,3
502,6190,7
504,6190,3
505,6190,36
506,6190,107
507,6190,119
508,6190,29
509,6190,3
513,6190,4
514,6190,12
515,6190,5
516,6190,6
517,6190,6
518,6190,5
519,6190,5
520,6190,5
521,6190,4
522,6190,5
523,6190,2
524,6190,1
525,6190,1
528,6190,1
529,6190,8
530,6190,4
531,6190,4
534,6190,2
535,6190,1
536,6190,8
537,6190,4
538,6190,1
539,6190,11
540,6190,4
541,6190,1
542,6190,16
543,6190,26
544,6190,9
547,6190,2
548,6190,6
549,6190,5
553,6190,3
554,6190,8
555,6190,2
556,6190,1
558,6190,2
559,6190,4
560,6190,1
561,6190,2
563,6190,2
564,6190,8
565,6190,54
566,6190,37
567,6190,8
568,6190,24
569,6190,30
574,6190,2
575,6190,1
579,6190,1
636,6190,1
640,6190,1
641,6190,2
394,6191,1
395,6191,2
396,6191,2
397,6191,3
398,6191,3
399,6191,1
400,6191,1
401,6191,1
404,6191,2
405,6191,2
406,6191,2
407,6191,2
408,6191,1
464,6191,1
478,6191,1
480,6191,57
481,6191,76
482,6191,21
483,6191,34
484,6191,27
485,6191,93
486,6191,48
487,6191,16
488,6191,13
489,6191,30
490,6191,34
491,6191,79
492,6191,80
493,6191,22
494,6191,18
495,6191,9
496,6191,11
497,6191,7
498,6191,3
499,6191,4
500,6191,3
501,6191,2
502,6191,4
503,6191,9
504,6191,1
505,6191,42
506,6191,47
507,6191,116
508,6191,166
509,6191,15
513,6191,1
514,6191,8
516,6191,1
517,6191,2
518,6191,2
521,6191,3
522,6191,7
523,6191,6
524,6191,2
529,6191,14
530,6191,3
531,6191,8
532,6191,19
533,6191,8
534,6191,1
535,6191,1
536,6191,31
537,6191,19
539,6191,5
540,6191,1
541,6191,29
542,6191,12
543,6191,13
544,6191,8
545,6191,2
547,6191,1
548,6191,5
549,6191,10
550,6191,2
553,6191,4
554,6191,4
555,6191,1
558,6191,4
559,6191,3
562,6191,1
563,6191,5
564,6191,6
565,6191,41
566,6191,9
567,6191,3
568,6191,34
569,6191,40
570,6191,12
572,6191,1
573,6191,1
579,6191,1
638,6191,1
639,6191,1
640,6191,2
641,6191,2
651,6191,1
652,6191,1
397,6192,3
398,6192,4
399,6192,5
400,6192,2
401,6192,2
404,6192,4
405,6192,10
406,6192,3
407,6192,1
411,6192,1
462,6192,1
463,6192,2
464,6192,1
465,6192,1
466,6192,1
467,6192,1
470,6192,1
471,6192,1
474,6192,1
479,6192,1
480,6192,42
481,6192,67
482,6192,18
483,6192,6
484,6192,83
485,6192,240
486,6192,79
487,6192,73
488,6192,21
489,6192,24
490,6192,29
491,6192,61
492,6192,33
493,6192,10
494,6192,26
495,6192,20
496,6192,10
497,6192,4
498,6192,2
499,6192,3
500,6192,5
501,6192,9
502,6192,3
503,6192,8
505,6192,3
506,6192,37
507,6192,50
508,6192,87
509,6192,45
514,6192,5
517,6192,2
518,6192,1
521,6192,1
522,6192,4
523,6192,6
526,6192,1
527,6192,9
528,6192,4
529,6192,9
530,6192,2
531,6192,4
532,6192,38
533,6192,21
534,6192,1
535,6192,1
536,6192,22
537,6192,11
538,6192,6
539,6192,1
540,6192,13
541,6192,19
542,6192,3
543,6192,15
544,6192,12
545,6192,13
546,6192,2
549,6192,1
550,6192,1
553,6192,2
557,6192,2
558,6192,5
559,6192,3
562,6192,4
563,6192,5
564,6192,3
565,6192,11
566,6192,5
567,6192,2
568,6192,29
569,6192,45
570,6192,47
571,6192,4
573,6192,2
574,6192,1
575,6192,1
597,6192,1
636,6192,2
637,6192,4
638,6192,1
639,6192,1
640,6192,2
641,6192,2
645,6192,1
391,6193,1
397,6193,2
400,6193,3
401,6193,4
402,6193,2
403,6193,1
405,6193,1
411,6193,1
412,6193,1
462,6193,1
463,6193,1
465,6193,1
466,6193,2
467,6193,4
468,6193,3
469,6193,1
470,6193,1
473,6193,3
474,6193,7
475,6193,14
476,6193,7
477,6193,15
478,6193,17
480,6193,3
481,6193,32
482,6193,8
483,6193,17
484,6193,349
485,6193,717
486,6193,518
487,6193,55
488,6193,14
489,6193,37
490,6193,60
491,6193,146
492,6193,64
493,6193,7
494,6193,8
495,6193,13
496,6193,12
497,6193,8
498,6193,12
499,6193,14
500,6193,7
501,6193,23
502,6193,1
503,6193,1
505,6193,1
506,6193,2
507,6193,6
508,6193,113
509,6193,68
514,6193,1
517,6193,1
523,6193,1
524,6193,5
525,6193,8
526,6193,9
527,6193,3
528,6193,1
530,6193,1
531,6193,3
532,6193,20
533,6193,16
534,6193,2
535,6193,1
536,6193,20
537,6193,9
538,6193,5
540,6193,2
541,6193,4
542,6193,6
543,6193,9
544,6193,3
547,6193,1
553,6193,1
555,6193,2
556,6193,2
557,6193,3
558,6193,1
559,6193,1
560,6193,1
562,6193,2
563,6193,1
564,6193,13
565,6193,10
568,6193,10
569,6193,14
570,6193,40
571,6193,46
572,6193,46
573,6193,1
632,6193,3
633,6193,3
634,6193,1
635,6193,4
636,6193,7
637,6193,5
638,6193,3
639,6193,2
640,6193,2
642,6193,1
643,6193,1
644,6193,1
645,6193,1
650,6193,1
654,6193,1
400,6194,4
401,6194,10
402,6194,8
412,6194,3
413,6194,4
414,6194,1
451,6194,1
452,6194,1
466,6194,1
467,6194,1
473,6194,5
474,6194,40
475,6194,56
476,6194,48
477,6194,35
478,6194,44
479,6194,35
480,6194,5
481,6194,3
483,6194,25
484,6194,206
485,6194,420
486,6194,193
487,6194,10
488,6194,6
489,6194,25
490,6194,58
491,6194,204
492,6194,104
493,6194,10
494,6194,4
495,6194,10
496,6194,12
497,6194,8
498,6194,3
499,6194,6
500,6194,14
501,6194,25
502,6194,4
504,6194,1
505,6194,6
506,6194,7
507,6194,11
508,6194,60
509,6194,27
510,6194,1
514,6194,1
521,6194,2
522,6194,1
523,6194,6
524,6194,12
525,6194,3
526,6194,6
527,6194,18
528,6194,10
529,6194,4
530,6194,2
531,6194,1
532,6194,4
533,6194,7
534,6194,1
535,6194,1
536,6194,12
537,6194,8
540,6194,21
541,6194,23
542,6194,14
543,6194,18
544,6194,4
545,6194,2
546,6194,1
548,6194,1
554,6194,1
555,6194,2
556,6194,4
557,6194,2
562,6194,1
563,6194,10
564,6194,13
568,6194,3
569,6194,1
570,6194,1
571,6194,4
572,6194,59
573,6194,2
604,6194,1
628,6194,1
630,6194,2
631,6194,5
632,6194,4
635,6194,1
636,6194,2
637,6194,1
639,6194,1
642,6194,1
643,6194,2
644,6194,3
645,6194,2
647,6194,1
648,6194,1
649,6194,1
650,6194,1
654,6194,1
392,6195,1
396,6195,2
397,6195,1
398,6195,3
399,6195,5
400,6195,2
401,6195,3
412,6195,1
413,6195,2
414,6195,2
415,6195,1
449,6195,2
450,6195,3
452,6195,1
469,6195,1
470,6195,1
471,6195,1
472,6195,3
473,6195,11
474,6195,15
475,6195,9
476,6195,6
477,6195,5
478,6195,5
479,6195,11
480,6195,8
481,6195,3
483,6195,26
484,6195,90
485,6195,232
486,6195,147
487,6195,2
488,6195,4
489,6195,27
490,6195,41
491,6195,180
492,6195,157
493,6195,13
494,6195,6
495,6195,15
496,6195,11
497,6195,13
498,6195,3
500,6195,13
501,6195,17
502,6195,1
504,6195,3
505,6195,12
506,6195,29
507,6195,28
508,6195,63
509,6195,19
510,6195,1
514,6195,1
518,6195,1
519,6195,3
520,6195,5
521,6195,5
522,6195,1
523,6195,2
524,6195,8
525,6195,5
526,6195,1
527,6195,15
528,6195,7
529,6195,3
530,6195,1
531,6195,1
532,6195,7
533,6195,3
536,6195,8
537,6195,3
539,6195,7
540,6195,33
541,6195,32
542,6195,12
543,6195,17
544,6195,13
546,6195,1
547,6195,1
548,6195,1
549,6195,1
553,6195,2
554,6195,1
555,6195,1
563,6195,4
564,6195,4
570,6195,2
571,6195,6
572,6195,29
573,6195,7
581,6195,1
584,6195,1
585,6195,1
588,6195,1
590,6195,1
601,6195,1
602,6195,2
603,6195,3
604,6195,1
628,6195,1
629,6195,1
630,6195,4
631,6195,1
634,6195,2
635,6195,2
636,6195,1
637,6195,1
638,6195,1
643,6195,2
644,6195,1
649,6195,1
663,6195,1
394,6196,1
396,6196,1
397,6196,3
398,6196,4
399,6196,1
400,6196,1
414,6196,1
415,6196,1
449,6196,3
450,6196,4
451,6196,1
456,6196,1
457,6196,1
458,6196,1
469,6196,1
470,6196,1
471,6196,2
472,6196,3
473,6196,17
474,6196,83
475,6196,107
476,6196,150
477,6196,109
478,6196,97
479,6196,95
480,6196,41
481,6196,3
483,6196,6
484,6196,49
485,6196,171
486,6196,155
487,6196,5
488,6196,2
489,6196,14
490,6196,51
491,6196,64
492,6196,92
493,6196,11
494,6196,10
495,6196,10
496,6196,4
497,6196,6
500,6196,6
501,6196,6
502,6196,1
504,6196,3
505,6196,10
506,6196,16
507,6196,18
508,6196,56
509,6196,71
510,6196,6
515,6196,1
516,6196,1
518,6196,1
519,6196,3
520,6196,3
521,6196,2
522,6196,2
523,6196,2
524,6196,1
525,6196,3
526,6196,1
527,6196,3
528,6196,4
529,6196,3
531,6196,3
532,6196,10
533,6196,16
534,6196,1
536,6196,8
537,6196,3
539,6196,5
540,6196,3
541,6196,6
542,6196,17
543,6196,7
544,6196,13
553,6196,3
554,6196,1
562,6196,1
563,6196,5
564,6196,3
570,6196,6
571,6196,2
572,6196,28
573,6196,27
574,6196,3
579,6196,1
584,6196,1
590,6196,1
594,6196,1
600,6196,4
601,6196,3
602,6196,3
603,6196,1
604,6196,1
605,6196,1
607,6196,1
608,6196,1
609,6196,1
624,6196,1
625,6196,3
626,6196,1
629,6196,1
632,6196,3
633,6196,6
634,6196,6
635,6196,3
636,6196,1
637,6196,1
638,6196,1
639,6196,1
642,6196,1
643,6196,2
645,6196,1
647,6196,1
648,6196,2
663,6196,1
388,6197,1
392,6197,2
393,6197,4
394,6197,4
395,6197,1
412,6197,2
413,6197,1
449,6197,2
450,6197,2
455,6197,1
457,6197,2
458,6197,3
459,6197,2
466,6197,1
467,6197,1
468,6197,1
471,6197,2
472,6197,7
473,6197,77
474,6197,98
475,6197,53
476,6197,100
477,6197,49
478,6197,77
479,6197,178
480,6197,188
481,6197,31
483,6197,1
484,6197,6
485,6197,39
486,6197,112
487,6197,4
488,6197,3
489,6197,14
490,6197,17
491,6197,69
492,6197,123
493,6197,23
494,6197,12
495,6197,2
496,6197,1
498,6197,4
499,6197,2
500,6197,2
501,6197,6
502,6197,4
503,6197,1
504,6197,2
505,6197,3
506,6197,7
507,6197,8
508,6197,10
509,6197,40
510,6197,13
511,6197,4
512,6197,2
513,6197,2
515,6197,3
516,6197,2
517,6197,1
518,6197,1
519,6197,1
521,6197,1
522,6197,1
524,6197,2
525,6197,1
526,6197,1
528,6197,3
529,6197,10
531,6197,1
532,6197,6
533,6197,7
534,6197,6
536,6197,1
537,6197,1
539,6197,8
540,6197,2
541,6197,13
542,6197,8
543,6197,2
544,6197,3
545,6197,10
546,6197,5
554,6197,1
563,6197,3
565,6197,1
569,6197,3
570,6197,2
571,6197,2
572,6197,4
573,6197,15
574,6197,1
575,6197,1
584,6197,1
591,6197,1
594,6197,5
595,6197,2
596,6197,2
597,6197,1
599,6197,2
600,6197,7
601,6197,3
602,6197,1
603,6197,1
604,6197,2
608,6197,1
609,6197,1
621,6197,2
622,6197,2
624,6197,4
625,6197,6
626,6197,3
628,6197,1
629,6197,3
630,6197,5
631,6197,2
632,6197,5
633,6197,4
634,6197,5
635,6197,3
636,6197,2
640,6197,1
641,6197,3
642,6197,1
645,6197,1
388,6198,1
389,6198,1
391,6198,2
392,6198,3
393,6198,4
412,6198,2
413,6198,1
448,6198,2
449,6198,3
450,6198,4
455,6198,4
457,6198,1
458,6198,1
459,6198,4
464,6198,1
466,6198,2
467,6198,1
471,6198,4
472,6198,64
473,6198,92
474,6198,37
475,6198,11
476,6198,3
478,6198,3
479,6198,14
480,6198,68
481,6198,49
482,6198,2
483,6198,1
485,6198,7
486,6198,23
487,6198,1
488,6198,6
489,6198,24
490,6198,44
491,6198,118
492,6198,130
493,6198,19
494,6198,2
495,6198,2
496,6198,2
497,6198,3
498,6198,3
500,6198,5
501,6198,4
502,6198,3
503,6198,1
505,6198,1
506,6198,4
507,6198,2
508,6198,4
509,6198,14
510,6198,6
511,6198,3
512,6198,4
513,6198,2
515,6198,1
517,6198,1
518,6198,1
519,6198,1
520,6198,1
521,6198,1
522,6198,3
523,6198,7
524,6198,12
525,6198,11
526,6198,17
527,6198,21
528,6198,1
529,6198,1
530,6198,1
533,6198,1
534,6198,3
535,6198,1
536,6198,1
537,6198,1
538,6198,1
539,6198,4
540,6198,7
541,6198,9
542,6198,4
543,6198,2
544,6198,16
545,6198,30
546,6198,11
547,6198,1
548,6198,1
554,6198,1
562,6198,1
563,6198,1
571,6198,1
572,6198,2
573,6198,12
574,6198,1
591,6198,1
592,6198,4
593,6198,7
594,6198,2
595,6198,4
596,6198,2
597,6198,3
598,6198,2
599,6198,7
600,6198,4
601,6198,1
602,6198,2
604,6198,1
606,6198,1
608,6198,1
611,6198,1
613,6198,1
620,6198,2
621,6198,2
622,6198,2
623,6198,10
624,6198,14
625,6198,7
626,6198,2
627,6198,1
628,6198,5
629,6198,7
630,6198,6
631,6198,6
632,6198,4
633,6198,2
634,6198,2
635,6198,3
636,6198,1
640,6198,2
641,6198,1
388,6199,2
389,6199,3
390,6199,1
391,6199,1
392,6199,2
393,6199,1
398,6199,1
399,6199,1
412,6199,2
413,6199,1
448,6199,2
449,6199,1
450,6199,2
455,6199,4
457,6199,1
458,6199,2
459,6199,3
462,6199,1
463,6199,3
464,6199,3
466,6199,1
471,6199,14
472,6199,63
473,6199,12
474,6199,4
475,6199,2
476,6199,5
477,6199,5
478,6199,8
479,6199,78
480,6199,26
481,6199,11
485,6199,4
486,6199,2
488,6199,20
489,6199,82
490,6199,97
491,6199,41
492,6199,22
493,6199,33
494,6199,1
495,6199,1
496,6199,3
497,6199,1
498,6199,1
499,6199,2
500,6199,3
501,6199,12
502,6199,2
505,6199,1
506,6199,3
507,6199,15
508,6199,8
509,6199,2
510,6199,10
511,6199,3
512,6199,4
513,6199,1
516,6199,1
517,6199,1
519,6199,1
520,6199,10
521,6199,16
522,6199,16
523,6199,8
524,6199,10
525,6199,6
526,6199,5
527,6199,17
528,6199,11
529,6199,8
530,6199,1
538,6199,1
539,6199,9
540,6199,7
541,6199,2
542,6199,1
543,6199,3
544,6199,18
545,6199,12
546,6199,1
547,6199,1
548,6199,1
554,6199,1
564,6199,1
565,6199,1
572,6199,4
573,6199,13
574,6199,3
590,6199,1
591,6199,2
592,6199,21
593,6199,18
594,6199,3
595,6199,5
596,6199,7
597,6199,5
598,6199,4
599,6199,6
600,6199,5
601,6199,6
602,6199,6
603,6199,3
604,6199,6
605,6199,11
606,6199,15
607,6199,8
608,6199,5
609,6199,2
610,6199,3
611,6199,1
612,6199,1
613,6199,5
614,6199,3
615,6199,6
616,6199,2
617,6199,4
618,6199,4
619,6199,4
620,6199,7
621,6199,5
622,6199,7
623,6199,14
624,6199,11
627,6199,3
628,6199,2
631,6199,1
634,6199,2
635,6199,1
636,6199,1
639,6199,1
640,6199,1
384,6200,1
387,6200,3
388,6200,3
389,6200,1
390,6200,1
391,6200,1
393,6200,3
413,6200,3
414,6200,1
448,6200,5
449,6200,1
450,6200,5
451,6200,2
454,6200,1
455,6200,2
456,6200,7
457,6200,5
458,6200,1
459,6200,1
460,6200,7
461,6200,2
463,6200,1
470,6200,2
471,6200,41
472,6200,58
473,6200,18
474,6200,23
475,6200,13
476,6200,23
477,6200,78
478,6200,197
479,6200,263
480,6200,36
481,6200,5
485,6200,2
486,6200,1
487,6200,2
488,6200,31
489,6200,46
490,6200,15
491,6200,13
492,6200,8
493,6200,29
494,6200,2
496,6200,3
497,6200,2
499,6200,1
500,6200,3
501,6200,3
502,6200,5
503,6200,2
506,6200,4
507,6200,36
508,6200,16
510,6200,10
511,6200,2
512,6200,2
513,6200,1
514,6200,1
515,6200,1
516,6200,5
517,6200,6
518,6200,3
519,6200,4
520,6200,8
521,6200,3
522,6200,1
523,6200,2
524,6200,4
525,6200,7
527,6200,1
528,6200,7
529,6200,8
530,6200,1
531,6200,1
532,6200,2
538,6200,2
539,6200,5
540,6200,1
541,6200,1
542,6200,1
543,6200,6
544,6200,10
545,6200,2
547,6200,1
548,6200,1
550,6200,1
564,6200,1
565,6200,1
567,6200,1
568,6200,1
569,6200,1
572,6200,1
573,6200,1
578,6200,1
579,6200,1
590,6200,5
591,6200,5
592,6200,29
593,6200,10
595,6200,4
596,6200,4
597,6200,4
598,6200,5
599,6200,3
600,6200,3
601,6200,5
603,6200,1
604,6200,4
605,6200,5
606,6200,9
607,6200,13
608,6200,12
609,6200,7
610,6200,12
611,6200,8
612,6200,8
613,6200,12
614,6200,12
615,6200,16
616,6200,19
617,6200,16
618,6200,16
619,6200,10
620,6200,3
621,6200,4
622,6200,3
623,6200,2
624,6200,2
626,6200,1
627,6200,1
632,6200,1
633,6200,1
634,6200,2
639,6200,1
384,6201,1
385,6201,1
388,6201,1
392,6201,1
395,6201,2
396,6201,1
413,6201,2
414,6201,2
447,6201,6
448,6201,9
449,6201,4
450,6201,2
451,6201,1
455,6201,3
456,6201,4
457,6201,1
458,6201,1
459,6201,7
460,6201,12
461,6201,2
462,6201,5
463,6201,2
464,6201,3
465,6201,2
466,6201,1
467,6201,1
468,6201,2
469,6201,7
470,6201,8
471,6201,9
472,6201,13
473,6201,18
474,6201,54
475,6201,71
476,6201,107
477,6201,198
478,6201,226
479,6201,78
480,6201,13
482,6201,2
484,6201,1
485,6201,1
486,6201,3
487,6201,6
488,6201,24
489,6201,16
490,6201,6
491,6201,14
492,6201,12
493,6201,17
495,6201,1
497,6201,1
501,6201,2
502,6201,9
503,6201,2
506,6201,3
507,6201,36
508,6201,38
510,6201,1
511,6201,1
512,6201,2
513,6201,1
514,6201,1
515,6201,8
516,6201,18
517,6201,8
518,6201,9
519,6201,7
520,6201,1
521,6201,1
522,6201,1
523,6201,1
525,6201,8
526,6201,5
528,6201,7
529,6201,3
530,6201,10
531,6201,17
532,6201,6
533,6201,2
534,6201,13
535,6201,8
536,6201,1
537,6201,5
540,6201,1
541,6201,3
542,6201,4
543,6201,6
544,6201,2
550,6201,1
555,6201,1
573,6201,1
574,6201,4
575,6201,5
576,6201,5
577,6201,2
578,6201,4
579,6201,1
580,6201,1
581,6201,1
585,6201,1
586,6201,1
588,6201,1
589,6201,12
590,6201,12
591,6201,12
592,6201,18
593,6201,7
594,6201,4
595,6201,5
596,6201,3
597,6201,4
598,6201,2
600,6201,1
601,6201,1
602,6201,1
603,6201,1
604,6201,1
607,6201,1
609,6201,1
610,6201,1
611,6201,3
612,6201,3
616,6201,1
617,6201,3
618,6201,3
619,6201,1
620,6201,1
621,6201,1
623,6201,1
385,6202,1
386,6202,1
392,6202,1
393,6202,2
394,6202,2
395,6202,1
397,6202,1
412,6202,1
414,6202,1
436,6202,1
437,6202,1
447,6202,5
448,6202,9
449,6202,6
450,6202,3
451,6202,1
456,6202,1
458,6202,1
459,6202,6
460,6202,5
461,6202,2
462,6202,10
463,6202,2
464,6202,5
465,6202,2
466,6202,6
467,6202,15
468,6202,29
469,6202,39
470,6202,6
471,6202,1
472,6202,51
473,6202,39
474,6202,72
475,6202,75
476,6202,35
477,6202,107
478,6202,42
479,6202,19
480,6202,13
481,6202,2
482,6202,2
484,6202,2
485,6202,2
486,6202,7
487,6202,17
488,6202,15
489,6202,6
490,6202,11
491,6202,13
492,6202,17
493,6202,23
494,6202,2
495,6202,1
497,6202,1
501,6202,1
502,6202,9
503,6202,5
507,6202,3
508,6202,13
509,6202,3
510,6202,1
511,6202,2
512,6202,3
513,6202,7
514,6202,15
515,6202,22
516,6202,27
517,6202,12
518,6202,11
519,6202,3
523,6202,2
525,6202,2
526,6202,7
527,6202,1
528,6202,1
530,6202,2
531,6202,22
532,6202,24
533,6202,13
534,6202,24
535,6202,22
536,6202,5
537,6202,2
541,6202,3
542,6202,6
543,6202,1
544,6202,2
545,6202,2
556,6202,1
563,6202,2
564,6202,1
566,6202,1
570,6202,2
571,6202,3
572,6202,7
573,6202,4
574,6202,17
575,6202,12
576,6202,9
577,6202,7
578,6202,19
579,6202,18
580,6202,6
581,6202,5
582,6202,24
583,6202,24
584,6202,9
585,6202,11
586,6202,2
587,6202,1
588,6202,6
589,6202,10
590,6202,7
591,6202,1
592,6202,2
593,6202,1
594,6202,3
595,6202,3
596,6202,3
597,6202,3
606,6202,1
607,6202,1
609,6202,1
610,6202,1
386,6203,1
393,6203,3
394,6203,2
397,6203,1
412,6203,1
414,6203,1
434,6203,1
436,6203,1
437,6203,1
439,6203,3
440,6203,4
441,6203,1
448,6203,10
449,6203,4
454,6203,1
455,6203,2
456,6203,2
457,6203,1
458,6203,2
459,6203,2
460,6203,1
461,6203,3
462,6203,7
463,6203,2
464,6203,7
465,6203,4
466,6203,7
467,6203,8
468,6203,13
469,6203,28
470,6203,32
471,6203,4
472,6203,109
473,6203,64
474,6203,42
475,6203,92
476,6203,37
477,6203,14
478,6203,12
479,6203,18
480,6203,12
481,6203,1
482,6203,2
483,6203,1
484,6203,2
485,6203,2
486,6203,3
487,6203,6
488,6203,2
489,6203,1
490,6203,7
491,6203,3
492,6203,5
493,6203,8
494,6203,4
497,6203,1
498,6203,1
502,6203,3
503,6203,6
504,6203,3
505,6203,1
506,6203,1
507,6203,5
508,6203,12
509,6203,6
510,6203,11
511,6203,5
512,6203,5
513,6203,6
514,6203,10
515,6203,3
516,6203,14
517,6203,6
519,6203,1
522,6203,2
523,6203,1
524,6203,2
525,6203,1
527,6203,2
528,6203,4
529,6203,1
530,6203,1
531,6203,1
532,6203,2
533,6203,4
534,6203,2
535,6203,9
536,6203,3
537,6203,1
538,6203,2
539,6203,1
540,6203,1
541,6203,3
542,6203,2
543,6203,2
544,6203,1
545,6203,4
546,6203,1
556,6203,1
563,6203,1
569,6203,5
570,6203,14
571,6203,6
572,6203,11
573,6203,1
574,6203,6
575,6203,6
576,6203,6
577,6203,8
578,6203,16
579,6203,24
580,6203,31
581,6203,19
582,6203,45
583,6203,53
584,6203,38
585,6203,9
586,6203,4
587,6203,3
588,6203,4
589,6203,2
590,6203,1
591,6203,1
593,6203,1
594,6203,1
601,6203,1
602,6203,1
606,6203,1
639,6203,1
640,6203,1
641,6203,1
397,6204,1
400,6204,1
414,6204,2
434,6204,4
435,6204,1
436,6204,1
437,6204,1
438,6204,1
439,6204,1
440,6204,7
441,6204,8
442,6204,1
443,6204,1
444,6204,1
448,6204,3
449,6204,4
454,6204,3
455,6204,11
456,6204,10
457,6204,4
458,6204,4
459,6204,3
461,6204,4
462,6204,7
463,6204,1
466,6204,2
467,6204,9
468,6204,7
469,6204,19
470,6204,132
471,6204,57
472,6204,26
473,6204,43
474,6204,3
475,6204,25
476,6204,1
477,6204,4
478,6204,5
479,6204,19
480,6204,22
488,6204,1
489,6204,6
490,6204,5
491,6204,6
492,6204,15
493,6204,1
494,6204,1
501,6204,1
502,6204,1
503,6204,4
504,6204,5
505,6204,1
506,6204,1
507,6204,3
508,6204,3
509,6204,6
510,6204,18
511,6204,14
512,6204,18
513,6204,4
514,6204,2
515,6204,9
516,6204,8
517,6204,3
521,6204,3
522,6204,9
523,6204,5
524,6204,3
525,6204,1
527,6204,1
528,6204,3
529,6204,1
532,6204,1
534,6204,2
535,6204,1
536,6204,3
537,6204,1
542,6204,1
543,6204,2
544,6204,3
545,6204,3
546,6204,2
548,6204,1
554,6204,1
558,6204,1
560,6204,2
561,6204,1
563,6204,4
564,6204,2
565,6204,9
566,6204,8
568,6204,1
569,6204,3
570,6204,5
571,6204,1
572,6204,1
573,6204,1
574,6204,2
575,6204,4
576,6204,9
577,6204,16
578,6204,5
579,6204,6
580,6204,28
581,6204,26
582,6204,32
583,6204,13
584,6204,22
585,6204,2
586,6204,1
601,6204,1
639,6204,1
643,6204,1
644,6204,1
645,6204,2
647,6204,1
394,6205,4
396,6205,2
400,6205,1
401,6205,1
414,6205,2
434,6205,4
435,6205,3
436,6205,1
439,6205,1
440,6205,1
441,6205,8
442,6205,5
443,6205,1
444,6205,1
448,6205,6
449,6205,4
454,6205,3
455,6205,17
456,6205,8
457,6205,2
458,6205,4
459,6205,13
460,6205,5
461,6205,3
462,6205,6
463,6205,1
464,6205,4
465,6205,7
466,6205,32
467,6205,49
468,6205,8
469,6205,8
470,6205,30
471,6205,6
472,6205,3
473,6205,7
474,6205,1
475,6205,5
476,6205,9
477,6205,3
479,6205,11
480,6205,36
481,6205,6
482,6205,1
486,6205,2
487,6205,2
488,6205,2
489,6205,4
490,6205,2
491,6205,8
492,6205,13
493,6205,2
494,6205,1
497,6205,1
498,6205,1
501,6205,2
503,6205,7
504,6205,6
506,6205,1
507,6205,1
508,6205,2
509,6205,2
510,6205,2
511,6205,12
512,6205,21
513,6205,9
514,6205,12
515,6205,24
516,6205,21
517,6205,5
519,6205,1
521,6205,3
522,6205,5
523,6205,3
524,6205,2
525,6205,4
526,6205,2
527,6205,1
529,6205,3
530,6205,2
531,6205,1
534,6205,1
535,6205,1
536,6205,1
537,6205,2
538,6205,3
539,6205,3
540,6205,2
541,6205,1
542,6205,4
543,6205,3
544,6205,2
545,6205,2
546,6205,6
547,6205,13
548,6205,15
549,6205,1
551,6205,1
552,6205,3
553,6205,1
554,6205,4
555,6205,3
556,6205,6
557,6205,6
558,6205,12
559,6205,3
560,6205,6
561,6205,2
562,6205,4
563,6205,13
564,6205,4
565,6205,14
566,6205,2
569,6205,7
570,6205,8
575,6205,1
576,6205,2
577,6205,7
578,6205,9
579,6205,6
580,6205,5
581,6205,12
582,6205,9
583,6205,5
584,6205,3
585,6205,1
587,6205,1
588,6205,1
600,6205,1
601,6205,1
648,6205,1
393,6206,3
394,6206,9
395,6206,3
396,6206,1
397,6206,1
401,6206,1
402,6206,1
409,6206,1
412,6206,2
414,6206,3
435,6206,11
436,6206,7
440,6206,3
441,6206,7
442,6206,6
443,6206,3
444,6206,4
445,6206,2
448,6206,2
449,6206,6
454,6206,3
455,6206,4
456,6206,5
457,6206,5
458,6206,2
459,6206,18
460,6206,35
461,6206,19
462,6206,9
463,6206,12
464,6206,20
465,6206,33
466,6206,86
467,6206,91
468,6206,66
469,6206,7
470,6206,2
471,6206,2
472,6206,2
473,6206,3
475,6206,6
476,6206,6
477,6206,1
478,6206,1
479,6206,9
480,6206,31
481,6206,6
482,6206,1
485,6206,1
486,6206,3
487,6206,1
488,6206,5
489,6206,3
490,6206,8
491,6206,10
492,6206,4
493,6206,2
494,6206,1
498,6206,12
499,6206,4
500,6206,1
501,6206,3
503,6206,7
504,6206,15
505,6206,10
506,6206,4
507,6206,3
509,6206,1
510,6206,4
511,6206,5
512,6206,5
513,6206,1
514,6206,4
515,6206,23
516,6206,29
517,6206,3
523,6206,1
524,6206,1
525,6206,1
526,6206,1
527,6206,1
529,6206,1
530,6206,2
531,6206,3
533,6206,1
535,6206,1
536,6206,6
537,6206,26
538,6206,8
539,6206,1
541,6206,1
542,6206,7
543,6206,5
544,6206,6
545,6206,17
546,6206,29
547,6206,24
548,6206,8
549,6206,3
550,6206,2
551,6206,1
552,6206,6
553,6206,4
554,6206,8
555,6206,11
556,6206,9
557,6206,1
558,6206,6
559,6206,1
560,6206,2
561,6206,6
562,6206,9
563,6206,11
564,6206,6
565,6206,6
566,6206,6
567,6206,4
568,6206,6
569,6206,4
570,6206,8
571,6206,5
572,6206,3
573,6206,1
574,6206,1
575,6206,3
576,6206,4
577,6206,11
578,6206,6
579,6206,3
580,6206,3
581,6206,4
582,6206,1
583,6206,1
585,6206,1
587,6206,1
597,6206,1
393,6207,1
394,6207,3
395,6207,4
396,6207,1
411,6207,2
412,6207,4
413,6207,8
414,6207,3
435,6207,4
436,6207,10
437,6207,7
438,6207,1
440,6207,1
441,6207,7
442,6207,10
443,6207,10
444,6207,5
445,6207,2
449,6207,8
454,6207,8
455,6207,8
456,6207,21
457,6207,22
458,6207,18
459,6207,29
460,6207,35
461,6207,14
462,6207,15
463,6207,29
464,6207,44
465,6207,49
466,6207,71
467,6207,45
468,6207,5
469,6207,2
470,6207,5
471,6207,2
472,6207,2
473,6207,7
474,6207,2
475,6207,3
477,6207,1
478,6207,1
479,6207,2
480,6207,13
481,6207,22
482,6207,2
487,6207,2
488,6207,11
489,6207,9
490,6207,6
491,6207,12
492,6207,3
493,6207,6
494,6207,2
495,6207,3
498,6207,4
499,6207,7
500,6207,1
501,6207,2
502,6207,3
503,6207,19
504,6207,46
505,6207,57
506,6207,20
507,6207,5
509,6207,1
510,6207,4
511,6207,16
512,6207,6
513,6207,11
514,6207,8
515,6207,14
516,6207,158
517,6207,108
518,6207,6
522,6207,2
523,6207,1
524,6207,1
525,6207,1
526,6207,1
527,6207,1
528,6207,1
530,6207,1
534,6207,1
535,6207,1
536,6207,10
537,6207,28
538,6207,10
539,6207,2
542,6207,4
543,6207,2
544,6207,37
545,6207,40
546,6207,27
547,6207,19
548,6207,12
549,6207,6
550,6207,9
551,6207,8
552,6207,9
553,6207,8
554,6207,8
555,6207,9
556,6207,3
557,6207,4
558,6207,1
559,6207,3
560,6207,8
561,6207,9
562,6207,10
563,6207,4
565,6207,4
566,6207,4
567,6207,2
569,6207,1
570,6207,3
571,6207,4
572,6207,4
573,6207,1
574,6207,1
575,6207,5
576,6207,2
577,6207,5
578,6207,8
579,6207,5
580,6207,1
581,6207,3
582,6207,1
584,6207,1
585,6207,2
587,6207,1
589,6207,1
590,6207,1
591,6207,1
592,6207,1
394,6208,3
395,6208,4
396,6208,2
397,6208,2
411,6208,1
412,6208,1
413,6208,6
414,6208,3
426,6208,1
427,6208,1
428,6208,1
429,6208,1
430,6208,1
431,6208,4
432,6208,5
433,6208,1
435,6208,2
436,6208,3
437,6208,20
438,6208,22
441,6208,2
442,6208,4
443,6208,5
444,6208,12
445,6208,9
446,6208,4
448,6208,5
449,6208,6
451,6208,4
452,6208,3
453,6208,2
454,6208,4
455,6208,27
456,6208,23
457,6208,8
458,6208,18
459,6208,5
460,6208,5
461,6208,2
462,6208,6
463,6208,15
464,6208,25
465,6208,31
466,6208,62
467,6208,44
468,6208,3
469,6208,11
470,6208,17
471,6208,2
473,6208,2
474,6208,1
477,6208,1
478,6208,2
479,6208,1
480,6208,5
481,6208,17
482,6208,4
483,6208,1
486,6208,1
487,6208,19
488,6208,24
489,6208,9
490,6208,3
491,6208,6
492,6208,3
493,6208,12
494,6208,8
495,6208,3
496,6208,1
499,6208,1
501,6208,1
502,6208,8
503,6208,26
504,6208,35
505,6208,47
506,6208,27
507,6208,16
508,6208,4
509,6208,3
510,6208,7
511,6208,95
512,6208,176
513,6208,208
514,6208,148
515,6208,37
516,6208,249
517,6208,275
518,6208,146
519,6208,6
520,6208,1
521,6208,2
522,6208,8
523,6208,48
524,6208,35
525,6208,32
526,6208,40
527,6208,91
528,6208,89
529,6208,50
530,6208,6
532,6208,1
533,6208,2
534,6208,4
535,6208,2
536,6208,5
537,6208,3
538,6208,2
541,6208,1
542,6208,2
543,6208,3
544,6208,19
545,6208,36
546,6208,41
547,6208,44
548,6208,28
549,6208,22
550,6208,17
551,6208,24
552,6208,38
553,6208,20
554,6208,18
555,6208,7
556,6208,15
557,6208,11
558,6208,11
559,6208,11
560,6208,6
561,6208,9
562,6208,4
563,6208,3
564,6208,4
565,6208,3
566,6208,6
567,6208,2
568,6208,1
569,6208,3
570,6208,4
571,6208,5
572,6208,4
573,6208,7
574,6208,7
575,6208,7
576,6208,2
577,6208,8
578,6208,8
579,6208,5
580,6208,2
581,6208,3
583,6208,1
584,6208,1
587,6208,1
592,6208,1
394,6209,1
395,6209,9
396,6209,4
397,6209,1
398,6209,2
410,6209,1
411,6209,2
412,6209,1
413,6209,3
414,6209,2
415,6209,1
425,6209,1
426,6209,2
427,6209,3
428,6209,4
429,6209,4
430,6209,4
431,6209,6
432,6209,9
433,6209,4
434,6209,1
436,6209,1
437,6209,7
438,6209,23
439,6209,1
441,6209,5
442,6209,3
443,6209,2
444,6209,4
445,6209,10
446,6209,10
447,6209,1
448,6209,6
449,6209,2
451,6209,4
452,6209,4
453,6209,14
454,6209,22
455,6209,11
456,6209,5
457,6209,4
458,6209,7
459,6209,4
460,6209,9
461,6209,8
462,6209,11
463,6209,8
464,6209,3
465,6209,3
466,6209,6
467,6209,8
468,6209,10
469,6209,18
470,6209,18
471,6209,4
477,6209,1
478,6209,1
479,6209,4
480,6209,12
481,6209,17
482,6209,2
483,6209,1
487,6209,26
488,6209,14
489,6209,1
490,6209,1
492,6209,1
493,6209,11
494,6209,11
495,6209,1
498,6209,1
499,6209,2
501,6209,1
502,6209,10
503,6209,14
504,6209,7
505,6209,11
506,6209,7
507,6209,13
508,6209,9
509,6209,13
510,6209,20
511,6209,136
512,6209,178
513,6209,114
514,6209,80
515,6209,21
516,6209,111
517,6209,181
518,6209,281
519,6209,39
520,6209,10
521,6209,53
522,6209,224
523,6209,230
524,6209,195
525,6209,161
526,6209,260
527,6209,355
528,6209,104
529,6209,146
530,6209,248
531,6209,190
532,6209,169
533,6209,184
534,6209,36
535,6209,4
536,6209,3
537,6209,1
539,6209,6
540,6209,32
541,6209,43
542,6209,22
543,6209,25
544,6209,15
545,6209,22
546,6209,36
547,6209,19
548,6209,27
549,6209,21
550,6209,22
551,6209,35
552,6209,33
553,6209,11
554,6209,8
555,6209,13
556,6209,24
557,6209,17
558,6209,20
559,6209,13
560,6209,8
561,6209,8
562,6209,5
563,6209,2
564,6209,1
565,6209,4
566,6209,4
567,6209,5
568,6209,6
569,6209,3
570,6209,5
571,6209,3
572,6209,4
573,6209,7
574,6209,16
575,6209,11
576,6209,6
577,6209,5
578,6209,1
580,6209,3
581,6209,3
582,6209,1
395,6210,5
396,6210,4
397,6210,1
398,6210,5
399,6210,2
412,6210,1
413,6210,1
415,6210,1
423,6210,1
425,6210,1
426,6210,2
429,6210,5
430,6210,6
431,6210,2
432,6210,11
433,6210,11
434,6210,11
435,6210,6
436,6210,4
437,6210,2
438,6210,3
439,6210,1
442,6210,1
443,6210,2
444,6210,6
445,6210,3
448,6210,2
450,6210,2
451,6210,3
452,6210,7
453,6210,9
454,6210,3
455,6210,11
456,6210,11
457,6210,3
459,6210,3
460,6210,2
461,6210,3
462,6210,4
463,6210,4
464,6210,3
465,6210,1
466,6210,2
467,6210,4
468,6210,5
469,6210,4
470,6210,3
471,6210,2
472,6210,1
475,6210,1
477,6210,1
479,6210,2
481,6210,1
482,6210,2
486,6210,2
487,6210,2
489,6210,3
490,6210,5
491,6210,3
492,6210,1
493,6210,6
494,6210,12
495,6210,17
496,6210,2
497,6210,3
498,6210,3
499,6210,4
500,6210,17
501,6210,4
502,6210,6
503,6210,10
504,6210,10
505,6210,2
506,6210,3
507,6210,8
508,6210,7
509,6210,10
510,6210,12
511,6210,41
512,6210,36
513,6210,3
514,6210,4
515,6210,8
516,6210,14
517,6210,17
518,6210,147
519,6210,22
520,6210,31
521,6210,135
522,6210,162
523,6210,40
524,6210,89
525,6210,245
526,6210,290
527,6210,422
528,6210,28
529,6210,153
530,6210,142
531,6210,72
532,6210,37
533,6210,232
534,6210,80
535,6210,16
536,6210,4
537,6210,7
538,6210,24
539,6210,70
540,6210,63
541,6210,60
542,6210,39
543,6210,34
544,6210,10
545,6210,9
546,6210,8
547,6210,12
548,6210,8
549,6210,3
550,6210,9
551,6210,5
552,6210,8
553,6210,6
554,6210,3
555,6210,4
556,6210,5
557,6210,7
558,6210,3
559,6210,4
560,6210,13
561,6210,11
562,6210,10
563,6210,10
564,6210,4
565,6210,1
566,6210,8
567,6210,5
568,6210,3
569,6210,4
570,6210,8
571,6210,5
572,6210,4
573,6210,6
574,6210,9
575,6210,10
576,6210,6
577,6210,2
578,6210,1
579,6210,1
581,6210,1
582,6210,1
590,6210,1
395,6211,4
396,6211,3
398,6211,5
399,6211,3
401,6211,4
402,6211,3
410,6211,1
411,6211,1
412,6211,4
413,6211,1
414,6211,2
415,6211,1
423,6211,3
425,6211,1
429,6211,9
430,6211,9
431,6211,2
432,6211,11
433,6211,6
434,6211,5
435,6211,3
436,6211,2
437,6211,1
438,6211,1
439,6211,2
440,6211,3
441,6211,1
442,6211,2
443,6211,1
444,6211,8
445,6211,4
446,6211,3
447,6211,1
450,6211,4
451,6211,50
452,6211,52
453,6211,51
454,6211,10
455,6211,3
456,6211,2
457,6211,4
458,6211,3
460,6211,2
464,6211,2
465,6211,6
466,6211,5
468,6211,1
469,6211,1
470,6211,1
471,6211,1
475,6211,1
477,6211,1
478,6211,1
479,6211,1
480,6211,4
481,6211,8
482,6211,15
483,6211,8
484,6211,6
485,6211,2
486,6211,1
487,6211,1
488,6211,4
489,6211,9
490,6211,5
491,6211,1
493,6211,1
494,6211,6
495,6211,5
496,6211,1
497,6211,3
498,6211,27
499,6211,78
500,6211,77
501,6211,30
502,6211,8
503,6211,25
504,6211,40
505,6211,15
506,6211,7
507,6211,8
508,6211,10
509,6211,9
510,6211,32
511,6211,44
512,6211,6
513,6211,2
514,6211,1
517,6211,5
518,6211,10
519,6211,1
520,6211,5
521,6211,10
522,6211,16
523,6211,30
524,6211,332
525,6211,326
526,6211,181
527,6211,176
528,6211,57
529,6211,140
530,6211,22
531,6211,10
532,6211,19
533,6211,57
534,6211,49
535,6211,33
536,6211,26
537,6211,37
538,6211,57
539,6211,69
540,6211,14
541,6211,12
542,6211,10
543,6211,10
544,6211,5
545,6211,4
546,6211,3
547,6211,7
548,6211,3
549,6211,3
550,6211,5
551,6211,3
552,6211,6
553,6211,4
554,6211,2
555,6211,2
556,6211,1
558,6211,2
559,6211,2
560,6211,6
561,6211,5
562,6211,4
563,6211,8
564,6211,16
565,6211,20
566,6211,18
567,6211,11
568,6211,11
569,6211,6
570,6211,9
571,6211,9
572,6211,6
573,6211,9
574,6211,13
575,6211,7
576,6211,2
577,6211,4
578,6211,6
579,6211,2
581,6211,1
385,6212,1
395,6212,4
396,6212,8
397,6212,5
398,6212,4
399,6212,3
400,6212,6
401,6212,5
406,6212,3
407,6212,7
408,6212,3
409,6212,2
410,6212,1
411,6212,5
412,6212,8
413,6212,2
414,6212,2
426,6212,1
427,6212,1
428,6212,7
429,6212,16
430,6212,7
432,6212,7
433,6212,19
434,6212,20
435,6212,5
436,6212,1
439,6212,1
441,6212,4
442,6212,1
443,6212,1
444,6212,13
445,6212,52
446,6212,41
447,6212,11
449,6212,2
450,6212,19
451,6212,49
452,6212,19
453,6212,29
454,6212,18
455,6212,6
457,6212,4
458,6212,4
459,6212,4
460,6212,4
461,6212,1
462,6212,2
464,6212,1
465,6212,3
466,6212,3
467,6212,4
468,6212,6
469,6212,1
475,6212,1
476,6212,1
477,6212,2
478,6212,6
479,6212,6
480,6212,9
481,6212,21
482,6212,18
483,6212,12
484,6212,10
485,6212,2
486,6212,2
487,6212,3
488,6212,4
489,6212,13
490,6212,8
494,6212,4
495,6212,3
497,6212,10
498,6212,83
499,6212,103
500,6212,46
501,6212,5
502,6212,2
503,6212,4
504,6212,26
505,6212,22
506,6212,2
507,6212,12
508,6212,9
509,6212,3
510,6212,13
511,6212,37
512,6212,21
513,6212,5
514,6212,1
517,6212,5
518,6212,16
519,6212,3
520,6212,1
521,6212,10
522,6212,18
523,6212,27
524,6212,40
525,6212,239
526,6212,162
527,6212,42
528,6212,84
529,6212,73
530,6212,51
531,6212,23
532,6212,21
533,6212,46
534,6212,102
535,6212,90
536,6212,91
537,6212,86
538,6212,47
539,6212,17
540,6212,9
541,6212,7
542,6212,4
543,6212,4
544,6212,1
545,6212,4
546,6212,6
547,6212,6
548,6212,3
549,6212,3
550,6212,2
551,6212,3
552,6212,1
553,6212,1
554,6212,2
555,6212,2
556,6212,1
559,6212,1
560,6212,1
561,6212,2
562,6212,2
563,6212,1
564,6212,7
565,6212,13
566,6212,7
567,6212,8
568,6212,6
569,6212,6
570,6212,6
571,6212,10
572,6212,8
573,6212,6
574,6212,3
575,6212,1
576,6212,1
577,6212,2
578,6212,1
597,6212,1
382,6213,1
385,6213,1
386,6213,1
396,6213,5
397,6213,2
398,6213,2
399,6213,4
400,6213,14
401,6213,13
402,6213,3
403,6213,2
404,6213,2
405,6213,10
406,6213,15
407,6213,7
410,6213,1
411,6213,10
412,6213,7
413,6213,2
414,6213,8
415,6213,4
416,6213,1
417,6213,2
418,6213,1
426,6213,1
427,6213,6
428,6213,13
429,6213,16
430,6213,4
432,6213,2
433,6213,18
434,6213,30
435,6213,13
436,6213,2
437,6213,1
438,6213,4
439,6213,11
440,6213,6
441,6213,1
442,6213,1
443,6213,2
444,6213,8
445,6213,37
446,6213,24
447,6213,18
448,6213,1
449,6213,2
450,6213,6
451,6213,21
452,6213,12
453,6213,7
454,6213,6
455,6213,2
457,6213,3
458,6213,12
459,6213,6
460,6213,7
461,6213,3
462,6213,2
466,6213,1
467,6213,6
468,6213,8
469,6213,1
474,6213,1
475,6213,1
476,6213,10
477,6213,7
478,6213,5
479,6213,3
480,6213,10
481,6213,14
483,6213,4
484,6213,7
485,6213,7
486,6213,3
487,6213,4
488,6213,4
489,6213,10
490,6213,19
491,6213,9
492,6213,3
493,6213,37
494,6213,56
495,6213,26
496,6213,15
497,6213,11
498,6213,18
499,6213,8
500,6213,3
501,6213,2
503,6213,1
504,6213,13
505,6213,6
506,6213,6
507,6213,8
508,6213,11
509,6213,1
510,6213,2
511,6213,4
512,6213,2
513,6213,2
514,6213,1
517,6213,1
518,6213,4
519,6213,4
520,6213,3
521,6213,5
523,6213,5
524,6213,12
525,6213,11
526,6213,8
527,6213,18
528,6213,38
529,6213,72
530,6213,85
531,6213,52
532,6213,17
533,6213,37
534,6213,55
535,6213,29
536,6213,15
537,6213,8
538,6213,12
539,6213,5
540,6213,4
541,6213,2
542,6213,1
543,6213,2
544,6213,1
545,6213,4
546,6213,6
547,6213,3
548,6213,4
551,6213,3
552,6213,1
554,6213,1
555,6213,1
558,6213,1
559,6213,1
562,6213,1
563,6213,2
564,6213,1
565,6213,1
567,6213,2
568,6213,1
569,6213,2
571,6213,2
572,6213,3
577,6213,1
379,6214,1
382,6214,1
386,6214,1
396,6214,3
397,6214,4
398,6214,7
399,6214,6
400,6214,6
401,6214,4
402,6214,5
403,6214,9
404,6214,7
405,6214,3
406,6214,4
408,6214,2
409,6214,20
410,6214,28
411,6214,24
412,6214,13
414,6214,5
415,6214,8
416,6214,3
417,6214,4
418,6214,2
423,6214,2
424,6214,3
425,6214,1
426,6214,5
427,6214,13
428,6214,3
434,6214,1
435,6214,14
436,6214,42
437,6214,40
438,6214,25
439,6214,23
440,6214,10
441,6214,3
446,6214,2
447,6214,2
448,6214,1
450,6214,4
451,6214,11
452,6214,14
453,6214,8
454,6214,4
455,6214,1
456,6214,1
457,6214,3
458,6214,6
459,6214,11
460,6214,15
461,6214,2
467,6214,2
468,6214,6
469,6214,2
472,6214,1
473,6214,1
474,6214,1
475,6214,3
476,6214,2
477,6214,6
478,6214,7
479,6214,12
480,6214,19
481,6214,13
482,6214,27
483,6214,26
484,6214,10
485,6214,6
486,6214,8
487,6214,11
488,6214,27
489,6214,50
490,6214,41
491,6214,27
492,6214,10
493,6214,21
494,6214,37
495,6214,10
496,6214,19
497,6214,18
498,6214,5
499,6214,8
500,6214,8
501,6214,2
502,6214,2
503,6214,2
504,6214,6
505,6214,5
506,6214,2
507,6214,3
508,6214,4
509,6214,1
510,6214,3
511,6214,1
515,6214,1
516,6214,2
518,6214,2
519,6214,3
520,6214,2
521,6214,1
522,6214,2
523,6214,3
524,6214,9
525,6214,11
526,6214,5
527,6214,9
528,6214,10
529,6214,47
530,6214,106
531,6214,27
532,6214,6
533,6214,11
534,6214,16
535,6214,9
536,6214,3
537,6214,8
538,6214,4
539,6214,1
540,6214,1
541,6214,1
542,6214,1
543,6214,1
544,6214,2
545,6214,2
546,6214,3
547,6214,1
548,6214,2
549,6214,2
550,6214,1
551,6214,2
554,6214,1
555,6214,1
556,6214,1
557,6214,1
400,6215,1
401,6215,4
402,6215,1
403,6215,2
404,6215,4
405,6215,7
406,6215,4
407,6215,5
408,6215,27
409,6215,16
410,6215,12
411,6215,8
412,6215,3
413,6215,3
414,6215,5
415,6215,8
416,6215,9
417,6215,2
423,6215,3
424,6215,4
425,6215,8
426,6215,11
427,6215,10
428,6215,2
429,6215,1
434,6215,1
435,6215,3
436,6215,40
437,6215,98
438,6215,118
439,6215,123
440,6215,27
441,6215,22
442,6215,23
443,6215,7
444,6215,3
445,6215,1
447,6215,1
449,6215,1
450,6215,2
451,6215,6
452,6215,4
453,6215,4
454,6215,7
455,6215,2
456,6215,1
457,6215,2
458,6215,2
459,6215,7
460,6215,22
461,6215,20
462,6215,3
464,6215,2
465,6215,1
467,6215,4
468,6215,8
469,6215,3
471,6215,2
472,6215,1
473,6215,7
474,6215,4
475,6215,2
476,6215,5
477,6215,10
478,6215,29
479,6215,35
480,6215,25
481,6215,11
482,6215,25
483,6215,17
484,6215,3
485,6215,6
486,6215,7
487,6215,9
488,6215,7
489,6215,26
490,6215,30
491,6215,24
492,6215,12
493,6215,5
494,6215,9
495,6215,5
496,6215,8
497,6215,6
498,6215,1
499,6215,2
500,6215,2
502,6215,1
503,6215,1
504,6215,5
505,6215,2
506,6215,5
507,6215,2
508,6215,3
509,6215,1
510,6215,2
511,6215,1
512,6215,1
515,6215,2
518,6215,3
519,6215,5
520,6215,2
521,6215,1
522,6215,1
524,6215,12
525,6215,18
526,6215,10
527,6215,8
528,6215,10
529,6215,13
530,6215,44
531,6215,21
532,6215,10
533,6215,3
534,6215,5
535,6215,4
536,6215,3
537,6215,2
539,6215,1
540,6215,1
541,6215,2
542,6215,1
543,6215,1
544,6215,1
545,6215,1
546,6215,3
547,6215,4
548,6215,3
549,6215,1
581,6215,1
582,6215,1
403,6216,8
404,6216,7
405,6216,4
406,6216,3
407,6216,3
408,6216,2
409,6216,3
410,6216,1
413,6216,1
414,6216,1
415,6216,9
416,6216,19
417,6216,4
418,6216,1
424,6216,2
425,6216,5
426,6216,6
427,6216,4
428,6216,4
435,6216,7
436,6216,19
437,6216,43
438,6216,26
439,6216,51
440,6216,84
441,6216,24
442,6216,20
443,6216,20
444,6216,10
445,6216,14
447,6216,1
449,6216,2
451,6216,2
452,6216,6
453,6216,4
454,6216,6
456,6216,3
457,6216,5
458,6216,3
459,6216,5
460,6216,35
461,6216,28
462,6216,55
463,6216,31
464,6216,8
465,6216,1
466,6216,1
467,6216,1
468,6216,6
469,6216,5
470,6216,2
471,6216,8
472,6216,21
473,6216,33
474,6216,58
475,6216,60
476,6216,22
477,6216,10
478,6216,12
479,6216,18
480,6216,21
481,6216,6
482,6216,25
483,6216,26
484,6216,11
485,6216,8
486,6216,5
487,6216,14
488,6216,7
489,6216,4
490,6216,6
491,6216,8
492,6216,5
493,6216,5
494,6216,2
496,6216,2
497,6216,1
499,6216,1
500,6216,2
501,6216,1
502,6216,1
504,6216,1
505,6216,3
506,6216,4
507,6216,4
508,6216,3
509,6216,2
510,6216,1
513,6216,1
514,6216,1
516,6216,2
517,6216,1
518,6216,1
519,6216,2
521,6216,2
522,6216,3
523,6216,2
524,6216,2
525,6216,2
526,6216,10
527,6216,9
528,6216,8
529,6216,10
530,6216,19
531,6216,24
532,6216,19
533,6216,9
534,6216,3
373,6217,1
374,6217,1
402,6217,9
403,6217,11
404,6217,8
405,6217,3
408,6217,1
409,6217,1
410,6217,2
411,6217,2
412,6217,1
415,6217,3
416,6217,9
417,6217,17
418,6217,26
419,6217,1
420,6217,1
422,6217,4
423,6217,7
424,6217,3
425,6217,1
427,6217,4
428,6217,1
429,6217,3
430,6217,2
434,6217,1
435,6217,4
436,6217,9
437,6217,12
438,6217,8
439,6217,2
440,6217,1
442,6217,1
444,6217,8
445,6217,25
446,6217,7
447,6217,1
451,6217,2
452,6217,2
453,6217,18
454,6217,12
455,6217,3
456,6217,5
457,6217,1
458,6217,6
459,6217,31
460,6217,28
461,6217,12
462,6217,54
463,6217,50
464,6217,12
465,6217,2
466,6217,1
467,6217,3
468,6217,2
469,6217,5
470,6217,10
471,6217,17
472,6217,17
473,6217,45
474,6217,34
475,6217,30
476,6217,17
477,6217,7
478,6217,6
479,6217,9
480,6217,8
481,6217,5
482,6217,5
483,6217,12
484,6217,8
485,6217,9
486,6217,2
487,6217,4
488,6217,12
489,6217,4
490,6217,4
491,6217,3
492,6217,2
493,6217,3
494,6217,2
496,6217,1
500,6217,1
504,6217,1
505,6217,1
506,6217,5
507,6217,3
508,6217,2
509,6217,1
510,6217,1
516,6217,1
519,6217,1
520,6217,3
521,6217,1
523,6217,2
524,6217,3
525,6217,3
526,6217,6
527,6217,6
528,6217,4
529,6217,4
530,6217,11
531,6217,17
532,6217,11
533,6217,4
534,6217,1
535,6217,1
536,6217,1
374,6218,1
401,6218,1
402,6218,3
403,6218,3
404,6218,4
405,6218,1
408,6218,1
409,6218,3
410,6218,1
412,6218,1
415,6218,4
416,6218,4
417,6218,25
418,6218,40
419,6218,3
420,6218,1
421,6218,1
422,6218,3
423,6218,2
424,6218,1
425,6218,2
426,6218,3
427,6218,5
428,6218,6
429,6218,3
430,6218,1
431,6218,9
432,6218,6
436,6218,4
437,6218,29
438,6218,20
439,6218,2
440,6218,1
444,6218,1
445,6218,3
446,6218,8
447,6218,4
448,6218,1
449,6218,1
450,6218,1
451,6218,2
452,6218,6
453,6218,28
454,6218,22
455,6218,3
456,6218,4
457,6218,20
458,6218,51
459,6218,43
460,6218,5
461,6218,7
462,6218,8
463,6218,40
464,6218,38
465,6218,7
466,6218,21
467,6218,18
468,6218,8
469,6218,15
470,6218,42
471,6218,33
472,6218,32
473,6218,14
474,6218,11
475,6218,4
476,6218,6
477,6218,1
486,6218,1
487,6218,1
488,6218,1
489,6218,1
490,6218,2
491,6218,1
497,6218,1
506,6218,2
507,6218,2
508,6218,1
520,6218,1
521,6218,1
522,6218,1
523,6218,2
524,6218,2
525,6218,1
529,6218,5
530,6218,4
531,6218,10
532,6218,11
533,6218,1
534,6218,1
536,6218,1
369,6219,1
400,6219,1
401,6219,3
402,6219,2
408,6219,1
409,6219,5
410,6219,3
411,6219,3
412,6219,4
413,6219,1
414,6219,6
415,6219,9
416,6219,4
417,6219,9
418,6219,32
419,6219,1
421,6219,1
422,6219,4
423,6219,20
424,6219,33
425,6219,36
426,6219,35
427,6219,56
428,6219,51
429,6219,52
430,6219,41
431,6219,58
432,6219,28
436,6219,24
437,6219,76
438,6219,40
439,6219,6
440,6219,1
441,6219,1
443,6219,1
450,6219,3
451,6219,8
452,6219,9
453,6219,26
454,6219,7
455,6219,5
456,6219,39
457,6219,68
458,6219,30
459,6219,25
460,6219,12
461,6219,4
462,6219,4
463,6219,15
464,6219,32
465,6219,37
466,6219,71
467,6219,54
468,6219,27
469,6219,22
470,6219,13
471,6219,11
472,6219,24
473,6219,6
474,6219,3
475,6219,2
476,6219,1
479,6219,1
489,6219,1
490,6219,1
491,6219,2
492,6219,1
495,6219,1
505,6219,1
506,6219,1
520,6219,2
521,6219,2
522,6219,1
523,6219,2
524,6219,2
525,6219,1
527,6219,1
528,6219,1
529,6219,3
530,6219,2
531,6219,7
532,6219,6
533,6219,1
534,6219,2
369,6220,1
400,6220,1
401,6220,10
402,6220,3
403,6220,2
408,6220,2
409,6220,2
410,6220,1
411,6220,3
412,6220,2
413,6220,3
414,6220,9
415,6220,5
417,6220,1
418,6220,15
419,6220,1
423,6220,4
424,6220,8
425,6220,14
426,6220,13
427,6220,21
428,6220,19
429,6220,15
430,6220,11
431,6220,7
432,6220,6
435,6220,3
436,6220,16
437,6220,13
438,6220,9
439,6220,16
440,6220,22
441,6220,7
442,6220,3
443,6220,10
444,6220,7
445,6220,5
451,6220,1
452,6220,12
453,6220,43
454,6220,38
455,6220,16
456,6220,45
457,6220,8
458,6220,5
459,6220,3
460,6220,10
461,6220,13
462,6220,15
463,6220,12
464,6220,9
465,6220,12
466,6220,21
467,6220,13
468,6220,4
469,6220,6
470,6220,4
471,6220,1
476,6220,1
489,6220,1
490,6220,1
491,6220,2
492,6220,2
502,6220,1
505,6220,2
506,6220,1
520,6220,1
522,6220,2
526,6220,1
527,6220,1
528,6220,2
529,6220,4
530,6220,4
531,6220,1
532,6220,5
533,6220,5
534,6220,1
365,6221,1
388,6221,1
389,6221,1
390,6221,3
391,6221,1
399,6221,5
400,6221,11
401,6221,13
402,6221,1
408,6221,2
413,6221,2
414,6221,12
415,6221,21
416,6221,14
417,6221,1
418,6221,3
419,6221,4
420,6221,1
421,6221,1
426,6221,1
428,6221,3
429,6221,8
430,6221,4
431,6221,4
435,6221,10
436,6221,5
437,6221,1
438,6221,2
439,6221,2
440,6221,4
441,6221,2
442,6221,1
443,6221,3
444,6221,19
445,6221,15
446,6221,9
447,6221,16
448,6221,38
449,6221,18
450,6221,3
451,6221,4
452,6221,18
453,6221,32
454,6221,24
455,6221,9
456,6221,1
458,6221,2
459,6221,2
460,6221,1
461,6221,3
465,6221,1
466,6221,2
467,6221,1
484,6221,1
489,6221,1
491,6221,1
492,6221,1
493,6221,1
504,6221,1
510,6221,1
511,6221,1
520,6221,1
521,6221,1
522,6221,1
530,6221,3
531,6221,1
532,6221,2
533,6221,2
365,6222,1
387,6222,1
388,6222,2
390,6222,1
391,6222,3
398,6222,1
399,6222,2
409,6222,1
410,6222,1
411,6222,1
413,6222,12
414,6222,20
415,6222,14
416,6222,5
417,6222,1
418,6222,2
419,6222,2
425,6222,2
427,6222,10
428,6222,11
429,6222,26
430,6222,15
431,6222,25
432,6222,5
434,6222,1
435,6222,15
436,6222,6
437,6222,2
438,6222,3
439,6222,3
440,6222,2
441,6222,8
442,6222,2
443,6222,1
444,6222,14
445,6222,14
446,6222,2
447,6222,14
448,6222,49
449,6222,45
450,6222,22
451,6222,4
452,6222,13
453,6222,6
454,6222,3
455,6222,2
456,6222,1
457,6222,1
458,6222,1
459,6222,1
460,6222,1
492,6222,1
493,6222,1
500,6222,1
504,6222,2
505,6222,1
506,6222,1
511,6222,1
520,6222,1
530,6222,1
532,6222,3
533,6222,2
534,6222,2
535,6222,1
387,6223,1
388,6223,1
391,6223,1
394,6223,1
395,6223,2
396,6223,2
397,6223,6
398,6223,7
399,6223,2
403,6223,2
409,6223,2
411,6223,3
412,6223,13
413,6223,24
414,6223,10
415,6223,2
416,6223,1
425,6223,1
426,6223,2
427,6223,28
428,6223,8
429,6223,4
430,6223,6
431,6223,28
432,6223,19
433,6223,2
435,6223,6
436,6223,3
437,6223,5
438,6223,5
439,6223,5
440,6223,1
441,6223,10
442,6223,3
443,6223,2
444,6223,23
445,6223,18
446,6223,3
447,6223,4
448,6223,5
449,6223,6
450,6223,2
451,6223,1
452,6223,4
453,6223,4
454,6223,3
488,6223,1
489,6223,1
490,6223,1
494,6223,1
495,6223,1
498,6223,1
516,6223,1
518,6223,1
530,6223,1
531,6223,1
532,6223,2
533,6223,1
534,6223,1
387,6224,1
388,6224,1
391,6224,1
392,6224,4
395,6224,5
396,6224,11
397,6224,11
398,6224,6
399,6224,2
402,6224,1
403,6224,1
408,6224,2
409,6224,8
410,6224,7
411,6224,12
412,6224,5
413,6224,8
420,6224,1
422,6224,1
423,6224,2
424,6224,1
425,6224,4
426,6224,8
427,6224,20
428,6224,4
429,6224,1
430,6224,1
431,6224,11
432,6224,7
433,6224,1
434,6224,2
435,6224,4
436,6224,3
437,6224,11
438,6224,8
439,6224,17
440,6224,4
441,6224,3
442,6224,3
443,6224,7
444,6224,9
445,6224,10
446,6224,9
447,6224,6
448,6224,3
450,6224,2
451,6224,2
452,6224,2
488,6224,1
489,6224,1
494,6224,1
495,6224,1
496,6224,1
512,6224,1
518,6224,1
532,6224,1
533,6224,1
371,6225,1
372,6225,1
374,6225,1
375,6225,1
376,6225,1
377,6225,1
379,6225,2
380,6225,2
391,6225,4
392,6225,6
394,6225,1
395,6225,16
396,6225,12
397,6225,7
398,6225,7
399,6225,6
400,6225,4
401,6225,1
402,6225,19
403,6225,14
404,6225,5
405,6225,6
406,6225,6
407,6225,15
408,6225,15
409,6225,17
410,6225,4
411,6225,1
413,6225,1
417,6225,7
418,6225,38
419,6225,32
420,6225,21
421,6225,14
422,6225,8
423,6225,25
424,6225,26
425,6225,31
426,6225,20
427,6225,2
428,6225,2
429,6225,1
430,6225,1
431,6225,11
432,6225,15
433,6225,4
434,6225,3
435,6225,2
436,6225,9
437,6225,28
438,6225,21
439,6225,19
440,6225,18
441,6225,5
442,6225,4
443,6225,7
444,6225,5
445,6225,5
446,6225,6
447,6225,3
450,6225,2
451,6225,2
510,6225,1
511,6225,1
514,6225,1
530,6225,1
531,6225,1
533,6225,1
368,6226,1
369,6226,1
370,6226,1
372,6226,1
374,6226,1
380,6226,1
392,6226,4
393,6226,9
394,6226,8
395,6226,10
396,6226,4
397,6226,4
398,6226,2
399,6226,8
400,6226,8
401,6226,6
402,6226,13
403,6226,5
404,6226,1
405,6226,3
406,6226,2
407,6226,6
408,6226,2
409,6226,2
410,6226,2
411,6226,2
413,6226,2
414,6226,7
415,6226,10
416,6226,25
417,6226,30
418,6226,22
419,6226,11
420,6226,22
421,6226,18
422,6226,6
423,6226,21
424,6226,18
425,6226,34
426,6226,36
427,6226,14
428,6226,7
429,6226,7
430,6226,9
431,6226,14
432,6226,25
433,6226,21
434,6226,6
435,6226,2
436,6226,8
437,6226,4
438,6226,6
439,6226,8
440,6226,13
441,6226,5
442,6226,3
443,6226,3
444,6226,2
445,6226,1
448,6226,1
493,6226,1
494,6226,1
511,6226,1
513,6226,1
514,6226,1
531,6226,3
532,6226,4
534,6226,1
351,6227,2
352,6227,2
368,6227,1
380,6227,1
384,6227,1
385,6227,1
386,6227,1
389,6227,1
390,6227,1
391,6227,3
392,6227,7
393,6227,11
394,6227,1
395,6227,2
397,6227,1
398,6227,1
402,6227,2
403,6227,1
409,6227,1
410,6227,2
411,6227,4
412,6227,14
413,6227,19
414,6227,14
415,6227,9
416,6227,2
417,6227,3
418,6227,2
419,6227,3
420,6227,1
421,6227,3
422,6227,1
424,6227,1
425,6227,1
426,6227,1
427,6227,3
428,6227,4
431,6227,1
433,6227,1
435,6227,1
438,6227,2
439,6227,1
440,6227,2
442,6227,1
443,6227,1
444,6227,1
445,6227,1
488,6227,1
489,6227,1
493,6227,1
494,6227,1
509,6227,1
510,6227,1
532,6227,1
533,6227,2
534,6227,1
351,6228,2
352,6228,1
379,6228,2
380,6228,2
381,6228,2
382,6228,2
383,6228,2
384,6228,1
385,6228,3
386,6228,7
387,6228,8
388,6228,5
389,6228,3
390,6228,1
391,6228,3
392,6228,3
393,6228,1
395,6228,1
396,6228,1
402,6228,3
403,6228,2
404,6228,1
407,6228,1
408,6228,1
409,6228,3
410,6228,6
411,6228,2
412,6228,10
413,6228,4
414,6228,3
416,6228,1
417,6228,1
419,6228,1
420,6228,1
427,6228,1
428,6228,1
434,6228,1
438,6228,1
439,6228,2
440,6228,1
441,6228,1
443,6228,1
492,6228,1
493,6228,1
533,6228,2
353,6229,4
354,6229,4
365,6229,1
366,6229,1
381,6229,1
382,6229,2
383,6229,1
385,6229,2
386,6229,4
387,6229,3
388,6229,1
389,6229,1
390,6229,1
391,6229,1
392,6229,1
400,6229,1
403,6229,1
404,6229,1
407,6229,2
408,6229,3
409,6229,5
410,6229,6
411,6229,4
414,6229,1
415,6229,1
416,6229,1
439,6229,1
489,6229,1
506,6229,1
534,6229,1
535,6229,1
351,6230,1
352,6230,1
354,6230,5
382,6230,1
383,6230,2
385,6230,1
390,6230,1
394,6230,1
400,6230,1
406,6230,1
408,6230,3
409,6230,2
410,6230,1
418,6230,1
419,6230,1
489,6230,1
490,6230,1
514,6230,1
534,6230,1
535,6230,1
538,6230,1
539,6230,1
354,6231,1
377,6231,1
383,6231,1
387,6231,1
388,6231,1
394,6231,1
395,6231,1
403,6231,2
404,6231,2
405,6231,3
406,6231,3
407,6231,2
408,6231,2
411,6231,1
412,6231,1
417,6231,1
418,6231,1
492,6231,1
493,6231,1
514,6231,1
515,6231,1
536,6231,1
537,6231,1
538,6231,1
539,6231,1
354,6232,4
355,6232,4
376,6232,1
377,6232,1
378,6232,1
379,6232,3
380,6232,2
384,6232,2
385,6232,2
393,6232,1
394,6232,1
396,6232,1
399,6232,2
400,6232,3
401,6232,3
404,6232,1
405,6232,1
406,6232,1
408,6232,1
409,6232,1
514,6232,1
516,6232,1
353,6233,2
354,6233,3
355,6233,3
356,6233,1
359,6233,1
360,6233,1
361,6233,1
374,6233,1
375,6233,1
377,6233,1
378,6233,2
379,6233,5
380,6233,4
381,6233,1
384,6233,1
385,6233,1
386,6233,1
393,6233,2
394,6233,2
396,6233,1
399,6233,1
400,6233,1
401,6233,5
402,6233,4
403,6233,1
404,6233,3
405,6233,2
406,6233,1
407,6233,1
408,6233,1
494,6233,1
516,6233,1
353,6234,1
354,6234,3
355,6234,2
356,6234,2
357,6234,2
358,6234,1
359,6234,1
360,6234,1
361,6234,1
374,6234,3
375,6234,3
376,6234,2
377,6234,1
386,6234,3
387,6234,2
388,6234,1
389,6234,1
393,6234,2
403,6234,1
404,6234,2
405,6234,1
411,6234,1
495,6234,1
496,6234,1
350,6235,2
352,6235,1
353,6235,2
354,6235,2
355,6235,2
357,6235,1
359,6235,1
360,6235,1
361,6235,1
373,6235,1
374,6235,2
383,6235,1
386,6235,3
387,6235,3
395,6235,1
396,6235,1
399,6235,1
400,6235,1
406,6235,2
407,6235,1
348,6236,1
349,6236,3
350,6236,7
351,6236,4
352,6236,3
353,6236,1
354,6236,1
357,6236,2
358,6236,1
359,6236,1
360,6236,1
361,6236,1
370,6236,2
371,6236,2
372,6236,1
373,6236,1
374,6236,1
399,6236,1
400,6236,1
406,6236,2
407,6236,1
408,6236,1
339,6237,1
340,6237,1
346,6237,1
347,6237,1
348,6237,5
349,6237,5
350,6237,7
351,6237,2
353,6237,1
355,6237,1
358,6237,1
359,6237,1
360,6237,2
361,6237,1
370,6237,1
371,6237,1
372,6237,1
373,6237,1
374,6237,1
375,6237,1
384,6237,1
385,6237,2
393,6237,1
395,6237,1
404,6237,1
406,6237,1
496,6237,1
497,6237,1
339,6238,1
340,6238,1
345,6238,1
346,6238,1
347,6238,2
348,6238,3
350,6238,4
351,6238,1
357,6238,1
358,6238,2
359,6238,1
368,6238,1
369,6238,2
370,6238,1
371,6238,1
374,6238,2
375,6238,2
377,6238,1
378,6238,1
379,6238,2
384,6238,1
385,6238,2
393,6238,1
401,6238,2
402,6238,1
403,6238,1
404,6238,1
497,6238,1
498,6238,1
499,6238,1
339,6239,1
342,6239,1
343,6239,1
347,6239,2
348,6239,2
349,6239,2
350,6239,1
351,6239,1
358,6239,1
359,6239,1
360,6239,1
364,6239,2
365,6239,2
367,6239,1
368,6239,2
369,6239,1
371,6239,2
373,6239,1
374,6239,1
379,6239,1
380,6239,1
383,6239,1
384,6239,1
385,6239,1
388,6239,2
389,6239,2
390,6239,1
396,6239,1
397,6239,1
398,6239,1
399,6239,1
402,6239,1
495,6239,1
496,6239,1
497,6239,1
498,6239,1
499,6239,1
500,6239,1
501,6239,1
346,6240,1
348,6240,2
360,6240,1
361,6240,1
364,6240,1
365,6240,2
369,6240,1
371,6240,1
372,6240,1
373,6240,1
382,6240,1
383,6240,1
392,6240,1
396,6240,1
398,6240,1
403,6240,1
347,6241,3
348,6241,2
349,6241,1
360,6241,1
361,6241,1
371,6241,1
372,6241,1
373,6241,1
384,6241,1
393,6241,1
347,6242,2
348,6242,4
356,6242,1
357,6242,1
370,6242,1
371,6242,1
372,6242,3
373,6242,2
374,6242,1
375,6242,1
384,6242,1
388,6242,1
389,6242,1
390,6242,1
391,6242,1
338,6243,1
343,6243,1
344,6243,1
349,6243,1
350,6243,1
356,6243,1
357,6243,1
358,6243,1
362,6243,1
364,6243,1
365,6243,1
367,6243,1
369,6243,1
370,6243,1
372,6243,2
373,6243,1
377,6243,2
378,6243,1
379,6243,2
380,6243,1
382,6243,1
383,6243,1
384,6243,1
388,6243,1
343,6244,1
344,6244,1
345,6244,1
349,6244,1
351,6244,1
358,6244,1
359,6244,1
362,6244,2
363,6244,1
364,6244,1
365,6244,1
366,6244,1
367,6244,1
368,6244,2
369,6244,2
370,6244,3
371,6244,1
372,6244,1
373,6244,1
379,6244,2
382,6244,1
388,6244,1
339,6245,1
343,6245,1
344,6245,3
345,6245,3
351,6245,1
358,6245,1
359,6245,1
360,6245,1
361,6245,2
362,6245,2
363,6245,2
364,6245,1
367,6245,1
368,6245,1
369,6245,1
370,6245,1
374,6245,1
375,6245,1
381,6245,1
382,6245,2
383,6245,1
343,6246,4
344,6246,3
351,6246,1
359,6246,3
360,6246,2
361,6246,1
363,6246,1
364,6246,1
367,6246,1
373,6246,1
374,6246,2
375,6246,1
380,6246,1
343,6247,1
344,6247,3
345,6247,1
347,6247,1
348,6247,1
358,6247,1
359,6247,2
360,6247,2
361,6247,1
364,6247,2
366,6247,1
367,6247,2
368,6247,1
374,6247,1
379,6247,2
380,6247,1
347,6248,1
348,6248,1
355,6248,1
358,6248,1
359,6248,1
360,6248,3
361,6248,1
363,6248,2
364,6248,1
365,6248,1
366,6248,1
367,6248,2
368,6248,1
373,6248,1
374,6248,1
375,6248,1
376,6248,1
377,6248,1
379,6248,1
355,6249,4
356,6249,4
357,6249,1
359,6249,2
360,6249,2
362,6249,1
364,6249,1
370,6249,1
373,6249,1
374,6249,2
377,6249,2
378,6249,2
345,6250,3
346,6250,1
354,6250,1
355,6250,2
358,6250,2
359,6250,1
360,6250,1
361,6250,1
362,6250,2
363,6250,2
364,6250,2
367,6250,1
369,6250,3
370,6250,2
371,6250,1
372,6250,1
373,6250,1
375,6250,1
376,6250,1
346,6251,1
354,6251,1
355,6251,2
356,6251,3
358,6251,1
359,6251,2
360,6251,2
361,6251,2
362,6251,2
363,6251,4
364,6251,2
365,6251,1
367,6251,1
368,6251,1
369,6251,2
370,6251,2
371,6251,1
374,6251,1
342,6252,2
343,6252,1
344,6252,2
345,6252,3
346,6252,3
347,6252,2
349,6252,1
351,6252,1
352,6252,3
354,6252,4
355,6252,2
358,6252,3
359,6252,3
360,6252,2
362,6252,1
365,6252,2
366,6252,1
367,6252,3
368,6252,1
369,6252,1
372,6252,1
374,6252,1
341,6253,1
342,6253,4
343,6253,2
344,6253,1
345,6253,1
346,6253,2
347,6253,2
348,6253,2
349,6253,3
350,6253,4
351,6253,11
352,6253,13
353,6253,6
354,6253,2
355,6253,2
356,6253,2
357,6253,2
358,6253,2
359,6253,1
364,6253,2
365,6253,1
366,6253,1
367,6253,3
368,6253,2
369,6253,1
329,6254,1
341,6254,1
342,6254,3
343,6254,1
345,6254,2
346,6254,1
347,6254,1
348,6254,5
349,6254,5
350,6254,3
351,6254,3
352,6254,4
353,6254,5
354,6254,2
355,6254,3
356,6254,2
363,6254,1
364,6254,1
365,6254,1
366,6254,1
367,6254,1
368,6254,1
369,6254,1
329,6255,1
339,6255,1
340,6255,1
341,6255,1
342,6255,1
345,6255,1
346,6255,3
347,6255,3
348,6255,4
350,6255,1
351,6255,5
352,6255,2
353,6255,1
354,6255,2
355,6255,3
356,6255,1
357,6255,2
358,6255,1
359,6255,2
360,6255,1
361,6255,3
362,6255,1
364,6255,1
365,6255,1
369,6255,1
329,6256,1
335,6256,1
336,6256,1
343,6256,1
344,6256,1
345,6256,1
346,6256,1
347,6256,1
348,6256,1
349,6256,1
351,6256,3
352,6256,3
353,6256,1
354,6256,1
355,6256,2
356,6256,2
357,6256,2
358,6256,1
359,6256,2
360,6256,1
361,6256,1
362,6256,1
363,6256,1
364,6256,2
329,6257,1
346,6257,1
347,6257,1
348,6257,2
349,6257,1
350,6257,1
351,6257,3
352,6257,3
353,6257,1
354,6257,1
355,6257,1
356,6257,1
358,6257,1
361,6257,1
362,6257,1
348,6258,1
350,6258,1
351,6258,2
353,6258,2
354,6258,2
348,6259,1
349,6259,1
353,6259,1
326,6260,1
328,6260,1
324,6261,1
326,6261,1
328,6261,1
324,6262,1
627,6264,1
628,6264,1
