discipline,circuit_type,altitude_band,control,lag_s,mean_m2,n_flights,n_clusters,pointwise_95_low_m2,pointwise_95_high_m2
paragliders,open,Plains,available segments,10.0,10223.19523677973,7626,4710,10126.186880367777,10320.660965713538
paragliders,open,Plains,available segments,11.0,12265.171790404758,7626,4710,12144.150676272358,12390.67446005443
paragliders,open,Plains,available segments,12.0,13712.06168597917,7626,4710,13568.378766964192,13858.558060691705
paragliders,open,Plains,available segments,14.0,18817.024551997394,7626,4710,18619.623671003515,19015.354271315977
paragliders,open,Plains,available segments,16.0,23557.869009803617,7626,4710,23298.393325600948,23819.98483899407
paragliders,open,Plains,available segments,18.0,29693.13252983312,7626,4710,29373.139492527924,30023.356677489614
paragliders,open,Plains,available segments,20.0,34770.196158504645,7626,4710,34376.559433805196,35158.13355221875
paragliders,open,Plains,available segments,23.0,45353.769930668735,7626,4710,44832.59383679155,45894.36795455187
paragliders,open,Plains,available segments,25.0,50369.3391584138,7626,4710,49761.83604733113,50978.13403569235
paragliders,open,Plains,available segments,29.0,68258.63556453367,7626,4710,67427.26691547385,69096.9135592592
paragliders,open,Plains,available segments,32.0,79925.62647123083,7626,4710,78916.10207814227,80933.1832770279
paragliders,open,Plains,available segments,37.0,104964.0219178322,7626,4710,103631.52443587455,106346.97852569014
paragliders,open,Plains,available segments,41.0,127629.79638692223,7626,4710,125989.80361627381,129325.77408763871
paragliders,open,Plains,available segments,46.0,159992.16194532387,7626,4710,157893.78575930797,162166.12035065127
paragliders,open,Plains,available segments,52.0,198373.62412914715,7625,4710,195721.40444694724,201105.62431835145
paragliders,open,Plains,available segments,59.0,257532.8526865429,7623,4709,254085.009308806,261105.87674242433
paragliders,open,Plains,available segments,67.0,323554.76844169566,7623,4709,319114.9015450896,328109.69930457906
paragliders,open,Plains,available segments,75.0,404161.7579315386,7623,4709,398552.8484954568,409920.6032331623
paragliders,open,Plains,available segments,85.0,504516.32891860197,7622,4708,497417.20426115283,511803.17107449
paragliders,open,Plains,available segments,95.0,631867.8852521593,7621,4707,622883.7415023961,641138.5947764768
paragliders,open,Plains,available segments,107.0,785846.3274327916,7619,4706,774453.8852738864,797461.1457528096
paragliders,open,Plains,available segments,121.0,986103.0674843234,7619,4706,971630.8950333255,1000907.0767009336
paragliders,open,Plains,available segments,137.0,1250391.0598362722,7618,4705,1231669.545718816,1269306.8024263012
paragliders,open,Plains,available segments,154.0,1559493.6546617039,7617,4704,1536306.557953856,1583669.5451233534
paragliders,open,Plains,available segments,174.0,1965644.27740547,7612,4701,1935743.0784552966,1996012.7406786508
paragliders,open,Plains,available segments,196.0,2459231.563169452,7610,4699,2421150.9927757527,2497413.882002872
paragliders,open,Plains,available segments,221.0,3076881.4863833976,7610,4699,3028531.742112121,3125703.7269713744
paragliders,open,Plains,available segments,249.0,3856818.4267476806,7609,4699,3795740.609865333,3918574.1420309483
paragliders,open,Plains,available segments,281.0,4826791.30400927,7609,4699,4749605.991979159,4905392.250913408
paragliders,open,Plains,available segments,316.0,6020736.595490933,7604,4695,5924048.16781602,6119403.403502759
paragliders,open,Plains,available segments,357.0,7553970.507918793,7600,4692,7430081.488605356,7680276.413234673
paragliders,open,Plains,available segments,402.0,9417446.38277938,7596,4692,9261943.34158422,9576642.528522013
paragliders,open,Plains,available segments,453.0,11794784.512284713,7592,4690,11598811.535856292,11994900.215156736
paragliders,open,Plains,available segments,511.0,14766134.826732887,7591,4690,14516107.165067183,15018494.578397255
paragliders,open,Plains,available segments,576.0,18478123.34508583,7588,4688,18157925.10496489,18798577.573163383
paragliders,open,Plains,available segments,649.0,23117131.715559665,7587,4687,22710965.542309,23520332.352278892
paragliders,open,Plains,available segments,732.0,28969119.105231687,7584,4686,28452245.57731123,29487162.915476687
paragliders,open,Plains,available segments,825.0,36308247.47362925,7578,4681,35657046.317969196,36960203.1412811
paragliders,open,Plains,available segments,931.0,45662529.43927285,7575,4679,44837577.48715367,46496863.13786506
paragliders,open,Plains,available segments,1049.0,57320782.75834031,7566,4677,56276660.939640656,58392075.04204535
paragliders,open,Plains,available segments,1183.0,72094791.50048247,7559,4674,70756425.93501526,73458600.04141471
paragliders,open,Plains,available segments,1334.0,90646045.75836988,7460,4619,88955460.90933238,92408198.63795649
paragliders,open,Plains,available segments,1504.0,113793179.2616185,7252,4506,111572271.9966327,116053276.2002911
paragliders,open,Plains,available segments,1695.0,143775549.8807801,7008,4365,140857351.56198645,146684029.15027392
paragliders,open,Plains,available segments,1911.0,181875120.95365116,6688,4187,178030854.2748061,185758510.88731825
paragliders,open,Plains,available segments,2155.0,232270333.31532562,6289,3965,227217341.2107655,237526515.33590186
paragliders,open,Plains,available segments,2429.0,297568084.1507977,5869,3726,290851006.9541863,304547756.4607661
paragliders,open,Plains,available segments,2739.0,381781440.3945997,5364,3451,372536293.3911561,391092581.1292757
paragliders,open,Plains,available segments,3088.0,492417753.88566357,4855,3151,480146550.8932422,504811366.20096904
paragliders,open,Plains,available segments,3481.0,639600539.1760027,4289,2815,623039804.4193622,656080660.6443603
paragliders,open,Plains,available segments,3925.0,839191821.7745084,3699,2439,816397140.0485505,862680347.0073986
paragliders,open,Plains,available segments,4425.0,1090499194.5192673,3140,2083,1058938072.896664,1122386364.850896
paragliders,open,Plains,available segments,4989.0,1429450647.7113283,2601,1747,1385534557.15107,1472705243.0177743
paragliders,open,Plains,available segments,5624.0,1864572404.247284,2123,1421,1803839811.7045643,1928340143.870088
paragliders,open,Plains,available segments,6341.0,2449999577.707497,1622,1107,2358925165.360343,2546088096.722471
paragliders,open,Plains,available segments,7149.0,3297988243.679354,1133,806,3150199774.801341,3452264871.988713
paragliders,open,Plains,available segments,8059.0,4494162699.555917,807,598,4268140851.5626965,4734845501.049204
paragliders,open,Plains,available segments,9086.0,6101912183.718636,548,410,5740531114.298369,6488333517.171635
paragliders,open,Plains,available segments,10000.0,7740828802.7410145,393,296,7245588115.31905,8257843143.074643
paragliders,open,Plains,fixed long segments,10.0,13499.975897791428,393,296,13011.79048806871,14021.667492066965
paragliders,open,Plains,fixed long segments,11.0,15894.6793980101,393,296,15289.004061457155,16554.0860575284
paragliders,open,Plains,fixed long segments,12.0,18032.991926586354,393,296,17316.09061956403,18808.895110226455
paragliders,open,Plains,fixed long segments,14.0,24926.916820729963,393,296,23915.91514628669,25986.707916621453
paragliders,open,Plains,fixed long segments,16.0,32041.34968889154,393,296,30714.102003601543,33381.07810150251
paragliders,open,Plains,fixed long segments,18.0,40742.79365458015,393,296,39066.500734522306,42434.03004986858
paragliders,open,Plains,fixed long segments,20.0,47751.482754850505,393,296,45741.11906711504,49832.444357827546
paragliders,open,Plains,fixed long segments,23.0,62804.677379035464,393,296,60072.72465800995,65624.84590270201
paragliders,open,Plains,fixed long segments,25.0,70648.85608500318,393,296,67553.00486863927,73970.41977348799
paragliders,open,Plains,fixed long segments,29.0,97176.92499105439,393,296,92902.12636992135,101652.75711737586
paragliders,open,Plains,fixed long segments,32.0,113545.70860170166,393,296,108443.19620699632,119002.50129846694
paragliders,open,Plains,fixed long segments,37.0,151657.07563016858,393,296,144681.87560650404,158986.07056479654
paragliders,open,Plains,fixed long segments,41.0,184605.8457279739,393,296,176227.03127091,193552.19882509578
paragliders,open,Plains,fixed long segments,46.0,232774.4715927163,393,296,222057.30491271458,243911.0420869419
paragliders,open,Plains,fixed long segments,52.0,289491.10524013994,393,296,276035.98438397166,304051.40947663237
paragliders,open,Plains,fixed long segments,59.0,377427.25995944656,393,296,359834.6500235909,395806.4805735333
paragliders,open,Plains,fixed long segments,67.0,476684.68956743,393,296,454121.6163721984,500512.4442372672
paragliders,open,Plains,fixed long segments,75.0,598250.9782124682,393,296,569613.0916341151,627963.7984237169
paragliders,open,Plains,fixed long segments,85.0,750354.7021509224,393,296,714471.5252469693,789206.7063970612
paragliders,open,Plains,fixed long segments,95.0,942213.3444258906,393,296,896273.180057914,990039.0999230077
paragliders,open,Plains,fixed long segments,107.0,1175166.3209685115,393,296,1117867.0084063332,1236389.6944029068
paragliders,open,Plains,fixed long segments,121.0,1482473.903307888,393,296,1409193.2919391731,1560375.0619174016
paragliders,open,Plains,fixed long segments,137.0,1885668.2480120866,393,296,1791811.6708219217,1985976.2616041924
paragliders,open,Plains,fixed long segments,154.0,2357621.455629771,393,296,2240032.9163051685,2484456.087848496
paragliders,open,Plains,fixed long segments,174.0,2978331.528983779,393,296,2828602.233109163,3139448.8430181895
paragliders,open,Plains,fixed long segments,196.0,3740815.4633826334,393,296,3549081.2516008853,3945348.9749092013
paragliders,open,Plains,fixed long segments,221.0,4691691.099514949,393,296,4449160.326958895,4953457.429701463
paragliders,open,Plains,fixed long segments,249.0,5899331.712348918,393,296,5591264.826393537,6227889.824059483
paragliders,open,Plains,fixed long segments,281.0,7401181.850986005,393,296,7010016.589825059,7821967.831007977
paragliders,open,Plains,fixed long segments,316.0,9257742.958015267,393,296,8762822.116640177,9785063.540780386
paragliders,open,Plains,fixed long segments,357.0,11650156.48711832,393,296,11020929.630879903,12326561.679120135
paragliders,open,Plains,fixed long segments,402.0,14565494.816873409,393,296,13772786.532880431,15422971.983678142
paragliders,open,Plains,fixed long segments,453.0,18297313.169529263,393,296,17294404.680905025,19381803.20616228
paragliders,open,Plains,fixed long segments,511.0,22961024.425652035,393,296,21692156.486880578,24339285.675596125
paragliders,open,Plains,fixed long segments,576.0,28843506.999920484,393,296,27233421.751755264,30589707.41373838
paragliders,open,Plains,fixed long segments,649.0,36190400.14527672,393,296,34155598.08050963,38402368.39120225
paragliders,open,Plains,fixed long segments,732.0,45471050.39798028,393,296,42880767.28480525,48260233.92405946
paragliders,open,Plains,fixed long segments,825.0,57177480.14297074,393,296,53903208.11937326,60730351.94070934
paragliders,open,Plains,fixed long segments,931.0,72129040.13390586,393,296,67945786.513764,76643001.4856828
paragliders,open,Plains,fixed long segments,1049.0,90845913.44354326,393,296,85530012.6108211,96575567.7010532
paragliders,open,Plains,fixed long segments,1183.0,114604042.81027354,393,296,107818304.86278124,121874270.6903735
paragliders,open,Plains,fixed long segments,1334.0,144673219.50540712,393,296,136006665.62502745,153901537.6449435
paragliders,open,Plains,fixed long segments,1504.0,182739527.79723284,393,296,171717700.7562282,194464535.10095683
paragliders,open,Plains,fixed long segments,1695.0,230940636.1994275,393,296,216924741.18286094,245871889.31235293
paragliders,open,Plains,fixed long segments,1911.0,291996345.52624047,393,296,274289493.1796722,310917405.5977181
paragliders,open,Plains,fixed long segments,2155.0,369931693.09494275,393,296,347344263.5389753,393980189.37589705
paragliders,open,Plains,fixed long segments,2429.0,468270685.7138995,393,296,439498194.35843736,498799971.55065316
paragliders,open,Plains,fixed long segments,2739.0,593580212.7581106,393,296,556844855.9050443,632307550.3061757
paragliders,open,Plains,fixed long segments,3088.0,752591487.1041666,393,296,705752816.528856,801692756.7976178
paragliders,open,Plains,fixed long segments,3481.0,953798000.3139313,393,296,894136657.77784,1016470602.0036333
paragliders,open,Plains,fixed long segments,3925.0,1210151447.759383,393,296,1134142943.6014264,1290227570.7825463
paragliders,open,Plains,fixed long segments,4425.0,1535294971.9702609,393,296,1438811931.3980703,1637735399.1290107
paragliders,open,Plains,fixed long segments,4989.0,1948392372.6548982,393,296,1824967918.1528645,2078168827.8477287
paragliders,open,Plains,fixed long segments,5624.0,2471264198.5416665,393,296,2314480141.0222006,2636515467.8470154
paragliders,open,Plains,fixed long segments,6341.0,3136505897.3530536,393,296,2938150339.8579783,3346066308.5640273
paragliders,open,Plains,fixed long segments,7149.0,3980589117.62834,393,296,3728652174.5874877,4246859710.0563717
paragliders,open,Plains,fixed long segments,8059.0,5048698233.452291,393,296,4728464110.782206,5387994105.848989
paragliders,open,Plains,fixed long segments,9086.0,6403686266.477895,393,296,5997338987.882942,6833188973.942697
paragliders,open,Plains,fixed long segments,10000.0,7740828802.7410145,393,296,7245588115.31905,8257843143.074643
paragliders,open,Hills,available segments,10.0,9552.350743528883,11818,8541,9477.442255270296,9625.109963223525
paragliders,open,Hills,available segments,11.0,11536.441120417958,11818,8541,11446.489439637488,11630.117923027625
paragliders,open,Hills,available segments,12.0,12878.377109543584,11818,8541,12774.999911710476,12983.27767646017
paragliders,open,Hills,available segments,14.0,17647.222743001952,11818,8541,17496.448023069715,17796.790531053826
paragliders,open,Hills,available segments,16.0,21790.284398668326,11818,8541,21598.6687529761,21973.823933298783
paragliders,open,Hills,available segments,18.0,27485.587689385662,11818,8541,27231.75477027123,27724.813719381687
paragliders,open,Hills,available segments,20.0,32415.52809236953,11818,8541,32118.85098972851,32713.06128078365
paragliders,open,Hills,available segments,23.0,42382.35827423384,11818,8541,41976.117968663224,42798.91892129997
paragliders,open,Hills,available segments,25.0,47191.12759668334,11818,8541,46744.48187351134,47648.3261937437
paragliders,open,Hills,available segments,29.0,63513.88616658407,11818,8541,62894.99599705358,64145.58216000581
paragliders,open,Hills,available segments,32.0,74866.0333487325,11818,8541,74127.339984735,75626.747022644
paragliders,open,Hills,available segments,37.0,97748.15095391836,11818,8541,96753.38841427487,98744.93972974119
paragliders,open,Hills,available segments,41.0,119232.74356215526,11818,8541,118014.66829153156,120494.93152743598
paragliders,open,Hills,available segments,46.0,148889.62387939388,11818,8541,147336.90037589602,150450.28753880874
paragliders,open,Hills,available segments,52.0,185377.8200736221,11817,8540,183457.03041133948,187341.93556354186
paragliders,open,Hills,available segments,59.0,239847.51770861616,11814,8538,237279.106388995,242490.10997141284
paragliders,open,Hills,available segments,67.0,301091.9221425176,11813,8537,297865.7085560742,304383.95242016
paragliders,open,Hills,available segments,75.0,375266.5316657741,11812,8536,371132.5251110907,379434.2947021524
paragliders,open,Hills,available segments,85.0,469483.77219116513,11812,8536,464278.20814248937,474832.33553020324
paragliders,open,Hills,available segments,95.0,585604.1265619431,11810,8534,579038.8019570095,592385.8524709614
paragliders,open,Hills,available segments,107.0,728331.5895419643,11805,8530,720007.5810827599,736920.5588996913
paragliders,open,Hills,available segments,121.0,912941.7001691011,11805,8530,902389.2617245056,923877.1413516059
paragliders,open,Hills,available segments,137.0,1154719.2045300726,11799,8526,1141103.933655797,1168876.352358431
paragliders,open,Hills,available segments,154.0,1438829.6300328334,11793,8523,1421677.5360136689,1456766.4404308104
paragliders,open,Hills,available segments,174.0,1809854.2968440123,11791,8522,1787866.817470691,1832837.379684177
paragliders,open,Hills,available segments,196.0,2257024.723758018,11790,8521,2228987.2446707888,2286040.7997534345
paragliders,open,Hills,available segments,221.0,2819544.079841316,11788,8519,2784279.8931768704,2856495.9399436167
paragliders,open,Hills,available segments,249.0,3525119.8914990653,11783,8514,3480317.367482219,3571250.598014298
paragliders,open,Hills,available segments,281.0,4401898.318031053,11779,8513,4345477.244368597,4460835.143084739
paragliders,open,Hills,available segments,316.0,5474478.027250042,11773,8509,5402837.65719787,5548258.295303974
paragliders,open,Hills,available segments,357.0,6852042.25712789,11772,8508,6760418.688475332,6946103.5265372135
paragliders,open,Hills,available segments,402.0,8530148.637438437,11766,8503,8413682.545269676,8649617.779433561
paragliders,open,Hills,available segments,453.0,10645017.85097411,11759,8498,10496531.029744102,10798314.93487378
paragliders,open,Hills,available segments,511.0,13286738.529498406,11755,8495,13096122.730648587,13478181.514748387
paragliders,open,Hills,available segments,576.0,16569962.039725589,11750,8494,16326197.52324203,16814070.654752847
paragliders,open,Hills,available segments,649.0,20662133.43415831,11748,8493,20351991.587826148,20970297.68073199
paragliders,open,Hills,available segments,732.0,25801888.69100896,11741,8489,25407579.858187735,26198118.51522549
paragliders,open,Hills,available segments,825.0,32229455.45054736,11731,8482,31722117.82812005,32739690.49689855
paragliders,open,Hills,available segments,931.0,40335958.186522804,11705,8467,39701695.85912545,40986383.85308669
paragliders,open,Hills,available segments,1049.0,50383781.01583527,11689,8454,49574645.092386864,51202754.88912546
paragliders,open,Hills,available segments,1183.0,63069821.281680934,11673,8445,62038214.732442185,64108028.12199684
paragliders,open,Hills,available segments,1334.0,78541598.80012196,11506,8333,77224870.33359317,79874693.90633819
paragliders,open,Hills,available segments,1504.0,97763153.04773767,11228,8133,96075009.98470499,99545586.47271493
paragliders,open,Hills,available segments,1695.0,122126829.81890854,10862,7893,119920289.85315157,124380699.01458988
paragliders,open,Hills,available segments,1911.0,152739846.81272206,10384,7565,149830372.19829893,155748084.08795094
paragliders,open,Hills,available segments,2155.0,192187899.0220576,9791,7176,188366557.01872456,196049241.07649678
paragliders,open,Hills,available segments,2429.0,242258351.16629174,9116,6715,237135117.52457663,247500244.44878954
paragliders,open,Hills,available segments,2739.0,308278571.1406159,8341,6193,301249003.39468294,315191252.5408208
paragliders,open,Hills,available segments,3088.0,392202185.1926744,7383,5522,382758788.4226898,401439644.35338277
paragliders,open,Hills,available segments,3481.0,504398123.52206075,6417,4850,490948423.523436,517631715.106946
paragliders,open,Hills,available segments,3925.0,655073989.9281291,5461,4163,636595335.0134478,672405610.7280754
paragliders,open,Hills,available segments,4425.0,856585466.9478432,4528,3508,830662299.9869711,881594884.6750674
paragliders,open,Hills,available segments,4989.0,1138929663.675159,3547,2767,1101724627.624086,1176715666.6961083
paragliders,open,Hills,available segments,5624.0,1530040145.727996,2696,2126,1472922243.4050937,1586682736.4528427
paragliders,open,Hills,available segments,6341.0,2089799316.3632517,1984,1573,2004257642.739794,2177919250.9230423
paragliders,open,Hills,available segments,7149.0,2868743784.828036,1350,1092,2734071276.4810233,3008595012.3836265
paragliders,open,Hills,available segments,8059.0,3947423530.0209336,915,743,3746513053.293016,4168634075.2255945
paragliders,open,Hills,available segments,9086.0,5643870241.677258,598,488,5308192499.770106,5987528706.247592
paragliders,open,Hills,available segments,10000.0,7613746176.896882,417,343,7097450186.255091,8117157395.506821
paragliders,open,Hills,fixed long segments,10.0,13630.484167743929,417,343,13133.467299557611,14109.632860844144
paragliders,open,Hills,fixed long segments,11.0,16357.076710506595,417,343,15731.07744536148,16969.176734564815
paragliders,open,Hills,fixed long segments,12.0,18338.428011887365,417,343,17611.167032347414,19064.986409161997
paragliders,open,Hills,fixed long segments,14.0,25702.37261245691,417,343,24702.045841245297,26683.586460839608
paragliders,open,Hills,fixed long segments,16.0,32268.56395898906,417,343,30951.491023864728,33553.51542113962
paragliders,open,Hills,fixed long segments,18.0,41374.54055895908,417,343,39687.89530840735,43027.69414170538
paragliders,open,Hills,fixed long segments,20.0,48861.7826949378,417,343,46881.2105958752,50803.604454400374
paragliders,open,Hills,fixed long segments,23.0,64843.66559408723,417,343,62143.89384406601,67461.19247982124
paragliders,open,Hills,fixed long segments,25.0,72468.91716782824,417,343,69400.74383993863,75446.35395039136
paragliders,open,Hills,fixed long segments,29.0,99158.42721447842,417,343,94891.1643338876,103283.16802759413
paragliders,open,Hills,fixed long segments,32.0,116542.33063549161,417,343,111487.47749120148,121438.61723758637
paragliders,open,Hills,fixed long segments,37.0,154241.5531231265,417,343,147448.0324033415,160830.0977394547
paragliders,open,Hills,fixed long segments,41.0,189109.66447467025,417,343,180741.0090640046,197135.75188588572
paragliders,open,Hills,fixed long segments,46.0,237833.04444881596,417,343,227329.24257536704,248074.9582474994
paragliders,open,Hills,fixed long segments,52.0,297171.3230759143,417,343,283866.5050284039,309867.20601038204
paragliders,open,Hills,fixed long segments,59.0,387665.35941247,417,343,370403.07647260657,404301.77437722526
paragliders,open,Hills,fixed long segments,67.0,488406.63494829135,417,343,466156.3089713068,509707.05484783795
paragliders,open,Hills,fixed long segments,75.0,612723.3537170264,417,343,584677.05182581,639867.2711260975
paragliders,open,Hills,fixed long segments,85.0,770338.4917565947,417,343,735060.4184956715,804399.7090333635
paragliders,open,Hills,fixed long segments,95.0,965687.178132494,417,343,920793.9878793005,1009146.5309129349
paragliders,open,Hills,fixed long segments,107.0,1205632.2488758992,417,343,1149457.3886798013,1260300.5030667863
paragliders,open,Hills,fixed long segments,121.0,1520165.5363833932,417,343,1449239.8404764258,1589186.223457026
paragliders,open,Hills,fixed long segments,137.0,1932293.3086031175,417,343,1840627.2508724944,2021332.0534352413
paragliders,open,Hills,fixed long segments,154.0,2420591.6980665466,417,343,2305949.5740950317,2532980.060180877
paragliders,open,Hills,fixed long segments,174.0,3058951.159547362,417,343,2912696.137758363,3203200.6074204817
paragliders,open,Hills,fixed long segments,196.0,3834262.1755095925,417,343,3648180.7176369596,4016010.8274742044
paragliders,open,Hills,fixed long segments,221.0,4811599.946342926,417,343,4577134.0564555535,5043458.2050405685
paragliders,open,Hills,fixed long segments,249.0,6047577.9494904075,417,343,5749070.044205451,6341156.872454166
paragliders,open,Hills,fixed long segments,281.0,7588238.915017986,417,343,7211262.803384315,7960172.666194592
paragliders,open,Hills,fixed long segments,316.0,9483146.053806955,417,343,9005729.24004679,9953849.956075158
paragliders,open,Hills,fixed long segments,357.0,11930812.417266186,417,343,11321960.998897023,12531074.978070835
paragliders,open,Hills,fixed long segments,402.0,14921133.644784173,417,343,14152405.144130778,15680905.677425476
paragliders,open,Hills,fixed long segments,453.0,18736530.898980815,417,343,17758050.892095406,19705321.639153562
paragliders,open,Hills,fixed long segments,511.0,23501853.276378896,417,343,22259197.021937832,24728586.296651598
paragliders,open,Hills,fixed long segments,576.0,29493894.741606716,417,343,27906200.754047267,31048334.446135473
paragliders,open,Hills,fixed long segments,649.0,36984099.48561151,417,343,34964539.305813,38963565.357666835
paragliders,open,Hills,fixed long segments,732.0,46439726.01618705,417,343,43871901.47728131,48951424.655029975
paragliders,open,Hills,fixed long segments,825.0,58341525.25719424,417,343,55082962.077967584,61516873.42195815
paragliders,open,Hills,fixed long segments,931.0,73509235.11630696,417,343,69349106.27246162,77556331.55861914
paragliders,open,Hills,fixed long segments,1049.0,92465865.72781774,417,343,87179659.37805931,97630877.77289587
paragliders,open,Hills,fixed long segments,1183.0,116540731.06834532,417,343,109832016.43006334,123113998.72326152
paragliders,open,Hills,fixed long segments,1334.0,146936725.44604316,417,343,138438172.18230626,155348461.02175638
paragliders,open,Hills,fixed long segments,1504.0,185326392.08393285,417,343,174553917.07855433,196004300.05647174
paragliders,open,Hills,fixed long segments,1695.0,233803732.70983213,417,343,220070917.02090073,247408171.40037155
paragliders,open,Hills,fixed long segments,1911.0,295204749.52757794,417,343,277682093.6577685,312474586.8391382
paragliders,open,Hills,fixed long segments,2155.0,373336403.8321343,417,343,350906728.62675947,395308844.709514
paragliders,open,Hills,fixed long segments,2429.0,471876041.1582734,417,343,443211773.34149194,499840390.46941245
paragliders,open,Hills,fixed long segments,2739.0,597302753.35012,417,343,560839182.3591025,632887553.7432604
paragliders,open,Hills,fixed long segments,3088.0,756121428.9760191,417,343,709644693.2754487,801495067.0711248
paragliders,open,Hills,fixed long segments,3481.0,956893458.942446,417,343,897585821.4479487,1014839745.7718692
paragliders,open,Hills,fixed long segments,3925.0,1212098808.2709832,417,343,1136104808.7061527,1286133348.5123453
paragliders,open,Hills,fixed long segments,4425.0,1534962921.4172661,417,343,1437610229.5839787,1629228562.6790445
paragliders,open,Hills,fixed long segments,4989.0,1944070969.8992805,417,343,1819868151.8579786,2064668943.2721834
paragliders,open,Hills,fixed long segments,5624.0,2460869890.3117504,417,343,2301770152.3553195,2615201993.653925
paragliders,open,Hills,fixed long segments,6341.0,3115826799.755396,417,343,2911816771.4848404,3312249579.263103
paragliders,open,Hills,fixed long segments,7149.0,3944259733.7517986,417,343,3683048166.614835,4196421768.646112
paragliders,open,Hills,fixed long segments,8059.0,4990860719.194244,417,343,4657455120.802925,5313231440.426921
paragliders,open,Hills,fixed long segments,9086.0,6312467528.247003,417,343,5886679530.082947,6724025258.137598
paragliders,open,Hills,fixed long segments,10000.0,7613746176.896882,417,343,7097450186.255091,8117157395.506821
paragliders,open,Low mountains,available segments,10.0,8125.077810992239,28156,18953,8091.529864610368,8158.099518286427
paragliders,open,Low mountains,available segments,11.0,9804.862780273967,28156,18953,9763.855962618109,9844.053032111931
paragliders,open,Low mountains,available segments,12.0,10943.72369324774,28156,18953,10896.650415898957,10989.126505538008
paragliders,open,Low mountains,available segments,14.0,15021.590217479135,28156,18953,14957.667912583338,15085.491614191431
paragliders,open,Low mountains,available segments,16.0,18609.285590613687,28156,18953,18529.721756512074,18687.254178745166
paragliders,open,Low mountains,available segments,18.0,23504.939325102925,28156,18953,23401.933576107815,23607.834903676183
paragliders,open,Low mountains,available segments,20.0,27679.22273398261,28156,18953,27554.13129796508,27800.092775212044
paragliders,open,Low mountains,available segments,23.0,36239.82024113933,28156,18953,36065.19560239156,36411.60722359771
paragliders,open,Low mountains,available segments,25.0,40273.82892202897,28156,18953,40080.90475043599,40464.20412734877
paragliders,open,Low mountains,available segments,29.0,54159.121605188026,28156,18953,53891.5039446252,54416.65514329314
paragliders,open,Low mountains,available segments,32.0,63660.57850033835,28156,18953,63337.430673947514,63974.25141942
paragliders,open,Low mountains,available segments,37.0,82931.73743566783,28156,18953,82507.44183199796,83346.32071283081
paragliders,open,Low mountains,available segments,41.0,100794.60349510433,28156,18953,100258.60180533248,101309.26860114493
paragliders,open,Low mountains,available segments,46.0,125649.22415846787,28156,18953,124980.82856749455,126301.83528410796
paragliders,open,Low mountains,available segments,52.0,155694.6864496709,28154,18952,154827.7131713211,156507.96458084107
paragliders,open,Low mountains,available segments,59.0,200759.01840943273,28151,18952,199619.2439974487,201850.4983676068
paragliders,open,Low mountains,available segments,67.0,251033.1025414557,28148,18950,249582.4677167224,252435.09746826394
paragliders,open,Low mountains,available segments,75.0,311709.0560072111,28146,18950,309883.73147850845,313488.8110601218
paragliders,open,Low mountains,available segments,85.0,387929.117106194,28141,18947,385582.84370323503,390142.3379879645
paragliders,open,Low mountains,available segments,95.0,482174.978490005,28136,18943,479290.11757492763,485014.2433180801
paragliders,open,Low mountains,available segments,107.0,596698.8256853654,28129,18939,593046.9276676833,600226.7313154705
paragliders,open,Low mountains,available segments,121.0,744089.1457458932,28128,18938,739438.7451386556,748669.3552523524
paragliders,open,Low mountains,available segments,137.0,936052.8791467071,28125,18937,930121.9616184683,941896.4146550345
paragliders,open,Low mountains,available segments,154.0,1160455.1312767137,28120,18935,1152996.0249219327,1167831.1351126186
paragliders,open,Low mountains,available segments,174.0,1450985.095285829,28113,18930,1441520.0685183224,1460419.300618996
paragliders,open,Low mountains,available segments,196.0,1798533.813329393,28110,18928,1786515.466957539,1810540.1033629053
paragliders,open,Low mountains,available segments,221.0,2230966.052742715,28104,18924,2215710.556813295,2246209.725850271
paragliders,open,Low mountains,available segments,249.0,2768234.8546133204,28099,18919,2748749.141131794,2787466.7127474966
paragliders,open,Low mountains,available segments,281.0,3430265.575703077,28088,18911,3405376.7496056966,3454488.5092108124
paragliders,open,Low mountains,available segments,316.0,4229564.89168964,28083,18908,4198133.283902968,4259921.25845126
paragliders,open,Low mountains,available segments,357.0,5242482.795669437,28073,18900,5202609.066330604,5281390.3562259115
paragliders,open,Low mountains,available segments,402.0,6460133.792146435,28060,18891,6409584.996569485,6509172.2120314855
paragliders,open,Low mountains,available segments,453.0,7976520.00794392,28051,18886,7913076.352241503,8037499.894335848
paragliders,open,Low mountains,available segments,511.0,9839831.896107268,28040,18880,9761063.157219535,9917668.938895967
paragliders,open,Low mountains,available segments,576.0,12127280.76319215,28032,18877,12027019.943450725,12224823.697329246
paragliders,open,Low mountains,available segments,649.0,14918571.784790039,28015,18865,14789578.812745845,15045661.714430029
paragliders,open,Low mountains,available segments,732.0,18363465.423139807,27995,18851,18199861.09851117,18522678.32134824
paragliders,open,Low mountains,available segments,825.0,22588211.667484753,27974,18841,22380768.064729117,22790846.13381344
paragliders,open,Low mountains,available segments,931.0,27837682.132009126,27949,18821,27577737.74794027,28095364.72803601
paragliders,open,Low mountains,available segments,1049.0,34224333.23279565,27924,18807,33894292.91368866,34551860.35504917
paragliders,open,Low mountains,available segments,1183.0,42127415.877365604,27880,18783,41711796.98389184,42546589.24650206
paragliders,open,Low mountains,available segments,1334.0,51646413.176974304,27666,18655,51110286.52153414,52177603.23148851
paragliders,open,Low mountains,available segments,1504.0,63329345.31977832,27338,18442,62635317.64159662,64001694.1635129
paragliders,open,Low mountains,available segments,1695.0,77413638.26413393,26826,18124,76529270.38630496,78280790.53397815
paragliders,open,Low mountains,available segments,1911.0,94773224.34457247,26088,17673,93644632.42953108,95873812.1596831
paragliders,open,Low mountains,available segments,2155.0,116485046.86596723,25055,16994,115071635.98190282,117914245.88587186
paragliders,open,Low mountains,available segments,2429.0,143213561.0307928,23786,16189,141318781.7650662,145072211.62750152
paragliders,open,Low mountains,available segments,2739.0,177409513.12160674,22282,15256,174912275.01606882,179832965.4729753
paragliders,open,Low mountains,available segments,3088.0,221345570.39495048,20485,14068,218043649.29527977,224512504.88223028
paragliders,open,Low mountains,available segments,3481.0,276542190.72012734,18526,12783,272261858.77763885,280893183.588736
paragliders,open,Low mountains,available segments,3925.0,345651281.71950626,16384,11353,339912739.17819494,351461434.41974825
paragliders,open,Low mountains,available segments,4425.0,436027759.28850365,14062,9764,427738494.0407253,443959425.3897709
paragliders,open,Low mountains,available segments,4989.0,554385444.2247622,11634,8155,542656913.5347719,565790626.6877455
paragliders,open,Low mountains,available segments,5624.0,708605085.1394268,9393,6644,691982801.5841042,725395755.6116117
paragliders,open,Low mountains,available segments,6341.0,912842468.8187476,7192,5119,888841449.8126609,936849615.6344295
paragliders,open,Low mountains,available segments,7149.0,1185260099.013518,5300,3820,1150257192.2833488,1220256712.5923119
paragliders,open,Low mountains,available segments,8059.0,1538271617.4087074,3714,2704,1485137320.8337564,1590188767.5828102
paragliders,open,Low mountains,available segments,9086.0,2029101943.578257,2364,1756,1944807615.1545327,2114833114.1460009
paragliders,open,Low mountains,available segments,10000.0,2519585300.488491,1564,1192,2392481142.258406,2652820057.4031835
paragliders,open,Low mountains,fixed long segments,10.0,9234.585615621503,1564,1192,9097.391168215516,9374.818686987293
paragliders,open,Low mountains,fixed long segments,11.0,11198.457997509891,1564,1192,11027.930893189468,11376.353132289758
paragliders,open,Low mountains,fixed long segments,12.0,12593.838210630294,1564,1192,12393.56872282678,12796.024321870305
paragliders,open,Low mountains,fixed long segments,14.0,17334.76358664432,1564,1192,17062.083864609896,17594.860814495863
paragliders,open,Low mountains,fixed long segments,16.0,21769.013882297993,1564,1192,21427.66420648985,22121.851242991732
paragliders,open,Low mountains,fixed long segments,18.0,27477.67772376019,1564,1192,27058.93062842234,27902.328450399527
paragliders,open,Low mountains,fixed long segments,20.0,32705.99409816576,1564,1192,32209.686258319398,33215.94049569852
paragliders,open,Low mountains,fixed long segments,23.0,43154.21090253357,1564,1192,42463.38096197182,43835.064800821005
paragliders,open,Low mountains,fixed long segments,25.0,48252.325004245926,1564,1192,47434.88978010577,49039.16740999719
paragliders,open,Low mountains,fixed long segments,29.0,65634.64746718151,1564,1192,64573.1537388119,66705.81983985406
paragliders,open,Low mountains,fixed long segments,32.0,77586.20457610693,1564,1192,76297.76053873384,78883.26427708908
paragliders,open,Low mountains,fixed long segments,37.0,102073.54021639227,1564,1192,100359.91776395736,103864.36489216879
paragliders,open,Low mountains,fixed long segments,41.0,124366.16130514706,1564,1192,122249.7923056872,126490.56340104398
paragliders,open,Low mountains,fixed long segments,46.0,156192.4591891784,1564,1192,153516.33123541158,158912.08590512347
paragliders,open,Low mountains,fixed long segments,52.0,194353.19980818414,1564,1192,190926.46371053,197778.17662090604
paragliders,open,Low mountains,fixed long segments,59.0,251755.42351342711,1564,1192,247354.12753844418,256168.10467284516
paragliders,open,Low mountains,fixed long segments,67.0,316973.73137288203,1564,1192,311322.1995136505,322746.1171734729
paragliders,open,Low mountains,fixed long segments,75.0,395253.46273577365,1564,1192,388111.84158687154,402493.414546951
paragliders,open,Low mountains,fixed long segments,85.0,494326.4067994725,1564,1192,485271.6074798309,503371.210575041
paragliders,open,Low mountains,fixed long segments,95.0,617440.1427030051,1564,1192,606123.5390501982,628807.8221455388
paragliders,open,Low mountains,fixed long segments,107.0,768049.3257472826,1564,1192,753768.9163374548,782539.1589922638
paragliders,open,Low mountains,fixed long segments,121.0,962245.6726542519,1564,1192,943963.3808299521,980672.428288919
paragliders,open,Low mountains,fixed long segments,137.0,1216808.7353940217,1564,1192,1193526.6580712898,1240241.5606001462
paragliders,open,Low mountains,fixed long segments,154.0,1513971.6451007032,1564,1192,1484877.3598727991,1543659.0242685957
paragliders,open,Low mountains,fixed long segments,174.0,1903143.5009390984,1564,1192,1866343.9403150545,1940356.6340193287
paragliders,open,Low mountains,fixed long segments,196.0,2371195.238650895,1564,1192,2324096.7030730317,2418669.2483457685
paragliders,open,Low mountains,fixed long segments,221.0,2955512.392942775,1564,1192,2896049.862221563,3015326.339394191
paragliders,open,Low mountains,fixed long segments,249.0,3685348.632512788,1564,1192,3609767.814792531,3761142.4324104832
paragliders,open,Low mountains,fixed long segments,281.0,4591135.41332321,1564,1192,4495656.783684083,4686948.495783043
paragliders,open,Low mountains,fixed long segments,316.0,5692724.015664961,1564,1192,5572905.525027673,5813539.95198163
paragliders,open,Low mountains,fixed long segments,357.0,7097236.776774297,1564,1192,6945095.25331611,7250181.9694304485
paragliders,open,Low mountains,fixed long segments,402.0,8792296.088794757,1564,1192,8600467.523849552,8983633.865471955
paragliders,open,Low mountains,fixed long segments,453.0,10920888.01366688,1564,1192,10678270.510041293,11162561.908528322
paragliders,open,Low mountains,fixed long segments,511.0,13557581.45140665,1564,1192,13251135.047678266,13861627.868525662
paragliders,open,Low mountains,fixed long segments,576.0,16812163.229060102,1564,1192,16424986.085321706,17196908.40987416
paragliders,open,Low mountains,fixed long segments,649.0,20813811.746003836,1564,1192,20320285.952111825,21298593.845452704
paragliders,open,Low mountains,fixed long segments,732.0,25801919.04299872,1564,1192,25183866.8214398,26415639.13195104
paragliders,open,Low mountains,fixed long segments,825.0,31958585.440856777,1564,1192,31176429.911169536,32734732.663438506
paragliders,open,Low mountains,fixed long segments,931.0,39691205.245204605,1564,1192,38700311.8458259,40675488.420701824
paragliders,open,Low mountains,fixed long segments,1049.0,49163908.69405371,1564,1192,47916098.44218005,50404545.821902394
paragliders,open,Low mountains,fixed long segments,1183.0,60994713.87148338,1564,1192,59413333.433157645,62576996.12860422
paragliders,open,Low mountains,fixed long segments,1334.0,75661145.11796676,1564,1192,73657878.15830332,77685064.87240475
paragliders,open,Low mountains,fixed long segments,1504.0,93839216.7129156,1564,1192,91304278.42176491,96413772.74823365
paragliders,open,Low mountains,fixed long segments,1695.0,116383796.00639386,1564,1192,113139464.38569589,119654267.71906734
paragliders,open,Low mountains,fixed long segments,1911.0,144362115.20268542,1564,1192,140221907.8425616,148498607.58828753
paragliders,open,Low mountains,fixed long segments,2155.0,179202703.72953963,1564,1192,173910122.63210204,184548388.1095314
paragliders,open,Low mountains,fixed long segments,2429.0,222152341.0601023,1564,1192,215382455.89118376,228993523.38679302
paragliders,open,Low mountains,fixed long segments,2739.0,275566803.0217391,1564,1192,266918779.1057715,284414267.76165396
paragliders,open,Low mountains,fixed long segments,3088.0,341494167.5268542,1564,1192,330449933.1305681,352761910.4122967
paragliders,open,Low mountains,fixed long segments,3481.0,422660162.24680305,1564,1192,408420866.796409,437004054.0890867
paragliders,open,Low mountains,fixed long segments,3925.0,522890852.6483376,1564,1192,504677555.3646337,541217064.9986997
paragliders,open,Low mountains,fixed long segments,4425.0,645807379.3606138,1564,1192,622262204.7397791,669628319.7547758
paragliders,open,Low mountains,fixed long segments,4989.0,796273966.8132992,1564,1192,766376812.6728734,827004020.2279861
paragliders,open,Low mountains,fixed long segments,5624.0,979118505.5933504,1564,1192,940977131.4565462,1018519411.6563153
paragliders,open,Low mountains,fixed long segments,6341.0,1201251919.2199488,1564,1192,1151886593.3252993,1252393205.0385582
paragliders,open,Low mountains,fixed long segments,7149.0,1469066915.2685423,1564,1192,1406473174.0546217,1534492685.542736
paragliders,open,Low mountains,fixed long segments,8059.0,1789079702.2225063,1564,1192,1708453824.5134752,1873009155.2810297
paragliders,open,Low mountains,fixed long segments,9086.0,2168734540.9053707,1564,1192,2064104062.2499642,2278007754.0639267
paragliders,open,Low mountains,fixed long segments,10000.0,2519585300.488491,1564,1192,2392481142.258406,2652820057.4031835
paragliders,open,High mountains,available segments,10.0,8185.998697584372,19403,13305,8154.546532470361,8220.326732047728
paragliders,open,High mountains,available segments,11.0,9863.381527230456,19403,13305,9821.48273114626,9903.412868806688
paragliders,open,High mountains,available segments,12.0,11049.280962049535,19403,13305,10997.923420453777,11097.069747653682
paragliders,open,High mountains,available segments,14.0,15172.824789455495,19403,13305,15106.455706900892,15242.764160665132
paragliders,open,High mountains,available segments,16.0,18937.26213232204,19403,13305,18854.413132234495,19020.21269353574
paragliders,open,High mountains,available segments,18.0,23870.179530473753,19403,13305,23764.830390388313,23981.97691312239
paragliders,open,High mountains,available segments,20.0,28160.296866661025,19403,13305,28033.849509662217,28287.415351835898
paragliders,open,High mountains,available segments,23.0,36913.28471841873,19403,13305,36738.566396336275,37092.29421805857
paragliders,open,High mountains,available segments,25.0,41132.768741390355,19403,13305,40929.84755501756,41332.78806661031
paragliders,open,High mountains,available segments,29.0,55463.0575136306,19403,13305,55187.772702084934,55742.1393932685
paragliders,open,High mountains,available segments,32.0,65198.87625842063,19403,13305,64859.31701939638,65528.33109701993
paragliders,open,High mountains,available segments,37.0,85238.58912420155,19403,13305,84789.95998805197,85693.73896224883
paragliders,open,High mountains,available segments,41.0,103478.38400158027,19403,13305,102929.90691487417,104040.72763619086
paragliders,open,High mountains,available segments,46.0,129292.47356353358,19403,13305,128598.61916233112,129996.58993139866
paragliders,open,High mountains,available segments,52.0,160120.73654700787,19402,13305,159221.83614496264,161016.10655672062
paragliders,open,High mountains,available segments,59.0,206419.3784696356,19400,13303,205240.0306495258,207603.58564550584
paragliders,open,High mountains,available segments,67.0,258465.89431891733,19397,13302,256951.9390778541,259982.39784875358
paragliders,open,High mountains,available segments,75.0,320964.86114531674,19397,13302,319067.1068476839,322891.55579616805
paragliders,open,High mountains,available segments,85.0,399524.9462460939,19397,13302,397067.96247959597,401960.26508212986
paragliders,open,High mountains,available segments,95.0,496757.6318354284,19396,13301,493702.5671466258,499838.97513607936
paragliders,open,High mountains,available segments,107.0,614805.5319808931,19394,13300,610923.4998570683,618686.670308359
paragliders,open,High mountains,available segments,121.0,766810.337981195,19394,13300,761882.8782060285,771742.3033427199
paragliders,open,High mountains,available segments,137.0,964757.582713898,19390,13297,958482.9841494425,971121.4410265553
paragliders,open,High mountains,available segments,154.0,1195388.4927349612,19385,13295,1187276.2725053702,1203355.4728965187
paragliders,open,High mountains,available segments,174.0,1494282.0614673689,19384,13294,1483977.0691256935,1504557.4284905526
paragliders,open,High mountains,available segments,196.0,1852085.6076935322,19383,13293,1839188.516846642,1865109.131893124
paragliders,open,High mountains,available segments,221.0,2295727.7338477075,19380,13291,2279354.2615599036,2312250.0567798493
paragliders,open,High mountains,available segments,249.0,2847121.134380351,19376,13289,2826214.1368340706,2868519.7748068613
paragliders,open,High mountains,available segments,281.0,3524316.284484061,19375,13288,3497822.205522683,3551175.4451956507
paragliders,open,High mountains,available segments,316.0,4342525.721989934,19372,13285,4309298.054936764,4376454.490307345
paragliders,open,High mountains,available segments,357.0,5375333.801291345,19370,13283,5333112.709107287,5418720.908895673
paragliders,open,High mountains,available segments,402.0,6612245.767389509,19366,13282,6559079.607376702,6666686.044856886
paragliders,open,High mountains,available segments,453.0,8151400.738292798,19362,13279,8083650.853516496,8221571.8776899
paragliders,open,High mountains,available segments,511.0,10034474.684635434,19361,13279,9949071.589482289,10121055.701688698
paragliders,open,High mountains,available segments,576.0,12336841.341171782,19351,13272,12227414.32848287,12447076.518552456
paragliders,open,High mountains,available segments,649.0,15139849.002913985,19338,13265,15003062.984439313,15279573.773176964
paragliders,open,High mountains,available segments,732.0,18594166.919809155,19321,13253,18421559.823940095,18773084.50347864
paragliders,open,High mountains,available segments,825.0,22811368.687213957,19314,13248,22591029.04411985,23037039.441923667
paragliders,open,High mountains,available segments,931.0,28026698.156275947,19299,13239,27751174.004245244,28308258.26042015
paragliders,open,High mountains,available segments,1049.0,34332793.22258613,19274,13222,33992477.91545762,34686284.83356166
paragliders,open,High mountains,available segments,1183.0,42104645.2802089,19249,13204,41675318.43540126,42556230.24316986
paragliders,open,High mountains,available segments,1334.0,51467376.06821983,19126,13119,50915151.04311372,52047706.84711693
paragliders,open,High mountains,available segments,1504.0,62831719.59424901,18911,12983,62116779.89152547,63560777.58648203
paragliders,open,High mountains,available segments,1695.0,76867404.70547558,18588,12769,75950391.42101523,77793761.00595513
paragliders,open,High mountains,available segments,1911.0,94144914.39323163,18118,12446,92993249.06828313,95299496.66389191
paragliders,open,High mountains,available segments,2155.0,115780641.95975593,17526,12049,114242905.83067206,117299389.27175044
paragliders,open,High mountains,available segments,2429.0,142992467.1163748,16739,11531,141003436.19957647,144937368.55579978
paragliders,open,High mountains,available segments,2739.0,177473702.1523388,15836,10946,174890961.81306475,179976320.027633
paragliders,open,High mountains,available segments,3088.0,220892553.11240134,14811,10272,217588859.1806382,224234434.36530545
paragliders,open,High mountains,available segments,3481.0,275829286.65917754,13609,9459,271537977.90055203,280157257.9243904
paragliders,open,High mountains,available segments,3925.0,346834080.12905604,12324,8602,341174337.6213746,352504458.46800196
paragliders,open,High mountains,available segments,4425.0,438886873.6775167,10952,7672,431022120.02461004,446559759.3682361
paragliders,open,High mountains,available segments,4989.0,549469206.0192559,9539,6744,539248991.0533973,559388704.2683771
paragliders,open,High mountains,available segments,5624.0,697304691.1371819,8080,5772,683020324.9794934,710899881.1816276
paragliders,open,High mountains,available segments,6341.0,885464120.4407772,6664,4783,865505974.1139215,904561854.5621799
paragliders,open,High mountains,available segments,7149.0,1132034950.112526,5357,3867,1105791950.0989175,1158943458.771223
paragliders,open,High mountains,available segments,8059.0,1452539859.8289518,4050,2956,1414594652.0097258,1491322053.1146622
paragliders,open,High mountains,available segments,9086.0,1888296368.649966,2934,2171,1832536593.5359175,1945496532.0405529
paragliders,open,High mountains,available segments,10000.0,2345720790.162064,2209,1642,2263098785.1776185,2430208801.018317
paragliders,open,High mountains,fixed long segments,10.0,9232.562102456393,2209,1642,9136.182828783569,9329.272973532896
paragliders,open,High mountains,fixed long segments,11.0,11111.766453575041,2209,1642,10988.065872397307,11241.411520495347
paragliders,open,High mountains,fixed long segments,12.0,12551.094461864992,2209,1642,12395.301167057953,12708.358005090246
paragliders,open,High mountains,fixed long segments,14.0,17259.202915673453,2209,1642,17052.640600685387,17471.21942644709
paragliders,open,High mountains,fixed long segments,16.0,21887.693568038423,2209,1642,21644.188903979877,22129.64252455227
paragliders,open,High mountains,fixed long segments,18.0,27593.92160267655,2209,1642,27285.0723079078,27898.809398039266
paragliders,open,High mountains,fixed long segments,20.0,32783.31251237834,2209,1642,32428.29659069265,33153.04651480485
paragliders,open,High mountains,fixed long segments,23.0,43280.22230169902,2209,1642,42787.114059188316,43791.008602617134
paragliders,open,High mountains,fixed long segments,25.0,48546.951498132636,2209,1642,47964.63765240868,49156.63724626764
paragliders,open,High mountains,fixed long segments,29.0,66154.75991062839,2209,1642,65391.70871542746,66953.54121876162
paragliders,open,High mountains,fixed long segments,32.0,78144.13367898371,2209,1642,77213.56598001401,79112.89252244745
paragliders,open,High mountains,fixed long segments,37.0,103239.29724458183,2209,1642,102021.65296063191,104513.99407832495
paragliders,open,High mountains,fixed long segments,41.0,125524.3157944064,2209,1642,124024.3865515579,127133.98369127205
paragliders,open,High mountains,fixed long segments,46.0,157992.1981860429,2209,1642,156082.5863357811,159944.33219762717
paragliders,open,High mountains,fixed long segments,52.0,196402.71056261318,2209,1642,194021.69300714796,198920.24233091823
paragliders,open,High mountains,fixed long segments,59.0,254397.36255800136,2209,1642,251294.96990582778,257680.1528036603
paragliders,open,High mountains,fixed long segments,67.0,320707.19919576164,2209,1642,316638.1603585624,324846.39856558247
paragliders,open,High mountains,fixed long segments,75.0,399993.0361588954,2209,1642,394891.9279078797,405166.4262909998
paragliders,open,High mountains,fixed long segments,85.0,500065.5303729063,2209,1642,493726.0604743354,506987.76290797966
paragliders,open,High mountains,fixed long segments,95.0,624867.4670594726,2209,1642,616770.3390249592,633284.2128592317
paragliders,open,High mountains,fixed long segments,107.0,777030.0954263808,2209,1642,766622.1113051365,787716.002333404
paragliders,open,High mountains,fixed long segments,121.0,973776.8142117474,2209,1642,960926.3719293621,987643.5585694961
paragliders,open,High mountains,fixed long segments,137.0,1231192.0463020597,2209,1642,1214553.0070472455,1248747.1209140078
paragliders,open,High mountains,fixed long segments,154.0,1531123.7696355816,2209,1642,1510294.6491995917,1553498.1106738427
paragliders,open,High mountains,fixed long segments,174.0,1923754.5715255772,2209,1642,1897150.5642122445,1952031.3958532976
paragliders,open,High mountains,fixed long segments,196.0,2397288.9376131734,2209,1642,2363771.6192056593,2432716.825867485
paragliders,open,High mountains,fixed long segments,221.0,2985679.356665912,2209,1642,2943040.243623044,3030682.3106946987
paragliders,open,High mountains,fixed long segments,249.0,3721081.5044703484,2209,1642,3667705.735391231,3777554.1719720257
paragliders,open,High mountains,fixed long segments,281.0,4631454.416704391,2209,1642,4564516.806295608,4703145.896413669
paragliders,open,High mountains,fixed long segments,316.0,5739571.0205409685,2209,1642,5655662.387740037,5829820.625590384
paragliders,open,High mountains,fixed long segments,357.0,7148422.415742418,2209,1642,7041306.48856429,7262913.811311341
paragliders,open,High mountains,fixed long segments,402.0,8845035.332390223,2209,1642,8709262.69510792,8988510.059539724
paragliders,open,High mountains,fixed long segments,453.0,10974016.24898144,2209,1642,10802175.94286855,11154271.12550234
paragliders,open,High mountains,fixed long segments,511.0,13607713.896559529,2209,1642,13390735.688671729,13835094.795712618
paragliders,open,High mountains,fixed long segments,576.0,16855368.527161613,2209,1642,16581699.817621961,17140375.940483514
paragliders,open,High mountains,fixed long segments,649.0,20842097.316319603,2209,1642,20494586.855932206,21202213.539005436
paragliders,open,High mountains,fixed long segments,732.0,25802428.883657765,2209,1642,25365491.011437792,26254375.809305154
paragliders,open,High mountains,fixed long segments,825.0,31916301.47329108,2209,1642,31365140.673519954,32484005.5872371
paragliders,open,High mountains,fixed long segments,931.0,39583185.85310095,2209,1642,38891974.895833336,40301080.24726185
paragliders,open,High mountains,fixed long segments,1049.0,48959651.25124491,2209,1642,48086215.21773349,49861718.01583886
paragliders,open,High mountains,fixed long segments,1183.0,60645886.315980084,2209,1642,59542393.50201902,61791584.60919044
paragliders,open,High mountains,fixed long segments,1334.0,75109771.62562245,2209,1642,73715018.67054789,76552849.6057663
paragliders,open,High mountains,fixed long segments,1504.0,93009277.01222272,2209,1642,91253068.09299394,94823767.07530722
paragliders,open,High mountains,fixed long segments,1695.0,115171199.66727026,2209,1642,112965280.92287491,117448203.49206707
paragliders,open,High mountains,fixed long segments,1911.0,142610267.83340877,2209,1642,139841983.02203745,145449970.67555574
paragliders,open,High mountains,fixed long segments,2155.0,176719386.07967407,2209,1642,173191808.38013884,180378919.1794595
paragliders,open,High mountains,fixed long segments,2429.0,218630037.39610684,2209,1642,214134345.67036733,223262674.8769349
paragliders,open,High mountains,fixed long segments,2739.0,270550129.19873244,2209,1642,264852088.04596138,276383123.6861142
paragliders,open,High mountains,fixed long segments,3088.0,334359329.34540516,2209,1642,327042708.1281118,341738519.07114583
paragliders,open,High mountains,fixed long segments,3481.0,412509224.9090086,2209,1642,403271008.4516139,421884651.51628083
paragliders,open,High mountains,fixed long segments,3925.0,508514004.86283386,2209,1642,496778215.3471991,520659158.1354626
paragliders,open,High mountains,fixed long segments,4425.0,625633122.509733,2209,1642,610568185.6978698,641285819.5258906
paragliders,open,High mountains,fixed long segments,4989.0,768337680.5378,2209,1642,749301563.6224345,788097948.8622273
paragliders,open,High mountains,fixed long segments,5624.0,940767572.0181078,2209,1642,916175550.4486364,966124949.6234087
paragliders,open,High mountains,fixed long segments,6341.0,1148755506.5857854,2209,1642,1117236166.0521967,1181685180.5898027
paragliders,open,High mountains,fixed long segments,7149.0,1396951288.9941149,2209,1642,1356154881.3758287,1439225144.6049647
paragliders,open,High mountains,fixed long segments,8059.0,1690244099.846084,2209,1642,1638477538.4962425,1744304159.1828315
paragliders,open,High mountains,fixed long segments,9086.0,2033551711.9927568,2209,1642,1966619202.429063,2102275431.8828611
paragliders,open,High mountains,fixed long segments,10000.0,2345720790.162064,2209,1642,2263098785.1776185,2430208801.018317
paragliders,closed,Plains,available segments,10.0,6651.30655043232,1066,945,6574.966046409976,6730.475251871278
paragliders,closed,Plains,available segments,11.0,7936.223970794806,1066,945,7828.538522595723,8043.450008335907
paragliders,closed,Plains,available segments,12.0,8811.630062090138,1066,945,8689.87282149526,8932.843520984192
paragliders,closed,Plains,available segments,14.0,11959.916441563426,1066,945,11782.60742733415,12146.205768995555
paragliders,closed,Plains,available segments,16.0,14535.791395089002,1066,945,14326.818620305115,14745.025135055712
paragliders,closed,Plains,available segments,18.0,18115.305755920846,1066,945,17836.609019608248,18408.367844927485
paragliders,closed,Plains,available segments,20.0,21057.530194839495,1066,945,20745.445893072247,21384.307767237984
paragliders,closed,Plains,available segments,23.0,27261.527194600334,1066,945,26817.117929450993,27721.653501466095
paragliders,closed,Plains,available segments,25.0,30022.680738194264,1066,945,29562.687817556438,30518.97750497948
paragliders,closed,Plains,available segments,29.0,40013.118621234775,1066,945,39355.17918226423,40715.335123706776
paragliders,closed,Plains,available segments,32.0,46627.43544580792,1066,945,45874.58192290287,47440.655532684235
paragliders,closed,Plains,available segments,37.0,60324.08129750145,1066,945,59325.18592036217,61396.32567085049
paragliders,closed,Plains,available segments,41.0,72908.80197639826,1066,945,71649.95529778575,74270.62872580659
paragliders,closed,Plains,available segments,46.0,90357.49489652786,1066,945,88745.0234164775,92089.01005638171
paragliders,closed,Plains,available segments,52.0,111056.86565898977,1066,945,109092.21513377472,113190.25176268097
paragliders,closed,Plains,available segments,59.0,142455.2071227358,1066,945,139720.87941935746,145433.2788065391
paragliders,closed,Plains,available segments,67.0,176509.58021349204,1066,945,173156.43149317085,180139.5625851828
paragliders,closed,Plains,available segments,75.0,218438.67334235588,1063,942,214237.73286888635,223110.27944395933
paragliders,closed,Plains,available segments,85.0,269688.61686409125,1063,942,264372.7376389064,275505.1953540439
paragliders,closed,Plains,available segments,95.0,332800.74238687387,1063,942,325986.7300428749,340207.7010676837
paragliders,closed,Plains,available segments,107.0,407946.8459071652,1063,942,399528.484542531,417061.0104914354
paragliders,closed,Plains,available segments,121.0,503918.05337717297,1063,942,493249.8381566125,515440.6098732724
paragliders,closed,Plains,available segments,137.0,627191.2134008078,1063,942,613400.2169359276,641943.8868904081
paragliders,closed,Plains,available segments,154.0,769250.2305467332,1063,942,751999.3846981336,787341.260248432
paragliders,closed,Plains,available segments,174.0,950419.6494709891,1063,942,928163.1249643202,973701.9395614201
paragliders,closed,Plains,available segments,196.0,1162426.4637812388,1063,942,1134279.5405324593,1192116.8552502163
paragliders,closed,Plains,available segments,221.0,1421622.7726896496,1063,942,1385752.383214369,1458858.6844167283
paragliders,closed,Plains,available segments,249.0,1738317.8807922539,1062,941,1692744.5126853266,1786830.4053066066
paragliders,closed,Plains,available segments,281.0,2116537.437928902,1062,941,2059319.7287951433,2177503.0118215024
paragliders,closed,Plains,available segments,316.0,2563998.801049291,1062,941,2493269.6264250176,2640831.3095485303
paragliders,closed,Plains,available segments,357.0,3113779.6346474383,1062,941,3024226.648166366,3209283.6592655317
paragliders,closed,Plains,available segments,402.0,3753193.9686632445,1062,941,3641647.7776932684,3872955.5571111985
paragliders,closed,Plains,available segments,453.0,4529839.904717041,1062,941,4387181.514316301,4682434.284914723
paragliders,closed,Plains,available segments,511.0,5435976.898390872,1061,940,5255561.48669311,5629175.235007605
paragliders,closed,Plains,available segments,576.0,6518729.630425327,1061,940,6292371.294766647,6761608.964665266
paragliders,closed,Plains,available segments,649.0,7801392.810990847,1061,940,7520469.255694872,8104509.039048649
paragliders,closed,Plains,available segments,732.0,9323311.006473811,1059,938,8970975.829642497,9698339.585233785
paragliders,closed,Plains,available segments,825.0,11096035.21511123,1058,937,10653200.388150595,11571703.16418633
paragliders,closed,Plains,available segments,931.0,13227224.671300426,1056,936,12672869.03633135,13821522.166319828
paragliders,closed,Plains,available segments,1049.0,15713955.538725607,1056,936,15028374.402035939,16455984.671989504
paragliders,closed,Plains,available segments,1183.0,18626522.661345925,1055,936,17776817.166453674,19535551.803590223
paragliders,closed,Plains,available segments,1334.0,21996460.527943388,1052,934,20927943.244948898,23112056.83394005
paragliders,closed,Plains,available segments,1504.0,25998461.236372676,1040,922,24656345.18103063,27401203.867056414
paragliders,closed,Plains,available segments,1695.0,30679044.373771433,1024,911,29022127.97810502,32447953.091408674
paragliders,closed,Plains,available segments,1911.0,35928572.9301988,1002,890,33875229.64518161,38140680.35237685
paragliders,closed,Plains,available segments,2155.0,43036318.320441335,951,847,40376438.630574495,45925742.9979064
paragliders,closed,Plains,available segments,2429.0,51325378.32082216,898,801,47898672.19357514,54891224.50928436
paragliders,closed,Plains,available segments,2739.0,62070017.1496053,820,733,57653426.34951806,66662524.36764248
paragliders,closed,Plains,available segments,3088.0,75493204.36284594,730,657,69478167.19271755,81684321.15582255
paragliders,closed,Plains,available segments,3481.0,94580291.07539308,622,558,86333183.45042066,103299996.618365
paragliders,closed,Plains,available segments,3925.0,118685794.29791667,512,463,107505540.9585235,130976134.42199314
paragliders,closed,Plains,available segments,4425.0,156438767.16794255,405,370,140356430.5525406,174421335.16493508
paragliders,closed,Plains,available segments,4989.0,208270389.71969435,305,282,183396931.79495925,235282597.38104755
paragliders,closed,Plains,available segments,5624.0,266067503.3116396,231,215,228281049.58897611,306006510.4944758
paragliders,closed,Plains,available segments,6341.0,357862460.4403226,155,149,306696996.63929945,412985028.3838213
paragliders,closed,Plains,available segments,7149.0,511674424.2938144,97,95,424825565.884049,599484108.4946723
paragliders,closed,Plains,available segments,8059.0,723926701.190678,59,59,577271050.8855813,880325413.2607417
paragliders,closed,Plains,available segments,9086.0,957290678.0884147,41,41,735212589.2355121,1194181823.4063053
paragliders,closed,Plains,available segments,10000.0,1293576252.8307292,24,24,917473292.8590626,1677362800.5753715
paragliders,closed,Plains,fixed long segments,10.0,7500.185567220052,24,24,6789.864354790581,8176.441278413915
paragliders,closed,Plains,fixed long segments,11.0,9691.283121744791,24,24,8453.594992496266,10949.730265403054
paragliders,closed,Plains,fixed long segments,12.0,10116.957702636719,24,24,8870.738143500434,11419.13221958705
paragliders,closed,Plains,fixed long segments,14.0,15912.706176757812,24,24,13691.441787507234,17991.709341854115
paragliders,closed,Plains,fixed long segments,16.0,18618.859700520832,24,24,16576.456462290098,20462.220254601038
paragliders,closed,Plains,fixed long segments,18.0,24682.328653971355,24,24,21757.49647786458,27623.646026611324
paragliders,closed,Plains,fixed long segments,20.0,29027.208455403645,24,24,25488.44326578776,32577.777286137978
paragliders,closed,Plains,fixed long segments,23.0,39122.45812988281,24,24,33732.74597380265,44341.25018448539
paragliders,closed,Plains,fixed long segments,25.0,40723.15144856771,24,24,35483.39654079861,45645.36249875669
paragliders,closed,Plains,fixed long segments,29.0,58833.274576822914,24,24,51181.665241970484,66543.20400390626
paragliders,closed,Plains,fixed long segments,32.0,66643.48103841145,24,24,57571.10120117188,75643.85732054515
paragliders,closed,Plains,fixed long segments,37.0,87174.2100423177,24,24,75748.92528889974,97595.18701519269
paragliders,closed,Plains,fixed long segments,41.0,108331.423828125,24,24,93266.2109349301,122954.86001859266
paragliders,closed,Plains,fixed long segments,46.0,137044.4873046875,24,24,118197.57093945311,153830.69936774333
paragliders,closed,Plains,fixed long segments,52.0,165971.4503580729,24,24,143018.1884659477,187483.32112639508
paragliders,closed,Plains,fixed long segments,59.0,223958.44580078125,24,24,191415.64652369116,254964.08212890624
paragliders,closed,Plains,fixed long segments,67.0,274654.6507161458,24,24,234891.0343873355,310971.65459990525
paragliders,closed,Plains,fixed long segments,75.0,348991.7718098958,24,24,297046.5742239583,397284.49913552986
paragliders,closed,Plains,fixed long segments,85.0,427839.3160807292,24,24,363581.04673317063,488849.51800426136
paragliders,closed,Plains,fixed long segments,95.0,545479.0947265625,24,24,460676.7859816778,624924.5915532709
paragliders,closed,Plains,fixed long segments,107.0,671378.22265625,24,24,566010.915,770785.8406769012
paragliders,closed,Plains,fixed long segments,121.0,834023.3248697916,24,24,702288.3074804688,957070.7308536932
paragliders,closed,Plains,fixed long segments,137.0,1060177.125,24,24,887800.3023168403,1222532.913183122
paragliders,closed,Plains,fixed long segments,154.0,1311931.404296875,24,24,1098012.6862695313,1515068.705486866
paragliders,closed,Plains,fixed long segments,174.0,1659108.1940104167,24,24,1381019.337393466,1921556.9251875
paragliders,closed,Plains,fixed long segments,196.0,2055530.2291666667,24,24,1704077.4153392857,2378679.812521701
paragliders,closed,Plains,fixed long segments,221.0,2558371.9166666665,24,24,2113973.529353693,2976245.0396132814
paragliders,closed,Plains,fixed long segments,249.0,3191354.953125,24,24,2626237.863540274,3718686.919741071
paragliders,closed,Plains,fixed long segments,281.0,3957099.2109375,24,24,3240597.5114100985,4627197.694097222
paragliders,closed,Plains,fixed long segments,316.0,4892103.735677083,24,24,3989398.0492610256,5723160.939564732
paragliders,closed,Plains,fixed long segments,357.0,6080621.5703125,24,24,4936322.009296218,7144274.717050137
paragliders,closed,Plains,fixed long segments,402.0,7498875.028645833,24,24,6073877.700283717,8840787.110162036
paragliders,closed,Plains,fixed long segments,453.0,9327517.401041666,24,24,7523655.1219200725,11009025.999974797
paragliders,closed,Plains,fixed long segments,511.0,11520801.078125,24,24,9258966.859650735,13642339.365347782
paragliders,closed,Plains,fixed long segments,576.0,14268176.731770834,24,24,11432403.973737981,16938801.940909665
paragliders,closed,Plains,fixed long segments,649.0,17611289.921875,24,24,14042122.210338235,20978787.432494275
paragliders,closed,Plains,fixed long segments,732.0,21729360.276041668,24,24,17204762.448858175,25961710.400951084
paragliders,closed,Plains,fixed long segments,825.0,26835995.46875,24,24,21153610.045599855,32166587.839144733
paragliders,closed,Plains,fixed long segments,931.0,33201496.317708332,24,24,26124076.390459217,39897333.26773611
paragliders,closed,Plains,fixed long segments,1049.0,41039111.994791664,24,24,32167035.08289474,49476731.97898611
paragliders,closed,Plains,fixed long segments,1183.0,50672073.5,24,24,39513542.651726976,61290460.66163637
paragliders,closed,Plains,fixed long segments,1334.0,62556656.755208336,24,24,48501143.82072368,75862577.69411527
paragliders,closed,Plains,fixed long segments,1504.0,77033475.52083333,24,24,59435006.16425,93583957.38943477
paragliders,closed,Plains,fixed long segments,1695.0,94950477.52083333,24,24,72946184.10419792,115548488.28925
paragliders,closed,Plains,fixed long segments,1911.0,116885145.90625,24,24,89374083.43802083,142446612.51644737
paragliders,closed,Plains,fixed long segments,2155.0,144064044.27083334,24,24,109753671.21030505,175877205.2426477
paragliders,closed,Plains,fixed long segments,2429.0,177164635.05208334,24,24,134567456.46759868,216810058.13971424
paragliders,closed,Plains,fixed long segments,2739.0,217510660.96354166,24,24,164767676.09539065,266912809.67566842
paragliders,closed,Plains,fixed long segments,3088.0,266492647.34895834,24,24,201302772.45898438,327245108.6427554
paragliders,closed,Plains,fixed long segments,3481.0,325529029.171875,24,24,245093610.3703125,399620524.85472625
paragliders,closed,Plains,fixed long segments,3925.0,396670574.078125,24,24,298001049.8139137,487410952.42103493
paragliders,closed,Plains,fixed long segments,4425.0,480709571.5729167,24,24,359427593.2475714,591711043.777989
paragliders,closed,Plains,fixed long segments,4989.0,579125738.75,24,24,429759977.0237165,715046044.0972221
paragliders,closed,Plains,fixed long segments,5624.0,692340081.0572916,24,24,510031885.1707552,861823788.2322913
paragliders,closed,Plains,fixed long segments,6341.0,820432339.78125,24,24,600511857.2512228,1029033663.2375
paragliders,closed,Plains,fixed long segments,7149.0,959665722.0729166,24,24,699366615.3849392,1204662917.3791666
paragliders,closed,Plains,fixed long segments,8059.0,1099128660.5208333,24,24,795839914.3088542,1389977200.0128584
paragliders,closed,Plains,fixed long segments,9086.0,1220811182.4010417,24,24,879645650.4480938,1562543746.7205553
paragliders,closed,Plains,fixed long segments,10000.0,1293576252.8307292,24,24,917473292.8590626,1677362800.5753715
paragliders,closed,Hills,available segments,10.0,6724.9823088631965,6325,5159,6685.806663462764,6763.000964595492
paragliders,closed,Hills,available segments,11.0,8067.389310203296,6325,5159,8017.263760266129,8116.639106060889
paragliders,closed,Hills,available segments,12.0,9003.62110808666,6325,5159,8944.292151953396,9064.016051632043
paragliders,closed,Hills,available segments,14.0,12029.57458137821,6325,5159,11950.424603899177,12106.890184379039
paragliders,closed,Hills,available segments,16.0,14977.685552937251,6325,5159,14879.189220064982,15069.404722926545
paragliders,closed,Hills,available segments,18.0,18549.462359768026,6325,5159,18431.726826056565,18663.816392229895
paragliders,closed,Hills,available segments,20.0,21825.27141062611,6325,5159,21682.68105376932,21965.980407370575
paragliders,closed,Hills,available segments,23.0,28152.70445993579,6325,5159,27960.84142336456,28345.930057047768
paragliders,closed,Hills,available segments,25.0,31409.00401371138,6325,5159,31188.151757231808,31626.88625688281
paragliders,closed,Hills,available segments,29.0,42095.00081586983,6325,5159,41798.49385218635,42391.63890491752
paragliders,closed,Hills,available segments,32.0,49488.78098174705,6325,5159,49117.39577876304,49847.08160845209
paragliders,closed,Hills,available segments,37.0,64317.46234300387,6325,5159,63825.26123495961,64797.23930939444
paragliders,closed,Hills,available segments,41.0,77765.03888590276,6325,5159,77176.86916331277,78341.45458285954
paragliders,closed,Hills,available segments,46.0,96475.81580757331,6325,5159,95699.87735398399,97221.97257772056
paragliders,closed,Hills,available segments,52.0,119058.97934900007,6325,5159,118107.08360511318,119996.77387395923
paragliders,closed,Hills,available segments,59.0,152207.60115601658,6324,5159,150978.10902302928,153421.0771253044
paragliders,closed,Hills,available segments,67.0,189740.97011922946,6324,5159,188143.24199542913,191292.019985399
paragliders,closed,Hills,available segments,75.0,233931.1649382487,6323,5158,231933.53932150584,235884.68418111792
paragliders,closed,Hills,available segments,85.0,289153.59313481516,6323,5158,286678.8818292854,291555.5004316224
paragliders,closed,Hills,available segments,95.0,357037.4223370092,6323,5158,353875.51996976836,360130.6398789282
paragliders,closed,Hills,available segments,107.0,438843.82972282846,6322,5157,434854.61060337914,442703.62440699665
paragliders,closed,Hills,available segments,121.0,542150.7083211761,6320,5155,537134.3800058967,547074.8588798321
paragliders,closed,Hills,available segments,137.0,675735.0409883275,6320,5155,669316.1849060699,682032.6685778701
paragliders,closed,Hills,available segments,154.0,827451.1466441525,6320,5155,819421.1845301946,835340.0026559208
paragliders,closed,Hills,available segments,174.0,1022531.9429330755,6319,5154,1012275.2726216355,1032596.9122772946
paragliders,closed,Hills,available segments,196.0,1253390.150103605,6319,5154,1240524.4124503084,1266098.5866513567
paragliders,closed,Hills,available segments,221.0,1534730.367353054,6317,5152,1518431.3265536672,1550690.2493578591
paragliders,closed,Hills,available segments,249.0,1877553.9456463929,6316,5151,1857118.7989768104,1897534.5745494652
paragliders,closed,Hills,available segments,281.0,2292801.7237678673,6314,5149,2266986.435866914,2317629.745251959
paragliders,closed,Hills,available segments,316.0,2783702.9071061085,6313,5149,2751163.7115463233,2814854.0402518194
paragliders,closed,Hills,available segments,357.0,3391829.500516769,6311,5147,3351516.2310842397,3431379.663078343
paragliders,closed,Hills,available segments,402.0,4107049.028327774,6309,5145,4057054.719692367,4155797.196560723
paragliders,closed,Hills,available segments,453.0,4976094.546602647,6309,5145,4913926.791439272,5037430.763096694
paragliders,closed,Hills,available segments,511.0,6018932.900422036,6307,5143,5941248.071079863,6095845.810686463
paragliders,closed,Hills,available segments,576.0,7261478.934245702,6306,5142,7164995.753680112,7357314.559540673
paragliders,closed,Hills,available segments,649.0,8740806.408942264,6304,5141,8620317.71976005,8859977.448580218
paragliders,closed,Hills,available segments,732.0,10513269.263943478,6302,5139,10365176.939245958,10662126.423460487
paragliders,closed,Hills,available segments,825.0,12602404.781697474,6295,5136,12418804.30678249,12788462.617124693
paragliders,closed,Hills,available segments,931.0,15092566.569709606,6287,5130,14859147.533172932,15327597.432405258
paragliders,closed,Hills,available segments,1049.0,17986322.156628378,6281,5125,17694490.422808696,18273267.119379316
paragliders,closed,Hills,available segments,1183.0,21362107.6580661,6275,5120,20996969.317812853,21719541.14693826
paragliders,closed,Hills,available segments,1334.0,25303071.071055777,6240,5098,24857959.445779577,25740300.01716404
paragliders,closed,Hills,available segments,1504.0,29875376.128355503,6171,5044,29311470.962980475,30425342.807128508
paragliders,closed,Hills,available segments,1695.0,35184652.26907912,6076,4972,34494560.264926255,35872663.18294762
paragliders,closed,Hills,available segments,1911.0,41427667.511012815,5900,4841,40560613.65279721,42275255.76210989
paragliders,closed,Hills,available segments,2155.0,48779873.4234209,5676,4677,47714092.988833584,49864390.97663177
paragliders,closed,Hills,available segments,2429.0,57492889.59964484,5352,4418,56130930.14301241,58835581.57881743
paragliders,closed,Hills,available segments,2739.0,68275809.72976838,4908,4065,66499669.49398783,70003258.9760354
paragliders,closed,Hills,available segments,3088.0,81554866.88493271,4354,3639,79292662.6529002,83816240.07303248
paragliders,closed,Hills,available segments,3481.0,98242086.52867953,3738,3153,95239667.83769491,101262982.84685463
paragliders,closed,Hills,available segments,3925.0,122466908.47847354,3000,2566,118364859.9919886,126742267.22273937
paragliders,closed,Hills,available segments,4425.0,155305761.7911274,2318,2015,149538878.17338532,161396425.87669066
paragliders,closed,Hills,available segments,4989.0,198280185.12811053,1728,1520,189768565.11057243,207139025.39569426
paragliders,closed,Hills,available segments,5624.0,258546527.40702224,1214,1087,246613912.21607977,270647196.93056065
paragliders,closed,Hills,available segments,6341.0,338483194.816821,810,738,320915877.0997029,356319782.29046565
paragliders,closed,Hills,available segments,7149.0,434042247.74758685,518,477,406647741.7619687,460216878.4426212
paragliders,closed,Hills,available segments,8059.0,570067029.722807,285,272,523770307.8017878,617178569.3138869
paragliders,closed,Hills,available segments,9086.0,767394930.3962264,159,152,695194710.4036096,847315642.8470432
paragliders,closed,Hills,available segments,10000.0,915601554.3092784,97,92,811121605.9554254,1033127067.4924923
paragliders,closed,Hills,fixed long segments,10.0,8579.530796955542,97,92,8264.05241313078,8890.359128595986
paragliders,closed,Hills,fixed long segments,11.0,10319.419735623389,97,92,9897.534253695703,10724.214917324764
paragliders,closed,Hills,fixed long segments,12.0,11403.789782337306,97,92,10905.703805087544,11894.775261244213
paragliders,closed,Hills,fixed long segments,14.0,15710.24475978576,97,92,14956.8118017862,16459.66084857103
paragliders,closed,Hills,fixed long segments,16.0,20134.852810889177,97,92,19321.906202248196,20927.906807220574
paragliders,closed,Hills,fixed long segments,18.0,25175.75462105348,97,92,24222.348876477525,26129.829980870305
paragliders,closed,Hills,fixed long segments,20.0,29628.557345360823,97,92,28584.66415423769,30732.648360942323
paragliders,closed,Hills,fixed long segments,23.0,39072.69863482603,97,92,37473.82221957216,40857.44491033686
paragliders,closed,Hills,fixed long segments,25.0,43216.769410438144,97,92,41415.45229877618,45086.71959145555
paragliders,closed,Hills,fixed long segments,29.0,59417.89308150773,97,92,57252.68775152639,61617.86182320954
paragliders,closed,Hills,fixed long segments,32.0,69619.06576192011,97,92,66892.75049291366,72412.42041078367
paragliders,closed,Hills,fixed long segments,37.0,92201.82997744845,97,92,88629.53317714717,95813.41513994559
paragliders,closed,Hills,fixed long segments,41.0,111756.34052835051,97,92,107428.78933241306,116193.40608555585
paragliders,closed,Hills,fixed long segments,46.0,141541.5384181701,97,92,135832.63080245833,147303.61884171978
paragliders,closed,Hills,fixed long segments,52.0,174402.20352770618,97,92,167172.5805642833,181692.01623671534
paragliders,closed,Hills,fixed long segments,59.0,226539.64465206186,97,92,217370.44161137484,235913.2798951692
paragliders,closed,Hills,fixed long segments,67.0,284423.76659149484,97,92,272872.87143322575,296074.75551820383
paragliders,closed,Hills,fixed long segments,75.0,354428.45038659795,97,92,340031.6223361269,369164.43700561207
paragliders,closed,Hills,fixed long segments,85.0,438674.88273195876,97,92,419931.26493009867,457970.90469888673
paragliders,closed,Hills,fixed long segments,95.0,550207.9149484537,97,92,527309.8256632446,574054.9713265598
paragliders,closed,Hills,fixed long segments,107.0,680816.8527706185,97,92,652067.6865382339,710550.5948796051
paragliders,closed,Hills,fixed long segments,121.0,847943.5673324743,97,92,811199.9588701924,886246.7326869929
paragliders,closed,Hills,fixed long segments,137.0,1069122.467783505,97,92,1022723.034921875,1118047.504333242
paragliders,closed,Hills,fixed long segments,154.0,1323431.6707474226,97,92,1264098.5424369748,1386049.7869578323
paragliders,closed,Hills,fixed long segments,174.0,1656149.6862113401,97,92,1579756.2678682883,1736133.2785922897
paragliders,closed,Hills,fixed long segments,196.0,2057006.9130154639,97,92,1959994.9608200572,2156873.5459393263
paragliders,closed,Hills,fixed long segments,221.0,2544903.430412371,97,92,2423045.6556098093,2671601.925172095
paragliders,closed,Hills,fixed long segments,249.0,3159556.3286082475,97,92,3006985.2129603797,3318940.104586286
paragliders,closed,Hills,fixed long segments,281.0,3908080.717783505,97,92,3716351.8867885047,4111322.978061383
paragliders,closed,Hills,fixed long segments,316.0,4821193.06185567,97,92,4580475.385471698,5078068.240515627
paragliders,closed,Hills,fixed long segments,357.0,5967889.012886598,97,92,5668735.144088172,6295116.86053964
paragliders,closed,Hills,fixed long segments,402.0,7338515.304123712,97,92,6963253.051355783,7748564.013775891
paragliders,closed,Hills,fixed long segments,453.0,9057351.456185566,97,92,8580519.646379951,9576251.25430004
paragliders,closed,Hills,fixed long segments,511.0,11164194.902061855,97,92,10562951.116950916,11822573.257752521
paragliders,closed,Hills,fixed long segments,576.0,13753256.62886598,97,92,12993751.981701445,14581794.4734375
paragliders,closed,Hills,fixed long segments,649.0,16909108.974226803,97,92,15955239.017438956,17957923.934001196
paragliders,closed,Hills,fixed long segments,732.0,20808276.60824742,97,92,19601520.534102976,22112145.323004514
paragliders,closed,Hills,fixed long segments,825.0,25593818.3814433,97,92,24072877.1608444,27234905.58824791
paragliders,closed,Hills,fixed long segments,931.0,31556615.11340206,97,92,29643037.326639768,33597213.0864477
paragliders,closed,Hills,fixed long segments,1049.0,38791140.35051546,97,92,36388749.27024287,41378261.16424457
paragliders,closed,Hills,fixed long segments,1183.0,47724548.185567014,97,92,44703850.240181416,50937380.17736895
paragliders,closed,Hills,fixed long segments,1334.0,58663371.2371134,97,92,54873122.5160143,62708398.30966059
paragliders,closed,Hills,fixed long segments,1504.0,72072867.93814433,97,92,67330995.20725124,77177407.92428571
paragliders,closed,Hills,fixed long segments,1695.0,88479026.08247423,97,92,82677703.89401107,94894151.42895132
paragliders,closed,Hills,fixed long segments,1911.0,108483471.58762887,97,92,101336618.93723775,116523886.77494553
paragliders,closed,Hills,fixed long segments,2155.0,133015099.7113402,97,92,124058082.86346154,143116475.24497893
paragliders,closed,Hills,fixed long segments,2429.0,162512491.7525773,97,92,151113918.0125,175068626.5855192
paragliders,closed,Hills,fixed long segments,2739.0,198143114.88659793,97,92,184203015.17803922,213713433.19704083
paragliders,closed,Hills,fixed long segments,3088.0,240541360.41237113,97,92,223192961.27458647,260047285.41644815
paragliders,closed,Hills,fixed long segments,3481.0,290479638.92783505,97,92,269094739.09867716,314294608.2501017
paragliders,closed,Hills,fixed long segments,3925.0,348915836.53608245,97,92,322409390.78410864,378191351.6443309
paragliders,closed,Hills,fixed long segments,4425.0,415612878.5979381,97,92,382940664.37523603,451509658.2208836
paragliders,closed,Hills,fixed long segments,4989.0,489948144.3298969,97,92,450162821.183383,533732722.51225513
paragliders,closed,Hills,fixed long segments,5624.0,570389465.9793814,97,92,522221400.99248564,622914216.0410489
paragliders,closed,Hills,fixed long segments,6341.0,654782783.9175258,97,92,596846121.7078788,717956421.8215115
paragliders,closed,Hills,fixed long segments,7149.0,738987572.2061856,97,92,669171180.9287556,814083001.0487864
paragliders,closed,Hills,fixed long segments,8059.0,817353198.4329897,97,92,734782386.0222391,908659661.7812064
paragliders,closed,Hills,fixed long segments,9086.0,881005935.8350515,97,92,785154051.2356589,987679647.9020697
paragliders,closed,Hills,fixed long segments,10000.0,915601554.3092784,97,92,811121605.9554254,1033127067.4924923
paragliders,closed,Low mountains,available segments,10.0,7435.46859394009,50277,27676,7414.969030270143,7455.942996728203
paragliders,closed,Low mountains,available segments,11.0,8973.054714096103,50277,27676,8948.25419547554,8997.863231459402
paragliders,closed,Low mountains,available segments,12.0,10026.789223768672,50277,27676,9995.703921126118,10057.984949450805
paragliders,closed,Low mountains,available segments,14.0,13794.536676954793,50277,27676,13754.698142504216,13833.779941716732
paragliders,closed,Low mountains,available segments,16.0,17069.316873377396,50277,27676,17019.255303824088,17118.45925987765
paragliders,closed,Low mountains,available segments,18.0,21602.521678449633,50277,27676,21537.737729567794,21668.051281056014
paragliders,closed,Low mountains,available segments,20.0,25485.988096269648,50277,27676,25405.24114905055,25563.91299344821
paragliders,closed,Low mountains,available segments,23.0,33399.20747568596,50277,27676,33292.19149690002,33505.41274842486
paragliders,closed,Low mountains,available segments,25.0,37132.89629933491,50277,27676,37002.99188341951,37261.38773221088
paragliders,closed,Low mountains,available segments,29.0,49985.694759841695,50277,27676,49808.9804520669,50154.36842053022
paragliders,closed,Low mountains,available segments,32.0,58692.33050542578,50277,27676,58476.63884109825,58894.527119579754
paragliders,closed,Low mountains,available segments,37.0,76376.53176791404,50277,27676,76093.2284964648,76650.52938146514
paragliders,closed,Low mountains,available segments,41.0,92801.40724433599,50277,27676,92449.38682551196,93136.52657238978
paragliders,closed,Low mountains,available segments,46.0,115397.85240919441,50277,27676,114959.150995814,115831.85868492321
paragliders,closed,Low mountains,available segments,52.0,142867.653008085,50274,27673,142290.6308614468,143431.23958532457
paragliders,closed,Low mountains,available segments,59.0,183867.57001570053,50273,27672,183122.6398538329,184587.05211047395
paragliders,closed,Low mountains,available segments,67.0,229362.29541995242,50271,27672,228393.63048605216,230313.9382498618
paragliders,closed,Low mountains,available segments,75.0,284254.71733831445,50270,27672,283025.56708105624,285437.145939081
paragliders,closed,Low mountains,available segments,85.0,353241.47218775755,50267,27672,351602.02224833437,354753.01636227325
paragliders,closed,Low mountains,available segments,95.0,437764.7608890508,50263,27670,435734.11591147736,439668.8417907867
paragliders,closed,Low mountains,available segments,107.0,540369.4701806088,50261,27670,537772.3385348984,542803.3932791243
paragliders,closed,Low mountains,available segments,121.0,671930.623752122,50256,27667,668560.0168204383,675068.7950290808
paragliders,closed,Low mountains,available segments,137.0,842370.0004939187,50251,27666,838020.479593624,846380.0368173877
paragliders,closed,Low mountains,available segments,154.0,1040387.7849839478,50245,27665,1034904.6880928904,1045453.5134458991
paragliders,closed,Low mountains,available segments,174.0,1295385.2003485868,50238,27662,1288318.2463113305,1301825.71350455
paragliders,closed,Low mountains,available segments,196.0,1598246.943818463,50235,27661,1589301.2455097772,1606443.2951990762
paragliders,closed,Low mountains,available segments,221.0,1973200.1517498014,50225,27657,1961916.301487667,1983607.2775511134
paragliders,closed,Low mountains,available segments,249.0,2434875.517272223,50217,27653,2420448.9681127723,2447983.1887593493
paragliders,closed,Low mountains,available segments,281.0,2999031.9871070688,50211,27650,2980908.7119831564,3015798.568054628
paragliders,closed,Low mountains,available segments,316.0,3674473.014850722,50203,27644,3651693.840791028,3695718.16454849
paragliders,closed,Low mountains,available segments,357.0,4523126.544065877,50191,27641,4494277.050878846,4550347.238087396
paragliders,closed,Low mountains,available segments,402.0,5529914.356437198,50184,27639,5493384.153468857,5564255.524167236
paragliders,closed,Low mountains,available segments,453.0,6769674.251028829,50169,27630,6723759.077369233,6812944.107100809
paragliders,closed,Low mountains,available segments,511.0,8271225.10202134,50153,27623,8213326.627492586,8326138.759076155
paragliders,closed,Low mountains,available segments,576.0,10082937.51607967,50139,27613,10010859.556233793,10152873.227218313
paragliders,closed,Low mountains,available segments,649.0,12255747.186690986,50111,27600,12164965.17820293,12342824.42511148
paragliders,closed,Low mountains,available segments,732.0,14884863.950581715,50095,27592,14770577.950077387,14993426.127159411
paragliders,closed,Low mountains,available segments,825.0,18027744.525192995,50070,27581,17883674.504980516,18165030.72806098
paragliders,closed,Low mountains,available segments,931.0,21827451.19152269,50029,27561,21649041.86708516,22001017.750079945
paragliders,closed,Low mountains,available segments,1049.0,26298604.896874417,49986,27538,26072264.28010306,26518238.08234649
paragliders,closed,Low mountains,available segments,1183.0,31613490.766444184,49924,27508,31326560.28243882,31897055.167106915
paragliders,closed,Low mountains,available segments,1334.0,37910615.30082329,49734,27407,37556410.359899975,38274420.22689102
paragliders,closed,Low mountains,available segments,1504.0,45365599.91932245,49374,27198,44906391.23544675,45825645.500430085
paragliders,closed,Low mountains,available segments,1695.0,54209682.2115951,48758,26858,53639206.74974603,54782824.5037257
paragliders,closed,Low mountains,available segments,1911.0,64724566.38644741,47795,26349,63999192.8444025,65443370.49780968
paragliders,closed,Low mountains,available segments,2155.0,77424198.25742255,46412,25564,76512132.18310155,78330033.34321576
paragliders,closed,Low mountains,available segments,2429.0,92856022.42001468,44426,24490,91678520.61233313,94025944.46622269
paragliders,closed,Low mountains,available segments,2739.0,111749496.672848,41965,23106,110230075.38158114,113261683.82134862
paragliders,closed,Low mountains,available segments,3088.0,135548150.39898065,38862,21345,133603562.21592109,137475041.92111012
paragliders,closed,Low mountains,available segments,3481.0,165569059.40516996,35258,19295,163100535.87752694,168030920.0065445
paragliders,closed,Low mountains,available segments,3925.0,204851709.77526927,31127,16980,201683838.21143028,208152476.25404334
paragliders,closed,Low mountains,available segments,4425.0,254940623.19401377,26868,14607,250842953.83295265,259323112.6393419
paragliders,closed,Low mountains,available segments,4989.0,321426062.52775323,22408,12147,315893710.7795619,327201869.6436986
paragliders,closed,Low mountains,available segments,5624.0,407444134.2155373,18116,9867,399931613.7262986,415447776.51388663
paragliders,closed,Low mountains,available segments,6341.0,518989779.9101106,14222,7736,508300081.9358466,530302532.79765743
paragliders,closed,Low mountains,available segments,7149.0,658979769.5883511,10865,5961,643468499.6635768,674532458.8031045
paragliders,closed,Low mountains,available segments,8059.0,844869000.5581948,7890,4402,824111483.5919696,865993197.483694
paragliders,closed,Low mountains,available segments,9086.0,1089674182.069923,5456,3077,1060220706.726339,1119622838.1880596
paragliders,closed,Low mountains,available segments,10000.0,1339409368.161564,3887,2241,1301191403.6389985,1378794211.0381742
paragliders,closed,Low mountains,fixed long segments,10.0,8867.805183883678,3887,2241,8795.827287473192,8940.458230165257
paragliders,closed,Low mountains,fixed long segments,11.0,10712.999793859139,3887,2241,10630.10605197895,10797.837828539072
paragliders,closed,Low mountains,fixed long segments,12.0,12108.140118880845,3887,2241,12002.105147714343,12222.581121320276
paragliders,closed,Low mountains,fixed long segments,14.0,16615.372015542594,3887,2241,16478.940288895312,16756.773979072004
paragliders,closed,Low mountains,fixed long segments,16.0,21033.722871309816,3887,2241,20856.472537527097,21207.88379783536
paragliders,closed,Low mountains,fixed long segments,18.0,26549.880256654797,3887,2241,26332.521603133588,26765.328424004827
paragliders,closed,Low mountains,fixed long segments,20.0,31655.919472912512,3887,2241,31392.506801920295,31921.057982551258
paragliders,closed,Low mountains,fixed long segments,23.0,41630.68379624791,3887,2241,41276.48379966899,41998.70229379169
paragliders,closed,Low mountains,fixed long segments,25.0,46864.62445129599,3887,2241,46429.159714363,47331.02678056101
paragliders,closed,Low mountains,fixed long segments,29.0,63842.85936143314,3887,2241,63265.89589359748,64410.43832281453
paragliders,closed,Low mountains,fixed long segments,32.0,75521.23709741607,3887,2241,74826.64824783185,76239.6970220138
paragliders,closed,Low mountains,fixed long segments,37.0,99613.27877078242,3887,2241,98651.53922816733,100573.185616065
paragliders,closed,Low mountains,fixed long segments,41.0,121237.87217407384,3887,2241,120109.63671133194,122404.72062857129
paragliders,closed,Low mountains,fixed long segments,46.0,152208.76592548078,3887,2241,150744.86731157967,153668.85734610521
paragliders,closed,Low mountains,fixed long segments,52.0,189332.3138114629,3887,2241,187475.8633499909,191235.75251783303
paragliders,closed,Low mountains,fixed long segments,59.0,245008.12068071455,3887,2241,242612.39918418188,247401.84059964636
paragliders,closed,Low mountains,fixed long segments,67.0,308905.9026382011,3887,2241,305800.01163157646,312012.9730784552
paragliders,closed,Low mountains,fixed long segments,75.0,385122.15133779263,3887,2241,381230.6684304482,389034.6882125576
paragliders,closed,Low mountains,fixed long segments,85.0,481442.2156185683,3887,2241,476368.8364328312,486530.92530721315
paragliders,closed,Low mountains,fixed long segments,95.0,601131.8187789426,3887,2241,594869.9459494749,607429.1556028308
paragliders,closed,Low mountains,fixed long segments,107.0,747460.2206272511,3887,2241,739527.8438975553,755394.0634963568
paragliders,closed,Low mountains,fixed long segments,121.0,936323.7748142848,3887,2241,926367.6056261224,946498.1255399834
paragliders,closed,Low mountains,fixed long segments,137.0,1183578.8043639052,3887,2241,1170679.7612903884,1196548.8777394006
paragliders,closed,Low mountains,fixed long segments,154.0,1469885.5349321456,3887,2241,1453700.0765815591,1486303.3711345308
paragliders,closed,Low mountains,fixed long segments,174.0,1845744.2330685619,3887,2241,1825256.9791891007,1866786.2737740541
paragliders,closed,Low mountains,fixed long segments,196.0,2298735.14992282,3887,2241,2272790.7395289834,2324991.2883633547
paragliders,closed,Low mountains,fixed long segments,221.0,2861858.104643684,3887,2241,2829021.8500513327,2895140.799361175
paragliders,closed,Low mountains,fixed long segments,249.0,3563500.5215944173,3887,2241,3522006.057694333,3605729.578397405
paragliders,closed,Low mountains,fixed long segments,281.0,4432871.48247363,3887,2241,4380593.3127197195,4485963.572187931
paragliders,closed,Low mountains,fixed long segments,316.0,5487234.443047337,3887,2241,5421286.316552906,5553791.682132857
paragliders,closed,Low mountains,fixed long segments,357.0,6829269.197967584,3887,2241,6745555.620372019,6914301.318867338
paragliders,closed,Low mountains,fixed long segments,402.0,8441708.116252894,3887,2241,8336493.538705025,8548384.470653024
paragliders,closed,Low mountains,fixed long segments,453.0,10460099.971218163,3887,2241,10327802.89683926,10595025.767072137
paragliders,closed,Low mountains,fixed long segments,511.0,12952317.48372781,3887,2241,12784926.042737437,13121287.118209314
paragliders,closed,Low mountains,fixed long segments,576.0,16018978.300939027,3887,2241,15806183.741000772,16233181.78944408
paragliders,closed,Low mountains,fixed long segments,649.0,19770181.189735014,3887,2241,19502085.286043666,20038746.150979776
paragliders,closed,Low mountains,fixed long segments,732.0,24420229.56225881,3887,2241,24081681.179549903,24759326.130878218
paragliders,closed,Low mountains,fixed long segments,825.0,30125685.100848984,3887,2241,29700079.048438195,30551734.02661287
paragliders,closed,Low mountains,fixed long segments,931.0,37240654.01878055,3887,2241,36702383.45771344,37778132.31862668
paragliders,closed,Low mountains,fixed long segments,1049.0,45891060.27013121,3887,2241,45213760.00406882,46564154.141338445
paragliders,closed,Low mountains,fixed long segments,1183.0,56584577.33239002,3887,2241,55733008.56397559,57437951.28037326
paragliders,closed,Low mountains,fixed long segments,1334.0,69720686.22691022,3887,2241,68645618.51703784,70794375.83922614
paragliders,closed,Low mountains,fixed long segments,1504.0,85826898.0918446,3887,2241,84465526.71841669,87170563.63133307
paragliders,closed,Low mountains,fixed long segments,1695.0,105576561.03267302,3887,2241,103855100.64642413,107277793.12341343
paragliders,closed,Low mountains,fixed long segments,1911.0,129766760.97736043,3887,2241,127594676.19433695,131939485.06884599
paragliders,closed,Low mountains,fixed long segments,2155.0,159478673.84075123,3887,2241,156742259.9289933,162196162.1768792
paragliders,closed,Low mountains,fixed long segments,2429.0,195503187.63210702,3887,2241,192068165.2869269,198939284.2759133
paragliders,closed,Low mountains,fixed long segments,2739.0,239419343.9408284,3887,2241,235063746.25363034,243725147.50525293
paragliders,closed,Low mountains,fixed long segments,3088.0,292387809.06508875,3887,2241,286935963.5291984,297842923.09314007
paragliders,closed,Low mountains,fixed long segments,3481.0,355838998.29945976,3887,2241,349002886.4320603,362666221.5952609
paragliders,closed,Low mountains,fixed long segments,3925.0,431617627.4309236,3887,2241,423110122.16291183,440186305.943954
paragliders,closed,Low mountains,fixed long segments,4425.0,520723573.0414201,3887,2241,510095390.09178257,531363410.37276095
paragliders,closed,Low mountains,fixed long segments,4989.0,624106020.7213789,3887,2241,610912795.2143869,637273717.8429558
paragliders,closed,Low mountains,fixed long segments,5624.0,741223685.342938,3887,2241,724972039.1503453,757487513.5490838
paragliders,closed,Low mountains,fixed long segments,6341.0,870562875.6768717,3887,2241,850321128.4987144,890696480.3513794
paragliders,closed,Low mountains,fixed long segments,7149.0,1007197168.7121173,3887,2241,982824817.4553152,1032148155.4779228
paragliders,closed,Low mountains,fixed long segments,8059.0,1142547005.6537175,3887,2241,1113118671.1477687,1172542992.2903993
paragliders,closed,Low mountains,fixed long segments,9086.0,1264091927.213275,3887,2241,1229847828.1910062,1299840097.3844311
paragliders,closed,Low mountains,fixed long segments,10000.0,1339409368.161564,3887,2241,1301191403.6389985,1378794211.0381742
paragliders,closed,High mountains,available segments,10.0,8124.829387676068,30139,17502,8095.224345863194,8155.320602948102
paragliders,closed,High mountains,available segments,11.0,9801.314467419452,30139,17502,9765.946960984304,9838.67436724394
paragliders,closed,High mountains,available segments,12.0,11010.952816253592,30139,17502,10967.462038239555,11055.729770564083
paragliders,closed,High mountains,available segments,14.0,14984.30688641439,30139,17502,14925.889268307234,15043.455110393726
paragliders,closed,High mountains,available segments,16.0,18655.66499072438,30139,17502,18582.357818161614,18731.37089143804
paragliders,closed,High mountains,available segments,18.0,23452.744869317376,30139,17502,23357.962971930323,23551.229915422864
paragliders,closed,High mountains,available segments,20.0,27828.57209873395,30139,17502,27713.580599891447,27948.96826608123
paragliders,closed,High mountains,available segments,23.0,36432.309016575586,30139,17502,36272.92149277115,36598.14277867408
paragliders,closed,High mountains,available segments,25.0,40795.60041051964,30139,17502,40607.584403871486,40985.93826490379
paragliders,closed,High mountains,available segments,29.0,54733.364604631184,30139,17502,54474.22230810581,54992.368749215144
paragliders,closed,High mountains,available segments,32.0,64712.26705229603,30139,17502,64404.15111210317,65032.76838035635
paragliders,closed,High mountains,available segments,37.0,84362.25728914786,30139,17502,83945.81770605574,84782.86955624836
paragliders,closed,High mountains,available segments,41.0,102481.54373006267,30139,17502,101964.46993166799,103021.37384906245
paragliders,closed,High mountains,available segments,46.0,127664.10703256923,30139,17502,127015.65372101724,128334.16464184895
paragliders,closed,High mountains,available segments,52.0,158671.6420109272,30135,17501,157831.83665970244,159543.84625119576
paragliders,closed,High mountains,available segments,59.0,203821.17958036804,30131,17499,202725.19549529185,204974.08146687638
paragliders,closed,High mountains,available segments,67.0,255434.7269700773,30128,17496,254034.82493464588,256931.2623918851
paragliders,closed,High mountains,available segments,75.0,316512.3002673018,30128,17496,314734.1445459108,318380.30702718225
paragliders,closed,High mountains,available segments,85.0,394542.2483576767,30125,17494,392220.4549581593,396930.42172089766
paragliders,closed,High mountains,available segments,95.0,489105.7651376365,30123,17493,486235.67596957023,492122.91029726045
paragliders,closed,High mountains,available segments,107.0,605571.5055334165,30117,17490,601936.8011874155,609422.5673782668
paragliders,closed,High mountains,available segments,121.0,754633.2056953866,30111,17486,749919.7490336057,759521.6137723911
paragliders,closed,High mountains,available segments,137.0,947428.0993006242,30103,17483,941337.6197538003,953710.2222940472
paragliders,closed,High mountains,available segments,154.0,1171866.0933966348,30099,17481,1164200.104051022,1179785.7819435145
paragliders,closed,High mountains,available segments,174.0,1461061.3153207244,30095,17480,1451311.5396927677,1471067.911933297
paragliders,closed,High mountains,available segments,196.0,1806036.8460486324,30093,17479,1793568.627887939,1818640.3199423924
paragliders,closed,High mountains,available segments,221.0,2233352.3629018865,30090,17478,2217656.65552388,2249400.150340076
paragliders,closed,High mountains,available segments,249.0,2759680.7457354027,30084,17476,2740168.921091469,2779849.742312109
paragliders,closed,High mountains,available segments,281.0,3405900.227606882,30078,17472,3380778.999644606,3431495.4216949125
paragliders,closed,High mountains,available segments,316.0,4178316.363177237,30076,17471,4147082.6405938487,4210323.63948199
paragliders,closed,High mountains,available segments,357.0,5150165.456106688,30073,17470,5110157.797382012,5191042.01132469
paragliders,closed,High mountains,available segments,402.0,6305579.248083765,30065,17467,6254796.401655877,6357286.134915041
paragliders,closed,High mountains,available segments,453.0,7726792.531909894,30063,17465,7661676.901003647,7791223.356335219
paragliders,closed,High mountains,available segments,511.0,9456920.664488165,30053,17460,9375552.800288968,9538031.69517806
paragliders,closed,High mountains,available segments,576.0,11544914.049210515,30043,17452,11441634.444366341,11647667.90558089
paragliders,closed,High mountains,available segments,649.0,14057651.700559415,30030,17445,13928220.448607493,14187955.56813354
paragliders,closed,High mountains,available segments,732.0,17120018.620745756,30020,17441,16956624.062260352,17284339.35607991
paragliders,closed,High mountains,available segments,825.0,20798501.16052216,30006,17433,20593557.69224366,21007293.291595664
paragliders,closed,High mountains,available segments,931.0,25286527.5251803,29984,17423,25026455.987892788,25553207.566271342
paragliders,closed,High mountains,available segments,1049.0,30615556.55705929,29957,17412,30287089.58891075,30950364.077102862
paragliders,closed,High mountains,available segments,1183.0,37050804.99148286,29921,17395,36635057.653396115,37473950.06482306
paragliders,closed,High mountains,available segments,1334.0,44841531.47079816,29757,17306,44316376.64955269,45384402.11708366
paragliders,closed,High mountains,available segments,1504.0,54293240.60853661,29488,17157,53626396.20801327,54972396.93722547
paragliders,closed,High mountains,available segments,1695.0,65775589.59346532,29103,16953,64918115.33761785,66622607.729117855
paragliders,closed,High mountains,available segments,1911.0,79878339.12969175,28561,16645,78801839.21149641,80951385.80166392
paragliders,closed,High mountains,available segments,2155.0,97283117.50501929,27843,16226,95888239.40682125,98667037.5721241
paragliders,closed,High mountains,available segments,2429.0,119225598.77601288,26819,15631,117483087.11212464,120993247.36893511
paragliders,closed,High mountains,available segments,2739.0,146708977.699883,25599,14925,144482970.02227613,149002589.3948706
paragliders,closed,High mountains,available segments,3088.0,181031112.4070561,24189,14099,178191976.66714388,183918368.3075187
paragliders,closed,High mountains,available segments,3481.0,224489227.94640258,22555,13133,220605504.93754974,228243335.60669547
paragliders,closed,High mountains,available segments,3925.0,280727997.0485325,20703,12035,275723132.20825285,285545587.7270533
paragliders,closed,High mountains,available segments,4425.0,351793579.8151549,18729,10912,345426048.47900957,358108438.9285882
paragliders,closed,High mountains,available segments,4989.0,446246423.2113833,16570,9734,437797059.1710509,454576319.94977415
paragliders,closed,High mountains,available segments,5624.0,567149157.3635963,14463,8551,556434639.9483343,577769383.2086096
paragliders,closed,High mountains,available segments,6341.0,724418814.7900277,12364,7407,710484483.4649303,737721666.4580798
paragliders,closed,High mountains,available segments,7149.0,918356496.9565065,10459,6336,900820071.540454,936445741.4100249
paragliders,closed,High mountains,available segments,8059.0,1146994560.8686616,8768,5349,1124608346.479735,1169836192.4376316
paragliders,closed,High mountains,available segments,9086.0,1409082657.7519045,7136,4365,1378678525.4757385,1439288358.388453
paragliders,closed,High mountains,available segments,10000.0,1663330971.6312826,5770,3612,1625630747.5301247,1702797217.1494708
paragliders,closed,High mountains,fixed long segments,10.0,9489.455984110973,5770,3612,9419.056755693855,9565.992902197984
paragliders,closed,High mountains,fixed long segments,11.0,11462.217814649453,5770,3612,11379.113452195415,11555.189633462978
paragliders,closed,High mountains,fixed long segments,12.0,13013.596830572329,5770,3612,12912.124850238954,13126.26696560863
paragliders,closed,High mountains,fixed long segments,14.0,17739.290799579587,5770,3612,17606.61237216713,17879.814967870578
paragliders,closed,High mountains,fixed long segments,16.0,22371.475462386265,5770,3612,22205.11629936834,22553.452133357216
paragliders,closed,High mountains,fixed long segments,18.0,28204.045628486514,5770,3612,27991.421570952218,28434.756199182924
paragliders,closed,High mountains,fixed long segments,20.0,33832.95788967721,5770,3612,33569.82842307863,34121.275285702446
paragliders,closed,High mountains,fixed long segments,23.0,44624.80018448061,5770,3612,44274.85337190497,45007.6694756573
paragliders,closed,High mountains,fixed long segments,25.0,50549.624726156304,5770,3612,50123.60095943298,51006.70346303515
paragliders,closed,High mountains,fixed long segments,29.0,68278.00960043869,5770,3612,67726.8365346043,68872.61948498676
paragliders,closed,High mountains,fixed long segments,32.0,81338.632959069,5770,3612,80650.48442584208,82101.44818893854
paragliders,closed,High mountains,fixed long segments,37.0,107048.00324144281,5770,3612,106132.2594691507,108053.99452946769
paragliders,closed,High mountains,fixed long segments,41.0,130548.36133760291,5770,3612,129416.9454118249,131775.66098053608
paragliders,closed,High mountains,fixed long segments,46.0,163664.05690939125,5770,3612,162275.54438286004,165170.31183671713
paragliders,closed,High mountains,fixed long segments,52.0,204787.28643508992,5770,3612,202941.76672480913,206770.34019591587
paragliders,closed,High mountains,fixed long segments,59.0,264026.30889230396,5770,3612,261735.29704179752,266506.2395330449
paragliders,closed,High mountains,fixed long segments,67.0,333609.0203585355,5770,3612,330596.2815678705,336846.19076201133
paragliders,closed,High mountains,fixed long segments,75.0,415252.68523207324,5770,3612,411520.41431070253,419229.2465088348
paragliders,closed,High mountains,fixed long segments,85.0,521478.3069242851,5770,3612,516664.28648160555,526648.0457131356
paragliders,closed,High mountains,fixed long segments,95.0,649150.6163913561,5770,3612,643274.3764104792,655411.3697478081
paragliders,closed,High mountains,fixed long segments,107.0,808923.698924935,5770,3612,801395.5498325735,816881.3444708035
paragliders,closed,High mountains,fixed long segments,121.0,1014828.2771690858,5770,3612,1005301.0845833018,1024972.2488228081
paragliders,closed,High mountains,fixed long segments,137.0,1282103.514742201,5770,3612,1269990.5974124663,1294938.6674531517
paragliders,closed,High mountains,fixed long segments,154.0,1595219.9558438042,5770,3612,1580123.9415190576,1611382.9608496062
paragliders,closed,High mountains,fixed long segments,174.0,2002978.753531196,5770,3612,1983936.1127630912,2023268.2561809255
paragliders,closed,High mountains,fixed long segments,196.0,2494002.008524697,5770,3612,2470032.832612866,2519161.486926509
paragliders,closed,High mountains,fixed long segments,221.0,3107062.132241118,5770,3612,3076782.8076482015,3138783.7487138184
paragliders,closed,High mountains,fixed long segments,249.0,3868640.8786611785,5770,3612,3830724.041011958,3908397.9086354384
paragliders,closed,High mountains,fixed long segments,281.0,4815658.291345321,5770,3612,4767497.805204301,4865750.649400283
paragliders,closed,High mountains,fixed long segments,316.0,5960684.841995234,5770,3612,5900725.4354246445,6023922.169864286
paragliders,closed,High mountains,fixed long segments,357.0,7420914.37162045,5770,3612,7345763.36086081,7500585.680691492
paragliders,closed,High mountains,fixed long segments,402.0,9179316.492352687,5770,3612,9085244.958506245,9277872.309485462
paragliders,closed,High mountains,fixed long segments,453.0,11372979.031867418,5770,3612,11255915.267812926,11496091.382951403
paragliders,closed,High mountains,fixed long segments,511.0,14089028.438691508,5770,3612,13941971.777636448,14244255.424023235
paragliders,closed,High mountains,fixed long segments,576.0,17425133.44046794,5770,3612,17239124.463221483,17618544.550439842
paragliders,closed,High mountains,fixed long segments,649.0,21516951.771967072,5770,3612,21281723.45469285,21759595.566672944
paragliders,closed,High mountains,fixed long segments,732.0,26600598.05246967,5770,3612,26302706.34644451,26907848.39556872
paragliders,closed,High mountains,fixed long segments,825.0,32841612.64181109,5770,3612,32466032.330442335,33229453.152677212
paragliders,closed,High mountains,fixed long segments,931.0,40637838.58886482,5770,3612,40161339.175896406,41128160.12345345
paragliders,closed,High mountains,fixed long segments,1049.0,50135887.043327555,5770,3612,49528560.87865869,50755297.812479064
paragliders,closed,High mountains,fixed long segments,1183.0,61937385.41980069,5770,3612,61178502.47175786,62718511.940440215
paragliders,closed,High mountains,fixed long segments,1334.0,76474888.65818891,5770,3612,75518887.02211946,77463907.2279164
paragliders,closed,High mountains,fixed long segments,1504.0,94373991.67097054,5770,3612,93167853.43651155,95626482.30607137
paragliders,closed,High mountains,fixed long segments,1695.0,116385508.03418544,5770,3612,114872576.7997002,117960943.1463465
paragliders,closed,High mountains,fixed long segments,1911.0,143501248.4397747,5770,3612,141589531.8763134,145491410.61796996
paragliders,closed,High mountains,fixed long segments,2155.0,176925553.13080588,5770,3612,174508498.45236558,179408280.09602237
paragliders,closed,High mountains,fixed long segments,2429.0,217663832.62231368,5770,3612,214633307.74088192,220785601.92843089
paragliders,closed,High mountains,fixed long segments,2739.0,267587153.80983534,5770,3612,263773519.91802132,271545640.52805716
paragliders,closed,High mountains,fixed long segments,3088.0,328096048.87361354,5770,3612,323278552.6334661,333090266.70949334
paragliders,closed,High mountains,fixed long segments,3481.0,400979230.68574524,5770,3612,394980682.9768522,407257159.3359755
paragliders,closed,High mountains,fixed long segments,3925.0,488589930.92759967,5770,3612,481040948.1917444,496461665.652098
paragliders,closed,High mountains,fixed long segments,4425.0,592471658.4155546,5770,3612,583072265.7929937,602377723.7047737
paragliders,closed,High mountains,fixed long segments,4989.0,714473014.9872617,5770,3612,702930402.5463306,726848033.1540415
paragliders,closed,High mountains,fixed long segments,5624.0,855247982.1214905,5770,3612,841053164.6809146,870475103.3723787
paragliders,closed,High mountains,fixed long segments,6341.0,1014816202.6354419,5770,3612,997248754.9621115,1033499517.8633506
paragliders,closed,High mountains,fixed long segments,7149.0,1189385860.6598787,5770,3612,1167915959.6212754,1212457533.0992055
paragliders,closed,High mountains,fixed long segments,8059.0,1370720258.920364,5770,3612,1344491076.5584276,1398545204.3288856
paragliders,closed,High mountains,fixed long segments,9086.0,1544575401.2410746,5770,3612,1512432851.5067897,1578754022.5747752
paragliders,closed,High mountains,fixed long segments,10000.0,1663330971.6312826,5770,3612,1625630747.5301247,1702797217.1494708
