discipline,altitude_band,control,lag_s,mean_m2,n_flights,n_clusters,pointwise_95_low_m2,pointwise_95_high_m2
paragliders,Plains,available segments,10.0,9786.921979838186,8700,5474,9686.227595794555,9887.434666268267
paragliders,Plains,available segments,11.0,11735.963029039534,8700,5474,11611.260224888041,11858.101186189826
paragliders,Plains,available segments,12.0,13113.306996314735,8700,5474,12965.81091197606,13255.59358669195
paragliders,Plains,available segments,14.0,17979.465503091404,8700,5474,17780.095089489907,18181.525808563256
paragliders,Plains,available segments,16.0,22455.02287114633,8700,5474,22190.387878004163,22711.850852435622
paragliders,Plains,available segments,18.0,28278.584534589707,8700,5474,27945.625153987265,28616.59572636965
paragliders,Plains,available segments,20.0,33094.65588862406,8700,5474,32692.016000065254,33492.432582518406
paragliders,Plains,available segments,23.0,43143.596616438364,8700,5474,42598.93959460995,43692.08542947545
paragliders,Plains,available segments,25.0,47884.844705481526,8700,5474,47250.70240104393,48519.75451366283
paragliders,Plains,available segments,29.0,64807.99685318505,8700,5474,63957.233602268396,65673.4562197388
paragliders,Plains,available segments,32.0,75857.51137986353,8700,5474,74834.98947475618,76903.22621999968
paragliders,Plains,available segments,37.0,99510.43863619932,8700,5474,98149.48940242335,100878.49520583122
paragliders,Plains,available segments,41.0,120945.55201018718,8700,5474,119269.41353441277,122655.74340231727
paragliders,Plains,available segments,46.0,151484.60988206978,8700,5474,149373.9997392369,153643.2319443415
paragliders,Plains,available segments,52.0,187706.89787049385,8699,5474,185019.52539655592,190436.0477468622
paragliders,Plains,available segments,59.0,243469.64707388193,8697,5473,239958.26074574047,246992.7962886387
paragliders,Plains,available segments,67.0,305583.7512800624,8697,5473,301127.3350107108,310064.9628823858
paragliders,Plains,available segments,75.0,381519.7816284158,8694,5470,375882.09737472923,387207.836770591
paragliders,Plains,available segments,85.0,475892.41729408246,8693,5469,468734.5206457393,483085.4867189201
paragliders,Plains,available segments,95.0,595398.076723176,8692,5468,586369.2453064459,604463.9238011471
paragliders,Plains,available segments,107.0,739752.4964103027,8690,5467,728277.1237459667,751290.10638604
paragliders,Plains,available segments,121.0,927296.8737078402,8690,5467,912783.0238988858,941991.3075143108
paragliders,Plains,available segments,137.0,1174368.9905646828,8689,5466,1155748.2051167532,1193294.9024257613
paragliders,Plains,available segments,154.0,1463092.0985591148,8688,5465,1439348.0734101466,1486939.6787962578
paragliders,Plains,available segments,174.0,1841718.970205075,8683,5462,1810924.1703636006,1872080.0655860773
paragliders,Plains,available segments,196.0,2300884.4689739426,8681,5460,2262080.6807738254,2339504.916492615
paragliders,Plains,available segments,221.0,2874766.5475684055,8681,5460,2825540.39004364,2924098.7576739094
paragliders,Plains,available segments,249.0,3598320.437418219,8679,5459,3535889.0845086295,3660684.287096778
paragliders,Plains,available segments,281.0,4496078.746166702,8679,5459,4416616.491147938,4575870.180390521
paragliders,Plains,available segments,316.0,5598674.707880966,8674,5455,5498034.308088454,5697683.53034044
paragliders,Plains,available segments,357.0,7011570.976227967,8670,5452,6882708.1441554725,7138539.184651171
paragliders,Plains,available segments,402.0,8725199.333860135,8666,5452,8561204.711870741,8884719.416326122
paragliders,Plains,available segments,453.0,10906489.951830165,8662,5450,10697638.985922622,11107882.412723707
paragliders,Plains,available segments,511.0,13626065.839098481,8660,5449,13361286.250845615,13881623.71944399
paragliders,Plains,available segments,576.0,17016207.152305894,8657,5447,16680557.17184709,17341164.624285232
paragliders,Plains,available segments,649.0,21244660.15719934,8656,5446,20821482.478416715,21658391.838196844
paragliders,Plains,available segments,732.0,26570293.454844277,8651,5443,26037510.572971445,27098863.53500441
paragliders,Plains,available segments,825.0,33230089.840784103,8644,5437,32550826.95804921,33907049.3535222
paragliders,Plains,available segments,931.0,41707550.035316296,8639,5434,40838887.93711239,42575491.92811213
paragliders,Plains,available segments,1049.0,52242053.46756818,8630,5432,51119327.768366404,53348628.34557398
paragliders,Plains,available segments,1183.0,65568266.85648296,8622,5429,64153077.214646734,66959334.96083169
paragliders,Plains,available segments,1334.0,82190375.09252183,8520,5373,80326110.8551268,83973724.5625886
paragliders,Plains,available segments,1504.0,102821922.99576586,8300,5253,100466631.8217311,105110439.90340073
paragliders,Plains,available segments,1695.0,129410562.49829055,8040,5106,126274687.01227225,132412462.461057
paragliders,Plains,available segments,1911.0,162934163.23383716,7698,4914,158867846.96006697,166902277.78657597
paragliders,Plains,available segments,2155.0,207531579.93746686,7247,4669,202128700.60589248,212853269.03306127
paragliders,Plains,available segments,2429.0,265049990.28242254,6774,4397,257859655.40269446,272104726.18285125
paragliders,Plains,available segments,2739.0,339613389.4441533,6190,4075,329875245.66335255,348984291.3479578
paragliders,Plains,available segments,3088.0,438231998.07615346,5591,3718,425632873.4920881,450838208.64559
paragliders,Plains,available segments,3481.0,571012580.5123616,4916,3297,553160499.4678205,588042001.7059295
paragliders,Plains,available segments,3925.0,752205426.1481118,4216,2839,728182932.2001436,775820401.8642898
paragliders,Plains,available segments,4425.0,984661823.163244,3550,2414,952739682.3609327,1016593793.3828007
paragliders,Plains,available segments,4989.0,1301733049.2381134,2909,2007,1256819295.5894592,1346058435.438355
paragliders,Plains,available segments,5624.0,1708477566.9919205,2355,1618,1644779182.468052,1772239514.8747633
paragliders,Plains,available segments,6341.0,2267511534.2767644,1777,1247,2174540971.974028,2366434885.24472
paragliders,Plains,available segments,7149.0,3078254552.231877,1230,897,2931610063.081653,3241507172.131286
paragliders,Plains,available segments,8059.0,4237299046.0876155,866,655,4010932677.7943254,4472632232.004949
paragliders,Plains,available segments,9086.0,5743797613.717212,589,449,5372280494.7975645,6150582829.584229
paragliders,Plains,available segments,10000.0,7369763907.782149,417,319,6870738195.423043,7938037604.72255
paragliders,Plains,fixed long segments,10.0,13154.664224089478,417,319,12657.058277312544,13699.727947588288
paragliders,Plains,fixed long segments,11.0,15537.649396498426,417,319,14931.061739088249,16223.302918374593
paragliders,Plains,fixed long segments,12.0,17577.392834560476,417,319,16852.65778769882,18377.822094806732
paragliders,Plains,fixed long segments,14.0,24408.113330429405,417,319,23435.26529126222,25513.307804668562
paragliders,Plains,fixed long segments,16.0,31268.83227948891,417,319,29964.46280465011,32680.69584821568
paragliders,Plains,fixed long segments,18.0,39818.4503451926,417,319,38174.22894691003,41658.177345305674
paragliders,Plains,fixed long segments,20.0,46673.8266800622,417,319,44745.534091009846,48879.45677202285
paragliders,Plains,fixed long segments,23.0,61441.6719546238,417,319,58811.30743059726,64421.57225471451
paragliders,Plains,fixed long segments,25.0,68926.5133721148,417,319,65857.85245105982,72457.31081527779
paragliders,Plains,fixed long segments,29.0,94970.09619023532,417,319,90832.45418680317,99809.38272418725
paragliders,Plains,fixed long segments,32.0,110846.29982108064,417,319,105978.73875422652,116680.19756634881
paragliders,Plains,fixed long segments,37.0,147945.83156755846,417,319,141410.72627302507,155665.62200174047
paragliders,Plains,fixed long segments,41.0,180215.9509423711,417,319,172074.16116684594,189782.57890387005
paragliders,Plains,fixed long segments,46.0,227264.8322092326,417,319,216979.7887942411,239155.2174850109
paragliders,Plains,fixed long segments,52.0,282382.0603548411,417,319,269587.65888476674,297666.27472467785
paragliders,Plains,fixed long segments,59.0,368594.5224539119,417,319,351645.4186728683,388456.0399245311
paragliders,Plains,fixed long segments,67.0,465057.0614321043,417,319,443567.0101816803,490150.51848069567
paragliders,Plains,fixed long segments,75.0,583905.1246065648,417,319,556420.3049870438,615581.5880393048
paragliders,Plains,fixed long segments,85.0,731792.665542566,417,319,697321.7761078185,773221.5456894184
paragliders,Plains,fixed long segments,95.0,919379.7185439148,417,319,875779.5547722908,970323.6383364965
paragliders,Plains,fixed long segments,107.0,1146171.3225044964,417,319,1091140.421921189,1211310.6005651413
paragliders,Plains,fixed long segments,121.0,1445153.0067071342,417,319,1375278.4207952616,1529184.745872031
paragliders,Plains,fixed long segments,137.0,1838157.9675509592,417,319,1748224.492436913,1944228.037130328
paragliders,Plains,fixed long segments,154.0,2297437.8555530575,417,319,2184938.592042709,2432921.0112770866
paragliders,Plains,fixed long segments,174.0,2902405.006107614,417,319,2759530.91325331,3074866.5679514348
paragliders,Plains,fixed long segments,196.0,3643820.6297586933,417,319,3459576.1839898657,3861231.9303455176
paragliders,Plains,fixed long segments,221.0,4568910.13935102,417,319,4338115.617030533,4846540.335701662
paragliders,Plains,fixed long segments,249.0,5743476.934839629,417,319,5448192.392579402,6094201.731673708
paragliders,Plains,fixed long segments,281.0,7202961.267386091,417,319,6828036.208447034,7650883.988151402
paragliders,Plains,fixed long segments,316.0,9006483.146657674,417,319,8531863.943510637,9567639.47175725
paragliders,Plains,fixed long segments,357.0,11329607.714928057,417,319,10726658.060186485,12042593.556229249
paragliders,Plains,fixed long segments,402.0,14158782.886615707,417,319,13398102.976923548,15058140.206502214
paragliders,Plains,fixed long segments,453.0,17781065.931055155,417,319,16810089.14498613,18926521.37708757
paragliders,Plains,fixed long segments,511.0,22302594.304931056,417,319,21074091.02576303,23755736.70645908
paragliders,Plains,fixed long segments,576.0,28004639.070818346,417,319,26440112.05074246,29840188.581006214
paragliders,Plains,fixed long segments,649.0,35121098.837455034,417,319,33136952.727025863,37454380.53935294
paragliders,Plains,fixed long segments,732.0,44104622.189523384,417,319,41602971.02660246,47070914.95425311
paragliders,Plains,fixed long segments,825.0,55431207.643735014,417,319,52263255.53100691,59203000.02194652
paragliders,Plains,fixed long segments,931.0,69888605.95743406,417,319,65833386.306840055,74704835.61020182
paragliders,Plains,fixed long segments,1049.0,87979334.94289568,417,319,82829330.5805747,94097930.31624192
paragliders,Plains,fixed long segments,1183.0,110924505.00824341,417,319,104376850.94593634,118701367.83415301
paragliders,Plains,fixed long segments,1334.0,139947086.397482,417,319,131634269.56149685,149840166.24623275
paragliders,Plains,fixed long segments,1504.0,176655726.22736812,417,319,166095785.11184424,189188830.14626637
paragliders,Plains,fixed long segments,1695.0,223113864.47691846,417,319,209656942.87478596,239001631.0790053
paragliders,Plains,fixed long segments,1911.0,281918003.10206836,417,319,264869846.45141697,302049817.606108
paragliders,Plains,fixed long segments,2155.0,356932116.1842026,417,319,335234448.54504555,382512556.8297329
paragliders,Plains,fixed long segments,2429.0,451516380.63983816,417,319,424012974.72625,484062275.634091
paragliders,Plains,fixed long segments,2739.0,571935922.0073441,417,319,536857766.6070909,613512524.3721187
paragliders,Plains,fixed long segments,3088.0,724614575.4635792,417,319,679473925.7565728,777811838.2854991
paragliders,Plains,fixed long segments,3481.0,917638635.0683453,417,319,859574160.9191688,985628320.715052
paragliders,Plains,fixed long segments,3925.0,1163332404.669814,417,319,1089089342.6949885,1249871682.0851307
paragliders,Plains,fixed long segments,4425.0,1474599409.357464,417,319,1379524801.1061454,1584909660.2124407
paragliders,Plains,fixed long segments,4989.0,1869585659.9121702,417,319,1748743611.8000996,2010174898.5551362
paragliders,Plains,fixed long segments,5624.0,2368880076.6720624,417,319,2215272191.054788,2547741130.1059666
paragliders,Plains,fixed long segments,6341.0,3003206699.794964,417,319,2807977658.61529,3231232014.743037
paragliders,Plains,fixed long segments,7149.0,3806723022.920114,417,319,3557780558.882432,4097801725.0646825
paragliders,Plains,fixed long segments,8059.0,4821384876.736811,417,319,4504604523.849165,5192564263.817599
paragliders,Plains,fixed long segments,9086.0,6105391297.610162,417,319,5699766811.636327,6575924927.785336
paragliders,Plains,fixed long segments,10000.0,7369763907.782149,417,319,6870738195.423043,7938037604.72255
paragliders,Hills,available segments,10.0,8571.63288543692,18173,13047,8512.257611125213,8636.13860272248
paragliders,Hills,available segments,11.0,10333.13187827825,18173,13047,10261.956539085724,10414.863477077952
paragliders,Hills,available segments,12.0,11535.104246973367,18173,13047,11452.421008612828,11629.239302690676
paragliders,Hills,available segments,14.0,15697.960710996693,18173,13047,15582.74622957568,15827.375447952463
paragliders,Hills,available segments,16.0,19427.808301448018,18173,13047,19278.726785353832,19587.042346310795
paragliders,Hills,available segments,18.0,24385.22691138673,18173,13047,24192.041756194765,24587.676581911233
paragliders,Hills,available segments,20.0,28743.03517301403,18173,13047,28514.970924653273,28992.966121804904
paragliders,Hills,available segments,23.0,37447.26832939994,18173,13047,37143.622083871654,37784.966759201554
paragliders,Hills,available segments,25.0,41720.70969163137,18173,13047,41371.60375938214,42108.52994553103
paragliders,Hills,available segments,29.0,56087.05648755409,18173,13047,55610.248771414634,56598.31281919855
paragliders,Hills,available segments,32.0,66070.97697662436,18173,13047,65505.55415772784,66693.37592740609
paragliders,Hills,available segments,37.0,86161.89478019095,18173,13047,85406.01521833242,86985.58816089075
paragliders,Hills,available segments,41.0,104859.07523442776,18173,13047,103925.0873635707,105861.12008850042
paragliders,Hills,available segments,46.0,130721.37438230959,18173,13047,129545.01392263651,132002.43700973736
paragliders,Hills,available segments,52.0,162392.48010099868,18172,13046,160923.9920733295,164033.40718910185
paragliders,Hills,available segments,59.0,209461.04418622417,18168,13044,207486.25591897068,211558.0339718036
paragliders,Hills,available segments,67.0,262490.0160786049,18167,13043,259980.38030537785,265227.1616389956
paragliders,Hills,available segments,75.0,326264.44897885586,18165,13041,323065.69024331734,329663.5459626072
paragliders,Hills,available segments,85.0,406966.5677706697,18165,13041,403009.01429269847,411355.83082917746
paragliders,Hills,available segments,95.0,506345.24953989504,18163,13039,501234.3938816992,511766.1001816393
paragliders,Hills,available segments,107.0,627936.6299623784,18157,13034,621514.2959930254,634881.121747126
paragliders,Hills,available segments,121.0,784375.5210475407,18155,13032,776224.7803358254,793230.4687337929
paragliders,Hills,available segments,137.0,988574.5751821476,18149,13028,977943.3462008589,999907.6481111917
paragliders,Hills,available segments,154.0,1226684.8277303688,18143,13025,1213508.2179923803,1241074.1017505636
paragliders,Hills,available segments,174.0,1536641.9657667356,18140,13024,1519748.6245230262,1555113.6442389048
paragliders,Hills,available segments,196.0,1908726.8546548404,18139,13023,1887312.1342129773,1932103.7174747898
paragliders,Hills,available segments,221.0,2373694.0887231766,18135,13019,2346544.1196254343,2403525.7428876255
paragliders,Hills,available segments,249.0,2953255.0235936907,18129,13015,2918502.133114502,2991215.13131951
paragliders,Hills,available segments,281.0,3669822.3103151126,18123,13012,3625006.6770457155,3718689.0983502744
paragliders,Hills,available segments,316.0,4540250.420694018,18116,13008,4483509.28643769,4601564.845422051
paragliders,Hills,available segments,357.0,5650814.4159340495,18113,13006,5578470.389341654,5729168.990889329
paragliders,Hills,available segments,402.0,6994424.044155262,18105,12999,6903372.529386782,7095029.511053535
paragliders,Hills,available segments,453.0,8675875.995046422,18098,12994,8560176.361037385,8803398.251190798
paragliders,Hills,available segments,511.0,10762172.048826437,18092,12989,10614947.649910742,10925637.596958702
paragliders,Hills,available segments,576.0,13335923.985108228,18086,12987,13151497.533994861,13543892.811903585
paragliders,Hills,available segments,649.0,16520650.784753837,18082,12985,16285395.581457779,16786746.419271354
paragliders,Hills,available segments,732.0,20489663.54876659,18073,12979,20186990.64238673,20826849.90785918
paragliders,Hills,available segments,825.0,25410809.09526089,18056,12970,25023778.83460129,25841282.329988964
paragliders,Hills,available segments,931.0,31561397.15985398,18022,12950,31065769.6105606,32115253.59614518
paragliders,Hills,available segments,1049.0,39119109.37826421,18000,12933,38498984.900180064,39813893.88309454
paragliders,Hills,available segments,1183.0,48563666.830879435,17978,12919,47775166.37021223,49445970.68670633
paragliders,Hills,available segments,1334.0,59919981.892015465,17776,12791,58893634.85629868,61057494.93971268
paragliders,Hills,available segments,1504.0,73817683.95981067,17428,12542,72509863.4877786,75254449.30999617
paragliders,Hills,available segments,1695.0,91113370.25261743,16967,12243,89426379.78075424,92968922.09754731
paragliders,Hills,available segments,1911.0,112640547.25758837,16312,11811,110386708.49287869,115093257.57326914
paragliders,Hills,available segments,2155.0,139862367.93804392,15494,11294,136978661.54114595,143011614.4182218
paragliders,Hills,available segments,2429.0,174172456.49683204,14492,10612,170304794.96338937,178293237.11697823
paragliders,Hills,available segments,2739.0,219738018.16946056,13272,9790,214572498.41755873,225086830.07288846
paragliders,Hills,available segments,3088.0,277470140.0248883,11753,8756,270404507.2587577,284677469.6118673
paragliders,Hills,available segments,3481.0,355519726.5629197,10168,7672,345664789.62122935,365487403.9383752
paragliders,Hills,available segments,3925.0,467066779.15731204,8470,6477,453303998.5812314,481555971.44699025
paragliders,Hills,available segments,4425.0,619815965.7474344,6853,5351,600201542.2606862,640583073.5158951
paragliders,Hills,available segments,4989.0,830811619.9636604,5279,4183,802020637.3338675,861636533.1404684
paragliders,Hills,available segments,5624.0,1135432647.352199,3912,3146,1090058595.7574708,1181120137.8649614
paragliders,Hills,available segments,6341.0,1581517403.5450149,2795,2266,1510808043.5954852,1655453094.1051314
paragliders,Hills,available segments,7149.0,2193596356.451338,1868,1543,2077320633.241601,2313645906.773261
paragliders,Hills,available segments,8059.0,3145301361.2001286,1200,1003,2953756975.5038304,3341070659.4904213
paragliders,Hills,available segments,9086.0,4619617171.011889,757,637,4300089002.827065,4951980296.280095
paragliders,Hills,available segments,10000.0,6349699429.054475,514,434,5869936625.586704,6834833877.026759
paragliders,Hills,fixed long segments,10.0,12677.288687264409,514,434,12227.930923856853,13130.353635554002
paragliders,Hills,fixed long segments,11.0,15217.67451874848,514,434,14680.208553162201,15781.665786926716
paragliders,Hills,fixed long segments,12.0,17029.751147555933,514,434,16395.543029972967,17691.442960465178
paragliders,Hills,fixed long segments,14.0,23816.69867917072,514,434,22921.208780019537,24747.536036422716
paragliders,Hills,fixed long segments,16.0,29978.73909251885,514,434,28850.567568654067,31134.642028963935
paragliders,Hills,fixed long segments,18.0,38317.57122826483,514,434,36819.20563960906,39865.390607773305
paragliders,Hills,fixed long segments,20.0,45232.16623791646,514,434,43466.26591227686,47046.511590551265
paragliders,Hills,fixed long segments,23.0,59980.27299671693,514,434,57579.84528368783,62431.32972616267
paragliders,Hills,fixed long segments,25.0,66948.57021750364,514,434,64253.59181089744,69724.15585947895
paragliders,Hills,fixed long segments,29.0,91658.75443062987,514,434,87911.39238482126,95575.8069443733
paragliders,Hills,fixed long segments,32.0,107687.16197258026,514,434,103308.8239853997,112204.64998709137
paragliders,Hills,fixed long segments,37.0,142533.66762676314,514,434,136684.1338595391,148602.815118944
paragliders,Hills,fixed long segments,41.0,174511.85820464493,514,434,167293.7019472269,182075.9986719719
paragliders,Hills,fixed long segments,46.0,219661.30109283802,514,434,210582.81920481037,229119.40633416394
paragliders,Hills,fixed long segments,52.0,274002.83164366486,514,434,262609.12460893206,285870.5470656432
paragliders,Hills,fixed long segments,59.0,357258.36654912453,514,434,342283.54053625674,372875.14844070026
paragliders,Hills,fixed long segments,67.0,449911.81348796206,514,434,431009.59261751245,469875.810821511
paragliders,Hills,fixed long segments,75.0,563978.9848005837,514,434,539894.1041695467,588985.1597197131
paragliders,Hills,fixed long segments,85.0,707748.2776021401,514,434,676821.7485462027,739801.883529728
paragliders,Hills,fixed long segments,95.0,887279.6129012646,514,434,848579.0035637245,927501.0955890728
paragliders,Hills,fixed long segments,107.0,1106591.2110894942,514,434,1057861.2552984012,1157475.1860993323
paragliders,Hills,fixed long segments,121.0,1393306.5266597762,514,434,1331485.9530910188,1458180.0037934855
paragliders,Hills,fixed long segments,137.0,1769399.2005107005,514,434,1689551.2269378533,1852839.6190084685
paragliders,Hills,fixed long segments,154.0,2213540.097580253,514,434,2112952.8936217492,2318723.8291861285
paragliders,Hills,fixed long segments,174.0,2794220.1422057394,514,434,2666978.9281346663,2928037.27975999
paragliders,Hills,fixed long segments,196.0,3498865.7543774317,514,434,3336426.097521128,3668136.316325137
paragliders,Hills,fixed long segments,221.0,4383838.1524805445,514,434,4177818.2969360314,4599396.994414656
paragliders,Hills,fixed long segments,249.0,5502562.196133268,514,434,5240300.411278889,5776256.9825956095
paragliders,Hills,fixed long segments,281.0,6893734.352504863,514,434,6562537.365385473,7242669.911582324
paragliders,Hills,fixed long segments,316.0,8603361.150656614,514,434,8182745.340854625,9045409.466157865
paragliders,Hills,fixed long segments,357.0,10805513.642509727,514,434,10269389.573260989,11370914.881813046
paragliders,Hills,fixed long segments,402.0,13490172.596060311,514,434,12813122.377948292,14202257.10209213
paragliders,Hills,fixed long segments,453.0,16909915.32320039,514,434,16045015.490447763,17813460.461797412
paragliders,Hills,fixed long segments,511.0,21173540.314688716,514,434,20073254.034247745,22322280.739772
paragliders,Hills,fixed long segments,576.0,26523385.214494165,514,434,25121126.277262844,27986534.43642197
paragliders,Hills,fixed long segments,649.0,33195628.513618678,514,434,31409760.954259694,35050331.08685772
paragliders,Hills,fixed long segments,732.0,41602662.60651751,514,434,39333028.294266745,43966336.30930074
paragliders,Hills,fixed long segments,825.0,52161510.53550584,514,434,49276750.392347075,55174896.856768586
paragliders,Hills,fixed long segments,931.0,65592106.43871595,514,434,61896275.51453587,69445399.39282113
paragliders,Hills,fixed long segments,1049.0,82336588.75972763,514,434,77626871.91010837,87221102.84097487
paragliders,Hills,fixed long segments,1183.0,103554019.51264592,514,434,97544104.04131395,109771406.77419774
paragliders,Hills,fixed long segments,1334.0,130278135.25486381,514,434,122625266.82694517,138220376.1228447
paragliders,Hills,fixed long segments,1504.0,163953645.3093385,514,434,154181455.00443098,174085141.38734967
paragliders,Hills,fixed long segments,1695.0,206378642.15953308,514,434,193989728.9982143,219258301.06446698
paragliders,Hills,fixed long segments,1911.0,259967465.55836576,514,434,244241833.36041796,276403084.417577
paragliders,Hills,fixed long segments,2155.0,327983939.8249027,514,434,307916546.25518006,348939136.493332
paragliders,Hills,fixed long segments,2429.0,413494204.01361865,514,434,387920197.9652244,440207836.64973426
paragliders,Hills,fixed long segments,2739.0,521974961.65564203,514,434,489335330.08994544,556107082.9218879
paragliders,Hills,fixed long segments,3088.0,658823244.8307393,514,434,617125549.8084172,702407163.1853088
paragliders,Hills,fixed long segments,3481.0,831130539.6011673,514,434,777816560.6071302,886854417.0287827
paragliders,Hills,fixed long segments,3925.0,1049202410.881323,514,434,980615005.6210184,1120384603.6329815
paragliders,Hills,fixed long segments,4425.0,1323723711.0019455,514,434,1235721951.6777675,1414690333.7601624
paragliders,Hills,fixed long segments,4989.0,1669654794.6459143,514,434,1557162881.8411605,1785685895.9167519
paragliders,Hills,fixed long segments,5624.0,2104106074.8249028,514,434,1960307601.806115,2252123227.3599515
paragliders,Hills,fixed long segments,6341.0,2651388532.1750975,514,434,2467712767.7759356,2841895572.7633367
paragliders,Hills,fixed long segments,7149.0,3339373742.17607,514,434,3103939135.130648,3583005043.1092987
paragliders,Hills,fixed long segments,8059.0,4203253268.77821,514,434,3900252928.290482,4514337268.72517
paragliders,Hills,fixed long segments,9086.0,5287464075.982491,514,434,4896686699.753949,5685274166.714977
paragliders,Hills,fixed long segments,10000.0,6349699429.054475,514,434,5869936625.586704,6834833877.026759
paragliders,Low mountains,available segments,10.0,7683.970997112445,78540,41259,7665.328145458962,7701.571299736166
paragliders,Low mountains,available segments,11.0,9272.616144117384,78540,41259,9249.987284129114,9295.078349268639
paragliders,Low mountains,available segments,12.0,10357.331958533216,78540,41259,10329.377070005867,10384.781494104162
paragliders,Low mountains,available segments,14.0,14236.724491595523,78540,41259,14201.57684471657,14273.201817691892
paragliders,Low mountains,available segments,16.0,17624.264518544805,78540,41259,17578.65956065028,17670.24567099495
paragliders,Low mountains,available segments,18.0,22288.11103182729,78540,41259,22231.24998536538,22345.82574842281
paragliders,Low mountains,available segments,20.0,26276.78797477632,78540,41259,26207.131628014373,26347.517412682195
paragliders,Low mountains,available segments,23.0,34423.29775340732,78540,41259,34329.37977521429,34520.56380789968
paragliders,Low mountains,available segments,25.0,38266.51823626065,78540,41259,38154.90021970361,38374.707090410244
paragliders,Low mountains,available segments,29.0,51491.17060467716,78540,41259,51341.51258813512,51644.66163122605
paragliders,Low mountains,available segments,32.0,60485.0039683011,78540,41259,60302.02105598968,60668.53716368535
paragliders,Low mountains,available segments,37.0,78741.90770520858,78540,41259,78496.97602462178,78994.40378602948
paragliders,Low mountains,available segments,41.0,95685.63826018138,78540,41259,95379.0235458558,95992.1342764813
paragliders,Low mountains,available segments,46.0,119095.58840915801,78540,41259,118708.55235238654,119488.03312689031
paragliders,Low mountains,available segments,52.0,147496.005316306,78535,41255,147000.61098363664,147996.82060131754
paragliders,Low mountains,available segments,59.0,189959.44972081837,78531,41254,189312.45001250342,190611.8155939467
paragliders,Low mountains,available segments,67.0,237178.16573055641,78526,41253,236334.74831571252,238019.19136190455
paragliders,Low mountains,available segments,75.0,294154.4912220441,78523,41253,293080.156042463,295238.1424115057
paragliders,Low mountains,available segments,85.0,365752.29379498615,78515,41250,364402.07347520074,367138.9417582929
paragliders,Low mountains,available segments,95.0,453774.2473549519,78506,41244,452025.6928837748,455499.98500316165
paragliders,Low mountains,available segments,107.0,560673.3039249475,78497,41240,558489.0703580156,562851.2459396122
paragliders,Low mountains,available segments,121.0,697942.5784079776,78491,41236,695157.1644899519,700734.8823420687
paragliders,Low mountains,available segments,137.0,876134.7384829746,78483,41235,872533.5991651686,879680.114901561
paragliders,Low mountains,available segments,154.0,1083656.4943556485,78472,41233,1079159.5015111829,1088154.6123044784
paragliders,Low mountains,available segments,174.0,1351445.7787561573,78458,41226,1345679.5488029164,1357213.3224196488
paragliders,Low mountains,available segments,196.0,1670393.8419450016,78452,41223,1663065.7692042242,1677700.2521342195
paragliders,Low mountains,available segments,221.0,2066041.4633210998,78436,41216,2056741.4307002858,2075266.7329225352
paragliders,Low mountains,available segments,249.0,2554923.9498241725,78423,41210,2543101.6489619515,2566732.5709457733
paragliders,Low mountains,available segments,281.0,3154279.5363533855,78406,41200,3139192.5988908564,3169362.0774610243
paragliders,Low mountains,available segments,316.0,3874277.664063879,78393,41191,3855408.031756908,3893410.8145060604
paragliders,Low mountains,available segments,357.0,4782006.403015865,78371,41180,4757885.283709382,4806358.020142354
paragliders,Low mountains,available segments,402.0,5864563.081529533,78351,41170,5834517.660047693,5895105.51839211
paragliders,Low mountains,available segments,453.0,7203776.398029737,78327,41158,7166734.225033486,7242376.806359351
paragliders,Low mountains,available segments,511.0,8835355.807341944,78300,41146,8787829.100557677,8884453.347125802
paragliders,Low mountains,available segments,576.0,10818050.573417231,78278,41136,10758312.052544605,10879874.277151778
paragliders,Low mountains,available segments,649.0,13213097.582066849,78233,41113,13138213.416310322,13292309.196270747
paragliders,Low mountains,available segments,732.0,16135012.440342765,78197,41093,16039514.301277874,16234072.93906184
paragliders,Low mountains,available segments,825.0,19666167.18409632,78151,41074,19545148.809449427,19790506.049063373
paragliders,Low mountains,available segments,931.0,23986315.445989303,78085,41036,23831311.984625407,24144471.77367604
paragliders,Low mountains,available segments,1049.0,29145059.67961936,78017,41005,28949903.47378422,29346596.602514543
paragliders,Low mountains,available segments,1183.0,35388192.813879795,77911,40959,35139020.89922518,35643994.17024174
paragliders,Low mountains,available segments,1334.0,42829431.54634517,77507,40754,42505758.7581007,43152011.91234572
paragliders,Low mountains,available segments,1504.0,51778881.45621153,76819,40383,51375018.19031576,52190116.33194148
paragliders,Low mountains,available segments,1695.0,62460546.8350506,75690,39806,61942478.641233645,62978888.64941444
paragliders,Low mountains,available segments,1911.0,75344884.8919511,73984,38968,74710198.57092248,76005558.04004495
paragliders,Low mountains,available segments,2155.0,91134277.19502337,71566,37693,90307849.7894717,91993184.02627347
paragliders,Low mountains,available segments,2429.0,110434948.61199494,68309,36051,109355499.6845573,111526102.27657469
paragliders,Low mountains,available segments,2739.0,134537200.78903827,64333,34007,133102692.6293978,135943698.2508155
paragliders,Low mountains,available segments,3088.0,165175349.08195212,59428,31450,163366666.5855207,167025753.6015759
paragliders,Low mountains,available segments,3481.0,203815024.250572,53859,28486,201426727.48503155,206191459.76378945
paragliders,Low mountains,available segments,3925.0,253370370.94512138,47574,25188,250192866.84705055,256613570.68513465
paragliders,Low mountains,available segments,4425.0,317096078.6922121,40987,21724,312909907.1913763,321580744.32406265
paragliders,Low mountains,available segments,4989.0,400920110.7085137,34095,18138,395330456.7937587,406827919.14126796
paragliders,Low mountains,available segments,5624.0,510119808.82364106,27550,14824,502030173.37164205,518053234.66206515
paragliders,Low mountains,available segments,6341.0,650985269.0198615,21450,11593,639610130.2603732,662357995.0950093
paragliders,Low mountains,available segments,7149.0,831306260.1048293,16189,8851,814393039.3545607,847772782.261999
paragliders,Low mountains,available segments,8059.0,1066648277.9993194,11618,6438,1043406232.6779306,1091366555.1114166
paragliders,Low mountains,available segments,9086.0,1373630908.2239902,7824,4401,1338394914.357936,1408963345.8464468
paragliders,Low mountains,available segments,10000.0,1678505131.4468086,5452,3140,1628299147.4644072,1729657435.376964
paragliders,Low mountains,fixed long segments,10.0,8973.167248015709,5452,3140,8906.216750844378,9038.913015119448
paragliders,Low mountains,fixed long segments,11.0,10852.410486368248,5452,3140,10769.25083914167,10934.227957057406
paragliders,Low mountains,fixed long segments,12.0,12247.730513350893,5452,3140,12145.819779899752,12351.39015575002
paragliders,Low mountains,fixed long segments,14.0,16821.97840143597,5452,3140,16697.054206915127,16958.41434823557
paragliders,Low mountains,fixed long segments,16.0,21244.973583196246,5452,3140,21077.75074192182,21405.866461045178
paragliders,Low mountains,fixed long segments,18.0,26816.32500938589,5452,3140,26613.659635908563,27018.122015799912
paragliders,Low mountains,fixed long segments,20.0,31957.57612942355,5452,3140,31715.301408740397,32209.229285768713
paragliders,Low mountains,fixed long segments,23.0,42068.108394496856,5452,3140,41747.43487654035,42418.98352147435
paragliders,Low mountains,fixed long segments,25.0,47263.43133432972,5452,3140,46865.626502349165,47690.93714162737
paragliders,Low mountains,fixed long segments,29.0,64357.387587123994,5452,3140,63851.145885700076,64886.95882916727
paragliders,Low mountains,fixed long segments,32.0,76114.45087668516,5452,3140,75473.06988298256,76797.41838252898
paragliders,Low mountains,fixed long segments,37.0,100320.10435605627,5452,3140,99467.81991606647,101201.85130486333
paragliders,Low mountains,fixed long segments,41.0,122136.54733641325,5452,3140,121099.71254040187,123230.2635167575
paragliders,Low mountains,fixed long segments,46.0,153352.9492581564,5452,3140,152031.81931766457,154720.73812399595
paragliders,Low mountains,fixed long segments,52.0,190774.99849037625,5452,3140,189090.32848467524,192567.40590765316
paragliders,Low mountains,fixed long segments,59.0,246945.99142659805,5452,3140,244818.51823176074,249194.90518925636
paragliders,Low mountains,fixed long segments,67.0,311223.85814552,5452,3140,308412.6329754637,314152.46539367764
paragliders,Low mountains,fixed long segments,75.0,388032.5441695708,5452,3140,384545.58928585605,391675.54234920116
paragliders,Low mountains,fixed long segments,85.0,485144.8123223129,5452,3140,480689.5954409401,489950.313302877
paragliders,Low mountains,fixed long segments,95.0,605817.1290982667,5452,3140,600336.3873119311,611715.0500506052
paragliders,Low mountains,fixed long segments,107.0,753376.4415552779,5452,3140,746360.6469621704,760881.0711944421
paragliders,Low mountains,fixed long segments,121.0,943773.7918739683,5452,3140,934835.4077016071,953497.0266648256
paragliders,Low mountains,fixed long segments,137.0,1193129.144964004,5452,3140,1181828.6101816776,1205435.9291031014
paragliders,Low mountains,fixed long segments,154.0,1482555.7632921406,5452,3140,1468122.7933561685,1498320.7309677047
paragliders,Low mountains,fixed long segments,174.0,1862240.417352577,5452,3140,1843789.4569662546,1882165.8727599473
paragliders,Low mountains,fixed long segments,196.0,2319561.277558694,5452,3140,2296392.2310676742,2344697.3531443505
paragliders,Low mountains,fixed long segments,221.0,2888777.381431126,5452,3140,2859466.8276774106,2920661.8573005158
paragliders,Low mountains,fixed long segments,249.0,3598523.3768685805,5452,3140,3561683.961645838,3638431.0217669806
paragliders,Low mountains,fixed long segments,281.0,4478364.179899578,5452,3140,4431442.883850226,4529072.053724983
paragliders,Low mountains,fixed long segments,316.0,5546302.181882795,5452,3140,5487091.421406804,5609329.414784598
paragliders,Low mountains,fixed long segments,357.0,6906299.793814196,5452,3140,6831166.516984389,6985927.952275409
paragliders,Low mountains,fixed long segments,402.0,8542491.113490462,5452,3140,8447819.21961511,8643232.75648771
paragliders,Low mountains,fixed long segments,453.0,10592559.469093911,5452,3140,10475304.42736156,10719122.428626195
paragliders,Low mountains,fixed long segments,511.0,13126309.787646735,5452,3140,12976242.706176206,13285556.22969023
paragliders,Low mountains,fixed long segments,576.0,16246989.535216434,5452,3140,16058043.705992844,16446613.27449454
paragliders,Low mountains,fixed long segments,649.0,20070183.57286317,5452,3140,19832087.927675255,20321948.097850353
paragliders,Low mountains,fixed long segments,732.0,24817406.79048973,5452,3140,24515433.564037863,25134097.63500025
paragliders,Low mountains,fixed long segments,825.0,30652555.887105647,5452,3140,30270633.851603415,31047604.596234735
paragliders,Low mountains,fixed long segments,931.0,37945048.470011,5452,3140,37461838.699592836,38443283.98537485
paragliders,Low mountains,fixed long segments,1049.0,46831801.40929934,5452,3140,46224169.43363248,47456886.29870012
paragliders,Low mountains,fixed long segments,1183.0,57852202.61812179,5452,3140,57081504.35779561,58638268.91968794
paragliders,Low mountains,fixed long segments,1334.0,71428177.73890315,5452,3140,70452019.23210056,72421950.03504881
paragliders,Low mountains,fixed long segments,1504.0,88129904.96808511,5452,3140,86898627.97070108,89378993.36976385
paragliders,Low mountains,fixed long segments,1695.0,108682870.67498165,5452,3140,107114335.16710812,110267436.52844334
paragliders,Low mountains,fixed long segments,1911.0,133961794.06016141,5452,3140,131958021.00864725,135975921.0093339
paragliders,Low mountains,fixed long segments,2155.0,165147675.47688922,5452,3140,162613295.60676137,167682166.65280282
paragliders,Low mountains,fixed long segments,2429.0,203162447.75935435,5452,3140,199922047.89406282,206396589.6976056
paragliders,Low mountains,fixed long segments,2739.0,249808225.52017608,5452,3140,245733101.38368958,253932450.8373352
paragliders,Low mountains,fixed long segments,3088.0,306500623.4262656,5452,3140,301428169.51116014,311750998.3517233
paragliders,Low mountains,fixed long segments,3481.0,375042006.30667645,5452,3140,368600477.14298916,381664382.0093931
paragliders,Low mountains,fixed long segments,3925.0,457845942.78026414,5452,3140,449705460.2102187,466276690.72868073
paragliders,Low mountains,fixed long segments,4425.0,556665803.9567131,5452,3140,546144714.780243,567408438.8555373
paragliders,Low mountains,fixed long segments,4989.0,673576024.5605283,5452,3140,660381379.4905516,687249719.7244009
paragliders,Low mountains,fixed long segments,5624.0,809578691.81438,5452,3140,793084190.0566972,826888785.3498429
paragliders,Low mountains,fixed long segments,6341.0,965579868.2245048,5452,3140,944695855.0772113,986816844.9550089
paragliders,Low mountains,fixed long segments,7149.0,1139905411.5377843,5452,3140,1113658770.8446949,1166902705.1738327
paragliders,Low mountains,fixed long segments,8059.0,1328313701.6529713,5452,3140,1294724044.4674852,1362021668.9241388
paragliders,Low mountains,fixed long segments,9086.0,1524021364.5572267,5452,3140,1481853978.542517,1566709399.156498
paragliders,Low mountains,fixed long segments,10000.0,1678505131.4468086,5452,3140,1628299147.4644072,1729657435.376964
paragliders,High mountains,available segments,10.0,8149.079455388565,49672,27278,8126.252811153599,8172.225479150491
paragliders,High mountains,available segments,11.0,9825.734332536082,49672,27278,9798.3488011096,9854.150619102638
paragliders,High mountains,available segments,12.0,11026.539968176581,49672,27278,10992.65140054062,11061.854579088575
paragliders,High mountains,available segments,14.0,15058.082887954324,49672,27278,15012.432560108795,15102.353741331286
paragliders,High mountains,available segments,16.0,18765.15733576934,49672,27278,18706.317010209,18822.812775550014
paragliders,High mountains,available segments,18.0,23614.411549312907,49672,27278,23538.450927480306,23688.27614264755
paragliders,High mountains,available segments,20.0,27957.096596347557,49672,27278,27865.388364569968,28046.258240946798
paragliders,High mountains,available segments,23.0,36617.99365261986,49672,27278,36493.2704198086,36740.89434983539
paragliders,High mountains,available segments,25.0,40926.66457101484,49672,27278,40779.255222092295,41070.17444295688
paragliders,High mountains,available segments,29.0,55014.87389690168,49672,27278,54815.314431507606,55216.332852920095
paragliders,High mountains,available segments,32.0,64899.12756311736,49672,27278,64659.49642589274,65141.20030669814
paragliders,High mountains,available segments,37.0,84699.40700274613,49672,27278,84376.07444008064,85019.87920588838
paragliders,High mountains,available segments,41.0,102864.02337448129,49672,27278,102460.91421300825,103264.4034119631
paragliders,High mountains,available segments,46.0,128289.5699564596,49672,27278,127778.84271285492,128796.52541687041
paragliders,High mountains,available segments,52.0,159225.95416709885,49667,27277,158568.7841567283,159869.8329146735
paragliders,High mountains,available segments,59.0,204819.339065353,49660,27272,203967.51685750304,205676.39763721198
paragliders,High mountains,available segments,67.0,256598.65468879274,49654,27269,255485.9897488527,257696.5913147631
paragliders,High mountains,available segments,75.0,318222.6653723086,49654,27269,316823.45085436903,319624.8537001515
paragliders,High mountains,available segments,85.0,396457.6683579928,49651,27267,394673.2535448901,398218.63706602744
paragliders,High mountains,available segments,95.0,492044.9213420014,49648,27265,489789.0151896815,494291.33638730214
paragliders,High mountains,available segments,107.0,609117.5567338135,49640,27262,606258.0352842752,611944.0828152773
paragliders,High mountains,available segments,121.0,759315.6999700636,49634,27258,755682.6626995059,762903.8647004708
paragliders,High mountains,available segments,137.0,954094.7722812305,49622,27252,949400.7751200502,958665.431286788
paragliders,High mountains,available segments,154.0,1180921.681744488,49613,27248,1175097.145226742,1186699.4333850862
paragliders,High mountains,available segments,174.0,1473864.9572547576,49608,27246,1466472.3910139967,1481311.6380863534
paragliders,High mountains,available segments,196.0,1823794.7264600408,49605,27244,1814368.7037808942,1833180.0954563457
paragliders,High mountains,available segments,221.0,2257419.735008726,49599,27241,2245492.1019110414,2269285.889414745
paragliders,High mountains,available segments,249.0,2793443.4484726014,49589,27237,2778601.6097863424,2808462.311968913
paragliders,High mountains,available segments,281.0,3451649.425710834,49582,27233,3432678.963180645,3470687.4449602696
paragliders,High mountains,available segments,316.0,4241794.749974137,49577,27232,4217998.000821264,4266129.289770204
paragliders,High mountains,available segments,357.0,5237261.726041902,49572,27229,5206578.145979737,5268397.960909694
paragliders,High mountains,available segments,402.0,6424269.93595186,49560,27225,6385378.527564267,6463433.981681078
paragliders,High mountains,available segments,453.0,7891216.7287425455,49554,27221,7842003.531628144,7941093.04298214
paragliders,High mountains,available segments,511.0,9680714.056028873,49543,27216,9618432.222748483,9742740.154455913
paragliders,High mountains,available segments,576.0,11851892.248522194,49523,27204,11772854.012053818,11931164.088230066
paragliders,High mountains,available segments,649.0,14477246.795784708,49497,27191,14376097.627642019,14577828.385660756
paragliders,High mountains,available segments,732.0,17691672.261469103,49470,27179,17563073.290200356,17821843.494122054
paragliders,High mountains,available segments,825.0,21579592.562335294,49449,27166,21417356.087122146,21741555.25978591
paragliders,High mountains,available segments,931.0,26350369.18427998,49412,27149,26145186.8065733,26555940.07780803
paragliders,High mountains,available segments,1049.0,32059610.849678908,49359,27123,31799158.510563716,32318687.773140207
paragliders,High mountains,available segments,1183.0,39014880.33069686,49298,27095,38683507.21971056,39340949.25788852
paragliders,High mountains,available segments,1334.0,47415771.210316055,49010,26933,46987842.785381384,47830634.016694956
paragliders,High mountains,available segments,1504.0,57609766.69561906,48521,26662,57064561.66013205,58136471.92204042
paragliders,High mountains,available segments,1695.0,70072728.34706162,47812,26287,69388045.87831296,70752947.4227513
paragliders,High mountains,available segments,1911.0,85384769.11574432,46797,25729,84504869.13989553,86234952.96238784
paragliders,High mountains,available segments,2155.0,104393676.66881654,45483,25000,103275461.6544407,105490583.87195197
paragliders,High mountains,available segments,2429.0,128305046.3066216,43670,24007,126832771.2725479,129714577.29178227
paragliders,High mountains,available segments,2739.0,158399986.68440458,41542,22860,156525524.7554826,160235436.99650422
paragliders,High mountains,available segments,3088.0,196071222.7067882,39103,21534,193599366.55931616,198429195.737135
paragliders,High mountains,available segments,3481.0,243694012.34708488,36259,19965,240564353.88344285,246746538.32237872
paragliders,High mountains,available segments,3925.0,305225937.2003874,33116,18235,301168457.3900935,309277810.75976676
paragliders,High mountains,available segments,4425.0,383663023.1716233,29764,16486,378368615.6355909,389080111.2430214
paragliders,High mountains,available segments,4989.0,483483479.28677905,26185,14628,476450721.9407726,490474480.3142418
paragliders,High mountains,available segments,5624.0,613225039.0244758,22599,12745,604297431.6044762,622461186.0430725
paragliders,High mountains,available segments,6341.0,780135578.9006315,19068,10879,768247928.2166355,792635457.3419689
paragliders,High mountains,available segments,7149.0,990194443.0721437,15842,9124,974549968.2077681,1006331324.1538802
paragliders,High mountains,available segments,8059.0,1243031978.415252,12830,7465,1221872868.9535608,1265039304.7147007
paragliders,High mountains,available segments,9086.0,1548289377.099483,10078,5930,1518703473.4712079,1577206608.4009721
paragliders,High mountains,available segments,10000.0,1852183389.6031697,7982,4796,1813182912.7643273,1890619027.9274173
paragliders,High mountains,fixed long segments,10.0,9418.196284749818,7982,4796,9357.102857649641,9478.085230521507
paragliders,High mountains,fixed long segments,11.0,11364.94661765217,7982,4796,11292.293750111197,11436.218343258095
paragliders,High mountains,fixed long segments,12.0,12885.40032465014,7982,4796,12794.326023287664,12970.515388618784
paragliders,High mountains,fixed long segments,14.0,17605.932834840303,7982,4796,17489.604647614542,17716.533910948172
paragliders,High mountains,fixed long segments,16.0,22237.044355414917,7982,4796,22089.13154043522,22383.382372681688
paragliders,High mountains,fixed long segments,18.0,28034.365999157282,7982,4796,27848.47053389484,28216.338962295966
paragliders,High mountains,fixed long segments,20.0,33541.652363325295,7982,4796,33311.63789904292,33768.60798475774
paragliders,High mountains,fixed long segments,23.0,44251.396491715735,7982,4796,43949.09580347509,44550.6147686362
paragliders,High mountains,fixed long segments,25.0,49994.501171826065,7982,4796,49608.27161676229,50346.08439405789
paragliders,High mountains,fixed long segments,29.0,67688.6898776642,7982,4796,67203.79218322605,68161.42415384381
paragliders,High mountains,fixed long segments,32.0,80452.81365861274,7982,4796,79856.4697107808,81040.37985974665
paragliders,High mountains,fixed long segments,37.0,105991.62403934242,7982,4796,105189.92546504729,106783.86834583699
paragliders,High mountains,fixed long segments,41.0,129154.92420935386,7982,4796,128176.42507120676,130126.24021599068
paragliders,High mountains,fixed long segments,46.0,162090.06423975428,7982,4796,160878.22256620167,163290.63919969145
paragliders,High mountains,fixed long segments,52.0,202461.96295815977,7982,4796,200895.42805447718,204007.02649155367
paragliders,High mountains,fixed long segments,59.0,261353.67406302853,7982,4796,259394.4560538974,263316.99250960647
paragliders,High mountains,fixed long segments,67.0,330029.15636843053,7982,4796,327470.01852079417,332575.35348927416
paragliders,High mountains,fixed long segments,75.0,411016.95231164654,7982,4796,407822.58859077044,414203.8438540889
paragliders,High mountains,fixed long segments,85.0,515537.552162287,7982,4796,511348.8120893378,519618.5213499162
paragliders,High mountains,fixed long segments,95.0,642409.1963636933,7982,4796,637331.5030501137,647475.182809457
paragliders,High mountains,fixed long segments,107.0,800071.1048413619,7982,4796,793675.4030054536,806444.0193386589
paragliders,High mountains,fixed long segments,121.0,1003434.8164209315,7982,4796,995163.7060223294,1011589.0910493091
paragliders,High mountains,fixed long segments,137.0,1267970.4028791343,7982,4796,1257509.741056551,1278354.6397959986
paragliders,High mountains,fixed long segments,154.0,1577425.0820243987,7982,4796,1564217.2885412371,1590401.34411505
paragliders,High mountains,fixed long segments,174.0,1980979.4141192683,7982,4796,1964307.0268619263,1997470.622870465
paragliders,High mountains,fixed long segments,196.0,2467141.5606677523,7982,4796,2446061.9166214243,2488043.1082026954
paragliders,High mountains,fixed long segments,221.0,3073347.0100734467,7982,4796,3046861.435124448,3099945.0332242204
paragliders,High mountains,fixed long segments,249.0,3827643.3971748934,7982,4796,3794537.0812110584,3861103.0890501225
paragliders,High mountains,fixed long segments,281.0,4764472.692879291,7982,4796,4722807.642920473,4806648.235168197
paragliders,High mountains,fixed long segments,316.0,5899221.020569719,7982,4796,5847200.093823197,5952210.151844826
paragliders,High mountains,fixed long segments,357.0,7345148.3711632425,7982,4796,7279051.273948999,7412640.536837237
paragliders,High mountains,fixed long segments,402.0,9086341.814661112,7982,4796,9003406.821361305,9170622.835869838
paragliders,High mountains,fixed long segments,453.0,11261953.521658106,7982,4796,11157349.139440145,11367037.38246863
paragliders,High mountains,fixed long segments,511.0,13955014.701547232,7982,4796,13822631.85026928,14087616.533189686
paragliders,High mountains,fixed long segments,576.0,17266378.016286645,7982,4796,17099580.936172362,17433766.673994236
paragliders,High mountains,fixed long segments,649.0,21328775.218992732,7982,4796,21118420.20806364,21539585.304514308
paragliders,High mountains,fixed long segments,732.0,26377855.978294913,7982,4796,26113750.402503807,26643948.361800544
paragliders,High mountains,fixed long segments,825.0,32583119.787991732,7982,4796,32251513.345017876,32916764.75032214
paragliders,High mountains,fixed long segments,931.0,40342825.93125156,7982,4796,39927756.76932962,40759706.077524416
paragliders,High mountains,fixed long segments,1049.0,49806351.976196446,7982,4796,49281245.25163385,50329013.98457378
paragliders,High mountains,fixed long segments,1183.0,61574889.73844275,7982,4796,60909842.6920478,62235809.08174056
paragliders,High mountains,fixed long segments,1334.0,76090753.67862065,7982,4796,75251031.33544993,76926566.05856319
paragliders,High mountains,fixed long segments,1504.0,93988475.41286644,7982,4796,92941864.53234042,95039980.24952173
paragliders,High mountains,fixed long segments,1695.0,116039811.19897895,7982,4796,114736387.46967444,117365437.84985305
paragliders,High mountains,fixed long segments,1911.0,143242739.27605864,7982,4796,141579483.70443168,144919034.47007555
paragliders,High mountains,fixed long segments,2155.0,176853579.40249938,7982,4796,174722350.152757,178979749.18914688
paragliders,High mountains,fixed long segments,2429.0,217912599.65105864,7982,4796,215236487.60467806,220597202.5539559
paragliders,High mountains,fixed long segments,2739.0,268383961.18501002,7982,4796,264974232.49998224,271748757.477171
paragliders,High mountains,fixed long segments,3088.0,329800858.9923265,7982,4796,325505066.9643881,334047025.8597959
paragliders,High mountains,fixed long segments,3481.0,404135695.9279316,7982,4796,398765191.08029854,409525691.23949206
paragliders,High mountains,fixed long segments,3925.0,494062598.2022363,7982,4796,487335394.1523488,500812251.1713041
paragliders,High mountains,fixed long segments,4425.0,601600129.586789,7982,4796,593195636.7297543,610136997.2782625
paragliders,High mountains,fixed long segments,4989.0,729323539.734465,7982,4796,718575793.5529286,740124715.3749288
paragliders,High mountains,fixed long segments,5624.0,878851557.3366324,7982,4796,865141927.5302953,892402256.8124608
paragliders,High mountains,fixed long segments,6341.0,1051814859.9937985,7982,4796,1034609078.356902,1068677189.0222327
paragliders,High mountains,fixed long segments,7149.0,1246760469.6752067,7982,4796,1225538965.5667396,1267678902.5643501
paragliders,High mountains,fixed long segments,8059.0,1459087230.9299047,7982,4796,1432598787.4635434,1484892533.6808112
paragliders,High mountains,fixed long segments,9086.0,1679862205.212854,7982,4796,1646956618.9291184,1712355560.8124268
paragliders,High mountains,fixed long segments,10000.0,1852183389.6031697,7982,4796,1813182912.7643273,1890619027.9274173
hang gliders,Plains,available segments,10.0,23541.567440531253,343,322,22355.480738443046,24860.252931780098
hang gliders,Plains,available segments,11.0,29089.508939414798,343,322,27697.91276854615,30599.715945512922
hang gliders,Plains,available segments,12.0,29356.603491045676,343,322,27944.830980011022,30867.840137974454
hang gliders,Plains,available segments,14.0,41871.14460608821,343,322,39286.925396744875,44598.64835653177
hang gliders,Plains,available segments,16.0,55209.35040975642,343,322,52509.77477102883,58084.842838077704
hang gliders,Plains,available segments,18.0,70686.16707633065,343,322,66585.63310006558,75084.96785598024
hang gliders,Plains,available segments,20.0,79104.94428920285,343,322,74894.69610519265,83478.66532295333
hang gliders,Plains,available segments,23.0,107456.9455020027,343,322,100901.86762101193,114542.44434429935
hang gliders,Plains,available segments,25.0,108538.36428611295,343,322,101890.69210791291,115637.27715969917
hang gliders,Plains,available segments,29.0,153575.71189232508,343,322,144369.75629314542,163528.51985233373
hang gliders,Plains,available segments,32.0,177402.4247377389,343,322,167691.52806266266,187501.76768079994
hang gliders,Plains,available segments,37.0,232797.72190802533,343,322,219735.62995732503,246204.48848748105
hang gliders,Plains,available segments,41.0,281181.5420014575,343,322,264461.21297697193,298893.4909319787
hang gliders,Plains,available segments,46.0,364139.8251449724,343,322,343042.1351983724,386275.3382194096
hang gliders,Plains,available segments,52.0,440853.68554217817,343,322,414753.4345716374,468926.7209091371
hang gliders,Plains,available segments,59.0,587932.6172084843,343,322,552240.1676310749,626025.7592429823
hang gliders,Plains,available segments,67.0,728498.80799457,343,322,685393.5417995738,773614.7867562808
hang gliders,Plains,available segments,75.0,911805.8087526499,343,322,856777.3463242624,969354.1723332084
hang gliders,Plains,available segments,85.0,1092453.5272452699,343,322,1022065.1044361466,1166990.4022483232
hang gliders,Plains,available segments,95.0,1404876.6959591545,343,322,1316386.214840037,1499940.8365432469
hang gliders,Plains,available segments,107.0,1720587.399087813,343,322,1611930.1892568124,1837678.6839722246
hang gliders,Plains,available segments,121.0,2106876.126238928,343,322,1968133.267258638,2255547.7002080684
hang gliders,Plains,available segments,137.0,2657423.1158997836,343,322,2482511.845593211,2848340.046472051
hang gliders,Plains,available segments,154.0,3299909.2976480126,343,322,3075609.1814600267,3545424.564601569
hang gliders,Plains,available segments,174.0,4110603.5826614834,343,322,3826850.2237917273,4421941.081031697
hang gliders,Plains,available segments,196.0,5106539.435542988,343,322,4752429.272298178,5494876.156894217
hang gliders,Plains,available segments,221.0,6268488.805514931,343,322,5819762.533760984,6758138.767693616
hang gliders,Plains,available segments,249.0,7794988.032933762,343,322,7230487.021094638,8417609.661506625
hang gliders,Plains,available segments,281.0,9598570.699069355,343,322,8890366.892901344,10375805.313139886
hang gliders,Plains,available segments,316.0,11868167.076547433,343,322,10960248.530369433,12845169.497085596
hang gliders,Plains,available segments,357.0,14633715.666951917,343,322,13493017.491157267,15870665.97314789
hang gliders,Plains,available segments,402.0,17992272.169515394,343,322,16555394.690604137,19551634.53761474
hang gliders,Plains,available segments,453.0,22214706.24708732,343,322,20351013.775730077,24209615.481635187
hang gliders,Plains,available segments,511.0,27444721.87796283,343,322,25106738.53545596,29969861.66428386
hang gliders,Plains,available segments,576.0,33871704.21832322,343,322,30922273.281041693,37075092.56007784
hang gliders,Plains,available segments,649.0,41746042.00389212,343,322,38010723.68097713,45810849.59859254
hang gliders,Plains,available segments,732.0,51585126.12512979,343,322,46860934.503754936,56781334.88096956
hang gliders,Plains,available segments,825.0,63824207.34695234,343,322,57767357.18576638,70462455.25322938
hang gliders,Plains,available segments,931.0,79508784.5069665,343,322,71837562.48882405,88018289.112494
hang gliders,Plains,available segments,1049.0,98194553.14618221,342,321,88281469.10501738,108989811.52078547
hang gliders,Plains,available segments,1183.0,122083192.96083891,342,321,109539399.48252262,135708464.08926716
hang gliders,Plains,available segments,1334.0,152045775.55247974,340,319,136171764.62019125,169433543.82605425
hang gliders,Plains,available segments,1504.0,187767965.6820537,336,315,167754691.11852974,208829043.326245
hang gliders,Plains,available segments,1695.0,230180193.73125973,328,308,205744607.30809605,257365975.22400331
hang gliders,Plains,available segments,1911.0,283194885.5767383,321,301,252032845.5122802,317086631.06183237
hang gliders,Plains,available segments,2155.0,356003060.8357545,309,290,315280070.4946253,401044795.6269466
hang gliders,Plains,available segments,2429.0,413205661.7510334,293,275,372668121.1619201,459414400.86030895
hang gliders,Plains,available segments,2739.0,521833636.47752726,277,259,469827716.1516721,580962618.5479239
hang gliders,Plains,available segments,3088.0,628301347.1949729,263,245,565273920.7883829,697785254.2333237
hang gliders,Plains,available segments,3481.0,789805579.335487,246,230,707612675.4807827,880653707.0798737
hang gliders,Plains,available segments,3925.0,1008617542.4216201,222,208,897427447.5959755,1130321074.771335
hang gliders,Plains,available segments,4425.0,1240277863.2184405,202,188,1089198347.8085341,1405402801.4674146
hang gliders,Plains,available segments,4989.0,1586412581.600106,177,165,1378434978.5662062,1822999521.475649
hang gliders,Plains,available segments,5624.0,2095788899.2653062,147,138,1795080489.5528736,2443184455.6624966
hang gliders,Plains,available segments,6341.0,2712174292.649573,117,109,2272288281.699812,3218336481.870292
hang gliders,Plains,available segments,7149.0,3752592384.7272725,88,82,3067646969.2644677,4529787358.139555
hang gliders,Plains,available segments,8059.0,4665432641.2,80,75,3729813781.457971,5736017244.85601
hang gliders,Plains,available segments,9086.0,5979960989.377049,61,56,4536301058.003636,7626510139.551886
hang gliders,Plains,available segments,10000.0,6624009755.0222225,45,42,4538020982.403077,9183733588.493568
hang gliders,Plains,fixed long segments,10.0,30510.4404296875,45,42,27860.26336130456,33029.11476974007
hang gliders,Plains,fixed long segments,11.0,40607.887738715275,45,42,36817.77262854943,44485.17724019176
hang gliders,Plains,fixed long segments,12.0,40607.887738715275,45,42,36817.77262854943,44485.17724019176
hang gliders,Plains,fixed long segments,14.0,55966.83068576389,45,42,50616.07599016169,60831.92520315935
hang gliders,Plains,fixed long segments,16.0,69259.13151041667,45,42,63017.79752086293,74965.73413085938
hang gliders,Plains,fixed long segments,18.0,87999.76154513888,45,42,79996.99148591694,95414.06987733004
hang gliders,Plains,fixed long segments,20.0,102852.41258680556,45,42,93178.2381266276,111731.94672703597
hang gliders,Plains,fixed long segments,23.0,142677.98055555555,45,42,129016.61492959665,155444.0814299827
hang gliders,Plains,fixed long segments,25.0,142677.98055555555,45,42,129016.61492959665,155444.0814299827
hang gliders,Plains,fixed long segments,29.0,192984.1626736111,45,42,174117.5115345982,210709.80873386547
hang gliders,Plains,fixed long segments,32.0,236620.3876736111,45,42,212440.35695568513,259781.79379059572
hang gliders,Plains,fixed long segments,37.0,298315.3486111111,45,42,268002.0905841619,325776.67783203116
hang gliders,Plains,fixed long segments,41.0,366318.71024305554,45,42,328795.50431998074,400547.08092664933
hang gliders,Plains,fixed long segments,46.0,471814.57951388886,45,42,423907.38110257057,516059.9354699337
hang gliders,Plains,fixed long segments,52.0,589125.475,45,42,528398.7525210549,647307.2409114584
hang gliders,Plains,fixed long segments,59.0,778935.1340277778,45,42,698147.2927630739,853569.254413945
hang gliders,Plains,fixed long segments,67.0,972908.8861111111,45,42,869413.5837923728,1069435.9715520786
hang gliders,Plains,fixed long segments,75.0,1208881.4847222222,45,42,1079372.5615696022,1328538.194457465
hang gliders,Plains,fixed long segments,85.0,1465824.4805555556,45,42,1311882.592168503,1611153.06466167
hang gliders,Plains,fixed long segments,95.0,1876453.259722222,45,42,1674204.9318684896,2063232.696875
hang gliders,Plains,fixed long segments,107.0,2324954.730555556,45,42,2071923.56832483,2556125.3204662343
hang gliders,Plains,fixed long segments,121.0,2842648.9458333333,45,42,2532639.480918321,3130028.331184826
hang gliders,Plains,fixed long segments,137.0,3583902.822222222,45,42,3186391.9286585366,3944672.5127821174
hang gliders,Plains,fixed long segments,154.0,4498994.822222223,45,42,3998650.949901464,4957222.107584094
hang gliders,Plains,fixed long segments,174.0,5620355.041666667,45,42,4983737.319237401,6196390.565219907
hang gliders,Plains,fixed long segments,196.0,6963091.877777778,45,42,6157751.13390625,7673849.806336805
hang gliders,Plains,fixed long segments,221.0,8584098.627777778,45,42,7573761.819197635,9484783.909188194
hang gliders,Plains,fixed long segments,249.0,10650872.177777778,45,42,9368628.441126788,11795808.440885415
hang gliders,Plains,fixed long segments,281.0,13181406.344444444,45,42,11568952.435680147,14617399.897596152
hang gliders,Plains,fixed long segments,316.0,16295637.033333333,45,42,14280694.956488023,18096274.133653846
hang gliders,Plains,fixed long segments,357.0,20101039.366666667,45,42,17573204.85735294,22359919.92869898
hang gliders,Plains,fixed long segments,402.0,24823798.4,45,42,21636783.30490196,27712698.502405148
hang gliders,Plains,fixed long segments,453.0,30566770.422222223,45,42,26587788.88000795,34193081.287214175
hang gliders,Plains,fixed long segments,511.0,37890978.155555554,45,42,32915495.28977824,42465509.80978261
hang gliders,Plains,fixed long segments,576.0,46651838.48888889,45,42,40443211.740168914,52450838.87142857
hang gliders,Plains,fixed long segments,649.0,57472434.4,45,42,49627777.56716646,64911167.76272503
hang gliders,Plains,fixed long segments,732.0,71217739.1111111,45,42,61352629.72504505,80703002.6959091
hang gliders,Plains,fixed long segments,825.0,88064251.55555555,45,42,75644805.30498645,100064545.67514284
hang gliders,Plains,fixed long segments,931.0,109731794.48888889,45,42,93975322.80715446,125301380.70166665
hang gliders,Plains,fixed long segments,1049.0,135892131.2,45,42,115960110.75687687,156099685.84363636
hang gliders,Plains,fixed long segments,1183.0,169523660.35555556,45,42,144023425.67196968,195581424.71199998
hang gliders,Plains,fixed long segments,1334.0,210927743.82222223,45,42,178611530.41026825,243780177.02391532
hang gliders,Plains,fixed long segments,1504.0,262814361.7777778,45,42,221652304.41326532,304854716.36999995
hang gliders,Plains,fixed long segments,1695.0,327453169.24444443,45,42,275307413.36078435,381160165.4678571
hang gliders,Plains,fixed long segments,1911.0,407557804.0888889,45,42,341663548.3198198,475877749.6455597
hang gliders,Plains,fixed long segments,2155.0,507399557.3333333,45,42,423238018.7422745,595720117.7803922
hang gliders,Plains,fixed long segments,2429.0,629673533.1555556,45,42,523399694.122807,741675077.0530496
hang gliders,Plains,fixed long segments,2739.0,782116113.7777778,45,42,646719236.9395745,925505338.0218798
hang gliders,Plains,fixed long segments,3088.0,967157865.9555556,45,42,797325334.1358731,1154074431.250817
hang gliders,Plains,fixed long segments,3481.0,1192298439.8222222,45,42,977254694.9210256,1432210990.027927
hang gliders,Plains,fixed long segments,3925.0,1466774778.3111112,45,42,1196157063.8222222,1777589059.1624413
hang gliders,Plains,fixed long segments,4425.0,1798205073.0666666,45,42,1455676674.4724228,2205520769.457143
hang gliders,Plains,fixed long segments,4989.0,2196919004.4444447,45,42,1757520145.8988154,2730614168.8848486
hang gliders,Plains,fixed long segments,5624.0,2675986973.866667,45,42,2101334835.3068361,3368123600.726034
hang gliders,Plains,fixed long segments,6341.0,3253381238.0444446,45,42,2516569927.408,4159342437.4637475
hang gliders,Plains,fixed long segments,7149.0,3943544076.8,45,42,2981406101.6270947,5147405521.396245
hang gliders,Plains,fixed long segments,8059.0,4760823879.111111,45,42,3494094801.475515,6339879305.367558
hang gliders,Plains,fixed long segments,9086.0,5730678491.0222225,45,42,4056251348.4871225,7789781796.624582
hang gliders,Plains,fixed long segments,10000.0,6624009755.0222225,45,42,4538020982.403077,9183733588.493568
hang gliders,Hills,available segments,10.0,22122.041315243456,426,370,20939.89063752261,23402.090594669604
hang gliders,Hills,available segments,11.0,26502.48992967963,426,370,25029.742580659677,28160.33335705675
hang gliders,Hills,available segments,12.0,28262.619212534195,426,370,26589.06692545891,30104.774908197058
hang gliders,Hills,available segments,14.0,41863.847632669036,426,370,39292.916851617214,44641.06828298472
hang gliders,Hills,available segments,16.0,52768.334530089596,426,370,49767.90031414921,55825.075688890276
hang gliders,Hills,available segments,18.0,68611.03131630563,426,370,64647.99036499073,72782.36722403823
hang gliders,Hills,available segments,20.0,77612.51263327105,426,370,73027.31207760674,82339.9088832026
hang gliders,Hills,available segments,23.0,102216.073107433,426,370,96083.17439570336,108956.17216575523
hang gliders,Hills,available segments,25.0,108149.97968049167,426,370,101424.93976069606,115529.50896726521
hang gliders,Hills,available segments,29.0,153047.99837082508,426,370,143657.0632487784,162826.89737330648
hang gliders,Hills,available segments,32.0,172055.77556571647,426,370,161281.32494195297,183644.3402370304
hang gliders,Hills,available segments,37.0,227879.58506518527,426,370,213580.45168356106,242895.49191594278
hang gliders,Hills,available segments,41.0,276509.9201060238,426,370,258816.81058312106,295137.820673915
hang gliders,Hills,available segments,46.0,349872.0566895092,426,370,327342.97672941786,373248.6272037135
hang gliders,Hills,available segments,52.0,422011.5503049204,426,370,394276.5159996638,451619.21171076834
hang gliders,Hills,available segments,59.0,560365.3273598235,426,370,523514.9595193598,599430.8230457188
hang gliders,Hills,available segments,67.0,690126.2575656583,426,370,643906.1268369673,738321.0115142346
hang gliders,Hills,available segments,75.0,868750.6892923624,426,370,809709.0192167752,930075.209360879
hang gliders,Hills,available segments,85.0,1057877.874294767,426,370,984670.4834873802,1135995.5254886118
hang gliders,Hills,available segments,95.0,1337416.945769352,426,370,1244010.5751738444,1435077.6977909335
hang gliders,Hills,available segments,107.0,1629874.3354774814,425,369,1515559.7914774995,1750188.0146586678
hang gliders,Hills,available segments,121.0,2019601.4645268563,425,369,1875580.951529996,2172028.656891667
hang gliders,Hills,available segments,137.0,2544265.963567414,425,369,2360381.061581764,2737999.074822745
hang gliders,Hills,available segments,154.0,3112898.673564813,424,368,2890093.5852669333,3355321.027779973
hang gliders,Hills,available segments,174.0,3885273.7790115797,424,368,3603041.777448542,4193971.927348659
hang gliders,Hills,available segments,196.0,4817223.424870843,423,367,4458806.153246137,5200563.698525384
hang gliders,Hills,available segments,221.0,5934940.315840649,423,367,5485314.2014694065,6417202.95901839
hang gliders,Hills,available segments,249.0,7354930.826534355,423,367,6786935.0783138815,7963697.373994134
hang gliders,Hills,available segments,281.0,9042485.421023535,423,367,8327442.980786752,9802826.52910679
hang gliders,Hills,available segments,316.0,11118250.200706692,423,367,10237341.55132969,12068471.72514378
hang gliders,Hills,available segments,357.0,13731013.273394048,422,367,12631947.685955176,14915128.706532402
hang gliders,Hills,available segments,402.0,16820366.07428604,422,367,15462874.398285203,18305468.626870807
hang gliders,Hills,available segments,453.0,20749717.923534583,422,367,19051321.306953393,22631012.99753075
hang gliders,Hills,available segments,511.0,25472518.953608606,422,367,23337194.382901642,27828254.08165141
hang gliders,Hills,available segments,576.0,31364789.758581717,422,367,28678097.545429263,34316772.56823609
hang gliders,Hills,available segments,649.0,38526824.0182572,422,367,35158666.63923728,42229992.7527459
hang gliders,Hills,available segments,732.0,47333054.360986464,422,367,43127607.17995761,51987793.2501334
hang gliders,Hills,available segments,825.0,58381705.030432776,421,366,53074247.051144294,64180633.807280526
hang gliders,Hills,available segments,931.0,71998249.78912643,420,365,65308347.38720205,79358762.4175622
hang gliders,Hills,available segments,1049.0,88812149.14237177,420,365,80343965.70494038,98081135.84103395
hang gliders,Hills,available segments,1183.0,109675641.71089768,420,365,98995812.19777991,121376554.13148725
hang gliders,Hills,available segments,1334.0,136374381.81131306,417,362,122902600.64336818,151236089.65471494
hang gliders,Hills,available segments,1504.0,170613561.23424706,410,355,153430264.46186596,189379628.31430814
hang gliders,Hills,available segments,1695.0,212806510.176799,403,349,190744901.1502225,236497397.39364728
hang gliders,Hills,available segments,1911.0,266311334.64268145,393,340,238031495.7771512,296654669.4428858
hang gliders,Hills,available segments,2155.0,340851558.4191347,377,329,304987333.06746775,379512612.84127825
hang gliders,Hills,available segments,2429.0,429103775.4682164,367,323,383615492.1855499,477505774.25852644
hang gliders,Hills,available segments,2739.0,544582090.9922521,350,308,485629114.04718155,608489143.9701616
hang gliders,Hills,available segments,3088.0,694675076.3965181,333,294,618478554.5057021,779943670.8029145
hang gliders,Hills,available segments,3481.0,889590422.3481829,310,272,788449024.5243101,999174408.1540542
hang gliders,Hills,available segments,3925.0,1162519876.8700223,280,245,1033986145.3301865,1306947463.272172
hang gliders,Hills,available segments,4425.0,1476882283.0625744,254,221,1304425701.8483484,1670884799.185995
hang gliders,Hills,available segments,4989.0,1857064835.3372219,228,197,1624778424.224932,2124386521.433689
hang gliders,Hills,available segments,5624.0,2283715887.3258157,206,179,2012206240.161397,2588979950.4455376
hang gliders,Hills,available segments,6341.0,2850364156.8586955,184,159,2472786467.462678,3257558196.2951946
hang gliders,Hills,available segments,7149.0,3625390950.7300615,163,142,3106041340.1918826,4199088949.005465
hang gliders,Hills,available segments,8059.0,4271018371.8778625,131,116,3583629831.6954436,5020884423.484307
hang gliders,Hills,available segments,9086.0,6152844233.142858,91,84,4989509249.161351,7380580132.574629
hang gliders,Hills,available segments,10000.0,8081599337.411765,68,63,6273933514.617931,9907985421.24071
hang gliders,Hills,fixed long segments,10.0,31382.319048713234,68,63,28479.62288378431,34346.19762132539
hang gliders,Hills,fixed long segments,11.0,39926.008056640625,68,63,36135.75945916427,43945.09832678928
hang gliders,Hills,fixed long segments,12.0,42854.312744140625,68,63,38250.43661447117,47743.35013049619
hang gliders,Hills,fixed long segments,14.0,64822.6723058364,68,63,58935.42224996988,71014.61017752512
hang gliders,Hills,fixed long segments,16.0,75886.54170496324,68,63,68698.82707506567,83187.99326927982
hang gliders,Hills,fixed long segments,18.0,100440.79859834559,68,63,92232.6672165871,108672.08197510132
hang gliders,Hills,fixed long segments,20.0,118770.01872702206,68,63,108114.92513987409,129442.84093089383
hang gliders,Hills,fixed long segments,23.0,158724.1726217831,68,63,144881.7415102841,172659.0000065572
hang gliders,Hills,fixed long segments,25.0,169629.54819623163,68,63,152808.8232199929,186587.96265076718
hang gliders,Hills,fixed long segments,29.0,237796.25815716913,68,63,216258.34903366197,258790.27140342112
hang gliders,Hills,fixed long segments,32.0,274224.37385110295,68,63,246823.54842112094,301451.4388400136
hang gliders,Hills,fixed long segments,37.0,356195.4096966912,68,63,320532.10946360516,391771.684235461
hang gliders,Hills,fixed long segments,41.0,443286.3050321691,68,63,400031.4120956125,486482.7521944331
hang gliders,Hills,fixed long segments,46.0,553155.61328125,68,63,498019.649198562,608450.8022190477
hang gliders,Hills,fixed long segments,52.0,681764.8763786765,68,63,613688.4176352164,750842.8907649133
hang gliders,Hills,fixed long segments,59.0,905156.6181066176,68,63,818520.5321894779,989762.4980607708
hang gliders,Hills,fixed long segments,67.0,1115752.6351102942,68,63,1002394.243699406,1226910.7098996448
hang gliders,Hills,fixed long segments,75.0,1407324.9241727942,68,63,1269072.6129175646,1541818.3837073862
hang gliders,Hills,fixed long segments,85.0,1747296.1295955882,68,63,1571867.9919812386,1917260.9082261028
hang gliders,Hills,fixed long segments,95.0,2197242.5974264704,68,63,1983046.0257595486,2408209.0720768063
hang gliders,Hills,fixed long segments,107.0,2714406.471507353,68,63,2441026.061696718,2980824.9139446854
hang gliders,Hills,fixed long segments,121.0,3383917.400735294,68,63,3040801.5648096264,3713991.3397452976
hang gliders,Hills,fixed long segments,137.0,4282087.37867647,68,63,3852517.0131505406,4701610.422741283
hang gliders,Hills,fixed long segments,154.0,5312839.981617647,68,63,4778977.929206731,5830530.043497689
hang gliders,Hills,fixed long segments,174.0,6684877.419117647,68,63,6014192.3394577755,7344487.051707651
hang gliders,Hills,fixed long segments,196.0,8263750.463235294,68,63,7437757.618405173,9079614.935053471
hang gliders,Hills,fixed long segments,221.0,10287623.87132353,68,63,9262255.572770147,11312245.165665584
hang gliders,Hills,fixed long segments,249.0,12794165.363970589,68,63,11515317.919185499,14071615.05153053
hang gliders,Hills,fixed long segments,281.0,15858923.44117647,68,63,14258714.40131592,17463712.27995251
hang gliders,Hills,fixed long segments,316.0,19553194.50735294,68,63,17573363.150643237,21525828.004898995
hang gliders,Hills,fixed long segments,357.0,24285234.26470588,68,63,21825331.536943164,26768646.096082088
hang gliders,Hills,fixed long segments,402.0,29969334.01470588,68,63,26888781.07936328,33079039.956641756
hang gliders,Hills,fixed long segments,453.0,37216630.073529415,68,63,33351689.441707574,41141984.28402906
hang gliders,Hills,fixed long segments,511.0,45991327.88235294,68,63,41128614.17486922,50905823.90374198
hang gliders,Hills,fixed long segments,576.0,56977519.61764706,68,63,50889443.94186435,63134190.28723744
hang gliders,Hills,fixed long segments,649.0,70511526.85294117,68,63,62890553.70201485,78223476.41865672
hang gliders,Hills,fixed long segments,732.0,87336057.64705883,68,63,77751199.57842651,96968197.27952257
hang gliders,Hills,fixed long segments,825.0,108348778.08823529,68,63,96310440.67744565,120380464.9958556
hang gliders,Hills,fixed long segments,931.0,134691791.6470588,68,63,119632232.10996337,149976982.76468626
hang gliders,Hills,fixed long segments,1049.0,167378324.0,68,63,148505897.9831694,186579264.42376393
hang gliders,Hills,fixed long segments,1183.0,208107028.0,68,63,184180795.66363636,232184916.14244306
hang gliders,Hills,fixed long segments,1334.0,259064772.94117647,68,63,228912431.16195598,289116326.4885139
hang gliders,Hills,fixed long segments,1504.0,322248052.0,68,63,284144391.60939693,360663587.8862643
hang gliders,Hills,fixed long segments,1695.0,401077306.4705882,68,63,353427285.5425184,449590197.4135376
hang gliders,Hills,fixed long segments,1911.0,498995614.8235294,68,63,439069749.8929032,559621623.1155313
hang gliders,Hills,fixed long segments,2155.0,621471502.3529412,68,63,546020099.6084539,698146413.5067712
hang gliders,Hills,fixed long segments,2429.0,773041485.6470588,68,63,677829571.0828573,869241262.9626309
hang gliders,Hills,fixed long segments,2739.0,961364927.2941177,68,63,841502277.0036432,1082230420.273611
hang gliders,Hills,fixed long segments,3088.0,1193581994.8235295,68,63,1041316113.0921739,1348478906.320608
hang gliders,Hills,fixed long segments,3481.0,1477761103.5294118,68,63,1285489007.9761038,1676399719.6879458
hang gliders,Hills,fixed long segments,3925.0,1826745577.8823528,68,63,1581749384.432334,2081900354.7824674
hang gliders,Hills,fixed long segments,4425.0,2250771189.1764708,68,63,1937222131.8950305,2573063891.9560375
hang gliders,Hills,fixed long segments,4989.0,2765122634.352941,68,63,2364013711.555405,3177080173.7009497
hang gliders,Hills,fixed long segments,5624.0,3378386230.117647,68,63,2863157437.6472383,3910514664.2091303
hang gliders,Hills,fixed long segments,6341.0,4101862285.1764708,68,63,3436920048.5257144,4781125856.166233
hang gliders,Hills,fixed long segments,7149.0,4949367422.117647,68,63,4105275004.807164,5824645272.675629
hang gliders,Hills,fixed long segments,8059.0,5931650217.411765,68,63,4849756220.0781355,7060807204.3744755
hang gliders,Hills,fixed long segments,9086.0,7061557526.588235,68,63,5629459399.768421,8532437990.77966
hang gliders,Hills,fixed long segments,10000.0,8081599337.411765,68,63,6273933514.617931,9907985421.24071
hang gliders,Low mountains,available segments,10.0,19529.635569249665,3318,2341,19244.61858071428,19829.079663366836
hang gliders,Low mountains,available segments,11.0,23453.909074138843,3318,2341,23058.6979912032,23892.419446721608
hang gliders,Low mountains,available segments,12.0,24835.41907118319,3318,2341,24394.732482986263,25313.91198789511
hang gliders,Low mountains,available segments,14.0,36157.66856996871,3318,2341,35461.45795571759,36918.62422745783
hang gliders,Low mountains,available segments,16.0,48171.28036922294,3318,2341,47409.205275163135,48990.69075309046
hang gliders,Low mountains,available segments,18.0,60886.73688957276,3318,2341,59961.41940610335,61893.0087100649
hang gliders,Low mountains,available segments,20.0,68541.7984902023,3318,2341,67460.05733846613,69726.98460262972
hang gliders,Low mountains,available segments,23.0,88977.58199339655,3318,2341,87433.67601850744,90657.19630053766
hang gliders,Low mountains,available segments,25.0,93633.03687629767,3318,2341,91976.74876883882,95465.98082787362
hang gliders,Low mountains,available segments,29.0,135624.19417048778,3318,2341,133413.8889224941,138041.4120255153
hang gliders,Low mountains,available segments,32.0,151982.07876095606,3318,2341,149350.37006839798,154825.95588317374
hang gliders,Low mountains,available segments,37.0,204084.49863861504,3318,2341,200630.77063684273,207895.52875694475
hang gliders,Low mountains,available segments,41.0,244230.28578266388,3318,2341,239998.5769819935,248797.72864269937
hang gliders,Low mountains,available segments,46.0,313269.8723264477,3318,2341,307795.49940687546,319284.3245047334
hang gliders,Low mountains,available segments,52.0,372044.79255307367,3318,2341,365366.21808993886,379249.86654914776
hang gliders,Low mountains,available segments,59.0,495219.45755977684,3318,2341,486459.61722639337,504915.8342169246
hang gliders,Low mountains,available segments,67.0,613133.7473865148,3318,2341,601895.0998450674,625363.9827699489
hang gliders,Low mountains,available segments,75.0,770770.5287501303,3318,2341,756821.9903932593,785975.9980756469
hang gliders,Low mountains,available segments,85.0,923765.910782584,3318,2341,906767.4743156362,942354.3179096574
hang gliders,Low mountains,available segments,95.0,1182939.6433321044,3318,2341,1160837.6495221504,1206554.4870515992
hang gliders,Low mountains,available segments,107.0,1442368.513622923,3318,2341,1415037.426733388,1472204.1241353727
hang gliders,Low mountains,available segments,121.0,1774006.0335041187,3318,2341,1740587.0847544333,1811149.7434304531
hang gliders,Low mountains,available segments,137.0,2239630.953354932,3318,2341,2196341.2154002413,2286448.7469171174
hang gliders,Low mountains,available segments,154.0,2737499.6616478227,3318,2341,2683937.0804395056,2795978.169824623
hang gliders,Low mountains,available segments,174.0,3413806.4411477214,3318,2341,3345190.945283227,3487097.5640924876
hang gliders,Low mountains,available segments,196.0,4233281.201046551,3318,2341,4149135.7699647597,4323419.461259642
hang gliders,Low mountains,available segments,221.0,5187237.25859319,3318,2341,5082522.966095501,5298690.884478078
hang gliders,Low mountains,available segments,249.0,6409236.730600797,3318,2341,6279393.538656572,6548920.249690861
hang gliders,Low mountains,available segments,281.0,7850184.218639014,3318,2341,7686011.086175705,8022931.7859595865
hang gliders,Low mountains,available segments,316.0,9631831.632503638,3317,2340,9432508.263435647,9846716.243476193
hang gliders,Low mountains,available segments,357.0,11822914.520653188,3317,2340,11573997.128757639,12092124.747388957
hang gliders,Low mountains,available segments,402.0,14384627.007331083,3315,2340,14071315.597507082,14715580.919813273
hang gliders,Low mountains,available segments,453.0,17628066.38357113,3314,2339,17236096.349880088,18038064.433004312
hang gliders,Low mountains,available segments,511.0,21532602.48055788,3313,2339,21045988.195595972,22040261.174439862
hang gliders,Low mountains,available segments,576.0,26322221.97060488,3312,2339,25713694.08828294,26953372.831600327
hang gliders,Low mountains,available segments,649.0,32036236.2186487,3310,2337,31269323.836602747,32821428.099203676
hang gliders,Low mountains,available segments,732.0,38925339.40249394,3307,2337,37983112.54070821,39923954.38884471
hang gliders,Low mountains,available segments,825.0,47334645.80035636,3302,2333,46164777.38403661,48579499.06060113
hang gliders,Low mountains,available segments,931.0,57694315.60567533,3300,2331,56242511.170741275,59262561.28750011
hang gliders,Low mountains,available segments,1049.0,70171335.41958873,3298,2330,68356612.49381001,72144128.93458033
hang gliders,Low mountains,available segments,1183.0,85073544.48593736,3291,2325,82756014.52127859,87550709.05293676
hang gliders,Low mountains,available segments,1334.0,103260376.80550174,3272,2311,100383695.97261347,106344726.68646616
hang gliders,Low mountains,available segments,1504.0,125004903.95691004,3255,2300,121392108.01052332,128792326.2887254
hang gliders,Low mountains,available segments,1695.0,151596742.42697755,3232,2282,146966287.42427492,156336514.57502162
hang gliders,Low mountains,available segments,1911.0,183811589.6872153,3187,2249,178107642.95738712,189738000.60918882
hang gliders,Low mountains,available segments,2155.0,223161598.27941886,3132,2213,215940451.01849702,230524531.1367755
hang gliders,Low mountains,available segments,2429.0,270786188.76959777,3049,2156,261999438.63127026,279965273.3068673
hang gliders,Low mountains,available segments,2739.0,329036839.2918512,2942,2083,317618322.9089025,340364479.6978054
hang gliders,Low mountains,available segments,3088.0,401875713.15794003,2804,2000,387706026.9813421,416429109.4663163
hang gliders,Low mountains,available segments,3481.0,495549014.34353197,2621,1875,477889612.26242346,513791635.20835674
hang gliders,Low mountains,available segments,3925.0,610748496.0206224,2403,1734,588620838.6029128,634126160.5518769
hang gliders,Low mountains,available segments,4425.0,760746898.8448237,2157,1564,731073356.1055722,791355996.952631
hang gliders,Low mountains,available segments,4989.0,948265344.223957,1883,1385,909856924.1321493,988385491.0798967
hang gliders,Low mountains,available segments,5624.0,1184167363.4738636,1604,1200,1132250038.1736872,1239819017.5939689
hang gliders,Low mountains,available segments,6341.0,1460886737.8487585,1329,1010,1391232628.34084,1533340990.2198353
hang gliders,Low mountains,available segments,7149.0,1799832894.1418407,1054,825,1706803752.683181,1899850198.1013298
hang gliders,Low mountains,available segments,8059.0,2318465889.4258504,735,604,2188063113.3374834,2462319511.430254
hang gliders,Low mountains,available segments,9086.0,2991840966.8455286,492,431,2787805927.98766,3192242090.406169
hang gliders,Low mountains,available segments,10000.0,3603871542.2988505,348,315,3339875450.84097,3882223284.6038504
hang gliders,Low mountains,fixed long segments,10.0,25897.39022230828,348,315,24790.497187553465,27050.94596192654
hang gliders,Low mountains,fixed long segments,11.0,33997.36620953439,348,315,32172.152335275856,35970.37852034065
hang gliders,Low mountains,fixed long segments,12.0,36486.41181893184,348,315,34501.82533528638,38610.92247113787
hang gliders,Low mountains,fixed long segments,14.0,51441.94823096264,348,315,48139.050212780385,54705.020993867336
hang gliders,Low mountains,fixed long segments,16.0,68831.2033831717,348,315,65956.56136698929,72081.99777107085
hang gliders,Low mountains,fixed long segments,18.0,82537.285077676,348,315,79253.9862041384,86053.47273755212
hang gliders,Low mountains,fixed long segments,20.0,99210.72810591775,348,315,94517.1180244347,104192.08308686434
hang gliders,Low mountains,fixed long segments,23.0,126766.26043350395,348,315,120190.02488766196,133611.5595063457
hang gliders,Low mountains,fixed long segments,25.0,135486.73627761315,348,315,128350.21731552754,142747.2955687959
hang gliders,Low mountains,fixed long segments,29.0,198363.6338732489,348,315,189563.39364312225,207889.60816959548
hang gliders,Low mountains,fixed long segments,32.0,230458.4841336656,348,315,218743.2022552224,242689.4019760285
hang gliders,Low mountains,fixed long segments,37.0,308359.4248046875,348,315,294643.5607837387,323325.78205147607
hang gliders,Low mountains,fixed long segments,41.0,370415.0853762572,348,315,352478.9373923061,389146.8101315135
hang gliders,Low mountains,fixed long segments,46.0,478219.9424389368,348,315,455801.56356117444,502509.29682166886
hang gliders,Low mountains,fixed long segments,52.0,571167.5476382902,348,315,542412.8994187568,601666.3519633805
hang gliders,Low mountains,fixed long segments,59.0,755526.7776355962,348,315,718986.5265626959,794225.7446125508
hang gliders,Low mountains,fixed long segments,67.0,949845.978201329,348,315,904148.0875895636,999301.8835096711
hang gliders,Low mountains,fixed long segments,75.0,1191242.2112966955,348,315,1135714.3792903163,1252170.7476812496
hang gliders,Low mountains,fixed long segments,85.0,1432556.0356950432,348,315,1360078.6904620943,1509624.3486034141
hang gliders,Low mountains,fixed long segments,95.0,1848481.7258441092,348,315,1761579.230800199,1943741.9789766714
hang gliders,Low mountains,fixed long segments,107.0,2279228.19845546,348,315,2166060.3753427123,2399307.495870252
hang gliders,Low mountains,fixed long segments,121.0,2800447.300915948,348,315,2662168.9465827704,2947650.6936669783
hang gliders,Low mountains,fixed long segments,137.0,3566734.5063757184,348,315,3392855.5748967244,3754359.1667371555
hang gliders,Low mountains,fixed long segments,154.0,4338795.772719109,348,315,4123667.58330538,4569491.333418725
hang gliders,Low mountains,fixed long segments,174.0,5468294.01795977,348,315,5190708.742364421,5767774.985975712
hang gliders,Low mountains,fixed long segments,196.0,6821506.284841954,348,315,6482532.0667867,7183049.742990549
hang gliders,Low mountains,fixed long segments,221.0,8416651.091594828,348,315,7991951.669123149,8868769.418808049
hang gliders,Low mountains,fixed long segments,249.0,10433988.384518677,348,315,9908380.368951758,10993809.293386137
hang gliders,Low mountains,fixed long segments,281.0,12904138.840517242,348,315,12246741.280831197,13607818.360067366
hang gliders,Low mountains,fixed long segments,316.0,15928865.083333334,348,315,15117405.289311076,16792548.53394486
hang gliders,Low mountains,fixed long segments,357.0,19710345.54777299,348,315,18703162.5971456,20787598.443547133
hang gliders,Low mountains,fixed long segments,402.0,24154969.46551724,348,315,22910120.108443312,25501006.274152596
hang gliders,Low mountains,fixed long segments,453.0,29793588.896551725,348,315,28243447.539068732,31447036.79599396
hang gliders,Low mountains,fixed long segments,511.0,36780155.31968391,348,315,34837286.54828674,38838733.10512238
hang gliders,Low mountains,fixed long segments,576.0,45411934.02227011,348,315,43019334.82356934,47964551.3185644
hang gliders,Low mountains,fixed long segments,649.0,55758297.82614943,348,315,52794223.824021906,58920079.39546282
hang gliders,Low mountains,fixed long segments,732.0,68683879.72988506,348,315,64980590.193741694,72629506.3890248
hang gliders,Low mountains,fixed long segments,825.0,84498063.52155173,348,315,79881675.80923831,89425702.69048518
hang gliders,Low mountains,fixed long segments,931.0,104467468.68965517,348,315,98706156.80208255,110624043.12302038
hang gliders,Low mountains,fixed long segments,1049.0,128754573.0,348,315,121610689.18439113,136377001.03903922
hang gliders,Low mountains,fixed long segments,1183.0,158613807.1408046,348,315,149674719.23895922,168109661.56133077
hang gliders,Low mountains,fixed long segments,1334.0,195592109.85344827,348,315,184422755.32471868,207346172.26388887
hang gliders,Low mountains,fixed long segments,1504.0,240679021.22413793,348,315,226806138.27551842,255341688.17910632
hang gliders,Low mountains,fixed long segments,1695.0,296430026.8936782,348,315,279151647.72404855,314677291.53060603
hang gliders,Low mountains,fixed long segments,1911.0,363823540.4310345,348,315,342343446.7106175,386518605.10056585
hang gliders,Low mountains,fixed long segments,2155.0,446781204.3563218,348,315,419912319.3825802,474952923.4132824
hang gliders,Low mountains,fixed long segments,2429.0,546591278.5172414,348,315,513029805.9616038,581657747.7928938
hang gliders,Low mountains,fixed long segments,2739.0,667966253.862069,348,315,626088961.5945588,712189102.3669437
hang gliders,Low mountains,fixed long segments,3088.0,813453220.1666666,348,315,761344892.7173251,868221309.8416175
hang gliders,Low mountains,fixed long segments,3481.0,986709756.3390805,348,315,922247021.9855795,1054635099.3422095
hang gliders,Low mountains,fixed long segments,3925.0,1192610785.586207,348,315,1113608006.9729328,1276106241.834284
hang gliders,Low mountains,fixed long segments,4425.0,1434000767.7011495,348,315,1337264299.9452455,1537179847.469041
hang gliders,Low mountains,fixed long segments,4989.0,1714287100.8045976,348,315,1596815369.1725698,1839154700.4971323
hang gliders,Low mountains,fixed long segments,5624.0,2031523924.091954,348,315,1889393236.32883,2180266573.478466
hang gliders,Low mountains,fixed long segments,6341.0,2381371271.402299,348,315,2212067645.8726625,2556270950.1351833
hang gliders,Low mountains,fixed long segments,7149.0,2750444434.183908,348,315,2551301596.377537,2958018623.4810915
hang gliders,Low mountains,fixed long segments,8059.0,3110390318.045977,348,315,2885627279.9115934,3344852784.702188
hang gliders,Low mountains,fixed long segments,9086.0,3423257371.6551723,348,315,3175833731.633683,3686810258.1493864
hang gliders,Low mountains,fixed long segments,10000.0,3603871542.2988505,348,315,3339875450.84097,3882223284.6038504
hang gliders,High mountains,available segments,10.0,18187.590314518668,1973,1285,17955.211517161573,18427.54719475128
hang gliders,High mountains,available segments,11.0,21600.727225846753,1973,1285,21258.999924513468,21965.46479676228
hang gliders,High mountains,available segments,12.0,22593.955993111405,1973,1285,22222.57938069944,22982.453054061214
hang gliders,High mountains,available segments,14.0,33249.6309713837,1973,1285,32674.408181052222,33867.59175164854
hang gliders,High mountains,available segments,16.0,43326.868779447526,1973,1285,42607.7227081257,44059.62117064209
hang gliders,High mountains,available segments,18.0,55701.396185903475,1973,1285,54837.28807932281,56622.06089321668
hang gliders,High mountains,available segments,20.0,61922.004449895285,1973,1285,60992.31821500587,62927.24748014021
hang gliders,High mountains,available segments,23.0,81287.22333875531,1973,1285,79983.00346346585,82755.04963399557
hang gliders,High mountains,available segments,25.0,84503.57393947095,1973,1285,83187.02235805379,85952.83361568984
hang gliders,High mountains,available segments,29.0,121161.11104672623,1973,1285,119194.11035869263,123295.75837460814
hang gliders,High mountains,available segments,32.0,135009.85873936766,1973,1285,132765.05654478024,137366.93681778296
hang gliders,High mountains,available segments,37.0,179890.35141343286,1973,1285,176782.25570498724,183150.67492943766
hang gliders,High mountains,available segments,41.0,215477.21659066455,1973,1285,211842.847250749,219453.60185432428
hang gliders,High mountains,available segments,46.0,275377.95298676204,1973,1285,270389.43797157676,280603.4940635542
hang gliders,High mountains,available segments,52.0,327383.6309555855,1973,1285,321642.4131656752,333640.6703622905
hang gliders,High mountains,available segments,59.0,436013.38507922593,1973,1285,428096.02038974117,444577.74049601203
hang gliders,High mountains,available segments,67.0,536124.276956554,1973,1285,526068.1776049263,546609.1290686632
hang gliders,High mountains,available segments,75.0,673197.2688745297,1973,1285,660264.3996938099,686882.5292596736
hang gliders,High mountains,available segments,85.0,806064.2903322455,1973,1285,790846.9130738205,822595.2694005921
hang gliders,High mountains,available segments,95.0,1027074.4367665896,1973,1285,1006427.7117573749,1048648.0406990547
hang gliders,High mountains,available segments,107.0,1247768.190937448,1973,1285,1222319.2115701486,1274093.304523385
hang gliders,High mountains,available segments,121.0,1532090.2008364159,1973,1285,1501196.3939976897,1565065.571792576
hang gliders,High mountains,available segments,137.0,1924417.8584698248,1973,1285,1883878.4591280574,1966760.0835847815
hang gliders,High mountains,available segments,154.0,2357347.379102255,1973,1285,2307710.220050282,2409268.6578511773
hang gliders,High mountains,available segments,174.0,2926171.82941013,1973,1285,2861712.9566015415,2992676.692926759
hang gliders,High mountains,available segments,196.0,3610890.0006250176,1973,1285,3530319.953801391,3693460.1026276746
hang gliders,High mountains,available segments,221.0,4409533.056848199,1973,1285,4309165.323627892,4513535.655117283
hang gliders,High mountains,available segments,249.0,5432019.2966974275,1973,1285,5304686.303857139,5561685.826429561
hang gliders,High mountains,available segments,281.0,6624754.994745632,1972,1284,6465014.307082135,6787578.56641438
hang gliders,High mountains,available segments,316.0,8093764.7200135635,1972,1284,7895873.139759815,8296693.466004738
hang gliders,High mountains,available segments,357.0,9870938.900829375,1972,1284,9622262.960489543,10124715.19745689
hang gliders,High mountains,available segments,402.0,11960281.503323004,1971,1283,11655005.81102882,12276152.310363011
hang gliders,High mountains,available segments,453.0,14577282.58953927,1971,1283,14195271.604013337,14972442.620517543
hang gliders,High mountains,available segments,511.0,17690301.56519103,1971,1283,17214004.089557722,18186021.937926255
hang gliders,High mountains,available segments,576.0,21488066.834338482,1971,1283,20894678.497937765,22102376.69583288
hang gliders,High mountains,available segments,649.0,26009942.191687625,1969,1281,25273995.097422026,26782637.78622468
hang gliders,High mountains,available segments,732.0,31490207.239349205,1966,1279,30572851.463528384,32448154.954383116
hang gliders,High mountains,available segments,825.0,38150493.88367355,1965,1278,36994301.831732534,39370697.68671868
hang gliders,High mountains,available segments,931.0,46318171.222749956,1962,1277,44848200.410610095,47862564.658361316
hang gliders,High mountains,available segments,1049.0,56082942.52174877,1959,1277,54225129.69853774,58029790.244198434
hang gliders,High mountains,available segments,1183.0,67870312.80319978,1956,1276,65550914.55061976,70330142.939309
hang gliders,High mountains,available segments,1334.0,82119494.40326998,1947,1268,79206599.52074502,85254985.11748815
hang gliders,High mountains,available segments,1504.0,99233844.50148764,1938,1261,95556574.3221139,103159647.14133747
hang gliders,High mountains,available segments,1695.0,120309692.82147396,1914,1250,115703368.20170365,125221442.2020785
hang gliders,High mountains,available segments,1911.0,145699136.05638155,1883,1232,139883064.4676658,151869582.3475828
hang gliders,High mountains,available segments,2155.0,177200022.3693271,1833,1204,169830747.4914593,184886794.0861676
hang gliders,High mountains,available segments,2429.0,213675802.04528224,1791,1178,204257123.56808248,223416110.5501279
hang gliders,High mountains,available segments,2739.0,259066850.0089821,1729,1142,247053277.97471753,271855520.4266207
hang gliders,High mountains,available segments,3088.0,316462706.61309624,1634,1083,301272698.76073825,332349749.22660875
hang gliders,High mountains,available segments,3481.0,381652496.6247484,1505,997,362024387.78283757,402283286.12791824
hang gliders,High mountains,available segments,3925.0,469768836.84001863,1366,913,444780144.33104914,495669340.5791232
hang gliders,High mountains,available segments,4425.0,573404423.4019693,1217,822,540681476.0749714,607329368.3575041
hang gliders,High mountains,available segments,4989.0,709501613.5949721,1038,718,665678914.8099371,756759282.3996272
hang gliders,High mountains,available segments,5624.0,893551588.0766941,837,599,835620171.7477537,956740102.2220194
hang gliders,High mountains,available segments,6341.0,1121974115.7320573,627,467,1041894902.3781623,1209584082.7125747
hang gliders,High mountains,available segments,7149.0,1417630266.384106,453,333,1293339792.9970877,1554876397.9243374
hang gliders,High mountains,available segments,8059.0,1868481640.788104,269,205,1656099296.934812,2106792224.862449
hang gliders,High mountains,available segments,9086.0,2454209005.5384617,156,119,2109197273.6941178,2816369713.4459906
hang gliders,High mountains,available segments,10000.0,2986369663.372549,102,77,2511739278.407358,3514000450.287544
hang gliders,High mountains,fixed long segments,10.0,20935.827339920343,102,77,20157.74512189626,21777.17251688058
hang gliders,High mountains,fixed long segments,11.0,26153.600691253065,102,77,24571.76873591929,27829.484656539436
hang gliders,High mountains,fixed long segments,12.0,27198.20334520527,102,77,25479.648298086864,28954.723903719
hang gliders,High mountains,fixed long segments,14.0,40577.3471105239,102,77,37727.35521073715,43360.84086924558
hang gliders,High mountains,fixed long segments,16.0,53075.57789522059,102,77,49924.007353454,56415.15711308089
hang gliders,High mountains,fixed long segments,18.0,68094.29787071078,102,77,65152.13493779774,71285.84575589406
hang gliders,High mountains,fixed long segments,20.0,77900.02719056372,102,77,74264.66442384986,81739.5171397811
hang gliders,High mountains,fixed long segments,23.0,102740.13694852941,102,77,97435.16971651245,108154.28817614107
hang gliders,High mountains,fixed long segments,25.0,106612.08769914215,102,77,101125.17409842355,112336.05496507249
hang gliders,High mountains,fixed long segments,29.0,156552.46400122548,102,77,149263.9242537723,164357.47813960278
hang gliders,High mountains,fixed long segments,32.0,176704.2220435049,102,77,167480.002306708,186444.2022989119
hang gliders,High mountains,fixed long segments,37.0,236455.2306985294,102,77,224175.4124394448,248932.72658348398
hang gliders,High mountains,fixed long segments,41.0,285963.78553921566,102,77,271787.91510954086,301030.7874028704
hang gliders,High mountains,fixed long segments,46.0,367679.15226715687,102,77,348627.98318917205,387256.57134960196
hang gliders,High mountains,fixed long segments,52.0,439301.1694240196,102,77,417650.0170178066,461647.3483764648
hang gliders,High mountains,fixed long segments,59.0,590475.5265012255,102,77,561962.9462795092,620576.1316817369
hang gliders,High mountains,fixed long segments,67.0,730889.443627451,102,77,693458.7411204636,769100.5648116393
hang gliders,High mountains,fixed long segments,75.0,923820.5891544118,102,77,877113.2120918368,973463.7978934151
hang gliders,High mountains,fixed long segments,85.0,1109462.9424019607,102,77,1054685.7139455928,1167081.3049417357
hang gliders,High mountains,fixed long segments,95.0,1428478.3511029412,102,77,1356124.4617487113,1504665.2467069433
hang gliders,High mountains,fixed long segments,107.0,1749080.5888480393,102,77,1659526.355329427,1842861.5091064603
hang gliders,High mountains,fixed long segments,121.0,2154833.881127451,102,77,2045258.8688176973,2269418.6210519164
hang gliders,High mountains,fixed long segments,137.0,2732631.0772058824,102,77,2591924.189168527,2881069.1394635416
hang gliders,High mountains,fixed long segments,154.0,3355932.3835784313,102,77,3185799.5930370083,3536902.414952349
hang gliders,High mountains,fixed long segments,174.0,4207541.897058823,102,77,3989453.047012927,4439612.792685381
hang gliders,High mountains,fixed long segments,196.0,5231911.083333333,102,77,4958634.826178245,5521705.663834566
hang gliders,High mountains,fixed long segments,221.0,6444281.700980392,102,77,6102253.14535326,6803042.785160086
hang gliders,High mountains,fixed long segments,249.0,8000769.240196078,102,77,7573029.41969866,8448604.2230375
hang gliders,High mountains,fixed long segments,281.0,9851233.455882354,102,77,9315003.011630334,10408641.327754935
hang gliders,High mountains,fixed long segments,316.0,12140457.44117647,102,77,11465239.01979479,12843308.281200675
hang gliders,High mountains,fixed long segments,357.0,14969915.156862745,102,77,14123974.814027732,15849943.006816328
hang gliders,High mountains,fixed long segments,402.0,18322748.69117647,102,77,17284908.37602778,19396518.912057303
hang gliders,High mountains,fixed long segments,453.0,22593620.843137253,102,77,21296711.017489582,23945058.822028067
hang gliders,High mountains,fixed long segments,511.0,27773750.774509802,102,77,26149144.536951583,29474204.30823325
hang gliders,High mountains,fixed long segments,576.0,34208235.078431375,102,77,32158946.45511708,36359477.70473965
hang gliders,High mountains,fixed long segments,649.0,41965803.686274506,102,77,39451742.97161112,44644620.33848626
hang gliders,High mountains,fixed long segments,732.0,51520965.98039216,102,77,48360734.77837529,54872974.85119047
hang gliders,High mountains,fixed long segments,825.0,63338568.35294118,102,77,59375541.92156955,67533268.65703389
hang gliders,High mountains,fixed long segments,931.0,78184185.31372549,102,77,73205302.46650533,83457422.77600491
hang gliders,High mountains,fixed long segments,1049.0,96284124.98039216,102,77,89913810.9112013,102868193.0346739
hang gliders,High mountains,fixed long segments,1183.0,118539020.43137255,102,77,110472407.5596519,126686122.6583172
hang gliders,High mountains,fixed long segments,1334.0,146036508.9019608,102,77,135857227.9606429,156223326.1845614
hang gliders,High mountains,fixed long segments,1504.0,179854827.1372549,102,77,166998274.19261408,192860611.62210524
hang gliders,High mountains,fixed long segments,1695.0,221822515.92156863,102,77,205534150.55640188,238208523.87999997
hang gliders,High mountains,fixed long segments,1911.0,272852142.6666667,102,77,252363562.98229507,293468011.18861395
hang gliders,High mountains,fixed long segments,2155.0,336261937.8039216,102,77,310580914.544,361974835.8372266
hang gliders,High mountains,fixed long segments,2429.0,412765208.7058824,102,77,380833519.7770056,445298585.02224034
hang gliders,High mountains,fixed long segments,2739.0,506246567.6862745,102,77,465804675.455469,547214969.8923031
hang gliders,High mountains,fixed long segments,3088.0,619540402.9803921,102,77,568320643.356949,670831475.7694836
hang gliders,High mountains,fixed long segments,3481.0,755619475.2941177,102,77,691553618.0571175,821381097.5820018
hang gliders,High mountains,fixed long segments,3925.0,919481848.4705882,102,77,837343431.9860164,1001747371.8072288
hang gliders,High mountains,fixed long segments,4425.0,1113125607.6862745,102,77,1010843873.4974163,1216162478.3713253
hang gliders,High mountains,fixed long segments,4989.0,1338332841.4117646,102,77,1209505338.8500686,1468564576.5166667
hang gliders,High mountains,fixed long segments,5624.0,1594726025.0980392,102,77,1432193663.8414664,1759164835.8289473
hang gliders,High mountains,fixed long segments,6341.0,1882673040.627451,102,77,1679664254.2610264,2088354541.6406682
hang gliders,High mountains,fixed long segments,7149.0,2190548048.3137255,102,77,1935889762.398335,2448949082.694902
hang gliders,High mountains,fixed long segments,8059.0,2495124401.882353,102,77,2180554327.704758,2825679629.886879
hang gliders,High mountains,fixed long segments,9086.0,2782104142.4313726,102,77,2389181023.1035895,3206380157.128124
hang gliders,High mountains,fixed long segments,10000.0,2986369663.372549,102,77,2511739278.407358,3514000450.287544
