configuration,window_s,cell,component,point,low,high,se
site_day,10_10000,alt0_open_beginners,altitude,0.007525380771875367,0.003652104205384709,0.010812087033040168,0.00216615909082589
site_day,10_10000,alt0_open_beginners,circuit,0.041173627113205824,0.039911663357836046,0.0426333689998307,0.0008308244276221946
site_day,10_10000,alt0_open_beginners,equipment,-0.007723140782947224,-0.009005211709222366,-0.006439852258131562,0.0007770195649540609
site_day,10_10000,alt0_open_beginners,altitude_circuit,0.02382110231277823,0.020526409986009048,0.027529775051160693,0.0021505114313749045
site_day,10_10000,alt0_open_beginners,altitude_equipment,0.001442169762407186,-0.002276684957306008,0.004892718569350479,0.0021687107768259004
site_day,10_10000,alt0_open_beginners,circuit_equipment,5.61638926692698e-05,-0.0010929158452149812,0.0013037625234135644,0.0007563821976512537
site_day,10_10000,alt0_open_beginners,three_way,0.0014002408713247316,-0.0020324086925000095,0.005149727249050334,0.002172420511169258
site_day,10_10000,alt0_open_experts,altitude,0.007525380771875367,0.003652104205384709,0.010812087033040168,0.00216615909082589
site_day,10_10000,alt0_open_experts,circuit,0.041173627113205824,0.039911663357836046,0.0426333689998307,0.0008308244276221946
site_day,10_10000,alt0_open_experts,equipment,0.007723140782947335,0.006439852258131667,0.009005211709222471,0.0007770195649540694
site_day,10_10000,alt0_open_experts,altitude_circuit,0.02382110231277823,0.020526409986009048,0.027529775051160693,0.0021505114313749045
site_day,10_10000,alt0_open_experts,altitude_equipment,-0.001442169762407297,-0.004892718569350485,0.002276684957305889,0.002168710776825896
site_day,10_10000,alt0_open_experts,circuit_equipment,-5.61638926692698e-05,-0.0013037625234136709,0.0010929158452152865,0.0007563821976512642
site_day,10_10000,alt0_open_experts,three_way,-0.0014002408713248427,-0.00514972724905044,0.002032408692499998,0.002172420511169259
site_day,10_10000,alt0_closed_beginners,altitude,0.007525380771875367,0.003652104205384709,0.010812087033040168,0.00216615909082589
site_day,10_10000,alt0_closed_beginners,circuit,-0.04117362711320571,-0.0426333689998307,-0.03991166335783605,0.0008308244276221947
site_day,10_10000,alt0_closed_beginners,equipment,-0.007723140782947224,-0.009005211709222366,-0.006439852258131562,0.0007770195649540609
site_day,10_10000,alt0_closed_beginners,altitude_circuit,-0.02382110231277834,-0.02752977505116059,-0.020526409986008944,0.0021505114313749014
site_day,10_10000,alt0_closed_beginners,altitude_equipment,0.001442169762407186,-0.002276684957306008,0.004892718569350479,0.0021687107768259004
site_day,10_10000,alt0_closed_beginners,circuit_equipment,-5.6163892669602866e-05,-0.0013037625234136709,0.001092915845215392,0.0007563821976512635
site_day,10_10000,alt0_closed_beginners,three_way,-0.0014002408713245096,-0.005149727249050551,0.002032408692500109,0.0021724205111692536
site_day,10_10000,alt0_closed_experts,altitude,0.007525380771875367,0.003652104205384709,0.010812087033040168,0.00216615909082589
site_day,10_10000,alt0_closed_experts,circuit,-0.04117362711320571,-0.0426333689998307,-0.03991166335783605,0.0008308244276221947
site_day,10_10000,alt0_closed_experts,equipment,0.007723140782947335,0.006439852258131667,0.009005211709222471,0.0007770195649540694
site_day,10_10000,alt0_closed_experts,altitude_circuit,-0.02382110231277834,-0.02752977505116059,-0.020526409986008944,0.0021505114313749014
site_day,10_10000,alt0_closed_experts,altitude_equipment,-0.001442169762407297,-0.004892718569350485,0.002276684957305889,0.002168710776825896
site_day,10_10000,alt0_closed_experts,circuit_equipment,5.6163892669491844e-05,-0.00109291584521507,0.00130376252341347,0.0007563821976512609
site_day,10_10000,alt0_closed_experts,three_way,0.0014002408713245096,-0.002032408692500309,0.005149727249050229,0.0021724205111692536
site_day,10_10000,alt1_open_beginners,altitude,-0.000449754409719505,-0.0023422477482678674,0.0014609717361891224,0.0011518903044489153
site_day,10_10000,alt1_open_beginners,circuit,0.041173627113205824,0.039911663357836046,0.0426333689998307,0.0008308244276221946
site_day,10_10000,alt1_open_beginners,equipment,-0.007723140782947224,-0.009005211709222366,-0.006439852258131562,0.0007770195649540609
site_day,10_10000,alt1_open_beginners,altitude_circuit,0.02249146144651848,0.020524228574206566,0.024376910896819984,0.001143205802147648
site_day,10_10000,alt1_open_beginners,altitude_equipment,0.0028559578983240463,0.0010681034661685293,0.00479822993655835,0.0011389070096955367
site_day,10_10000,alt1_open_beginners,circuit_equipment,5.61638926692698e-05,-0.0010929158452149812,0.0013037625234135644,0.0007563821976512537
site_day,10_10000,alt1_open_beginners,three_way,-0.004196452258376726,-0.006036764370968145,-0.002352314518542965,0.001146483527312552
site_day,10_10000,alt1_open_experts,altitude,-0.000449754409719505,-0.0023422477482678674,0.0014609717361891224,0.0011518903044489153
site_day,10_10000,alt1_open_experts,circuit,0.041173627113205824,0.039911663357836046,0.0426333689998307,0.0008308244276221946
site_day,10_10000,alt1_open_experts,equipment,0.007723140782947335,0.006439852258131667,0.009005211709222471,0.0007770195649540694
site_day,10_10000,alt1_open_experts,altitude_circuit,0.02249146144651848,0.020524228574206566,0.024376910896819984,0.001143205802147648
site_day,10_10000,alt1_open_experts,altitude_equipment,-0.0028559578983241574,-0.004798229936558252,-0.0010681034661686364,0.0011389070096955354
site_day,10_10000,alt1_open_experts,circuit_equipment,-5.61638926692698e-05,-0.0013037625234136709,0.0010929158452152865,0.0007563821976512642
site_day,10_10000,alt1_open_experts,three_way,0.004196452258376726,0.002352314518542975,0.006036764370967834,0.0011464835273125474
site_day,10_10000,alt1_closed_beginners,altitude,-0.000449754409719505,-0.0023422477482678674,0.0014609717361891224,0.0011518903044489153
site_day,10_10000,alt1_closed_beginners,circuit,-0.04117362711320571,-0.0426333689998307,-0.03991166335783605,0.0008308244276221947
site_day,10_10000,alt1_closed_beginners,equipment,-0.007723140782947224,-0.009005211709222366,-0.006439852258131562,0.0007770195649540609
site_day,10_10000,alt1_closed_beginners,altitude_circuit,-0.02249146144651848,-0.02437691089681988,-0.02052422857420646,0.0011432058021476489
site_day,10_10000,alt1_closed_beginners,altitude_equipment,0.0028559578983240463,0.0010681034661685293,0.00479822993655835,0.0011389070096955367
site_day,10_10000,alt1_closed_beginners,circuit_equipment,-5.6163892669602866e-05,-0.0013037625234136709,0.001092915845215392,0.0007563821976512635
site_day,10_10000,alt1_closed_beginners,three_way,0.004196452258377059,0.002352314518542958,0.006036764370968045,0.0011464835273125513
site_day,10_10000,alt1_closed_experts,altitude,-0.000449754409719505,-0.0023422477482678674,0.0014609717361891224,0.0011518903044489153
site_day,10_10000,alt1_closed_experts,circuit,-0.04117362711320571,-0.0426333689998307,-0.03991166335783605,0.0008308244276221947
site_day,10_10000,alt1_closed_experts,equipment,0.007723140782947335,0.006439852258131667,0.009005211709222471,0.0007770195649540694
site_day,10_10000,alt1_closed_experts,altitude_circuit,-0.02249146144651848,-0.02437691089681988,-0.02052422857420646,0.0011432058021476489
site_day,10_10000,alt1_closed_experts,altitude_equipment,-0.0028559578983241574,-0.004798229936558252,-0.0010681034661686364,0.0011389070096955354
site_day,10_10000,alt1_closed_experts,circuit_equipment,5.6163892669491844e-05,-0.00109291584521507,0.00130376252341347,0.0007563821976512609
site_day,10_10000,alt1_closed_experts,three_way,-0.004196452258376948,-0.006036764370968251,-0.0023523145185427538,0.0011464835273125578
site_day,10_10000,alt2_open_beginners,altitude,-0.007315287987533559,-0.008648748894925002,-0.005743786944822554,0.0008954575640995813
site_day,10_10000,alt2_open_beginners,circuit,0.041173627113205824,0.039911663357836046,0.0426333689998307,0.0008308244276221946
site_day,10_10000,alt2_open_beginners,equipment,-0.007723140782947224,-0.009005211709222366,-0.006439852258131562,0.0007770195649540609
site_day,10_10000,alt2_open_beginners,altitude_circuit,-0.016943197250351094,-0.01855004304520334,-0.015647543125657092,0.000872179377229864
site_day,10_10000,alt2_open_beginners,altitude_equipment,-0.0036815053293144384,-0.005042621040666206,-0.00227712368194894,0.0008416273644732958
site_day,10_10000,alt2_open_beginners,circuit_equipment,5.61638926692698e-05,-0.0010929158452149812,0.0013037625234135644,0.0007563821976512537
site_day,10_10000,alt2_open_beginners,three_way,1.4052276695597499e-05,-0.0013561332746053203,0.001296416223754165,0.0008199780950134217
site_day,10_10000,alt2_open_experts,altitude,-0.007315287987533559,-0.008648748894925002,-0.005743786944822554,0.0008954575640995813
site_day,10_10000,alt2_open_experts,circuit,0.041173627113205824,0.039911663357836046,0.0426333689998307,0.0008308244276221946
site_day,10_10000,alt2_open_experts,equipment,0.007723140782947335,0.006439852258131667,0.009005211709222471,0.0007770195649540694
site_day,10_10000,alt2_open_experts,altitude_circuit,-0.016943197250351094,-0.01855004304520334,-0.015647543125657092,0.000872179377229864
site_day,10_10000,alt2_open_experts,altitude_equipment,0.0036815053293141053,0.002277123681948939,0.005042621040666217,0.0008416273644733001
site_day,10_10000,alt2_open_experts,circuit_equipment,-5.61638926692698e-05,-0.0013037625234136709,0.0010929158452152865,0.0007563821976512642
site_day,10_10000,alt2_open_experts,three_way,-1.4052276695375454e-05,-0.0012964162237541711,0.001356133274605314,0.0008199780950134274
site_day,10_10000,alt2_closed_beginners,altitude,-0.007315287987533559,-0.008648748894925002,-0.005743786944822554,0.0008954575640995813
site_day,10_10000,alt2_closed_beginners,circuit,-0.04117362711320571,-0.0426333689998307,-0.03991166335783605,0.0008308244276221947
site_day,10_10000,alt2_closed_beginners,equipment,-0.007723140782947224,-0.009005211709222366,-0.006439852258131562,0.0007770195649540609
site_day,10_10000,alt2_closed_beginners,altitude_circuit,0.01694319725035076,0.01564754312565731,0.01855004304520335,0.0008721793772298674
site_day,10_10000,alt2_closed_beginners,altitude_equipment,-0.0036815053293144384,-0.005042621040666206,-0.00227712368194894,0.0008416273644732958
site_day,10_10000,alt2_closed_beginners,circuit_equipment,-5.6163892669602866e-05,-0.0013037625234136709,0.001092915845215392,0.0007563821976512635
site_day,10_10000,alt2_closed_beginners,three_way,-1.405227669515341e-05,-0.0012964162237541711,0.001356133274605103,0.0008199780950134253
site_day,10_10000,alt2_closed_experts,altitude,-0.007315287987533559,-0.008648748894925002,-0.005743786944822554,0.0008954575640995813
site_day,10_10000,alt2_closed_experts,circuit,-0.04117362711320571,-0.0426333689998307,-0.03991166335783605,0.0008308244276221947
site_day,10_10000,alt2_closed_experts,equipment,0.007723140782947335,0.006439852258131667,0.009005211709222471,0.0007770195649540694
site_day,10_10000,alt2_closed_experts,altitude_circuit,0.01694319725035076,0.01564754312565731,0.01855004304520335,0.0008721793772298674
site_day,10_10000,alt2_closed_experts,altitude_equipment,0.0036815053293141053,0.002277123681948939,0.005042621040666217,0.0008416273644733001
site_day,10_10000,alt2_closed_experts,circuit_equipment,5.6163892669491844e-05,-0.00109291584521507,0.00130376252341347,0.0007563821976512609
site_day,10_10000,alt2_closed_experts,three_way,1.4052276695486476e-05,-0.0013561332746051093,0.0012964162237540594,0.0008199780950134229
site_day,10_10000,alt3_open_beginners,altitude,0.00023966162537802926,-0.0010347002212766135,0.0017796053503146942,0.0008881079122791592
site_day,10_10000,alt3_open_beginners,circuit,0.041173627113205824,0.039911663357836046,0.0426333689998307,0.0008308244276221946
site_day,10_10000,alt3_open_beginners,equipment,-0.007723140782947224,-0.009005211709222366,-0.006439852258131562,0.0007770195649540609
site_day,10_10000,alt3_open_beginners,altitude_circuit,-0.029369366508945838,-0.0309371336419115,-0.028044194884235048,0.0008843397497974862
site_day,10_10000,alt3_open_beginners,altitude_equipment,-0.0006166223314175712,-0.0019250863003248745,0.0007941539502547265,0.0008388506288327118
site_day,10_10000,alt3_open_beginners,circuit_equipment,5.61638926692698e-05,-0.0010929158452149812,0.0013037625234135644,0.0007563821976512537
site_day,10_10000,alt3_open_beginners,three_way,0.002782159110356952,0.0013893243846336443,0.0041262148478336536,0.0008237105028500784
site_day,10_10000,alt3_open_experts,altitude,0.00023966162537802926,-0.0010347002212766135,0.0017796053503146942,0.0008881079122791592
site_day,10_10000,alt3_open_experts,circuit,0.041173627113205824,0.039911663357836046,0.0426333689998307,0.0008308244276221946
site_day,10_10000,alt3_open_experts,equipment,0.007723140782947335,0.006439852258131667,0.009005211709222471,0.0007770195649540694
site_day,10_10000,alt3_open_experts,altitude_circuit,-0.029369366508945838,-0.0309371336419115,-0.028044194884235048,0.0008843397497974862
site_day,10_10000,alt3_open_experts,altitude_equipment,0.0006166223314173491,-0.0007941539502545174,0.0019250863003249835,0.0008388506288327176
site_day,10_10000,alt3_open_experts,circuit_equipment,-5.61638926692698e-05,-0.0013037625234136709,0.0010929158452152865,0.0007563821976512642
site_day,10_10000,alt3_open_experts,three_way,-0.002782159110356841,-0.004126214847833759,-0.0013893243846336508,0.0008237105028500929
site_day,10_10000,alt3_closed_beginners,altitude,0.00023966162537802926,-0.0010347002212766135,0.0017796053503146942,0.0008881079122791592
site_day,10_10000,alt3_closed_beginners,circuit,-0.04117362711320571,-0.0426333689998307,-0.03991166335783605,0.0008308244276221947
site_day,10_10000,alt3_closed_beginners,equipment,-0.007723140782947224,-0.009005211709222366,-0.006439852258131562,0.0007770195649540609
site_day,10_10000,alt3_closed_beginners,altitude_circuit,0.029369366508945727,0.028044194884234836,0.0309371336419114,0.0008843397497974891
site_day,10_10000,alt3_closed_beginners,altitude_equipment,-0.0006166223314175712,-0.0019250863003248745,0.0007941539502547265,0.0008388506288327118
site_day,10_10000,alt3_closed_beginners,circuit_equipment,-5.6163892669602866e-05,-0.0013037625234136709,0.001092915845215392,0.0007563821976512635
site_day,10_10000,alt3_closed_beginners,three_way,-0.002782159110356508,-0.004126214847833753,-0.0013893243846336452,0.0008237105028500894
site_day,10_10000,alt3_closed_experts,altitude,0.00023966162537802926,-0.0010347002212766135,0.0017796053503146942,0.0008881079122791592
site_day,10_10000,alt3_closed_experts,circuit,-0.04117362711320571,-0.0426333689998307,-0.03991166335783605,0.0008308244276221947
site_day,10_10000,alt3_closed_experts,equipment,0.007723140782947335,0.006439852258131667,0.009005211709222471,0.0007770195649540694
site_day,10_10000,alt3_closed_experts,altitude_circuit,0.029369366508945727,0.028044194884234836,0.0309371336419114,0.0008843397497974891
site_day,10_10000,alt3_closed_experts,altitude_equipment,0.0006166223314173491,-0.0007941539502545174,0.0019250863003249835,0.0008388506288327176
site_day,10_10000,alt3_closed_experts,circuit_equipment,5.6163892669491844e-05,-0.00109291584521507,0.00130376252341347,0.0007563821976512609
site_day,10_10000,alt3_closed_experts,three_way,0.002782159110356619,0.0013893243846337332,0.004126214847834081,0.0008237105028500848
site_day,10_100,alt0_open_beginners,altitude,-0.006108120071014689,-0.008417719920534573,-0.00387013676751391,0.0013795235235354328
site_day,10_100,alt0_open_beginners,circuit,0.005901530327626636,0.005049082207753908,0.006743070643472027,0.0005029558939590374
site_day,10_100,alt0_open_beginners,equipment,-0.0068656341311144065,-0.007610274263976741,-0.0060901828265256305,0.0004674472960049361
site_day,10_100,alt0_open_beginners,altitude_circuit,0.008767351696345571,0.006595088581167974,0.011085292111776678,0.001339144773192758
site_day,10_100,alt0_open_beginners,altitude_equipment,0.00026148035233297673,-0.0017646596533886728,0.002422674713302142,0.0012803263610417842
site_day,10_100,alt0_open_beginners,circuit_equipment,-0.0008326517849239767,-0.0015612959169474972,-7.25797867633327e-05,0.0004527712127868347
site_day,10_100,alt0_open_beginners,three_way,-0.0010125869280197541,-0.003047024270960691,0.0009887272019032443,0.001266645589444811
site_day,10_100,alt0_open_experts,altitude,-0.006108120071014689,-0.008417719920534573,-0.00387013676751391,0.0013795235235354328
site_day,10_100,alt0_open_experts,circuit,0.005901530327626636,0.005049082207753908,0.006743070643472027,0.0005029558939590374
site_day,10_100,alt0_open_experts,equipment,0.0068656341311145175,0.0060901828265255194,0.0076102742639768345,0.00046744729600493715
site_day,10_100,alt0_open_experts,altitude_circuit,0.008767351696345571,0.006595088581167974,0.011085292111776678,0.001339144773192758
site_day,10_100,alt0_open_experts,altitude_equipment,-0.00026148035233308775,-0.0024226747133021475,0.0017646596533885726,0.0012803263610417868
site_day,10_100,alt0_open_experts,circuit_equipment,0.0008326517849238657,7.257978676344367e-05,0.001561295916947486,0.0004527712127868363
site_day,10_100,alt0_open_experts,three_way,0.0010125869280198652,-0.000988727201903239,0.003047024270960684,0.0012666455894448105
site_day,10_100,alt0_closed_beginners,altitude,-0.006108120071014689,-0.008417719920534573,-0.00387013676751391,0.0013795235235354328
site_day,10_100,alt0_closed_beginners,circuit,-0.005901530327626636,-0.006743070643472238,-0.005049082207753908,0.0005029558939590429
site_day,10_100,alt0_closed_beginners,equipment,-0.0068656341311144065,-0.007610274263976741,-0.0060901828265256305,0.0004674472960049361
site_day,10_100,alt0_closed_beginners,altitude_circuit,-0.008767351696345571,-0.011085292111776569,-0.006595088581167969,0.0013391447731927585
site_day,10_100,alt0_closed_beginners,altitude_equipment,0.00026148035233297673,-0.0017646596533886728,0.002422674713302142,0.0012803263610417842
site_day,10_100,alt0_closed_beginners,circuit_equipment,0.0008326517849239767,7.257978676323273e-05,0.001561295916947486,0.0004527712127868339
site_day,10_100,alt0_closed_beginners,three_way,0.0010125869280197541,-0.0009887272019034332,0.0030470242709604734,0.0012666455894448148
site_day,10_100,alt0_closed_experts,altitude,-0.006108120071014689,-0.008417719920534573,-0.00387013676751391,0.0013795235235354328
site_day,10_100,alt0_closed_experts,circuit,-0.005901530327626636,-0.006743070643472238,-0.005049082207753908,0.0005029558939590429
site_day,10_100,alt0_closed_experts,equipment,0.0068656341311145175,0.0060901828265255194,0.0076102742639768345,0.00046744729600493715
site_day,10_100,alt0_closed_experts,altitude_circuit,-0.008767351696345571,-0.011085292111776569,-0.006595088581167969,0.0013391447731927585
site_day,10_100,alt0_closed_experts,altitude_equipment,-0.00026148035233308775,-0.0024226747133021475,0.0017646596533885726,0.0012803263610417868
site_day,10_100,alt0_closed_experts,circuit_equipment,-0.0008326517849240878,-0.0015612959169474861,-7.257978676343817e-05,0.0004527712127868349
site_day,10_100,alt0_closed_experts,three_way,-0.0010125869280196431,-0.0030470242709604804,0.0009887272019032333,0.0012666455894448055
site_day,10_100,alt1_open_beginners,altitude,-0.0036344473104443775,-0.004725235984047982,-0.0025106264442433693,0.0006846965057462151
site_day,10_100,alt1_open_beginners,circuit,0.005901530327626636,0.005049082207753908,0.006743070643472027,0.0005029558939590374
site_day,10_100,alt1_open_beginners,equipment,-0.0068656341311144065,-0.007610274263976741,-0.0060901828265256305,0.0004674472960049361
site_day,10_100,alt1_open_beginners,altitude_circuit,0.005827129943553944,0.004694990778764968,0.006951792535612922,0.0006726205612636284
site_day,10_100,alt1_open_beginners,altitude_equipment,0.0005755790146647621,-0.0005284877507729658,0.0016428202909661346,0.00068007199376353
site_day,10_100,alt1_open_beginners,circuit_equipment,-0.0008326517849239767,-0.0015612959169474972,-7.25797867633327e-05,0.0004527712127868347
site_day,10_100,alt1_open_beginners,three_way,-0.0024168937635979937,-0.0035285423773972814,-0.0013444487452646985,0.0006605155619532224
site_day,10_100,alt1_open_experts,altitude,-0.0036344473104443775,-0.004725235984047982,-0.0025106264442433693,0.0006846965057462151
site_day,10_100,alt1_open_experts,circuit,0.005901530327626636,0.005049082207753908,0.006743070643472027,0.0005029558939590374
site_day,10_100,alt1_open_experts,equipment,0.0068656341311145175,0.0060901828265255194,0.0076102742639768345,0.00046744729600493715
site_day,10_100,alt1_open_experts,altitude_circuit,0.005827129943553944,0.004694990778764968,0.006951792535612922,0.0006726205612636284
site_day,10_100,alt1_open_experts,altitude_equipment,-0.0005755790146646511,-0.0016428202909660296,0.0005284877507733817,0.0006800719937635365
site_day,10_100,alt1_open_experts,circuit_equipment,0.0008326517849238657,7.257978676344367e-05,0.001561295916947486,0.0004527712127868363
site_day,10_100,alt1_open_experts,three_way,0.0024168937635979937,0.0013444487452648035,0.0035285423773974865,0.000660515561953232
site_day,10_100,alt1_closed_beginners,altitude,-0.0036344473104443775,-0.004725235984047982,-0.0025106264442433693,0.0006846965057462151
site_day,10_100,alt1_closed_beginners,circuit,-0.005901530327626636,-0.006743070643472238,-0.005049082207753908,0.0005029558939590429
site_day,10_100,alt1_closed_beginners,equipment,-0.0068656341311144065,-0.007610274263976741,-0.0060901828265256305,0.0004674472960049361
site_day,10_100,alt1_closed_beginners,altitude_circuit,-0.005827129943553722,-0.006951792535613033,-0.004694990778764752,0.0006726205612636327
site_day,10_100,alt1_closed_beginners,altitude_equipment,0.0005755790146647621,-0.0005284877507729658,0.0016428202909661346,0.00068007199376353
site_day,10_100,alt1_closed_beginners,circuit_equipment,0.0008326517849239767,7.257978676323273e-05,0.001561295916947486,0.0004527712127868339
site_day,10_100,alt1_closed_beginners,three_way,0.0024168937635977716,0.0013444487452649034,0.0035285423773974813,0.0006605155619532217
site_day,10_100,alt1_closed_experts,altitude,-0.0036344473104443775,-0.004725235984047982,-0.0025106264442433693,0.0006846965057462151
site_day,10_100,alt1_closed_experts,circuit,-0.005901530327626636,-0.006743070643472238,-0.005049082207753908,0.0005029558939590429
site_day,10_100,alt1_closed_experts,equipment,0.0068656341311145175,0.0060901828265255194,0.0076102742639768345,0.00046744729600493715
site_day,10_100,alt1_closed_experts,altitude_circuit,-0.005827129943553722,-0.006951792535613033,-0.004694990778764752,0.0006726205612636327
site_day,10_100,alt1_closed_experts,altitude_equipment,-0.0005755790146646511,-0.0016428202909660296,0.0005284877507733817,0.0006800719937635365
site_day,10_100,alt1_closed_experts,circuit_equipment,-0.0008326517849240878,-0.0015612959169474861,-7.257978676343817e-05,0.0004527712127868349
site_day,10_100,alt1_closed_experts,three_way,-0.0024168937635979937,-0.0035285423773975975,-0.0013444487452646929,0.0006605155619532244
site_day,10_100,alt2_open_beginners,altitude,0.002302667862757568,0.0014349853231183484,0.0031792359268924594,0.0005469682400327839
site_day,10_100,alt2_open_beginners,circuit,0.005901530327626636,0.005049082207753908,0.006743070643472027,0.0005029558939590374
site_day,10_100,alt2_open_beginners,equipment,-0.0068656341311144065,-0.007610274263976741,-0.0060901828265256305,0.0004674472960049361
site_day,10_100,alt2_open_beginners,altitude_circuit,-0.006751410398614932,-0.007614575110117744,-0.0058614879596258825,0.0005204222241371051
site_day,10_100,alt2_open_beginners,altitude_equipment,-0.0008398737473496176,-0.0016404002159189524,-3.900840019993607e-06,0.0004919718144501358
site_day,10_100,alt2_open_beginners,circuit_equipment,-0.0008326517849239767,-0.0015612959169474972,-7.25797867633327e-05,0.0004527712127868347
site_day,10_100,alt2_open_beginners,three_way,0.0012687366162948965,0.00044839155805287965,0.0020529619549446874,0.0004827414252805849
site_day,10_100,alt2_open_experts,altitude,0.002302667862757568,0.0014349853231183484,0.0031792359268924594,0.0005469682400327839
site_day,10_100,alt2_open_experts,circuit,0.005901530327626636,0.005049082207753908,0.006743070643472027,0.0005029558939590374
site_day,10_100,alt2_open_experts,equipment,0.0068656341311145175,0.0060901828265255194,0.0076102742639768345,0.00046744729600493715
site_day,10_100,alt2_open_experts,altitude_circuit,-0.006751410398614932,-0.007614575110117744,-0.0058614879596258825,0.0005204222241371051
site_day,10_100,alt2_open_experts,altitude_equipment,0.0008398737473495066,3.900840019788181e-06,0.0016404002159190357,0.0004919718144501359
site_day,10_100,alt2_open_experts,circuit_equipment,0.0008326517849238657,7.257978676344367e-05,0.001561295916947486,0.0004527712127868363
site_day,10_100,alt2_open_experts,three_way,-0.0012687366162947855,-0.0020529619549448097,-0.0004483915580530852,0.0004827414252805875
site_day,10_100,alt2_closed_beginners,altitude,0.002302667862757568,0.0014349853231183484,0.0031792359268924594,0.0005469682400327839
site_day,10_100,alt2_closed_beginners,circuit,-0.005901530327626636,-0.006743070643472238,-0.005049082207753908,0.0005029558939590429
site_day,10_100,alt2_closed_beginners,equipment,-0.0068656341311144065,-0.007610274263976741,-0.0060901828265256305,0.0004674472960049361
site_day,10_100,alt2_closed_beginners,altitude_circuit,0.006751410398615043,0.005861487959626094,0.007614575110117726,0.0005204222241371043
site_day,10_100,alt2_closed_beginners,altitude_equipment,-0.0008398737473496176,-0.0016404002159189524,-3.900840019993607e-06,0.0004919718144501358
site_day,10_100,alt2_closed_beginners,circuit_equipment,0.0008326517849239767,7.257978676323273e-05,0.001561295916947486,0.0004527712127868339
site_day,10_100,alt2_closed_beginners,three_way,-0.0012687366162948965,-0.00205296195494471,-0.0004483915580530852,0.00048274142528058854
site_day,10_100,alt2_closed_experts,altitude,0.002302667862757568,0.0014349853231183484,0.0031792359268924594,0.0005469682400327839
site_day,10_100,alt2_closed_experts,circuit,-0.005901530327626636,-0.006743070643472238,-0.005049082207753908,0.0005029558939590429
site_day,10_100,alt2_closed_experts,equipment,0.0068656341311145175,0.0060901828265255194,0.0076102742639768345,0.00046744729600493715
site_day,10_100,alt2_closed_experts,altitude_circuit,0.006751410398615043,0.005861487959626094,0.007614575110117726,0.0005204222241371043
site_day,10_100,alt2_closed_experts,altitude_equipment,0.0008398737473495066,3.900840019788181e-06,0.0016404002159190357,0.0004919718144501359
site_day,10_100,alt2_closed_experts,circuit_equipment,-0.0008326517849240878,-0.0015612959169474861,-7.257978676343817e-05,0.0004527712127868349
site_day,10_100,alt2_closed_experts,three_way,0.0012687366162950076,0.00044839155805296844,0.0020529619549445933,0.0004827414252805879
site_day,10_100,alt3_open_beginners,altitude,0.007439899518701387,0.0065311522489808205,0.008360534676992836,0.0005637529492471904
site_day,10_100,alt3_open_beginners,circuit,0.005901530327626636,0.005049082207753908,0.006743070643472027,0.0005029558939590374
site_day,10_100,alt3_open_beginners,equipment,-0.0068656341311144065,-0.007610274263976741,-0.0060901828265256305,0.0004674472960049361
site_day,10_100,alt3_open_beginners,altitude_circuit,-0.00784307124128436,-0.008704571258733673,-0.006932931664018371,0.0005421995920522778
site_day,10_100,alt3_open_beginners,altitude_equipment,2.8143803517677313e-06,-0.0008433126144504255,0.0007874028816126143,0.0004999677917474195
site_day,10_100,alt3_open_beginners,circuit_equipment,-0.0008326517849239767,-0.0015612959169474972,-7.25797867633327e-05,0.0004527712127868347
site_day,10_100,alt3_open_beginners,three_way,0.0021607440753227403,0.0013506040719677259,0.0029458587739082717,0.0004875583917168582
site_day,10_100,alt3_open_experts,altitude,0.007439899518701387,0.0065311522489808205,0.008360534676992836,0.0005637529492471904
site_day,10_100,alt3_open_experts,circuit,0.005901530327626636,0.005049082207753908,0.006743070643472027,0.0005029558939590374
site_day,10_100,alt3_open_experts,equipment,0.0068656341311145175,0.0060901828265255194,0.0076102742639768345,0.00046744729600493715
site_day,10_100,alt3_open_experts,altitude_circuit,-0.00784307124128436,-0.008704571258733673,-0.006932931664018371,0.0005421995920522778
site_day,10_100,alt3_open_experts,altitude_equipment,-2.814380351989776e-06,-0.0007874028816125034,0.0008433126144503033,0.0004999677917474229
site_day,10_100,alt3_open_experts,circuit_equipment,0.0008326517849238657,7.257978676344367e-05,0.001561295916947486,0.0004527712127868363
site_day,10_100,alt3_open_experts,three_way,-0.0021607440753225182,-0.002945858773908283,-0.0013506040719676315,0.000487558391716864
site_day,10_100,alt3_closed_beginners,altitude,0.007439899518701387,0.0065311522489808205,0.008360534676992836,0.0005637529492471904
site_day,10_100,alt3_closed_beginners,circuit,-0.005901530327626636,-0.006743070643472238,-0.005049082207753908,0.0005029558939590429
site_day,10_100,alt3_closed_beginners,equipment,-0.0068656341311144065,-0.007610274263976741,-0.0060901828265256305,0.0004674472960049361
site_day,10_100,alt3_closed_beginners,altitude_circuit,0.00784307124128436,0.006932931664018061,0.008704571258733562,0.0005421995920522859
site_day,10_100,alt3_closed_beginners,altitude_equipment,2.8143803517677313e-06,-0.0008433126144504255,0.0007874028816126143,0.0004999677917474195
site_day,10_100,alt3_closed_beginners,circuit_equipment,0.0008326517849239767,7.257978676323273e-05,0.001561295916947486,0.0004527712127868339
site_day,10_100,alt3_closed_beginners,three_way,-0.0021607440753226292,-0.002945858773908144,-0.0013506040719674206,0.0004875583917168601
site_day,10_100,alt3_closed_experts,altitude,0.007439899518701387,0.0065311522489808205,0.008360534676992836,0.0005637529492471904
site_day,10_100,alt3_closed_experts,circuit,-0.005901530327626636,-0.006743070643472238,-0.005049082207753908,0.0005029558939590429
site_day,10_100,alt3_closed_experts,equipment,0.0068656341311145175,0.0060901828265255194,0.0076102742639768345,0.00046744729600493715
site_day,10_100,alt3_closed_experts,altitude_circuit,0.00784307124128436,0.006932931664018061,0.008704571258733562,0.0005421995920522859
site_day,10_100,alt3_closed_experts,altitude_equipment,-2.814380351989776e-06,-0.0007874028816125034,0.0008433126144503033,0.0004999677917474229
site_day,10_100,alt3_closed_experts,circuit_equipment,-0.0008326517849240878,-0.0015612959169474861,-7.257978676343817e-05,0.0004527712127868349
site_day,10_100,alt3_closed_experts,three_way,0.0021607440753227403,0.0013506040719677315,0.0029458587739082717,0.0004875583917168612
site_day,100_1000,alt0_open_beginners,altitude,0.004464751357227459,0.001582250292317383,0.007071536621404922,0.0016417956603017151
site_day,100_1000,alt0_open_beginners,circuit,0.02086378291087898,0.019913036038475197,0.021939783500082778,0.0006298409337123657
site_day,100_1000,alt0_open_beginners,equipment,-0.00447996314788035,-0.005437289649765209,-0.0035741884744536602,0.0005660099293497765
site_day,100_1000,alt0_open_beginners,altitude_circuit,0.018490889488029127,0.015989937658217112,0.021472013521220624,0.0016232117658243617
site_day,100_1000,alt0_open_beginners,altitude_equipment,0.00035663025645982227,-0.0022836297123059904,0.002793993322913196,0.0015592233831624907
site_day,100_1000,alt0_open_beginners,circuit_equipment,-0.0012113738103692873,-0.002081094655538596,-0.0002554863509628473,0.0005528626359005894
site_day,100_1000,alt0_open_beginners,three_way,0.000874669148889895,-0.0015984788367166603,0.0036400621453013364,0.0015790916727102516
site_day,100_1000,alt0_open_experts,altitude,0.004464751357227459,0.001582250292317383,0.007071536621404922,0.0016417956603017151
site_day,100_1000,alt0_open_experts,circuit,0.02086378291087898,0.019913036038475197,0.021939783500082778,0.0006298409337123657
site_day,100_1000,alt0_open_experts,equipment,0.00447996314788035,0.0035741884744536654,0.005437289649765126,0.0005660099293497712
site_day,100_1000,alt0_open_experts,altitude_circuit,0.018490889488029127,0.015989937658217112,0.021472013521220624,0.0016232117658243617
site_day,100_1000,alt0_open_experts,altitude_equipment,-0.00035663025645982227,-0.002793993322913091,0.0022836297123059895,0.0015592233831624972
site_day,100_1000,alt0_open_experts,circuit_equipment,0.0012113738103691762,0.0002554863509627413,0.002081094655538706,0.0005528626359005839
site_day,100_1000,alt0_open_experts,three_way,-0.000874669148889784,-0.003640062145301454,0.0015984788367163379,0.0015790916727102672
site_day,100_1000,alt0_closed_beginners,altitude,0.004464751357227459,0.001582250292317383,0.007071536621404922,0.0016417956603017151
site_day,100_1000,alt0_closed_beginners,circuit,-0.02086378291087898,-0.021939783500082667,-0.01991303603847542,0.0006298409337123631
site_day,100_1000,alt0_closed_beginners,equipment,-0.00447996314788035,-0.005437289649765209,-0.0035741884744536602,0.0005660099293497765
site_day,100_1000,alt0_closed_beginners,altitude_circuit,-0.018490889488029127,-0.021472013521220613,-0.01598993765821733,0.001623211765824361
site_day,100_1000,alt0_closed_beginners,altitude_equipment,0.00035663025645982227,-0.0022836297123059904,0.002793993322913196,0.0015592233831624907
site_day,100_1000,alt0_closed_beginners,circuit_equipment,0.0012113738103691762,0.0002554863509625415,0.002081094655538484,0.0005528626359005862
site_day,100_1000,alt0_closed_beginners,three_way,-0.000874669148889673,-0.0036400621453013485,0.0015984788367163379,0.0015790916727102594
site_day,100_1000,alt0_closed_experts,altitude,0.004464751357227459,0.001582250292317383,0.007071536621404922,0.0016417956603017151
site_day,100_1000,alt0_closed_experts,circuit,-0.02086378291087898,-0.021939783500082667,-0.01991303603847542,0.0006298409337123631
site_day,100_1000,alt0_closed_experts,equipment,0.00447996314788035,0.0035741884744536654,0.005437289649765126,0.0005660099293497712
site_day,100_1000,alt0_closed_experts,altitude_circuit,-0.018490889488029127,-0.021472013521220613,-0.01598993765821733,0.001623211765824361
site_day,100_1000,alt0_closed_experts,altitude_equipment,-0.00035663025645982227,-0.002793993322913091,0.0022836297123059895,0.0015592233831624972
site_day,100_1000,alt0_closed_experts,circuit_equipment,-0.0012113738103691762,-0.0020810946555388067,-0.00025548635096296943,0.0005528626359005927
site_day,100_1000,alt0_closed_experts,three_way,0.000874669148889673,-0.0015984788367166547,0.003640062145301231,0.0015790916727102537
site_day,100_1000,alt1_open_beginners,altitude,0.000982105207501749,-0.00046897422119213664,0.002345041420736077,0.0008830926428072321
site_day,100_1000,alt1_open_beginners,circuit,0.02086378291087898,0.019913036038475197,0.021939783500082778,0.0006298409337123657
site_day,100_1000,alt1_open_beginners,equipment,-0.00447996314788035,-0.005437289649765209,-0.0035741884744536602,0.0005660099293497765
site_day,100_1000,alt1_open_beginners,altitude_circuit,0.013519464972824857,0.012071301266408607,0.014955295950046315,0.000889065139813979
site_day,100_1000,alt1_open_beginners,altitude_equipment,0.001092535487124846,-0.00029852705231280256,0.0024434595201689945,0.0008536508991680112
site_day,100_1000,alt1_open_beginners,circuit_equipment,-0.0012113738103692873,-0.002081094655538596,-0.0002554863509628473,0.0005528626359005894
site_day,100_1000,alt1_open_beginners,three_way,-0.0039110466564743485,-0.005356156004837842,-0.002541088715253881,0.0008630024580710727
site_day,100_1000,alt1_open_experts,altitude,0.000982105207501749,-0.00046897422119213664,0.002345041420736077,0.0008830926428072321
site_day,100_1000,alt1_open_experts,circuit,0.02086378291087898,0.019913036038475197,0.021939783500082778,0.0006298409337123657
site_day,100_1000,alt1_open_experts,equipment,0.00447996314788035,0.0035741884744536654,0.005437289649765126,0.0005660099293497712
site_day,100_1000,alt1_open_experts,altitude_circuit,0.013519464972824857,0.012071301266408607,0.014955295950046315,0.000889065139813979
site_day,100_1000,alt1_open_experts,altitude_equipment,-0.001092535487124846,-0.0024434595201689837,0.00029852705231282447,0.0008536508991680021
site_day,100_1000,alt1_open_experts,circuit_equipment,0.0012113738103691762,0.0002554863509627413,0.002081094655538706,0.0005528626359005839
site_day,100_1000,alt1_open_experts,three_way,0.0039110466564745705,0.0025410887152537754,0.005356156004837414,0.0008630024580710652
site_day,100_1000,alt1_closed_beginners,altitude,0.000982105207501749,-0.00046897422119213664,0.002345041420736077,0.0008830926428072321
site_day,100_1000,alt1_closed_beginners,circuit,-0.02086378291087898,-0.021939783500082667,-0.01991303603847542,0.0006298409337123631
site_day,100_1000,alt1_closed_beginners,equipment,-0.00447996314788035,-0.005437289649765209,-0.0035741884744536602,0.0005660099293497765
site_day,100_1000,alt1_closed_beginners,altitude_circuit,-0.01351946497282508,-0.014955295950046427,-0.012071301266408502,0.0008890651398139815
site_day,100_1000,alt1_closed_beginners,altitude_equipment,0.001092535487124846,-0.00029852705231280256,0.0024434595201689945,0.0008536508991680112
site_day,100_1000,alt1_closed_beginners,circuit_equipment,0.0012113738103691762,0.0002554863509625415,0.002081094655538484,0.0005528626359005862
site_day,100_1000,alt1_closed_beginners,three_way,0.0039110466564745705,0.0025410887152538643,0.005356156004837414,0.0008630024580710665
site_day,100_1000,alt1_closed_experts,altitude,0.000982105207501749,-0.00046897422119213664,0.002345041420736077,0.0008830926428072321
site_day,100_1000,alt1_closed_experts,circuit,-0.02086378291087898,-0.021939783500082667,-0.01991303603847542,0.0006298409337123631
site_day,100_1000,alt1_closed_experts,equipment,0.00447996314788035,0.0035741884744536654,0.005437289649765126,0.0005660099293497712
site_day,100_1000,alt1_closed_experts,altitude_circuit,-0.01351946497282508,-0.014955295950046427,-0.012071301266408502,0.0008890651398139815
site_day,100_1000,alt1_closed_experts,altitude_equipment,-0.001092535487124846,-0.0024434595201689837,0.00029852705231282447,0.0008536508991680021
site_day,100_1000,alt1_closed_experts,circuit_equipment,-0.0012113738103691762,-0.0020810946555388067,-0.00025548635096296943,0.0005528626359005927
site_day,100_1000,alt1_closed_experts,three_way,-0.0039110466564744595,-0.005356156004837825,-0.0025410887152536588,0.0008630024580710771
site_day,100_1000,alt2_open_beginners,altitude,-0.0031865440313146864,-0.004221643371546652,-0.002047517790968151,0.0006590260000869737
site_day,100_1000,alt2_open_beginners,circuit,0.02086378291087898,0.019913036038475197,0.021939783500082778,0.0006298409337123657
site_day,100_1000,alt2_open_beginners,equipment,-0.00447996314788035,-0.005437289649765209,-0.0035741884744536602,0.0005660099293497765
site_day,100_1000,alt2_open_beginners,altitude_circuit,-0.013946640061050952,-0.015067660601531464,-0.012957962821779172,0.0006453284860893428
site_day,100_1000,alt2_open_beginners,altitude_equipment,-0.0015685597639324422,-0.002502886488493,-0.0005048706883585775,0.0006080540792588526
site_day,100_1000,alt2_open_beginners,circuit_equipment,-0.0012113738103692873,-0.002081094655538596,-0.0002554863509628473,0.0005528626359005894
site_day,100_1000,alt2_open_beginners,three_way,0.0005112529765112228,-0.0005424755050692565,0.0014131752491544913,0.0005982695851735228
site_day,100_1000,alt2_open_experts,altitude,-0.0031865440313146864,-0.004221643371546652,-0.002047517790968151,0.0006590260000869737
site_day,100_1000,alt2_open_experts,circuit,0.02086378291087898,0.019913036038475197,0.021939783500082778,0.0006298409337123657
site_day,100_1000,alt2_open_experts,equipment,0.00447996314788035,0.0035741884744536654,0.005437289649765126,0.0005660099293497712
site_day,100_1000,alt2_open_experts,altitude_circuit,-0.013946640061050952,-0.015067660601531464,-0.012957962821779172,0.0006453284860893428
site_day,100_1000,alt2_open_experts,altitude_equipment,0.0015685597639324422,0.0005048706883587883,0.0025028864884928,0.0006080540792588457
site_day,100_1000,alt2_open_experts,circuit_equipment,0.0012113738103691762,0.0002554863509627413,0.002081094655538706,0.0005528626359005839
site_day,100_1000,alt2_open_experts,three_way,-0.0005112529765112228,-0.0014131752491542914,0.0005424755050693671,0.0005982695851735178
site_day,100_1000,alt2_closed_beginners,altitude,-0.0031865440313146864,-0.004221643371546652,-0.002047517790968151,0.0006590260000869737
site_day,100_1000,alt2_closed_beginners,circuit,-0.02086378291087898,-0.021939783500082667,-0.01991303603847542,0.0006298409337123631
site_day,100_1000,alt2_closed_beginners,equipment,-0.00447996314788035,-0.005437289649765209,-0.0035741884744536602,0.0005660099293497765
site_day,100_1000,alt2_closed_beginners,altitude_circuit,0.013946640061050952,0.012957962821779162,0.015067660601531568,0.0006453284860893362
site_day,100_1000,alt2_closed_beginners,altitude_equipment,-0.0015685597639324422,-0.002502886488493,-0.0005048706883585775,0.0006080540792588526
site_day,100_1000,alt2_closed_beginners,circuit_equipment,0.0012113738103691762,0.0002554863509625415,0.002081094655538484,0.0005528626359005862
site_day,100_1000,alt2_closed_beginners,three_way,-0.0005112529765111118,-0.0014131752491543914,0.0005424755050690563,0.0005982695851735181
site_day,100_1000,alt2_closed_experts,altitude,-0.0031865440313146864,-0.004221643371546652,-0.002047517790968151,0.0006590260000869737
site_day,100_1000,alt2_closed_experts,circuit,-0.02086378291087898,-0.021939783500082667,-0.01991303603847542,0.0006298409337123631
site_day,100_1000,alt2_closed_experts,equipment,0.00447996314788035,0.0035741884744536654,0.005437289649765126,0.0005660099293497712
site_day,100_1000,alt2_closed_experts,altitude_circuit,0.013946640061050952,0.012957962821779162,0.015067660601531568,0.0006453284860893362
site_day,100_1000,alt2_closed_experts,altitude_equipment,0.0015685597639324422,0.0005048706883587883,0.0025028864884928,0.0006080540792588457
site_day,100_1000,alt2_closed_experts,circuit_equipment,-0.0012113738103691762,-0.0020810946555388067,-0.00025548635096296943,0.0005528626359005927
site_day,100_1000,alt2_closed_experts,three_way,0.0005112529765111118,-0.000542475505069151,0.001413175249154286,0.0005982695851735301
site_day,100_1000,alt3_open_beginners,altitude,-0.0022603125334144103,-0.0032590520930518897,-0.0010362500072306833,0.0006925358004058847
site_day,100_1000,alt3_open_beginners,circuit,0.02086378291087898,0.019913036038475197,0.021939783500082778,0.0006298409337123657
site_day,100_1000,alt3_open_beginners,equipment,-0.00447996314788035,-0.005437289649765209,-0.0035741884744536602,0.0005660099293497765
site_day,100_1000,alt3_open_beginners,altitude_circuit,-0.018063714399803033,-0.019273410640669016,-0.017076916042900646,0.0006666912091523201
site_day,100_1000,alt3_open_beginners,altitude_equipment,0.00011939402034755187,-0.0008553400431971559,0.001112869487051898,0.0006069143888557011
site_day,100_1000,alt3_open_beginners,circuit_equipment,-0.0012113738103692873,-0.002081094655538596,-0.0002554863509628473,0.0005528626359005894
site_day,100_1000,alt3_open_beginners,three_way,0.0025251245310736747,0.0014973708474669497,0.0034811725609446564,0.0006027988702060662
site_day,100_1000,alt3_open_experts,altitude,-0.0022603125334144103,-0.0032590520930518897,-0.0010362500072306833,0.0006925358004058847
site_day,100_1000,alt3_open_experts,circuit,0.02086378291087898,0.019913036038475197,0.021939783500082778,0.0006298409337123657
site_day,100_1000,alt3_open_experts,equipment,0.00447996314788035,0.0035741884744536654,0.005437289649765126,0.0005660099293497712
site_day,100_1000,alt3_open_experts,altitude_circuit,-0.018063714399803033,-0.019273410640669016,-0.017076916042900646,0.0006666912091523201
site_day,100_1000,alt3_open_experts,altitude_equipment,-0.00011939402034766289,-0.0011128694870520207,0.0008553400431973497,0.0006069143888556959
site_day,100_1000,alt3_open_experts,circuit_equipment,0.0012113738103691762,0.0002554863509627413,0.002081094655538706,0.0005528626359005839
site_day,100_1000,alt3_open_experts,three_way,-0.0025251245310735637,-0.003481172560944751,-0.0014973708474667403,0.0006027988702060553
site_day,100_1000,alt3_closed_beginners,altitude,-0.0022603125334144103,-0.0032590520930518897,-0.0010362500072306833,0.0006925358004058847
site_day,100_1000,alt3_closed_beginners,circuit,-0.02086378291087898,-0.021939783500082667,-0.01991303603847542,0.0006298409337123631
site_day,100_1000,alt3_closed_beginners,equipment,-0.00447996314788035,-0.005437289649765209,-0.0035741884744536602,0.0005660099293497765
site_day,100_1000,alt3_closed_beginners,altitude_circuit,0.018063714399803033,0.017076916042900642,0.019273410640669016,0.0006666912091523196
site_day,100_1000,alt3_closed_beginners,altitude_equipment,0.00011939402034755187,-0.0008553400431971559,0.001112869487051898,0.0006069143888557011
site_day,100_1000,alt3_closed_beginners,circuit_equipment,0.0012113738103691762,0.0002554863509625415,0.002081094655538484,0.0005528626359005862
site_day,100_1000,alt3_closed_beginners,three_way,-0.0025251245310735637,-0.0034811725609444288,-0.0014973708474666405,0.0006027988702060553
site_day,100_1000,alt3_closed_experts,altitude,-0.0022603125334144103,-0.0032590520930518897,-0.0010362500072306833,0.0006925358004058847
site_day,100_1000,alt3_closed_experts,circuit,-0.02086378291087898,-0.021939783500082667,-0.01991303603847542,0.0006298409337123631
site_day,100_1000,alt3_closed_experts,equipment,0.00447996314788035,0.0035741884744536654,0.005437289649765126,0.0005660099293497712
site_day,100_1000,alt3_closed_experts,altitude_circuit,0.018063714399803033,0.017076916042900642,0.019273410640669016,0.0006666912091523196
site_day,100_1000,alt3_closed_experts,altitude_equipment,-0.00011939402034766289,-0.0011128694870520207,0.0008553400431973497,0.0006069143888556959
site_day,100_1000,alt3_closed_experts,circuit_equipment,-0.0012113738103691762,-0.0020810946555388067,-0.00025548635096296943,0.0005528626359005927
site_day,100_1000,alt3_closed_experts,three_way,0.0025251245310736747,0.0014973708474664167,0.0034811725609446564,0.0006027988702060664
site_day,1000_10000,alt0_open_beginners,altitude,0.020503148045126207,0.009330818078795511,0.02979322658648158,0.006247130596584052
site_day,1000_10000,alt0_open_beginners,circuit,0.12461529675840466,0.1212380500897852,0.1289710501859766,0.0023057626898069614
site_day,1000_10000,alt0_open_beginners,equipment,-0.01669349510572904,-0.020670418122343975,-0.01280829270463711,0.002373918900339564
site_day,1000_10000,alt0_open_beginners,altitude_circuit,0.04766815901026478,0.03878431556587197,0.05903052872292276,0.0062110851730680285
site_day,1000_10000,alt0_open_beginners,altitude_equipment,0.0037710243837919544,-0.007074432108256968,0.014853694169878364,0.006692410975725084
site_day,1000_10000,alt0_open_beginners,circuit_equipment,0.004473772059544356,0.0006260988972381643,0.008482347570880433,0.0023487948077334873
site_day,1000_10000,alt0_open_beginners,three_way,0.004486531743835398,-0.006582934553268783,0.015555326938136363,0.006682040801325978
site_day,1000_10000,alt0_open_experts,altitude,0.020503148045126207,0.009330818078795511,0.02979322658648158,0.006247130596584052
site_day,1000_10000,alt0_open_experts,circuit,0.12461529675840466,0.1212380500897852,0.1289710501859766,0.0023057626898069614
site_day,1000_10000,alt0_open_experts,equipment,0.01669349510572904,0.012808292704637203,0.020670418122343867,0.0023739189003395625
site_day,1000_10000,alt0_open_experts,altitude_circuit,0.04766815901026478,0.03878431556587197,0.05903052872292276,0.0062110851730680285
site_day,1000_10000,alt0_open_experts,altitude_equipment,-0.0037710243837919544,-0.014853694169878457,0.007074432108256971,0.006692410975725082
site_day,1000_10000,alt0_open_experts,circuit_equipment,-0.004473772059544245,-0.008482347570880216,-0.0006260988972381533,0.0023487948077334873
site_day,1000_10000,alt0_open_experts,three_way,-0.004486531743835509,-0.015555326938136355,0.006582934553268776,0.006682040801325983
site_day,1000_10000,alt0_closed_beginners,altitude,0.020503148045126207,0.009330818078795511,0.02979322658648158,0.006247130596584052
site_day,1000_10000,alt0_closed_beginners,circuit,-0.12461529675840477,-0.12897105018597652,-0.12123805008978518,0.0023057626898069588
site_day,1000_10000,alt0_closed_beginners,equipment,-0.01669349510572904,-0.020670418122343975,-0.01280829270463711,0.002373918900339564
site_day,1000_10000,alt0_closed_beginners,altitude_circuit,-0.047668159010264666,-0.05903052872292254,-0.03878431556587165,0.0062110851730680285
site_day,1000_10000,alt0_closed_beginners,altitude_equipment,0.0037710243837919544,-0.007074432108256968,0.014853694169878364,0.006692410975725084
site_day,1000_10000,alt0_closed_beginners,circuit_equipment,-0.004473772059544356,-0.00848234757088021,-0.0006260988972382643,0.0023487948077334842
site_day,1000_10000,alt0_closed_beginners,three_way,-0.004486531743835287,-0.01555532693813615,0.006582934553268881,0.0066820408013259875
site_day,1000_10000,alt0_closed_experts,altitude,0.020503148045126207,0.009330818078795511,0.02979322658648158,0.006247130596584052
site_day,1000_10000,alt0_closed_experts,circuit,-0.12461529675840477,-0.12897105018597652,-0.12123805008978518,0.0023057626898069588
site_day,1000_10000,alt0_closed_experts,equipment,0.01669349510572904,0.012808292704637203,0.020670418122343867,0.0023739189003395625
site_day,1000_10000,alt0_closed_experts,altitude_circuit,-0.047668159010264666,-0.05903052872292254,-0.03878431556587165,0.0062110851730680285
site_day,1000_10000,alt0_closed_experts,altitude_equipment,-0.0037710243837919544,-0.014853694169878457,0.007074432108256971,0.006692410975725082
site_day,1000_10000,alt0_closed_experts,circuit_equipment,0.004473772059544356,0.0006260988972380643,0.008482347570880438,0.002348794807733485
site_day,1000_10000,alt0_closed_experts,three_way,0.004486531743835398,-0.006582934553268894,0.015555326938136368,0.006682040801325979
site_day,1000_10000,alt1_open_beginners,altitude,-0.009615211864902662,-0.015161214470532387,-0.00403348175635313,0.003398689450762258
site_day,1000_10000,alt1_open_beginners,circuit,0.12461529675840466,0.1212380500897852,0.1289710501859766,0.0023057626898069614
site_day,1000_10000,alt1_open_beginners,equipment,-0.01669349510572904,-0.020670418122343975,-0.01280829270463711,0.002373918900339564
site_day,1000_10000,alt1_open_beginners,altitude_circuit,0.061503024332869694,0.05574636633420078,0.06689427826088952,0.003325096490011401
site_day,1000_10000,alt1_open_beginners,altitude_equipment,0.00876267913774953,0.0028226644231359953,0.014370508390179384,0.003439670069300708
site_day,1000_10000,alt1_open_beginners,circuit_equipment,0.004473772059544356,0.0006260988972381643,0.008482347570880433,0.0023487948077334873
site_day,1000_10000,alt1_open_beginners,three_way,-0.006901054025220343,-0.012560425291166438,-0.0011138635654596976,0.0034412285452389627
site_day,1000_10000,alt1_open_experts,altitude,-0.009615211864902662,-0.015161214470532387,-0.00403348175635313,0.003398689450762258
site_day,1000_10000,alt1_open_experts,circuit,0.12461529675840466,0.1212380500897852,0.1289710501859766,0.0023057626898069614
site_day,1000_10000,alt1_open_experts,equipment,0.01669349510572904,0.012808292704637203,0.020670418122343867,0.0023739189003395625
site_day,1000_10000,alt1_open_experts,altitude_circuit,0.061503024332869694,0.05574636633420078,0.06689427826088952,0.003325096490011401
site_day,1000_10000,alt1_open_experts,altitude_equipment,-0.008762679137749751,-0.014370508390179388,-0.0028226644231361957,0.0034396700693007025
site_day,1000_10000,alt1_open_experts,circuit_equipment,-0.004473772059544245,-0.008482347570880216,-0.0006260988972381533,0.0023487948077334873
site_day,1000_10000,alt1_open_experts,three_way,0.006901054025220343,0.0011138635654601094,0.012560425291166653,0.0034412285452389488
site_day,1000_10000,alt1_closed_beginners,altitude,-0.009615211864902662,-0.015161214470532387,-0.00403348175635313,0.003398689450762258
site_day,1000_10000,alt1_closed_beginners,circuit,-0.12461529675840477,-0.12897105018597652,-0.12123805008978518,0.0023057626898069588
site_day,1000_10000,alt1_closed_beginners,equipment,-0.01669349510572904,-0.020670418122343975,-0.01280829270463711,0.002373918900339564
site_day,1000_10000,alt1_closed_beginners,altitude_circuit,-0.061503024332869694,-0.06689427826088931,-0.05574636633420078,0.0033250964900113983
site_day,1000_10000,alt1_closed_beginners,altitude_equipment,0.00876267913774953,0.0028226644231359953,0.014370508390179384,0.003439670069300708
site_day,1000_10000,alt1_closed_beginners,circuit_equipment,-0.004473772059544356,-0.00848234757088021,-0.0006260988972382643,0.0023487948077334842
site_day,1000_10000,alt1_closed_beginners,three_way,0.0069010540252205654,0.0011138635654602093,0.012560425291166442,0.003441228545238946
site_day,1000_10000,alt1_closed_experts,altitude,-0.009615211864902662,-0.015161214470532387,-0.00403348175635313,0.003398689450762258
site_day,1000_10000,alt1_closed_experts,circuit,-0.12461529675840477,-0.12897105018597652,-0.12123805008978518,0.0023057626898069588
site_day,1000_10000,alt1_closed_experts,equipment,0.01669349510572904,0.012808292704637203,0.020670418122343867,0.0023739189003395625
site_day,1000_10000,alt1_closed_experts,altitude_circuit,-0.061503024332869694,-0.06689427826088931,-0.05574636633420078,0.0033250964900113983
site_day,1000_10000,alt1_closed_experts,altitude_equipment,-0.008762679137749751,-0.014370508390179388,-0.0028226644231361957,0.0034396700693007025
site_day,1000_10000,alt1_closed_experts,circuit_equipment,0.004473772059544356,0.0006260988972380643,0.008482347570880438,0.002348794807733485
site_day,1000_10000,alt1_closed_experts,three_way,-0.006901054025220343,-0.012560425291166655,-0.0011138635654595866,0.003441228545238953
site_day,1000_10000,alt2_open_beginners,altitude,-0.01900850691365652,-0.022818996301923605,-0.014416766222050799,0.0025639035917409112
site_day,1000_10000,alt2_open_beginners,circuit,0.12461529675840466,0.1212380500897852,0.1289710501859766,0.0023057626898069614
site_day,1000_10000,alt2_open_beginners,equipment,-0.01669349510572904,-0.020670418122343975,-0.01280829270463711,0.002373918900339564
site_day,1000_10000,alt2_open_beginners,altitude_circuit,-0.033431725695022285,-0.03794412687629957,-0.02966604576472386,0.002506763302966031
site_day,1000_10000,alt2_open_beginners,altitude_equipment,-0.009966446215700753,-0.01429448139844371,-0.005621258092120713,0.0025286417332533438
site_day,1000_10000,alt2_open_beginners,circuit_equipment,0.004473772059544356,0.0006260988972381643,0.008482347570880433,0.0023487948077334873
site_day,1000_10000,alt2_open_beginners,three_way,-0.0016242677733848687,-0.00581599630458069,0.002416665820926894,0.0024842900485487897
site_day,1000_10000,alt2_open_experts,altitude,-0.01900850691365652,-0.022818996301923605,-0.014416766222050799,0.0025639035917409112
site_day,1000_10000,alt2_open_experts,circuit,0.12461529675840466,0.1212380500897852,0.1289710501859766,0.0023057626898069614
site_day,1000_10000,alt2_open_experts,equipment,0.01669349510572904,0.012808292704637203,0.020670418122343867,0.0023739189003395625
site_day,1000_10000,alt2_open_experts,altitude_circuit,-0.033431725695022285,-0.03794412687629957,-0.02966604576472386,0.002506763302966031
site_day,1000_10000,alt2_open_experts,altitude_equipment,0.00996644621570053,0.005621258092120501,0.014294481398443915,0.0025286417332533425
site_day,1000_10000,alt2_open_experts,circuit_equipment,-0.004473772059544245,-0.008482347570880216,-0.0006260988972381533,0.0023487948077334873
site_day,1000_10000,alt2_open_experts,three_way,0.0016242677733849797,-0.0024166658209268943,0.005815996304580883,0.002484290048548789
site_day,1000_10000,alt2_closed_beginners,altitude,-0.01900850691365652,-0.022818996301923605,-0.014416766222050799,0.0025639035917409112
site_day,1000_10000,alt2_closed_beginners,circuit,-0.12461529675840477,-0.12897105018597652,-0.12123805008978518,0.0023057626898069588
site_day,1000_10000,alt2_closed_beginners,equipment,-0.01669349510572904,-0.020670418122343975,-0.01280829270463711,0.002373918900339564
site_day,1000_10000,alt2_closed_beginners,altitude_circuit,0.033431725695022285,0.029666045764723963,0.03794412687629925,0.002506763302966025
site_day,1000_10000,alt2_closed_beginners,altitude_equipment,-0.009966446215700753,-0.01429448139844371,-0.005621258092120713,0.0025286417332533438
site_day,1000_10000,alt2_closed_beginners,circuit_equipment,-0.004473772059544356,-0.00848234757088021,-0.0006260988972382643,0.0023487948077334842
site_day,1000_10000,alt2_closed_beginners,three_way,0.0016242677733850908,-0.0024166658209269,0.005815996304581088,0.002484290048548784
site_day,1000_10000,alt2_closed_experts,altitude,-0.01900850691365652,-0.022818996301923605,-0.014416766222050799,0.0025639035917409112
site_day,1000_10000,alt2_closed_experts,circuit,-0.12461529675840477,-0.12897105018597652,-0.12123805008978518,0.0023057626898069588
site_day,1000_10000,alt2_closed_experts,equipment,0.01669349510572904,0.012808292704637203,0.020670418122343867,0.0023739189003395625
site_day,1000_10000,alt2_closed_experts,altitude_circuit,0.033431725695022285,0.029666045764723963,0.03794412687629925,0.002506763302966025
site_day,1000_10000,alt2_closed_experts,altitude_equipment,0.00996644621570053,0.005621258092120501,0.014294481398443915,0.0025286417332533425
site_day,1000_10000,alt2_closed_experts,circuit_equipment,0.004473772059544356,0.0006260988972380643,0.008482347570880438,0.002348794807733485
site_day,1000_10000,alt2_closed_experts,three_way,-0.0016242677733849797,-0.005815996304581106,0.0024166658209268995,0.002484290048548789
site_day,1000_10000,alt3_open_beginners,altitude,0.008120570733432975,0.004481674884523728,0.012438190397514625,0.0024210690884589737
site_day,1000_10000,alt3_open_beginners,circuit,0.12461529675840466,0.1212380500897852,0.1289710501859766,0.0023057626898069614
site_day,1000_10000,alt3_open_beginners,equipment,-0.01669349510572904,-0.020670418122343975,-0.01280829270463711,0.002373918900339564
site_day,1000_10000,alt3_open_beginners,altitude_circuit,-0.07573945764811196,-0.080122813522657,-0.07205230920610708,0.0024437422575020818
site_day,1000_10000,alt3_open_beginners,altitude_equipment,-0.002567257305841175,-0.006499505996157635,0.001762293394439205,0.002517982937426681
site_day,1000_10000,alt3_open_beginners,circuit_equipment,0.004473772059544356,0.0006260988972381643,0.008482347570880433,0.0023487948077334873
site_day,1000_10000,alt3_open_beginners,three_way,0.004038790054770036,-3.411579777260484e-05,0.008128576847145118,0.0024861379212361033
site_day,1000_10000,alt3_open_experts,altitude,0.008120570733432975,0.004481674884523728,0.012438190397514625,0.0024210690884589737
site_day,1000_10000,alt3_open_experts,circuit,0.12461529675840466,0.1212380500897852,0.1289710501859766,0.0023057626898069614
site_day,1000_10000,alt3_open_experts,equipment,0.01669349510572904,0.012808292704637203,0.020670418122343867,0.0023739189003395625
site_day,1000_10000,alt3_open_experts,altitude_circuit,-0.07573945764811196,-0.080122813522657,-0.07205230920610708,0.0024437422575020818
site_day,1000_10000,alt3_open_experts,altitude_equipment,0.002567257305841175,-0.0017622933944389913,0.006499505996157749,0.0025179829374266808
site_day,1000_10000,alt3_open_experts,circuit_equipment,-0.004473772059544245,-0.008482347570880216,-0.0006260988972381533,0.0023487948077334873
site_day,1000_10000,alt3_open_experts,three_way,-0.004038790054770147,-0.008128576847145115,3.4115797772282474e-05,0.0024861379212361024
site_day,1000_10000,alt3_closed_beginners,altitude,0.008120570733432975,0.004481674884523728,0.012438190397514625,0.0024210690884589737
site_day,1000_10000,alt3_closed_beginners,circuit,-0.12461529675840477,-0.12897105018597652,-0.12123805008978518,0.0023057626898069588
site_day,1000_10000,alt3_closed_beginners,equipment,-0.01669349510572904,-0.020670418122343975,-0.01280829270463711,0.002373918900339564
site_day,1000_10000,alt3_closed_beginners,altitude_circuit,0.07573945764811207,0.07205230920610708,0.08012281352265711,0.0024437422575020813
site_day,1000_10000,alt3_closed_beginners,altitude_equipment,-0.002567257305841175,-0.006499505996157635,0.001762293394439205,0.002517982937426681
site_day,1000_10000,alt3_closed_beginners,circuit_equipment,-0.004473772059544356,-0.00848234757088021,-0.0006260988972382643,0.0023487948077334842
site_day,1000_10000,alt3_closed_beginners,three_way,-0.004038790054770036,-0.00812857684714512,3.4115797772387947e-05,0.0024861379212361002
site_day,1000_10000,alt3_closed_experts,altitude,0.008120570733432975,0.004481674884523728,0.012438190397514625,0.0024210690884589737
site_day,1000_10000,alt3_closed_experts,circuit,-0.12461529675840477,-0.12897105018597652,-0.12123805008978518,0.0023057626898069588
site_day,1000_10000,alt3_closed_experts,equipment,0.01669349510572904,0.012808292704637203,0.020670418122343867,0.0023739189003395625
site_day,1000_10000,alt3_closed_experts,altitude_circuit,0.07573945764811207,0.07205230920610708,0.08012281352265711,0.0024437422575020813
site_day,1000_10000,alt3_closed_experts,altitude_equipment,0.002567257305841175,-0.0017622933944389913,0.006499505996157749,0.0025179829374266808
site_day,1000_10000,alt3_closed_experts,circuit_equipment,0.004473772059544356,0.0006260988972380643,0.008482347570880438,0.002348794807733485
site_day,1000_10000,alt3_closed_experts,three_way,0.004038790054770036,-3.4115797772715863e-05,0.008128576847145018,0.002486137921236103
calendar_1day_seed20260921,10_10000,alt0_open_beginners,altitude,0.007525380771875367,0.003855886729715652,0.01090772649439901,0.002177326147099394
calendar_1day_seed20260921,10_10000,alt0_open_beginners,circuit,0.041173627113205935,0.03975878056424422,0.04269638245333006,0.0008849930113122023
calendar_1day_seed20260921,10_10000,alt0_open_beginners,equipment,-0.007723140782947335,-0.009060641121991581,-0.0063922018486290595,0.0008214976733679547
calendar_1day_seed20260921,10_10000,alt0_open_beginners,altitude_circuit,0.02382110231277812,0.020457531227478377,0.027621310933849168,0.002173236611083279
calendar_1day_seed20260921,10_10000,alt0_open_beginners,altitude_equipment,0.001442169762407297,-0.0024506697525861266,0.005473371924721648,0.0023597277630206387
calendar_1day_seed20260921,10_10000,alt0_open_beginners,circuit_equipment,5.61638926692698e-05,-0.001307222119931395,0.001399669416983284,0.0008340405946020357
calendar_1day_seed20260921,10_10000,alt0_open_beginners,three_way,0.0014002408713247316,-0.0024148918562809105,0.005382476348122145,0.002364783410416299
calendar_1day_seed20260921,10_10000,alt0_open_experts,altitude,0.007525380771875367,0.003855886729715652,0.01090772649439901,0.002177326147099394
calendar_1day_seed20260921,10_10000,alt0_open_experts,circuit,0.041173627113205935,0.03975878056424422,0.04269638245333006,0.0008849930113122023
calendar_1day_seed20260921,10_10000,alt0_open_experts,equipment,0.007723140782947446,0.006392201848629065,0.00906064112199138,0.0008214976733679546
calendar_1day_seed20260921,10_10000,alt0_open_experts,altitude_circuit,0.02382110231277812,0.020457531227478377,0.027621310933849168,0.002173236611083279
calendar_1day_seed20260921,10_10000,alt0_open_experts,altitude_equipment,-0.0014421697624074081,-0.005473371924721432,0.00245066975258612,0.002359727763020639
calendar_1day_seed20260921,10_10000,alt0_open_experts,circuit_equipment,-5.6163892669491844e-05,-0.0013996694169831848,0.0013072221199314947,0.0008340405946020403
calendar_1day_seed20260921,10_10000,alt0_open_experts,three_way,-0.0014002408713246206,-0.005382476348122262,0.0024148918562810345,0.0023647834104162965
calendar_1day_seed20260921,10_10000,alt0_closed_beginners,altitude,0.007525380771875367,0.003855886729715652,0.01090772649439901,0.002177326147099394
calendar_1day_seed20260921,10_10000,alt0_closed_beginners,circuit,-0.041173627113205824,-0.042696382453329955,-0.039758780564244124,0.0008849930113122038
calendar_1day_seed20260921,10_10000,alt0_closed_beginners,equipment,-0.007723140782947335,-0.009060641121991581,-0.0063922018486290595,0.0008214976733679547
calendar_1day_seed20260921,10_10000,alt0_closed_beginners,altitude_circuit,-0.02382110231277823,-0.027621310933849164,-0.020457531227478693,0.002173236611083278
calendar_1day_seed20260921,10_10000,alt0_closed_beginners,altitude_equipment,0.001442169762407297,-0.0024506697525861266,0.005473371924721648,0.0023597277630206387
calendar_1day_seed20260921,10_10000,alt0_closed_beginners,circuit_equipment,-5.6163892669602866e-05,-0.0013996694169831905,0.001307222119931278,0.000834040594602042
calendar_1day_seed20260921,10_10000,alt0_closed_beginners,three_way,-0.0014002408713245096,-0.00538247634812225,0.0024148918562811404,0.0023647834104162956
calendar_1day_seed20260921,10_10000,alt0_closed_experts,altitude,0.007525380771875367,0.003855886729715652,0.01090772649439901,0.002177326147099394
calendar_1day_seed20260921,10_10000,alt0_closed_experts,circuit,-0.041173627113205824,-0.042696382453329955,-0.039758780564244124,0.0008849930113122038
calendar_1day_seed20260921,10_10000,alt0_closed_experts,equipment,0.007723140782947446,0.006392201848629065,0.00906064112199138,0.0008214976733679546
calendar_1day_seed20260921,10_10000,alt0_closed_experts,altitude_circuit,-0.02382110231277823,-0.027621310933849164,-0.020457531227478693,0.002173236611083278
calendar_1day_seed20260921,10_10000,alt0_closed_experts,altitude_equipment,-0.0014421697624074081,-0.005473371924721432,0.00245066975258612,0.002359727763020639
calendar_1day_seed20260921,10_10000,alt0_closed_experts,circuit_equipment,5.61638926692698e-05,-0.0013072221199313728,0.0013996694169831785,0.0008340405946020404
calendar_1day_seed20260921,10_10000,alt0_closed_experts,three_way,0.0014002408713247316,-0.0024148918562809105,0.005382476348122355,0.0023647834104162935
calendar_1day_seed20260921,10_10000,alt1_open_beginners,altitude,-0.000449754409719505,-0.0025875603553460417,0.0014347659777559953,0.0012071330270075685
calendar_1day_seed20260921,10_10000,alt1_open_beginners,circuit,0.041173627113205935,0.03975878056424422,0.04269638245333006,0.0008849930113122023
calendar_1day_seed20260921,10_10000,alt1_open_beginners,equipment,-0.007723140782947335,-0.009060641121991581,-0.0063922018486290595,0.0008214976733679547
calendar_1day_seed20260921,10_10000,alt1_open_beginners,altitude_circuit,0.022491461446518368,0.02055477987665642,0.024395880548242037,0.001193329591749763
calendar_1day_seed20260921,10_10000,alt1_open_beginners,altitude_equipment,0.0028559578983242684,0.0008972784798880084,0.004898673509725187,0.0012265386368180014
calendar_1day_seed20260921,10_10000,alt1_open_beginners,circuit_equipment,5.61638926692698e-05,-0.001307222119931395,0.001399669416983284,0.0008340405946020357
calendar_1day_seed20260921,10_10000,alt1_open_beginners,three_way,-0.004196452258376726,-0.00609466687469657,-0.0021698632524249427,0.00120885077772414
calendar_1day_seed20260921,10_10000,alt1_open_experts,altitude,-0.000449754409719505,-0.0025875603553460417,0.0014347659777559953,0.0012071330270075685
calendar_1day_seed20260921,10_10000,alt1_open_experts,circuit,0.041173627113205935,0.03975878056424422,0.04269638245333006,0.0008849930113122023
calendar_1day_seed20260921,10_10000,alt1_open_experts,equipment,0.007723140782947446,0.006392201848629065,0.00906064112199138,0.0008214976733679546
calendar_1day_seed20260921,10_10000,alt1_open_experts,altitude_circuit,0.022491461446518368,0.02055477987665642,0.024395880548242037,0.001193329591749763
calendar_1day_seed20260921,10_10000,alt1_open_experts,altitude_equipment,-0.0028559578983242684,-0.0048986735097251875,-0.0008972784798881032,0.0012265386368180088
calendar_1day_seed20260921,10_10000,alt1_open_experts,circuit_equipment,-5.6163892669491844e-05,-0.0013996694169831848,0.0013072221199314947,0.0008340405946020403
calendar_1day_seed20260921,10_10000,alt1_open_experts,three_way,0.004196452258376948,0.0021698632524249305,0.006094666874696258,0.0012088507777241444
calendar_1day_seed20260921,10_10000,alt1_closed_beginners,altitude,-0.000449754409719505,-0.0025875603553460417,0.0014347659777559953,0.0012071330270075685
calendar_1day_seed20260921,10_10000,alt1_closed_beginners,circuit,-0.041173627113205824,-0.042696382453329955,-0.039758780564244124,0.0008849930113122038
calendar_1day_seed20260921,10_10000,alt1_closed_beginners,equipment,-0.007723140782947335,-0.009060641121991581,-0.0063922018486290595,0.0008214976733679547
calendar_1day_seed20260921,10_10000,alt1_closed_beginners,altitude_circuit,-0.022491461446518368,-0.024395880548242044,-0.020554779876656416,0.0011933295917497648
calendar_1day_seed20260921,10_10000,alt1_closed_beginners,altitude_equipment,0.0028559578983242684,0.0008972784798880084,0.004898673509725187,0.0012265386368180014
calendar_1day_seed20260921,10_10000,alt1_closed_beginners,circuit_equipment,-5.6163892669602866e-05,-0.0013996694169831905,0.001307222119931278,0.000834040594602042
calendar_1day_seed20260921,10_10000,alt1_closed_beginners,three_way,0.004196452258376948,0.0021698632524248303,0.006094666874696158,0.0012088507777241401
calendar_1day_seed20260921,10_10000,alt1_closed_experts,altitude,-0.000449754409719505,-0.0025875603553460417,0.0014347659777559953,0.0012071330270075685
calendar_1day_seed20260921,10_10000,alt1_closed_experts,circuit,-0.041173627113205824,-0.042696382453329955,-0.039758780564244124,0.0008849930113122038
calendar_1day_seed20260921,10_10000,alt1_closed_experts,equipment,0.007723140782947446,0.006392201848629065,0.00906064112199138,0.0008214976733679546
calendar_1day_seed20260921,10_10000,alt1_closed_experts,altitude_circuit,-0.022491461446518368,-0.024395880548242044,-0.020554779876656416,0.0011933295917497648
calendar_1day_seed20260921,10_10000,alt1_closed_experts,altitude_equipment,-0.0028559578983242684,-0.0048986735097251875,-0.0008972784798881032,0.0012265386368180088
calendar_1day_seed20260921,10_10000,alt1_closed_experts,circuit_equipment,5.61638926692698e-05,-0.0013072221199313728,0.0013996694169831785,0.0008340405946020404
calendar_1day_seed20260921,10_10000,alt1_closed_experts,three_way,-0.004196452258376726,-0.006094666874696675,-0.002169863252424826,0.0012088507777241405
calendar_1day_seed20260921,10_10000,alt2_open_beginners,altitude,-0.007315287987533781,-0.008763907275818323,-0.005749821687686479,0.0009103186801622351
calendar_1day_seed20260921,10_10000,alt2_open_beginners,circuit,0.041173627113205935,0.03975878056424422,0.04269638245333006,0.0008849930113122023
calendar_1day_seed20260921,10_10000,alt2_open_beginners,equipment,-0.007723140782947335,-0.009060641121991581,-0.0063922018486290595,0.0008214976733679547
calendar_1day_seed20260921,10_10000,alt2_open_beginners,altitude_circuit,-0.016943197250350872,-0.018495558222080703,-0.015480259329176155,0.000891619862641141
calendar_1day_seed20260921,10_10000,alt2_open_beginners,altitude_equipment,-0.0036815053293142164,-0.0051262668599992515,-0.0023015877498459244,0.0008716928633797261
calendar_1day_seed20260921,10_10000,alt2_open_beginners,circuit_equipment,5.61638926692698e-05,-0.001307222119931395,0.001399669416983284,0.0008340405946020357
calendar_1day_seed20260921,10_10000,alt2_open_beginners,three_way,1.4052276695597499e-05,-0.00141641203211329,0.0014681098082911402,0.0008735849287876919
calendar_1day_seed20260921,10_10000,alt2_open_experts,altitude,-0.007315287987533781,-0.008763907275818323,-0.005749821687686479,0.0009103186801622351
calendar_1day_seed20260921,10_10000,alt2_open_experts,circuit,0.041173627113205935,0.03975878056424422,0.04269638245333006,0.0008849930113122023
calendar_1day_seed20260921,10_10000,alt2_open_experts,equipment,0.007723140782947446,0.006392201848629065,0.00906064112199138,0.0008214976733679546
calendar_1day_seed20260921,10_10000,alt2_open_experts,altitude_circuit,-0.016943197250350872,-0.018495558222080703,-0.015480259329176155,0.000891619862641141
calendar_1day_seed20260921,10_10000,alt2_open_experts,altitude_equipment,0.0036815053293142164,0.0023015877498460346,0.005126266859998929,0.0008716928633797328
calendar_1day_seed20260921,10_10000,alt2_open_experts,circuit_equipment,-5.6163892669491844e-05,-0.0013996694169831848,0.0013072221199314947,0.0008340405946020403
calendar_1day_seed20260921,10_10000,alt2_open_experts,three_way,-1.4052276695486476e-05,-0.0014681098082912404,0.001416412032113201,0.0008735849287876946
calendar_1day_seed20260921,10_10000,alt2_closed_beginners,altitude,-0.007315287987533781,-0.008763907275818323,-0.005749821687686479,0.0009103186801622351
calendar_1day_seed20260921,10_10000,alt2_closed_beginners,circuit,-0.041173627113205824,-0.042696382453329955,-0.039758780564244124,0.0008849930113122038
calendar_1day_seed20260921,10_10000,alt2_closed_beginners,equipment,-0.007723140782947335,-0.009060641121991581,-0.0063922018486290595,0.0008214976733679547
calendar_1day_seed20260921,10_10000,alt2_closed_beginners,altitude_circuit,0.016943197250350872,0.015480259329176271,0.01849555822208091,0.0008916198626411415
calendar_1day_seed20260921,10_10000,alt2_closed_beginners,altitude_equipment,-0.0036815053293142164,-0.0051262668599992515,-0.0023015877498459244,0.0008716928633797261
calendar_1day_seed20260921,10_10000,alt2_closed_beginners,circuit_equipment,-5.6163892669602866e-05,-0.0013996694169831905,0.001307222119931278,0.000834040594602042
calendar_1day_seed20260921,10_10000,alt2_closed_beginners,three_way,-1.4052276695375454e-05,-0.0014681098082912347,0.0014164120321130955,0.0008735849287876982
calendar_1day_seed20260921,10_10000,alt2_closed_experts,altitude,-0.007315287987533781,-0.008763907275818323,-0.005749821687686479,0.0009103186801622351
calendar_1day_seed20260921,10_10000,alt2_closed_experts,circuit,-0.041173627113205824,-0.042696382453329955,-0.039758780564244124,0.0008849930113122038
calendar_1day_seed20260921,10_10000,alt2_closed_experts,equipment,0.007723140782947446,0.006392201848629065,0.00906064112199138,0.0008214976733679546
calendar_1day_seed20260921,10_10000,alt2_closed_experts,altitude_circuit,0.016943197250350872,0.015480259329176271,0.01849555822208091,0.0008916198626411415
calendar_1day_seed20260921,10_10000,alt2_closed_experts,altitude_equipment,0.0036815053293142164,0.0023015877498460346,0.005126266859998929,0.0008716928633797328
calendar_1day_seed20260921,10_10000,alt2_closed_experts,circuit_equipment,5.61638926692698e-05,-0.0013072221199313728,0.0013996694169831785,0.0008340405946020404
calendar_1day_seed20260921,10_10000,alt2_closed_experts,three_way,1.4052276695597499e-05,-0.0014164120321132957,0.00146810980829124,0.0008735849287876942
calendar_1day_seed20260921,10_10000,alt3_open_beginners,altitude,0.00023966162537791824,-0.0014844584294862629,0.002023099670382449,0.0010429518515332047
calendar_1day_seed20260921,10_10000,alt3_open_beginners,circuit,0.041173627113205935,0.03975878056424422,0.04269638245333006,0.0008849930113122023
calendar_1day_seed20260921,10_10000,alt3_open_beginners,equipment,-0.007723140782947335,-0.009060641121991581,-0.0063922018486290595,0.0008214976733679547
calendar_1day_seed20260921,10_10000,alt3_open_beginners,altitude_circuit,-0.029369366508945727,-0.031110823429796115,-0.02783884865628918,0.0009727372600319783
calendar_1day_seed20260921,10_10000,alt3_open_beginners,altitude_equipment,-0.0006166223314174601,-0.002081901594559171,0.0008741870630562365,0.0008825145055006298
calendar_1day_seed20260921,10_10000,alt3_open_beginners,circuit_equipment,5.61638926692698e-05,-0.001307222119931395,0.001399669416983284,0.0008340405946020357
calendar_1day_seed20260921,10_10000,alt3_open_beginners,three_way,0.002782159110356841,0.0013667683731072742,0.004146265695058353,0.0008594424369456729
calendar_1day_seed20260921,10_10000,alt3_open_experts,altitude,0.00023966162537791824,-0.0014844584294862629,0.002023099670382449,0.0010429518515332047
calendar_1day_seed20260921,10_10000,alt3_open_experts,circuit,0.041173627113205935,0.03975878056424422,0.04269638245333006,0.0008849930113122023
calendar_1day_seed20260921,10_10000,alt3_open_experts,equipment,0.007723140782947446,0.006392201848629065,0.00906064112199138,0.0008214976733679546
calendar_1day_seed20260921,10_10000,alt3_open_experts,altitude_circuit,-0.029369366508945727,-0.031110823429796115,-0.02783884865628918,0.0009727372600319783
calendar_1day_seed20260921,10_10000,alt3_open_experts,altitude_equipment,0.0006166223314173491,-0.0008741870630561311,0.002081901594559593,0.0008825145055006346
calendar_1day_seed20260921,10_10000,alt3_open_experts,circuit_equipment,-5.6163892669491844e-05,-0.0013996694169831848,0.0013072221199314947,0.0008340405946020403
calendar_1day_seed20260921,10_10000,alt3_open_experts,three_way,-0.002782159110356619,-0.00414626569505836,-0.0013667683731072747,0.0008594424369456754
calendar_1day_seed20260921,10_10000,alt3_closed_beginners,altitude,0.00023966162537791824,-0.0014844584294862629,0.002023099670382449,0.0010429518515332047
calendar_1day_seed20260921,10_10000,alt3_closed_beginners,circuit,-0.041173627113205824,-0.042696382453329955,-0.039758780564244124,0.0008849930113122038
calendar_1day_seed20260921,10_10000,alt3_closed_beginners,equipment,-0.007723140782947335,-0.009060641121991581,-0.0063922018486290595,0.0008214976733679547
calendar_1day_seed20260921,10_10000,alt3_closed_beginners,altitude_circuit,0.029369366508945616,0.027838848656289494,0.031110823429796004,0.000972737260031978
calendar_1day_seed20260921,10_10000,alt3_closed_beginners,altitude_equipment,-0.0006166223314174601,-0.002081901594559171,0.0008741870630562365,0.0008825145055006298
calendar_1day_seed20260921,10_10000,alt3_closed_beginners,circuit_equipment,-5.6163892669602866e-05,-0.0013996694169831905,0.001307222119931278,0.000834040594602042
calendar_1day_seed20260921,10_10000,alt3_closed_beginners,three_way,-0.002782159110356508,-0.004146265695058138,-0.0013667683731073803,0.0008594424369456763
calendar_1day_seed20260921,10_10000,alt3_closed_experts,altitude,0.00023966162537791824,-0.0014844584294862629,0.002023099670382449,0.0010429518515332047
calendar_1day_seed20260921,10_10000,alt3_closed_experts,circuit,-0.041173627113205824,-0.042696382453329955,-0.039758780564244124,0.0008849930113122038
calendar_1day_seed20260921,10_10000,alt3_closed_experts,equipment,0.007723140782947446,0.006392201848629065,0.00906064112199138,0.0008214976733679546
calendar_1day_seed20260921,10_10000,alt3_closed_experts,altitude_circuit,0.029369366508945616,0.027838848656289494,0.031110823429796004,0.000972737260031978
calendar_1day_seed20260921,10_10000,alt3_closed_experts,altitude_equipment,0.0006166223314173491,-0.0008741870630561311,0.002081901594559593,0.0008825145055006346
calendar_1day_seed20260921,10_10000,alt3_closed_experts,circuit_equipment,5.61638926692698e-05,-0.0013072221199313728,0.0013996694169831785,0.0008340405946020404
calendar_1day_seed20260921,10_10000,alt3_closed_experts,three_way,0.002782159110356841,0.0013667683731071688,0.004146265695058143,0.0008594424369456773
calendar_1day_seed20260921,10_100,alt0_open_beginners,altitude,-0.006108120071014689,-0.00825130880303992,-0.003866022750984849,0.0014002483690050505
calendar_1day_seed20260921,10_100,alt0_open_beginners,circuit,0.005901530327626636,0.005017695764941843,0.00678870425591781,0.0005275348123378353
calendar_1day_seed20260921,10_100,alt0_open_beginners,equipment,-0.0068656341311144065,-0.007647681894113578,-0.006116140077793187,0.0004641765509424187
calendar_1day_seed20260921,10_100,alt0_open_beginners,altitude_circuit,0.008767351696345571,0.006475404861573974,0.011002088726391652,0.0014235227048697348
calendar_1day_seed20260921,10_100,alt0_open_beginners,altitude_equipment,0.00026148035233297673,-0.0019665815997322645,0.0024101049404352745,0.001324942390026045
calendar_1day_seed20260921,10_100,alt0_open_beginners,circuit_equipment,-0.0008326517849239767,-0.0015907650728806733,-6.117980753903638e-05,0.0004734973006346645
calendar_1day_seed20260921,10_100,alt0_open_beginners,three_way,-0.0010125869280197541,-0.0031470109680507286,0.0012251206795230725,0.001286968444074129
calendar_1day_seed20260921,10_100,alt0_open_experts,altitude,-0.006108120071014689,-0.00825130880303992,-0.003866022750984849,0.0014002483690050505
calendar_1day_seed20260921,10_100,alt0_open_experts,circuit,0.005901530327626636,0.005017695764941843,0.00678870425591781,0.0005275348123378353
calendar_1day_seed20260921,10_100,alt0_open_experts,equipment,0.0068656341311145175,0.006116140077793297,0.007647681894113578,0.0004641765509424115
calendar_1day_seed20260921,10_100,alt0_open_experts,altitude_circuit,0.008767351696345571,0.006475404861573974,0.011002088726391652,0.0014235227048697348
calendar_1day_seed20260921,10_100,alt0_open_experts,altitude_equipment,-0.00026148035233308775,-0.0024101049404352706,0.001966581599732275,0.0013249423900260516
calendar_1day_seed20260921,10_100,alt0_open_experts,circuit_equipment,0.0008326517849238657,6.11798075389301e-05,0.001590765072880451,0.0004734973006346584
calendar_1day_seed20260921,10_100,alt0_open_experts,three_way,0.0010125869280198652,-0.0012251206795234838,0.003147010968051372,0.001286968444074126
calendar_1day_seed20260921,10_100,alt0_closed_beginners,altitude,-0.006108120071014689,-0.00825130880303992,-0.003866022750984849,0.0014002483690050505
calendar_1day_seed20260921,10_100,alt0_closed_beginners,circuit,-0.005901530327626525,-0.00678870425591771,-0.0050176957649418485,0.0005275348123378446
calendar_1day_seed20260921,10_100,alt0_closed_beginners,equipment,-0.0068656341311144065,-0.007647681894113578,-0.006116140077793187,0.0004641765509424187
calendar_1day_seed20260921,10_100,alt0_closed_beginners,altitude_circuit,-0.008767351696345682,-0.011002088726391435,-0.006475404861573864,0.0014235227048697303
calendar_1day_seed20260921,10_100,alt0_closed_beginners,altitude_equipment,0.00026148035233297673,-0.0019665815997322645,0.0024101049404352745,0.001324942390026045
calendar_1day_seed20260921,10_100,alt0_closed_beginners,circuit_equipment,0.0008326517849238657,6.117980753924097e-05,0.0015907650728804457,0.000473497300634659
calendar_1day_seed20260921,10_100,alt0_closed_beginners,three_way,0.0010125869280198652,-0.0012251206795234892,0.0031470109680513778,0.0012869684440741252
calendar_1day_seed20260921,10_100,alt0_closed_experts,altitude,-0.006108120071014689,-0.00825130880303992,-0.003866022750984849,0.0014002483690050505
calendar_1day_seed20260921,10_100,alt0_closed_experts,circuit,-0.005901530327626525,-0.00678870425591771,-0.0050176957649418485,0.0005275348123378446
calendar_1day_seed20260921,10_100,alt0_closed_experts,equipment,0.0068656341311145175,0.006116140077793297,0.007647681894113578,0.0004641765509424115
calendar_1day_seed20260921,10_100,alt0_closed_experts,altitude_circuit,-0.008767351696345682,-0.011002088726391435,-0.006475404861573864,0.0014235227048697303
calendar_1day_seed20260921,10_100,alt0_closed_experts,altitude_equipment,-0.00026148035233308775,-0.0024101049404352706,0.001966581599732275,0.0013249423900260516
calendar_1day_seed20260921,10_100,alt0_closed_experts,circuit_equipment,-0.0008326517849240878,-0.0015907650728806733,-6.117980753904193e-05,0.000473497300634665
calendar_1day_seed20260921,10_100,alt0_closed_experts,three_way,-0.0010125869280196431,-0.003147010968050834,0.0012251206795229615,0.001286968444074125
calendar_1day_seed20260921,10_100,alt1_open_beginners,altitude,-0.0036344473104443775,-0.00489729187117049,-0.0024826231450662205,0.000750270283328578
calendar_1day_seed20260921,10_100,alt1_open_beginners,circuit,0.005901530327626636,0.005017695764941843,0.00678870425591781,0.0005275348123378353
calendar_1day_seed20260921,10_100,alt1_open_beginners,equipment,-0.0068656341311144065,-0.007647681894113578,-0.006116140077793187,0.0004641765509424187
calendar_1day_seed20260921,10_100,alt1_open_beginners,altitude_circuit,0.005827129943553944,0.004669452803996899,0.007046354183216213,0.0007422511602723081
calendar_1day_seed20260921,10_100,alt1_open_beginners,altitude_equipment,0.0005755790146647621,-0.0005436789487210381,0.0017323728899034324,0.0006948933273871694
calendar_1day_seed20260921,10_100,alt1_open_beginners,circuit_equipment,-0.0008326517849239767,-0.0015907650728806733,-6.117980753903638e-05,0.0004734973006346645
calendar_1day_seed20260921,10_100,alt1_open_beginners,three_way,-0.0024168937635979937,-0.003597272970253107,-0.0012766171237669057,0.0006929921722294922
calendar_1day_seed20260921,10_100,alt1_open_experts,altitude,-0.0036344473104443775,-0.00489729187117049,-0.0024826231450662205,0.000750270283328578
calendar_1day_seed20260921,10_100,alt1_open_experts,circuit,0.005901530327626636,0.005017695764941843,0.00678870425591781,0.0005275348123378353
calendar_1day_seed20260921,10_100,alt1_open_experts,equipment,0.0068656341311145175,0.006116140077793297,0.007647681894113578,0.0004641765509424115
calendar_1day_seed20260921,10_100,alt1_open_experts,altitude_circuit,0.005827129943553944,0.004669452803996899,0.007046354183216213,0.0007422511602723081
calendar_1day_seed20260921,10_100,alt1_open_experts,altitude_equipment,-0.0005755790146646511,-0.0017323728899032332,0.0005436789487208381,0.0006948933273871713
calendar_1day_seed20260921,10_100,alt1_open_experts,circuit_equipment,0.0008326517849238657,6.11798075389301e-05,0.001590765072880451,0.0004734973006346584
calendar_1day_seed20260921,10_100,alt1_open_experts,three_way,0.0024168937635979937,0.0012766171237667931,0.003597272970253212,0.0006929921722295027
calendar_1day_seed20260921,10_100,alt1_closed_beginners,altitude,-0.0036344473104443775,-0.00489729187117049,-0.0024826231450662205,0.000750270283328578
calendar_1day_seed20260921,10_100,alt1_closed_beginners,circuit,-0.005901530327626525,-0.00678870425591771,-0.0050176957649418485,0.0005275348123378446
calendar_1day_seed20260921,10_100,alt1_closed_beginners,equipment,-0.0068656341311144065,-0.007647681894113578,-0.006116140077793187,0.0004641765509424187
calendar_1day_seed20260921,10_100,alt1_closed_beginners,altitude_circuit,-0.005827129943553833,-0.007046354183216192,-0.004669452803997215,0.0007422511602723013
calendar_1day_seed20260921,10_100,alt1_closed_beginners,altitude_equipment,0.0005755790146647621,-0.0005436789487210381,0.0017323728899034324,0.0006948933273871694
calendar_1day_seed20260921,10_100,alt1_closed_beginners,circuit_equipment,0.0008326517849238657,6.117980753924097e-05,0.0015907650728804457,0.000473497300634659
calendar_1day_seed20260921,10_100,alt1_closed_beginners,three_way,0.0024168937635978827,0.0012766171237665878,0.0035972729702531954,0.0006929921722295072
calendar_1day_seed20260921,10_100,alt1_closed_experts,altitude,-0.0036344473104443775,-0.00489729187117049,-0.0024826231450662205,0.000750270283328578
calendar_1day_seed20260921,10_100,alt1_closed_experts,circuit,-0.005901530327626525,-0.00678870425591771,-0.0050176957649418485,0.0005275348123378446
calendar_1day_seed20260921,10_100,alt1_closed_experts,equipment,0.0068656341311145175,0.006116140077793297,0.007647681894113578,0.0004641765509424115
calendar_1day_seed20260921,10_100,alt1_closed_experts,altitude_circuit,-0.005827129943553833,-0.007046354183216192,-0.004669452803997215,0.0007422511602723013
calendar_1day_seed20260921,10_100,alt1_closed_experts,altitude_equipment,-0.0005755790146646511,-0.0017323728899032332,0.0005436789487208381,0.0006948933273871713
calendar_1day_seed20260921,10_100,alt1_closed_experts,circuit_equipment,-0.0008326517849240878,-0.0015907650728806733,-6.117980753904193e-05,0.000473497300634665
calendar_1day_seed20260921,10_100,alt1_closed_experts,three_way,-0.0024168937635979937,-0.003597272970253107,-0.0012766171237667057,0.0006929921722294952
calendar_1day_seed20260921,10_100,alt2_open_beginners,altitude,0.002302667862757901,0.0013897725628971402,0.0031435469257548696,0.0005385076100146366
calendar_1day_seed20260921,10_100,alt2_open_beginners,circuit,0.005901530327626636,0.005017695764941843,0.00678870425591781,0.0005275348123378353
calendar_1day_seed20260921,10_100,alt2_open_beginners,equipment,-0.0068656341311144065,-0.007647681894113578,-0.006116140077793187,0.0004641765509424187
calendar_1day_seed20260921,10_100,alt2_open_beginners,altitude_circuit,-0.006751410398615154,-0.007654031228979313,-0.005861124456691885,0.0005417595429017308
calendar_1day_seed20260921,10_100,alt2_open_beginners,altitude_equipment,-0.0008398737473496176,-0.001622718700847159,-2.4373751486056846e-05,0.0004839172675665349
calendar_1day_seed20260921,10_100,alt2_open_beginners,circuit_equipment,-0.0008326517849239767,-0.0015907650728806733,-6.117980753903638e-05,0.0004734973006346645
calendar_1day_seed20260921,10_100,alt2_open_beginners,three_way,0.0012687366162951186,0.00046241170564667014,0.0020911226076171293,0.00048762895094519974
calendar_1day_seed20260921,10_100,alt2_open_experts,altitude,0.002302667862757901,0.0013897725628971402,0.0031435469257548696,0.0005385076100146366
calendar_1day_seed20260921,10_100,alt2_open_experts,circuit,0.005901530327626636,0.005017695764941843,0.00678870425591781,0.0005275348123378353
calendar_1day_seed20260921,10_100,alt2_open_experts,equipment,0.0068656341311145175,0.006116140077793297,0.007647681894113578,0.0004641765509424115
calendar_1day_seed20260921,10_100,alt2_open_experts,altitude_circuit,-0.006751410398615154,-0.007654031228979313,-0.005861124456691885,0.0005417595429017308
calendar_1day_seed20260921,10_100,alt2_open_experts,altitude_equipment,0.0008398737473493956,2.437375148586209e-05,0.001622718700847264,0.0004839172675665216
calendar_1day_seed20260921,10_100,alt2_open_experts,circuit_equipment,0.0008326517849238657,6.11798075389301e-05,0.001590765072880451,0.0004734973006346584
calendar_1day_seed20260921,10_100,alt2_open_experts,three_way,-0.0012687366162947855,-0.0020911226076171354,-0.000462411705646982,0.0004876289509451934
calendar_1day_seed20260921,10_100,alt2_closed_beginners,altitude,0.002302667862757901,0.0013897725628971402,0.0031435469257548696,0.0005385076100146366
calendar_1day_seed20260921,10_100,alt2_closed_beginners,circuit,-0.005901530327626525,-0.00678870425591771,-0.0050176957649418485,0.0005275348123378446
calendar_1day_seed20260921,10_100,alt2_closed_beginners,equipment,-0.0068656341311144065,-0.007647681894113578,-0.006116140077793187,0.0004641765509424187
calendar_1day_seed20260921,10_100,alt2_closed_beginners,altitude_circuit,0.006751410398614821,0.005861124456691985,0.007654031228979413,0.0005417595429017425
calendar_1day_seed20260921,10_100,alt2_closed_beginners,altitude_equipment,-0.0008398737473496176,-0.001622718700847159,-2.4373751486056846e-05,0.0004839172675665349
calendar_1day_seed20260921,10_100,alt2_closed_beginners,circuit_equipment,0.0008326517849238657,6.117980753924097e-05,0.0015907650728804457,0.000473497300634659
calendar_1day_seed20260921,10_100,alt2_closed_beginners,three_way,-0.0012687366162947855,-0.0020911226076173353,-0.0004624117056467711,0.0004876289509451953
calendar_1day_seed20260921,10_100,alt2_closed_experts,altitude,0.002302667862757901,0.0013897725628971402,0.0031435469257548696,0.0005385076100146366
calendar_1day_seed20260921,10_100,alt2_closed_experts,circuit,-0.005901530327626525,-0.00678870425591771,-0.0050176957649418485,0.0005275348123378446
calendar_1day_seed20260921,10_100,alt2_closed_experts,equipment,0.0068656341311145175,0.006116140077793297,0.007647681894113578,0.0004641765509424115
calendar_1day_seed20260921,10_100,alt2_closed_experts,altitude_circuit,0.006751410398614821,0.005861124456691985,0.007654031228979413,0.0005417595429017425
calendar_1day_seed20260921,10_100,alt2_closed_experts,altitude_equipment,0.0008398737473493956,2.437375148586209e-05,0.001622718700847264,0.0004839172675665216
calendar_1day_seed20260921,10_100,alt2_closed_experts,circuit_equipment,-0.0008326517849240878,-0.0015907650728806733,-6.117980753904193e-05,0.000473497300634665
calendar_1day_seed20260921,10_100,alt2_closed_experts,three_way,0.0012687366162952296,0.0004624117056464481,0.0020911226076171293,0.0004876289509452027
calendar_1day_seed20260921,10_100,alt3_open_beginners,altitude,0.007439899518701276,0.006409194084088221,0.008486785677735269,0.0006293824078136262
calendar_1day_seed20260921,10_100,alt3_open_beginners,circuit,0.005901530327626636,0.005017695764941843,0.00678870425591781,0.0005275348123378353
calendar_1day_seed20260921,10_100,alt3_open_beginners,equipment,-0.0068656341311144065,-0.007647681894113578,-0.006116140077793187,0.0004641765509424187
calendar_1day_seed20260921,10_100,alt3_open_beginners,altitude_circuit,-0.007843071241284472,-0.008741509459412784,-0.006963188546287414,0.0005575734945411493
calendar_1day_seed20260921,10_100,alt3_open_beginners,altitude_equipment,2.8143803518787536e-06,-0.0008094127401700124,0.0008115794534413244,0.0005054029902255856
calendar_1day_seed20260921,10_100,alt3_open_beginners,circuit_equipment,-0.0008326517849239767,-0.0015907650728806733,-6.117980753903638e-05,0.0004734973006346645
calendar_1day_seed20260921,10_100,alt3_open_beginners,three_way,0.0021607440753225182,0.001364808352676522,0.002908475101037788,0.0004769221199456847
calendar_1day_seed20260921,10_100,alt3_open_experts,altitude,0.007439899518701276,0.006409194084088221,0.008486785677735269,0.0006293824078136262
calendar_1day_seed20260921,10_100,alt3_open_experts,circuit,0.005901530327626636,0.005017695764941843,0.00678870425591781,0.0005275348123378353
calendar_1day_seed20260921,10_100,alt3_open_experts,equipment,0.0068656341311145175,0.006116140077793297,0.007647681894113578,0.0004641765509424115
calendar_1day_seed20260921,10_100,alt3_open_experts,altitude_circuit,-0.007843071241284472,-0.008741509459412784,-0.006963188546287414,0.0005575734945411493
calendar_1day_seed20260921,10_100,alt3_open_experts,altitude_equipment,-2.8143803518787536e-06,-0.0008115794534413302,0.0008094127401698012,0.0005054029902255725
calendar_1day_seed20260921,10_100,alt3_open_experts,circuit_equipment,0.0008326517849238657,6.11798075389301e-05,0.001590765072880451,0.0004734973006346584
calendar_1day_seed20260921,10_100,alt3_open_experts,three_way,-0.002160744075322407,-0.0029084751010378883,-0.0013648083526765168,0.0004769221199456684
calendar_1day_seed20260921,10_100,alt3_closed_beginners,altitude,0.007439899518701276,0.006409194084088221,0.008486785677735269,0.0006293824078136262
calendar_1day_seed20260921,10_100,alt3_closed_beginners,circuit,-0.005901530327626525,-0.00678870425591771,-0.0050176957649418485,0.0005275348123378446
calendar_1day_seed20260921,10_100,alt3_closed_beginners,equipment,-0.0068656341311144065,-0.007647681894113578,-0.006116140077793187,0.0004641765509424187
calendar_1day_seed20260921,10_100,alt3_closed_beginners,altitude_circuit,0.00784307124128436,0.006963188546287407,0.008741509459412882,0.0005575734945411533
calendar_1day_seed20260921,10_100,alt3_closed_beginners,altitude_equipment,2.8143803518787536e-06,-0.0008094127401700124,0.0008115794534413244,0.0005054029902255856
calendar_1day_seed20260921,10_100,alt3_closed_beginners,circuit_equipment,0.0008326517849238657,6.117980753924097e-05,0.0015907650728804457,0.000473497300634659
calendar_1day_seed20260921,10_100,alt3_closed_beginners,three_way,-0.002160744075322407,-0.002908475101037772,-0.0013648083526765114,0.00047692211994567336
calendar_1day_seed20260921,10_100,alt3_closed_experts,altitude,0.007439899518701276,0.006409194084088221,0.008486785677735269,0.0006293824078136262
calendar_1day_seed20260921,10_100,alt3_closed_experts,circuit,-0.005901530327626525,-0.00678870425591771,-0.0050176957649418485,0.0005275348123378446
calendar_1day_seed20260921,10_100,alt3_closed_experts,equipment,0.0068656341311145175,0.006116140077793297,0.007647681894113578,0.0004641765509424115
calendar_1day_seed20260921,10_100,alt3_closed_experts,altitude_circuit,0.00784307124128436,0.006963188546287407,0.008741509459412882,0.0005575734945411533
calendar_1day_seed20260921,10_100,alt3_closed_experts,altitude_equipment,-2.8143803518787536e-06,-0.0008115794534413302,0.0008094127401698012,0.0005054029902255725
calendar_1day_seed20260921,10_100,alt3_closed_experts,circuit_equipment,-0.0008326517849240878,-0.0015907650728806733,-6.117980753904193e-05,0.000473497300634665
calendar_1day_seed20260921,10_100,alt3_closed_experts,three_way,0.0021607440753226292,0.001364808352676744,0.0029084751010378883,0.0004769221199456824
calendar_1day_seed20260921,100_1000,alt0_open_beginners,altitude,0.00446475135722757,0.0016976830004158893,0.0072311024231113685,0.0016660332515402625
calendar_1day_seed20260921,100_1000,alt0_open_beginners,circuit,0.020863782910879092,0.0198237202811505,0.021971788036375128,0.0006581960681568659
calendar_1day_seed20260921,100_1000,alt0_open_beginners,equipment,-0.004479963147880461,-0.005482723040175652,-0.003496092908555959,0.0005856611533706565
calendar_1day_seed20260921,100_1000,alt0_open_beginners,altitude_circuit,0.018490889488028905,0.01571257843501698,0.02135190737783315,0.0016741193778392434
calendar_1day_seed20260921,100_1000,alt0_open_beginners,altitude_equipment,0.0003566302564599333,-0.002437508045867731,0.003056365939683191,0.0016626574675007186
calendar_1day_seed20260921,100_1000,alt0_open_beginners,circuit_equipment,-0.0012113738103691762,-0.002184819348703354,-0.00020168525580034914,0.0006024900395786702
calendar_1day_seed20260921,100_1000,alt0_open_beginners,three_way,0.000874669148889784,-0.0017554163509610815,0.003711961005983604,0.0016431026372266831
calendar_1day_seed20260921,100_1000,alt0_open_experts,altitude,0.00446475135722757,0.0016976830004158893,0.0072311024231113685,0.0016660332515402625
calendar_1day_seed20260921,100_1000,alt0_open_experts,circuit,0.020863782910879092,0.0198237202811505,0.021971788036375128,0.0006581960681568659
calendar_1day_seed20260921,100_1000,alt0_open_experts,equipment,0.004479963147880572,0.003496092908555748,0.005482723040175647,0.0005856611533706553
calendar_1day_seed20260921,100_1000,alt0_open_experts,altitude_circuit,0.018490889488028905,0.01571257843501698,0.02135190737783315,0.0016741193778392434
calendar_1day_seed20260921,100_1000,alt0_open_experts,altitude_equipment,-0.0003566302564600443,-0.003056365939683498,0.0024375080458676366,0.0016626574675007305
calendar_1day_seed20260921,100_1000,alt0_open_experts,circuit_equipment,0.0012113738103690652,0.00020168525580013805,0.0021848193487034586,0.0006024900395786648
calendar_1day_seed20260921,100_1000,alt0_open_experts,three_way,-0.0008746691488895619,-0.0037119610059836218,0.0017554163509612842,0.00164310263722669
calendar_1day_seed20260921,100_1000,alt0_closed_beginners,altitude,0.00446475135722757,0.0016976830004158893,0.0072311024231113685,0.0016660332515402625
calendar_1day_seed20260921,100_1000,alt0_closed_beginners,circuit,-0.02086378291087898,-0.021971788036375332,-0.019823720281150713,0.0006581960681568681
calendar_1day_seed20260921,100_1000,alt0_closed_beginners,equipment,-0.004479963147880461,-0.005482723040175652,-0.003496092908555959,0.0005856611533706565
calendar_1day_seed20260921,100_1000,alt0_closed_beginners,altitude_circuit,-0.018490889488029127,-0.021351907377833147,-0.015712578435016767,0.0016741193778392492
calendar_1day_seed20260921,100_1000,alt0_closed_beginners,altitude_equipment,0.0003566302564599333,-0.002437508045867731,0.003056365939683191,0.0016626574675007186
calendar_1day_seed20260921,100_1000,alt0_closed_beginners,circuit_equipment,0.0012113738103690652,0.00020168525580035454,0.002184819348703242,0.0006024900395786568
calendar_1day_seed20260921,100_1000,alt0_closed_beginners,three_way,-0.0008746691488895619,-0.0037119610059836274,0.0017554163509613896,0.0016431026372267018
calendar_1day_seed20260921,100_1000,alt0_closed_experts,altitude,0.00446475135722757,0.0016976830004158893,0.0072311024231113685,0.0016660332515402625
calendar_1day_seed20260921,100_1000,alt0_closed_experts,circuit,-0.02086378291087898,-0.021971788036375332,-0.019823720281150713,0.0006581960681568681
calendar_1day_seed20260921,100_1000,alt0_closed_experts,equipment,0.004479963147880572,0.003496092908555748,0.005482723040175647,0.0005856611533706553
calendar_1day_seed20260921,100_1000,alt0_closed_experts,altitude_circuit,-0.018490889488029127,-0.021351907377833147,-0.015712578435016767,0.0016741193778392492
calendar_1day_seed20260921,100_1000,alt0_closed_experts,altitude_equipment,-0.0003566302564600443,-0.003056365939683498,0.0024375080458676366,0.0016626574675007305
calendar_1day_seed20260921,100_1000,alt0_closed_experts,circuit_equipment,-0.0012113738103692873,-0.0021848193487035653,-0.00020168525580056563,0.0006024900395786649
calendar_1day_seed20260921,100_1000,alt0_closed_experts,three_way,0.000874669148889784,-0.0017554163509611925,0.0037119610059836096,0.0016431026372266879
calendar_1day_seed20260921,100_1000,alt1_open_beginners,altitude,0.00098210520750186,-0.0006529912417889917,0.0024507597657183965,0.0009456244183539402
calendar_1day_seed20260921,100_1000,alt1_open_beginners,circuit,0.020863782910879092,0.0198237202811505,0.021971788036375128,0.0006581960681568659
calendar_1day_seed20260921,100_1000,alt1_open_beginners,equipment,-0.004479963147880461,-0.005482723040175652,-0.003496092908555959,0.0005856611533706565
calendar_1day_seed20260921,100_1000,alt1_open_beginners,altitude_circuit,0.013519464972824968,0.01205072917724075,0.015005303500703403,0.0009282348370128782
calendar_1day_seed20260921,100_1000,alt1_open_beginners,altitude_equipment,0.001092535487124957,-0.00033974290918269986,0.0026497901255256415,0.000897670408111948
calendar_1day_seed20260921,100_1000,alt1_open_beginners,circuit_equipment,-0.0012113738103691762,-0.002184819348703354,-0.00020168525580034914,0.0006024900395786702
calendar_1day_seed20260921,100_1000,alt1_open_beginners,three_way,-0.0039110466564746815,-0.00535936652309309,-0.0024551374180157184,0.0008910208223338141
calendar_1day_seed20260921,100_1000,alt1_open_experts,altitude,0.00098210520750186,-0.0006529912417889917,0.0024507597657183965,0.0009456244183539402
calendar_1day_seed20260921,100_1000,alt1_open_experts,circuit,0.020863782910879092,0.0198237202811505,0.021971788036375128,0.0006581960681568659
calendar_1day_seed20260921,100_1000,alt1_open_experts,equipment,0.004479963147880572,0.003496092908555748,0.005482723040175647,0.0005856611533706553
calendar_1day_seed20260921,100_1000,alt1_open_experts,altitude_circuit,0.013519464972824968,0.01205072917724075,0.015005303500703403,0.0009282348370128782
calendar_1day_seed20260921,100_1000,alt1_open_experts,altitude_equipment,-0.001092535487124957,-0.0026497901255257417,0.0003397429091824941,0.000897670408111953
calendar_1day_seed20260921,100_1000,alt1_open_experts,circuit_equipment,0.0012113738103690652,0.00020168525580013805,0.0021848193487034586,0.0006024900395786648
calendar_1day_seed20260921,100_1000,alt1_open_experts,three_way,0.0039110466564746815,0.002455137418015718,0.005359366523093,0.0008910208223338156
calendar_1day_seed20260921,100_1000,alt1_closed_beginners,altitude,0.00098210520750186,-0.0006529912417889917,0.0024507597657183965,0.0009456244183539402
calendar_1day_seed20260921,100_1000,alt1_closed_beginners,circuit,-0.02086378291087898,-0.021971788036375332,-0.019823720281150713,0.0006581960681568681
calendar_1day_seed20260921,100_1000,alt1_closed_beginners,equipment,-0.004479963147880461,-0.005482723040175652,-0.003496092908555959,0.0005856611533706565
calendar_1day_seed20260921,100_1000,alt1_closed_beginners,altitude_circuit,-0.01351946497282508,-0.015005303500703181,-0.012050729177240744,0.0009282348370128771
calendar_1day_seed20260921,100_1000,alt1_closed_beginners,altitude_equipment,0.001092535487124957,-0.00033974290918269986,0.0026497901255256415,0.000897670408111948
calendar_1day_seed20260921,100_1000,alt1_closed_beginners,circuit_equipment,0.0012113738103690652,0.00020168525580035454,0.002184819348703242,0.0006024900395786568
calendar_1day_seed20260921,100_1000,alt1_closed_beginners,three_way,0.0039110466564746815,0.002455137418015402,0.005359366523093306,0.0008910208223338161
calendar_1day_seed20260921,100_1000,alt1_closed_experts,altitude,0.00098210520750186,-0.0006529912417889917,0.0024507597657183965,0.0009456244183539402
calendar_1day_seed20260921,100_1000,alt1_closed_experts,circuit,-0.02086378291087898,-0.021971788036375332,-0.019823720281150713,0.0006581960681568681
calendar_1day_seed20260921,100_1000,alt1_closed_experts,equipment,0.004479963147880572,0.003496092908555748,0.005482723040175647,0.0005856611533706553
calendar_1day_seed20260921,100_1000,alt1_closed_experts,altitude_circuit,-0.01351946497282508,-0.015005303500703181,-0.012050729177240744,0.0009282348370128771
calendar_1day_seed20260921,100_1000,alt1_closed_experts,altitude_equipment,-0.001092535487124957,-0.0026497901255257417,0.0003397429091824941,0.000897670408111953
calendar_1day_seed20260921,100_1000,alt1_closed_experts,circuit_equipment,-0.0012113738103692873,-0.0021848193487035653,-0.00020168525580056563,0.0006024900395786649
calendar_1day_seed20260921,100_1000,alt1_closed_experts,three_way,-0.0039110466564744595,-0.005359366523093318,-0.0024551374180158294,0.0008910208223338113
calendar_1day_seed20260921,100_1000,alt2_open_beginners,altitude,-0.0031865440313145754,-0.004332133505627745,-0.0020749606746697847,0.0006761816879633313
calendar_1day_seed20260921,100_1000,alt2_open_beginners,circuit,0.020863782910879092,0.0198237202811505,0.021971788036375128,0.0006581960681568659
calendar_1day_seed20260921,100_1000,alt2_open_beginners,equipment,-0.004479963147880461,-0.005482723040175652,-0.003496092908555959,0.0005856611533706565
calendar_1day_seed20260921,100_1000,alt2_open_beginners,altitude_circuit,-0.013946640061051063,-0.015057895048530823,-0.012866645033673874,0.0006603992413863113
calendar_1day_seed20260921,100_1000,alt2_open_beginners,altitude_equipment,-0.0015685597639324422,-0.002551082546160821,-0.0005275764429211686,0.0006224990572758095
calendar_1day_seed20260921,100_1000,alt2_open_beginners,circuit_equipment,-0.0012113738103691762,-0.002184819348703354,-0.00020168525580034914,0.0006024900395786702
calendar_1day_seed20260921,100_1000,alt2_open_beginners,three_way,0.0005112529765112228,-0.0005206838819246717,0.001458019251860848,0.0006127863882207085
calendar_1day_seed20260921,100_1000,alt2_open_experts,altitude,-0.0031865440313145754,-0.004332133505627745,-0.0020749606746697847,0.0006761816879633313
calendar_1day_seed20260921,100_1000,alt2_open_experts,circuit,0.020863782910879092,0.0198237202811505,0.021971788036375128,0.0006581960681568659
calendar_1day_seed20260921,100_1000,alt2_open_experts,equipment,0.004479963147880572,0.003496092908555748,0.005482723040175647,0.0005856611533706553
calendar_1day_seed20260921,100_1000,alt2_open_experts,altitude_circuit,-0.013946640061051063,-0.015057895048530823,-0.012866645033673874,0.0006603992413863113
calendar_1day_seed20260921,100_1000,alt2_open_experts,altitude_equipment,0.0015685597639323312,0.0005275764429212792,0.0025510825461609156,0.0006224990572758043
calendar_1day_seed20260921,100_1000,alt2_open_experts,circuit_equipment,0.0012113738103690652,0.00020168525580013805,0.0021848193487034586,0.0006024900395786648
calendar_1day_seed20260921,100_1000,alt2_open_experts,three_way,-0.0005112529765112228,-0.0014580192518603263,0.0005206838819244607,0.0006127863882207014
calendar_1day_seed20260921,100_1000,alt2_closed_beginners,altitude,-0.0031865440313145754,-0.004332133505627745,-0.0020749606746697847,0.0006761816879633313
calendar_1day_seed20260921,100_1000,alt2_closed_beginners,circuit,-0.02086378291087898,-0.021971788036375332,-0.019823720281150713,0.0006581960681568681
calendar_1day_seed20260921,100_1000,alt2_closed_beginners,equipment,-0.004479963147880461,-0.005482723040175652,-0.003496092908555959,0.0005856611533706565
calendar_1day_seed20260921,100_1000,alt2_closed_beginners,altitude_circuit,0.013946640061050952,0.012866645033673862,0.015057895048530811,0.0006603992413863115
calendar_1day_seed20260921,100_1000,alt2_closed_beginners,altitude_equipment,-0.0015685597639324422,-0.002551082546160821,-0.0005275764429211686,0.0006224990572758095
calendar_1day_seed20260921,100_1000,alt2_closed_beginners,circuit_equipment,0.0012113738103690652,0.00020168525580035454,0.002184819348703242,0.0006024900395786568
calendar_1day_seed20260921,100_1000,alt2_closed_beginners,three_way,-0.0005112529765111118,-0.0014580192518604373,0.0005206838819244663,0.0006127863882206921
calendar_1day_seed20260921,100_1000,alt2_closed_experts,altitude,-0.0031865440313145754,-0.004332133505627745,-0.0020749606746697847,0.0006761816879633313
calendar_1day_seed20260921,100_1000,alt2_closed_experts,circuit,-0.02086378291087898,-0.021971788036375332,-0.019823720281150713,0.0006581960681568681
calendar_1day_seed20260921,100_1000,alt2_closed_experts,equipment,0.004479963147880572,0.003496092908555748,0.005482723040175647,0.0005856611533706553
calendar_1day_seed20260921,100_1000,alt2_closed_experts,altitude_circuit,0.013946640061050952,0.012866645033673862,0.015057895048530811,0.0006603992413863115
calendar_1day_seed20260921,100_1000,alt2_closed_experts,altitude_equipment,0.0015685597639323312,0.0005275764429212792,0.0025510825461609156,0.0006224990572758043
calendar_1day_seed20260921,100_1000,alt2_closed_experts,circuit_equipment,-0.0012113738103692873,-0.0021848193487035653,-0.00020168525580056563,0.0006024900395786649
calendar_1day_seed20260921,100_1000,alt2_closed_experts,three_way,0.0005112529765114449,-0.0005206838819245774,0.001458019251860959,0.0006127863882207024
calendar_1day_seed20260921,100_1000,alt3_open_beginners,altitude,-0.0022603125334146323,-0.0035832668041301426,-0.0009255646186653039,0.0007953968385390768
calendar_1day_seed20260921,100_1000,alt3_open_beginners,circuit,0.020863782910879092,0.0198237202811505,0.021971788036375128,0.0006581960681568659
calendar_1day_seed20260921,100_1000,alt3_open_beginners,equipment,-0.004479963147880461,-0.005482723040175652,-0.003496092908555959,0.0005856611533706565
calendar_1day_seed20260921,100_1000,alt3_open_beginners,altitude_circuit,-0.018063714399803033,-0.01931098631320032,-0.016927733507811557,0.0007233257991614092
calendar_1day_seed20260921,100_1000,alt3_open_beginners,altitude_equipment,0.00011939402034744084,-0.0009131898548432549,0.00120440055962393,0.0006350046579853877
calendar_1day_seed20260921,100_1000,alt3_open_beginners,circuit_equipment,-0.0012113738103691762,-0.002184819348703354,-0.00020168525580034914,0.0006024900395786702
calendar_1day_seed20260921,100_1000,alt3_open_beginners,three_way,0.0025251245310736747,0.0014780972234486765,0.003490432838571006,0.0006072279607564634
calendar_1day_seed20260921,100_1000,alt3_open_experts,altitude,-0.0022603125334146323,-0.0035832668041301426,-0.0009255646186653039,0.0007953968385390768
calendar_1day_seed20260921,100_1000,alt3_open_experts,circuit,0.020863782910879092,0.0198237202811505,0.021971788036375128,0.0006581960681568659
calendar_1day_seed20260921,100_1000,alt3_open_experts,equipment,0.004479963147880572,0.003496092908555748,0.005482723040175647,0.0005856611533706553
calendar_1day_seed20260921,100_1000,alt3_open_experts,altitude_circuit,-0.018063714399803033,-0.01931098631320032,-0.016927733507811557,0.0007233257991614092
calendar_1day_seed20260921,100_1000,alt3_open_experts,altitude_equipment,-0.00011939402034755187,-0.0012044005596241526,0.0009131898548433715,0.0006350046579853855
calendar_1day_seed20260921,100_1000,alt3_open_experts,circuit_equipment,0.0012113738103690652,0.00020168525580013805,0.0021848193487034586,0.0006024900395786648
calendar_1day_seed20260921,100_1000,alt3_open_experts,three_way,-0.0025251245310734527,-0.0034904328385707895,-0.0014780972234484664,0.0006072279607564664
calendar_1day_seed20260921,100_1000,alt3_closed_beginners,altitude,-0.0022603125334146323,-0.0035832668041301426,-0.0009255646186653039,0.0007953968385390768
calendar_1day_seed20260921,100_1000,alt3_closed_beginners,circuit,-0.02086378291087898,-0.021971788036375332,-0.019823720281150713,0.0006581960681568681
calendar_1day_seed20260921,100_1000,alt3_closed_beginners,equipment,-0.004479963147880461,-0.005482723040175652,-0.003496092908555959,0.0005856611533706565
calendar_1day_seed20260921,100_1000,alt3_closed_beginners,altitude_circuit,0.01806371439980292,0.016927733507811564,0.01931098631320032,0.0007233257991614106
calendar_1day_seed20260921,100_1000,alt3_closed_beginners,altitude_equipment,0.00011939402034744084,-0.0009131898548432549,0.00120440055962393,0.0006350046579853877
calendar_1day_seed20260921,100_1000,alt3_closed_beginners,circuit_equipment,0.0012113738103690652,0.00020168525580035454,0.002184819348703242,0.0006024900395786568
calendar_1day_seed20260921,100_1000,alt3_closed_beginners,three_way,-0.0025251245310736747,-0.003490432838570884,-0.001478097223448461,0.0006072279607564576
calendar_1day_seed20260921,100_1000,alt3_closed_experts,altitude,-0.0022603125334146323,-0.0035832668041301426,-0.0009255646186653039,0.0007953968385390768
calendar_1day_seed20260921,100_1000,alt3_closed_experts,circuit,-0.02086378291087898,-0.021971788036375332,-0.019823720281150713,0.0006581960681568681
calendar_1day_seed20260921,100_1000,alt3_closed_experts,equipment,0.004479963147880572,0.003496092908555748,0.005482723040175647,0.0005856611533706553
calendar_1day_seed20260921,100_1000,alt3_closed_experts,altitude_circuit,0.01806371439980292,0.016927733507811564,0.01931098631320032,0.0007233257991614106
calendar_1day_seed20260921,100_1000,alt3_closed_experts,altitude_equipment,-0.00011939402034755187,-0.0012044005596241526,0.0009131898548433715,0.0006350046579853855
calendar_1day_seed20260921,100_1000,alt3_closed_experts,circuit_equipment,-0.0012113738103692873,-0.0021848193487035653,-0.00020168525580056563,0.0006024900395786649
calendar_1day_seed20260921,100_1000,alt3_closed_experts,three_way,0.0025251245310737858,0.0014780972234484655,0.0034904328385709947,0.0006072279607564567
calendar_1day_seed20260921,1000_10000,alt0_open_beginners,altitude,0.020503148045126207,0.009432636690021999,0.02981914796348657,0.0062780621988002125
calendar_1day_seed20260921,1000_10000,alt0_open_beginners,circuit,0.12461529675840466,0.12096076501557995,0.12920712733484027,0.0025301351624061525
calendar_1day_seed20260921,1000_10000,alt0_open_beginners,equipment,-0.016693495105728928,-0.020835949817124083,-0.012601280810234313,0.002513458343547448
calendar_1day_seed20260921,1000_10000,alt0_open_beginners,altitude_circuit,0.047668159010264666,0.038410662422535304,0.05907941554620298,0.006272130382836703
calendar_1day_seed20260921,1000_10000,alt0_open_beginners,altitude_equipment,0.0037710243837919544,-0.008040717281776594,0.0159754711795379,0.007063462658755166
calendar_1day_seed20260921,1000_10000,alt0_open_beginners,circuit_equipment,0.0044737720595444674,0.00014590824360702898,0.00869903831207579,0.00252439050566663
calendar_1day_seed20260921,1000_10000,alt0_open_beginners,three_way,0.004486531743835398,-0.007488488479273848,0.01664471931396543,0.007135374912354623
calendar_1day_seed20260921,1000_10000,alt0_open_experts,altitude,0.020503148045126207,0.009432636690021999,0.02981914796348657,0.0062780621988002125
calendar_1day_seed20260921,1000_10000,alt0_open_experts,circuit,0.12461529675840466,0.12096076501557995,0.12920712733484027,0.0025301351624061525
calendar_1day_seed20260921,1000_10000,alt0_open_experts,equipment,0.01669349510572904,0.0126012808102341,0.020835949817123976,0.0025134583435474514
calendar_1day_seed20260921,1000_10000,alt0_open_experts,altitude_circuit,0.047668159010264666,0.038410662422535304,0.05907941554620298,0.006272130382836703
calendar_1day_seed20260921,1000_10000,alt0_open_experts,altitude_equipment,-0.0037710243837920654,-0.015975471179538115,0.008040717281776492,0.007063462658755167
calendar_1day_seed20260921,1000_10000,alt0_open_experts,circuit_equipment,-0.0044737720595444674,-0.008699038312075575,-0.00014590824360723517,0.0025243905056666354
calendar_1day_seed20260921,1000_10000,alt0_open_experts,three_way,-0.004486531743835398,-0.01664471931396514,0.0074884884792739605,0.007135374912354619
calendar_1day_seed20260921,1000_10000,alt0_closed_beginners,altitude,0.020503148045126207,0.009432636690021999,0.02981914796348657,0.0062780621988002125
calendar_1day_seed20260921,1000_10000,alt0_closed_beginners,circuit,-0.12461529675840477,-0.1292071273348402,-0.12096076501557995,0.002530135162406156
calendar_1day_seed20260921,1000_10000,alt0_closed_beginners,equipment,-0.016693495105728928,-0.020835949817124083,-0.012601280810234313,0.002513458343547448
calendar_1day_seed20260921,1000_10000,alt0_closed_beginners,altitude_circuit,-0.047668159010264555,-0.059079415546202975,-0.0384106624225352,0.006272130382836696
calendar_1day_seed20260921,1000_10000,alt0_closed_beginners,altitude_equipment,0.0037710243837919544,-0.008040717281776594,0.0159754711795379,0.007063462658755166
calendar_1day_seed20260921,1000_10000,alt0_closed_beginners,circuit_equipment,-0.004473772059544356,-0.008699038312075469,-0.00014590824360690764,0.0025243905056666375
calendar_1day_seed20260921,1000_10000,alt0_closed_beginners,three_way,-0.004486531743835398,-0.01664471931396524,0.007488488479274166,0.007135374912354616
calendar_1day_seed20260921,1000_10000,alt0_closed_experts,altitude,0.020503148045126207,0.009432636690021999,0.02981914796348657,0.0062780621988002125
calendar_1day_seed20260921,1000_10000,alt0_closed_experts,circuit,-0.12461529675840477,-0.1292071273348402,-0.12096076501557995,0.002530135162406156
calendar_1day_seed20260921,1000_10000,alt0_closed_experts,equipment,0.01669349510572904,0.0126012808102341,0.020835949817123976,0.0025134583435474514
calendar_1day_seed20260921,1000_10000,alt0_closed_experts,altitude_circuit,-0.047668159010264555,-0.059079415546202975,-0.0384106624225352,0.006272130382836696
calendar_1day_seed20260921,1000_10000,alt0_closed_experts,altitude_equipment,-0.0037710243837920654,-0.015975471179538115,0.008040717281776492,0.007063462658755167
calendar_1day_seed20260921,1000_10000,alt0_closed_experts,circuit_equipment,0.004473772059544356,0.00014590824360692908,0.00869903831207548,0.00252439050566663
calendar_1day_seed20260921,1000_10000,alt0_closed_experts,three_way,0.004486531743835509,-0.0074884884792740585,0.01664471931396544,0.0071353749123546145
calendar_1day_seed20260921,1000_10000,alt1_open_beginners,altitude,-0.009615211864902773,-0.015269141105288415,-0.003986133663444377,0.0035265416559704436
calendar_1day_seed20260921,1000_10000,alt1_open_beginners,circuit,0.12461529675840466,0.12096076501557995,0.12920712733484027,0.0025301351624061525
calendar_1day_seed20260921,1000_10000,alt1_open_beginners,equipment,-0.016693495105728928,-0.020835949817124083,-0.012601280810234313,0.002513458343547448
calendar_1day_seed20260921,1000_10000,alt1_open_beginners,altitude_circuit,0.061503024332869916,0.05575292801367736,0.06720047962846223,0.003502696892385895
calendar_1day_seed20260921,1000_10000,alt1_open_beginners,altitude_equipment,0.008762679137749196,0.0030000127890402405,0.014563492236644023,0.0035299487888517155
calendar_1day_seed20260921,1000_10000,alt1_open_beginners,circuit_equipment,0.0044737720595444674,0.00014590824360702898,0.00869903831207579,0.00252439050566663
calendar_1day_seed20260921,1000_10000,alt1_open_beginners,three_way,-0.006901054025220232,-0.01277834343397224,-0.0011176661385759847,0.0035394636870481337
calendar_1day_seed20260921,1000_10000,alt1_open_experts,altitude,-0.009615211864902773,-0.015269141105288415,-0.003986133663444377,0.0035265416559704436
calendar_1day_seed20260921,1000_10000,alt1_open_experts,circuit,0.12461529675840466,0.12096076501557995,0.12920712733484027,0.0025301351624061525
calendar_1day_seed20260921,1000_10000,alt1_open_experts,equipment,0.01669349510572904,0.0126012808102341,0.020835949817123976,0.0025134583435474514
calendar_1day_seed20260921,1000_10000,alt1_open_experts,altitude_circuit,0.061503024332869916,0.05575292801367736,0.06720047962846223,0.003502696892385895
calendar_1day_seed20260921,1000_10000,alt1_open_experts,altitude_equipment,-0.00876267913774953,-0.014563492236644038,-0.0030000127890404404,0.0035299487888517246
calendar_1day_seed20260921,1000_10000,alt1_open_experts,circuit_equipment,-0.0044737720595444674,-0.008699038312075575,-0.00014590824360723517,0.0025243905056666354
calendar_1day_seed20260921,1000_10000,alt1_open_experts,three_way,0.006901054025220343,0.0011176661385761898,0.01277834343397256,0.003539463687048147
calendar_1day_seed20260921,1000_10000,alt1_closed_beginners,altitude,-0.009615211864902773,-0.015269141105288415,-0.003986133663444377,0.0035265416559704436
calendar_1day_seed20260921,1000_10000,alt1_closed_beginners,circuit,-0.12461529675840477,-0.1292071273348402,-0.12096076501557995,0.002530135162406156
calendar_1day_seed20260921,1000_10000,alt1_closed_beginners,equipment,-0.016693495105728928,-0.020835949817124083,-0.012601280810234313,0.002513458343547448
calendar_1day_seed20260921,1000_10000,alt1_closed_beginners,altitude_circuit,-0.061503024332869916,-0.06720047962846257,-0.055752928013677455,0.003502696892385893
calendar_1day_seed20260921,1000_10000,alt1_closed_beginners,altitude_equipment,0.008762679137749196,0.0030000127890402405,0.014563492236644023,0.0035299487888517155
calendar_1day_seed20260921,1000_10000,alt1_closed_beginners,circuit_equipment,-0.004473772059544356,-0.008699038312075469,-0.00014590824360690764,0.0025243905056666375
calendar_1day_seed20260921,1000_10000,alt1_closed_beginners,three_way,0.006901054025220343,0.0011176661385759678,0.01277834343397236,0.003539463687048149
calendar_1day_seed20260921,1000_10000,alt1_closed_experts,altitude,-0.009615211864902773,-0.015269141105288415,-0.003986133663444377,0.0035265416559704436
calendar_1day_seed20260921,1000_10000,alt1_closed_experts,circuit,-0.12461529675840477,-0.1292071273348402,-0.12096076501557995,0.002530135162406156
calendar_1day_seed20260921,1000_10000,alt1_closed_experts,equipment,0.01669349510572904,0.0126012808102341,0.020835949817123976,0.0025134583435474514
calendar_1day_seed20260921,1000_10000,alt1_closed_experts,altitude_circuit,-0.061503024332869916,-0.06720047962846257,-0.055752928013677455,0.003502696892385893
calendar_1day_seed20260921,1000_10000,alt1_closed_experts,altitude_equipment,-0.00876267913774953,-0.014563492236644038,-0.0030000127890404404,0.0035299487888517246
calendar_1day_seed20260921,1000_10000,alt1_closed_experts,circuit_equipment,0.004473772059544356,0.00014590824360692908,0.00869903831207548,0.00252439050566663
calendar_1day_seed20260921,1000_10000,alt1_closed_experts,three_way,-0.006901054025220121,-0.012778343433972345,-0.0011176661385758737,0.0035394636870481424
calendar_1day_seed20260921,1000_10000,alt2_open_beginners,altitude,-0.019008506913656298,-0.022977598944068638,-0.014230760789993618,0.0026028497729544634
calendar_1day_seed20260921,1000_10000,alt2_open_beginners,circuit,0.12461529675840466,0.12096076501557995,0.12920712733484027,0.0025301351624061525
calendar_1day_seed20260921,1000_10000,alt2_open_beginners,equipment,-0.016693495105728928,-0.020835949817124083,-0.012601280810234313,0.002513458343547448
calendar_1day_seed20260921,1000_10000,alt2_open_beginners,altitude_circuit,-0.033431725695022285,-0.03809445099523228,-0.029535337624372486,0.002557282814248066
calendar_1day_seed20260921,1000_10000,alt2_open_beginners,altitude_equipment,-0.009966446215700198,-0.014343708447080812,-0.005679009658965757,0.002635760333549557
calendar_1day_seed20260921,1000_10000,alt2_open_beginners,circuit_equipment,0.0044737720595444674,0.00014590824360702898,0.00869903831207579,0.00252439050566663
calendar_1day_seed20260921,1000_10000,alt2_open_beginners,three_way,-0.0016242677733854238,-0.005902063594221135,0.00278383844309478,0.002645994681678548
calendar_1day_seed20260921,1000_10000,alt2_open_experts,altitude,-0.019008506913656298,-0.022977598944068638,-0.014230760789993618,0.0026028497729544634
calendar_1day_seed20260921,1000_10000,alt2_open_experts,circuit,0.12461529675840466,0.12096076501557995,0.12920712733484027,0.0025301351624061525
calendar_1day_seed20260921,1000_10000,alt2_open_experts,equipment,0.01669349510572904,0.0126012808102341,0.020835949817123976,0.0025134583435474514
calendar_1day_seed20260921,1000_10000,alt2_open_experts,altitude_circuit,-0.033431725695022285,-0.03809445099523228,-0.029535337624372486,0.002557282814248066
calendar_1day_seed20260921,1000_10000,alt2_open_experts,altitude_equipment,0.009966446215700198,0.00567900965896596,0.01434370844708071,0.0026357603335495595
calendar_1day_seed20260921,1000_10000,alt2_open_experts,circuit_equipment,-0.0044737720595444674,-0.008699038312075575,-0.00014590824360723517,0.0025243905056666354
calendar_1day_seed20260921,1000_10000,alt2_open_experts,three_way,0.0016242677733854238,-0.0027838384430946723,0.00590206359422103,0.0026459946816785535
calendar_1day_seed20260921,1000_10000,alt2_closed_beginners,altitude,-0.019008506913656298,-0.022977598944068638,-0.014230760789993618,0.0026028497729544634
calendar_1day_seed20260921,1000_10000,alt2_closed_beginners,circuit,-0.12461529675840477,-0.1292071273348402,-0.12096076501557995,0.002530135162406156
calendar_1day_seed20260921,1000_10000,alt2_closed_beginners,equipment,-0.016693495105728928,-0.020835949817124083,-0.012601280810234313,0.002513458343547448
calendar_1day_seed20260921,1000_10000,alt2_closed_beginners,altitude_circuit,0.033431725695022396,0.029535337624372802,0.03809445099523207,0.0025572828142480654
calendar_1day_seed20260921,1000_10000,alt2_closed_beginners,altitude_equipment,-0.009966446215700198,-0.014343708447080812,-0.005679009658965757,0.002635760333549557
calendar_1day_seed20260921,1000_10000,alt2_closed_beginners,circuit_equipment,-0.004473772059544356,-0.008699038312075469,-0.00014590824360690764,0.0025243905056666375
calendar_1day_seed20260921,1000_10000,alt2_closed_beginners,three_way,0.0016242677733853128,-0.0027838384430945613,0.005902063594221135,0.0026459946816785544
calendar_1day_seed20260921,1000_10000,alt2_closed_experts,altitude,-0.019008506913656298,-0.022977598944068638,-0.014230760789993618,0.0026028497729544634
calendar_1day_seed20260921,1000_10000,alt2_closed_experts,circuit,-0.12461529675840477,-0.1292071273348402,-0.12096076501557995,0.002530135162406156
calendar_1day_seed20260921,1000_10000,alt2_closed_experts,equipment,0.01669349510572904,0.0126012808102341,0.020835949817123976,0.0025134583435474514
calendar_1day_seed20260921,1000_10000,alt2_closed_experts,altitude_circuit,0.033431725695022396,0.029535337624372802,0.03809445099523207,0.0025572828142480654
calendar_1day_seed20260921,1000_10000,alt2_closed_experts,altitude_equipment,0.009966446215700198,0.00567900965896596,0.01434370844708071,0.0026357603335495595
calendar_1day_seed20260921,1000_10000,alt2_closed_experts,circuit_equipment,0.004473772059544356,0.00014590824360692908,0.00869903831207548,0.00252439050566663
calendar_1day_seed20260921,1000_10000,alt2_closed_experts,three_way,-0.0016242677733854238,-0.005902063594221141,0.002783838443094558,0.0026459946816785435
calendar_1day_seed20260921,1000_10000,alt3_open_beginners,altitude,0.008120570733432864,0.003705731087640807,0.013005550023178629,0.0027883975500035993
calendar_1day_seed20260921,1000_10000,alt3_open_beginners,circuit,0.12461529675840466,0.12096076501557995,0.12920712733484027,0.0025301351624061525
calendar_1day_seed20260921,1000_10000,alt3_open_beginners,equipment,-0.016693495105728928,-0.020835949817124083,-0.012601280810234313,0.002513458343547448
calendar_1day_seed20260921,1000_10000,alt3_open_beginners,altitude_circuit,-0.07573945764811207,-0.08053574120400214,-0.07153368964381893,0.002706200373769265
calendar_1day_seed20260921,1000_10000,alt3_open_beginners,altitude_equipment,-0.002567257305841064,-0.006847679744447705,0.0017780702589267113,0.0026426401186800943
calendar_1day_seed20260921,1000_10000,alt3_open_beginners,circuit_equipment,0.0044737720595444674,0.00014590824360702898,0.00869903831207579,0.00252439050566663
calendar_1day_seed20260921,1000_10000,alt3_open_beginners,three_way,0.004038790054770036,-0.0005379755513754533,0.008300648943512895,0.0026314178175066575
calendar_1day_seed20260921,1000_10000,alt3_open_experts,altitude,0.008120570733432864,0.003705731087640807,0.013005550023178629,0.0027883975500035993
calendar_1day_seed20260921,1000_10000,alt3_open_experts,circuit,0.12461529675840466,0.12096076501557995,0.12920712733484027,0.0025301351624061525
calendar_1day_seed20260921,1000_10000,alt3_open_experts,equipment,0.01669349510572904,0.0126012808102341,0.020835949817123976,0.0025134583435474514
calendar_1day_seed20260921,1000_10000,alt3_open_experts,altitude_circuit,-0.07573945764811207,-0.08053574120400214,-0.07153368964381893,0.002706200373769265
calendar_1day_seed20260921,1000_10000,alt3_open_experts,altitude_equipment,0.002567257305841175,-0.0017780702589266062,0.006847679744447698,0.002642640118680094
calendar_1day_seed20260921,1000_10000,alt3_open_experts,circuit_equipment,-0.0044737720595444674,-0.008699038312075575,-0.00014590824360723517,0.0025243905056666354
calendar_1day_seed20260921,1000_10000,alt3_open_experts,three_way,-0.004038790054770147,-0.0083006489435132,0.0005379755513754493,0.0026314178175066622
calendar_1day_seed20260921,1000_10000,alt3_closed_beginners,altitude,0.008120570733432864,0.003705731087640807,0.013005550023178629,0.0027883975500035993
calendar_1day_seed20260921,1000_10000,alt3_closed_beginners,circuit,-0.12461529675840477,-0.1292071273348402,-0.12096076501557995,0.002530135162406156
calendar_1day_seed20260921,1000_10000,alt3_closed_beginners,equipment,-0.016693495105728928,-0.020835949817124083,-0.012601280810234313,0.002513458343547448
calendar_1day_seed20260921,1000_10000,alt3_closed_beginners,altitude_circuit,0.07573945764811219,0.07153368964381891,0.08053574120400216,0.0027062003737692688
calendar_1day_seed20260921,1000_10000,alt3_closed_beginners,altitude_equipment,-0.002567257305841064,-0.006847679744447705,0.0017780702589267113,0.0026426401186800943
calendar_1day_seed20260921,1000_10000,alt3_closed_beginners,circuit_equipment,-0.004473772059544356,-0.008699038312075469,-0.00014590824360690764,0.0025243905056666375
calendar_1day_seed20260921,1000_10000,alt3_closed_beginners,three_way,-0.004038790054770258,-0.008300648943513306,0.0005379755513754438,0.002631417817506664
calendar_1day_seed20260921,1000_10000,alt3_closed_experts,altitude,0.008120570733432864,0.003705731087640807,0.013005550023178629,0.0027883975500035993
calendar_1day_seed20260921,1000_10000,alt3_closed_experts,circuit,-0.12461529675840477,-0.1292071273348402,-0.12096076501557995,0.002530135162406156
calendar_1day_seed20260921,1000_10000,alt3_closed_experts,equipment,0.01669349510572904,0.0126012808102341,0.020835949817123976,0.0025134583435474514
calendar_1day_seed20260921,1000_10000,alt3_closed_experts,altitude_circuit,0.07573945764811219,0.07153368964381891,0.08053574120400216,0.0027062003737692688
calendar_1day_seed20260921,1000_10000,alt3_closed_experts,altitude_equipment,0.002567257305841175,-0.0017780702589266062,0.006847679744447698,0.002642640118680094
calendar_1day_seed20260921,1000_10000,alt3_closed_experts,circuit_equipment,0.004473772059544356,0.00014590824360692908,0.00869903831207548,0.00252439050566663
calendar_1day_seed20260921,1000_10000,alt3_closed_experts,three_way,0.004038790054770147,-0.0005379755513753534,0.0083006489435131,0.0026314178175066605
calendar_1day_seed20260922,10_10000,alt0_open_beginners,altitude,0.007525380771875367,0.003449032745324687,0.01120810245436846,0.002313027717218824
calendar_1day_seed20260922,10_10000,alt0_open_beginners,circuit,0.041173627113205935,0.039712173131322845,0.04280066390695659,0.0009309539484475619
calendar_1day_seed20260922,10_10000,alt0_open_beginners,equipment,-0.007723140782947335,-0.009009474810130235,-0.006348040154120505,0.0008233638212690564
calendar_1day_seed20260922,10_10000,alt0_open_beginners,altitude_circuit,0.02382110231277812,0.020242615642418416,0.027849183831583062,0.002296281951188436
calendar_1day_seed20260922,10_10000,alt0_open_beginners,altitude_equipment,0.001442169762407297,-0.0021676876471778796,0.0051527052271256755,0.0022946380818145862
calendar_1day_seed20260922,10_10000,alt0_open_beginners,circuit_equipment,5.61638926692698e-05,-0.0013653938960600466,0.0013622841733304631,0.000831206539772204
calendar_1day_seed20260922,10_10000,alt0_open_beginners,three_way,0.0014002408713247316,-0.0024725764693829867,0.005163628407975506,0.0023240506509486663
calendar_1day_seed20260922,10_10000,alt0_open_experts,altitude,0.007525380771875367,0.003449032745324687,0.01120810245436846,0.002313027717218824
calendar_1day_seed20260922,10_10000,alt0_open_experts,circuit,0.041173627113205935,0.039712173131322845,0.04280066390695659,0.0009309539484475619
calendar_1day_seed20260922,10_10000,alt0_open_experts,equipment,0.007723140782947446,0.006348040154120616,0.00900947481013024,0.0008233638212690614
calendar_1day_seed20260922,10_10000,alt0_open_experts,altitude_circuit,0.02382110231277812,0.020242615642418416,0.027849183831583062,0.002296281951188436
calendar_1day_seed20260922,10_10000,alt0_open_experts,altitude_equipment,-0.0014421697624074081,-0.005152705227125571,0.002167687647177868,0.0022946380818145815
calendar_1day_seed20260922,10_10000,alt0_open_experts,circuit_equipment,-5.6163892669491844e-05,-0.0013622841733307801,0.0013653938960599354,0.0008312065397722092
calendar_1day_seed20260922,10_10000,alt0_open_experts,three_way,-0.0014002408713246206,-0.005163628407975923,0.0024725764693829745,0.002324050650948663
calendar_1day_seed20260922,10_10000,alt0_closed_beginners,altitude,0.007525380771875367,0.003449032745324687,0.01120810245436846,0.002313027717218824
calendar_1day_seed20260922,10_10000,alt0_closed_beginners,circuit,-0.041173627113205824,-0.04280066390695669,-0.03971217313132273,0.0009309539484475653
calendar_1day_seed20260922,10_10000,alt0_closed_beginners,equipment,-0.007723140782947335,-0.009009474810130235,-0.006348040154120505,0.0008233638212690564
calendar_1day_seed20260922,10_10000,alt0_closed_beginners,altitude_circuit,-0.02382110231277823,-0.02784918383158318,-0.020242615642418305,0.0022962819511884356
calendar_1day_seed20260922,10_10000,alt0_closed_beginners,altitude_equipment,0.001442169762407297,-0.0021676876471778796,0.0051527052271256755,0.0022946380818145862
calendar_1day_seed20260922,10_10000,alt0_closed_beginners,circuit_equipment,-5.6163892669602866e-05,-0.0013622841733307856,0.0013653938960600464,0.0008312065397722087
calendar_1day_seed20260922,10_10000,alt0_closed_beginners,three_way,-0.0014002408713245096,-0.0051636284079759065,0.0024725764693827525,0.0023240506509486594
calendar_1day_seed20260922,10_10000,alt0_closed_experts,altitude,0.007525380771875367,0.003449032745324687,0.01120810245436846,0.002313027717218824
calendar_1day_seed20260922,10_10000,alt0_closed_experts,circuit,-0.041173627113205824,-0.04280066390695669,-0.03971217313132273,0.0009309539484475653
calendar_1day_seed20260922,10_10000,alt0_closed_experts,equipment,0.007723140782947446,0.006348040154120616,0.00900947481013024,0.0008233638212690614
calendar_1day_seed20260922,10_10000,alt0_closed_experts,altitude_circuit,-0.02382110231277823,-0.02784918383158318,-0.020242615642418305,0.0022962819511884356
calendar_1day_seed20260922,10_10000,alt0_closed_experts,altitude_equipment,-0.0014421697624074081,-0.005152705227125571,0.002167687647177868,0.0022946380818145815
calendar_1day_seed20260922,10_10000,alt0_closed_experts,circuit_equipment,5.61638926692698e-05,-0.001365393896059941,0.0013622841733303577,0.0008312065397722048
calendar_1day_seed20260922,10_10000,alt0_closed_experts,three_way,0.0014002408713247316,-0.002472576469382976,0.005163628407975506,0.002324050650948668
calendar_1day_seed20260922,10_10000,alt1_open_beginners,altitude,-0.000449754409719505,-0.002409905269390933,0.0017172937336591364,0.0012359579856423954
calendar_1day_seed20260922,10_10000,alt1_open_beginners,circuit,0.041173627113205935,0.039712173131322845,0.04280066390695659,0.0009309539484475619
calendar_1day_seed20260922,10_10000,alt1_open_beginners,equipment,-0.007723140782947335,-0.009009474810130235,-0.006348040154120505,0.0008233638212690564
calendar_1day_seed20260922,10_10000,alt1_open_beginners,altitude_circuit,0.022491461446518368,0.02030088603383799,0.024445452805107796,0.0012494749200664733
calendar_1day_seed20260922,10_10000,alt1_open_beginners,altitude_equipment,0.0028559578983242684,0.0008618356572834881,0.0047343888587371916,0.0012218572210914561
calendar_1day_seed20260922,10_10000,alt1_open_beginners,circuit_equipment,5.61638926692698e-05,-0.0013653938960600466,0.0013622841733304631,0.000831206539772204
calendar_1day_seed20260922,10_10000,alt1_open_beginners,three_way,-0.004196452258376726,-0.006184726962316744,-0.002203042286049301,0.001196301967403561
calendar_1day_seed20260922,10_10000,alt1_open_experts,altitude,-0.000449754409719505,-0.002409905269390933,0.0017172937336591364,0.0012359579856423954
calendar_1day_seed20260922,10_10000,alt1_open_experts,circuit,0.041173627113205935,0.039712173131322845,0.04280066390695659,0.0009309539484475619
calendar_1day_seed20260922,10_10000,alt1_open_experts,equipment,0.007723140782947446,0.006348040154120616,0.00900947481013024,0.0008233638212690614
calendar_1day_seed20260922,10_10000,alt1_open_experts,altitude_circuit,0.022491461446518368,0.02030088603383799,0.024445452805107796,0.0012494749200664733
calendar_1day_seed20260922,10_10000,alt1_open_experts,altitude_equipment,-0.0028559578983242684,-0.0047343888587369765,-0.0008618356572832735,0.0012218572210914648
calendar_1day_seed20260922,10_10000,alt1_open_experts,circuit_equipment,-5.6163892669491844e-05,-0.0013622841733307801,0.0013653938960599354,0.0008312065397722092
calendar_1day_seed20260922,10_10000,alt1_open_experts,three_way,0.004196452258376948,0.0022030422860493224,0.006184726962316839,0.001196301967403573
calendar_1day_seed20260922,10_10000,alt1_closed_beginners,altitude,-0.000449754409719505,-0.002409905269390933,0.0017172937336591364,0.0012359579856423954
calendar_1day_seed20260922,10_10000,alt1_closed_beginners,circuit,-0.041173627113205824,-0.04280066390695669,-0.03971217313132273,0.0009309539484475653
calendar_1day_seed20260922,10_10000,alt1_closed_beginners,equipment,-0.007723140782947335,-0.009009474810130235,-0.006348040154120505,0.0008233638212690564
calendar_1day_seed20260922,10_10000,alt1_closed_beginners,altitude_circuit,-0.022491461446518368,-0.024445452805107588,-0.020300886033838002,0.0012494749200664733
calendar_1day_seed20260922,10_10000,alt1_closed_beginners,altitude_equipment,0.0028559578983242684,0.0008618356572834881,0.0047343888587371916,0.0012218572210914561
calendar_1day_seed20260922,10_10000,alt1_closed_beginners,circuit_equipment,-5.6163892669602866e-05,-0.0013622841733307856,0.0013653938960600464,0.0008312065397722087
calendar_1day_seed20260922,10_10000,alt1_closed_beginners,three_way,0.004196452258376948,0.0022030422860495223,0.006184726962316833,0.0011963019674035762
calendar_1day_seed20260922,10_10000,alt1_closed_experts,altitude,-0.000449754409719505,-0.002409905269390933,0.0017172937336591364,0.0012359579856423954
calendar_1day_seed20260922,10_10000,alt1_closed_experts,circuit,-0.041173627113205824,-0.04280066390695669,-0.03971217313132273,0.0009309539484475653
calendar_1day_seed20260922,10_10000,alt1_closed_experts,equipment,0.007723140782947446,0.006348040154120616,0.00900947481013024,0.0008233638212690614
calendar_1day_seed20260922,10_10000,alt1_closed_experts,altitude_circuit,-0.022491461446518368,-0.024445452805107588,-0.020300886033838002,0.0012494749200664733
calendar_1day_seed20260922,10_10000,alt1_closed_experts,altitude_equipment,-0.0028559578983242684,-0.0047343888587369765,-0.0008618356572832735,0.0012218572210914648
calendar_1day_seed20260922,10_10000,alt1_closed_experts,circuit_equipment,5.61638926692698e-05,-0.001365393896059941,0.0013622841733303577,0.0008312065397722048
calendar_1day_seed20260922,10_10000,alt1_closed_experts,three_way,-0.004196452258376726,-0.006184726962316733,-0.0022030422860494173,0.0011963019674035627
calendar_1day_seed20260922,10_10000,alt2_open_beginners,altitude,-0.007315287987533781,-0.008796026912785544,-0.0056531277591866935,0.0009404685818084752
calendar_1day_seed20260922,10_10000,alt2_open_beginners,circuit,0.041173627113205935,0.039712173131322845,0.04280066390695659,0.0009309539484475619
calendar_1day_seed20260922,10_10000,alt2_open_beginners,equipment,-0.007723140782947335,-0.009009474810130235,-0.006348040154120505,0.0008233638212690564
calendar_1day_seed20260922,10_10000,alt2_open_beginners,altitude_circuit,-0.016943197250350872,-0.018404413078657728,-0.01550947443193711,0.0009109165382405746
calendar_1day_seed20260922,10_10000,alt2_open_beginners,altitude_equipment,-0.0036815053293142164,-0.005132871503679431,-0.002330590679318029,0.0008620245692324118
calendar_1day_seed20260922,10_10000,alt2_open_beginners,circuit_equipment,5.61638926692698e-05,-0.0013653938960600466,0.0013622841733304631,0.000831206539772204
calendar_1day_seed20260922,10_10000,alt2_open_beginners,three_way,1.4052276695597499e-05,-0.0013400543283926482,0.0015295825569290153,0.0008797064536515504
calendar_1day_seed20260922,10_10000,alt2_open_experts,altitude,-0.007315287987533781,-0.008796026912785544,-0.0056531277591866935,0.0009404685818084752
calendar_1day_seed20260922,10_10000,alt2_open_experts,circuit,0.041173627113205935,0.039712173131322845,0.04280066390695659,0.0009309539484475619
calendar_1day_seed20260922,10_10000,alt2_open_experts,equipment,0.007723140782947446,0.006348040154120616,0.00900947481013024,0.0008233638212690614
calendar_1day_seed20260922,10_10000,alt2_open_experts,altitude_circuit,-0.016943197250350872,-0.018404413078657728,-0.01550947443193711,0.0009109165382405746
calendar_1day_seed20260922,10_10000,alt2_open_experts,altitude_equipment,0.0036815053293142164,0.0023305906793180064,0.0051328715036793255,0.0008620245692324124
calendar_1day_seed20260922,10_10000,alt2_open_experts,circuit_equipment,-5.6163892669491844e-05,-0.0013622841733307801,0.0013653938960599354,0.0008312065397722092
calendar_1day_seed20260922,10_10000,alt2_open_experts,three_way,-1.4052276695486476e-05,-0.00152958255692901,0.0013400543283926642,0.0008797064536515542
calendar_1day_seed20260922,10_10000,alt2_closed_beginners,altitude,-0.007315287987533781,-0.008796026912785544,-0.0056531277591866935,0.0009404685818084752
calendar_1day_seed20260922,10_10000,alt2_closed_beginners,circuit,-0.041173627113205824,-0.04280066390695669,-0.03971217313132273,0.0009309539484475653
calendar_1day_seed20260922,10_10000,alt2_closed_beginners,equipment,-0.007723140782947335,-0.009009474810130235,-0.006348040154120505,0.0008233638212690564
calendar_1day_seed20260922,10_10000,alt2_closed_beginners,altitude_circuit,0.016943197250350872,0.015509474431937325,0.01840441307865794,0.0009109165382405823
calendar_1day_seed20260922,10_10000,alt2_closed_beginners,altitude_equipment,-0.0036815053293142164,-0.005132871503679431,-0.002330590679318029,0.0008620245692324118
calendar_1day_seed20260922,10_10000,alt2_closed_beginners,circuit_equipment,-5.6163892669602866e-05,-0.0013622841733307856,0.0013653938960600464,0.0008312065397722087
calendar_1day_seed20260922,10_10000,alt2_closed_beginners,three_way,-1.4052276695375454e-05,-0.00152958255692901,0.0013400543283927696,0.0008797064536515557
calendar_1day_seed20260922,10_10000,alt2_closed_experts,altitude,-0.007315287987533781,-0.008796026912785544,-0.0056531277591866935,0.0009404685818084752
calendar_1day_seed20260922,10_10000,alt2_closed_experts,circuit,-0.041173627113205824,-0.04280066390695669,-0.03971217313132273,0.0009309539484475653
calendar_1day_seed20260922,10_10000,alt2_closed_experts,equipment,0.007723140782947446,0.006348040154120616,0.00900947481013024,0.0008233638212690614
calendar_1day_seed20260922,10_10000,alt2_closed_experts,altitude_circuit,0.016943197250350872,0.015509474431937325,0.01840441307865794,0.0009109165382405823
calendar_1day_seed20260922,10_10000,alt2_closed_experts,altitude_equipment,0.0036815053293142164,0.0023305906793180064,0.0051328715036793255,0.0008620245692324124
calendar_1day_seed20260922,10_10000,alt2_closed_experts,circuit_equipment,5.61638926692698e-05,-0.001365393896059941,0.0013622841733303577,0.0008312065397722048
calendar_1day_seed20260922,10_10000,alt2_closed_experts,three_way,1.4052276695597499e-05,-0.0013400543283926425,0.0015295825569291153,0.0008797064536515504
calendar_1day_seed20260922,10_10000,alt3_open_beginners,altitude,0.00023966162537791824,-0.0013782856911284669,0.0020913477604846296,0.0010439275638174884
calendar_1day_seed20260922,10_10000,alt3_open_beginners,circuit,0.041173627113205935,0.039712173131322845,0.04280066390695659,0.0009309539484475619
calendar_1day_seed20260922,10_10000,alt3_open_beginners,equipment,-0.007723140782947335,-0.009009474810130235,-0.006348040154120505,0.0008233638212690564
calendar_1day_seed20260922,10_10000,alt3_open_beginners,altitude_circuit,-0.029369366508945727,-0.03104988125296575,-0.02767697163563033,0.0010354674731201867
calendar_1day_seed20260922,10_10000,alt3_open_beginners,altitude_equipment,-0.0006166223314174601,-0.002041810367437147,0.0007730868272774356,0.0008641498081059397
calendar_1day_seed20260922,10_10000,alt3_open_beginners,circuit_equipment,5.61638926692698e-05,-0.0013653938960600466,0.0013622841733304631,0.000831206539772204
calendar_1day_seed20260922,10_10000,alt3_open_beginners,three_way,0.002782159110356841,0.0013654664479864464,0.004380534827276861,0.0008983061977682478
calendar_1day_seed20260922,10_10000,alt3_open_experts,altitude,0.00023966162537791824,-0.0013782856911284669,0.0020913477604846296,0.0010439275638174884
calendar_1day_seed20260922,10_10000,alt3_open_experts,circuit,0.041173627113205935,0.039712173131322845,0.04280066390695659,0.0009309539484475619
calendar_1day_seed20260922,10_10000,alt3_open_experts,equipment,0.007723140782947446,0.006348040154120616,0.00900947481013024,0.0008233638212690614
calendar_1day_seed20260922,10_10000,alt3_open_experts,altitude_circuit,-0.029369366508945727,-0.03104988125296575,-0.02767697163563033,0.0010354674731201867
calendar_1day_seed20260922,10_10000,alt3_open_experts,altitude_equipment,0.0006166223314173491,-0.0007730868272774417,0.0020418103674372796,0.0008641498081059468
calendar_1day_seed20260922,10_10000,alt3_open_experts,circuit_equipment,-5.6163892669491844e-05,-0.0013622841733307801,0.0013653938960599354,0.0008312065397722092
calendar_1day_seed20260922,10_10000,alt3_open_experts,three_way,-0.002782159110356619,-0.004380534827276744,-0.001365466447986558,0.0008983061977682552
calendar_1day_seed20260922,10_10000,alt3_closed_beginners,altitude,0.00023966162537791824,-0.0013782856911284669,0.0020913477604846296,0.0010439275638174884
calendar_1day_seed20260922,10_10000,alt3_closed_beginners,circuit,-0.041173627113205824,-0.04280066390695669,-0.03971217313132273,0.0009309539484475653
calendar_1day_seed20260922,10_10000,alt3_closed_beginners,equipment,-0.007723140782947335,-0.009009474810130235,-0.006348040154120505,0.0008233638212690564
calendar_1day_seed20260922,10_10000,alt3_closed_beginners,altitude_circuit,0.029369366508945616,0.027676971635629995,0.031049881252965743,0.0010354674731201904
calendar_1day_seed20260922,10_10000,alt3_closed_beginners,altitude_equipment,-0.0006166223314174601,-0.002041810367437147,0.0007730868272774356,0.0008641498081059397
calendar_1day_seed20260922,10_10000,alt3_closed_beginners,circuit_equipment,-5.6163892669602866e-05,-0.0013622841733307856,0.0013653938960600464,0.0008312065397722087
calendar_1day_seed20260922,10_10000,alt3_closed_beginners,three_way,-0.002782159110356508,-0.004380534827276761,-0.0013654664479863638,0.000898306197768254
calendar_1day_seed20260922,10_10000,alt3_closed_experts,altitude,0.00023966162537791824,-0.0013782856911284669,0.0020913477604846296,0.0010439275638174884
calendar_1day_seed20260922,10_10000,alt3_closed_experts,circuit,-0.041173627113205824,-0.04280066390695669,-0.03971217313132273,0.0009309539484475653
calendar_1day_seed20260922,10_10000,alt3_closed_experts,equipment,0.007723140782947446,0.006348040154120616,0.00900947481013024,0.0008233638212690614
calendar_1day_seed20260922,10_10000,alt3_closed_experts,altitude_circuit,0.029369366508945616,0.027676971635629995,0.031049881252965743,0.0010354674731201904
calendar_1day_seed20260922,10_10000,alt3_closed_experts,altitude_equipment,0.0006166223314173491,-0.0007730868272774417,0.0020418103674372796,0.0008641498081059468
calendar_1day_seed20260922,10_10000,alt3_closed_experts,circuit_equipment,5.61638926692698e-05,-0.001365393896059941,0.0013622841733303577,0.0008312065397722048
calendar_1day_seed20260922,10_10000,alt3_closed_experts,three_way,0.002782159110356841,0.0013654664479865685,0.004380534827276655,0.0008983061977682493
calendar_1day_seed20260922,10_100,alt0_open_beginners,altitude,-0.006108120071014689,-0.008541420437998487,-0.003656578038340447,0.001480707423107593
calendar_1day_seed20260922,10_100,alt0_open_beginners,circuit,0.005901530327626636,0.004993594874663037,0.006807375965894224,0.0005520964153596793
calendar_1day_seed20260922,10_100,alt0_open_beginners,equipment,-0.0068656341311144065,-0.007609713448983002,-0.006070667913350708,0.00046514469802278466
calendar_1day_seed20260922,10_100,alt0_open_beginners,altitude_circuit,0.008767351696345571,0.006293305841646079,0.011075176920769945,0.0014649209588365579
calendar_1day_seed20260922,10_100,alt0_open_beginners,altitude_equipment,0.00026148035233297673,-0.0018190382998314553,0.0025223837431378672,0.0013021067193985296
calendar_1day_seed20260922,10_100,alt0_open_beginners,circuit_equipment,-0.0008326517849239767,-0.0016176656262262448,-0.00013302867444295327,0.0004634225956856722
calendar_1day_seed20260922,10_100,alt0_open_beginners,three_way,-0.0010125869280197541,-0.0031838313318133197,0.001097582477847136,0.001283695320661195
calendar_1day_seed20260922,10_100,alt0_open_experts,altitude,-0.006108120071014689,-0.008541420437998487,-0.003656578038340447,0.001480707423107593
calendar_1day_seed20260922,10_100,alt0_open_experts,circuit,0.005901530327626636,0.004993594874663037,0.006807375965894224,0.0005520964153596793
calendar_1day_seed20260922,10_100,alt0_open_experts,equipment,0.0068656341311145175,0.006070667913350497,0.007609713448982996,0.0004651446980227811
calendar_1day_seed20260922,10_100,alt0_open_experts,altitude_circuit,0.008767351696345571,0.006293305841646079,0.011075176920769945,0.0014649209588365579
calendar_1day_seed20260922,10_100,alt0_open_experts,altitude_equipment,-0.00026148035233308775,-0.002522383743138085,0.001819038299831136,0.001302106719398533
calendar_1day_seed20260922,10_100,alt0_open_experts,circuit_equipment,0.0008326517849238657,0.00013302867444274779,0.001617665626226022,0.00046342259568567766
calendar_1day_seed20260922,10_100,alt0_open_experts,three_way,0.0010125869280198652,-0.00109758247784712,0.0031838313318135296,0.0012836953206611945
calendar_1day_seed20260922,10_100,alt0_closed_beginners,altitude,-0.006108120071014689,-0.008541420437998487,-0.003656578038340447,0.001480707423107593
calendar_1day_seed20260922,10_100,alt0_closed_beginners,circuit,-0.005901530327626525,-0.00680737596589433,-0.004993594874662939,0.0005520964153596761
calendar_1day_seed20260922,10_100,alt0_closed_beginners,equipment,-0.0068656341311144065,-0.007609713448983002,-0.006070667913350708,0.00046514469802278466
calendar_1day_seed20260922,10_100,alt0_closed_beginners,altitude_circuit,-0.008767351696345682,-0.011075176920769947,-0.006293305841646081,0.001464920958836557
calendar_1day_seed20260922,10_100,alt0_closed_beginners,altitude_equipment,0.00026148035233297673,-0.0018190382998314553,0.0025223837431378672,0.0013021067193985296
calendar_1day_seed20260922,10_100,alt0_closed_beginners,circuit_equipment,0.0008326517849238657,0.0001330286744428477,0.0016176656262262272,0.0004634225956856658
calendar_1day_seed20260922,10_100,alt0_closed_beginners,three_way,0.0010125869280198652,-0.0010975824778471257,0.0031838313318132243,0.0012836953206611988
calendar_1day_seed20260922,10_100,alt0_closed_experts,altitude,-0.006108120071014689,-0.008541420437998487,-0.003656578038340447,0.001480707423107593
calendar_1day_seed20260922,10_100,alt0_closed_experts,circuit,-0.005901530327626525,-0.00680737596589433,-0.004993594874662939,0.0005520964153596761
calendar_1day_seed20260922,10_100,alt0_closed_experts,equipment,0.0068656341311145175,0.006070667913350497,0.007609713448982996,0.0004651446980227811
calendar_1day_seed20260922,10_100,alt0_closed_experts,altitude_circuit,-0.008767351696345682,-0.011075176920769947,-0.006293305841646081,0.001464920958836557
calendar_1day_seed20260922,10_100,alt0_closed_experts,altitude_equipment,-0.00026148035233308775,-0.002522383743138085,0.001819038299831136,0.001302106719398533
calendar_1day_seed20260922,10_100,alt0_closed_experts,circuit_equipment,-0.0008326517849240878,-0.0016176656262261281,-0.00013302867444295327,0.00046342259568567105
calendar_1day_seed20260922,10_100,alt0_closed_experts,three_way,-0.0010125869280196431,-0.003183831331813103,0.001097582477847136,0.001283695320661195
calendar_1day_seed20260922,10_100,alt1_open_beginners,altitude,-0.0036344473104443775,-0.004866210887195149,-0.0024209055720534945,0.0007240617093222573
calendar_1day_seed20260922,10_100,alt1_open_beginners,circuit,0.005901530327626636,0.004993594874663037,0.006807375965894224,0.0005520964153596793
calendar_1day_seed20260922,10_100,alt1_open_beginners,equipment,-0.0068656341311144065,-0.007609713448983002,-0.006070667913350708,0.00046514469802278466
calendar_1day_seed20260922,10_100,alt1_open_beginners,altitude_circuit,0.005827129943553944,0.004599709020679682,0.007028441941669155,0.0007256341999992839
calendar_1day_seed20260922,10_100,alt1_open_beginners,altitude_equipment,0.0005755790146647621,-0.0006284525445070025,0.001682765917249701,0.0007015499693041734
calendar_1day_seed20260922,10_100,alt1_open_beginners,circuit_equipment,-0.0008326517849239767,-0.0016176656262262448,-0.00013302867444295327,0.0004634225956856722
calendar_1day_seed20260922,10_100,alt1_open_beginners,three_way,-0.0024168937635979937,-0.003540696203028726,-0.0012721086172478913,0.0006910747781239336
calendar_1day_seed20260922,10_100,alt1_open_experts,altitude,-0.0036344473104443775,-0.004866210887195149,-0.0024209055720534945,0.0007240617093222573
calendar_1day_seed20260922,10_100,alt1_open_experts,circuit,0.005901530327626636,0.004993594874663037,0.006807375965894224,0.0005520964153596793
calendar_1day_seed20260922,10_100,alt1_open_experts,equipment,0.0068656341311145175,0.006070667913350497,0.007609713448982996,0.0004651446980227811
calendar_1day_seed20260922,10_100,alt1_open_experts,altitude_circuit,0.005827129943553944,0.004599709020679682,0.007028441941669155,0.0007256341999992839
calendar_1day_seed20260922,10_100,alt1_open_experts,altitude_equipment,-0.0005755790146646511,-0.0016827659172497012,0.0006284525445067901,0.0007015499693041671
calendar_1day_seed20260922,10_100,alt1_open_experts,circuit_equipment,0.0008326517849238657,0.00013302867444274779,0.001617665626226022,0.00046342259568567766
calendar_1day_seed20260922,10_100,alt1_open_experts,three_way,0.0024168937635979937,0.0012721086172476637,0.0035406962030287256,0.0006910747781239331
calendar_1day_seed20260922,10_100,alt1_closed_beginners,altitude,-0.0036344473104443775,-0.004866210887195149,-0.0024209055720534945,0.0007240617093222573
calendar_1day_seed20260922,10_100,alt1_closed_beginners,circuit,-0.005901530327626525,-0.00680737596589433,-0.004993594874662939,0.0005520964153596761
calendar_1day_seed20260922,10_100,alt1_closed_beginners,equipment,-0.0068656341311144065,-0.007609713448983002,-0.006070667913350708,0.00046514469802278466
calendar_1day_seed20260922,10_100,alt1_closed_beginners,altitude_circuit,-0.005827129943553833,-0.007028441941669156,-0.004599709020679482,0.0007256341999992841
calendar_1day_seed20260922,10_100,alt1_closed_beginners,altitude_equipment,0.0005755790146647621,-0.0006284525445070025,0.001682765917249701,0.0007015499693041734
calendar_1day_seed20260922,10_100,alt1_closed_beginners,circuit_equipment,0.0008326517849238657,0.0001330286744428477,0.0016176656262262272,0.0004634225956856658
calendar_1day_seed20260922,10_100,alt1_closed_beginners,three_way,0.0024168937635978827,0.0012721086172474527,0.0035406962030287256,0.0006910747781239334
calendar_1day_seed20260922,10_100,alt1_closed_experts,altitude,-0.0036344473104443775,-0.004866210887195149,-0.0024209055720534945,0.0007240617093222573
calendar_1day_seed20260922,10_100,alt1_closed_experts,circuit,-0.005901530327626525,-0.00680737596589433,-0.004993594874662939,0.0005520964153596761
calendar_1day_seed20260922,10_100,alt1_closed_experts,equipment,0.0068656341311145175,0.006070667913350497,0.007609713448982996,0.0004651446980227811
calendar_1day_seed20260922,10_100,alt1_closed_experts,altitude_circuit,-0.005827129943553833,-0.007028441941669156,-0.004599709020679482,0.0007256341999992841
calendar_1day_seed20260922,10_100,alt1_closed_experts,altitude_equipment,-0.0005755790146646511,-0.0016827659172497012,0.0006284525445067901,0.0007015499693041671
calendar_1day_seed20260922,10_100,alt1_closed_experts,circuit_equipment,-0.0008326517849240878,-0.0016176656262261281,-0.00013302867444295327,0.00046342259568567105
calendar_1day_seed20260922,10_100,alt1_closed_experts,three_way,-0.0024168937635979937,-0.003540696203028526,-0.0012721086172478803,0.0006910747781239367
calendar_1day_seed20260922,10_100,alt2_open_beginners,altitude,0.002302667862757901,0.0013033694761283466,0.0032395773919169867,0.0005846470047547495
calendar_1day_seed20260922,10_100,alt2_open_beginners,circuit,0.005901530327626636,0.004993594874663037,0.006807375965894224,0.0005520964153596793
calendar_1day_seed20260922,10_100,alt2_open_beginners,equipment,-0.0068656341311144065,-0.007609713448983002,-0.006070667913350708,0.00046514469802278466
calendar_1day_seed20260922,10_100,alt2_open_beginners,altitude_circuit,-0.006751410398615154,-0.007654453391450627,-0.005862480106107132,0.0005529092890270787
calendar_1day_seed20260922,10_100,alt2_open_beginners,altitude_equipment,-0.0008398737473496176,-0.0016627021958251277,-4.029865456887111e-05,0.00048771891240550813
calendar_1day_seed20260922,10_100,alt2_open_beginners,circuit_equipment,-0.0008326517849239767,-0.0016176656262262448,-0.00013302867444295327,0.0004634225956856722
calendar_1day_seed20260922,10_100,alt2_open_beginners,three_way,0.0012687366162951186,0.0004620046600915417,0.002073895434086059,0.0004843030010659631
calendar_1day_seed20260922,10_100,alt2_open_experts,altitude,0.002302667862757901,0.0013033694761283466,0.0032395773919169867,0.0005846470047547495
calendar_1day_seed20260922,10_100,alt2_open_experts,circuit,0.005901530327626636,0.004993594874663037,0.006807375965894224,0.0005520964153596793
calendar_1day_seed20260922,10_100,alt2_open_experts,equipment,0.0068656341311145175,0.006070667913350497,0.007609713448982996,0.0004651446980227811
calendar_1day_seed20260922,10_100,alt2_open_experts,altitude_circuit,-0.006751410398615154,-0.007654453391450627,-0.005862480106107132,0.0005529092890270787
calendar_1day_seed20260922,10_100,alt2_open_experts,altitude_equipment,0.0008398737473493956,4.0298654568876586e-05,0.0016627021958254494,0.00048771891240550645
calendar_1day_seed20260922,10_100,alt2_open_experts,circuit_equipment,0.0008326517849238657,0.00013302867444274779,0.001617665626226022,0.00046342259568567766
calendar_1day_seed20260922,10_100,alt2_open_experts,three_way,-0.0012687366162947855,-0.0020738954340862705,-0.0004620046600912254,0.00048430300106597093
calendar_1day_seed20260922,10_100,alt2_closed_beginners,altitude,0.002302667862757901,0.0013033694761283466,0.0032395773919169867,0.0005846470047547495
calendar_1day_seed20260922,10_100,alt2_closed_beginners,circuit,-0.005901530327626525,-0.00680737596589433,-0.004993594874662939,0.0005520964153596761
calendar_1day_seed20260922,10_100,alt2_closed_beginners,equipment,-0.0068656341311144065,-0.007609713448983002,-0.006070667913350708,0.00046514469802278466
calendar_1day_seed20260922,10_100,alt2_closed_beginners,altitude_circuit,0.006751410398614821,0.005862480106107126,0.007654453391450732,0.0005529092890270794
calendar_1day_seed20260922,10_100,alt2_closed_beginners,altitude_equipment,-0.0008398737473496176,-0.0016627021958251277,-4.029865456887111e-05,0.00048771891240550813
calendar_1day_seed20260922,10_100,alt2_closed_beginners,circuit_equipment,0.0008326517849238657,0.0001330286744428477,0.0016176656262262272,0.0004634225956856658
calendar_1day_seed20260922,10_100,alt2_closed_beginners,three_way,-0.0012687366162947855,-0.002073895434086065,-0.0004620046600912254,0.00048430300106596026
calendar_1day_seed20260922,10_100,alt2_closed_experts,altitude,0.002302667862757901,0.0013033694761283466,0.0032395773919169867,0.0005846470047547495
calendar_1day_seed20260922,10_100,alt2_closed_experts,circuit,-0.005901530327626525,-0.00680737596589433,-0.004993594874662939,0.0005520964153596761
calendar_1day_seed20260922,10_100,alt2_closed_experts,equipment,0.0068656341311145175,0.006070667913350497,0.007609713448982996,0.0004651446980227811
calendar_1day_seed20260922,10_100,alt2_closed_experts,altitude_circuit,0.006751410398614821,0.005862480106107126,0.007654453391450732,0.0005529092890270794
calendar_1day_seed20260922,10_100,alt2_closed_experts,altitude_equipment,0.0008398737473493956,4.0298654568876586e-05,0.0016627021958254494,0.00048771891240550645
calendar_1day_seed20260922,10_100,alt2_closed_experts,circuit_equipment,-0.0008326517849240878,-0.0016176656262261281,-0.00013302867444295327,0.00046342259568567105
calendar_1day_seed20260922,10_100,alt2_closed_experts,three_way,0.0012687366162952296,0.0004620046600913141,0.002073895434086059,0.0004843030010659636
calendar_1day_seed20260922,10_100,alt3_open_beginners,altitude,0.007439899518701276,0.006366220263097949,0.008541324225255291,0.0006517258045788449
calendar_1day_seed20260922,10_100,alt3_open_beginners,circuit,0.005901530327626636,0.004993594874663037,0.006807375965894224,0.0005520964153596793
calendar_1day_seed20260922,10_100,alt3_open_beginners,equipment,-0.0068656341311144065,-0.007609713448983002,-0.006070667913350708,0.00046514469802278466
calendar_1day_seed20260922,10_100,alt3_open_beginners,altitude_circuit,-0.007843071241284472,-0.008830843174253816,-0.006866142235339607,0.0005916338626040781
calendar_1day_seed20260922,10_100,alt3_open_beginners,altitude_equipment,2.8143803518787536e-06,-0.0008042655629590779,0.000821429590631134,0.0005051490761959298
calendar_1day_seed20260922,10_100,alt3_open_beginners,circuit_equipment,-0.0008326517849239767,-0.0016176656262262448,-0.00013302867444295327,0.0004634225956856722
calendar_1day_seed20260922,10_100,alt3_open_beginners,three_way,0.0021607440753225182,0.001406291932079079,0.0029959091226049173,0.0004932864535069529
calendar_1day_seed20260922,10_100,alt3_open_experts,altitude,0.007439899518701276,0.006366220263097949,0.008541324225255291,0.0006517258045788449
calendar_1day_seed20260922,10_100,alt3_open_experts,circuit,0.005901530327626636,0.004993594874663037,0.006807375965894224,0.0005520964153596793
calendar_1day_seed20260922,10_100,alt3_open_experts,equipment,0.0068656341311145175,0.006070667913350497,0.007609713448982996,0.0004651446980227811
calendar_1day_seed20260922,10_100,alt3_open_experts,altitude_circuit,-0.007843071241284472,-0.008830843174253816,-0.006866142235339607,0.0005916338626040781
calendar_1day_seed20260922,10_100,alt3_open_experts,altitude_equipment,-2.8143803518787536e-06,-0.0008214295906312508,0.0008042655629590663,0.0005051490761959316
calendar_1day_seed20260922,10_100,alt3_open_experts,circuit_equipment,0.0008326517849238657,0.00013302867444274779,0.001617665626226022,0.00046342259568567766
calendar_1day_seed20260922,10_100,alt3_open_experts,three_way,-0.002160744075322407,-0.002995909122604795,-0.0014062919320788575,0.0004932864535069522
calendar_1day_seed20260922,10_100,alt3_closed_beginners,altitude,0.007439899518701276,0.006366220263097949,0.008541324225255291,0.0006517258045788449
calendar_1day_seed20260922,10_100,alt3_closed_beginners,circuit,-0.005901530327626525,-0.00680737596589433,-0.004993594874662939,0.0005520964153596761
calendar_1day_seed20260922,10_100,alt3_closed_beginners,equipment,-0.0068656341311144065,-0.007609713448983002,-0.006070667913350708,0.00046514469802278466
calendar_1day_seed20260922,10_100,alt3_closed_beginners,altitude_circuit,0.00784307124128436,0.0068661422353398175,0.008830843174253828,0.0005916338626040799
calendar_1day_seed20260922,10_100,alt3_closed_beginners,altitude_equipment,2.8143803518787536e-06,-0.0008042655629590779,0.000821429590631134,0.0005051490761959298
calendar_1day_seed20260922,10_100,alt3_closed_beginners,circuit_equipment,0.0008326517849238657,0.0001330286744428477,0.0016176656262262272,0.0004634225956856658
calendar_1day_seed20260922,10_100,alt3_closed_beginners,three_way,-0.002160744075322407,-0.002995909122604784,-0.0014062919320790629,0.0004932864535069471
calendar_1day_seed20260922,10_100,alt3_closed_experts,altitude,0.007439899518701276,0.006366220263097949,0.008541324225255291,0.0006517258045788449
calendar_1day_seed20260922,10_100,alt3_closed_experts,circuit,-0.005901530327626525,-0.00680737596589433,-0.004993594874662939,0.0005520964153596761
calendar_1day_seed20260922,10_100,alt3_closed_experts,equipment,0.0068656341311145175,0.006070667913350497,0.007609713448982996,0.0004651446980227811
calendar_1day_seed20260922,10_100,alt3_closed_experts,altitude_circuit,0.00784307124128436,0.0068661422353398175,0.008830843174253828,0.0005916338626040799
calendar_1day_seed20260922,10_100,alt3_closed_experts,altitude_equipment,-2.8143803518787536e-06,-0.0008214295906312508,0.0008042655629590663,0.0005051490761959316
calendar_1day_seed20260922,10_100,alt3_closed_experts,circuit_equipment,-0.0008326517849240878,-0.0016176656262261281,-0.00013302867444295327,0.00046342259568567105
calendar_1day_seed20260922,10_100,alt3_closed_experts,three_way,0.0021607440753226292,0.0014062919320790676,0.0029959091226049173,0.0004932864535069464
calendar_1day_seed20260922,100_1000,alt0_open_beginners,altitude,0.00446475135722757,0.0014924535145947875,0.007164164588648897,0.00175341074192991
calendar_1day_seed20260922,100_1000,alt0_open_beginners,circuit,0.020863782910879092,0.019728673780501794,0.02204538271608624,0.0006944496765549764
calendar_1day_seed20260922,100_1000,alt0_open_beginners,equipment,-0.004479963147880461,-0.005418022666412054,-0.003566040126705711,0.0005735863698480714
calendar_1day_seed20260922,100_1000,alt0_open_beginners,altitude_circuit,0.018490889488028905,0.0158198101213316,0.021445571208110685,0.0017413347822099387
calendar_1day_seed20260922,100_1000,alt0_open_beginners,altitude_equipment,0.0003566302564599333,-0.002170433649316833,0.0029464204568152787,0.001592437287172821
calendar_1day_seed20260922,100_1000,alt0_open_beginners,circuit_equipment,-0.0012113738103691762,-0.0021896285179134334,-0.0002485299018097914,0.0005948391093471652
calendar_1day_seed20260922,100_1000,alt0_open_beginners,three_way,0.000874669148889784,-0.0017910566718515263,0.003379589370156377,0.001592112514491655
calendar_1day_seed20260922,100_1000,alt0_open_experts,altitude,0.00446475135722757,0.0014924535145947875,0.007164164588648897,0.00175341074192991
calendar_1day_seed20260922,100_1000,alt0_open_experts,circuit,0.020863782910879092,0.019728673780501794,0.02204538271608624,0.0006944496765549764
calendar_1day_seed20260922,100_1000,alt0_open_experts,equipment,0.004479963147880572,0.003566040126705716,0.005418022666411842,0.0005735863698480688
calendar_1day_seed20260922,100_1000,alt0_open_experts,altitude_circuit,0.018490889488028905,0.0158198101213316,0.021445571208110685,0.0017413347822099387
calendar_1day_seed20260922,100_1000,alt0_open_experts,altitude_equipment,-0.0003566302564600443,-0.0029464204568153797,0.0021704336493168328,0.001592437287172817
calendar_1day_seed20260922,100_1000,alt0_open_experts,circuit_equipment,0.0012113738103690652,0.00024852990180957975,0.0021896285179134325,0.0005948391093471663
calendar_1day_seed20260922,100_1000,alt0_open_experts,three_way,-0.0008746691488895619,-0.0033795893701563775,0.0017910566718515207,0.0015921125144916525
calendar_1day_seed20260922,100_1000,alt0_closed_beginners,altitude,0.00446475135722757,0.0014924535145947875,0.007164164588648897,0.00175341074192991
calendar_1day_seed20260922,100_1000,alt0_closed_beginners,circuit,-0.02086378291087898,-0.02204538271608635,-0.01972867378050149,0.0006944496765549787
calendar_1day_seed20260922,100_1000,alt0_closed_beginners,equipment,-0.004479963147880461,-0.005418022666412054,-0.003566040126705711,0.0005735863698480714
calendar_1day_seed20260922,100_1000,alt0_closed_beginners,altitude_circuit,-0.018490889488029127,-0.02144557120811047,-0.015819810121331584,0.0017413347822099294
calendar_1day_seed20260922,100_1000,alt0_closed_beginners,altitude_equipment,0.0003566302564599333,-0.002170433649316833,0.0029464204568152787,0.001592437287172821
calendar_1day_seed20260922,100_1000,alt0_closed_beginners,circuit_equipment,0.0012113738103690652,0.0002485299018097907,0.0021896285179131216,0.0005948391093471693
calendar_1day_seed20260922,100_1000,alt0_closed_beginners,three_way,-0.0008746691488895619,-0.003379589370156372,0.0017910566718515152,0.0015921125144916504
calendar_1day_seed20260922,100_1000,alt0_closed_experts,altitude,0.00446475135722757,0.0014924535145947875,0.007164164588648897,0.00175341074192991
calendar_1day_seed20260922,100_1000,alt0_closed_experts,circuit,-0.02086378291087898,-0.02204538271608635,-0.01972867378050149,0.0006944496765549787
calendar_1day_seed20260922,100_1000,alt0_closed_experts,equipment,0.004479963147880572,0.003566040126705716,0.005418022666411842,0.0005735863698480688
calendar_1day_seed20260922,100_1000,alt0_closed_experts,altitude_circuit,-0.018490889488029127,-0.02144557120811047,-0.015819810121331584,0.0017413347822099294
calendar_1day_seed20260922,100_1000,alt0_closed_experts,altitude_equipment,-0.0003566302564600443,-0.0029464204568153797,0.0021704336493168328,0.001592437287172817
calendar_1day_seed20260922,100_1000,alt0_closed_experts,circuit_equipment,-0.0012113738103692873,-0.002189628517913328,-0.0002485299018098969,0.0005948391093471649
calendar_1day_seed20260922,100_1000,alt0_closed_experts,three_way,0.000874669148889784,-0.0017910566718515209,0.0033795893701563714,0.0015921125144916554
calendar_1day_seed20260922,100_1000,alt1_open_beginners,altitude,0.00098210520750186,-0.00038489519532236566,0.0025716903620895777,0.0009163191675179905
calendar_1day_seed20260922,100_1000,alt1_open_beginners,circuit,0.020863782910879092,0.019728673780501794,0.02204538271608624,0.0006944496765549764
calendar_1day_seed20260922,100_1000,alt1_open_beginners,equipment,-0.004479963147880461,-0.005418022666412054,-0.003566040126705711,0.0005735863698480714
calendar_1day_seed20260922,100_1000,alt1_open_beginners,altitude_circuit,0.013519464972824968,0.011907252943081348,0.014985171744918407,0.0009214739926701592
calendar_1day_seed20260922,100_1000,alt1_open_beginners,altitude_equipment,0.001092535487124957,-0.00044662480320066815,0.0024579671589916026,0.0009018100582949815
calendar_1day_seed20260922,100_1000,alt1_open_beginners,circuit_equipment,-0.0012113738103691762,-0.0021896285179134334,-0.0002485299018097914,0.0005948391093471652
calendar_1day_seed20260922,100_1000,alt1_open_beginners,three_way,-0.0039110466564746815,-0.005373003266991178,-0.0025024687167858996,0.000875282604073753
calendar_1day_seed20260922,100_1000,alt1_open_experts,altitude,0.00098210520750186,-0.00038489519532236566,0.0025716903620895777,0.0009163191675179905
calendar_1day_seed20260922,100_1000,alt1_open_experts,circuit,0.020863782910879092,0.019728673780501794,0.02204538271608624,0.0006944496765549764
calendar_1day_seed20260922,100_1000,alt1_open_experts,equipment,0.004479963147880572,0.003566040126705716,0.005418022666411842,0.0005735863698480688
calendar_1day_seed20260922,100_1000,alt1_open_experts,altitude_circuit,0.013519464972824968,0.011907252943081348,0.014985171744918407,0.0009214739926701592
calendar_1day_seed20260922,100_1000,alt1_open_experts,altitude_equipment,-0.001092535487124957,-0.002457967158991592,0.00044662480320065677,0.0009018100582949879
calendar_1day_seed20260922,100_1000,alt1_open_experts,circuit_equipment,0.0012113738103690652,0.00024852990180957975,0.0021896285179134325,0.0005948391093471663
calendar_1day_seed20260922,100_1000,alt1_open_experts,three_way,0.0039110466564746815,0.0025024687167859105,0.005373003266991299,0.0008752826040737557
calendar_1day_seed20260922,100_1000,alt1_closed_beginners,altitude,0.00098210520750186,-0.00038489519532236566,0.0025716903620895777,0.0009163191675179905
calendar_1day_seed20260922,100_1000,alt1_closed_beginners,circuit,-0.02086378291087898,-0.02204538271608635,-0.01972867378050149,0.0006944496765549787
calendar_1day_seed20260922,100_1000,alt1_closed_beginners,equipment,-0.004479963147880461,-0.005418022666412054,-0.003566040126705711,0.0005735863698480714
calendar_1day_seed20260922,100_1000,alt1_closed_beginners,altitude_circuit,-0.01351946497282508,-0.014985171744918408,-0.011907252943081032,0.0009214739926701608
calendar_1day_seed20260922,100_1000,alt1_closed_beginners,altitude_equipment,0.001092535487124957,-0.00044662480320066815,0.0024579671589916026,0.0009018100582949815
calendar_1day_seed20260922,100_1000,alt1_closed_beginners,circuit_equipment,0.0012113738103690652,0.0002485299018097907,0.0021896285179131216,0.0005948391093471693
calendar_1day_seed20260922,100_1000,alt1_closed_beginners,three_way,0.0039110466564746815,0.002502468716785899,0.00537300326699141,0.0008752826040737614
calendar_1day_seed20260922,100_1000,alt1_closed_experts,altitude,0.00098210520750186,-0.00038489519532236566,0.0025716903620895777,0.0009163191675179905
calendar_1day_seed20260922,100_1000,alt1_closed_experts,circuit,-0.02086378291087898,-0.02204538271608635,-0.01972867378050149,0.0006944496765549787
calendar_1day_seed20260922,100_1000,alt1_closed_experts,equipment,0.004479963147880572,0.003566040126705716,0.005418022666411842,0.0005735863698480688
calendar_1day_seed20260922,100_1000,alt1_closed_experts,altitude_circuit,-0.01351946497282508,-0.014985171744918408,-0.011907252943081032,0.0009214739926701608
calendar_1day_seed20260922,100_1000,alt1_closed_experts,altitude_equipment,-0.001092535487124957,-0.002457967158991592,0.00044662480320065677,0.0009018100582949879
calendar_1day_seed20260922,100_1000,alt1_closed_experts,circuit_equipment,-0.0012113738103692873,-0.002189628517913328,-0.0002485299018098969,0.0005948391093471649
calendar_1day_seed20260922,100_1000,alt1_closed_experts,three_way,-0.0039110466564744595,-0.0053730032669914995,-0.002502468716786005,0.0008752826040737541
calendar_1day_seed20260922,100_1000,alt2_open_beginners,altitude,-0.0031865440313145754,-0.0043867674302551455,-0.0019920015200073585,0.0007115252199580319
calendar_1day_seed20260922,100_1000,alt2_open_beginners,circuit,0.020863782910879092,0.019728673780501794,0.02204538271608624,0.0006944496765549764
calendar_1day_seed20260922,100_1000,alt2_open_beginners,equipment,-0.004479963147880461,-0.005418022666412054,-0.003566040126705711,0.0005735863698480714
calendar_1day_seed20260922,100_1000,alt2_open_beginners,altitude_circuit,-0.013946640061051063,-0.015035539407716458,-0.012836613214657634,0.0006952596524334423
calendar_1day_seed20260922,100_1000,alt2_open_beginners,altitude_equipment,-0.0015685597639324422,-0.0025663451566949047,-0.0005943211169475716,0.0005977295982481908
calendar_1day_seed20260922,100_1000,alt2_open_beginners,circuit_equipment,-0.0012113738103691762,-0.0021896285179134334,-0.0002485299018097914,0.0005948391093471652
calendar_1day_seed20260922,100_1000,alt2_open_beginners,three_way,0.0005112529765112228,-0.0004890693792239388,0.001522566091630828,0.0006127048360103205
calendar_1day_seed20260922,100_1000,alt2_open_experts,altitude,-0.0031865440313145754,-0.0043867674302551455,-0.0019920015200073585,0.0007115252199580319
calendar_1day_seed20260922,100_1000,alt2_open_experts,circuit,0.020863782910879092,0.019728673780501794,0.02204538271608624,0.0006944496765549764
calendar_1day_seed20260922,100_1000,alt2_open_experts,equipment,0.004479963147880572,0.003566040126705716,0.005418022666411842,0.0005735863698480688
calendar_1day_seed20260922,100_1000,alt2_open_experts,altitude_circuit,-0.013946640061051063,-0.015035539407716458,-0.012836613214657634,0.0006952596524334423
calendar_1day_seed20260922,100_1000,alt2_open_experts,altitude_equipment,0.0015685597639323312,0.000594321116947466,0.0025663451566950157,0.0005977295982481876
calendar_1day_seed20260922,100_1000,alt2_open_experts,circuit_equipment,0.0012113738103690652,0.00024852990180957975,0.0021896285179134325,0.0005948391093471663
calendar_1day_seed20260922,100_1000,alt2_open_experts,three_way,-0.0005112529765112228,-0.001522566091630939,0.000489069379223622,0.0006127048360103187
calendar_1day_seed20260922,100_1000,alt2_closed_beginners,altitude,-0.0031865440313145754,-0.0043867674302551455,-0.0019920015200073585,0.0007115252199580319
calendar_1day_seed20260922,100_1000,alt2_closed_beginners,circuit,-0.02086378291087898,-0.02204538271608635,-0.01972867378050149,0.0006944496765549787
calendar_1day_seed20260922,100_1000,alt2_closed_beginners,equipment,-0.004479963147880461,-0.005418022666412054,-0.003566040126705711,0.0005735863698480714
calendar_1day_seed20260922,100_1000,alt2_closed_beginners,altitude_circuit,0.013946640061050952,0.012836613214657826,0.015035539407716136,0.0006952596524334428
calendar_1day_seed20260922,100_1000,alt2_closed_beginners,altitude_equipment,-0.0015685597639324422,-0.0025663451566949047,-0.0005943211169475716,0.0005977295982481908
calendar_1day_seed20260922,100_1000,alt2_closed_beginners,circuit_equipment,0.0012113738103690652,0.0002485299018097907,0.0021896285179131216,0.0005948391093471693
calendar_1day_seed20260922,100_1000,alt2_closed_beginners,three_way,-0.0005112529765111118,-0.001522566091630828,0.000489069379223844,0.0006127048360103161
calendar_1day_seed20260922,100_1000,alt2_closed_experts,altitude,-0.0031865440313145754,-0.0043867674302551455,-0.0019920015200073585,0.0007115252199580319
calendar_1day_seed20260922,100_1000,alt2_closed_experts,circuit,-0.02086378291087898,-0.02204538271608635,-0.01972867378050149,0.0006944496765549787
calendar_1day_seed20260922,100_1000,alt2_closed_experts,equipment,0.004479963147880572,0.003566040126705716,0.005418022666411842,0.0005735863698480688
calendar_1day_seed20260922,100_1000,alt2_closed_experts,altitude_circuit,0.013946640061050952,0.012836613214657826,0.015035539407716136,0.0006952596524334428
calendar_1day_seed20260922,100_1000,alt2_closed_experts,altitude_equipment,0.0015685597639323312,0.000594321116947466,0.0025663451566950157,0.0005977295982481876
calendar_1day_seed20260922,100_1000,alt2_closed_experts,circuit_equipment,-0.0012113738103692873,-0.002189628517913328,-0.0002485299018098969,0.0005948391093471649
calendar_1day_seed20260922,100_1000,alt2_closed_experts,three_way,0.0005112529765114449,-0.0004890693792237167,0.0015225660916306225,0.000612704836010317
calendar_1day_seed20260922,100_1000,alt3_open_beginners,altitude,-0.0022603125334146323,-0.0036164243570776747,-0.0008403960689972134,0.0008176457128002314
calendar_1day_seed20260922,100_1000,alt3_open_beginners,circuit,0.020863782910879092,0.019728673780501794,0.02204538271608624,0.0006944496765549764
calendar_1day_seed20260922,100_1000,alt3_open_beginners,equipment,-0.004479963147880461,-0.005418022666412054,-0.003566040126705711,0.0005735863698480714
calendar_1day_seed20260922,100_1000,alt3_open_beginners,altitude_circuit,-0.018063714399803033,-0.019333390770222676,-0.016838233626684573,0.0007700856171707814
calendar_1day_seed20260922,100_1000,alt3_open_beginners,altitude_equipment,0.00011939402034744084,-0.0008409625640863783,0.001142561303668776,0.0006115777309368231
calendar_1day_seed20260922,100_1000,alt3_open_beginners,circuit_equipment,-0.0012113738103691762,-0.0021896285179134334,-0.0002485299018097914,0.0005948391093471652
calendar_1day_seed20260922,100_1000,alt3_open_beginners,three_way,0.0025251245310736747,0.0014638633797626533,0.0035937679653024134,0.0006411546808447499
calendar_1day_seed20260922,100_1000,alt3_open_experts,altitude,-0.0022603125334146323,-0.0036164243570776747,-0.0008403960689972134,0.0008176457128002314
calendar_1day_seed20260922,100_1000,alt3_open_experts,circuit,0.020863782910879092,0.019728673780501794,0.02204538271608624,0.0006944496765549764
calendar_1day_seed20260922,100_1000,alt3_open_experts,equipment,0.004479963147880572,0.003566040126705716,0.005418022666411842,0.0005735863698480688
calendar_1day_seed20260922,100_1000,alt3_open_experts,altitude_circuit,-0.018063714399803033,-0.019333390770222676,-0.016838233626684573,0.0007700856171707814
calendar_1day_seed20260922,100_1000,alt3_open_experts,altitude_equipment,-0.00011939402034755187,-0.0011425613036686766,0.0008409625640864837,0.0006115777309368178
calendar_1day_seed20260922,100_1000,alt3_open_experts,circuit_equipment,0.0012113738103690652,0.00024852990180957975,0.0021896285179134325,0.0005948391093471663
calendar_1day_seed20260922,100_1000,alt3_open_experts,three_way,-0.0025251245310734527,-0.0035937679653025192,-0.0014638633797627587,0.0006411546808447546
calendar_1day_seed20260922,100_1000,alt3_closed_beginners,altitude,-0.0022603125334146323,-0.0036164243570776747,-0.0008403960689972134,0.0008176457128002314
calendar_1day_seed20260922,100_1000,alt3_closed_beginners,circuit,-0.02086378291087898,-0.02204538271608635,-0.01972867378050149,0.0006944496765549787
calendar_1day_seed20260922,100_1000,alt3_closed_beginners,equipment,-0.004479963147880461,-0.005418022666412054,-0.003566040126705711,0.0005735863698480714
calendar_1day_seed20260922,100_1000,alt3_closed_beginners,altitude_circuit,0.01806371439980292,0.01683823362668469,0.019333390770222898,0.0007700856171707879
calendar_1day_seed20260922,100_1000,alt3_closed_beginners,altitude_equipment,0.00011939402034744084,-0.0008409625640863783,0.001142561303668776,0.0006115777309368231
calendar_1day_seed20260922,100_1000,alt3_closed_beginners,circuit_equipment,0.0012113738103690652,0.0002485299018097907,0.0021896285179131216,0.0005948391093471693
calendar_1day_seed20260922,100_1000,alt3_closed_beginners,three_way,-0.0025251245310736747,-0.0035937679653028575,-0.001463863379762964,0.0006411546808447525
calendar_1day_seed20260922,100_1000,alt3_closed_experts,altitude,-0.0022603125334146323,-0.0036164243570776747,-0.0008403960689972134,0.0008176457128002314
calendar_1day_seed20260922,100_1000,alt3_closed_experts,circuit,-0.02086378291087898,-0.02204538271608635,-0.01972867378050149,0.0006944496765549787
calendar_1day_seed20260922,100_1000,alt3_closed_experts,equipment,0.004479963147880572,0.003566040126705716,0.005418022666411842,0.0005735863698480688
calendar_1day_seed20260922,100_1000,alt3_closed_experts,altitude_circuit,0.01806371439980292,0.01683823362668469,0.019333390770222898,0.0007700856171707879
calendar_1day_seed20260922,100_1000,alt3_closed_experts,altitude_equipment,-0.00011939402034755187,-0.0011425613036686766,0.0008409625640864837,0.0006115777309368178
calendar_1day_seed20260922,100_1000,alt3_closed_experts,circuit_equipment,-0.0012113738103692873,-0.002189628517913328,-0.0002485299018098969,0.0005948391093471649
calendar_1day_seed20260922,100_1000,alt3_closed_experts,three_way,0.0025251245310737858,0.0014638633797626533,0.003593767965302624,0.0006411546808447506
calendar_1day_seed20260922,1000_10000,alt0_open_beginners,altitude,0.020503148045126207,0.008860778691756731,0.030239760027566568,0.006557019825591357
calendar_1day_seed20260922,1000_10000,alt0_open_beginners,circuit,0.12461529675840466,0.12059138071970313,0.12922504838756757,0.002574096741640234
calendar_1day_seed20260922,1000_10000,alt0_open_beginners,equipment,-0.016693495105728928,-0.02077620902164958,-0.012441894421583739,0.0025074330259485496
calendar_1day_seed20260922,1000_10000,alt0_open_beginners,altitude_circuit,0.047668159010264666,0.0382714753548256,0.05938765676921663,0.006535796172764585
calendar_1day_seed20260922,1000_10000,alt0_open_beginners,altitude_equipment,0.0037710243837919544,-0.007574526570987833,0.015293308420711986,0.006975576745885943
calendar_1day_seed20260922,1000_10000,alt0_open_beginners,circuit_equipment,0.0044737720595444674,0.00011101283378522339,0.008433386517500968,0.002521495712211124
calendar_1day_seed20260922,1000_10000,alt0_open_beginners,three_way,0.004486531743835398,-0.0069046072693864985,0.01572936256582989,0.007046356390095385
calendar_1day_seed20260922,1000_10000,alt0_open_experts,altitude,0.020503148045126207,0.008860778691756731,0.030239760027566568,0.006557019825591357
calendar_1day_seed20260922,1000_10000,alt0_open_experts,circuit,0.12461529675840466,0.12059138071970313,0.12922504838756757,0.002574096741640234
calendar_1day_seed20260922,1000_10000,alt0_open_experts,equipment,0.01669349510572904,0.012441894421583633,0.020776209021649582,0.0025074330259485522
calendar_1day_seed20260922,1000_10000,alt0_open_experts,altitude_circuit,0.047668159010264666,0.0382714753548256,0.05938765676921663,0.006535796172764585
calendar_1day_seed20260922,1000_10000,alt0_open_experts,altitude_equipment,-0.0037710243837920654,-0.015293308420711877,0.007574526570987827,0.006975576745885942
calendar_1day_seed20260922,1000_10000,alt0_open_experts,circuit_equipment,-0.0044737720595444674,-0.008433386517500974,-0.00011101283378522354,0.0025214957122111324
calendar_1day_seed20260922,1000_10000,alt0_open_experts,three_way,-0.004486531743835398,-0.015729362565830008,0.006904607269386386,0.007046356390095376
calendar_1day_seed20260922,1000_10000,alt0_closed_beginners,altitude,0.020503148045126207,0.008860778691756731,0.030239760027566568,0.006557019825591357
calendar_1day_seed20260922,1000_10000,alt0_closed_beginners,circuit,-0.12461529675840477,-0.12922504838756738,-0.12059138071970303,0.0025740967416402315
calendar_1day_seed20260922,1000_10000,alt0_closed_beginners,equipment,-0.016693495105728928,-0.02077620902164958,-0.012441894421583739,0.0025074330259485496
calendar_1day_seed20260922,1000_10000,alt0_closed_beginners,altitude_circuit,-0.047668159010264555,-0.05938765676921653,-0.03827147535482549,0.006535796172764579
calendar_1day_seed20260922,1000_10000,alt0_closed_beginners,altitude_equipment,0.0037710243837919544,-0.007574526570987833,0.015293308420711986,0.006975576745885943
calendar_1day_seed20260922,1000_10000,alt0_closed_beginners,circuit_equipment,-0.004473772059544356,-0.008433386517500863,-0.000111012833785329,0.0025214957122111302
calendar_1day_seed20260922,1000_10000,alt0_closed_beginners,three_way,-0.004486531743835398,-0.01572936256583012,0.006904607269386374,0.007046356390095381
calendar_1day_seed20260922,1000_10000,alt0_closed_experts,altitude,0.020503148045126207,0.008860778691756731,0.030239760027566568,0.006557019825591357
calendar_1day_seed20260922,1000_10000,alt0_closed_experts,circuit,-0.12461529675840477,-0.12922504838756738,-0.12059138071970303,0.0025740967416402315
calendar_1day_seed20260922,1000_10000,alt0_closed_experts,equipment,0.01669349510572904,0.012441894421583633,0.020776209021649582,0.0025074330259485522
calendar_1day_seed20260922,1000_10000,alt0_closed_experts,altitude_circuit,-0.047668159010264555,-0.05938765676921653,-0.03827147535482549,0.006535796172764579
calendar_1day_seed20260922,1000_10000,alt0_closed_experts,altitude_equipment,-0.0037710243837920654,-0.015293308420711877,0.007574526570987827,0.006975576745885942
calendar_1day_seed20260922,1000_10000,alt0_closed_experts,circuit_equipment,0.004473772059544356,0.00011101283378511236,0.008433386517500857,0.00252149571221113
calendar_1day_seed20260922,1000_10000,alt0_closed_experts,three_way,0.004486531743835509,-0.006904607269386704,0.01572936256582999,0.007046356390095383
calendar_1day_seed20260922,1000_10000,alt1_open_beginners,altitude,-0.009615211864902773,-0.015358893574609195,-0.00333057188026954,0.0037189837211300636
calendar_1day_seed20260922,1000_10000,alt1_open_beginners,circuit,0.12461529675840466,0.12059138071970313,0.12922504838756757,0.002574096741640234
calendar_1day_seed20260922,1000_10000,alt1_open_beginners,equipment,-0.016693495105728928,-0.02077620902164958,-0.012441894421583739,0.0025074330259485496
calendar_1day_seed20260922,1000_10000,alt1_open_beginners,altitude_circuit,0.061503024332869916,0.0551442872382346,0.06755978654016431,0.003777388034108564
calendar_1day_seed20260922,1000_10000,alt1_open_beginners,altitude_equipment,0.008762679137749196,0.0027460523404781,0.01463416882170686,0.003548048319631445
calendar_1day_seed20260922,1000_10000,alt1_open_beginners,circuit_equipment,0.0044737720595444674,0.00011101283378522339,0.008433386517500968,0.002521495712211124
calendar_1day_seed20260922,1000_10000,alt1_open_beginners,three_way,-0.006901054025220232,-0.012659025320780748,-0.0006401364790384348,0.0035132976654317126
calendar_1day_seed20260922,1000_10000,alt1_open_experts,altitude,-0.009615211864902773,-0.015358893574609195,-0.00333057188026954,0.0037189837211300636
calendar_1day_seed20260922,1000_10000,alt1_open_experts,circuit,0.12461529675840466,0.12059138071970313,0.12922504838756757,0.002574096741640234
calendar_1day_seed20260922,1000_10000,alt1_open_experts,equipment,0.01669349510572904,0.012441894421583633,0.020776209021649582,0.0025074330259485522
calendar_1day_seed20260922,1000_10000,alt1_open_experts,altitude_circuit,0.061503024332869916,0.0551442872382346,0.06755978654016431,0.003777388034108564
calendar_1day_seed20260922,1000_10000,alt1_open_experts,altitude_equipment,-0.00876267913774953,-0.01463416882170675,-0.0027460523404782226,0.003548048319631448
calendar_1day_seed20260922,1000_10000,alt1_open_experts,circuit_equipment,-0.0044737720595444674,-0.008433386517500974,-0.00011101283378522354,0.0025214957122111324
calendar_1day_seed20260922,1000_10000,alt1_open_experts,three_way,0.006901054025220343,0.0006401364790385386,0.01265902532078074,0.00351329766543172
calendar_1day_seed20260922,1000_10000,alt1_closed_beginners,altitude,-0.009615211864902773,-0.015358893574609195,-0.00333057188026954,0.0037189837211300636
calendar_1day_seed20260922,1000_10000,alt1_closed_beginners,circuit,-0.12461529675840477,-0.12922504838756738,-0.12059138071970303,0.0025740967416402315
calendar_1day_seed20260922,1000_10000,alt1_closed_beginners,equipment,-0.016693495105728928,-0.02077620902164958,-0.012441894421583739,0.0025074330259485496
calendar_1day_seed20260922,1000_10000,alt1_closed_beginners,altitude_circuit,-0.061503024332869916,-0.06755978654016442,-0.05514428723823491,0.0037773880341085736
calendar_1day_seed20260922,1000_10000,alt1_closed_beginners,altitude_equipment,0.008762679137749196,0.0027460523404781,0.01463416882170686,0.003548048319631445
calendar_1day_seed20260922,1000_10000,alt1_closed_beginners,circuit_equipment,-0.004473772059544356,-0.008433386517500863,-0.000111012833785329,0.0025214957122111302
calendar_1day_seed20260922,1000_10000,alt1_closed_beginners,three_way,0.006901054025220343,0.0006401364790384275,0.012659025320780629,0.0035132976654317144
calendar_1day_seed20260922,1000_10000,alt1_closed_experts,altitude,-0.009615211864902773,-0.015358893574609195,-0.00333057188026954,0.0037189837211300636
calendar_1day_seed20260922,1000_10000,alt1_closed_experts,circuit,-0.12461529675840477,-0.12922504838756738,-0.12059138071970303,0.0025740967416402315
calendar_1day_seed20260922,1000_10000,alt1_closed_experts,equipment,0.01669349510572904,0.012441894421583633,0.020776209021649582,0.0025074330259485522
calendar_1day_seed20260922,1000_10000,alt1_closed_experts,altitude_circuit,-0.061503024332869916,-0.06755978654016442,-0.05514428723823491,0.0037773880341085736
calendar_1day_seed20260922,1000_10000,alt1_closed_experts,altitude_equipment,-0.00876267913774953,-0.01463416882170675,-0.0027460523404782226,0.003548048319631448
calendar_1day_seed20260922,1000_10000,alt1_closed_experts,circuit_equipment,0.004473772059544356,0.00011101283378511236,0.008433386517500857,0.00252149571221113
calendar_1day_seed20260922,1000_10000,alt1_closed_experts,three_way,-0.006901054025220121,-0.012659025320780642,-0.0006401364790386513,0.0035132976654317196
calendar_1day_seed20260922,1000_10000,alt2_open_beginners,altitude,-0.019008506913656298,-0.022934734881261083,-0.014456007021542011,0.002562352452784135
calendar_1day_seed20260922,1000_10000,alt2_open_beginners,circuit,0.12461529675840466,0.12059138071970313,0.12922504838756757,0.002574096741640234
calendar_1day_seed20260922,1000_10000,alt2_open_beginners,equipment,-0.016693495105728928,-0.02077620902164958,-0.012441894421583739,0.0025074330259485496
calendar_1day_seed20260922,1000_10000,alt2_open_beginners,altitude_circuit,-0.033431725695022285,-0.03745545740406185,-0.029597353454649474,0.002494212660354856
calendar_1day_seed20260922,1000_10000,alt2_open_beginners,altitude_equipment,-0.009966446215700198,-0.014368340748540575,-0.005889973135494521,0.002626476010860442
calendar_1day_seed20260922,1000_10000,alt2_open_beginners,circuit_equipment,0.0044737720595444674,0.00011101283378522339,0.008433386517500968,0.002521495712211124
calendar_1day_seed20260922,1000_10000,alt2_open_beginners,three_way,-0.0016242677733854238,-0.005820040625979939,0.0028688145535739006,0.0026561730074464787
calendar_1day_seed20260922,1000_10000,alt2_open_experts,altitude,-0.019008506913656298,-0.022934734881261083,-0.014456007021542011,0.002562352452784135
calendar_1day_seed20260922,1000_10000,alt2_open_experts,circuit,0.12461529675840466,0.12059138071970313,0.12922504838756757,0.002574096741640234
calendar_1day_seed20260922,1000_10000,alt2_open_experts,equipment,0.01669349510572904,0.012441894421583633,0.020776209021649582,0.0025074330259485522
calendar_1day_seed20260922,1000_10000,alt2_open_experts,altitude_circuit,-0.033431725695022285,-0.03745545740406185,-0.029597353454649474,0.002494212660354856
calendar_1day_seed20260922,1000_10000,alt2_open_experts,altitude_equipment,0.009966446215700198,0.005889973135494419,0.014368340748540575,0.0026264760108604406
calendar_1day_seed20260922,1000_10000,alt2_open_experts,circuit_equipment,-0.0044737720595444674,-0.008433386517500974,-0.00011101283378522354,0.0025214957122111324
calendar_1day_seed20260922,1000_10000,alt2_open_experts,three_way,0.0016242677733854238,-0.00286881455357359,0.005820040625980255,0.00265617300744649
calendar_1day_seed20260922,1000_10000,alt2_closed_beginners,altitude,-0.019008506913656298,-0.022934734881261083,-0.014456007021542011,0.002562352452784135
calendar_1day_seed20260922,1000_10000,alt2_closed_beginners,circuit,-0.12461529675840477,-0.12922504838756738,-0.12059138071970303,0.0025740967416402315
calendar_1day_seed20260922,1000_10000,alt2_closed_beginners,equipment,-0.016693495105728928,-0.02077620902164958,-0.012441894421583739,0.0025074330259485496
calendar_1day_seed20260922,1000_10000,alt2_closed_beginners,altitude_circuit,0.033431725695022396,0.029597353454649256,0.03745545740406196,0.002494212660354857
calendar_1day_seed20260922,1000_10000,alt2_closed_beginners,altitude_equipment,-0.009966446215700198,-0.014368340748540575,-0.005889973135494521,0.002626476010860442
calendar_1day_seed20260922,1000_10000,alt2_closed_beginners,circuit_equipment,-0.004473772059544356,-0.008433386517500863,-0.000111012833785329,0.0025214957122111302
calendar_1day_seed20260922,1000_10000,alt2_closed_beginners,three_way,0.0016242677733853128,-0.002868814553573579,0.005820040625980149,0.002656173007446485
calendar_1day_seed20260922,1000_10000,alt2_closed_experts,altitude,-0.019008506913656298,-0.022934734881261083,-0.014456007021542011,0.002562352452784135
calendar_1day_seed20260922,1000_10000,alt2_closed_experts,circuit,-0.12461529675840477,-0.12922504838756738,-0.12059138071970303,0.0025740967416402315
calendar_1day_seed20260922,1000_10000,alt2_closed_experts,equipment,0.01669349510572904,0.012441894421583633,0.020776209021649582,0.0025074330259485522
calendar_1day_seed20260922,1000_10000,alt2_closed_experts,altitude_circuit,0.033431725695022396,0.029597353454649256,0.03745545740406196,0.002494212660354857
calendar_1day_seed20260922,1000_10000,alt2_closed_experts,altitude_equipment,0.009966446215700198,0.005889973135494419,0.014368340748540575,0.0026264760108604406
calendar_1day_seed20260922,1000_10000,alt2_closed_experts,circuit_equipment,0.004473772059544356,0.00011101283378511236,0.008433386517500857,0.00252149571221113
calendar_1day_seed20260922,1000_10000,alt2_closed_experts,three_way,-0.0016242677733854238,-0.005820040625980139,0.0028688145535737952,0.002656173007446481
calendar_1day_seed20260922,1000_10000,alt3_open_beginners,altitude,0.008120570733432864,0.003833074772542682,0.012897862329751807,0.002711627770539105
calendar_1day_seed20260922,1000_10000,alt3_open_beginners,circuit,0.12461529675840466,0.12059138071970313,0.12922504838756757,0.002574096741640234
calendar_1day_seed20260922,1000_10000,alt3_open_beginners,equipment,-0.016693495105728928,-0.02077620902164958,-0.012441894421583739,0.0025074330259485496
calendar_1day_seed20260922,1000_10000,alt3_open_beginners,altitude_circuit,-0.07573945764811207,-0.08050750377325117,-0.0711785550624527,0.0027897270614552707
calendar_1day_seed20260922,1000_10000,alt3_open_beginners,altitude_equipment,-0.002567257305841064,-0.007044619605811853,0.0016861182869436653,0.0025996342446038
calendar_1day_seed20260922,1000_10000,alt3_open_beginners,circuit_equipment,0.0044737720595444674,0.00011101283378522339,0.008433386517500968,0.002521495712211124
calendar_1day_seed20260922,1000_10000,alt3_open_beginners,three_way,0.004038790054770036,-0.00034186928943291136,0.008462390059718222,0.002642432144672455
calendar_1day_seed20260922,1000_10000,alt3_open_experts,altitude,0.008120570733432864,0.003833074772542682,0.012897862329751807,0.002711627770539105
calendar_1day_seed20260922,1000_10000,alt3_open_experts,circuit,0.12461529675840466,0.12059138071970313,0.12922504838756757,0.002574096741640234
calendar_1day_seed20260922,1000_10000,alt3_open_experts,equipment,0.01669349510572904,0.012441894421583633,0.020776209021649582,0.0025074330259485522
calendar_1day_seed20260922,1000_10000,alt3_open_experts,altitude_circuit,-0.07573945764811207,-0.08050750377325117,-0.0711785550624527,0.0027897270614552707
calendar_1day_seed20260922,1000_10000,alt3_open_experts,altitude_equipment,0.002567257305841175,-0.001686118286943661,0.00704461960581164,0.0025996342446037973
calendar_1day_seed20260922,1000_10000,alt3_open_experts,circuit_equipment,-0.0044737720595444674,-0.008433386517500974,-0.00011101283378522354,0.0025214957122111324
calendar_1day_seed20260922,1000_10000,alt3_open_experts,three_way,-0.004038790054770147,-0.008462390059718532,0.0003418692894332213,0.0026424321446724586
calendar_1day_seed20260922,1000_10000,alt3_closed_beginners,altitude,0.008120570733432864,0.003833074772542682,0.012897862329751807,0.002711627770539105
calendar_1day_seed20260922,1000_10000,alt3_closed_beginners,circuit,-0.12461529675840477,-0.12922504838756738,-0.12059138071970303,0.0025740967416402315
calendar_1day_seed20260922,1000_10000,alt3_closed_beginners,equipment,-0.016693495105728928,-0.02077620902164958,-0.012441894421583739,0.0025074330259485496
calendar_1day_seed20260922,1000_10000,alt3_closed_beginners,altitude_circuit,0.07573945764811219,0.0711785550624526,0.08050750377325117,0.00278972706145527
calendar_1day_seed20260922,1000_10000,alt3_closed_beginners,altitude_equipment,-0.002567257305841064,-0.007044619605811853,0.0016861182869436653,0.0025996342446038
calendar_1day_seed20260922,1000_10000,alt3_closed_beginners,circuit_equipment,-0.004473772059544356,-0.008433386517500863,-0.000111012833785329,0.0025214957122111302
calendar_1day_seed20260922,1000_10000,alt3_closed_beginners,three_way,-0.004038790054770258,-0.008462390059718428,0.00034186928943300476,0.0026424321446724564
calendar_1day_seed20260922,1000_10000,alt3_closed_experts,altitude,0.008120570733432864,0.003833074772542682,0.012897862329751807,0.002711627770539105
calendar_1day_seed20260922,1000_10000,alt3_closed_experts,circuit,-0.12461529675840477,-0.12922504838756738,-0.12059138071970303,0.0025740967416402315
calendar_1day_seed20260922,1000_10000,alt3_closed_experts,equipment,0.01669349510572904,0.012441894421583633,0.020776209021649582,0.0025074330259485522
calendar_1day_seed20260922,1000_10000,alt3_closed_experts,altitude_circuit,0.07573945764811219,0.0711785550624526,0.08050750377325117,0.00278972706145527
calendar_1day_seed20260922,1000_10000,alt3_closed_experts,altitude_equipment,0.002567257305841175,-0.001686118286943661,0.00704461960581164,0.0025996342446037973
calendar_1day_seed20260922,1000_10000,alt3_closed_experts,circuit_equipment,0.004473772059544356,0.00011101283378511236,0.008433386517500857,0.00252149571221113
calendar_1day_seed20260922,1000_10000,alt3_closed_experts,three_way,0.004038790054770147,-0.0003418692894330002,0.008462390059718322,0.002642432144672463
calendar_3day_seed20260921,10_10000,alt0_open_beginners,altitude,0.007525380771875367,0.0034299794560218974,0.010910709727483108,0.0022292056352015617
calendar_3day_seed20260921,10_10000,alt0_open_beginners,circuit,0.041173627113205935,0.03969681023832402,0.04275953919194769,0.0009437460811221478
calendar_3day_seed20260921,10_10000,alt0_open_beginners,equipment,-0.007723140782947335,-0.009055268207537642,-0.0064939264961695895,0.0007827584229292196
calendar_3day_seed20260921,10_10000,alt0_open_beginners,altitude_circuit,0.02382110231277812,0.020477041590157626,0.027803991562210546,0.0022376543360750263
calendar_3day_seed20260921,10_10000,alt0_open_beginners,altitude_equipment,0.001442169762407297,-0.0021635006238981407,0.005040705683037959,0.0022385455325199277
calendar_3day_seed20260921,10_10000,alt0_open_beginners,circuit_equipment,5.61638926692698e-05,-0.0012244511508183787,0.0013508890962023784,0.0007926496994951905
calendar_3day_seed20260921,10_10000,alt0_open_beginners,three_way,0.0014002408713247316,-0.002303844916020404,0.005014804881371708,0.002263375468118396
calendar_3day_seed20260921,10_10000,alt0_open_experts,altitude,0.007525380771875367,0.0034299794560218974,0.010910709727483108,0.0022292056352015617
calendar_3day_seed20260921,10_10000,alt0_open_experts,circuit,0.041173627113205935,0.03969681023832402,0.04275953919194769,0.0009437460811221478
calendar_3day_seed20260921,10_10000,alt0_open_experts,equipment,0.007723140782947446,0.006493926496169367,0.009055268207537747,0.0007827584229292149
calendar_3day_seed20260921,10_10000,alt0_open_experts,altitude_circuit,0.02382110231277812,0.020477041590157626,0.027803991562210546,0.0022376543360750263
calendar_3day_seed20260921,10_10000,alt0_open_experts,altitude_equipment,-0.0014421697624074081,-0.0050407056830380605,0.002163500623898133,0.002238545532519929
calendar_3day_seed20260921,10_10000,alt0_open_experts,circuit_equipment,-5.6163892669491844e-05,-0.0013508890962022737,0.0012244511508184839,0.0007926496994951828
calendar_3day_seed20260921,10_10000,alt0_open_experts,three_way,-0.0014002408713246206,-0.00501480488137161,0.0023038449160206064,0.0022633754681184036
calendar_3day_seed20260921,10_10000,alt0_closed_beginners,altitude,0.007525380771875367,0.0034299794560218974,0.010910709727483108,0.0022292056352015617
calendar_3day_seed20260921,10_10000,alt0_closed_beginners,circuit,-0.041173627113205824,-0.042759539191947686,-0.039696810238323804,0.0009437460811221533
calendar_3day_seed20260921,10_10000,alt0_closed_beginners,equipment,-0.007723140782947335,-0.009055268207537642,-0.0064939264961695895,0.0007827584229292196
calendar_3day_seed20260921,10_10000,alt0_closed_beginners,altitude_circuit,-0.02382110231277823,-0.02780399156221054,-0.02047704159015783,0.0022376543360750137
calendar_3day_seed20260921,10_10000,alt0_closed_beginners,altitude_equipment,0.001442169762407297,-0.0021635006238981407,0.005040705683037959,0.0022385455325199277
calendar_3day_seed20260921,10_10000,alt0_closed_beginners,circuit_equipment,-5.6163892669602866e-05,-0.0013508890962021626,0.0012244511508184895,0.0007926496994951846
calendar_3day_seed20260921,10_10000,alt0_closed_beginners,three_way,-0.0014002408713245096,-0.005014804881371821,0.0023038449160206064,0.0022633754681183984
calendar_3day_seed20260921,10_10000,alt0_closed_experts,altitude,0.007525380771875367,0.0034299794560218974,0.010910709727483108,0.0022292056352015617
calendar_3day_seed20260921,10_10000,alt0_closed_experts,circuit,-0.041173627113205824,-0.042759539191947686,-0.039696810238323804,0.0009437460811221533
calendar_3day_seed20260921,10_10000,alt0_closed_experts,equipment,0.007723140782947446,0.006493926496169367,0.009055268207537747,0.0007827584229292149
calendar_3day_seed20260921,10_10000,alt0_closed_experts,altitude_circuit,-0.02382110231277823,-0.02780399156221054,-0.02047704159015783,0.0022376543360750137
calendar_3day_seed20260921,10_10000,alt0_closed_experts,altitude_equipment,-0.0014421697624074081,-0.0050407056830380605,0.002163500623898133,0.002238545532519929
calendar_3day_seed20260921,10_10000,alt0_closed_experts,circuit_equipment,5.6163892669491844e-05,-0.0012244511508182844,0.001350889096202273,0.0007926496994951881
calendar_3day_seed20260921,10_10000,alt0_closed_experts,three_way,0.0014002408713245096,-0.002303844916020404,0.00501480488137183,0.002263375468118397
calendar_3day_seed20260921,10_10000,alt1_open_beginners,altitude,-0.000449754409719505,-0.0024477639830747244,0.0016769553260083277,0.001227698409068843
calendar_3day_seed20260921,10_10000,alt1_open_beginners,circuit,0.041173627113205935,0.03969681023832402,0.04275953919194769,0.0009437460811221478
calendar_3day_seed20260921,10_10000,alt1_open_beginners,equipment,-0.007723140782947335,-0.009055268207537642,-0.0064939264961695895,0.0007827584229292196
calendar_3day_seed20260921,10_10000,alt1_open_beginners,altitude_circuit,0.022491461446518368,0.020448437673364444,0.02431006287753632,0.0011980015711166052
calendar_3day_seed20260921,10_10000,alt1_open_beginners,altitude_equipment,0.0028559578983241574,0.0006945012463423439,0.004792997773084161,0.0012444948409403354
calendar_3day_seed20260921,10_10000,alt1_open_beginners,circuit_equipment,5.61638926692698e-05,-0.0012244511508183787,0.0013508890962023784,0.0007926496994951905
calendar_3day_seed20260921,10_10000,alt1_open_beginners,three_way,-0.004196452258376615,-0.006144794415913757,-0.002109843503906301,0.0012379639569612285
calendar_3day_seed20260921,10_10000,alt1_open_experts,altitude,-0.000449754409719505,-0.0024477639830747244,0.0016769553260083277,0.001227698409068843
calendar_3day_seed20260921,10_10000,alt1_open_experts,circuit,0.041173627113205935,0.03969681023832402,0.04275953919194769,0.0009437460811221478
calendar_3day_seed20260921,10_10000,alt1_open_experts,equipment,0.007723140782947446,0.006493926496169367,0.009055268207537747,0.0007827584229292149
calendar_3day_seed20260921,10_10000,alt1_open_experts,altitude_circuit,0.022491461446518368,0.020448437673364444,0.02431006287753632,0.0011980015711166052
calendar_3day_seed20260921,10_10000,alt1_open_experts,altitude_equipment,-0.0028559578983242684,-0.004792997773083857,-0.0006945012463424661,0.0012444948409403341
calendar_3day_seed20260921,10_10000,alt1_open_experts,circuit_equipment,-5.6163892669491844e-05,-0.0013508890962022737,0.0012244511508184839,0.0007926496994951828
calendar_3day_seed20260921,10_10000,alt1_open_experts,three_way,0.004196452258376948,0.0021098435039058837,0.006144794415913878,0.001237963956961227
calendar_3day_seed20260921,10_10000,alt1_closed_beginners,altitude,-0.000449754409719505,-0.0024477639830747244,0.0016769553260083277,0.001227698409068843
calendar_3day_seed20260921,10_10000,alt1_closed_beginners,circuit,-0.041173627113205824,-0.042759539191947686,-0.039696810238323804,0.0009437460811221533
calendar_3day_seed20260921,10_10000,alt1_closed_beginners,equipment,-0.007723140782947335,-0.009055268207537642,-0.0064939264961695895,0.0007827584229292196
calendar_3day_seed20260921,10_10000,alt1_closed_beginners,altitude_circuit,-0.02249146144651848,-0.02431006287753632,-0.020448437673364343,0.0011980015711166117
calendar_3day_seed20260921,10_10000,alt1_closed_beginners,altitude_equipment,0.0028559578983241574,0.0006945012463423439,0.004792997773084161,0.0012444948409403354
calendar_3day_seed20260921,10_10000,alt1_closed_beginners,circuit_equipment,-5.6163892669602866e-05,-0.0013508890962021626,0.0012244511508184895,0.0007926496994951846
calendar_3day_seed20260921,10_10000,alt1_closed_beginners,three_way,0.004196452258377059,0.0021098435039058725,0.006144794415913656,0.001237963956961228
calendar_3day_seed20260921,10_10000,alt1_closed_experts,altitude,-0.000449754409719505,-0.0024477639830747244,0.0016769553260083277,0.001227698409068843
calendar_3day_seed20260921,10_10000,alt1_closed_experts,circuit,-0.041173627113205824,-0.042759539191947686,-0.039696810238323804,0.0009437460811221533
calendar_3day_seed20260921,10_10000,alt1_closed_experts,equipment,0.007723140782947446,0.006493926496169367,0.009055268207537747,0.0007827584229292149
calendar_3day_seed20260921,10_10000,alt1_closed_experts,altitude_circuit,-0.02249146144651848,-0.02431006287753632,-0.020448437673364343,0.0011980015711166117
calendar_3day_seed20260921,10_10000,alt1_closed_experts,altitude_equipment,-0.0028559578983242684,-0.004792997773083857,-0.0006945012463424661,0.0012444948409403341
calendar_3day_seed20260921,10_10000,alt1_closed_experts,circuit_equipment,5.6163892669491844e-05,-0.0012244511508182844,0.001350889096202273,0.0007926496994951881
calendar_3day_seed20260921,10_10000,alt1_closed_experts,three_way,-0.004196452258376837,-0.006144794415913641,-0.002109843503906201,0.0012379639569612365
calendar_3day_seed20260921,10_10000,alt2_open_beginners,altitude,-0.00731528798753367,-0.008735146685742707,-0.005690993784210602,0.0009039998720820588
calendar_3day_seed20260921,10_10000,alt2_open_beginners,circuit,0.041173627113205935,0.03969681023832402,0.04275953919194769,0.0009437460811221478
calendar_3day_seed20260921,10_10000,alt2_open_beginners,equipment,-0.007723140782947335,-0.009055268207537642,-0.0064939264961695895,0.0007827584229292196
calendar_3day_seed20260921,10_10000,alt2_open_beginners,altitude_circuit,-0.016943197250350983,-0.0184715260779511,-0.015510429419941501,0.000889118600277181
calendar_3day_seed20260921,10_10000,alt2_open_beginners,altitude_equipment,-0.0036815053293143274,-0.005068896047869371,-0.002214174209310971,0.000858156150655306
calendar_3day_seed20260921,10_10000,alt2_open_beginners,circuit_equipment,5.61638926692698e-05,-0.0012244511508183787,0.0013508890962023784,0.0007926496994951905
calendar_3day_seed20260921,10_10000,alt2_open_beginners,three_way,1.4052276695708521e-05,-0.0013740635702731154,0.0013609088229535938,0.0008481505991507888
calendar_3day_seed20260921,10_10000,alt2_open_experts,altitude,-0.00731528798753367,-0.008735146685742707,-0.005690993784210602,0.0009039998720820588
calendar_3day_seed20260921,10_10000,alt2_open_experts,circuit,0.041173627113205935,0.03969681023832402,0.04275953919194769,0.0009437460811221478
calendar_3day_seed20260921,10_10000,alt2_open_experts,equipment,0.007723140782947446,0.006493926496169367,0.009055268207537747,0.0007827584229292149
calendar_3day_seed20260921,10_10000,alt2_open_experts,altitude_circuit,-0.016943197250350983,-0.0184715260779511,-0.015510429419941501,0.000889118600277181
calendar_3day_seed20260921,10_10000,alt2_open_experts,altitude_equipment,0.0036815053293142164,0.0022141742093111927,0.005068896047869475,0.0008581561506553043
calendar_3day_seed20260921,10_10000,alt2_open_experts,circuit_equipment,-5.6163892669491844e-05,-0.0013508890962022737,0.0012244511508184839,0.0007926496994951828
calendar_3day_seed20260921,10_10000,alt2_open_experts,three_way,-1.4052276695486476e-05,-0.0013609088229535992,0.0013740635702729925,0.0008481505991507799
calendar_3day_seed20260921,10_10000,alt2_closed_beginners,altitude,-0.00731528798753367,-0.008735146685742707,-0.005690993784210602,0.0009039998720820588
calendar_3day_seed20260921,10_10000,alt2_closed_beginners,circuit,-0.041173627113205824,-0.042759539191947686,-0.039696810238323804,0.0009437460811221533
calendar_3day_seed20260921,10_10000,alt2_closed_beginners,equipment,-0.007723140782947335,-0.009055268207537642,-0.0064939264961695895,0.0007827584229292196
calendar_3day_seed20260921,10_10000,alt2_closed_beginners,altitude_circuit,0.016943197250350872,0.01551042941994149,0.018471526077951095,0.0008891186002771824
calendar_3day_seed20260921,10_10000,alt2_closed_beginners,altitude_equipment,-0.0036815053293143274,-0.005068896047869371,-0.002214174209310971,0.000858156150655306
calendar_3day_seed20260921,10_10000,alt2_closed_beginners,circuit_equipment,-5.6163892669602866e-05,-0.0013508890962021626,0.0012244511508184895,0.0007926496994951846
calendar_3day_seed20260921,10_10000,alt2_closed_beginners,three_way,-1.4052276695375454e-05,-0.0013609088229533882,0.0013740635702729814,0.0008481505991507838
calendar_3day_seed20260921,10_10000,alt2_closed_experts,altitude,-0.00731528798753367,-0.008735146685742707,-0.005690993784210602,0.0009039998720820588
calendar_3day_seed20260921,10_10000,alt2_closed_experts,circuit,-0.041173627113205824,-0.042759539191947686,-0.039696810238323804,0.0009437460811221533
calendar_3day_seed20260921,10_10000,alt2_closed_experts,equipment,0.007723140782947446,0.006493926496169367,0.009055268207537747,0.0007827584229292149
calendar_3day_seed20260921,10_10000,alt2_closed_experts,altitude_circuit,0.016943197250350872,0.01551042941994149,0.018471526077951095,0.0008891186002771824
calendar_3day_seed20260921,10_10000,alt2_closed_experts,altitude_equipment,0.0036815053293142164,0.0022141742093111927,0.005068896047869475,0.0008581561506553043
calendar_3day_seed20260921,10_10000,alt2_closed_experts,circuit_equipment,5.6163892669491844e-05,-0.0012244511508182844,0.001350889096202273,0.0007926496994951881
calendar_3day_seed20260921,10_10000,alt2_closed_experts,three_way,1.4052276695486476e-05,-0.0013740635702728988,0.0013609088229536936,0.0008481505991507828
calendar_3day_seed20260921,10_10000,alt3_open_beginners,altitude,0.00023966162537791824,-0.001354475333515226,0.0021046723963905997,0.0010429820119775537
calendar_3day_seed20260921,10_10000,alt3_open_beginners,circuit,0.041173627113205935,0.03969681023832402,0.04275953919194769,0.0009437460811221478
calendar_3day_seed20260921,10_10000,alt3_open_beginners,equipment,-0.007723140782947335,-0.009055268207537642,-0.0064939264961695895,0.0007827584229292196
calendar_3day_seed20260921,10_10000,alt3_open_beginners,altitude_circuit,-0.029369366508945838,-0.031271232516575286,-0.027665729869424446,0.0010778653149819291
calendar_3day_seed20260921,10_10000,alt3_open_beginners,altitude_equipment,-0.0006166223314174601,-0.001985374344441565,0.0007777765188309582,0.0008436447850082618
calendar_3day_seed20260921,10_10000,alt3_open_beginners,circuit_equipment,5.61638926692698e-05,-0.0012244511508183787,0.0013508890962023784,0.0007926496994951905
calendar_3day_seed20260921,10_10000,alt3_open_beginners,three_way,0.002782159110356952,0.0013936109614201774,0.00406284246280364,0.0008217065570099317
calendar_3day_seed20260921,10_10000,alt3_open_experts,altitude,0.00023966162537791824,-0.001354475333515226,0.0021046723963905997,0.0010429820119775537
calendar_3day_seed20260921,10_10000,alt3_open_experts,circuit,0.041173627113205935,0.03969681023832402,0.04275953919194769,0.0009437460811221478
calendar_3day_seed20260921,10_10000,alt3_open_experts,equipment,0.007723140782947446,0.006493926496169367,0.009055268207537747,0.0007827584229292149
calendar_3day_seed20260921,10_10000,alt3_open_experts,altitude_circuit,-0.029369366508945838,-0.031271232516575286,-0.027665729869424446,0.0010778653149819291
calendar_3day_seed20260921,10_10000,alt3_open_experts,altitude_equipment,0.0006166223314174601,-0.0007777765188309527,0.0019853743444416755,0.0008436447850082571
calendar_3day_seed20260921,10_10000,alt3_open_experts,circuit_equipment,-5.6163892669491844e-05,-0.0013508890962022737,0.0012244511508184839,0.0007926496994951828
calendar_3day_seed20260921,10_10000,alt3_open_experts,three_way,-0.00278215911035673,-0.0040628424628039615,-0.0013936109614201776,0.0008217065570099216
calendar_3day_seed20260921,10_10000,alt3_closed_beginners,altitude,0.00023966162537791824,-0.001354475333515226,0.0021046723963905997,0.0010429820119775537
calendar_3day_seed20260921,10_10000,alt3_closed_beginners,circuit,-0.041173627113205824,-0.042759539191947686,-0.039696810238323804,0.0009437460811221533
calendar_3day_seed20260921,10_10000,alt3_closed_beginners,equipment,-0.007723140782947335,-0.009055268207537642,-0.0064939264961695895,0.0007827584229292196
calendar_3day_seed20260921,10_10000,alt3_closed_beginners,altitude_circuit,0.029369366508945727,0.02766572986942444,0.03127123251657539,0.00107786531498193
calendar_3day_seed20260921,10_10000,alt3_closed_beginners,altitude_equipment,-0.0006166223314174601,-0.001985374344441565,0.0007777765188309582,0.0008436447850082618
calendar_3day_seed20260921,10_10000,alt3_closed_beginners,circuit_equipment,-5.6163892669602866e-05,-0.0013508890962021626,0.0012244511508184895,0.0007926496994951846
calendar_3day_seed20260921,10_10000,alt3_closed_beginners,three_way,-0.002782159110356619,-0.0040628424628039676,-0.0013936109614200777,0.0008217065570099246
calendar_3day_seed20260921,10_10000,alt3_closed_experts,altitude,0.00023966162537791824,-0.001354475333515226,0.0021046723963905997,0.0010429820119775537
calendar_3day_seed20260921,10_10000,alt3_closed_experts,circuit,-0.041173627113205824,-0.042759539191947686,-0.039696810238323804,0.0009437460811221533
calendar_3day_seed20260921,10_10000,alt3_closed_experts,equipment,0.007723140782947446,0.006493926496169367,0.009055268207537747,0.0007827584229292149
calendar_3day_seed20260921,10_10000,alt3_closed_experts,altitude_circuit,0.029369366508945727,0.02766572986942444,0.03127123251657539,0.00107786531498193
calendar_3day_seed20260921,10_10000,alt3_closed_experts,altitude_equipment,0.0006166223314174601,-0.0007777765188309527,0.0019853743444416755,0.0008436447850082571
calendar_3day_seed20260921,10_10000,alt3_closed_experts,circuit_equipment,5.6163892669491844e-05,-0.0012244511508182844,0.001350889096202273,0.0007926496994951881
calendar_3day_seed20260921,10_10000,alt3_closed_experts,three_way,0.002782159110356619,0.001393610961420183,0.004062842462803423,0.0008217065570099262
calendar_3day_seed20260921,10_100,alt0_open_beginners,altitude,-0.006108120071014689,-0.008621626931044213,-0.003899982674445968,0.001429412637099942
calendar_3day_seed20260921,10_100,alt0_open_beginners,circuit,0.005901530327626636,0.004963379870648965,0.006825634309569023,0.0005725445201754107
calendar_3day_seed20260921,10_100,alt0_open_beginners,equipment,-0.0068656341311142954,-0.007642434711178281,-0.006084611306148941,0.0004762076168866553
calendar_3day_seed20260921,10_100,alt0_open_beginners,altitude_circuit,0.008767351696345571,0.006442302592767929,0.011289138716379458,0.001473265359826713
calendar_3day_seed20260921,10_100,alt0_open_beginners,altitude_equipment,0.0002614803523328657,-0.0018958246411524716,0.0025215186513376777,0.0013456939662547995
calendar_3day_seed20260921,10_100,alt0_open_beginners,circuit_equipment,-0.0008326517849240878,-0.001562568972609796,-3.9514783169553163e-05,0.00046761880135979893
calendar_3day_seed20260921,10_100,alt0_open_beginners,three_way,-0.0010125869280196431,-0.0032770258898394966,0.0011016673591257241,0.0013494599758956092
calendar_3day_seed20260921,10_100,alt0_open_experts,altitude,-0.006108120071014689,-0.008621626931044213,-0.003899982674445968,0.001429412637099942
calendar_3day_seed20260921,10_100,alt0_open_experts,circuit,0.005901530327626636,0.004963379870648965,0.006825634309569023,0.0005725445201754107
calendar_3day_seed20260921,10_100,alt0_open_experts,equipment,0.0068656341311145175,0.006084611306148835,0.007642434711178076,0.0004762076168866529
calendar_3day_seed20260921,10_100,alt0_open_experts,altitude_circuit,0.008767351696345571,0.006442302592767929,0.011289138716379458,0.001473265359826713
calendar_3day_seed20260921,10_100,alt0_open_experts,altitude_equipment,-0.00026148035233308775,-0.002521518651337773,0.0018958246411522493,0.0013456939662548054
calendar_3day_seed20260921,10_100,alt0_open_experts,circuit_equipment,0.0008326517849238657,3.9514783169758396e-05,0.0015625689726096066,0.00046761880135979725
calendar_3day_seed20260921,10_100,alt0_open_experts,three_way,0.0010125869280198652,-0.0011016673591257187,0.003277025889839402,0.0013494599758956157
calendar_3day_seed20260921,10_100,alt0_closed_beginners,altitude,-0.006108120071014689,-0.008621626931044213,-0.003899982674445968,0.001429412637099942
calendar_3day_seed20260921,10_100,alt0_closed_beginners,circuit,-0.005901530327626525,-0.006825634309568907,-0.004963379870648971,0.0005725445201754017
calendar_3day_seed20260921,10_100,alt0_closed_beginners,equipment,-0.0068656341311142954,-0.007642434711178281,-0.006084611306148941,0.0004762076168866553
calendar_3day_seed20260921,10_100,alt0_closed_beginners,altitude_circuit,-0.008767351696345682,-0.011289138716379371,-0.0064423025927679185,0.001473265359826723
calendar_3day_seed20260921,10_100,alt0_closed_beginners,altitude_equipment,0.0002614803523328657,-0.0018958246411524716,0.0025215186513376777,0.0013456939662547995
calendar_3day_seed20260921,10_100,alt0_closed_beginners,circuit_equipment,0.0008326517849237547,3.9514783169641824e-05,0.001562568972609923,0.0004676188013598029
calendar_3day_seed20260921,10_100,alt0_closed_beginners,three_way,0.0010125869280199762,-0.0011016673591257298,0.003277025889839824,0.0013494599758956081
calendar_3day_seed20260921,10_100,alt0_closed_experts,altitude,-0.006108120071014689,-0.008621626931044213,-0.003899982674445968,0.001429412637099942
calendar_3day_seed20260921,10_100,alt0_closed_experts,circuit,-0.005901530327626525,-0.006825634309568907,-0.004963379870648971,0.0005725445201754017
calendar_3day_seed20260921,10_100,alt0_closed_experts,equipment,0.0068656341311145175,0.006084611306148835,0.007642434711178076,0.0004762076168866529
calendar_3day_seed20260921,10_100,alt0_closed_experts,altitude_circuit,-0.008767351696345682,-0.011289138716379371,-0.0064423025927679185,0.001473265359826723
calendar_3day_seed20260921,10_100,alt0_closed_experts,altitude_equipment,-0.00026148035233308775,-0.002521518651337773,0.0018958246411522493,0.0013456939662548054
calendar_3day_seed20260921,10_100,alt0_closed_experts,circuit_equipment,-0.0008326517849241988,-0.0015625689726099013,-3.951478316965863e-05,0.00046761880135980154
calendar_3day_seed20260921,10_100,alt0_closed_experts,three_way,-0.001012586928019532,-0.003277025889839813,0.0011016673591257241,0.0013494599758956064
calendar_3day_seed20260921,10_100,alt1_open_beginners,altitude,-0.0036344473104443775,-0.004893308913229227,-0.0023773880708630626,0.0007457517151950265
calendar_3day_seed20260921,10_100,alt1_open_beginners,circuit,0.005901530327626636,0.004963379870648965,0.006825634309569023,0.0005725445201754107
calendar_3day_seed20260921,10_100,alt1_open_beginners,equipment,-0.0068656341311142954,-0.007642434711178281,-0.006084611306148941,0.0004762076168866553
calendar_3day_seed20260921,10_100,alt1_open_beginners,altitude_circuit,0.005827129943553944,0.004671263295385797,0.006953902038714609,0.0007063792024164748
calendar_3day_seed20260921,10_100,alt1_open_beginners,altitude_equipment,0.0005755790146646511,-0.0006022179744627154,0.001749016113328605,0.0007033349545493942
calendar_3day_seed20260921,10_100,alt1_open_beginners,circuit_equipment,-0.0008326517849240878,-0.001562568972609796,-3.9514783169553163e-05,0.00046761880135979893
calendar_3day_seed20260921,10_100,alt1_open_beginners,three_way,-0.0024168937635978827,-0.003603704954044751,-0.001180248838919945,0.0007227117940843928
calendar_3day_seed20260921,10_100,alt1_open_experts,altitude,-0.0036344473104443775,-0.004893308913229227,-0.0023773880708630626,0.0007457517151950265
calendar_3day_seed20260921,10_100,alt1_open_experts,circuit,0.005901530327626636,0.004963379870648965,0.006825634309569023,0.0005725445201754107
calendar_3day_seed20260921,10_100,alt1_open_experts,equipment,0.0068656341311145175,0.006084611306148835,0.007642434711178076,0.0004762076168866529
calendar_3day_seed20260921,10_100,alt1_open_experts,altitude_circuit,0.005827129943553944,0.004671263295385797,0.006953902038714609,0.0007063792024164748
calendar_3day_seed20260921,10_100,alt1_open_experts,altitude_equipment,-0.0005755790146646511,-0.0017490161133288163,0.0006022179744630373,0.0007033349545493875
calendar_3day_seed20260921,10_100,alt1_open_experts,circuit_equipment,0.0008326517849238657,3.9514783169758396e-05,0.0015625689726096066,0.00046761880135979725
calendar_3day_seed20260921,10_100,alt1_open_experts,three_way,0.0024168937635979937,0.001180248838919723,0.0036037049540443285,0.0007227117940843875
calendar_3day_seed20260921,10_100,alt1_closed_beginners,altitude,-0.0036344473104443775,-0.004893308913229227,-0.0023773880708630626,0.0007457517151950265
calendar_3day_seed20260921,10_100,alt1_closed_beginners,circuit,-0.005901530327626525,-0.006825634309568907,-0.004963379870648971,0.0005725445201754017
calendar_3day_seed20260921,10_100,alt1_closed_beginners,equipment,-0.0068656341311142954,-0.007642434711178281,-0.006084611306148941,0.0004762076168866553
calendar_3day_seed20260921,10_100,alt1_closed_beginners,altitude_circuit,-0.005827129943553833,-0.00695390203871461,-0.0046712632953857915,0.0007063792024164706
calendar_3day_seed20260921,10_100,alt1_closed_beginners,altitude_equipment,0.0005755790146646511,-0.0006022179744627154,0.001749016113328605,0.0007033349545493942
calendar_3day_seed20260921,10_100,alt1_closed_beginners,circuit_equipment,0.0008326517849237547,3.9514783169641824e-05,0.001562568972609923,0.0004676188013598029
calendar_3day_seed20260921,10_100,alt1_closed_beginners,three_way,0.0024168937635979937,0.0011802488389195177,0.0036037049540446615,0.0007227117940843956
calendar_3day_seed20260921,10_100,alt1_closed_experts,altitude,-0.0036344473104443775,-0.004893308913229227,-0.0023773880708630626,0.0007457517151950265
calendar_3day_seed20260921,10_100,alt1_closed_experts,circuit,-0.005901530327626525,-0.006825634309568907,-0.004963379870648971,0.0005725445201754017
calendar_3day_seed20260921,10_100,alt1_closed_experts,equipment,0.0068656341311145175,0.006084611306148835,0.007642434711178076,0.0004762076168866529
calendar_3day_seed20260921,10_100,alt1_closed_experts,altitude_circuit,-0.005827129943553833,-0.00695390203871461,-0.0046712632953857915,0.0007063792024164706
calendar_3day_seed20260921,10_100,alt1_closed_experts,altitude_equipment,-0.0005755790146646511,-0.0017490161133288163,0.0006022179744630373,0.0007033349545493875
calendar_3day_seed20260921,10_100,alt1_closed_experts,circuit_equipment,-0.0008326517849241988,-0.0015625689726099013,-3.951478316965863e-05,0.00046761880135980154
calendar_3day_seed20260921,10_100,alt1_closed_experts,three_way,-0.0024168937635978827,-0.0036037049540448506,-0.0011802488389196287,0.0007227117940843954
calendar_3day_seed20260921,10_100,alt2_open_beginners,altitude,0.00230266786275779,0.0014001815171962304,0.0032357349226216246,0.0005526100283943681
calendar_3day_seed20260921,10_100,alt2_open_beginners,circuit,0.005901530327626636,0.004963379870648965,0.006825634309569023,0.0005725445201754107
calendar_3day_seed20260921,10_100,alt2_open_beginners,equipment,-0.0068656341311142954,-0.007642434711178281,-0.006084611306148941,0.0004762076168866553
calendar_3day_seed20260921,10_100,alt2_open_beginners,altitude_circuit,-0.006751410398615043,-0.007738188463993839,-0.00579214101924852,0.0005915567100789309
calendar_3day_seed20260921,10_100,alt2_open_beginners,altitude_equipment,-0.0008398737473496176,-0.0016249532198944927,1.6481906677845216e-05,0.0005035447036557288
calendar_3day_seed20260921,10_100,alt2_open_beginners,circuit_equipment,-0.0008326517849240878,-0.001562568972609796,-3.9514783169553163e-05,0.00046761880135979893
calendar_3day_seed20260921,10_100,alt2_open_beginners,three_way,0.0012687366162951186,0.00046193574444852156,0.0020145734102539944,0.0004769950547054663
calendar_3day_seed20260921,10_100,alt2_open_experts,altitude,0.00230266786275779,0.0014001815171962304,0.0032357349226216246,0.0005526100283943681
calendar_3day_seed20260921,10_100,alt2_open_experts,circuit,0.005901530327626636,0.004963379870648965,0.006825634309569023,0.0005725445201754107
calendar_3day_seed20260921,10_100,alt2_open_experts,equipment,0.0068656341311145175,0.006084611306148835,0.007642434711178076,0.0004762076168866529
calendar_3day_seed20260921,10_100,alt2_open_experts,altitude_circuit,-0.006751410398615043,-0.007738188463993839,-0.00579214101924852,0.0005915567100789309
calendar_3day_seed20260921,10_100,alt2_open_experts,altitude_equipment,0.0008398737473493956,-1.648190667773447e-05,0.001624953219894609,0.0005035447036557213
calendar_3day_seed20260921,10_100,alt2_open_experts,circuit_equipment,0.0008326517849238657,3.9514783169758396e-05,0.0015625689726096066,0.00046761880135979725
calendar_3day_seed20260921,10_100,alt2_open_experts,three_way,-0.0012687366162947855,-0.002014573410253995,-0.00046193574444853343,0.0004769950547054506
calendar_3day_seed20260921,10_100,alt2_closed_beginners,altitude,0.00230266786275779,0.0014001815171962304,0.0032357349226216246,0.0005526100283943681
calendar_3day_seed20260921,10_100,alt2_closed_beginners,circuit,-0.005901530327626525,-0.006825634309568907,-0.004963379870648971,0.0005725445201754017
calendar_3day_seed20260921,10_100,alt2_closed_beginners,equipment,-0.0068656341311142954,-0.007642434711178281,-0.006084611306148941,0.0004762076168866553
calendar_3day_seed20260921,10_100,alt2_closed_beginners,altitude_circuit,0.006751410398614932,0.005792141019248731,0.007738188463993945,0.0005915567100789215
calendar_3day_seed20260921,10_100,alt2_closed_beginners,altitude_equipment,-0.0008398737473496176,-0.0016249532198944927,1.6481906677845216e-05,0.0005035447036557288
calendar_3day_seed20260921,10_100,alt2_closed_beginners,circuit_equipment,0.0008326517849237547,3.9514783169641824e-05,0.001562568972609923,0.0004676188013598029
calendar_3day_seed20260921,10_100,alt2_closed_beginners,three_way,-0.0012687366162947855,-0.0020145734102538894,-0.00046193574444862223,0.0004769950547054525
calendar_3day_seed20260921,10_100,alt2_closed_experts,altitude,0.00230266786275779,0.0014001815171962304,0.0032357349226216246,0.0005526100283943681
calendar_3day_seed20260921,10_100,alt2_closed_experts,circuit,-0.005901530327626525,-0.006825634309568907,-0.004963379870648971,0.0005725445201754017
calendar_3day_seed20260921,10_100,alt2_closed_experts,equipment,0.0068656341311145175,0.006084611306148835,0.007642434711178076,0.0004762076168866529
calendar_3day_seed20260921,10_100,alt2_closed_experts,altitude_circuit,0.006751410398614932,0.005792141019248731,0.007738188463993945,0.0005915567100789215
calendar_3day_seed20260921,10_100,alt2_closed_experts,altitude_equipment,0.0008398737473493956,-1.648190667773447e-05,0.001624953219894609,0.0005035447036557213
calendar_3day_seed20260921,10_100,alt2_closed_experts,circuit_equipment,-0.0008326517849241988,-0.0015625689726099013,-3.951478316965863e-05,0.00046761880135980154
calendar_3day_seed20260921,10_100,alt2_closed_experts,three_way,0.0012687366162951186,0.0004619357444485271,0.002014573410254,0.000476995054705459
calendar_3day_seed20260921,10_100,alt3_open_beginners,altitude,0.007439899518701387,0.006318882479226168,0.008501614979507731,0.0006570313288364437
calendar_3day_seed20260921,10_100,alt3_open_beginners,circuit,0.005901530327626636,0.004963379870648965,0.006825634309569023,0.0005725445201754107
calendar_3day_seed20260921,10_100,alt3_open_beginners,equipment,-0.0068656341311142954,-0.007642434711178281,-0.006084611306148941,0.0004762076168866553
calendar_3day_seed20260921,10_100,alt3_open_beginners,altitude_circuit,-0.00784307124128436,-0.008923661175081355,-0.006872176829441773,0.000623475742586649
calendar_3day_seed20260921,10_100,alt3_open_beginners,altitude_equipment,2.8143803517677313e-06,-0.0008592097838485414,0.0008344102543579089,0.0005230081947150847
calendar_3day_seed20260921,10_100,alt3_open_beginners,circuit_equipment,-0.0008326517849240878,-0.001562568972609796,-3.9514783169553163e-05,0.00046761880135979893
calendar_3day_seed20260921,10_100,alt3_open_beginners,three_way,0.0021607440753226292,0.001326500715262485,0.002945266094840182,0.0004952760934662693
calendar_3day_seed20260921,10_100,alt3_open_experts,altitude,0.007439899518701387,0.006318882479226168,0.008501614979507731,0.0006570313288364437
calendar_3day_seed20260921,10_100,alt3_open_experts,circuit,0.005901530327626636,0.004963379870648965,0.006825634309569023,0.0005725445201754107
calendar_3day_seed20260921,10_100,alt3_open_experts,equipment,0.0068656341311145175,0.006084611306148835,0.007642434711178076,0.0004762076168866529
calendar_3day_seed20260921,10_100,alt3_open_experts,altitude_circuit,-0.00784307124128436,-0.008923661175081355,-0.006872176829441773,0.000623475742586649
calendar_3day_seed20260921,10_100,alt3_open_experts,altitude_equipment,-2.814380351989776e-06,-0.00083441025435812,0.0008592097838485409,0.0005230081947150855
calendar_3day_seed20260921,10_100,alt3_open_experts,circuit_equipment,0.0008326517849238657,3.9514783169758396e-05,0.0015625689726096066,0.00046761880135979725
calendar_3day_seed20260921,10_100,alt3_open_experts,three_way,-0.0021607440753225182,-0.0029452660948402986,-0.0013265007152626139,0.0004952760934662752
calendar_3day_seed20260921,10_100,alt3_closed_beginners,altitude,0.007439899518701387,0.006318882479226168,0.008501614979507731,0.0006570313288364437
calendar_3day_seed20260921,10_100,alt3_closed_beginners,circuit,-0.005901530327626525,-0.006825634309568907,-0.004963379870648971,0.0005725445201754017
calendar_3day_seed20260921,10_100,alt3_closed_beginners,equipment,-0.0068656341311142954,-0.007642434711178281,-0.006084611306148941,0.0004762076168866553
calendar_3day_seed20260921,10_100,alt3_closed_beginners,altitude_circuit,0.00784307124128425,0.006872176829441556,0.008923661175081355,0.0006234757425866406
calendar_3day_seed20260921,10_100,alt3_closed_beginners,altitude_equipment,2.8143803517677313e-06,-0.0008592097838485414,0.0008344102543579089,0.0005230081947150847
calendar_3day_seed20260921,10_100,alt3_closed_beginners,circuit_equipment,0.0008326517849237547,3.9514783169641824e-05,0.001562568972609923,0.0004676188013598029
calendar_3day_seed20260921,10_100,alt3_closed_beginners,three_way,-0.002160744075322296,-0.0029452660948403988,-0.0013265007152624972,0.0004952760934662789
calendar_3day_seed20260921,10_100,alt3_closed_experts,altitude,0.007439899518701387,0.006318882479226168,0.008501614979507731,0.0006570313288364437
calendar_3day_seed20260921,10_100,alt3_closed_experts,circuit,-0.005901530327626525,-0.006825634309568907,-0.004963379870648971,0.0005725445201754017
calendar_3day_seed20260921,10_100,alt3_closed_experts,equipment,0.0068656341311145175,0.006084611306148835,0.007642434711178076,0.0004762076168866529
calendar_3day_seed20260921,10_100,alt3_closed_experts,altitude_circuit,0.00784307124128425,0.006872176829441556,0.008923661175081355,0.0006234757425866406
calendar_3day_seed20260921,10_100,alt3_closed_experts,altitude_equipment,-2.814380351989776e-06,-0.00083441025435812,0.0008592097838485409,0.0005230081947150855
calendar_3day_seed20260921,10_100,alt3_closed_experts,circuit_equipment,-0.0008326517849241988,-0.0015625689726099013,-3.951478316965863e-05,0.00046761880135980154
calendar_3day_seed20260921,10_100,alt3_closed_experts,three_way,0.0021607440753228513,0.0013265007152625905,0.0029452660948402817,0.0004952760934662715
calendar_3day_seed20260921,100_1000,alt0_open_beginners,altitude,0.004464751357227459,0.0015731480841570664,0.007052233449578153,0.0016749089372110127
calendar_3day_seed20260921,100_1000,alt0_open_beginners,circuit,0.02086378291087898,0.01977101318322964,0.022012724014462574,0.0006951061147170695
calendar_3day_seed20260921,100_1000,alt0_open_beginners,equipment,-0.004479963147880572,-0.005540543153328065,-0.0034850009904021655,0.000598014044636563
calendar_3day_seed20260921,100_1000,alt0_open_beginners,altitude_circuit,0.018490889488029016,0.015902817193409913,0.02147377101995742,0.0017194924292154973
calendar_3day_seed20260921,100_1000,alt0_open_beginners,altitude_equipment,0.0003566302564600443,-0.0024065796095408824,0.003183810759630917,0.0017022548554676141
calendar_3day_seed20260921,100_1000,alt0_open_beginners,circuit_equipment,-0.0012113738103690652,-0.0022418784234154777,-0.0001849880631189294,0.0006137467065177267
calendar_3day_seed20260921,100_1000,alt0_open_beginners,three_way,0.000874669148889673,-0.0021380090156217393,0.003649810392143314,0.0017203533424452705
calendar_3day_seed20260921,100_1000,alt0_open_experts,altitude,0.004464751357227459,0.0015731480841570664,0.007052233449578153,0.0016749089372110127
calendar_3day_seed20260921,100_1000,alt0_open_experts,circuit,0.02086378291087898,0.01977101318322964,0.022012724014462574,0.0006951061147170695
calendar_3day_seed20260921,100_1000,alt0_open_experts,equipment,0.00447996314788035,0.0034850009904019486,0.005540543153327853,0.0005980140446365608
calendar_3day_seed20260921,100_1000,alt0_open_experts,altitude_circuit,0.018490889488029016,0.015902817193409913,0.02147377101995742,0.0017194924292154973
calendar_3day_seed20260921,100_1000,alt0_open_experts,altitude_equipment,-0.00035663025645982227,-0.0031838107596309285,0.002406579609540664,0.0017022548554676189
calendar_3day_seed20260921,100_1000,alt0_open_experts,circuit_equipment,0.0012113738103693983,0.0001849880631190348,0.0022418784234155883,0.0006137467065177323
calendar_3day_seed20260921,100_1000,alt0_open_experts,three_way,-0.000874669148889895,-0.003649810392143316,0.002138009015621632,0.0017203533424452707
calendar_3day_seed20260921,100_1000,alt0_closed_beginners,altitude,0.004464751357227459,0.0015731480841570664,0.007052233449578153,0.0016749089372110127
calendar_3day_seed20260921,100_1000,alt0_closed_beginners,circuit,-0.020863782910879203,-0.022012724014462682,-0.019771013183229647,0.0006951061147170654
calendar_3day_seed20260921,100_1000,alt0_closed_beginners,equipment,-0.004479963147880572,-0.005540543153328065,-0.0034850009904021655,0.000598014044636563
calendar_3day_seed20260921,100_1000,alt0_closed_beginners,altitude_circuit,-0.018490889488028905,-0.021473771019957528,-0.01590281719341034,0.001719492429215499
calendar_3day_seed20260921,100_1000,alt0_closed_beginners,altitude_equipment,0.0003566302564600443,-0.0024065796095408824,0.003183810759630917,0.0017022548554676141
calendar_3day_seed20260921,100_1000,alt0_closed_beginners,circuit_equipment,0.0012113738103692873,0.00018498806311913473,0.0022418784234155883,0.0006137467065177345
calendar_3day_seed20260921,100_1000,alt0_closed_beginners,three_way,-0.000874669148889784,-0.0036498103921434105,0.002138009015621621,0.0017203533424452666
calendar_3day_seed20260921,100_1000,alt0_closed_experts,altitude,0.004464751357227459,0.0015731480841570664,0.007052233449578153,0.0016749089372110127
calendar_3day_seed20260921,100_1000,alt0_closed_experts,circuit,-0.020863782910879203,-0.022012724014462682,-0.019771013183229647,0.0006951061147170654
calendar_3day_seed20260921,100_1000,alt0_closed_experts,equipment,0.00447996314788035,0.0034850009904019486,0.005540543153327853,0.0005980140446365608
calendar_3day_seed20260921,100_1000,alt0_closed_experts,altitude_circuit,-0.018490889488028905,-0.021473771019957528,-0.01590281719341034,0.001719492429215499
calendar_3day_seed20260921,100_1000,alt0_closed_experts,altitude_equipment,-0.00035663025645982227,-0.0031838107596309285,0.002406579609540664,0.0017022548554676189
calendar_3day_seed20260921,100_1000,alt0_closed_experts,circuit_equipment,-0.0012113738103689542,-0.0022418784234155722,-0.00018498806311881838,0.0006137467065177332
calendar_3day_seed20260921,100_1000,alt0_closed_experts,three_way,0.0008746691488894509,-0.002138009015621634,0.0036498103921433086,0.001720353342445267
calendar_3day_seed20260921,100_1000,alt1_open_beginners,altitude,0.000982105207501749,-0.0005040004081943498,0.0024662122823344568,0.0009116132564930296
calendar_3day_seed20260921,100_1000,alt1_open_beginners,circuit,0.02086378291087898,0.01977101318322964,0.022012724014462574,0.0006951061147170695
calendar_3day_seed20260921,100_1000,alt1_open_beginners,equipment,-0.004479963147880572,-0.005540543153328065,-0.0034850009904021655,0.000598014044636563
calendar_3day_seed20260921,100_1000,alt1_open_beginners,altitude_circuit,0.01351946497282508,0.011948815171134847,0.014974921372940719,0.000915437082993256
calendar_3day_seed20260921,100_1000,alt1_open_beginners,altitude_equipment,0.001092535487125068,-0.000450793971617014,0.002559365755910719,0.0009200861185474483
calendar_3day_seed20260921,100_1000,alt1_open_beginners,circuit_equipment,-0.0012113738103690652,-0.0022418784234154777,-0.0001849880631189294,0.0006137467065177267
calendar_3day_seed20260921,100_1000,alt1_open_beginners,three_way,-0.0039110466564745705,-0.005403446367549203,-0.002407249881604695,0.0009191044961476848
calendar_3day_seed20260921,100_1000,alt1_open_experts,altitude,0.000982105207501749,-0.0005040004081943498,0.0024662122823344568,0.0009116132564930296
calendar_3day_seed20260921,100_1000,alt1_open_experts,circuit,0.02086378291087898,0.01977101318322964,0.022012724014462574,0.0006951061147170695
calendar_3day_seed20260921,100_1000,alt1_open_experts,equipment,0.00447996314788035,0.0034850009904019486,0.005540543153327853,0.0005980140446365608
calendar_3day_seed20260921,100_1000,alt1_open_experts,altitude_circuit,0.01351946497282508,0.011948815171134847,0.014974921372940719,0.000915437082993256
calendar_3day_seed20260921,100_1000,alt1_open_experts,altitude_equipment,-0.001092535487124846,-0.002559365755910925,0.00045079397161702485,0.0009200861185474445
calendar_3day_seed20260921,100_1000,alt1_open_experts,circuit_equipment,0.0012113738103693983,0.0001849880631190348,0.0022418784234155883,0.0006137467065177323
calendar_3day_seed20260921,100_1000,alt1_open_experts,three_way,0.0039110466564742374,0.002407249881604684,0.005403446367549396,0.0009191044961476772
calendar_3day_seed20260921,100_1000,alt1_closed_beginners,altitude,0.000982105207501749,-0.0005040004081943498,0.0024662122823344568,0.0009116132564930296
calendar_3day_seed20260921,100_1000,alt1_closed_beginners,circuit,-0.020863782910879203,-0.022012724014462682,-0.019771013183229647,0.0006951061147170654
calendar_3day_seed20260921,100_1000,alt1_closed_beginners,equipment,-0.004479963147880572,-0.005540543153328065,-0.0034850009904021655,0.000598014044636563
calendar_3day_seed20260921,100_1000,alt1_closed_beginners,altitude_circuit,-0.013519464972824857,-0.014974921372940925,-0.011948815171134842,0.0009154370829932634
calendar_3day_seed20260921,100_1000,alt1_closed_beginners,altitude_equipment,0.001092535487125068,-0.000450793971617014,0.002559365755910719,0.0009200861185474483
calendar_3day_seed20260921,100_1000,alt1_closed_beginners,circuit_equipment,0.0012113738103692873,0.00018498806311913473,0.0022418784234155883,0.0006137467065177345
calendar_3day_seed20260921,100_1000,alt1_closed_beginners,three_way,0.0039110466564744595,0.0024072498816044676,0.00540344636754928,0.0009191044961476843
calendar_3day_seed20260921,100_1000,alt1_closed_experts,altitude,0.000982105207501749,-0.0005040004081943498,0.0024662122823344568,0.0009116132564930296
calendar_3day_seed20260921,100_1000,alt1_closed_experts,circuit,-0.020863782910879203,-0.022012724014462682,-0.019771013183229647,0.0006951061147170654
calendar_3day_seed20260921,100_1000,alt1_closed_experts,equipment,0.00447996314788035,0.0034850009904019486,0.005540543153327853,0.0005980140446365608
calendar_3day_seed20260921,100_1000,alt1_closed_experts,altitude_circuit,-0.013519464972824857,-0.014974921372940925,-0.011948815171134842,0.0009154370829932634
calendar_3day_seed20260921,100_1000,alt1_closed_experts,altitude_equipment,-0.001092535487124846,-0.002559365755910925,0.00045079397161702485,0.0009200861185474445
calendar_3day_seed20260921,100_1000,alt1_closed_experts,circuit_equipment,-0.0012113738103689542,-0.0022418784234155722,-0.00018498806311881838,0.0006137467065177332
calendar_3day_seed20260921,100_1000,alt1_closed_experts,three_way,-0.0039110466564746815,-0.00540344636754942,-0.0024072498816044676,0.0009191044961476827
calendar_3day_seed20260921,100_1000,alt2_open_beginners,altitude,-0.0031865440313147975,-0.0042727040929193385,-0.0020645959324201825,0.0006755512819110461
calendar_3day_seed20260921,100_1000,alt2_open_beginners,circuit,0.02086378291087898,0.01977101318322964,0.022012724014462574,0.0006951061147170695
calendar_3day_seed20260921,100_1000,alt2_open_beginners,equipment,-0.004479963147880572,-0.005540543153328065,-0.0034850009904021655,0.000598014044636563
calendar_3day_seed20260921,100_1000,alt2_open_beginners,altitude_circuit,-0.013946640061050841,-0.015079030514093395,-0.012842200211696042,0.0006721917408226547
calendar_3day_seed20260921,100_1000,alt2_open_beginners,altitude_equipment,-0.0015685597639323312,-0.0025802458859553734,-0.0004991492193735078,0.0006358786059236747
calendar_3day_seed20260921,100_1000,alt2_open_beginners,circuit_equipment,-0.0012113738103690652,-0.0022418784234154777,-0.0001849880631189294,0.0006137467065177267
calendar_3day_seed20260921,100_1000,alt2_open_beginners,three_way,0.0005112529765111118,-0.0005350766757357683,0.0015545558861489615,0.0006276239348203648
calendar_3day_seed20260921,100_1000,alt2_open_experts,altitude,-0.0031865440313147975,-0.0042727040929193385,-0.0020645959324201825,0.0006755512819110461
calendar_3day_seed20260921,100_1000,alt2_open_experts,circuit,0.02086378291087898,0.01977101318322964,0.022012724014462574,0.0006951061147170695
calendar_3day_seed20260921,100_1000,alt2_open_experts,equipment,0.00447996314788035,0.0034850009904019486,0.005540543153327853,0.0005980140446365608
calendar_3day_seed20260921,100_1000,alt2_open_experts,altitude_circuit,-0.013946640061050841,-0.015079030514093395,-0.012842200211696042,0.0006721917408226547
calendar_3day_seed20260921,100_1000,alt2_open_experts,altitude_equipment,0.0015685597639325533,0.0004991492193736122,0.0025802458859554896,0.000635878605923677
calendar_3day_seed20260921,100_1000,alt2_open_experts,circuit_equipment,0.0012113738103693983,0.0001849880631190348,0.0022418784234155883,0.0006137467065177323
calendar_3day_seed20260921,100_1000,alt2_open_experts,three_way,-0.0005112529765115559,-0.0015545558861489617,0.0005350766757355628,0.0006276239348203719
calendar_3day_seed20260921,100_1000,alt2_closed_beginners,altitude,-0.0031865440313147975,-0.0042727040929193385,-0.0020645959324201825,0.0006755512819110461
calendar_3day_seed20260921,100_1000,alt2_closed_beginners,circuit,-0.020863782910879203,-0.022012724014462682,-0.019771013183229647,0.0006951061147170654
calendar_3day_seed20260921,100_1000,alt2_closed_beginners,equipment,-0.004479963147880572,-0.005540543153328065,-0.0034850009904021655,0.000598014044636563
calendar_3day_seed20260921,100_1000,alt2_closed_beginners,altitude_circuit,0.013946640061051063,0.012842200211696037,0.015079030514093194,0.0006721917408226513
calendar_3day_seed20260921,100_1000,alt2_closed_beginners,altitude_equipment,-0.0015685597639323312,-0.0025802458859553734,-0.0004991492193735078,0.0006358786059236747
calendar_3day_seed20260921,100_1000,alt2_closed_beginners,circuit_equipment,0.0012113738103692873,0.00018498806311913473,0.0022418784234155883,0.0006137467065177345
calendar_3day_seed20260921,100_1000,alt2_closed_beginners,three_way,-0.0005112529765114449,-0.001554555886149167,0.0005350766757356627,0.000627623934820376
calendar_3day_seed20260921,100_1000,alt2_closed_experts,altitude,-0.0031865440313147975,-0.0042727040929193385,-0.0020645959324201825,0.0006755512819110461
calendar_3day_seed20260921,100_1000,alt2_closed_experts,circuit,-0.020863782910879203,-0.022012724014462682,-0.019771013183229647,0.0006951061147170654
calendar_3day_seed20260921,100_1000,alt2_closed_experts,equipment,0.00447996314788035,0.0034850009904019486,0.005540543153327853,0.0005980140446365608
calendar_3day_seed20260921,100_1000,alt2_closed_experts,altitude_circuit,0.013946640061051063,0.012842200211696037,0.015079030514093194,0.0006721917408226513
calendar_3day_seed20260921,100_1000,alt2_closed_experts,altitude_equipment,0.0015685597639325533,0.0004991492193736122,0.0025802458859554896,0.000635878605923677
calendar_3day_seed20260921,100_1000,alt2_closed_experts,circuit_equipment,-0.0012113738103689542,-0.0022418784234155722,-0.00018498806311881838,0.0006137467065177332
calendar_3day_seed20260921,100_1000,alt2_closed_experts,three_way,0.0005112529765111118,-0.0005350766757356685,0.0015545558861488448,0.0006276239348203664
calendar_3day_seed20260921,100_1000,alt3_open_beginners,altitude,-0.0022603125334146323,-0.003545866377987228,-0.0009082936076535161,0.0008054601812238821
calendar_3day_seed20260921,100_1000,alt3_open_beginners,circuit,0.02086378291087898,0.01977101318322964,0.022012724014462574,0.0006951061147170695
calendar_3day_seed20260921,100_1000,alt3_open_beginners,equipment,-0.004479963147880572,-0.005540543153328065,-0.0034850009904021655,0.000598014044636563
calendar_3day_seed20260921,100_1000,alt3_open_beginners,altitude_circuit,-0.018063714399803033,-0.019486415609864326,-0.01682537378675127,0.0007963390580453197
calendar_3day_seed20260921,100_1000,alt3_open_beginners,altitude_equipment,0.00011939402034744084,-0.0009475575023092597,0.0012840972290624475,0.0006628306513967603
calendar_3day_seed20260921,100_1000,alt3_open_beginners,circuit_equipment,-0.0012113738103690652,-0.0022418784234154777,-0.0001849880631189294,0.0006137467065177267
calendar_3day_seed20260921,100_1000,alt3_open_beginners,three_way,0.0025251245310733417,0.0014743917501755742,0.0036102439255789208,0.000641022475894164
calendar_3day_seed20260921,100_1000,alt3_open_experts,altitude,-0.0022603125334146323,-0.003545866377987228,-0.0009082936076535161,0.0008054601812238821
calendar_3day_seed20260921,100_1000,alt3_open_experts,circuit,0.02086378291087898,0.01977101318322964,0.022012724014462574,0.0006951061147170695
calendar_3day_seed20260921,100_1000,alt3_open_experts,equipment,0.00447996314788035,0.0034850009904019486,0.005540543153327853,0.0005980140446365608
calendar_3day_seed20260921,100_1000,alt3_open_experts,altitude_circuit,-0.018063714399803033,-0.019486415609864326,-0.01682537378675127,0.0007963390580453197
calendar_3day_seed20260921,100_1000,alt3_open_experts,altitude_equipment,-0.00011939402034732982,-0.0012840972290623475,0.0009475575023093485,0.0006628306513967654
calendar_3day_seed20260921,100_1000,alt3_open_experts,circuit_equipment,0.0012113738103693983,0.0001849880631190348,0.0022418784234155883,0.0006137467065177323
calendar_3day_seed20260921,100_1000,alt3_open_experts,three_way,-0.0025251245310736747,-0.0036102439255791263,-0.0014743917501752692,0.000641022475894171
calendar_3day_seed20260921,100_1000,alt3_closed_beginners,altitude,-0.0022603125334146323,-0.003545866377987228,-0.0009082936076535161,0.0008054601812238821
calendar_3day_seed20260921,100_1000,alt3_closed_beginners,circuit,-0.020863782910879203,-0.022012724014462682,-0.019771013183229647,0.0006951061147170654
calendar_3day_seed20260921,100_1000,alt3_closed_beginners,equipment,-0.004479963147880572,-0.005540543153328065,-0.0034850009904021655,0.000598014044636563
calendar_3day_seed20260921,100_1000,alt3_closed_beginners,altitude_circuit,0.018063714399803255,0.01682537378675127,0.019486415609864433,0.0007963390580453148
calendar_3day_seed20260921,100_1000,alt3_closed_beginners,altitude_equipment,0.00011939402034744084,-0.0009475575023092597,0.0012840972290624475,0.0006628306513967603
calendar_3day_seed20260921,100_1000,alt3_closed_beginners,circuit_equipment,0.0012113738103692873,0.00018498806311913473,0.0022418784234155883,0.0006137467065177345
calendar_3day_seed20260921,100_1000,alt3_closed_beginners,three_way,-0.0025251245310735637,-0.0036102439255788154,-0.0014743917501754912,0.0006410224758941715
calendar_3day_seed20260921,100_1000,alt3_closed_experts,altitude,-0.0022603125334146323,-0.003545866377987228,-0.0009082936076535161,0.0008054601812238821
calendar_3day_seed20260921,100_1000,alt3_closed_experts,circuit,-0.020863782910879203,-0.022012724014462682,-0.019771013183229647,0.0006951061147170654
calendar_3day_seed20260921,100_1000,alt3_closed_experts,equipment,0.00447996314788035,0.0034850009904019486,0.005540543153327853,0.0005980140446365608
calendar_3day_seed20260921,100_1000,alt3_closed_experts,altitude_circuit,0.018063714399803255,0.01682537378675127,0.019486415609864433,0.0007963390580453148
calendar_3day_seed20260921,100_1000,alt3_closed_experts,altitude_equipment,-0.00011939402034732982,-0.0012840972290623475,0.0009475575023093485,0.0006628306513967654
calendar_3day_seed20260921,100_1000,alt3_closed_experts,circuit_equipment,-0.0012113738103689542,-0.0022418784234155722,-0.00018498806311881838,0.0006137467065177332
calendar_3day_seed20260921,100_1000,alt3_closed_experts,three_way,0.0025251245310732306,0.0014743917501753633,0.003610243925578804,0.0006410224758941667
calendar_3day_seed20260921,1000_10000,alt0_open_beginners,altitude,0.020503148045126207,0.008757360153765364,0.03030268644645367,0.006712948021847375
calendar_3day_seed20260921,1000_10000,alt0_open_beginners,circuit,0.12461529675840466,0.12048034827674306,0.1293567181243031,0.0027145251863741546
calendar_3day_seed20260921,1000_10000,alt0_open_beginners,equipment,-0.016693495105728928,-0.020637367258898864,-0.01272411511382764,0.002387925501199926
calendar_3day_seed20260921,1000_10000,alt0_open_beginners,altitude_circuit,0.047668159010264666,0.03766539544593092,0.05904324304082677,0.006634541521314969
calendar_3day_seed20260921,1000_10000,alt0_open_beginners,altitude_equipment,0.0037710243837919544,-0.006697653178439507,0.014785238935734038,0.006610536285698285
calendar_3day_seed20260921,1000_10000,alt0_open_beginners,circuit_equipment,0.0044737720595444674,0.0005898303115746628,0.00821611179178528,0.0023819386632509864
calendar_3day_seed20260921,1000_10000,alt0_open_beginners,three_way,0.004486531743835398,-0.006604931126851893,0.015317174886758943,0.006694112300702486
calendar_3day_seed20260921,1000_10000,alt0_open_experts,altitude,0.020503148045126207,0.008757360153765364,0.03030268644645367,0.006712948021847375
calendar_3day_seed20260921,1000_10000,alt0_open_experts,circuit,0.12461529675840466,0.12048034827674306,0.1293567181243031,0.0027145251863741546
calendar_3day_seed20260921,1000_10000,alt0_open_experts,equipment,0.01669349510572904,0.012724115113827416,0.020637367258898857,0.002387925501199927
calendar_3day_seed20260921,1000_10000,alt0_open_experts,altitude_circuit,0.047668159010264666,0.03766539544593092,0.05904324304082677,0.006634541521314969
calendar_3day_seed20260921,1000_10000,alt0_open_experts,altitude_equipment,-0.0037710243837920654,-0.014785238935734251,0.0066976531784398215,0.006610536285698285
calendar_3day_seed20260921,1000_10000,alt0_open_experts,circuit_equipment,-0.0044737720595444674,-0.008216111791785297,-0.000589830311574252,0.002381938663250985
calendar_3day_seed20260921,1000_10000,alt0_open_experts,three_way,-0.004486531743835398,-0.015317174886759185,0.006604931126852113,0.006694112300702483
calendar_3day_seed20260921,1000_10000,alt0_closed_beginners,altitude,0.020503148045126207,0.008757360153765364,0.03030268644645367,0.006712948021847375
calendar_3day_seed20260921,1000_10000,alt0_closed_beginners,circuit,-0.12461529675840466,-0.1293567181243029,-0.12048034827674296,0.002714525186374155
calendar_3day_seed20260921,1000_10000,alt0_closed_beginners,equipment,-0.016693495105728928,-0.020637367258898864,-0.01272411511382764,0.002387925501199926
calendar_3day_seed20260921,1000_10000,alt0_closed_beginners,altitude_circuit,-0.047668159010264666,-0.05904324304082696,-0.03766539544593082,0.006634541521314963
calendar_3day_seed20260921,1000_10000,alt0_closed_beginners,altitude_equipment,0.0037710243837919544,-0.006697653178439507,0.014785238935734038,0.006610536285698285
calendar_3day_seed20260921,1000_10000,alt0_closed_beginners,circuit_equipment,-0.004473772059544356,-0.008216111791785385,-0.0005898303115743742,0.0023819386632509846
calendar_3day_seed20260921,1000_10000,alt0_closed_beginners,three_way,-0.004486531743835398,-0.015317174886759084,0.006604931126852002,0.0066941123007024875
calendar_3day_seed20260921,1000_10000,alt0_closed_experts,altitude,0.020503148045126207,0.008757360153765364,0.03030268644645367,0.006712948021847375
calendar_3day_seed20260921,1000_10000,alt0_closed_experts,circuit,-0.12461529675840466,-0.1293567181243029,-0.12048034827674296,0.002714525186374155
calendar_3day_seed20260921,1000_10000,alt0_closed_experts,equipment,0.01669349510572904,0.012724115113827416,0.020637367258898857,0.002387925501199927
calendar_3day_seed20260921,1000_10000,alt0_closed_experts,altitude_circuit,-0.047668159010264666,-0.05904324304082696,-0.03766539544593082,0.006634541521314963
calendar_3day_seed20260921,1000_10000,alt0_closed_experts,altitude_equipment,-0.0037710243837920654,-0.014785238935734251,0.0066976531784398215,0.006610536285698285
calendar_3day_seed20260921,1000_10000,alt0_closed_experts,circuit_equipment,0.004473772059544245,0.0005898303115745684,0.00821611179178538,0.0023819386632509855
calendar_3day_seed20260921,1000_10000,alt0_closed_experts,three_way,0.00448653174383562,-0.006604931126852004,0.01531717488675906,0.006694112300702491
calendar_3day_seed20260921,1000_10000,alt1_open_beginners,altitude,-0.00961521186490255,-0.015804213932475976,-0.0034984556316434517,0.0037425335171982835
calendar_3day_seed20260921,1000_10000,alt1_open_beginners,circuit,0.12461529675840466,0.12048034827674306,0.1293567181243031,0.0027145251863741546
calendar_3day_seed20260921,1000_10000,alt1_open_beginners,equipment,-0.016693495105728928,-0.020637367258898864,-0.01272411511382764,0.002387925501199926
calendar_3day_seed20260921,1000_10000,alt1_open_beginners,altitude_circuit,0.061503024332869805,0.05524887642009283,0.06747746482149766,0.0037213599895007292
calendar_3day_seed20260921,1000_10000,alt1_open_beginners,altitude_equipment,0.008762679137749418,0.0026663698753822017,0.014209085819686862,0.0035041157460652395
calendar_3day_seed20260921,1000_10000,alt1_open_beginners,circuit_equipment,0.0044737720595444674,0.0005898303115746628,0.00821611179178528,0.0023819386632509864
calendar_3day_seed20260921,1000_10000,alt1_open_beginners,three_way,-0.0069010540252205654,-0.012322949624594194,-0.0008534141116779604,0.0035391100054711615
calendar_3day_seed20260921,1000_10000,alt1_open_experts,altitude,-0.00961521186490255,-0.015804213932475976,-0.0034984556316434517,0.0037425335171982835
calendar_3day_seed20260921,1000_10000,alt1_open_experts,circuit,0.12461529675840466,0.12048034827674306,0.1293567181243031,0.0027145251863741546
calendar_3day_seed20260921,1000_10000,alt1_open_experts,equipment,0.01669349510572904,0.012724115113827416,0.020637367258898857,0.002387925501199927
calendar_3day_seed20260921,1000_10000,alt1_open_experts,altitude_circuit,0.061503024332869805,0.05524887642009283,0.06747746482149766,0.0037213599895007292
calendar_3day_seed20260921,1000_10000,alt1_open_experts,altitude_equipment,-0.00876267913774953,-0.014209085819686846,-0.0026663698753821023,0.0035041157460652347
calendar_3day_seed20260921,1000_10000,alt1_open_experts,circuit_equipment,-0.0044737720595444674,-0.008216111791785297,-0.000589830311574252,0.002381938663250985
calendar_3day_seed20260921,1000_10000,alt1_open_experts,three_way,0.0069010540252205654,0.0008534141116780685,0.012322949624594392,0.003539110005471158
calendar_3day_seed20260921,1000_10000,alt1_closed_beginners,altitude,-0.00961521186490255,-0.015804213932475976,-0.0034984556316434517,0.0037425335171982835
calendar_3day_seed20260921,1000_10000,alt1_closed_beginners,circuit,-0.12461529675840466,-0.1293567181243029,-0.12048034827674296,0.002714525186374155
calendar_3day_seed20260921,1000_10000,alt1_closed_beginners,equipment,-0.016693495105728928,-0.020637367258898864,-0.01272411511382764,0.002387925501199926
calendar_3day_seed20260921,1000_10000,alt1_closed_beginners,altitude_circuit,-0.061503024332869805,-0.06747746482149787,-0.05524887642009261,0.003721359989500734
calendar_3day_seed20260921,1000_10000,alt1_closed_beginners,altitude_equipment,0.008762679137749418,0.0026663698753822017,0.014209085819686862,0.0035041157460652395
calendar_3day_seed20260921,1000_10000,alt1_closed_beginners,circuit_equipment,-0.004473772059544356,-0.008216111791785385,-0.0005898303115743742,0.0023819386632509846
calendar_3day_seed20260921,1000_10000,alt1_closed_beginners,three_way,0.0069010540252205654,0.0008534141116779687,0.012322949624594608,0.003539110005471154
calendar_3day_seed20260921,1000_10000,alt1_closed_experts,altitude,-0.00961521186490255,-0.015804213932475976,-0.0034984556316434517,0.0037425335171982835
calendar_3day_seed20260921,1000_10000,alt1_closed_experts,circuit,-0.12461529675840466,-0.1293567181243029,-0.12048034827674296,0.002714525186374155
calendar_3day_seed20260921,1000_10000,alt1_closed_experts,equipment,0.01669349510572904,0.012724115113827416,0.020637367258898857,0.002387925501199927
calendar_3day_seed20260921,1000_10000,alt1_closed_experts,altitude_circuit,-0.061503024332869805,-0.06747746482149787,-0.05524887642009261,0.003721359989500734
calendar_3day_seed20260921,1000_10000,alt1_closed_experts,altitude_equipment,-0.00876267913774953,-0.014209085819686846,-0.0026663698753821023,0.0035041157460652347
calendar_3day_seed20260921,1000_10000,alt1_closed_experts,circuit_equipment,0.004473772059544245,0.0005898303115745684,0.00821611179178538,0.0023819386632509855
calendar_3day_seed20260921,1000_10000,alt1_closed_experts,three_way,-0.006901054025220454,-0.012322949624594194,-0.0008534141116779604,0.003539110005471165
calendar_3day_seed20260921,1000_10000,alt2_open_beginners,altitude,-0.019008506913656298,-0.022917897079658262,-0.014638668711975304,0.002575575418221307
calendar_3day_seed20260921,1000_10000,alt2_open_beginners,circuit,0.12461529675840466,0.12048034827674306,0.1293567181243031,0.0027145251863741546
calendar_3day_seed20260921,1000_10000,alt2_open_beginners,equipment,-0.016693495105728928,-0.020637367258898864,-0.01272411511382764,0.002387925501199926
calendar_3day_seed20260921,1000_10000,alt2_open_beginners,altitude_circuit,-0.033431725695022285,-0.03796957484129249,-0.02961009759360866,0.0025362719636665026
calendar_3day_seed20260921,1000_10000,alt2_open_beginners,altitude_equipment,-0.00996644621570042,-0.014112601222532873,-0.0058625692724629435,0.002566955594443114
calendar_3day_seed20260921,1000_10000,alt2_open_beginners,circuit_equipment,0.0044737720595444674,0.0005898303115746628,0.00821611179178528,0.0023819386632509864
calendar_3day_seed20260921,1000_10000,alt2_open_beginners,three_way,-0.0016242677733852018,-0.005892019147095018,0.0026449954040388577,0.002581913376759946
calendar_3day_seed20260921,1000_10000,alt2_open_experts,altitude,-0.019008506913656298,-0.022917897079658262,-0.014638668711975304,0.002575575418221307
calendar_3day_seed20260921,1000_10000,alt2_open_experts,circuit,0.12461529675840466,0.12048034827674306,0.1293567181243031,0.0027145251863741546
calendar_3day_seed20260921,1000_10000,alt2_open_experts,equipment,0.01669349510572904,0.012724115113827416,0.020637367258898857,0.002387925501199927
calendar_3day_seed20260921,1000_10000,alt2_open_experts,altitude_circuit,-0.033431725695022285,-0.03796957484129249,-0.02961009759360866,0.0025362719636665026
calendar_3day_seed20260921,1000_10000,alt2_open_experts,altitude_equipment,0.009966446215700198,0.005862569272462953,0.014112601222533099,0.0025669555944431207
calendar_3day_seed20260921,1000_10000,alt2_open_experts,circuit_equipment,-0.0044737720595444674,-0.008216111791785297,-0.000589830311574252,0.002381938663250985
calendar_3day_seed20260921,1000_10000,alt2_open_experts,three_way,0.0016242677733854238,-0.002644995404038858,0.005892019147095351,0.002581913376759944
calendar_3day_seed20260921,1000_10000,alt2_closed_beginners,altitude,-0.019008506913656298,-0.022917897079658262,-0.014638668711975304,0.002575575418221307
calendar_3day_seed20260921,1000_10000,alt2_closed_beginners,circuit,-0.12461529675840466,-0.1293567181243029,-0.12048034827674296,0.002714525186374155
calendar_3day_seed20260921,1000_10000,alt2_closed_beginners,equipment,-0.016693495105728928,-0.020637367258898864,-0.01272411511382764,0.002387925501199926
calendar_3day_seed20260921,1000_10000,alt2_closed_beginners,altitude_circuit,0.03343172569502206,0.029610097593608563,0.0379695748412925,0.002536271963666515
calendar_3day_seed20260921,1000_10000,alt2_closed_beginners,altitude_equipment,-0.00996644621570042,-0.014112601222532873,-0.0058625692724629435,0.002566955594443114
calendar_3day_seed20260921,1000_10000,alt2_closed_beginners,circuit_equipment,-0.004473772059544356,-0.008216111791785385,-0.0005898303115743742,0.0023819386632509846
calendar_3day_seed20260921,1000_10000,alt2_closed_beginners,three_way,0.0016242677733853128,-0.0026449954040386526,0.005892019147095345,0.0025819133767599495
calendar_3day_seed20260921,1000_10000,alt2_closed_experts,altitude,-0.019008506913656298,-0.022917897079658262,-0.014638668711975304,0.002575575418221307
calendar_3day_seed20260921,1000_10000,alt2_closed_experts,circuit,-0.12461529675840466,-0.1293567181243029,-0.12048034827674296,0.002714525186374155
calendar_3day_seed20260921,1000_10000,alt2_closed_experts,equipment,0.01669349510572904,0.012724115113827416,0.020637367258898857,0.002387925501199927
calendar_3day_seed20260921,1000_10000,alt2_closed_experts,altitude_circuit,0.03343172569502206,0.029610097593608563,0.0379695748412925,0.002536271963666515
calendar_3day_seed20260921,1000_10000,alt2_closed_experts,altitude_equipment,0.009966446215700198,0.005862569272462953,0.014112601222533099,0.0025669555944431207
calendar_3day_seed20260921,1000_10000,alt2_closed_experts,circuit_equipment,0.004473772059544245,0.0005898303115745684,0.00821611179178538,0.0023819386632509855
calendar_3day_seed20260921,1000_10000,alt2_closed_experts,three_way,-0.0016242677733850908,-0.0058920191470953455,0.0026449954040386465,0.002581913376759945
calendar_3day_seed20260921,1000_10000,alt3_open_beginners,altitude,0.008120570733432864,0.003919467154530798,0.013199604224465561,0.002879432174830589
calendar_3day_seed20260921,1000_10000,alt3_open_beginners,circuit,0.12461529675840466,0.12048034827674306,0.1293567181243031,0.0027145251863741546
calendar_3day_seed20260921,1000_10000,alt3_open_beginners,equipment,-0.016693495105728928,-0.020637367258898864,-0.01272411511382764,0.002387925501199926
calendar_3day_seed20260921,1000_10000,alt3_open_beginners,altitude_circuit,-0.0757394576481123,-0.08077320650700738,-0.07106459841854867,0.002939614698461119
calendar_3day_seed20260921,1000_10000,alt3_open_beginners,altitude_equipment,-0.002567257305841064,-0.006511077280984403,0.0014452998070818776,0.002450498091584757
calendar_3day_seed20260921,1000_10000,alt3_open_beginners,circuit_equipment,0.0044737720595444674,0.0005898303115746628,0.00821611179178528,0.0023819386632509864
calendar_3day_seed20260921,1000_10000,alt3_open_beginners,three_way,0.004038790054770258,-2.4849864005161503e-05,0.007928042751722658,0.0024367359676097725
calendar_3day_seed20260921,1000_10000,alt3_open_experts,altitude,0.008120570733432864,0.003919467154530798,0.013199604224465561,0.002879432174830589
calendar_3day_seed20260921,1000_10000,alt3_open_experts,circuit,0.12461529675840466,0.12048034827674306,0.1293567181243031,0.0027145251863741546
calendar_3day_seed20260921,1000_10000,alt3_open_experts,equipment,0.01669349510572904,0.012724115113827416,0.020637367258898857,0.002387925501199927
calendar_3day_seed20260921,1000_10000,alt3_open_experts,altitude_circuit,-0.0757394576481123,-0.08077320650700738,-0.07106459841854867,0.002939614698461119
calendar_3day_seed20260921,1000_10000,alt3_open_experts,altitude_equipment,0.002567257305840953,-0.0014452998070821903,0.006511077280984498,0.0024504980915847603
calendar_3day_seed20260921,1000_10000,alt3_open_experts,circuit_equipment,-0.0044737720595444674,-0.008216111791785297,-0.000589830311574252,0.002381938663250985
calendar_3day_seed20260921,1000_10000,alt3_open_experts,three_way,-0.004038790054770147,-0.007928042751722653,2.4849864005574682e-05,0.0024367359676097707
calendar_3day_seed20260921,1000_10000,alt3_closed_beginners,altitude,0.008120570733432864,0.003919467154530798,0.013199604224465561,0.002879432174830589
calendar_3day_seed20260921,1000_10000,alt3_closed_beginners,circuit,-0.12461529675840466,-0.1293567181243029,-0.12048034827674296,0.002714525186374155
calendar_3day_seed20260921,1000_10000,alt3_closed_beginners,equipment,-0.016693495105728928,-0.020637367258898864,-0.01272411511382764,0.002387925501199926
calendar_3day_seed20260921,1000_10000,alt3_closed_beginners,altitude_circuit,0.07573945764811207,0.07106459841854869,0.08077320650700749,0.0029396146984611224
calendar_3day_seed20260921,1000_10000,alt3_closed_beginners,altitude_equipment,-0.002567257305841064,-0.006511077280984403,0.0014452998070818776,0.002450498091584757
calendar_3day_seed20260921,1000_10000,alt3_closed_beginners,circuit_equipment,-0.004473772059544356,-0.008216111791785385,-0.0005898303115743742,0.0023819386632509846
calendar_3day_seed20260921,1000_10000,alt3_closed_beginners,three_way,-0.004038790054770258,-0.007928042751722753,2.484986400546366e-05,0.002436735967609774
calendar_3day_seed20260921,1000_10000,alt3_closed_experts,altitude,0.008120570733432864,0.003919467154530798,0.013199604224465561,0.002879432174830589
calendar_3day_seed20260921,1000_10000,alt3_closed_experts,circuit,-0.12461529675840466,-0.1293567181243029,-0.12048034827674296,0.002714525186374155
calendar_3day_seed20260921,1000_10000,alt3_closed_experts,equipment,0.01669349510572904,0.012724115113827416,0.020637367258898857,0.002387925501199927
calendar_3day_seed20260921,1000_10000,alt3_closed_experts,altitude_circuit,0.07573945764811207,0.07106459841854869,0.08077320650700749,0.0029396146984611224
calendar_3day_seed20260921,1000_10000,alt3_closed_experts,altitude_equipment,0.002567257305840953,-0.0014452998070821903,0.006511077280984498,0.0024504980915847603
calendar_3day_seed20260921,1000_10000,alt3_closed_experts,circuit_equipment,0.004473772059544245,0.0005898303115745684,0.00821611179178538,0.0023819386632509855
calendar_3day_seed20260921,1000_10000,alt3_closed_experts,three_way,0.00403879005477048,-2.4849864005266972e-05,0.007928042751722875,0.002436735967609772
calendar_3day_seed20260922,10_10000,alt0_open_beginners,altitude,0.007525380771875367,0.003558520657335656,0.010862573805132973,0.002248135574905267
calendar_3day_seed20260922,10_10000,alt0_open_beginners,circuit,0.041173627113205935,0.03978795745823232,0.042770219367230494,0.000935880432871795
calendar_3day_seed20260922,10_10000,alt0_open_beginners,equipment,-0.007723140782947335,-0.009120078414783706,-0.006414194710789457,0.0008494452897928126
calendar_3day_seed20260922,10_10000,alt0_open_beginners,altitude_circuit,0.02382110231277812,0.020355919570400442,0.02781605384241448,0.0022662466259586833
calendar_3day_seed20260922,10_10000,alt0_open_beginners,altitude_equipment,0.001442169762407297,-0.0026048984806528843,0.00526268624744991,0.0024151215711979046
calendar_3day_seed20260922,10_10000,alt0_open_beginners,circuit_equipment,5.61638926692698e-05,-0.0012590963250253384,0.0013855265063716033,0.0008435733624305689
calendar_3day_seed20260922,10_10000,alt0_open_beginners,three_way,0.0014002408713247316,-0.002260722789846509,0.0054227677178840415,0.0024127038325921133
calendar_3day_seed20260922,10_10000,alt0_open_experts,altitude,0.007525380771875367,0.003558520657335656,0.010862573805132973,0.002248135574905267
calendar_3day_seed20260922,10_10000,alt0_open_experts,circuit,0.041173627113205935,0.03978795745823232,0.042770219367230494,0.000935880432871795
calendar_3day_seed20260922,10_10000,alt0_open_experts,equipment,0.007723140782947446,0.006414194710789456,0.00912007841478381,0.0008494452897928103
calendar_3day_seed20260922,10_10000,alt0_open_experts,altitude_circuit,0.02382110231277812,0.020355919570400442,0.02781605384241448,0.0022662466259586833
calendar_3day_seed20260922,10_10000,alt0_open_experts,altitude_equipment,-0.0014421697624074081,-0.005262686247449594,0.0026048984806528717,0.0024151215711979085
calendar_3day_seed20260922,10_10000,alt0_open_experts,circuit_equipment,-5.6163892669491844e-05,-0.0013855265063714873,0.0012590963250253384,0.0008435733624305708
calendar_3day_seed20260922,10_10000,alt0_open_experts,three_way,-0.0014002408713246206,-0.00542276771788427,0.0022607227898462073,0.0024127038325921155
calendar_3day_seed20260922,10_10000,alt0_closed_beginners,altitude,0.007525380771875367,0.003558520657335656,0.010862573805132973,0.002248135574905267
calendar_3day_seed20260922,10_10000,alt0_closed_beginners,circuit,-0.041173627113205824,-0.042770219367230286,-0.03978795745823242,0.0009358804328717935
calendar_3day_seed20260922,10_10000,alt0_closed_beginners,equipment,-0.007723140782947335,-0.009120078414783706,-0.006414194710789457,0.0008494452897928126
calendar_3day_seed20260922,10_10000,alt0_closed_beginners,altitude_circuit,-0.02382110231277823,-0.027816053842414572,-0.020355919570400338,0.002266246625958682
calendar_3day_seed20260922,10_10000,alt0_closed_beginners,altitude_equipment,0.001442169762407297,-0.0026048984806528843,0.00526268624744991,0.0024151215711979046
calendar_3day_seed20260922,10_10000,alt0_closed_beginners,circuit_equipment,-5.6163892669602866e-05,-0.001385526506371493,0.0012590963250254494,0.000843573362430581
calendar_3day_seed20260922,10_10000,alt0_closed_beginners,three_way,-0.0014002408713245096,-0.005422767717884036,0.002260722789846418,0.0024127038325921107
calendar_3day_seed20260922,10_10000,alt0_closed_experts,altitude,0.007525380771875367,0.003558520657335656,0.010862573805132973,0.002248135574905267
calendar_3day_seed20260922,10_10000,alt0_closed_experts,circuit,-0.041173627113205824,-0.042770219367230286,-0.03978795745823242,0.0009358804328717935
calendar_3day_seed20260922,10_10000,alt0_closed_experts,equipment,0.007723140782947446,0.006414194710789456,0.00912007841478381,0.0008494452897928103
calendar_3day_seed20260922,10_10000,alt0_closed_experts,altitude_circuit,-0.02382110231277823,-0.027816053842414572,-0.020355919570400338,0.002266246625958682
calendar_3day_seed20260922,10_10000,alt0_closed_experts,altitude_equipment,-0.0014421697624074081,-0.005262686247449594,0.0026048984806528717,0.0024151215711979085
calendar_3day_seed20260922,10_10000,alt0_closed_experts,circuit_equipment,5.6163892669491844e-05,-0.0012590963250255604,0.0013855265063714979,0.0008435733624305775
calendar_3day_seed20260922,10_10000,alt0_closed_experts,three_way,0.0014002408713245096,-0.0022607227898464037,0.005422767717883942,0.0024127038325921046
calendar_3day_seed20260922,10_10000,alt1_open_beginners,altitude,-0.000449754409719505,-0.0024332576692345457,0.0016454206522242163,0.001231487884523667
calendar_3day_seed20260922,10_10000,alt1_open_beginners,circuit,0.041173627113205935,0.03978795745823232,0.042770219367230494,0.000935880432871795
calendar_3day_seed20260922,10_10000,alt1_open_beginners,equipment,-0.007723140782947335,-0.009120078414783706,-0.006414194710789457,0.0008494452897928126
calendar_3day_seed20260922,10_10000,alt1_open_beginners,altitude_circuit,0.022491461446518368,0.020517098430066903,0.024270915419282325,0.0011554230718226618
calendar_3day_seed20260922,10_10000,alt1_open_beginners,altitude_equipment,0.0028559578983241574,0.0008880616651158353,0.005010265783762263,0.001226544094303676
calendar_3day_seed20260922,10_10000,alt1_open_beginners,circuit_equipment,5.61638926692698e-05,-0.0012590963250253384,0.0013855265063716033,0.0008435733624305689
calendar_3day_seed20260922,10_10000,alt1_open_beginners,three_way,-0.004196452258376615,-0.006222633612639983,-0.0022191761019035704,0.0012576313422831393
calendar_3day_seed20260922,10_10000,alt1_open_experts,altitude,-0.000449754409719505,-0.0024332576692345457,0.0016454206522242163,0.001231487884523667
calendar_3day_seed20260922,10_10000,alt1_open_experts,circuit,0.041173627113205935,0.03978795745823232,0.042770219367230494,0.000935880432871795
calendar_3day_seed20260922,10_10000,alt1_open_experts,equipment,0.007723140782947446,0.006414194710789456,0.00912007841478381,0.0008494452897928103
calendar_3day_seed20260922,10_10000,alt1_open_experts,altitude_circuit,0.022491461446518368,0.020517098430066903,0.024270915419282325,0.0011554230718226618
calendar_3day_seed20260922,10_10000,alt1_open_experts,altitude_equipment,-0.0028559578983242684,-0.0050102657837622685,-0.0008880616651159485,0.0012265440943036749
calendar_3day_seed20260922,10_10000,alt1_open_experts,circuit_equipment,-5.6163892669491844e-05,-0.0013855265063714873,0.0012590963250253384,0.0008435733624305708
calendar_3day_seed20260922,10_10000,alt1_open_experts,three_way,0.004196452258376948,0.0022191761019035856,0.0062226336126400715,0.001257631342283138
calendar_3day_seed20260922,10_10000,alt1_closed_beginners,altitude,-0.000449754409719505,-0.0024332576692345457,0.0016454206522242163,0.001231487884523667
calendar_3day_seed20260922,10_10000,alt1_closed_beginners,circuit,-0.041173627113205824,-0.042770219367230286,-0.03978795745823242,0.0009358804328717935
calendar_3day_seed20260922,10_10000,alt1_closed_beginners,equipment,-0.007723140782947335,-0.009120078414783706,-0.006414194710789457,0.0008494452897928126
calendar_3day_seed20260922,10_10000,alt1_closed_beginners,altitude_circuit,-0.02249146144651848,-0.024270915419282425,-0.020517098430067122,0.0011554230718226611
calendar_3day_seed20260922,10_10000,alt1_closed_beginners,altitude_equipment,0.0028559578983241574,0.0008880616651158353,0.005010265783762263,0.001226544094303676
calendar_3day_seed20260922,10_10000,alt1_closed_beginners,circuit_equipment,-5.6163892669602866e-05,-0.001385526506371493,0.0012590963250254494,0.000843573362430581
calendar_3day_seed20260922,10_10000,alt1_closed_beginners,three_way,0.004196452258377059,0.002219176101903791,0.006222633612640083,0.0012576313422831378
calendar_3day_seed20260922,10_10000,alt1_closed_experts,altitude,-0.000449754409719505,-0.0024332576692345457,0.0016454206522242163,0.001231487884523667
calendar_3day_seed20260922,10_10000,alt1_closed_experts,circuit,-0.041173627113205824,-0.042770219367230286,-0.03978795745823242,0.0009358804328717935
calendar_3day_seed20260922,10_10000,alt1_closed_experts,equipment,0.007723140782947446,0.006414194710789456,0.00912007841478381,0.0008494452897928103
calendar_3day_seed20260922,10_10000,alt1_closed_experts,altitude_circuit,-0.02249146144651848,-0.024270915419282425,-0.020517098430067122,0.0011554230718226611
calendar_3day_seed20260922,10_10000,alt1_closed_experts,altitude_equipment,-0.0028559578983242684,-0.0050102657837622685,-0.0008880616651159485,0.0012265440943036749
calendar_3day_seed20260922,10_10000,alt1_closed_experts,circuit_equipment,5.6163892669491844e-05,-0.0012590963250255604,0.0013855265063714979,0.0008435733624305775
calendar_3day_seed20260922,10_10000,alt1_closed_experts,three_way,-0.004196452258376837,-0.00622263361264031,-0.002219176101903576,0.0012576313422831434
calendar_3day_seed20260922,10_10000,alt2_open_beginners,altitude,-0.00731528798753367,-0.008662337332408777,-0.005758643883212473,0.0008864355789385165
calendar_3day_seed20260922,10_10000,alt2_open_beginners,circuit,0.041173627113205935,0.03978795745823232,0.042770219367230494,0.000935880432871795
calendar_3day_seed20260922,10_10000,alt2_open_beginners,equipment,-0.007723140782947335,-0.009120078414783706,-0.006414194710789457,0.0008494452897928126
calendar_3day_seed20260922,10_10000,alt2_open_beginners,altitude_circuit,-0.016943197250350983,-0.018520964424178964,-0.015477626518058346,0.0009164985748941105
calendar_3day_seed20260922,10_10000,alt2_open_beginners,altitude_equipment,-0.0036815053293143274,-0.005053900083900003,-0.0021768459729343214,0.0008859473387832491
calendar_3day_seed20260922,10_10000,alt2_open_beginners,circuit_equipment,5.61638926692698e-05,-0.0012590963250253384,0.0013855265063716033,0.0008435733624305689
calendar_3day_seed20260922,10_10000,alt2_open_beginners,three_way,1.4052276695708521e-05,-0.001449582313349751,0.0014531016338875046,0.0008809765592797305
calendar_3day_seed20260922,10_10000,alt2_open_experts,altitude,-0.00731528798753367,-0.008662337332408777,-0.005758643883212473,0.0008864355789385165
calendar_3day_seed20260922,10_10000,alt2_open_experts,circuit,0.041173627113205935,0.03978795745823232,0.042770219367230494,0.000935880432871795
calendar_3day_seed20260922,10_10000,alt2_open_experts,equipment,0.007723140782947446,0.006414194710789456,0.00912007841478381,0.0008494452897928103
calendar_3day_seed20260922,10_10000,alt2_open_experts,altitude_circuit,-0.016943197250350983,-0.018520964424178964,-0.015477626518058346,0.0009164985748941105
calendar_3day_seed20260922,10_10000,alt2_open_experts,altitude_equipment,0.0036815053293142164,0.0021768459729340052,0.005053900083900087,0.0008859473387832499
calendar_3day_seed20260922,10_10000,alt2_open_experts,circuit_equipment,-5.6163892669491844e-05,-0.0013855265063714873,0.0012590963250253384,0.0008435733624305708
calendar_3day_seed20260922,10_10000,alt2_open_experts,three_way,-1.4052276695486476e-05,-0.0014531016338877433,0.0014495823133494345,0.0008809765592797431
calendar_3day_seed20260922,10_10000,alt2_closed_beginners,altitude,-0.00731528798753367,-0.008662337332408777,-0.005758643883212473,0.0008864355789385165
calendar_3day_seed20260922,10_10000,alt2_closed_beginners,circuit,-0.041173627113205824,-0.042770219367230286,-0.03978795745823242,0.0009358804328717935
calendar_3day_seed20260922,10_10000,alt2_closed_beginners,equipment,-0.007723140782947335,-0.009120078414783706,-0.006414194710789457,0.0008494452897928126
calendar_3day_seed20260922,10_10000,alt2_closed_beginners,altitude_circuit,0.016943197250350872,0.015477626518058351,0.018520964424178953,0.0009164985748941048
calendar_3day_seed20260922,10_10000,alt2_closed_beginners,altitude_equipment,-0.0036815053293143274,-0.005053900083900003,-0.0021768459729343214,0.0008859473387832491
calendar_3day_seed20260922,10_10000,alt2_closed_beginners,circuit_equipment,-5.6163892669602866e-05,-0.001385526506371493,0.0012590963250254494,0.000843573362430581
calendar_3day_seed20260922,10_10000,alt2_closed_beginners,three_way,-1.4052276695375454e-05,-0.0014531016338877323,0.00144958231334954,0.0008809765592797534
calendar_3day_seed20260922,10_10000,alt2_closed_experts,altitude,-0.00731528798753367,-0.008662337332408777,-0.005758643883212473,0.0008864355789385165
calendar_3day_seed20260922,10_10000,alt2_closed_experts,circuit,-0.041173627113205824,-0.042770219367230286,-0.03978795745823242,0.0009358804328717935
calendar_3day_seed20260922,10_10000,alt2_closed_experts,equipment,0.007723140782947446,0.006414194710789456,0.00912007841478381,0.0008494452897928103
calendar_3day_seed20260922,10_10000,alt2_closed_experts,altitude_circuit,0.016943197250350872,0.015477626518058351,0.018520964424178953,0.0009164985748941048
calendar_3day_seed20260922,10_10000,alt2_closed_experts,altitude_equipment,0.0036815053293142164,0.0021768459729340052,0.005053900083900087,0.0008859473387832499
calendar_3day_seed20260922,10_10000,alt2_closed_experts,circuit_equipment,5.6163892669491844e-05,-0.0012590963250255604,0.0013855265063714979,0.0008435733624305775
calendar_3day_seed20260922,10_10000,alt2_closed_experts,three_way,1.4052276695486476e-05,-0.0014495823133496455,0.0014531016338875046,0.0008809765592797445
calendar_3day_seed20260922,10_10000,alt3_open_beginners,altitude,0.00023966162537791824,-0.001351892930563159,0.002143211914593951,0.0010501198882799999
calendar_3day_seed20260922,10_10000,alt3_open_beginners,circuit,0.041173627113205935,0.03978795745823232,0.042770219367230494,0.000935880432871795
calendar_3day_seed20260922,10_10000,alt3_open_beginners,equipment,-0.007723140782947335,-0.009120078414783706,-0.006414194710789457,0.0008494452897928126
calendar_3day_seed20260922,10_10000,alt3_open_beginners,altitude_circuit,-0.029369366508945838,-0.03115130659519478,-0.02771271860821576,0.001062104017776477
calendar_3day_seed20260922,10_10000,alt3_open_beginners,altitude_equipment,-0.0006166223314174601,-0.002063164230853287,0.0009106199286292915,0.0009030234950023126
calendar_3day_seed20260922,10_10000,alt3_open_beginners,circuit_equipment,5.61638926692698e-05,-0.0012590963250253384,0.0013855265063716033,0.0008435733624305689
calendar_3day_seed20260922,10_10000,alt3_open_beginners,three_way,0.002782159110356952,0.0013408408733452059,0.004188086574239729,0.0008849619100369507
calendar_3day_seed20260922,10_10000,alt3_open_experts,altitude,0.00023966162537791824,-0.001351892930563159,0.002143211914593951,0.0010501198882799999
calendar_3day_seed20260922,10_10000,alt3_open_experts,circuit,0.041173627113205935,0.03978795745823232,0.042770219367230494,0.000935880432871795
calendar_3day_seed20260922,10_10000,alt3_open_experts,equipment,0.007723140782947446,0.006414194710789456,0.00912007841478381,0.0008494452897928103
calendar_3day_seed20260922,10_10000,alt3_open_experts,altitude_circuit,-0.029369366508945838,-0.03115130659519478,-0.02771271860821576,0.001062104017776477
calendar_3day_seed20260922,10_10000,alt3_open_experts,altitude_equipment,0.0006166223314174601,-0.000910619928629719,0.0020631642308530647,0.0009030234950023037
calendar_3day_seed20260922,10_10000,alt3_open_experts,circuit_equipment,-5.6163892669491844e-05,-0.0013855265063714873,0.0012590963250253384,0.0008435733624305708
calendar_3day_seed20260922,10_10000,alt3_open_experts,three_way,-0.00278215911035673,-0.004188086574239508,-0.001340840873345434,0.000884961910036943
calendar_3day_seed20260922,10_10000,alt3_closed_beginners,altitude,0.00023966162537791824,-0.001351892930563159,0.002143211914593951,0.0010501198882799999
calendar_3day_seed20260922,10_10000,alt3_closed_beginners,circuit,-0.041173627113205824,-0.042770219367230286,-0.03978795745823242,0.0009358804328717935
calendar_3day_seed20260922,10_10000,alt3_closed_beginners,equipment,-0.007723140782947335,-0.009120078414783706,-0.006414194710789457,0.0008494452897928126
calendar_3day_seed20260922,10_10000,alt3_closed_beginners,altitude_circuit,0.029369366508945727,0.02771271860821555,0.03115130659519478,0.0010621040177764783
calendar_3day_seed20260922,10_10000,alt3_closed_beginners,altitude_equipment,-0.0006166223314174601,-0.002063164230853287,0.0009106199286292915,0.0009030234950023126
calendar_3day_seed20260922,10_10000,alt3_closed_beginners,circuit_equipment,-5.6163892669602866e-05,-0.001385526506371493,0.0012590963250254494,0.000843573362430581
calendar_3day_seed20260922,10_10000,alt3_closed_beginners,three_way,-0.002782159110356619,-0.004188086574239519,-0.001340840873345223,0.0008849619100369493
calendar_3day_seed20260922,10_10000,alt3_closed_experts,altitude,0.00023966162537791824,-0.001351892930563159,0.002143211914593951,0.0010501198882799999
calendar_3day_seed20260922,10_10000,alt3_closed_experts,circuit,-0.041173627113205824,-0.042770219367230286,-0.03978795745823242,0.0009358804328717935
calendar_3day_seed20260922,10_10000,alt3_closed_experts,equipment,0.007723140782947446,0.006414194710789456,0.00912007841478381,0.0008494452897928103
calendar_3day_seed20260922,10_10000,alt3_closed_experts,altitude_circuit,0.029369366508945727,0.02771271860821555,0.03115130659519478,0.0010621040177764783
calendar_3day_seed20260922,10_10000,alt3_closed_experts,altitude_equipment,0.0006166223314174601,-0.000910619928629719,0.0020631642308530647,0.0009030234950023037
calendar_3day_seed20260922,10_10000,alt3_closed_experts,circuit_equipment,5.6163892669491844e-05,-0.0012590963250255604,0.0013855265063714979,0.0008435733624305775
calendar_3day_seed20260922,10_10000,alt3_closed_experts,three_way,0.002782159110356619,0.001340840873345228,0.004188086574239747,0.0008849619100369594
calendar_3day_seed20260922,10_100,alt0_open_beginners,altitude,-0.006108120071014689,-0.008625267176106977,-0.003755650175314862,0.0014512093845664622
calendar_3day_seed20260922,10_100,alt0_open_beginners,circuit,0.005901530327626636,0.005014873814133703,0.006893133550690133,0.0005675860390906267
calendar_3day_seed20260922,10_100,alt0_open_beginners,equipment,-0.0068656341311142954,-0.007666866925081406,-0.006062539806472256,0.0004765157784797898
calendar_3day_seed20260922,10_100,alt0_open_beginners,altitude_circuit,0.008767351696345571,0.00629656129056676,0.011198754135584965,0.0015050918766016106
calendar_3day_seed20260922,10_100,alt0_open_beginners,altitude_equipment,0.0002614803523328657,-0.0019175035593666846,0.0024269403001473734,0.001330496473730791
calendar_3day_seed20260922,10_100,alt0_open_beginners,circuit_equipment,-0.0008326517849240878,-0.0016191547380823457,-6.443247588885939e-05,0.0004725314655664818
calendar_3day_seed20260922,10_100,alt0_open_beginners,three_way,-0.0010125869280196431,-0.003184040766140944,0.0012166308656012615,0.0013387853590543046
calendar_3day_seed20260922,10_100,alt0_open_experts,altitude,-0.006108120071014689,-0.008625267176106977,-0.003755650175314862,0.0014512093845664622
calendar_3day_seed20260922,10_100,alt0_open_experts,circuit,0.005901530327626636,0.005014873814133703,0.006893133550690133,0.0005675860390906267
calendar_3day_seed20260922,10_100,alt0_open_experts,equipment,0.0068656341311145175,0.0060625398064722445,0.0076668669250814,0.000476515778479788
calendar_3day_seed20260922,10_100,alt0_open_experts,altitude_circuit,0.008767351696345571,0.00629656129056676,0.011198754135584965,0.0015050918766016106
calendar_3day_seed20260922,10_100,alt0_open_experts,altitude_equipment,-0.00026148035233308775,-0.0024269403001475785,0.0019175035593666729,0.001330496473730788
calendar_3day_seed20260922,10_100,alt0_open_experts,circuit_equipment,0.0008326517849238657,6.443247588874265e-05,0.0016191547380825454,0.0004725314655664772
calendar_3day_seed20260922,10_100,alt0_open_experts,three_way,0.0010125869280198652,-0.0012166308656009603,0.0031840407661410607,0.001338785359054307
calendar_3day_seed20260922,10_100,alt0_closed_beginners,altitude,-0.006108120071014689,-0.008625267176106977,-0.003755650175314862,0.0014512093845664622
calendar_3day_seed20260922,10_100,alt0_closed_beginners,circuit,-0.005901530327626525,-0.006893133550690339,-0.005014873814133814,0.0005675860390906305
calendar_3day_seed20260922,10_100,alt0_closed_beginners,equipment,-0.0068656341311142954,-0.007666866925081406,-0.006062539806472256,0.0004765157784797898
calendar_3day_seed20260922,10_100,alt0_closed_beginners,altitude_circuit,-0.008767351696345682,-0.011198754135585059,-0.006296561290566455,0.0015050918766016006
calendar_3day_seed20260922,10_100,alt0_closed_beginners,altitude_equipment,0.0002614803523328657,-0.0019175035593666846,0.0024269403001473734,0.001330496473730791
calendar_3day_seed20260922,10_100,alt0_closed_beginners,circuit_equipment,0.0008326517849237547,6.443247588874819e-05,0.0016191547380824455,0.00047253146556647794
calendar_3day_seed20260922,10_100,alt0_closed_beginners,three_way,0.0010125869280199762,-0.001216630865600977,0.00318404076614085,0.0013387853590543122
calendar_3day_seed20260922,10_100,alt0_closed_experts,altitude,-0.006108120071014689,-0.008625267176106977,-0.003755650175314862,0.0014512093845664622
calendar_3day_seed20260922,10_100,alt0_closed_experts,circuit,-0.005901530327626525,-0.006893133550690339,-0.005014873814133814,0.0005675860390906305
calendar_3day_seed20260922,10_100,alt0_closed_experts,equipment,0.0068656341311145175,0.0060625398064722445,0.0076668669250814,0.000476515778479788
calendar_3day_seed20260922,10_100,alt0_closed_experts,altitude_circuit,-0.008767351696345682,-0.011198754135585059,-0.006296561290566455,0.0015050918766016006
calendar_3day_seed20260922,10_100,alt0_closed_experts,altitude_equipment,-0.00026148035233308775,-0.0024269403001475785,0.0019175035593666729,0.001330496473730788
calendar_3day_seed20260922,10_100,alt0_closed_experts,circuit_equipment,-0.0008326517849241988,-0.0016191547380825567,-6.443247588897041e-05,0.0004725314655664787
calendar_3day_seed20260922,10_100,alt0_closed_experts,three_way,-0.001012586928019532,-0.003184040766141055,0.001216630865601378,0.0013387853590543072
calendar_3day_seed20260922,10_100,alt1_open_beginners,altitude,-0.0036344473104443775,-0.004825455554784813,-0.0023930572838806894,0.0007251271501879366
calendar_3day_seed20260922,10_100,alt1_open_beginners,circuit,0.005901530327626636,0.005014873814133703,0.006893133550690133,0.0005675860390906267
calendar_3day_seed20260922,10_100,alt1_open_beginners,equipment,-0.0068656341311142954,-0.007666866925081406,-0.006062539806472256,0.0004765157784797898
calendar_3day_seed20260922,10_100,alt1_open_beginners,altitude_circuit,0.005827129943553944,0.004627722026579306,0.006986686242907108,0.0007221397075744929
calendar_3day_seed20260922,10_100,alt1_open_beginners,altitude_equipment,0.0005755790146646511,-0.0005952119846391601,0.0017522065044756783,0.0006872996722460834
calendar_3day_seed20260922,10_100,alt1_open_beginners,circuit_equipment,-0.0008326517849240878,-0.0016191547380823457,-6.443247588885939e-05,0.0004725314655664818
calendar_3day_seed20260922,10_100,alt1_open_beginners,three_way,-0.0024168937635978827,-0.0036313798829656742,-0.001213886621999971,0.0007201200331308479
calendar_3day_seed20260922,10_100,alt1_open_experts,altitude,-0.0036344473104443775,-0.004825455554784813,-0.0023930572838806894,0.0007251271501879366
calendar_3day_seed20260922,10_100,alt1_open_experts,circuit,0.005901530327626636,0.005014873814133703,0.006893133550690133,0.0005675860390906267
calendar_3day_seed20260922,10_100,alt1_open_experts,equipment,0.0068656341311145175,0.0060625398064722445,0.0076668669250814,0.000476515778479788
calendar_3day_seed20260922,10_100,alt1_open_experts,altitude_circuit,0.005827129943553944,0.004627722026579306,0.006986686242907108,0.0007221397075744929
calendar_3day_seed20260922,10_100,alt1_open_experts,altitude_equipment,-0.0005755790146646511,-0.001752206504475673,0.0005952119846391711,0.0006872996722460836
calendar_3day_seed20260922,10_100,alt1_open_experts,circuit_equipment,0.0008326517849238657,6.443247588874265e-05,0.0016191547380825454,0.0004725314655664772
calendar_3day_seed20260922,10_100,alt1_open_experts,three_way,0.0024168937635979937,0.0012138866220001876,0.0036313798829656517,0.0007201200331308512
calendar_3day_seed20260922,10_100,alt1_closed_beginners,altitude,-0.0036344473104443775,-0.004825455554784813,-0.0023930572838806894,0.0007251271501879366
calendar_3day_seed20260922,10_100,alt1_closed_beginners,circuit,-0.005901530327626525,-0.006893133550690339,-0.005014873814133814,0.0005675860390906305
calendar_3day_seed20260922,10_100,alt1_closed_beginners,equipment,-0.0068656341311142954,-0.007666866925081406,-0.006062539806472256,0.0004765157784797898
calendar_3day_seed20260922,10_100,alt1_closed_beginners,altitude_circuit,-0.005827129943553833,-0.006986686242907003,-0.004627722026579623,0.0007221397075745
calendar_3day_seed20260922,10_100,alt1_closed_beginners,altitude_equipment,0.0005755790146646511,-0.0005952119846391601,0.0017522065044756783,0.0006872996722460834
calendar_3day_seed20260922,10_100,alt1_closed_beginners,circuit_equipment,0.0008326517849237547,6.443247588874819e-05,0.0016191547380824455,0.00047253146556647794
calendar_3day_seed20260922,10_100,alt1_closed_beginners,three_way,0.0024168937635979937,0.0012138866220002876,0.003631379882965757,0.0007201200331308444
calendar_3day_seed20260922,10_100,alt1_closed_experts,altitude,-0.0036344473104443775,-0.004825455554784813,-0.0023930572838806894,0.0007251271501879366
calendar_3day_seed20260922,10_100,alt1_closed_experts,circuit,-0.005901530327626525,-0.006893133550690339,-0.005014873814133814,0.0005675860390906305
calendar_3day_seed20260922,10_100,alt1_closed_experts,equipment,0.0068656341311145175,0.0060625398064722445,0.0076668669250814,0.000476515778479788
calendar_3day_seed20260922,10_100,alt1_closed_experts,altitude_circuit,-0.005827129943553833,-0.006986686242907003,-0.004627722026579623,0.0007221397075745
calendar_3day_seed20260922,10_100,alt1_closed_experts,altitude_equipment,-0.0005755790146646511,-0.001752206504475673,0.0005952119846391711,0.0006872996722460836
calendar_3day_seed20260922,10_100,alt1_closed_experts,circuit_equipment,-0.0008326517849241988,-0.0016191547380825567,-6.443247588897041e-05,0.0004725314655664787
calendar_3day_seed20260922,10_100,alt1_closed_experts,three_way,-0.0024168937635978827,-0.0036313798829657683,-0.0012138866220001876,0.000720120033130856
calendar_3day_seed20260922,10_100,alt2_open_beginners,altitude,0.00230266786275779,0.0014463345627106882,0.0032631980886375757,0.0005575503894377336
calendar_3day_seed20260922,10_100,alt2_open_beginners,circuit,0.005901530327626636,0.005014873814133703,0.006893133550690133,0.0005675860390906267
calendar_3day_seed20260922,10_100,alt2_open_beginners,equipment,-0.0068656341311142954,-0.007666866925081406,-0.006062539806472256,0.0004765157784797898
calendar_3day_seed20260922,10_100,alt2_open_beginners,altitude_circuit,-0.006751410398615043,-0.00774384656732145,-0.005779948248062189,0.0005867002223776003
calendar_3day_seed20260922,10_100,alt2_open_beginners,altitude_equipment,-0.0008398737473496176,-0.0016451814849550884,-3.6966791889803986e-07,0.0004925022722489515
calendar_3day_seed20260922,10_100,alt2_open_beginners,circuit_equipment,-0.0008326517849240878,-0.0016191547380823457,-6.443247588885939e-05,0.0004725314655664818
calendar_3day_seed20260922,10_100,alt2_open_beginners,three_way,0.0012687366162951186,0.000437059993254324,0.002050142906790197,0.0004928837866835991
calendar_3day_seed20260922,10_100,alt2_open_experts,altitude,0.00230266786275779,0.0014463345627106882,0.0032631980886375757,0.0005575503894377336
calendar_3day_seed20260922,10_100,alt2_open_experts,circuit,0.005901530327626636,0.005014873814133703,0.006893133550690133,0.0005675860390906267
calendar_3day_seed20260922,10_100,alt2_open_experts,equipment,0.0068656341311145175,0.0060625398064722445,0.0076668669250814,0.000476515778479788
calendar_3day_seed20260922,10_100,alt2_open_experts,altitude_circuit,-0.006751410398615043,-0.00774384656732145,-0.005779948248062189,0.0005867002223776003
calendar_3day_seed20260922,10_100,alt2_open_experts,altitude_equipment,0.0008398737473493956,3.696679187814556e-07,0.0016451814849553048,0.0004925022722489478
calendar_3day_seed20260922,10_100,alt2_open_experts,circuit_equipment,0.0008326517849238657,6.443247588874265e-05,0.0016191547380825454,0.0004725314655664772
calendar_3day_seed20260922,10_100,alt2_open_experts,three_way,-0.0012687366162947855,-0.0020501429067905142,-0.00043705999325464043,0.0004928837866835931
calendar_3day_seed20260922,10_100,alt2_closed_beginners,altitude,0.00230266786275779,0.0014463345627106882,0.0032631980886375757,0.0005575503894377336
calendar_3day_seed20260922,10_100,alt2_closed_beginners,circuit,-0.005901530327626525,-0.006893133550690339,-0.005014873814133814,0.0005675860390906305
calendar_3day_seed20260922,10_100,alt2_closed_beginners,equipment,-0.0068656341311142954,-0.007666866925081406,-0.006062539806472256,0.0004765157784797898
calendar_3day_seed20260922,10_100,alt2_closed_beginners,altitude_circuit,0.006751410398614932,0.005779948248062073,0.0077438465673216545,0.0005867002223776104
calendar_3day_seed20260922,10_100,alt2_closed_beginners,altitude_equipment,-0.0008398737473496176,-0.0016451814849550884,-3.6966791889803986e-07,0.0004925022722489515
calendar_3day_seed20260922,10_100,alt2_closed_beginners,circuit_equipment,0.0008326517849237547,6.443247588874819e-05,0.0016191547380824455,0.00047253146556647794
calendar_3day_seed20260922,10_100,alt2_closed_beginners,three_way,-0.0012687366162947855,-0.0020501429067905142,-0.00043705999325463485,0.00049288378668359
calendar_3day_seed20260922,10_100,alt2_closed_experts,altitude,0.00230266786275779,0.0014463345627106882,0.0032631980886375757,0.0005575503894377336
calendar_3day_seed20260922,10_100,alt2_closed_experts,circuit,-0.005901530327626525,-0.006893133550690339,-0.005014873814133814,0.0005675860390906305
calendar_3day_seed20260922,10_100,alt2_closed_experts,equipment,0.0068656341311145175,0.0060625398064722445,0.0076668669250814,0.000476515778479788
calendar_3day_seed20260922,10_100,alt2_closed_experts,altitude_circuit,0.006751410398614932,0.005779948248062073,0.0077438465673216545,0.0005867002223776104
calendar_3day_seed20260922,10_100,alt2_closed_experts,altitude_equipment,0.0008398737473493956,3.696679187814556e-07,0.0016451814849553048,0.0004925022722489478
calendar_3day_seed20260922,10_100,alt2_closed_experts,circuit_equipment,-0.0008326517849241988,-0.0016191547380825567,-6.443247588897041e-05,0.0004725314655664787
calendar_3day_seed20260922,10_100,alt2_closed_experts,three_way,0.0012687366162951186,0.0004370599932544461,0.002050142906790103,0.0004928837866835978
calendar_3day_seed20260922,10_100,alt3_open_beginners,altitude,0.007439899518701387,0.00638346551413731,0.00862734592483792,0.0006768680029791634
calendar_3day_seed20260922,10_100,alt3_open_beginners,circuit,0.005901530327626636,0.005014873814133703,0.006893133550690133,0.0005675860390906267
calendar_3day_seed20260922,10_100,alt3_open_beginners,equipment,-0.0068656341311142954,-0.007666866925081406,-0.006062539806472256,0.0004765157784797898
calendar_3day_seed20260922,10_100,alt3_open_beginners,altitude_circuit,-0.00784307124128436,-0.008892921536231956,-0.0068924425758102705,0.0006151273435864073
calendar_3day_seed20260922,10_100,alt3_open_beginners,altitude_equipment,2.8143803517677313e-06,-0.0008173372121528522,0.0008629107748104158,0.0005068947993798609
calendar_3day_seed20260922,10_100,alt3_open_beginners,circuit_equipment,-0.0008326517849240878,-0.0016191547380823457,-6.443247588885939e-05,0.0004725314655664818
calendar_3day_seed20260922,10_100,alt3_open_beginners,three_way,0.0021607440753226292,0.0013182942073245274,0.003006508428661192,0.0005062149380518436
calendar_3day_seed20260922,10_100,alt3_open_experts,altitude,0.007439899518701387,0.00638346551413731,0.00862734592483792,0.0006768680029791634
calendar_3day_seed20260922,10_100,alt3_open_experts,circuit,0.005901530327626636,0.005014873814133703,0.006893133550690133,0.0005675860390906267
calendar_3day_seed20260922,10_100,alt3_open_experts,equipment,0.0068656341311145175,0.0060625398064722445,0.0076668669250814,0.000476515778479788
calendar_3day_seed20260922,10_100,alt3_open_experts,altitude_circuit,-0.00784307124128436,-0.008892921536231956,-0.0068924425758102705,0.0006151273435864073
calendar_3day_seed20260922,10_100,alt3_open_experts,altitude_equipment,-2.814380351989776e-06,-0.0008629107748106268,0.0008173372121528522,0.0005068947993798614
calendar_3day_seed20260922,10_100,alt3_open_experts,circuit_equipment,0.0008326517849238657,6.443247588874265e-05,0.0016191547380825454,0.0004725314655664772
calendar_3day_seed20260922,10_100,alt3_open_experts,three_way,-0.0021607440753225182,-0.0030065084286610643,-0.0013182942073243112,0.0005062149380518462
calendar_3day_seed20260922,10_100,alt3_closed_beginners,altitude,0.007439899518701387,0.00638346551413731,0.00862734592483792,0.0006768680029791634
calendar_3day_seed20260922,10_100,alt3_closed_beginners,circuit,-0.005901530327626525,-0.006893133550690339,-0.005014873814133814,0.0005675860390906305
calendar_3day_seed20260922,10_100,alt3_closed_beginners,equipment,-0.0068656341311142954,-0.007666866925081406,-0.006062539806472256,0.0004765157784797898
calendar_3day_seed20260922,10_100,alt3_closed_beginners,altitude_circuit,0.00784307124128425,0.0068924425758103815,0.008892921536231852,0.0006151273435864181
calendar_3day_seed20260922,10_100,alt3_closed_beginners,altitude_equipment,2.8143803517677313e-06,-0.0008173372121528522,0.0008629107748104158,0.0005068947993798609
calendar_3day_seed20260922,10_100,alt3_closed_beginners,circuit_equipment,0.0008326517849237547,6.443247588874819e-05,0.0016191547380824455,0.00047253146556647794
calendar_3day_seed20260922,10_100,alt3_closed_beginners,three_way,-0.002160744075322296,-0.00300650842866127,-0.0013182942073240948,0.0005062149380518437
calendar_3day_seed20260922,10_100,alt3_closed_experts,altitude,0.007439899518701387,0.00638346551413731,0.00862734592483792,0.0006768680029791634
calendar_3day_seed20260922,10_100,alt3_closed_experts,circuit,-0.005901530327626525,-0.006893133550690339,-0.005014873814133814,0.0005675860390906305
calendar_3day_seed20260922,10_100,alt3_closed_experts,equipment,0.0068656341311145175,0.0060625398064722445,0.0076668669250814,0.000476515778479788
calendar_3day_seed20260922,10_100,alt3_closed_experts,altitude_circuit,0.00784307124128425,0.0068924425758103815,0.008892921536231852,0.0006151273435864181
calendar_3day_seed20260922,10_100,alt3_closed_experts,altitude_equipment,-2.814380351989776e-06,-0.0008629107748106268,0.0008173372121528522,0.0005068947993798614
calendar_3day_seed20260922,10_100,alt3_closed_experts,circuit_equipment,-0.0008326517849241988,-0.0016191547380825567,-6.443247588897041e-05,0.0004725314655664787
calendar_3day_seed20260922,10_100,alt3_closed_experts,three_way,0.0021607440753228513,0.0013182942073245274,0.003006508428661186,0.0005062149380518367
calendar_3day_seed20260922,100_1000,alt0_open_beginners,altitude,0.004464751357227459,0.0013755445401963048,0.007152569790968205,0.0017932202252236601
calendar_3day_seed20260922,100_1000,alt0_open_beginners,circuit,0.02086378291087898,0.01974645121169457,0.022070018033740386,0.0007110907955142895
calendar_3day_seed20260922,100_1000,alt0_open_beginners,equipment,-0.004479963147880572,-0.005448065198907215,-0.0035270386254646013,0.0006010666540747867
calendar_3day_seed20260922,100_1000,alt0_open_beginners,altitude_circuit,0.018490889488029016,0.01573339802142467,0.02146523358312236,0.0018280172135305864
calendar_3day_seed20260922,100_1000,alt0_open_beginners,altitude_equipment,0.0003566302564600443,-0.00235636664724474,0.00309879875283413,0.001703051180245269
calendar_3day_seed20260922,100_1000,alt0_open_beginners,circuit_equipment,-0.0012113738103690652,-0.0021906706423096725,-0.0002188994801883785,0.0006051897949621375
calendar_3day_seed20260922,100_1000,alt0_open_beginners,three_way,0.000874669148889673,-0.001898210150506341,0.0036350266917064933,0.001712772978850995
calendar_3day_seed20260922,100_1000,alt0_open_experts,altitude,0.004464751357227459,0.0013755445401963048,0.007152569790968205,0.0017932202252236601
calendar_3day_seed20260922,100_1000,alt0_open_experts,circuit,0.02086378291087898,0.01974645121169457,0.022070018033740386,0.0007110907955142895
calendar_3day_seed20260922,100_1000,alt0_open_experts,equipment,0.00447996314788035,0.003527038625464696,0.005448065198907226,0.0006010666540747897
calendar_3day_seed20260922,100_1000,alt0_open_experts,altitude_circuit,0.018490889488029016,0.01573339802142467,0.02146523358312236,0.0018280172135305864
calendar_3day_seed20260922,100_1000,alt0_open_experts,altitude_equipment,-0.00035663025645982227,-0.0030987987528340146,0.002356366647244534,0.0017030511802452598
calendar_3day_seed20260922,100_1000,alt0_open_experts,circuit_equipment,0.0012113738103693983,0.00021889948018826702,0.0021906706423097553,0.0006051897949621557
calendar_3day_seed20260922,100_1000,alt0_open_experts,three_way,-0.000874669148889895,-0.003635026691706284,0.001898210150506535,0.0017127729788509842
calendar_3day_seed20260922,100_1000,alt0_closed_beginners,altitude,0.004464751357227459,0.0013755445401963048,0.007152569790968205,0.0017932202252236601
calendar_3day_seed20260922,100_1000,alt0_closed_beginners,circuit,-0.020863782910879203,-0.022070018033740268,-0.019746451211694577,0.0007110907955142894
calendar_3day_seed20260922,100_1000,alt0_closed_beginners,equipment,-0.004479963147880572,-0.005448065198907215,-0.0035270386254646013,0.0006010666540747867
calendar_3day_seed20260922,100_1000,alt0_closed_beginners,altitude_circuit,-0.018490889488028905,-0.021465233583122367,-0.015733398021424677,0.0018280172135305838
calendar_3day_seed20260922,100_1000,alt0_closed_beginners,altitude_equipment,0.0003566302564600443,-0.00235636664724474,0.00309879875283413,0.001703051180245269
calendar_3day_seed20260922,100_1000,alt0_closed_beginners,circuit_equipment,0.0012113738103692873,0.00021889948018827257,0.0021906706423097497,0.0006051897949621543
calendar_3day_seed20260922,100_1000,alt0_closed_beginners,three_way,-0.000874669148889784,-0.0036350266917061728,0.0018982101505064406,0.0017127729788509864
calendar_3day_seed20260922,100_1000,alt0_closed_experts,altitude,0.004464751357227459,0.0013755445401963048,0.007152569790968205,0.0017932202252236601
calendar_3day_seed20260922,100_1000,alt0_closed_experts,circuit,-0.020863782910879203,-0.022070018033740268,-0.019746451211694577,0.0007110907955142894
calendar_3day_seed20260922,100_1000,alt0_closed_experts,equipment,0.00447996314788035,0.003527038625464696,0.005448065198907226,0.0006010666540747897
calendar_3day_seed20260922,100_1000,alt0_closed_experts,altitude_circuit,-0.018490889488028905,-0.021465233583122367,-0.015733398021424677,0.0018280172135305838
calendar_3day_seed20260922,100_1000,alt0_closed_experts,altitude_equipment,-0.00035663025645982227,-0.0030987987528340146,0.002356366647244534,0.0017030511802452598
calendar_3day_seed20260922,100_1000,alt0_closed_experts,circuit_equipment,-0.0012113738103689542,-0.002190670642309667,-0.00021889948018827303,0.0006051897949621461
calendar_3day_seed20260922,100_1000,alt0_closed_experts,three_way,0.0008746691488894509,-0.001898210150506452,0.0036350266917062712,0.001712772978850994
calendar_3day_seed20260922,100_1000,alt1_open_beginners,altitude,0.000982105207501749,-0.0005693488623999267,0.0025558545596205463,0.0009491589407992745
calendar_3day_seed20260922,100_1000,alt1_open_beginners,circuit,0.02086378291087898,0.01974645121169457,0.022070018033740386,0.0007110907955142895
calendar_3day_seed20260922,100_1000,alt1_open_beginners,equipment,-0.004479963147880572,-0.005448065198907215,-0.0035270386254646013,0.0006010666540747867
calendar_3day_seed20260922,100_1000,alt1_open_beginners,altitude_circuit,0.01351946497282508,0.011938397171243315,0.014920169480803575,0.0009284749401378126
calendar_3day_seed20260922,100_1000,alt1_open_beginners,altitude_equipment,0.001092535487125068,-0.0004032755464701222,0.0026171863910245444,0.0009165613098441497
calendar_3day_seed20260922,100_1000,alt1_open_beginners,circuit_equipment,-0.0012113738103690652,-0.0021906706423096725,-0.0002188994801883785,0.0006051897949621375
calendar_3day_seed20260922,100_1000,alt1_open_beginners,three_way,-0.0039110466564745705,-0.005412626990367414,-0.0023653176944358543,0.0009464352384872408
calendar_3day_seed20260922,100_1000,alt1_open_experts,altitude,0.000982105207501749,-0.0005693488623999267,0.0025558545596205463,0.0009491589407992745
calendar_3day_seed20260922,100_1000,alt1_open_experts,circuit,0.02086378291087898,0.01974645121169457,0.022070018033740386,0.0007110907955142895
calendar_3day_seed20260922,100_1000,alt1_open_experts,equipment,0.00447996314788035,0.003527038625464696,0.005448065198907226,0.0006010666540747897
calendar_3day_seed20260922,100_1000,alt1_open_experts,altitude_circuit,0.01351946497282508,0.011938397171243315,0.014920169480803575,0.0009284749401378126
calendar_3day_seed20260922,100_1000,alt1_open_experts,altitude_equipment,-0.001092535487124846,-0.0026171863910246563,0.00040327554647011057,0.0009165613098441527
calendar_3day_seed20260922,100_1000,alt1_open_experts,circuit_equipment,0.0012113738103693983,0.00021889948018826702,0.0021906706423097553,0.0006051897949621557
calendar_3day_seed20260922,100_1000,alt1_open_experts,three_way,0.0039110466564742374,0.0023653176944357476,0.005412626990367929,0.000946435238487241
calendar_3day_seed20260922,100_1000,alt1_closed_beginners,altitude,0.000982105207501749,-0.0005693488623999267,0.0025558545596205463,0.0009491589407992745
calendar_3day_seed20260922,100_1000,alt1_closed_beginners,circuit,-0.020863782910879203,-0.022070018033740268,-0.019746451211694577,0.0007110907955142894
calendar_3day_seed20260922,100_1000,alt1_closed_beginners,equipment,-0.004479963147880572,-0.005448065198907215,-0.0035270386254646013,0.0006010666540747867
calendar_3day_seed20260922,100_1000,alt1_closed_beginners,altitude_circuit,-0.013519464972824857,-0.014920169480803686,-0.011938397171243615,0.0009284749401378152
calendar_3day_seed20260922,100_1000,alt1_closed_beginners,altitude_equipment,0.001092535487125068,-0.0004032755464701222,0.0026171863910245444,0.0009165613098441497
calendar_3day_seed20260922,100_1000,alt1_closed_beginners,circuit_equipment,0.0012113738103692873,0.00021889948018827257,0.0021906706423097497,0.0006051897949621543
calendar_3day_seed20260922,100_1000,alt1_closed_beginners,three_way,0.0039110466564744595,0.0023653176944358587,0.00541262699036783,0.0009464352384872363
calendar_3day_seed20260922,100_1000,alt1_closed_experts,altitude,0.000982105207501749,-0.0005693488623999267,0.0025558545596205463,0.0009491589407992745
calendar_3day_seed20260922,100_1000,alt1_closed_experts,circuit,-0.020863782910879203,-0.022070018033740268,-0.019746451211694577,0.0007110907955142894
calendar_3day_seed20260922,100_1000,alt1_closed_experts,equipment,0.00447996314788035,0.003527038625464696,0.005448065198907226,0.0006010666540747897
calendar_3day_seed20260922,100_1000,alt1_closed_experts,altitude_circuit,-0.013519464972824857,-0.014920169480803686,-0.011938397171243615,0.0009284749401378152
calendar_3day_seed20260922,100_1000,alt1_closed_experts,altitude_equipment,-0.001092535487124846,-0.0026171863910246563,0.00040327554647011057,0.0009165613098441527
calendar_3day_seed20260922,100_1000,alt1_closed_experts,circuit_equipment,-0.0012113738103689542,-0.002190670642309667,-0.00021889948018827303,0.0006051897949621461
calendar_3day_seed20260922,100_1000,alt1_closed_experts,three_way,-0.0039110466564746815,-0.005412626990367403,-0.0023653176944359654,0.0009464352384872319
calendar_3day_seed20260922,100_1000,alt2_open_beginners,altitude,-0.0031865440313147975,-0.00432096681250625,-0.002027218710217821,0.0006899188712083562
calendar_3day_seed20260922,100_1000,alt2_open_beginners,circuit,0.02086378291087898,0.01974645121169457,0.022070018033740386,0.0007110907955142895
calendar_3day_seed20260922,100_1000,alt2_open_beginners,equipment,-0.004479963147880572,-0.005448065198907215,-0.0035270386254646013,0.0006010666540747867
calendar_3day_seed20260922,100_1000,alt2_open_beginners,altitude_circuit,-0.013946640061050841,-0.01511462006047214,-0.012829919845052485,0.0007091151246936916
calendar_3day_seed20260922,100_1000,alt2_open_beginners,altitude_equipment,-0.0015685597639323312,-0.002552451022725555,-0.0006129603777129567,0.0006171947917427609
calendar_3day_seed20260922,100_1000,alt2_open_beginners,circuit_equipment,-0.0012113738103690652,-0.0021906706423096725,-0.0002188994801883785,0.0006051897949621375
calendar_3day_seed20260922,100_1000,alt2_open_beginners,three_way,0.0005112529765111118,-0.0004904540476732279,0.0015797967696115852,0.0006214947297623293
calendar_3day_seed20260922,100_1000,alt2_open_experts,altitude,-0.0031865440313147975,-0.00432096681250625,-0.002027218710217821,0.0006899188712083562
calendar_3day_seed20260922,100_1000,alt2_open_experts,circuit,0.02086378291087898,0.01974645121169457,0.022070018033740386,0.0007110907955142895
calendar_3day_seed20260922,100_1000,alt2_open_experts,equipment,0.00447996314788035,0.003527038625464696,0.005448065198907226,0.0006010666540747897
calendar_3day_seed20260922,100_1000,alt2_open_experts,altitude_circuit,-0.013946640061050841,-0.01511462006047214,-0.012829919845052485,0.0007091151246936916
calendar_3day_seed20260922,100_1000,alt2_open_experts,altitude_equipment,0.0015685597639325533,0.0006129603777130676,0.0025524510227254438,0.0006171947917427637
calendar_3day_seed20260922,100_1000,alt2_open_experts,circuit_equipment,0.0012113738103693983,0.00021889948018826702,0.0021906706423097553,0.0006051897949621557
calendar_3day_seed20260922,100_1000,alt2_open_experts,three_way,-0.0005112529765115559,-0.0015797967696115857,0.000490454047673455,0.0006214947297623417
calendar_3day_seed20260922,100_1000,alt2_closed_beginners,altitude,-0.0031865440313147975,-0.00432096681250625,-0.002027218710217821,0.0006899188712083562
calendar_3day_seed20260922,100_1000,alt2_closed_beginners,circuit,-0.020863782910879203,-0.022070018033740268,-0.019746451211694577,0.0007110907955142894
calendar_3day_seed20260922,100_1000,alt2_closed_beginners,equipment,-0.004479963147880572,-0.005448065198907215,-0.0035270386254646013,0.0006010666540747867
calendar_3day_seed20260922,100_1000,alt2_closed_beginners,altitude_circuit,0.013946640061051063,0.012829919845052273,0.015114620060472149,0.0007091151246936844
calendar_3day_seed20260922,100_1000,alt2_closed_beginners,altitude_equipment,-0.0015685597639323312,-0.002552451022725555,-0.0006129603777129567,0.0006171947917427609
calendar_3day_seed20260922,100_1000,alt2_closed_beginners,circuit_equipment,0.0012113738103692873,0.00021889948018827257,0.0021906706423097497,0.0006051897949621543
calendar_3day_seed20260922,100_1000,alt2_closed_beginners,three_way,-0.0005112529765114449,-0.0015797967696115857,0.000490454047673344,0.0006214947297623461
calendar_3day_seed20260922,100_1000,alt2_closed_experts,altitude,-0.0031865440313147975,-0.00432096681250625,-0.002027218710217821,0.0006899188712083562
calendar_3day_seed20260922,100_1000,alt2_closed_experts,circuit,-0.020863782910879203,-0.022070018033740268,-0.019746451211694577,0.0007110907955142894
calendar_3day_seed20260922,100_1000,alt2_closed_experts,equipment,0.00447996314788035,0.003527038625464696,0.005448065198907226,0.0006010666540747897
calendar_3day_seed20260922,100_1000,alt2_closed_experts,altitude_circuit,0.013946640061051063,0.012829919845052273,0.015114620060472149,0.0007091151246936844
calendar_3day_seed20260922,100_1000,alt2_closed_experts,altitude_equipment,0.0015685597639325533,0.0006129603777130676,0.0025524510227254438,0.0006171947917427637
calendar_3day_seed20260922,100_1000,alt2_closed_experts,circuit_equipment,-0.0012113738103689542,-0.002190670642309667,-0.00021889948018827303,0.0006051897949621461
calendar_3day_seed20260922,100_1000,alt2_closed_experts,three_way,0.0005112529765111118,-0.0004904540476734388,0.0015797967696116852,0.0006214947297623377
calendar_3day_seed20260922,100_1000,alt3_open_beginners,altitude,-0.0022603125334146323,-0.003529185177512234,-0.0007561136264390923,0.0008361620893396606
calendar_3day_seed20260922,100_1000,alt3_open_beginners,circuit,0.02086378291087898,0.01974645121169457,0.022070018033740386,0.0007110907955142895
calendar_3day_seed20260922,100_1000,alt3_open_beginners,equipment,-0.004479963147880572,-0.005448065198907215,-0.0035270386254646013,0.0006010666540747867
calendar_3day_seed20260922,100_1000,alt3_open_beginners,altitude_circuit,-0.018063714399803033,-0.019444602822769153,-0.016794519161067202,0.0008004075873070379
calendar_3day_seed20260922,100_1000,alt3_open_beginners,altitude_equipment,0.00011939402034744084,-0.0009021929928424765,0.001200990126814122,0.0006477300955537538
calendar_3day_seed20260922,100_1000,alt3_open_beginners,circuit_equipment,-0.0012113738103690652,-0.0021906706423096725,-0.0002188994801883785,0.0006051897949621375
calendar_3day_seed20260922,100_1000,alt3_open_beginners,three_way,0.0025251245310733417,0.0014292954366308176,0.0035871397514073517,0.000639309502558192
calendar_3day_seed20260922,100_1000,alt3_open_experts,altitude,-0.0022603125334146323,-0.003529185177512234,-0.0007561136264390923,0.0008361620893396606
calendar_3day_seed20260922,100_1000,alt3_open_experts,circuit,0.02086378291087898,0.01974645121169457,0.022070018033740386,0.0007110907955142895
calendar_3day_seed20260922,100_1000,alt3_open_experts,equipment,0.00447996314788035,0.003527038625464696,0.005448065198907226,0.0006010666540747897
calendar_3day_seed20260922,100_1000,alt3_open_experts,altitude_circuit,-0.018063714399803033,-0.019444602822769153,-0.016794519161067202,0.0008004075873070379
calendar_3day_seed20260922,100_1000,alt3_open_experts,altitude_equipment,-0.00011939402034732982,-0.0012009901268144386,0.0009021929928426874,0.0006477300955537602
calendar_3day_seed20260922,100_1000,alt3_open_experts,circuit_equipment,0.0012113738103693983,0.00021889948018826702,0.0021906706423097553,0.0006051897949621557
calendar_3day_seed20260922,100_1000,alt3_open_experts,three_way,-0.0025251245310736747,-0.003587139751407243,-0.0014292954366307065,0.000639309502558211
calendar_3day_seed20260922,100_1000,alt3_closed_beginners,altitude,-0.0022603125334146323,-0.003529185177512234,-0.0007561136264390923,0.0008361620893396606
calendar_3day_seed20260922,100_1000,alt3_closed_beginners,circuit,-0.020863782910879203,-0.022070018033740268,-0.019746451211694577,0.0007110907955142894
calendar_3day_seed20260922,100_1000,alt3_closed_beginners,equipment,-0.004479963147880572,-0.005448065198907215,-0.0035270386254646013,0.0006010666540747867
calendar_3day_seed20260922,100_1000,alt3_closed_beginners,altitude_circuit,0.018063714399803255,0.016794519161067195,0.019444602822769358,0.0008004075873070369
calendar_3day_seed20260922,100_1000,alt3_closed_beginners,altitude_equipment,0.00011939402034744084,-0.0009021929928424765,0.001200990126814122,0.0006477300955537538
calendar_3day_seed20260922,100_1000,alt3_closed_beginners,circuit_equipment,0.0012113738103692873,0.00021889948018827257,0.0021906706423097497,0.0006051897949621543
calendar_3day_seed20260922,100_1000,alt3_closed_beginners,three_way,-0.0025251245310735637,-0.003587139751407337,-0.0014292954366306066,0.0006393095025582082
calendar_3day_seed20260922,100_1000,alt3_closed_experts,altitude,-0.0022603125334146323,-0.003529185177512234,-0.0007561136264390923,0.0008361620893396606
calendar_3day_seed20260922,100_1000,alt3_closed_experts,circuit,-0.020863782910879203,-0.022070018033740268,-0.019746451211694577,0.0007110907955142894
calendar_3day_seed20260922,100_1000,alt3_closed_experts,equipment,0.00447996314788035,0.003527038625464696,0.005448065198907226,0.0006010666540747897
calendar_3day_seed20260922,100_1000,alt3_closed_experts,altitude_circuit,0.018063714399803255,0.016794519161067195,0.019444602822769358,0.0008004075873070369
calendar_3day_seed20260922,100_1000,alt3_closed_experts,altitude_equipment,-0.00011939402034732982,-0.0012009901268144386,0.0009021929928426874,0.0006477300955537602
calendar_3day_seed20260922,100_1000,alt3_closed_experts,circuit_equipment,-0.0012113738103689542,-0.002190670642309667,-0.00021889948018827303,0.0006051897949621461
calendar_3day_seed20260922,100_1000,alt3_closed_experts,three_way,0.0025251245310732306,0.001429295436630723,0.003587139751407446,0.0006393095025581964
calendar_3day_seed20260922,1000_10000,alt0_open_beginners,altitude,0.020503148045126207,0.00911692422688617,0.02963489926098264,0.006367626218269554
calendar_3day_seed20260922,1000_10000,alt0_open_beginners,circuit,0.12461529675840466,0.12075836124687497,0.12928384412012567,0.0026408225868019474
calendar_3day_seed20260922,1000_10000,alt0_open_beginners,equipment,-0.016693495105728928,-0.0210720293386883,-0.012349528077853443,0.0026204879650767047
calendar_3day_seed20260922,1000_10000,alt0_open_beginners,altitude_circuit,0.047668159010264666,0.03834066686767944,0.058969790394001236,0.006358977170934734
calendar_3day_seed20260922,1000_10000,alt0_open_beginners,altitude_equipment,0.0037710243837919544,-0.008831758373965106,0.015164798206066235,0.007310253771670078
calendar_3day_seed20260922,1000_10000,alt0_open_beginners,circuit_equipment,0.0044737720595444674,0.00025518261777449574,0.00883840940494594,0.0026070939412261743
calendar_3day_seed20260922,1000_10000,alt0_open_beginners,three_way,0.004486531743835398,-0.006888369002824512,0.01724981295830394,0.007303133793008386
calendar_3day_seed20260922,1000_10000,alt0_open_experts,altitude,0.020503148045126207,0.00911692422688617,0.02963489926098264,0.006367626218269554
calendar_3day_seed20260922,1000_10000,alt0_open_experts,circuit,0.12461529675840466,0.12075836124687497,0.12928384412012567,0.0026408225868019474
calendar_3day_seed20260922,1000_10000,alt0_open_experts,equipment,0.01669349510572904,0.012349528077853339,0.02107202933868819,0.002620487965076699
calendar_3day_seed20260922,1000_10000,alt0_open_experts,altitude_circuit,0.047668159010264666,0.03834066686767944,0.058969790394001236,0.006358977170934734
calendar_3day_seed20260922,1000_10000,alt0_open_experts,altitude_equipment,-0.0037710243837920654,-0.015164798206066355,0.008831758373964898,0.007310253771670083
calendar_3day_seed20260922,1000_10000,alt0_open_experts,circuit_equipment,-0.0044737720595444674,-0.008838409404945635,-0.0002551826177743883,0.002607093941226166
calendar_3day_seed20260922,1000_10000,alt0_open_experts,three_way,-0.004486531743835398,-0.017249812958304044,0.006888369002824496,0.007303133793008396
calendar_3day_seed20260922,1000_10000,alt0_closed_beginners,altitude,0.020503148045126207,0.00911692422688617,0.02963489926098264,0.006367626218269554
calendar_3day_seed20260922,1000_10000,alt0_closed_beginners,circuit,-0.12461529675840466,-0.12928384412012578,-0.12075836124687486,0.0026408225868019513
calendar_3day_seed20260922,1000_10000,alt0_closed_beginners,equipment,-0.016693495105728928,-0.0210720293386883,-0.012349528077853443,0.0026204879650767047
calendar_3day_seed20260922,1000_10000,alt0_closed_beginners,altitude_circuit,-0.047668159010264666,-0.05896979039400145,-0.03834066686767956,0.00635897717093473
calendar_3day_seed20260922,1000_10000,alt0_closed_beginners,altitude_equipment,0.0037710243837919544,-0.008831758373965106,0.015164798206066235,0.007310253771670078
calendar_3day_seed20260922,1000_10000,alt0_closed_beginners,circuit_equipment,-0.004473772059544356,-0.008838409404945536,-0.00025518261777438277,0.0026070939412261677
calendar_3day_seed20260922,1000_10000,alt0_closed_beginners,three_way,-0.004486531743835398,-0.01724981295830394,0.006888369002824612,0.007303133793008393
calendar_3day_seed20260922,1000_10000,alt0_closed_experts,altitude,0.020503148045126207,0.00911692422688617,0.02963489926098264,0.006367626218269554
calendar_3day_seed20260922,1000_10000,alt0_closed_experts,circuit,-0.12461529675840466,-0.12928384412012578,-0.12075836124687486,0.0026408225868019513
calendar_3day_seed20260922,1000_10000,alt0_closed_experts,equipment,0.01669349510572904,0.012349528077853339,0.02107202933868819,0.002620487965076699
calendar_3day_seed20260922,1000_10000,alt0_closed_experts,altitude_circuit,-0.047668159010264666,-0.05896979039400145,-0.03834066686767956,0.00635897717093473
calendar_3day_seed20260922,1000_10000,alt0_closed_experts,altitude_equipment,-0.0037710243837920654,-0.015164798206066355,0.008831758373964898,0.007310253771670083
calendar_3day_seed20260922,1000_10000,alt0_closed_experts,circuit_equipment,0.004473772059544245,0.00025518261777470667,0.00883840940494574,0.0026070939412261673
calendar_3day_seed20260922,1000_10000,alt0_closed_experts,three_way,0.00448653174383562,-0.0068883690028245185,0.017249812958303933,0.007303133793008389
calendar_3day_seed20260922,1000_10000,alt1_open_beginners,altitude,-0.00961521186490255,-0.015226742087976025,-0.003514825117240307,0.0036794795215971637
calendar_3day_seed20260922,1000_10000,alt1_open_beginners,circuit,0.12461529675840466,0.12075836124687497,0.12928384412012567,0.0026408225868019474
calendar_3day_seed20260922,1000_10000,alt1_open_beginners,equipment,-0.016693495105728928,-0.0210720293386883,-0.012349528077853443,0.0026204879650767047
calendar_3day_seed20260922,1000_10000,alt1_open_beginners,altitude_circuit,0.061503024332869805,0.055462771343926395,0.0668686771879531,0.0035247180610352043
calendar_3day_seed20260922,1000_10000,alt1_open_beginners,altitude_equipment,0.008762679137749418,0.0032413538481574355,0.014997782038238948,0.0035606406721160966
calendar_3day_seed20260922,1000_10000,alt1_open_beginners,circuit_equipment,0.0044737720595444674,0.00025518261777449574,0.00883840940494594,0.0026070939412261743
calendar_3day_seed20260922,1000_10000,alt1_open_beginners,three_way,-0.0069010540252205654,-0.012916702762171111,-0.001063446256014036,0.003611240153871582
calendar_3day_seed20260922,1000_10000,alt1_open_experts,altitude,-0.00961521186490255,-0.015226742087976025,-0.003514825117240307,0.0036794795215971637
calendar_3day_seed20260922,1000_10000,alt1_open_experts,circuit,0.12461529675840466,0.12075836124687497,0.12928384412012567,0.0026408225868019474
calendar_3day_seed20260922,1000_10000,alt1_open_experts,equipment,0.01669349510572904,0.012349528077853339,0.02107202933868819,0.002620487965076699
calendar_3day_seed20260922,1000_10000,alt1_open_experts,altitude_circuit,0.061503024332869805,0.055462771343926395,0.0668686771879531,0.0035247180610352043
calendar_3day_seed20260922,1000_10000,alt1_open_experts,altitude_equipment,-0.00876267913774953,-0.014997782038239043,-0.0032413538481574525,0.003560640672116093
calendar_3day_seed20260922,1000_10000,alt1_open_experts,circuit_equipment,-0.0044737720595444674,-0.008838409404945635,-0.0002551826177743883,0.002607093941226166
calendar_3day_seed20260922,1000_10000,alt1_open_experts,three_way,0.0069010540252205654,0.0010634462560141272,0.012916702762171,0.0036112401538715855
calendar_3day_seed20260922,1000_10000,alt1_closed_beginners,altitude,-0.00961521186490255,-0.015226742087976025,-0.003514825117240307,0.0036794795215971637
calendar_3day_seed20260922,1000_10000,alt1_closed_beginners,circuit,-0.12461529675840466,-0.12928384412012578,-0.12075836124687486,0.0026408225868019513
calendar_3day_seed20260922,1000_10000,alt1_closed_beginners,equipment,-0.016693495105728928,-0.0210720293386883,-0.012349528077853443,0.0026204879650767047
calendar_3day_seed20260922,1000_10000,alt1_closed_beginners,altitude_circuit,-0.061503024332869805,-0.066868677187953,-0.055462771343926284,0.0035247180610352064
calendar_3day_seed20260922,1000_10000,alt1_closed_beginners,altitude_equipment,0.008762679137749418,0.0032413538481574355,0.014997782038238948,0.0035606406721160966
calendar_3day_seed20260922,1000_10000,alt1_closed_beginners,circuit_equipment,-0.004473772059544356,-0.008838409404945536,-0.00025518261777438277,0.0026070939412261677
calendar_3day_seed20260922,1000_10000,alt1_closed_beginners,three_way,0.0069010540252205654,0.0010634462560142382,0.012916702762171111,0.003611240153871584
calendar_3day_seed20260922,1000_10000,alt1_closed_experts,altitude,-0.00961521186490255,-0.015226742087976025,-0.003514825117240307,0.0036794795215971637
calendar_3day_seed20260922,1000_10000,alt1_closed_experts,circuit,-0.12461529675840466,-0.12928384412012578,-0.12075836124687486,0.0026408225868019513
calendar_3day_seed20260922,1000_10000,alt1_closed_experts,equipment,0.01669349510572904,0.012349528077853339,0.02107202933868819,0.002620487965076699
calendar_3day_seed20260922,1000_10000,alt1_closed_experts,altitude_circuit,-0.061503024332869805,-0.066868677187953,-0.055462771343926284,0.0035247180610352064
calendar_3day_seed20260922,1000_10000,alt1_closed_experts,altitude_equipment,-0.00876267913774953,-0.014997782038239043,-0.0032413538481574525,0.003560640672116093
calendar_3day_seed20260922,1000_10000,alt1_closed_experts,circuit_equipment,0.004473772059544245,0.00025518261777470667,0.00883840940494574,0.0026070939412261673
calendar_3day_seed20260922,1000_10000,alt1_closed_experts,three_way,-0.006901054025220454,-0.012916702762171339,-0.001063446256014147,0.0036112401538715808
calendar_3day_seed20260922,1000_10000,alt2_open_beginners,altitude,-0.019008506913656298,-0.022805702035193116,-0.014464185332108387,0.0025084020039651627
calendar_3day_seed20260922,1000_10000,alt2_open_beginners,circuit,0.12461529675840466,0.12075836124687497,0.12928384412012567,0.0026408225868019474
calendar_3day_seed20260922,1000_10000,alt2_open_beginners,equipment,-0.016693495105728928,-0.0210720293386883,-0.012349528077853443,0.0026204879650767047
calendar_3day_seed20260922,1000_10000,alt2_open_beginners,altitude_circuit,-0.033431725695022285,-0.037959209828763704,-0.029357268321780445,0.002553908807564005
calendar_3day_seed20260922,1000_10000,alt2_open_beginners,altitude_equipment,-0.00996644621570042,-0.014491610709608227,-0.00538071641638391,0.002738543155143419
calendar_3day_seed20260922,1000_10000,alt2_open_beginners,circuit_equipment,0.0044737720595444674,0.00025518261777449574,0.00883840940494594,0.0026070939412261743
calendar_3day_seed20260922,1000_10000,alt2_open_beginners,three_way,-0.0016242677733852018,-0.006032705957504392,0.0027953918624584327,0.002697873722805986
calendar_3day_seed20260922,1000_10000,alt2_open_experts,altitude,-0.019008506913656298,-0.022805702035193116,-0.014464185332108387,0.0025084020039651627
calendar_3day_seed20260922,1000_10000,alt2_open_experts,circuit,0.12461529675840466,0.12075836124687497,0.12928384412012567,0.0026408225868019474
calendar_3day_seed20260922,1000_10000,alt2_open_experts,equipment,0.01669349510572904,0.012349528077853339,0.02107202933868819,0.002620487965076699
calendar_3day_seed20260922,1000_10000,alt2_open_experts,altitude_circuit,-0.033431725695022285,-0.037959209828763704,-0.029357268321780445,0.002553908807564005
calendar_3day_seed20260922,1000_10000,alt2_open_experts,altitude_equipment,0.009966446215700198,0.005380716416383807,0.014491610709608227,0.0027385431551434176
calendar_3day_seed20260922,1000_10000,alt2_open_experts,circuit_equipment,-0.0044737720595444674,-0.008838409404945635,-0.0002551826177743883,0.002607093941226166
calendar_3day_seed20260922,1000_10000,alt2_open_experts,three_way,0.0016242677733854238,-0.00279539186245853,0.006032705957504069,0.002697873722805979
calendar_3day_seed20260922,1000_10000,alt2_closed_beginners,altitude,-0.019008506913656298,-0.022805702035193116,-0.014464185332108387,0.0025084020039651627
calendar_3day_seed20260922,1000_10000,alt2_closed_beginners,circuit,-0.12461529675840466,-0.12928384412012578,-0.12075836124687486,0.0026408225868019513
calendar_3day_seed20260922,1000_10000,alt2_closed_beginners,equipment,-0.016693495105728928,-0.0210720293386883,-0.012349528077853443,0.0026204879650767047
calendar_3day_seed20260922,1000_10000,alt2_closed_beginners,altitude_circuit,0.03343172569502206,0.029357268321780556,0.03795920982876359,0.0025539088075640054
calendar_3day_seed20260922,1000_10000,alt2_closed_beginners,altitude_equipment,-0.00996644621570042,-0.014491610709608227,-0.00538071641638391,0.002738543155143419
calendar_3day_seed20260922,1000_10000,alt2_closed_beginners,circuit_equipment,-0.004473772059544356,-0.008838409404945536,-0.00025518261777438277,0.0026070939412261677
calendar_3day_seed20260922,1000_10000,alt2_closed_beginners,three_way,0.0016242677733853128,-0.002795391862458208,0.006032705957503969,0.0026978737228059726
calendar_3day_seed20260922,1000_10000,alt2_closed_experts,altitude,-0.019008506913656298,-0.022805702035193116,-0.014464185332108387,0.0025084020039651627
calendar_3day_seed20260922,1000_10000,alt2_closed_experts,circuit,-0.12461529675840466,-0.12928384412012578,-0.12075836124687486,0.0026408225868019513
calendar_3day_seed20260922,1000_10000,alt2_closed_experts,equipment,0.01669349510572904,0.012349528077853339,0.02107202933868819,0.002620487965076699
calendar_3day_seed20260922,1000_10000,alt2_closed_experts,altitude_circuit,0.03343172569502206,0.029357268321780556,0.03795920982876359,0.0025539088075640054
calendar_3day_seed20260922,1000_10000,alt2_closed_experts,altitude_equipment,0.009966446215700198,0.005380716416383807,0.014491610709608227,0.0027385431551434176
calendar_3day_seed20260922,1000_10000,alt2_closed_experts,circuit_equipment,0.004473772059544245,0.00025518261777470667,0.00883840940494574,0.0026070939412261673
calendar_3day_seed20260922,1000_10000,alt2_closed_experts,three_way,-0.0016242677733850908,-0.006032705957504276,0.002795391862458316,0.0026978737228059743
calendar_3day_seed20260922,1000_10000,alt3_open_beginners,altitude,0.008120570733432864,0.004088072592166087,0.0130842577540405,0.0027415401451637705
calendar_3day_seed20260922,1000_10000,alt3_open_beginners,circuit,0.12461529675840466,0.12075836124687497,0.12928384412012567,0.0026408225868019474
calendar_3day_seed20260922,1000_10000,alt3_open_beginners,equipment,-0.016693495105728928,-0.0210720293386883,-0.012349528077853443,0.0026204879650767047
calendar_3day_seed20260922,1000_10000,alt3_open_beginners,altitude_circuit,-0.0757394576481123,-0.08082733573951487,-0.07150651677580523,0.0028721529926909097
calendar_3day_seed20260922,1000_10000,alt3_open_beginners,altitude_equipment,-0.002567257305841064,-0.006871323492277532,0.0016335522625838025,0.002671716841226555
calendar_3day_seed20260922,1000_10000,alt3_open_beginners,circuit_equipment,0.0044737720595444674,0.00025518261777449574,0.00883840940494594,0.0026070939412261743
calendar_3day_seed20260922,1000_10000,alt3_open_beginners,three_way,0.004038790054770258,-0.0004785234580531659,0.008481332592556288,0.0026921024864773094
calendar_3day_seed20260922,1000_10000,alt3_open_experts,altitude,0.008120570733432864,0.004088072592166087,0.0130842577540405,0.0027415401451637705
calendar_3day_seed20260922,1000_10000,alt3_open_experts,circuit,0.12461529675840466,0.12075836124687497,0.12928384412012567,0.0026408225868019474
calendar_3day_seed20260922,1000_10000,alt3_open_experts,equipment,0.01669349510572904,0.012349528077853339,0.02107202933868819,0.002620487965076699
calendar_3day_seed20260922,1000_10000,alt3_open_experts,altitude_circuit,-0.0757394576481123,-0.08082733573951487,-0.07150651677580523,0.0028721529926909097
calendar_3day_seed20260922,1000_10000,alt3_open_experts,altitude_equipment,0.002567257305840953,-0.0016335522625838042,0.006871323492277529,0.0026717168412265465
calendar_3day_seed20260922,1000_10000,alt3_open_experts,circuit_equipment,-0.0044737720595444674,-0.008838409404945635,-0.0002551826177743883,0.002607093941226166
calendar_3day_seed20260922,1000_10000,alt3_open_experts,three_way,-0.004038790054770147,-0.00848133259255608,0.0004785234580527396,0.0026921024864772964
calendar_3day_seed20260922,1000_10000,alt3_closed_beginners,altitude,0.008120570733432864,0.004088072592166087,0.0130842577540405,0.0027415401451637705
calendar_3day_seed20260922,1000_10000,alt3_closed_beginners,circuit,-0.12461529675840466,-0.12928384412012578,-0.12075836124687486,0.0026408225868019513
calendar_3day_seed20260922,1000_10000,alt3_closed_beginners,equipment,-0.016693495105728928,-0.0210720293386883,-0.012349528077853443,0.0026204879650767047
calendar_3day_seed20260922,1000_10000,alt3_closed_beginners,altitude_circuit,0.07573945764811207,0.07150651677580502,0.08082733573951464,0.0028721529926909028
calendar_3day_seed20260922,1000_10000,alt3_closed_beginners,altitude_equipment,-0.002567257305841064,-0.006871323492277532,0.0016335522625838025,0.002671716841226555
calendar_3day_seed20260922,1000_10000,alt3_closed_beginners,circuit_equipment,-0.004473772059544356,-0.008838409404945536,-0.00025518261777438277,0.0026070939412261677
calendar_3day_seed20260922,1000_10000,alt3_closed_beginners,three_way,-0.004038790054770258,-0.008481332592556085,0.0004785234580526341,0.0026921024864772986
calendar_3day_seed20260922,1000_10000,alt3_closed_experts,altitude,0.008120570733432864,0.004088072592166087,0.0130842577540405,0.0027415401451637705
calendar_3day_seed20260922,1000_10000,alt3_closed_experts,circuit,-0.12461529675840466,-0.12928384412012578,-0.12075836124687486,0.0026408225868019513
calendar_3day_seed20260922,1000_10000,alt3_closed_experts,equipment,0.01669349510572904,0.012349528077853339,0.02107202933868819,0.002620487965076699
calendar_3day_seed20260922,1000_10000,alt3_closed_experts,altitude_circuit,0.07573945764811207,0.07150651677580502,0.08082733573951464,0.0028721529926909028
calendar_3day_seed20260922,1000_10000,alt3_closed_experts,altitude_equipment,0.002567257305840953,-0.0016335522625838042,0.006871323492277529,0.0026717168412265465
calendar_3day_seed20260922,1000_10000,alt3_closed_experts,circuit_equipment,0.004473772059544245,0.00025518261777470667,0.00883840940494574,0.0026070939412261673
calendar_3day_seed20260922,1000_10000,alt3_closed_experts,three_way,0.00403879005477048,-0.00047852345805294937,0.008481332592556073,0.0026921024864773055
grid50_altitude_month_seed20260921,10_10000,alt0_open_beginners,altitude,0.007525380771875367,0.0018947673385258034,0.012814704137876429,0.0033922226570679407
grid50_altitude_month_seed20260921,10_10000,alt0_open_beginners,circuit,0.041173627113205935,0.039323462170261524,0.04352871972662907,0.0013107994432619355
grid50_altitude_month_seed20260921,10_10000,alt0_open_beginners,equipment,-0.007723140782947335,-0.008886110480126202,-0.0066418817778384825,0.0006884993624198346
grid50_altitude_month_seed20260921,10_10000,alt0_open_beginners,altitude_circuit,0.02382110231277801,0.018553848368944997,0.02939949725381703,0.0033224813566023305
grid50_altitude_month_seed20260921,10_10000,alt0_open_beginners,altitude_equipment,0.001442169762407186,-0.001283162619242695,0.004006734840730319,0.0016427777333216228
grid50_altitude_month_seed20260921,10_10000,alt0_open_beginners,circuit_equipment,5.616389266938082e-05,-0.0010328033896683131,0.001195284607402291,0.0006716393456573652
grid50_altitude_month_seed20260921,10_10000,alt0_open_beginners,three_way,0.0014002408713247316,-0.0011953002380216072,0.004148700781121973,0.0016907614716202633
grid50_altitude_month_seed20260921,10_10000,alt0_open_experts,altitude,0.007525380771875367,0.0018947673385258034,0.012814704137876429,0.0033922226570679407
grid50_altitude_month_seed20260921,10_10000,alt0_open_experts,circuit,0.041173627113205935,0.039323462170261524,0.04352871972662907,0.0013107994432619355
grid50_altitude_month_seed20260921,10_10000,alt0_open_experts,equipment,0.007723140782947446,0.0066418817778385875,0.008886110480126207,0.0006884993624198348
grid50_altitude_month_seed20260921,10_10000,alt0_open_experts,altitude_circuit,0.02382110231277801,0.018553848368944997,0.02939949725381703,0.0033224813566023305
grid50_altitude_month_seed20260921,10_10000,alt0_open_experts,altitude_equipment,-0.0014421697624074081,-0.004006734840730641,0.0012831626192423779,0.0016427777333216202
grid50_altitude_month_seed20260921,10_10000,alt0_open_experts,circuit_equipment,-5.6163892669491844e-05,-0.0011952846074026026,0.0010328033896684404,0.0006716393456573617
grid50_altitude_month_seed20260921,10_10000,alt0_open_experts,three_way,-0.0014002408713245096,-0.004148700781122084,0.0011953002380215238,0.0016907614716202659
grid50_altitude_month_seed20260921,10_10000,alt0_closed_beginners,altitude,0.007525380771875367,0.0018947673385258034,0.012814704137876429,0.0033922226570679407
grid50_altitude_month_seed20260921,10_10000,alt0_closed_beginners,circuit,-0.041173627113205824,-0.043528719726629084,-0.03932346217026164,0.001310799443261937
grid50_altitude_month_seed20260921,10_10000,alt0_closed_beginners,equipment,-0.007723140782947335,-0.008886110480126202,-0.0066418817778384825,0.0006884993624198346
grid50_altitude_month_seed20260921,10_10000,alt0_closed_beginners,altitude_circuit,-0.02382110231277823,-0.02939949725381702,-0.01855384836894499,0.003322481356602337
grid50_altitude_month_seed20260921,10_10000,alt0_closed_beginners,altitude_equipment,0.001442169762407186,-0.001283162619242695,0.004006734840730319,0.0016427777333216228
grid50_altitude_month_seed20260921,10_10000,alt0_closed_beginners,circuit_equipment,-5.6163892669602866e-05,-0.001195284607402708,0.001032803389668557,0.0006716393456573639
grid50_altitude_month_seed20260921,10_10000,alt0_closed_beginners,three_way,-0.0014002408713243986,-0.004148700781122078,0.0011953002380215181,0.001690761471620264
grid50_altitude_month_seed20260921,10_10000,alt0_closed_experts,altitude,0.007525380771875367,0.0018947673385258034,0.012814704137876429,0.0033922226570679407
grid50_altitude_month_seed20260921,10_10000,alt0_closed_experts,circuit,-0.041173627113205824,-0.043528719726629084,-0.03932346217026164,0.001310799443261937
grid50_altitude_month_seed20260921,10_10000,alt0_closed_experts,equipment,0.007723140782947446,0.0066418817778385875,0.008886110480126207,0.0006884993624198348
grid50_altitude_month_seed20260921,10_10000,alt0_closed_experts,altitude_circuit,-0.02382110231277823,-0.02939949725381702,-0.01855384836894499,0.003322481356602337
grid50_altitude_month_seed20260921,10_10000,alt0_closed_experts,altitude_equipment,-0.0014421697624074081,-0.004006734840730641,0.0012831626192423779,0.0016427777333216202
grid50_altitude_month_seed20260921,10_10000,alt0_closed_experts,circuit_equipment,5.6163892669491844e-05,-0.0010328033896682188,0.001195284607402602,0.0006716393456573596
grid50_altitude_month_seed20260921,10_10000,alt0_closed_experts,three_way,0.0014002408713245096,-0.001195300238021413,0.004148700781122078,0.0016907614716202663
grid50_altitude_month_seed20260921,10_10000,alt1_open_beginners,altitude,-0.000449754409719505,-0.003829940056151127,0.003166944616485394,0.0020896305200509514
grid50_altitude_month_seed20260921,10_10000,alt1_open_beginners,circuit,0.041173627113205935,0.039323462170261524,0.04352871972662907,0.0013107994432619355
grid50_altitude_month_seed20260921,10_10000,alt1_open_beginners,equipment,-0.007723140782947335,-0.008886110480126202,-0.0066418817778384825,0.0006884993624198346
grid50_altitude_month_seed20260921,10_10000,alt1_open_beginners,altitude_circuit,0.022491461446518368,0.019285016383595983,0.02559504353519958,0.001956743231085839
grid50_altitude_month_seed20260921,10_10000,alt1_open_beginners,altitude_equipment,0.0028559578983242684,0.000997295521469632,0.004757533282675319,0.0011677699791465836
grid50_altitude_month_seed20260921,10_10000,alt1_open_beginners,circuit_equipment,5.616389266938082e-05,-0.0010328033896683131,0.001195284607402291,0.0006716393456573652
grid50_altitude_month_seed20260921,10_10000,alt1_open_beginners,three_way,-0.004196452258376837,-0.005957630343507109,-0.0024623916484202537,0.0010948447048850303
grid50_altitude_month_seed20260921,10_10000,alt1_open_experts,altitude,-0.000449754409719505,-0.003829940056151127,0.003166944616485394,0.0020896305200509514
grid50_altitude_month_seed20260921,10_10000,alt1_open_experts,circuit,0.041173627113205935,0.039323462170261524,0.04352871972662907,0.0013107994432619355
grid50_altitude_month_seed20260921,10_10000,alt1_open_experts,equipment,0.007723140782947446,0.0066418817778385875,0.008886110480126207,0.0006884993624198348
grid50_altitude_month_seed20260921,10_10000,alt1_open_experts,altitude_circuit,0.022491461446518368,0.019285016383595983,0.02559504353519958,0.001956743231085839
grid50_altitude_month_seed20260921,10_10000,alt1_open_experts,altitude_equipment,-0.0028559578983242684,-0.004757533282675419,-0.000997295521469738,0.0011677699791465745
grid50_altitude_month_seed20260921,10_10000,alt1_open_experts,circuit_equipment,-5.6163892669491844e-05,-0.0011952846074026026,0.0010328033896684404,0.0006716393456573617
grid50_altitude_month_seed20260921,10_10000,alt1_open_experts,three_way,0.004196452258376948,0.00246239164842017,0.005957630343506891,0.0010948447048850284
grid50_altitude_month_seed20260921,10_10000,alt1_closed_beginners,altitude,-0.000449754409719505,-0.003829940056151127,0.003166944616485394,0.0020896305200509514
grid50_altitude_month_seed20260921,10_10000,alt1_closed_beginners,circuit,-0.041173627113205824,-0.043528719726629084,-0.03932346217026164,0.001310799443261937
grid50_altitude_month_seed20260921,10_10000,alt1_closed_beginners,equipment,-0.007723140782947335,-0.008886110480126202,-0.0066418817778384825,0.0006884993624198346
grid50_altitude_month_seed20260921,10_10000,alt1_closed_beginners,altitude_circuit,-0.02249146144651848,-0.02559504353519938,-0.01928501638359619,0.0019567432310858327
grid50_altitude_month_seed20260921,10_10000,alt1_closed_beginners,altitude_equipment,0.0028559578983242684,0.000997295521469632,0.004757533282675319,0.0011677699791465836
grid50_altitude_month_seed20260921,10_10000,alt1_closed_beginners,circuit_equipment,-5.6163892669602866e-05,-0.001195284607402708,0.001032803389668557,0.0006716393456573639
grid50_altitude_month_seed20260921,10_10000,alt1_closed_beginners,three_way,0.004196452258377059,0.0024623916484199536,0.0059576303435068855,0.0010948447048850262
grid50_altitude_month_seed20260921,10_10000,alt1_closed_experts,altitude,-0.000449754409719505,-0.003829940056151127,0.003166944616485394,0.0020896305200509514
grid50_altitude_month_seed20260921,10_10000,alt1_closed_experts,circuit,-0.041173627113205824,-0.043528719726629084,-0.03932346217026164,0.001310799443261937
grid50_altitude_month_seed20260921,10_10000,alt1_closed_experts,equipment,0.007723140782947446,0.0066418817778385875,0.008886110480126207,0.0006884993624198348
grid50_altitude_month_seed20260921,10_10000,alt1_closed_experts,altitude_circuit,-0.02249146144651848,-0.02559504353519938,-0.01928501638359619,0.0019567432310858327
grid50_altitude_month_seed20260921,10_10000,alt1_closed_experts,altitude_equipment,-0.0028559578983242684,-0.004757533282675419,-0.000997295521469738,0.0011677699791465745
grid50_altitude_month_seed20260921,10_10000,alt1_closed_experts,circuit_equipment,5.6163892669491844e-05,-0.0010328033896682188,0.001195284607402602,0.0006716393456573596
grid50_altitude_month_seed20260921,10_10000,alt1_closed_experts,three_way,-0.004196452258376948,-0.0059576303435067875,-0.002462391648420348,0.001094844704885034
grid50_altitude_month_seed20260921,10_10000,alt2_open_beginners,altitude,-0.00731528798753367,-0.010569141029701972,-0.004400367658160803,0.0018558037653479962
grid50_altitude_month_seed20260921,10_10000,alt2_open_beginners,circuit,0.041173627113205935,0.039323462170261524,0.04352871972662907,0.0013107994432619355
grid50_altitude_month_seed20260921,10_10000,alt2_open_beginners,equipment,-0.007723140782947335,-0.008886110480126202,-0.0066418817778384825,0.0006884993624198346
grid50_altitude_month_seed20260921,10_10000,alt2_open_beginners,altitude_circuit,-0.016943197250350983,-0.01998065989531351,-0.01315244778217849,0.0020682645500888952
grid50_altitude_month_seed20260921,10_10000,alt2_open_beginners,altitude_equipment,-0.0036815053293142164,-0.005012457427509281,-0.002295685530229691,0.0008342831788725115
grid50_altitude_month_seed20260921,10_10000,alt2_open_beginners,circuit_equipment,5.616389266938082e-05,-0.0010328033896683131,0.001195284607402291,0.0006716393456573652
grid50_altitude_month_seed20260921,10_10000,alt2_open_beginners,three_way,1.4052276695597499e-05,-0.0014751674752454314,0.0013220489170627844,0.0008463160939278448
grid50_altitude_month_seed20260921,10_10000,alt2_open_experts,altitude,-0.00731528798753367,-0.010569141029701972,-0.004400367658160803,0.0018558037653479962
grid50_altitude_month_seed20260921,10_10000,alt2_open_experts,circuit,0.041173627113205935,0.039323462170261524,0.04352871972662907,0.0013107994432619355
grid50_altitude_month_seed20260921,10_10000,alt2_open_experts,equipment,0.007723140782947446,0.0066418817778385875,0.008886110480126207,0.0006884993624198348
grid50_altitude_month_seed20260921,10_10000,alt2_open_experts,altitude_circuit,-0.016943197250350983,-0.01998065989531351,-0.01315244778217849,0.0020682645500888952
grid50_altitude_month_seed20260921,10_10000,alt2_open_experts,altitude_equipment,0.0036815053293142164,0.0022956855302301237,0.005012457427509382,0.0008342831788725138
grid50_altitude_month_seed20260921,10_10000,alt2_open_experts,circuit_equipment,-5.6163892669491844e-05,-0.0011952846074026026,0.0010328033896684404,0.0006716393456573617
grid50_altitude_month_seed20260921,10_10000,alt2_open_experts,three_way,-1.4052276695486476e-05,-0.0013220489170626792,0.0014751674752453256,0.0008463160939278416
grid50_altitude_month_seed20260921,10_10000,alt2_closed_beginners,altitude,-0.00731528798753367,-0.010569141029701972,-0.004400367658160803,0.0018558037653479962
grid50_altitude_month_seed20260921,10_10000,alt2_closed_beginners,circuit,-0.041173627113205824,-0.043528719726629084,-0.03932346217026164,0.001310799443261937
grid50_altitude_month_seed20260921,10_10000,alt2_closed_beginners,equipment,-0.007723140782947335,-0.008886110480126202,-0.0066418817778384825,0.0006884993624198346
grid50_altitude_month_seed20260921,10_10000,alt2_closed_beginners,altitude_circuit,0.016943197250350872,0.013152447782178495,0.019980659895313408,0.0020682645500888952
grid50_altitude_month_seed20260921,10_10000,alt2_closed_beginners,altitude_equipment,-0.0036815053293142164,-0.005012457427509281,-0.002295685530229691,0.0008342831788725115
grid50_altitude_month_seed20260921,10_10000,alt2_closed_beginners,circuit_equipment,-5.6163892669602866e-05,-0.001195284607402708,0.001032803389668557,0.0006716393456573639
grid50_altitude_month_seed20260921,10_10000,alt2_closed_beginners,three_way,-1.4052276695486476e-05,-0.0013220489170626905,0.0014751674752455255,0.0008463160939278441
grid50_altitude_month_seed20260921,10_10000,alt2_closed_experts,altitude,-0.00731528798753367,-0.010569141029701972,-0.004400367658160803,0.0018558037653479962
grid50_altitude_month_seed20260921,10_10000,alt2_closed_experts,circuit,-0.041173627113205824,-0.043528719726629084,-0.03932346217026164,0.001310799443261937
grid50_altitude_month_seed20260921,10_10000,alt2_closed_experts,equipment,0.007723140782947446,0.0066418817778385875,0.008886110480126207,0.0006884993624198348
grid50_altitude_month_seed20260921,10_10000,alt2_closed_experts,altitude_circuit,0.016943197250350872,0.013152447782178495,0.019980659895313408,0.0020682645500888952
grid50_altitude_month_seed20260921,10_10000,alt2_closed_experts,altitude_equipment,0.0036815053293142164,0.0022956855302301237,0.005012457427509382,0.0008342831788725138
grid50_altitude_month_seed20260921,10_10000,alt2_closed_experts,circuit_equipment,5.6163892669491844e-05,-0.0010328033896682188,0.001195284607402602,0.0006716393456573596
grid50_altitude_month_seed20260921,10_10000,alt2_closed_experts,three_way,1.4052276695486476e-05,-0.0014751674752452204,0.001322048917062468,0.0008463160939278377
grid50_altitude_month_seed20260921,10_10000,alt3_open_beginners,altitude,0.00023966162537802926,-0.0027599788619210976,0.0035103570265505295,0.0019511469149305317
grid50_altitude_month_seed20260921,10_10000,alt3_open_beginners,circuit,0.041173627113205935,0.039323462170261524,0.04352871972662907,0.0013107994432619355
grid50_altitude_month_seed20260921,10_10000,alt3_open_beginners,equipment,-0.007723140782947335,-0.008886110480126202,-0.0066418817778384825,0.0006884993624198346
grid50_altitude_month_seed20260921,10_10000,alt3_open_beginners,altitude_circuit,-0.029369366508945727,-0.03231135943809822,-0.026834985834835078,0.0017021921910781873
grid50_altitude_month_seed20260921,10_10000,alt3_open_beginners,altitude_equipment,-0.0006166223314174601,-0.001949563581780245,0.0007483839455250217,0.0008227549365504795
grid50_altitude_month_seed20260921,10_10000,alt3_open_beginners,circuit_equipment,5.616389266938082e-05,-0.0010328033896683131,0.001195284607402291,0.0006716393456573652
grid50_altitude_month_seed20260921,10_10000,alt3_open_beginners,three_way,0.002782159110356841,0.001479359962932203,0.003979379377598507,0.0007620118407352382
grid50_altitude_month_seed20260921,10_10000,alt3_open_experts,altitude,0.00023966162537802926,-0.0027599788619210976,0.0035103570265505295,0.0019511469149305317
grid50_altitude_month_seed20260921,10_10000,alt3_open_experts,circuit,0.041173627113205935,0.039323462170261524,0.04352871972662907,0.0013107994432619355
grid50_altitude_month_seed20260921,10_10000,alt3_open_experts,equipment,0.007723140782947446,0.0066418817778385875,0.008886110480126207,0.0006884993624198348
grid50_altitude_month_seed20260921,10_10000,alt3_open_experts,altitude_circuit,-0.029369366508945727,-0.03231135943809822,-0.026834985834835078,0.0017021921910781873
grid50_altitude_month_seed20260921,10_10000,alt3_open_experts,altitude_equipment,0.0006166223314173491,-0.0007483839455248109,0.00194956358178035,0.0008227549365504837
grid50_altitude_month_seed20260921,10_10000,alt3_open_experts,circuit_equipment,-5.6163892669491844e-05,-0.0011952846074026026,0.0010328033896684404,0.0006716393456573617
grid50_altitude_month_seed20260921,10_10000,alt3_open_experts,three_way,-0.002782159110356841,-0.003979379377598502,-0.0014793599629322031,0.0007620118407352361
grid50_altitude_month_seed20260921,10_10000,alt3_closed_beginners,altitude,0.00023966162537802926,-0.0027599788619210976,0.0035103570265505295,0.0019511469149305317
grid50_altitude_month_seed20260921,10_10000,alt3_closed_beginners,circuit,-0.041173627113205824,-0.043528719726629084,-0.03932346217026164,0.001310799443261937
grid50_altitude_month_seed20260921,10_10000,alt3_closed_beginners,equipment,-0.007723140782947335,-0.008886110480126202,-0.0066418817778384825,0.0006884993624198346
grid50_altitude_month_seed20260921,10_10000,alt3_closed_beginners,altitude_circuit,0.029369366508945616,0.026834985834835068,0.03231135943809842,0.0017021921910781819
grid50_altitude_month_seed20260921,10_10000,alt3_closed_beginners,altitude_equipment,-0.0006166223314174601,-0.001949563581780245,0.0007483839455250217,0.0008227549365504795
grid50_altitude_month_seed20260921,10_10000,alt3_closed_beginners,circuit_equipment,-5.6163892669602866e-05,-0.001195284607402708,0.001032803389668557,0.0006716393456573639
grid50_altitude_month_seed20260921,10_10000,alt3_closed_beginners,three_way,-0.002782159110356619,-0.003979379377598502,-0.0014793599629322088,0.000762011840735234
grid50_altitude_month_seed20260921,10_10000,alt3_closed_experts,altitude,0.00023966162537802926,-0.0027599788619210976,0.0035103570265505295,0.0019511469149305317
grid50_altitude_month_seed20260921,10_10000,alt3_closed_experts,circuit,-0.041173627113205824,-0.043528719726629084,-0.03932346217026164,0.001310799443261937
grid50_altitude_month_seed20260921,10_10000,alt3_closed_experts,equipment,0.007723140782947446,0.0066418817778385875,0.008886110480126207,0.0006884993624198348
grid50_altitude_month_seed20260921,10_10000,alt3_closed_experts,altitude_circuit,0.029369366508945616,0.026834985834835068,0.03231135943809842,0.0017021921910781819
grid50_altitude_month_seed20260921,10_10000,alt3_closed_experts,altitude_equipment,0.0006166223314173491,-0.0007483839455248109,0.00194956358178035,0.0008227549365504837
grid50_altitude_month_seed20260921,10_10000,alt3_closed_experts,circuit_equipment,5.6163892669491844e-05,-0.0010328033896682188,0.001195284607402602,0.0006716393456573596
grid50_altitude_month_seed20260921,10_10000,alt3_closed_experts,three_way,0.00278215911035673,0.001479359962932003,0.003979379377598296,0.0007620118407352367
grid50_altitude_month_seed20260921,10_100,alt0_open_beginners,altitude,-0.006108120071015022,-0.009934543775538046,-0.0020727622491383767,0.002378637544615999
grid50_altitude_month_seed20260921,10_100,alt0_open_beginners,circuit,0.005901530327626414,0.004600397598535971,0.007217862547528369,0.000799620809096248
grid50_altitude_month_seed20260921,10_100,alt0_open_beginners,equipment,-0.0068656341311144065,-0.0076293815853220315,-0.006138406665899371,0.0004492707078210225
grid50_altitude_month_seed20260921,10_100,alt0_open_beginners,altitude_circuit,0.008767351696345904,0.004980256067292103,0.012282524941448813,0.002202799636596594
grid50_altitude_month_seed20260921,10_100,alt0_open_beginners,altitude_equipment,0.00026148035233297673,-0.0015934098392162421,0.002213489813353392,0.0011441903598957111
grid50_altitude_month_seed20260921,10_100,alt0_open_beginners,circuit_equipment,-0.0008326517849239767,-0.0014904434404098665,-0.00013136963685309602,0.00041095732041033557
grid50_altitude_month_seed20260921,10_100,alt0_open_beginners,three_way,-0.0010125869280197541,-0.0027691086017468283,0.0008181507596430431,0.0010829871111596974
grid50_altitude_month_seed20260921,10_100,alt0_open_experts,altitude,-0.006108120071015022,-0.009934543775538046,-0.0020727622491383767,0.002378637544615999
grid50_altitude_month_seed20260921,10_100,alt0_open_experts,circuit,0.005901530327626414,0.004600397598535971,0.007217862547528369,0.000799620809096248
grid50_altitude_month_seed20260921,10_100,alt0_open_experts,equipment,0.0068656341311144065,0.006138406665899371,0.007629381585322136,0.00044927070782101625
grid50_altitude_month_seed20260921,10_100,alt0_open_experts,altitude_circuit,0.008767351696345904,0.004980256067292103,0.012282524941448813,0.002202799636596594
grid50_altitude_month_seed20260921,10_100,alt0_open_experts,altitude_equipment,-0.00026148035233297673,-0.002213489813353281,0.0015934098392160311,0.001144190359895725
grid50_altitude_month_seed20260921,10_100,alt0_open_experts,circuit_equipment,0.0008326517849239767,0.00013136963685299037,0.0014904434404097555,0.00041095732041032825
grid50_altitude_month_seed20260921,10_100,alt0_open_experts,three_way,0.0010125869280196431,-0.000818150759643055,0.0027691086017470217,0.0010829871111597059
grid50_altitude_month_seed20260921,10_100,alt0_closed_beginners,altitude,-0.006108120071015022,-0.009934543775538046,-0.0020727622491383767,0.002378637544615999
grid50_altitude_month_seed20260921,10_100,alt0_closed_beginners,circuit,-0.005901530327626525,-0.007217862547528264,-0.004600397598535766,0.0007996208090962491
grid50_altitude_month_seed20260921,10_100,alt0_closed_beginners,equipment,-0.0068656341311144065,-0.0076293815853220315,-0.006138406665899371,0.0004492707078210225
grid50_altitude_month_seed20260921,10_100,alt0_closed_beginners,altitude_circuit,-0.008767351696345682,-0.012282524941448698,-0.00498025606729199,0.002202799636596596
grid50_altitude_month_seed20260921,10_100,alt0_closed_beginners,altitude_equipment,0.00026148035233297673,-0.0015934098392162421,0.002213489813353392,0.0011441903598957111
grid50_altitude_month_seed20260921,10_100,alt0_closed_beginners,circuit_equipment,0.0008326517849240878,0.00013136963685267397,0.0014904434404098609,0.00041095732041033074
grid50_altitude_month_seed20260921,10_100,alt0_closed_beginners,three_way,0.001012586928019532,-0.0008181507596430661,0.002769108601746922,0.001082987111159705
grid50_altitude_month_seed20260921,10_100,alt0_closed_experts,altitude,-0.006108120071015022,-0.009934543775538046,-0.0020727622491383767,0.002378637544615999
grid50_altitude_month_seed20260921,10_100,alt0_closed_experts,circuit,-0.005901530327626525,-0.007217862547528264,-0.004600397598535766,0.0007996208090962491
grid50_altitude_month_seed20260921,10_100,alt0_closed_experts,equipment,0.0068656341311144065,0.006138406665899371,0.007629381585322136,0.00044927070782101625
grid50_altitude_month_seed20260921,10_100,alt0_closed_experts,altitude_circuit,-0.008767351696345682,-0.012282524941448698,-0.00498025606729199,0.002202799636596596
grid50_altitude_month_seed20260921,10_100,alt0_closed_experts,altitude_equipment,-0.00026148035233297673,-0.002213489813353281,0.0015934098392160311,0.001144190359895725
grid50_altitude_month_seed20260921,10_100,alt0_closed_experts,circuit_equipment,-0.0008326517849240878,-0.0014904434404099665,-0.0001313696368528851,0.0004109573204103353
grid50_altitude_month_seed20260921,10_100,alt0_closed_experts,three_way,-0.001012586928019532,-0.0027691086017470334,0.0008181507596431486,0.0010829871111596924
grid50_altitude_month_seed20260921,10_100,alt1_open_beginners,altitude,-0.0036344473104443775,-0.005756241704310927,-0.001378055477434819,0.001341732006521511
grid50_altitude_month_seed20260921,10_100,alt1_open_beginners,circuit,0.005901530327626414,0.004600397598535971,0.007217862547528369,0.000799620809096248
grid50_altitude_month_seed20260921,10_100,alt1_open_beginners,equipment,-0.0068656341311144065,-0.0076293815853220315,-0.006138406665899371,0.0004492707078210225
grid50_altitude_month_seed20260921,10_100,alt1_open_beginners,altitude_circuit,0.005827129943553944,0.003919878287322631,0.0076037138486540635,0.001108488391011192
grid50_altitude_month_seed20260921,10_100,alt1_open_beginners,altitude_equipment,0.0005755790146648732,-0.0006361168999640345,0.0016777116899145117,0.0007147436970141049
grid50_altitude_month_seed20260921,10_100,alt1_open_beginners,circuit_equipment,-0.0008326517849239767,-0.0014904434404098665,-0.00013136963685309602,0.00041095732041033557
grid50_altitude_month_seed20260921,10_100,alt1_open_beginners,three_way,-0.0024168937635981047,-0.0034358616266880913,-0.0013422804210662946,0.0006483080072122279
grid50_altitude_month_seed20260921,10_100,alt1_open_experts,altitude,-0.0036344473104443775,-0.005756241704310927,-0.001378055477434819,0.001341732006521511
grid50_altitude_month_seed20260921,10_100,alt1_open_experts,circuit,0.005901530327626414,0.004600397598535971,0.007217862547528369,0.000799620809096248
grid50_altitude_month_seed20260921,10_100,alt1_open_experts,equipment,0.0068656341311144065,0.006138406665899371,0.007629381585322136,0.00044927070782101625
grid50_altitude_month_seed20260921,10_100,alt1_open_experts,altitude_circuit,0.005827129943553944,0.003919878287322631,0.0076037138486540635,0.001108488391011192
grid50_altitude_month_seed20260921,10_100,alt1_open_experts,altitude_equipment,-0.0005755790146647621,-0.001677711689914735,0.0006361168999640279,0.0007147436970141059
grid50_altitude_month_seed20260921,10_100,alt1_open_experts,circuit_equipment,0.0008326517849239767,0.00013136963685299037,0.0014904434404097555,0.00041095732041032825
grid50_altitude_month_seed20260921,10_100,alt1_open_experts,three_way,0.0024168937635981047,0.0013422804210661665,0.0034358616266885076,0.0006483080072122322
grid50_altitude_month_seed20260921,10_100,alt1_closed_beginners,altitude,-0.0036344473104443775,-0.005756241704310927,-0.001378055477434819,0.001341732006521511
grid50_altitude_month_seed20260921,10_100,alt1_closed_beginners,circuit,-0.005901530327626525,-0.007217862547528264,-0.004600397598535766,0.0007996208090962491
grid50_altitude_month_seed20260921,10_100,alt1_closed_beginners,equipment,-0.0068656341311144065,-0.0076293815853220315,-0.006138406665899371,0.0004492707078210225
grid50_altitude_month_seed20260921,10_100,alt1_closed_beginners,altitude_circuit,-0.005827129943553833,-0.007603713848653965,-0.003919878287322516,0.0011084883910111986
grid50_altitude_month_seed20260921,10_100,alt1_closed_beginners,altitude_equipment,0.0005755790146648732,-0.0006361168999640345,0.0016777116899145117,0.0007147436970141049
grid50_altitude_month_seed20260921,10_100,alt1_closed_beginners,circuit_equipment,0.0008326517849240878,0.00013136963685267397,0.0014904434404098609,0.00041095732041033074
grid50_altitude_month_seed20260921,10_100,alt1_closed_beginners,three_way,0.0024168937635979937,0.0013422804210658555,0.0034358616266882912,0.0006483080072122315
grid50_altitude_month_seed20260921,10_100,alt1_closed_experts,altitude,-0.0036344473104443775,-0.005756241704310927,-0.001378055477434819,0.001341732006521511
grid50_altitude_month_seed20260921,10_100,alt1_closed_experts,circuit,-0.005901530327626525,-0.007217862547528264,-0.004600397598535766,0.0007996208090962491
grid50_altitude_month_seed20260921,10_100,alt1_closed_experts,equipment,0.0068656341311144065,0.006138406665899371,0.007629381585322136,0.00044927070782101625
grid50_altitude_month_seed20260921,10_100,alt1_closed_experts,altitude_circuit,-0.005827129943553833,-0.007603713848653965,-0.003919878287322516,0.0011084883910111986
grid50_altitude_month_seed20260921,10_100,alt1_closed_experts,altitude_equipment,-0.0005755790146647621,-0.001677711689914735,0.0006361168999640279,0.0007147436970141059
grid50_altitude_month_seed20260921,10_100,alt1_closed_experts,circuit_equipment,-0.0008326517849240878,-0.0014904434404099665,-0.0001313696368528851,0.0004109573204103353
grid50_altitude_month_seed20260921,10_100,alt1_closed_experts,three_way,-0.0024168937635979937,-0.003435861626688075,-0.0013422804210661782,0.0006483080072122316
grid50_altitude_month_seed20260921,10_100,alt2_open_beginners,altitude,0.00230266786275779,-1.3148201591234425e-05,0.004251953104999034,0.0013084034586865138
grid50_altitude_month_seed20260921,10_100,alt2_open_beginners,circuit,0.005901530327626414,0.004600397598535971,0.007217862547528369,0.000799620809096248
grid50_altitude_month_seed20260921,10_100,alt2_open_beginners,equipment,-0.0068656341311144065,-0.0076293815853220315,-0.006138406665899371,0.0004492707078210225
grid50_altitude_month_seed20260921,10_100,alt2_open_beginners,altitude_circuit,-0.006751410398615043,-0.008143011761449376,-0.0051435197144558695,0.0009446144573177855
grid50_altitude_month_seed20260921,10_100,alt2_open_beginners,altitude_equipment,-0.0008398737473496176,-0.0016548827050441252,2.2487668800402758e-05,0.0005122654961016284
grid50_altitude_month_seed20260921,10_100,alt2_open_beginners,circuit_equipment,-0.0008326517849239767,-0.0014904434404098665,-0.00013136963685309602,0.00041095732041033557
grid50_altitude_month_seed20260921,10_100,alt2_open_beginners,three_way,0.0012687366162951186,0.0004945891404955215,0.0019905369468220134,0.0004504530583155014
grid50_altitude_month_seed20260921,10_100,alt2_open_experts,altitude,0.00230266786275779,-1.3148201591234425e-05,0.004251953104999034,0.0013084034586865138
grid50_altitude_month_seed20260921,10_100,alt2_open_experts,circuit,0.005901530327626414,0.004600397598535971,0.007217862547528369,0.000799620809096248
grid50_altitude_month_seed20260921,10_100,alt2_open_experts,equipment,0.0068656341311144065,0.006138406665899371,0.007629381585322136,0.00044927070782101625
grid50_altitude_month_seed20260921,10_100,alt2_open_experts,altitude_circuit,-0.006751410398615043,-0.008143011761449376,-0.0051435197144558695,0.0009446144573177855
grid50_altitude_month_seed20260921,10_100,alt2_open_experts,altitude_equipment,0.0008398737473496176,-2.248766880030839e-05,0.0016548827050442136,0.0005122654961016168
grid50_altitude_month_seed20260921,10_100,alt2_open_experts,circuit_equipment,0.0008326517849239767,0.00013136963685299037,0.0014904434404097555,0.00041095732041032825
grid50_altitude_month_seed20260921,10_100,alt2_open_experts,three_way,-0.0012687366162950076,-0.001990536946821897,-0.0004945891404956331,0.00045045305831550565
grid50_altitude_month_seed20260921,10_100,alt2_closed_beginners,altitude,0.00230266786275779,-1.3148201591234425e-05,0.004251953104999034,0.0013084034586865138
grid50_altitude_month_seed20260921,10_100,alt2_closed_beginners,circuit,-0.005901530327626525,-0.007217862547528264,-0.004600397598535766,0.0007996208090962491
grid50_altitude_month_seed20260921,10_100,alt2_closed_beginners,equipment,-0.0068656341311144065,-0.0076293815853220315,-0.006138406665899371,0.0004492707078210225
grid50_altitude_month_seed20260921,10_100,alt2_closed_beginners,altitude_circuit,0.006751410398615154,0.005143519714455957,0.008143011761449482,0.0009446144573177833
grid50_altitude_month_seed20260921,10_100,alt2_closed_beginners,altitude_equipment,-0.0008398737473496176,-0.0016548827050441252,2.2487668800402758e-05,0.0005122654961016284
grid50_altitude_month_seed20260921,10_100,alt2_closed_beginners,circuit_equipment,0.0008326517849240878,0.00013136963685267397,0.0014904434404098609,0.00041095732041033074
grid50_altitude_month_seed20260921,10_100,alt2_closed_beginners,three_way,-0.0012687366162951186,-0.0019905369468222133,-0.0004945891404954331,0.0004504530583154994
grid50_altitude_month_seed20260921,10_100,alt2_closed_experts,altitude,0.00230266786275779,-1.3148201591234425e-05,0.004251953104999034,0.0013084034586865138
grid50_altitude_month_seed20260921,10_100,alt2_closed_experts,circuit,-0.005901530327626525,-0.007217862547528264,-0.004600397598535766,0.0007996208090962491
grid50_altitude_month_seed20260921,10_100,alt2_closed_experts,equipment,0.0068656341311144065,0.006138406665899371,0.007629381585322136,0.00044927070782101625
grid50_altitude_month_seed20260921,10_100,alt2_closed_experts,altitude_circuit,0.006751410398615154,0.005143519714455957,0.008143011761449482,0.0009446144573177833
grid50_altitude_month_seed20260921,10_100,alt2_closed_experts,altitude_equipment,0.0008398737473496176,-2.248766880030839e-05,0.0016548827050442136,0.0005122654961016168
grid50_altitude_month_seed20260921,10_100,alt2_closed_experts,circuit_equipment,-0.0008326517849240878,-0.0014904434404099665,-0.0001313696368528851,0.0004109573204103353
grid50_altitude_month_seed20260921,10_100,alt2_closed_experts,three_way,0.0012687366162950076,0.0004945891404956437,0.0019905369468221188,0.0004504530583155014
grid50_altitude_month_seed20260921,10_100,alt3_open_beginners,altitude,0.007439899518701276,0.0054970215622354435,0.00948733014996594,0.0012255299229107749
grid50_altitude_month_seed20260921,10_100,alt3_open_beginners,circuit,0.005901530327626414,0.004600397598535971,0.007217862547528369,0.000799620809096248
grid50_altitude_month_seed20260921,10_100,alt3_open_beginners,equipment,-0.0068656341311144065,-0.0076293815853220315,-0.006138406665899371,0.0004492707078210225
grid50_altitude_month_seed20260921,10_100,alt3_open_beginners,altitude_circuit,-0.007843071241284472,-0.009333106806916514,-0.006421158662550092,0.000911944982021859
grid50_altitude_month_seed20260921,10_100,alt3_open_beginners,altitude_equipment,2.8143803518787536e-06,-0.0007948677283267424,0.0008953111263499511,0.0005204099814637857
grid50_altitude_month_seed20260921,10_100,alt3_open_beginners,circuit_equipment,-0.0008326517849239767,-0.0014904434404098665,-0.00013136963685309602,0.00041095732041033557
grid50_altitude_month_seed20260921,10_100,alt3_open_beginners,three_way,0.0021607440753225182,0.0014298898984787423,0.0028584574576773327,0.00044812786688560333
grid50_altitude_month_seed20260921,10_100,alt3_open_experts,altitude,0.007439899518701276,0.0054970215622354435,0.00948733014996594,0.0012255299229107749
grid50_altitude_month_seed20260921,10_100,alt3_open_experts,circuit,0.005901530327626414,0.004600397598535971,0.007217862547528369,0.000799620809096248
grid50_altitude_month_seed20260921,10_100,alt3_open_experts,equipment,0.0068656341311144065,0.006138406665899371,0.007629381585322136,0.00044927070782101625
grid50_altitude_month_seed20260921,10_100,alt3_open_experts,altitude_circuit,-0.007843071241284472,-0.009333106806916514,-0.006421158662550092,0.000911944982021859
grid50_altitude_month_seed20260921,10_100,alt3_open_experts,altitude_equipment,-2.814380351989776e-06,-0.0008953111263498459,0.0007948677283265425,0.0005204099814637781
grid50_altitude_month_seed20260921,10_100,alt3_open_experts,circuit_equipment,0.0008326517849239767,0.00013136963685299037,0.0014904434404097555,0.00041095732041032825
grid50_altitude_month_seed20260921,10_100,alt3_open_experts,three_way,-0.002160744075322296,-0.0028584574576767108,-0.0014298898984785146,0.0004481278668855973
grid50_altitude_month_seed20260921,10_100,alt3_closed_beginners,altitude,0.007439899518701276,0.0054970215622354435,0.00948733014996594,0.0012255299229107749
grid50_altitude_month_seed20260921,10_100,alt3_closed_beginners,circuit,-0.005901530327626525,-0.007217862547528264,-0.004600397598535766,0.0007996208090962491
grid50_altitude_month_seed20260921,10_100,alt3_closed_beginners,equipment,-0.0068656341311144065,-0.0076293815853220315,-0.006138406665899371,0.0004492707078210225
grid50_altitude_month_seed20260921,10_100,alt3_closed_beginners,altitude_circuit,0.007843071241284472,0.0064211586625501915,0.009333106806916297,0.0009119449820218585
grid50_altitude_month_seed20260921,10_100,alt3_closed_beginners,altitude_equipment,2.8143803518787536e-06,-0.0007948677283267424,0.0008953111263499511,0.0005204099814637857
grid50_altitude_month_seed20260921,10_100,alt3_closed_beginners,circuit_equipment,0.0008326517849240878,0.00013136963685267397,0.0014904434404098609,0.00041095732041033074
grid50_altitude_month_seed20260921,10_100,alt3_closed_beginners,three_way,-0.002160744075322407,-0.0028584574576768053,-0.001429889898478931,0.0004481278668855951
grid50_altitude_month_seed20260921,10_100,alt3_closed_experts,altitude,0.007439899518701276,0.0054970215622354435,0.00948733014996594,0.0012255299229107749
grid50_altitude_month_seed20260921,10_100,alt3_closed_experts,circuit,-0.005901530327626525,-0.007217862547528264,-0.004600397598535766,0.0007996208090962491
grid50_altitude_month_seed20260921,10_100,alt3_closed_experts,equipment,0.0068656341311144065,0.006138406665899371,0.007629381585322136,0.00044927070782101625
grid50_altitude_month_seed20260921,10_100,alt3_closed_experts,altitude_circuit,0.007843071241284472,0.0064211586625501915,0.009333106806916297,0.0009119449820218585
grid50_altitude_month_seed20260921,10_100,alt3_closed_experts,altitude_equipment,-2.814380351989776e-06,-0.0008953111263498459,0.0007948677283265425,0.0005204099814637781
grid50_altitude_month_seed20260921,10_100,alt3_closed_experts,circuit_equipment,-0.0008326517849240878,-0.0014904434404099665,-0.0001313696368528851,0.0004109573204103353
grid50_altitude_month_seed20260921,10_100,alt3_closed_experts,three_way,0.0021607440753225182,0.0014298898984787312,0.002858457457677227,0.00044812786688560794
grid50_altitude_month_seed20260921,100_1000,alt0_open_beginners,altitude,0.00446475135722757,0.0001283886179284152,0.008766492447087753,0.0026758425346716033
grid50_altitude_month_seed20260921,100_1000,alt0_open_beginners,circuit,0.02086378291087898,0.01936895935386849,0.022652546275228853,0.0009975611938198823
grid50_altitude_month_seed20260921,100_1000,alt0_open_beginners,equipment,-0.004479963147880572,-0.0054356911138895405,-0.0036013881218589505,0.0005426522982681912
grid50_altitude_month_seed20260921,100_1000,alt0_open_beginners,altitude_circuit,0.018490889488029016,0.014355212412565776,0.02267766348999483,0.00255897091013455
grid50_altitude_month_seed20260921,100_1000,alt0_open_beginners,altitude_equipment,0.0003566302564600443,-0.001893550878775635,0.0023606424403048217,0.0012990262561157675
grid50_altitude_month_seed20260921,100_1000,alt0_open_beginners,circuit_equipment,-0.0012113738103689542,-0.0020257087316932045,-0.00029501924137708264,0.000537102649762526
grid50_altitude_month_seed20260921,100_1000,alt0_open_beginners,three_way,0.0008746691488895619,-0.0012685723497816881,0.003237658942980481,0.0013607379684322787
grid50_altitude_month_seed20260921,100_1000,alt0_open_experts,altitude,0.00446475135722757,0.0001283886179284152,0.008766492447087753,0.0026758425346716033
grid50_altitude_month_seed20260921,100_1000,alt0_open_experts,circuit,0.02086378291087898,0.01936895935386849,0.022652546275228853,0.0009975611938198823
grid50_altitude_month_seed20260921,100_1000,alt0_open_experts,equipment,0.004479963147880461,0.003601388121858962,0.00543569111388944,0.0005426522982682002
grid50_altitude_month_seed20260921,100_1000,alt0_open_experts,altitude_circuit,0.018490889488029016,0.014355212412565776,0.02267766348999483,0.00255897091013455
grid50_altitude_month_seed20260921,100_1000,alt0_open_experts,altitude_equipment,-0.0003566302564599333,-0.002360642440304711,0.0018935508787759567,0.001299026256115757
grid50_altitude_month_seed20260921,100_1000,alt0_open_experts,circuit_equipment,0.0012113738103691762,0.0002950192413771754,0.0020257087316930874,0.0005371026497625407
grid50_altitude_month_seed20260921,100_1000,alt0_open_experts,three_way,-0.000874669148889673,-0.003237658942980781,0.0012685723497816825,0.001360737968432278
grid50_altitude_month_seed20260921,100_1000,alt0_closed_beginners,altitude,0.00446475135722757,0.0001283886179284152,0.008766492447087753,0.0026758425346716033
grid50_altitude_month_seed20260921,100_1000,alt0_closed_beginners,circuit,-0.020863782910879092,-0.022652546275228846,-0.01936895935386838,0.000997561193819883
grid50_altitude_month_seed20260921,100_1000,alt0_closed_beginners,equipment,-0.004479963147880572,-0.0054356911138895405,-0.0036013881218589505,0.0005426522982681912
grid50_altitude_month_seed20260921,100_1000,alt0_closed_beginners,altitude_circuit,-0.018490889488029016,-0.022677663489994726,-0.014355212412565778,0.0025589709101345583
grid50_altitude_month_seed20260921,100_1000,alt0_closed_beginners,altitude_equipment,0.0003566302564600443,-0.001893550878775635,0.0023606424403048217,0.0012990262561157675
grid50_altitude_month_seed20260921,100_1000,alt0_closed_beginners,circuit_equipment,0.0012113738103690652,0.0002950192413772864,0.002025708731693304,0.0005371026497625324
grid50_altitude_month_seed20260921,100_1000,alt0_closed_beginners,three_way,-0.0008746691488895619,-0.003237658942980787,0.0012685723497817935,0.0013607379684322796
grid50_altitude_month_seed20260921,100_1000,alt0_closed_experts,altitude,0.00446475135722757,0.0001283886179284152,0.008766492447087753,0.0026758425346716033
grid50_altitude_month_seed20260921,100_1000,alt0_closed_experts,circuit,-0.020863782910879092,-0.022652546275228846,-0.01936895935386838,0.000997561193819883
grid50_altitude_month_seed20260921,100_1000,alt0_closed_experts,equipment,0.004479963147880461,0.003601388121858962,0.00543569111388944,0.0005426522982682002
grid50_altitude_month_seed20260921,100_1000,alt0_closed_experts,altitude_circuit,-0.018490889488029016,-0.022677663489994726,-0.014355212412565778,0.0025589709101345583
grid50_altitude_month_seed20260921,100_1000,alt0_closed_experts,altitude_equipment,-0.0003566302564599333,-0.002360642440304711,0.0018935508787759567,0.001299026256115757
grid50_altitude_month_seed20260921,100_1000,alt0_closed_experts,circuit_equipment,-0.0012113738103690652,-0.0020257087316930935,-0.0002950192413768606,0.0005371026497625271
grid50_altitude_month_seed20260921,100_1000,alt0_closed_experts,three_way,0.0008746691488895619,-0.001268572349781677,0.0032376589429806753,0.0013607379684322843
grid50_altitude_month_seed20260921,100_1000,alt1_open_beginners,altitude,0.0009821052075015269,-0.0018530466927700218,0.0038597245692571416,0.0017013247526874316
grid50_altitude_month_seed20260921,100_1000,alt1_open_beginners,circuit,0.02086378291087898,0.01936895935386849,0.022652546275228853,0.0009975611938198823
grid50_altitude_month_seed20260921,100_1000,alt1_open_beginners,equipment,-0.004479963147880572,-0.0054356911138895405,-0.0036013881218589505,0.0005426522982681912
grid50_altitude_month_seed20260921,100_1000,alt1_open_beginners,altitude_circuit,0.013519464972824968,0.010899149208043852,0.01607619259208462,0.0015466558151157348
grid50_altitude_month_seed20260921,100_1000,alt1_open_beginners,altitude_equipment,0.001092535487124957,-0.0003668023826681799,0.0025880721904521843,0.0009242292394680661
grid50_altitude_month_seed20260921,100_1000,alt1_open_beginners,circuit_equipment,-0.0012113738103689542,-0.0020257087316932045,-0.00029501924137708264,0.000537102649762526
grid50_altitude_month_seed20260921,100_1000,alt1_open_beginners,three_way,-0.003911046656475015,-0.005278750294557932,-0.0025114257904519655,0.0008510157583317742
grid50_altitude_month_seed20260921,100_1000,alt1_open_experts,altitude,0.0009821052075015269,-0.0018530466927700218,0.0038597245692571416,0.0017013247526874316
grid50_altitude_month_seed20260921,100_1000,alt1_open_experts,circuit,0.02086378291087898,0.01936895935386849,0.022652546275228853,0.0009975611938198823
grid50_altitude_month_seed20260921,100_1000,alt1_open_experts,equipment,0.004479963147880461,0.003601388121858962,0.00543569111388944,0.0005426522982682002
grid50_altitude_month_seed20260921,100_1000,alt1_open_experts,altitude_circuit,0.013519464972824968,0.010899149208043852,0.01607619259208462,0.0015466558151157348
grid50_altitude_month_seed20260921,100_1000,alt1_open_experts,altitude_equipment,-0.001092535487124624,-0.0025880721904518677,0.0003668023826683962,0.0009242292394680658
grid50_altitude_month_seed20260921,100_1000,alt1_open_experts,circuit_equipment,0.0012113738103691762,0.0002950192413771754,0.0020257087316930874,0.0005371026497625407
grid50_altitude_month_seed20260921,100_1000,alt1_open_experts,three_way,0.0039110466564745705,0.002511425790452171,0.0052787502945579315,0.0008510157583317731
grid50_altitude_month_seed20260921,100_1000,alt1_closed_beginners,altitude,0.0009821052075015269,-0.0018530466927700218,0.0038597245692571416,0.0017013247526874316
grid50_altitude_month_seed20260921,100_1000,alt1_closed_beginners,circuit,-0.020863782910879092,-0.022652546275228846,-0.01936895935386838,0.000997561193819883
grid50_altitude_month_seed20260921,100_1000,alt1_closed_beginners,equipment,-0.004479963147880572,-0.0054356911138895405,-0.0036013881218589505,0.0005426522982681912
grid50_altitude_month_seed20260921,100_1000,alt1_closed_beginners,altitude_circuit,-0.013519464972824746,-0.01607619259208441,-0.01089914920804394,0.0015466558151157285
grid50_altitude_month_seed20260921,100_1000,alt1_closed_beginners,altitude_equipment,0.001092535487124957,-0.0003668023826681799,0.0025880721904521843,0.0009242292394680661
grid50_altitude_month_seed20260921,100_1000,alt1_closed_beginners,circuit_equipment,0.0012113738103690652,0.0002950192413772864,0.002025708731693304,0.0005371026497625324
grid50_altitude_month_seed20260921,100_1000,alt1_closed_beginners,three_way,0.0039110466564746815,0.0025114257904522595,0.005278750294558025,0.0008510157583317704
grid50_altitude_month_seed20260921,100_1000,alt1_closed_experts,altitude,0.0009821052075015269,-0.0018530466927700218,0.0038597245692571416,0.0017013247526874316
grid50_altitude_month_seed20260921,100_1000,alt1_closed_experts,circuit,-0.020863782910879092,-0.022652546275228846,-0.01936895935386838,0.000997561193819883
grid50_altitude_month_seed20260921,100_1000,alt1_closed_experts,equipment,0.004479963147880461,0.003601388121858962,0.00543569111388944,0.0005426522982682002
grid50_altitude_month_seed20260921,100_1000,alt1_closed_experts,altitude_circuit,-0.013519464972824746,-0.01607619259208441,-0.01089914920804394,0.0015466558151157285
grid50_altitude_month_seed20260921,100_1000,alt1_closed_experts,altitude_equipment,-0.001092535487124624,-0.0025880721904518677,0.0003668023826683962,0.0009242292394680658
grid50_altitude_month_seed20260921,100_1000,alt1_closed_experts,circuit_equipment,-0.0012113738103690652,-0.0020257087316930935,-0.0002950192413768606,0.0005371026497625271
grid50_altitude_month_seed20260921,100_1000,alt1_closed_experts,three_way,-0.003911046656474904,-0.0052787502945577216,-0.002511425790451849,0.0008510157583317701
grid50_altitude_month_seed20260921,100_1000,alt2_open_beginners,altitude,-0.0031865440313147975,-0.005959882582942944,-0.0008442124447968327,0.0015730451429034026
grid50_altitude_month_seed20260921,100_1000,alt2_open_beginners,circuit,0.02086378291087898,0.01936895935386849,0.022652546275228853,0.0009975611938198823
grid50_altitude_month_seed20260921,100_1000,alt2_open_beginners,equipment,-0.004479963147880572,-0.0054356911138895405,-0.0036013881218589505,0.0005426522982681912
grid50_altitude_month_seed20260921,100_1000,alt2_open_beginners,altitude_circuit,-0.01394664006105073,-0.015933707895091482,-0.011376652689513388,0.001381277018509977
grid50_altitude_month_seed20260921,100_1000,alt2_open_beginners,altitude_equipment,-0.0015685597639322202,-0.002576078334046894,-0.0005477129276139638,0.0006164067512629011
grid50_altitude_month_seed20260921,100_1000,alt2_open_beginners,circuit_equipment,-0.0012113738103689542,-0.0020257087316932045,-0.00029501924137708264,0.000537102649762526
grid50_altitude_month_seed20260921,100_1000,alt2_open_beginners,three_way,0.0005112529765113338,-0.0005364669410280909,0.0014692238742701309,0.0006018365800727315
grid50_altitude_month_seed20260921,100_1000,alt2_open_experts,altitude,-0.0031865440313147975,-0.005959882582942944,-0.0008442124447968327,0.0015730451429034026
grid50_altitude_month_seed20260921,100_1000,alt2_open_experts,circuit,0.02086378291087898,0.01936895935386849,0.022652546275228853,0.0009975611938198823
grid50_altitude_month_seed20260921,100_1000,alt2_open_experts,equipment,0.004479963147880461,0.003601388121858962,0.00543569111388944,0.0005426522982682002
grid50_altitude_month_seed20260921,100_1000,alt2_open_experts,altitude_circuit,-0.01394664006105073,-0.015933707895091482,-0.011376652689513388,0.001381277018509977
grid50_altitude_month_seed20260921,100_1000,alt2_open_experts,altitude_equipment,0.0015685597639325533,0.0005477129276139691,0.0025760783340468938,0.0006164067512629086
grid50_altitude_month_seed20260921,100_1000,alt2_open_experts,circuit_equipment,0.0012113738103691762,0.0002950192413771754,0.0020257087316930874,0.0005371026497625407
grid50_altitude_month_seed20260921,100_1000,alt2_open_experts,three_way,-0.0005112529765116669,-0.001469223874270137,0.0005364669410276523,0.0006018365800727412
grid50_altitude_month_seed20260921,100_1000,alt2_closed_beginners,altitude,-0.0031865440313147975,-0.005959882582942944,-0.0008442124447968327,0.0015730451429034026
grid50_altitude_month_seed20260921,100_1000,alt2_closed_beginners,circuit,-0.020863782910879092,-0.022652546275228846,-0.01936895935386838,0.000997561193819883
grid50_altitude_month_seed20260921,100_1000,alt2_closed_beginners,equipment,-0.004479963147880572,-0.0054356911138895405,-0.0036013881218589505,0.0005426522982681912
grid50_altitude_month_seed20260921,100_1000,alt2_closed_beginners,altitude_circuit,0.013946640061050952,0.011376652689513277,0.015933707895091468,0.0013812770185099776
grid50_altitude_month_seed20260921,100_1000,alt2_closed_beginners,altitude_equipment,-0.0015685597639322202,-0.002576078334046894,-0.0005477129276139638,0.0006164067512629011
grid50_altitude_month_seed20260921,100_1000,alt2_closed_beginners,circuit_equipment,0.0012113738103690652,0.0002950192413772864,0.002025708731693304,0.0005371026497625324
grid50_altitude_month_seed20260921,100_1000,alt2_closed_beginners,three_way,-0.0005112529765116669,-0.0014692238742701205,0.0005364669410278577,0.0006018365800727396
grid50_altitude_month_seed20260921,100_1000,alt2_closed_experts,altitude,-0.0031865440313147975,-0.005959882582942944,-0.0008442124447968327,0.0015730451429034026
grid50_altitude_month_seed20260921,100_1000,alt2_closed_experts,circuit,-0.020863782910879092,-0.022652546275228846,-0.01936895935386838,0.000997561193819883
grid50_altitude_month_seed20260921,100_1000,alt2_closed_experts,equipment,0.004479963147880461,0.003601388121858962,0.00543569111388944,0.0005426522982682002
grid50_altitude_month_seed20260921,100_1000,alt2_closed_experts,altitude_circuit,0.013946640061050952,0.011376652689513277,0.015933707895091468,0.0013812770185099776
grid50_altitude_month_seed20260921,100_1000,alt2_closed_experts,altitude_equipment,0.0015685597639325533,0.0005477129276139691,0.0025760783340468938,0.0006164067512629086
grid50_altitude_month_seed20260921,100_1000,alt2_closed_experts,circuit_equipment,-0.0012113738103690652,-0.0020257087316930935,-0.0002950192413768606,0.0005371026497625271
grid50_altitude_month_seed20260921,100_1000,alt2_closed_experts,three_way,0.0005112529765114449,-0.00053646694102788,0.0014692238742700198,0.0006018365800727227
grid50_altitude_month_seed20260921,100_1000,alt3_open_beginners,altitude,-0.0022603125334146323,-0.004550687978750518,0.00024548450790870486,0.001519330061211622
grid50_altitude_month_seed20260921,100_1000,alt3_open_beginners,circuit,0.02086378291087898,0.01936895935386849,0.022652546275228853,0.0009975611938198823
grid50_altitude_month_seed20260921,100_1000,alt3_open_beginners,equipment,-0.004479963147880572,-0.0054356911138895405,-0.0036013881218589505,0.0005426522982681912
grid50_altitude_month_seed20260921,100_1000,alt3_open_beginners,altitude_circuit,-0.018063714399803033,-0.020145443030533748,-0.016223704719437564,0.001211809232839874
grid50_altitude_month_seed20260921,100_1000,alt3_open_beginners,altitude_equipment,0.00011939402034755187,-0.0009317270655861964,0.0011864574321262253,0.0006237288352991052
grid50_altitude_month_seed20260921,100_1000,alt3_open_beginners,circuit_equipment,-0.0012113738103689542,-0.0020257087316932045,-0.00029501924137708264,0.000537102649762526
grid50_altitude_month_seed20260921,100_1000,alt3_open_beginners,three_way,0.0025251245310734527,0.0015091604415025273,0.003446033367364237,0.0005915318485941633
grid50_altitude_month_seed20260921,100_1000,alt3_open_experts,altitude,-0.0022603125334146323,-0.004550687978750518,0.00024548450790870486,0.001519330061211622
grid50_altitude_month_seed20260921,100_1000,alt3_open_experts,circuit,0.02086378291087898,0.01936895935386849,0.022652546275228853,0.0009975611938198823
grid50_altitude_month_seed20260921,100_1000,alt3_open_experts,equipment,0.004479963147880461,0.003601388121858962,0.00543569111388944,0.0005426522982682002
grid50_altitude_month_seed20260921,100_1000,alt3_open_experts,altitude_circuit,-0.018063714399803033,-0.020145443030533748,-0.016223704719437564,0.001211809232839874
grid50_altitude_month_seed20260921,100_1000,alt3_open_experts,altitude_equipment,-0.00011939402034744084,-0.0011864574321264532,0.0009317270655860853,0.0006237288352991183
grid50_altitude_month_seed20260921,100_1000,alt3_open_experts,circuit_equipment,0.0012113738103691762,0.0002950192413771754,0.0020257087316930874,0.0005371026497625407
grid50_altitude_month_seed20260921,100_1000,alt3_open_experts,three_way,-0.0025251245310736747,-0.0034460333673640322,-0.0015091604415024217,0.0005915318485941795
grid50_altitude_month_seed20260921,100_1000,alt3_closed_beginners,altitude,-0.0022603125334146323,-0.004550687978750518,0.00024548450790870486,0.001519330061211622
grid50_altitude_month_seed20260921,100_1000,alt3_closed_beginners,circuit,-0.020863782910879092,-0.022652546275228846,-0.01936895935386838,0.000997561193819883
grid50_altitude_month_seed20260921,100_1000,alt3_closed_beginners,equipment,-0.004479963147880572,-0.0054356911138895405,-0.0036013881218589505,0.0005426522982681912
grid50_altitude_month_seed20260921,100_1000,alt3_closed_beginners,altitude_circuit,0.018063714399803033,0.016223704719437775,0.020145443030533762,0.0012118092328398755
grid50_altitude_month_seed20260921,100_1000,alt3_closed_beginners,altitude_equipment,0.00011939402034755187,-0.0009317270655861964,0.0011864574321262253,0.0006237288352991052
grid50_altitude_month_seed20260921,100_1000,alt3_closed_beginners,circuit_equipment,0.0012113738103690652,0.0002950192413772864,0.002025708731693304,0.0005371026497625324
grid50_altitude_month_seed20260921,100_1000,alt3_closed_beginners,three_way,-0.0025251245310734527,-0.003446033367364132,-0.0015091604415024163,0.0005915318485941796
grid50_altitude_month_seed20260921,100_1000,alt3_closed_experts,altitude,-0.0022603125334146323,-0.004550687978750518,0.00024548450790870486,0.001519330061211622
grid50_altitude_month_seed20260921,100_1000,alt3_closed_experts,circuit,-0.020863782910879092,-0.022652546275228846,-0.01936895935386838,0.000997561193819883
grid50_altitude_month_seed20260921,100_1000,alt3_closed_experts,equipment,0.004479963147880461,0.003601388121858962,0.00543569111388944,0.0005426522982682002
grid50_altitude_month_seed20260921,100_1000,alt3_closed_experts,altitude_circuit,0.018063714399803033,0.016223704719437775,0.020145443030533762,0.0012118092328398755
grid50_altitude_month_seed20260921,100_1000,alt3_closed_experts,altitude_equipment,-0.00011939402034744084,-0.0011864574321264532,0.0009317270655860853,0.0006237288352991183
grid50_altitude_month_seed20260921,100_1000,alt3_closed_experts,circuit_equipment,-0.0012113738103690652,-0.0020257087316930935,-0.0002950192413768606,0.0005371026497625271
grid50_altitude_month_seed20260921,100_1000,alt3_closed_experts,three_way,0.0025251245310735637,0.0015091604415024217,0.003446033367364126,0.0005915318485941639
grid50_altitude_month_seed20260921,1000_10000,alt0_open_beginners,altitude,0.020503148045126096,0.006887670026801661,0.03283246611775329,0.008180504019344198
grid50_altitude_month_seed20260921,1000_10000,alt0_open_beginners,circuit,0.12461529675840444,0.12013338464359542,0.1309101256140567,0.0033303773893175797
grid50_altitude_month_seed20260921,1000_10000,alt0_open_beginners,equipment,-0.016693495105728817,-0.019881620266945753,-0.013556119412484127,0.0019600768262898207
grid50_altitude_month_seed20260921,1000_10000,alt0_open_beginners,altitude_circuit,0.04766815901026478,0.034813219512192545,0.06149263205718479,0.008187331948369006
grid50_altitude_month_seed20260921,1000_10000,alt0_open_beginners,altitude_equipment,0.0037710243837917323,-0.004087701697770785,0.011984781536133448,0.00496696876747779
grid50_altitude_month_seed20260921,1000_10000,alt0_open_beginners,circuit_equipment,0.0044737720595445785,0.0012987901165266824,0.007624260257933274,0.001928459877779494
grid50_altitude_month_seed20260921,1000_10000,alt0_open_beginners,three_way,0.004486531743835176,-0.004027365127900395,0.0126697165703429,0.005034197094970774
grid50_altitude_month_seed20260921,1000_10000,alt0_open_experts,altitude,0.020503148045126096,0.006887670026801661,0.03283246611775329,0.008180504019344198
grid50_altitude_month_seed20260921,1000_10000,alt0_open_experts,circuit,0.12461529675840444,0.12013338464359542,0.1309101256140567,0.0033303773893175797
grid50_altitude_month_seed20260921,1000_10000,alt0_open_experts,equipment,0.01669349510572915,0.013556119412484224,0.019881620266945864,0.0019600768262898155
grid50_altitude_month_seed20260921,1000_10000,alt0_open_experts,altitude_circuit,0.04766815901026478,0.034813219512192545,0.06149263205718479,0.008187331948369006
grid50_altitude_month_seed20260921,1000_10000,alt0_open_experts,altitude_equipment,-0.0037710243837920654,-0.011984781536133776,0.004087701697770994,0.004966968767477793
grid50_altitude_month_seed20260921,1000_10000,alt0_open_experts,circuit_equipment,-0.0044737720595446895,-0.007624260257933268,-0.0012987901165265883,0.0019284598777794919
grid50_altitude_month_seed20260921,1000_10000,alt0_open_experts,three_way,-0.004486531743835065,-0.012669716570342705,0.004027365127900706,0.005034197094970778
grid50_altitude_month_seed20260921,1000_10000,alt0_closed_beginners,altitude,0.020503148045126096,0.006887670026801661,0.03283246611775329,0.008180504019344198
grid50_altitude_month_seed20260921,1000_10000,alt0_closed_beginners,circuit,-0.12461529675840444,-0.13091012561405682,-0.12013338464359542,0.0033303773893175862
grid50_altitude_month_seed20260921,1000_10000,alt0_closed_beginners,equipment,-0.016693495105728817,-0.019881620266945753,-0.013556119412484127,0.0019600768262898207
grid50_altitude_month_seed20260921,1000_10000,alt0_closed_beginners,altitude_circuit,-0.04766815901026478,-0.061492632057184804,-0.03481321951219256,0.00818733194836901
grid50_altitude_month_seed20260921,1000_10000,alt0_closed_beginners,altitude_equipment,0.0037710243837917323,-0.004087701697770785,0.011984781536133448,0.00496696876747779
grid50_altitude_month_seed20260921,1000_10000,alt0_closed_beginners,circuit_equipment,-0.0044737720595446895,-0.007624260257933268,-0.0012987901165268047,0.001928459877779498
grid50_altitude_month_seed20260921,1000_10000,alt0_closed_beginners,three_way,-0.004486531743834954,-0.012669716570342182,0.004027365127900917,0.00503419709497077
grid50_altitude_month_seed20260921,1000_10000,alt0_closed_experts,altitude,0.020503148045126096,0.006887670026801661,0.03283246611775329,0.008180504019344198
grid50_altitude_month_seed20260921,1000_10000,alt0_closed_experts,circuit,-0.12461529675840444,-0.13091012561405682,-0.12013338464359542,0.0033303773893175862
grid50_altitude_month_seed20260921,1000_10000,alt0_closed_experts,equipment,0.01669349510572915,0.013556119412484224,0.019881620266945864,0.0019600768262898155
grid50_altitude_month_seed20260921,1000_10000,alt0_closed_experts,altitude_circuit,-0.04766815901026478,-0.061492632057184804,-0.03481321951219256,0.00818733194836901
grid50_altitude_month_seed20260921,1000_10000,alt0_closed_experts,altitude_equipment,-0.0037710243837920654,-0.011984781536133776,0.004087701697770994,0.004966968767477793
grid50_altitude_month_seed20260921,1000_10000,alt0_closed_experts,circuit_equipment,0.004473772059544356,0.0012987901165266767,0.007624260257933385,0.0019284598777795008
grid50_altitude_month_seed20260921,1000_10000,alt0_closed_experts,three_way,0.004486531743835398,-0.004027365127900612,0.01266971657034259,0.005034197094970776
grid50_altitude_month_seed20260921,1000_10000,alt1_open_beginners,altitude,-0.00961521186490255,-0.017556611930424466,-0.0006064029666298731,0.005107995385207015
grid50_altitude_month_seed20260921,1000_10000,alt1_open_beginners,circuit,0.12461529675840444,0.12013338464359542,0.1309101256140567,0.0033303773893175797
grid50_altitude_month_seed20260921,1000_10000,alt1_open_beginners,equipment,-0.016693495105728817,-0.019881620266945753,-0.013556119412484127,0.0019600768262898207
grid50_altitude_month_seed20260921,1000_10000,alt1_open_beginners,altitude_circuit,0.061503024332869916,0.052694899435015416,0.06970224531934449,0.005067970477554333
grid50_altitude_month_seed20260921,1000_10000,alt1_open_beginners,altitude_equipment,0.00876267913774953,0.0033140200583892387,0.014000857634240525,0.003157830496516296
grid50_altitude_month_seed20260921,1000_10000,alt1_open_beginners,circuit_equipment,0.0044737720595445785,0.0012987901165266824,0.007624260257933274,0.001928459877779494
grid50_altitude_month_seed20260921,1000_10000,alt1_open_beginners,three_way,-0.0069010540252205654,-0.012038085282216887,-0.0020257432083701254,0.0030562546629167545
grid50_altitude_month_seed20260921,1000_10000,alt1_open_experts,altitude,-0.00961521186490255,-0.017556611930424466,-0.0006064029666298731,0.005107995385207015
grid50_altitude_month_seed20260921,1000_10000,alt1_open_experts,circuit,0.12461529675840444,0.12013338464359542,0.1309101256140567,0.0033303773893175797
grid50_altitude_month_seed20260921,1000_10000,alt1_open_experts,equipment,0.01669349510572915,0.013556119412484224,0.019881620266945864,0.0019600768262898155
grid50_altitude_month_seed20260921,1000_10000,alt1_open_experts,altitude_circuit,0.061503024332869916,0.052694899435015416,0.06970224531934449,0.005067970477554333
grid50_altitude_month_seed20260921,1000_10000,alt1_open_experts,altitude_equipment,-0.008762679137749863,-0.014000857634240527,-0.0033140200583889282,0.003157830496516296
grid50_altitude_month_seed20260921,1000_10000,alt1_open_experts,circuit_equipment,-0.0044737720595446895,-0.007624260257933268,-0.0012987901165265883,0.0019284598777794919
grid50_altitude_month_seed20260921,1000_10000,alt1_open_experts,three_way,0.0069010540252207875,0.0020257432083701505,0.012038085282216776,0.0030562546629167514
grid50_altitude_month_seed20260921,1000_10000,alt1_closed_beginners,altitude,-0.00961521186490255,-0.017556611930424466,-0.0006064029666298731,0.005107995385207015
grid50_altitude_month_seed20260921,1000_10000,alt1_closed_beginners,circuit,-0.12461529675840444,-0.13091012561405682,-0.12013338464359542,0.0033303773893175862
grid50_altitude_month_seed20260921,1000_10000,alt1_closed_beginners,equipment,-0.016693495105728817,-0.019881620266945753,-0.013556119412484127,0.0019600768262898207
grid50_altitude_month_seed20260921,1000_10000,alt1_closed_beginners,altitude_circuit,-0.06150302433287003,-0.0697022453193446,-0.05269489943501529,0.00506797047755434
grid50_altitude_month_seed20260921,1000_10000,alt1_closed_beginners,altitude_equipment,0.00876267913774953,0.0033140200583892387,0.014000857634240525,0.003157830496516296
grid50_altitude_month_seed20260921,1000_10000,alt1_closed_beginners,circuit_equipment,-0.0044737720595446895,-0.007624260257933268,-0.0012987901165268047,0.001928459877779498
grid50_altitude_month_seed20260921,1000_10000,alt1_closed_beginners,three_way,0.0069010540252206765,0.002025743208369945,0.012038085282216764,0.0030562546629167493
grid50_altitude_month_seed20260921,1000_10000,alt1_closed_experts,altitude,-0.00961521186490255,-0.017556611930424466,-0.0006064029666298731,0.005107995385207015
grid50_altitude_month_seed20260921,1000_10000,alt1_closed_experts,circuit,-0.12461529675840444,-0.13091012561405682,-0.12013338464359542,0.0033303773893175862
grid50_altitude_month_seed20260921,1000_10000,alt1_closed_experts,equipment,0.01669349510572915,0.013556119412484224,0.019881620266945864,0.0019600768262898155
grid50_altitude_month_seed20260921,1000_10000,alt1_closed_experts,altitude_circuit,-0.06150302433287003,-0.0697022453193446,-0.05269489943501529,0.00506797047755434
grid50_altitude_month_seed20260921,1000_10000,alt1_closed_experts,altitude_equipment,-0.008762679137749863,-0.014000857634240527,-0.0033140200583889282,0.003157830496516296
grid50_altitude_month_seed20260921,1000_10000,alt1_closed_experts,circuit_equipment,0.004473772059544356,0.0012987901165266767,0.007624260257933385,0.0019284598777795008
grid50_altitude_month_seed20260921,1000_10000,alt1_closed_experts,three_way,-0.006901054025220343,-0.012038085282216782,-0.002025743208370142,0.0030562546629167484
grid50_altitude_month_seed20260921,1000_10000,alt2_open_beginners,altitude,-0.019008506913656076,-0.02604893235080675,-0.012016391096792912,0.004245295830768589
grid50_altitude_month_seed20260921,1000_10000,alt2_open_beginners,circuit,0.12461529675840444,0.12013338464359542,0.1309101256140567,0.0033303773893175797
grid50_altitude_month_seed20260921,1000_10000,alt2_open_beginners,equipment,-0.016693495105728817,-0.019881620266945753,-0.013556119412484127,0.0019600768262898207
grid50_altitude_month_seed20260921,1000_10000,alt2_open_beginners,altitude_circuit,-0.03343172569502273,-0.041459932984020766,-0.023372147327286562,0.005598834292978807
grid50_altitude_month_seed20260921,1000_10000,alt2_open_beginners,altitude_equipment,-0.009966446215700753,-0.013517678956189355,-0.006033232937226508,0.002348091410285554
grid50_altitude_month_seed20260921,1000_10000,alt2_open_beginners,circuit_equipment,0.0044737720595445785,0.0012987901165266824,0.007624260257933274,0.001928459877779494
grid50_altitude_month_seed20260921,1000_10000,alt2_open_beginners,three_way,-0.0016242677733846467,-0.005752741597541466,0.002145808693352643,0.0024568437992295725
grid50_altitude_month_seed20260921,1000_10000,alt2_open_experts,altitude,-0.019008506913656076,-0.02604893235080675,-0.012016391096792912,0.004245295830768589
grid50_altitude_month_seed20260921,1000_10000,alt2_open_experts,circuit,0.12461529675840444,0.12013338464359542,0.1309101256140567,0.0033303773893175797
grid50_altitude_month_seed20260921,1000_10000,alt2_open_experts,equipment,0.01669349510572915,0.013556119412484224,0.019881620266945864,0.0019600768262898155
grid50_altitude_month_seed20260921,1000_10000,alt2_open_experts,altitude_circuit,-0.03343172569502273,-0.041459932984020766,-0.023372147327286562,0.005598834292978807
grid50_altitude_month_seed20260921,1000_10000,alt2_open_experts,altitude_equipment,0.009966446215700309,0.006033232937226285,0.013517678956189555,0.002348091410285545
grid50_altitude_month_seed20260921,1000_10000,alt2_open_experts,circuit_equipment,-0.0044737720595446895,-0.007624260257933268,-0.0012987901165265883,0.0019284598777794919
grid50_altitude_month_seed20260921,1000_10000,alt2_open_experts,three_way,0.0016242677733849797,-0.0021458086933524366,0.0057527415975413545,0.0024568437992295695
grid50_altitude_month_seed20260921,1000_10000,alt2_closed_beginners,altitude,-0.019008506913656076,-0.02604893235080675,-0.012016391096792912,0.004245295830768589
grid50_altitude_month_seed20260921,1000_10000,alt2_closed_beginners,circuit,-0.12461529675840444,-0.13091012561405682,-0.12013338464359542,0.0033303773893175862
grid50_altitude_month_seed20260921,1000_10000,alt2_closed_beginners,equipment,-0.016693495105728817,-0.019881620266945753,-0.013556119412484127,0.0019600768262898207
grid50_altitude_month_seed20260921,1000_10000,alt2_closed_beginners,altitude_circuit,0.03343172569502251,0.023372147327286784,0.041459932984020766,0.005598834292978794
grid50_altitude_month_seed20260921,1000_10000,alt2_closed_beginners,altitude_equipment,-0.009966446215700753,-0.013517678956189355,-0.006033232937226508,0.002348091410285554
grid50_altitude_month_seed20260921,1000_10000,alt2_closed_beginners,circuit_equipment,-0.0044737720595446895,-0.007624260257933268,-0.0012987901165268047,0.001928459877779498
grid50_altitude_month_seed20260921,1000_10000,alt2_closed_beginners,three_way,0.0016242677733849797,-0.002145808693352542,0.005752741597541344,0.002456843799229571
grid50_altitude_month_seed20260921,1000_10000,alt2_closed_experts,altitude,-0.019008506913656076,-0.02604893235080675,-0.012016391096792912,0.004245295830768589
grid50_altitude_month_seed20260921,1000_10000,alt2_closed_experts,circuit,-0.12461529675840444,-0.13091012561405682,-0.12013338464359542,0.0033303773893175862
grid50_altitude_month_seed20260921,1000_10000,alt2_closed_experts,equipment,0.01669349510572915,0.013556119412484224,0.019881620266945864,0.0019600768262898155
grid50_altitude_month_seed20260921,1000_10000,alt2_closed_experts,altitude_circuit,0.03343172569502251,0.023372147327286784,0.041459932984020766,0.005598834292978794
grid50_altitude_month_seed20260921,1000_10000,alt2_closed_experts,altitude_equipment,0.009966446215700309,0.006033232937226285,0.013517678956189555,0.002348091410285545
grid50_altitude_month_seed20260921,1000_10000,alt2_closed_experts,circuit_equipment,0.004473772059544356,0.0012987901165266767,0.007624260257933385,0.0019284598777795008
grid50_altitude_month_seed20260921,1000_10000,alt2_closed_experts,three_way,-0.0016242677733845357,-0.005752741597541455,0.0021458086933526486,0.002456843799229575
grid50_altitude_month_seed20260921,1000_10000,alt3_open_beginners,altitude,0.008120570733432864,0.0012339583143123215,0.015837243810330925,0.0045118467011653
grid50_altitude_month_seed20260921,1000_10000,alt3_open_beginners,circuit,0.12461529675840444,0.12013338464359542,0.1309101256140567,0.0033303773893175797
grid50_altitude_month_seed20260921,1000_10000,alt3_open_beginners,equipment,-0.016693495105728817,-0.019881620266945753,-0.013556119412484127,0.0019600768262898207
grid50_altitude_month_seed20260921,1000_10000,alt3_open_beginners,altitude_circuit,-0.07573945764811185,-0.08318756429188325,-0.06925047587437026,0.004393204774643829
grid50_altitude_month_seed20260921,1000_10000,alt3_open_beginners,altitude_equipment,-0.002567257305840953,-0.006343903167072879,0.0011930096595354374,0.0022699233493260825
grid50_altitude_month_seed20260921,1000_10000,alt3_open_beginners,circuit_equipment,0.0044737720595445785,0.0012987901165266824,0.007624260257933274,0.001928459877779494
grid50_altitude_month_seed20260921,1000_10000,alt3_open_beginners,three_way,0.004038790054770147,0.0005484582804035854,0.007432038420968843,0.002162537615149595
grid50_altitude_month_seed20260921,1000_10000,alt3_open_experts,altitude,0.008120570733432864,0.0012339583143123215,0.015837243810330925,0.0045118467011653
grid50_altitude_month_seed20260921,1000_10000,alt3_open_experts,circuit,0.12461529675840444,0.12013338464359542,0.1309101256140567,0.0033303773893175797
grid50_altitude_month_seed20260921,1000_10000,alt3_open_experts,equipment,0.01669349510572915,0.013556119412484224,0.019881620266945864,0.0019600768262898155
grid50_altitude_month_seed20260921,1000_10000,alt3_open_experts,altitude_circuit,-0.07573945764811185,-0.08318756429188325,-0.06925047587437026,0.004393204774643829
grid50_altitude_month_seed20260921,1000_10000,alt3_open_experts,altitude_equipment,0.002567257305840842,-0.0011930096595353268,0.006343903167072773,0.0022699233493260794
grid50_altitude_month_seed20260921,1000_10000,alt3_open_experts,circuit_equipment,-0.0044737720595446895,-0.007624260257933268,-0.0012987901165265883,0.0019284598777794919
grid50_altitude_month_seed20260921,1000_10000,alt3_open_experts,three_way,-0.004038790054770147,-0.0074320384209685345,-0.0005484582804036798,0.0021625376151495914
grid50_altitude_month_seed20260921,1000_10000,alt3_closed_beginners,altitude,0.008120570733432864,0.0012339583143123215,0.015837243810330925,0.0045118467011653
grid50_altitude_month_seed20260921,1000_10000,alt3_closed_beginners,circuit,-0.12461529675840444,-0.13091012561405682,-0.12013338464359542,0.0033303773893175862
grid50_altitude_month_seed20260921,1000_10000,alt3_closed_beginners,equipment,-0.016693495105728817,-0.019881620266945753,-0.013556119412484127,0.0019600768262898207
grid50_altitude_month_seed20260921,1000_10000,alt3_closed_beginners,altitude_circuit,0.07573945764811185,0.06925047587437047,0.08318756429188345,0.004393204774643824
grid50_altitude_month_seed20260921,1000_10000,alt3_closed_beginners,altitude_equipment,-0.002567257305840953,-0.006343903167072879,0.0011930096595354374,0.0022699233493260825
grid50_altitude_month_seed20260921,1000_10000,alt3_closed_beginners,circuit_equipment,-0.0044737720595446895,-0.007624260257933268,-0.0012987901165268047,0.001928459877779498
grid50_altitude_month_seed20260921,1000_10000,alt3_closed_beginners,three_way,-0.004038790054770147,-0.00743203842096864,-0.0005484582804036798,0.0021625376151496035
grid50_altitude_month_seed20260921,1000_10000,alt3_closed_experts,altitude,0.008120570733432864,0.0012339583143123215,0.015837243810330925,0.0045118467011653
grid50_altitude_month_seed20260921,1000_10000,alt3_closed_experts,circuit,-0.12461529675840444,-0.13091012561405682,-0.12013338464359542,0.0033303773893175862
grid50_altitude_month_seed20260921,1000_10000,alt3_closed_experts,equipment,0.01669349510572915,0.013556119412484224,0.019881620266945864,0.0019600768262898155
grid50_altitude_month_seed20260921,1000_10000,alt3_closed_experts,altitude_circuit,0.07573945764811185,0.06925047587437047,0.08318756429188345,0.004393204774643824
grid50_altitude_month_seed20260921,1000_10000,alt3_closed_experts,altitude_equipment,0.002567257305840842,-0.0011930096595353268,0.006343903167072773,0.0022699233493260794
grid50_altitude_month_seed20260921,1000_10000,alt3_closed_experts,circuit_equipment,0.004473772059544356,0.0012987901165266767,0.007624260257933385,0.0019284598777795008
grid50_altitude_month_seed20260921,1000_10000,alt3_closed_experts,three_way,0.004038790054770369,0.0005484582804035797,0.0074320384209688485,0.0021625376151496022
grid50_altitude_month_seed20260922,10_10000,alt0_open_beginners,altitude,0.007525380771875367,0.0018733814648787092,0.013219421768310556,0.003377518395352149
grid50_altitude_month_seed20260922,10_10000,alt0_open_beginners,circuit,0.041173627113205935,0.03917650567953266,0.0435065449851527,0.001345645912079867
grid50_altitude_month_seed20260922,10_10000,alt0_open_beginners,equipment,-0.007723140782947335,-0.008881049733641922,-0.006631422114656321,0.0006839049907054179
grid50_altitude_month_seed20260922,10_10000,alt0_open_beginners,altitude_circuit,0.02382110231277801,0.01852473279263219,0.029457913135076556,0.003335841249105383
grid50_altitude_month_seed20260922,10_10000,alt0_open_beginners,altitude_equipment,0.001442169762407186,-0.0013184676909150262,0.0042370691423927066,0.0016766189264886735
grid50_altitude_month_seed20260922,10_10000,alt0_open_beginners,circuit_equipment,5.616389266938082e-05,-0.0010151087888720547,0.0012011611015896367,0.0006753631478996639
grid50_altitude_month_seed20260922,10_10000,alt0_open_beginners,three_way,0.0014002408713247316,-0.0014320005098595657,0.004181722670151471,0.0017053897822521687
grid50_altitude_month_seed20260922,10_10000,alt0_open_experts,altitude,0.007525380771875367,0.0018733814648787092,0.013219421768310556,0.003377518395352149
grid50_altitude_month_seed20260922,10_10000,alt0_open_experts,circuit,0.041173627113205935,0.03917650567953266,0.0435065449851527,0.001345645912079867
grid50_altitude_month_seed20260922,10_10000,alt0_open_experts,equipment,0.007723140782947446,0.006631422114656426,0.008881049733641832,0.0006839049907054175
grid50_altitude_month_seed20260922,10_10000,alt0_open_experts,altitude_circuit,0.02382110231277801,0.01852473279263219,0.029457913135076556,0.003335841249105383
grid50_altitude_month_seed20260922,10_10000,alt0_open_experts,altitude_equipment,-0.0014421697624074081,-0.004237069142392503,0.0013184676909154367,0.0016766189264886765
grid50_altitude_month_seed20260922,10_10000,alt0_open_experts,circuit_equipment,-5.6163892669491844e-05,-0.001201161101589521,0.0010151087888719593,0.0006753631478996666
grid50_altitude_month_seed20260922,10_10000,alt0_open_experts,three_way,-0.0014002408713245096,-0.004181722670151583,0.001432000509859571,0.0017053897822521661
grid50_altitude_month_seed20260922,10_10000,alt0_closed_beginners,altitude,0.007525380771875367,0.0018733814648787092,0.013219421768310556,0.003377518395352149
grid50_altitude_month_seed20260922,10_10000,alt0_closed_beginners,circuit,-0.041173627113205824,-0.0435065449851528,-0.03917650567953256,0.001345645912079865
grid50_altitude_month_seed20260922,10_10000,alt0_closed_beginners,equipment,-0.007723140782947335,-0.008881049733641922,-0.006631422114656321,0.0006839049907054179
grid50_altitude_month_seed20260922,10_10000,alt0_closed_beginners,altitude_circuit,-0.02382110231277823,-0.029457913135076348,-0.018524732792632417,0.0033358412491053787
grid50_altitude_month_seed20260922,10_10000,alt0_closed_beginners,altitude_equipment,0.001442169762407186,-0.0013184676909150262,0.0042370691423927066,0.0016766189264886735
grid50_altitude_month_seed20260922,10_10000,alt0_closed_beginners,circuit_equipment,-5.6163892669602866e-05,-0.0012011611015896153,0.0010151087888719593,0.0006753631478996693
grid50_altitude_month_seed20260922,10_10000,alt0_closed_beginners,three_way,-0.0014002408713243986,-0.0041817226701513725,0.001432000509859571,0.001705389782252165
grid50_altitude_month_seed20260922,10_10000,alt0_closed_experts,altitude,0.007525380771875367,0.0018733814648787092,0.013219421768310556,0.003377518395352149
grid50_altitude_month_seed20260922,10_10000,alt0_closed_experts,circuit,-0.041173627113205824,-0.0435065449851528,-0.03917650567953256,0.001345645912079865
grid50_altitude_month_seed20260922,10_10000,alt0_closed_experts,equipment,0.007723140782947446,0.006631422114656426,0.008881049733641832,0.0006839049907054175
grid50_altitude_month_seed20260922,10_10000,alt0_closed_experts,altitude_circuit,-0.02382110231277823,-0.029457913135076348,-0.018524732792632417,0.0033358412491053787
grid50_altitude_month_seed20260922,10_10000,alt0_closed_experts,altitude_equipment,-0.0014421697624074081,-0.004237069142392503,0.0013184676909154367,0.0016766189264886765
grid50_altitude_month_seed20260922,10_10000,alt0_closed_experts,circuit_equipment,5.6163892669491844e-05,-0.0010151087888719604,0.0012011611015894257,0.0006753631478996705
grid50_altitude_month_seed20260922,10_10000,alt0_closed_experts,three_way,0.0014002408713245096,-0.00143200050985946,0.004181722670151482,0.0017053897822521685
grid50_altitude_month_seed20260922,10_10000,alt1_open_beginners,altitude,-0.000449754409719505,-0.0038940984667878934,0.0029987727511079343,0.0020050972655800046
grid50_altitude_month_seed20260922,10_10000,alt1_open_beginners,circuit,0.041173627113205935,0.03917650567953266,0.0435065449851527,0.001345645912079867
grid50_altitude_month_seed20260922,10_10000,alt1_open_beginners,equipment,-0.007723140782947335,-0.008881049733641922,-0.006631422114656321,0.0006839049907054179
grid50_altitude_month_seed20260922,10_10000,alt1_open_beginners,altitude_circuit,0.022491461446518368,0.0193321743042196,0.025441732461220737,0.0018313639356413829
grid50_altitude_month_seed20260922,10_10000,alt1_open_beginners,altitude_equipment,0.0028559578983242684,0.000950982610509271,0.004699927074423016,0.0011720969125465896
grid50_altitude_month_seed20260922,10_10000,alt1_open_beginners,circuit_equipment,5.616389266938082e-05,-0.0010151087888720547,0.0012011611015896367,0.0006753631478996639
grid50_altitude_month_seed20260922,10_10000,alt1_open_beginners,three_way,-0.004196452258376837,-0.005984581703048153,-0.002254181437665659,0.0011288549691410132
grid50_altitude_month_seed20260922,10_10000,alt1_open_experts,altitude,-0.000449754409719505,-0.0038940984667878934,0.0029987727511079343,0.0020050972655800046
grid50_altitude_month_seed20260922,10_10000,alt1_open_experts,circuit,0.041173627113205935,0.03917650567953266,0.0435065449851527,0.001345645912079867
grid50_altitude_month_seed20260922,10_10000,alt1_open_experts,equipment,0.007723140782947446,0.006631422114656426,0.008881049733641832,0.0006839049907054175
grid50_altitude_month_seed20260922,10_10000,alt1_open_experts,altitude_circuit,0.022491461446518368,0.0193321743042196,0.025441732461220737,0.0018313639356413829
grid50_altitude_month_seed20260922,10_10000,alt1_open_experts,altitude_equipment,-0.0028559578983242684,-0.004699927074423022,-0.0009509826105094936,0.001172096912546587
grid50_altitude_month_seed20260922,10_10000,alt1_open_experts,circuit_equipment,-5.6163892669491844e-05,-0.001201161101589521,0.0010151087888719593,0.0006753631478996666
grid50_altitude_month_seed20260922,10_10000,alt1_open_experts,three_way,0.004196452258376948,0.0022541814376655644,0.00598458170304793,0.0011288549691410167
grid50_altitude_month_seed20260922,10_10000,alt1_closed_beginners,altitude,-0.000449754409719505,-0.0038940984667878934,0.0029987727511079343,0.0020050972655800046
grid50_altitude_month_seed20260922,10_10000,alt1_closed_beginners,circuit,-0.041173627113205824,-0.0435065449851528,-0.03917650567953256,0.001345645912079865
grid50_altitude_month_seed20260922,10_10000,alt1_closed_beginners,equipment,-0.007723140782947335,-0.008881049733641922,-0.006631422114656321,0.0006839049907054179
grid50_altitude_month_seed20260922,10_10000,alt1_closed_beginners,altitude_circuit,-0.02249146144651848,-0.025441732461220636,-0.019332174304219407,0.001831363935641391
grid50_altitude_month_seed20260922,10_10000,alt1_closed_beginners,altitude_equipment,0.0028559578983242684,0.000950982610509271,0.004699927074423016,0.0011720969125465896
grid50_altitude_month_seed20260922,10_10000,alt1_closed_beginners,circuit_equipment,-5.6163892669602866e-05,-0.0012011611015896153,0.0010151087888719593,0.0006753631478996693
grid50_altitude_month_seed20260922,10_10000,alt1_closed_beginners,three_way,0.004196452258377059,0.002254181437665659,0.005984581703047724,0.0011288549691410197
grid50_altitude_month_seed20260922,10_10000,alt1_closed_experts,altitude,-0.000449754409719505,-0.0038940984667878934,0.0029987727511079343,0.0020050972655800046
grid50_altitude_month_seed20260922,10_10000,alt1_closed_experts,circuit,-0.041173627113205824,-0.0435065449851528,-0.03917650567953256,0.001345645912079865
grid50_altitude_month_seed20260922,10_10000,alt1_closed_experts,equipment,0.007723140782947446,0.006631422114656426,0.008881049733641832,0.0006839049907054175
grid50_altitude_month_seed20260922,10_10000,alt1_closed_experts,altitude_circuit,-0.02249146144651848,-0.025441732461220636,-0.019332174304219407,0.001831363935641391
grid50_altitude_month_seed20260922,10_10000,alt1_closed_experts,altitude_equipment,-0.0028559578983242684,-0.004699927074423022,-0.0009509826105094936,0.001172096912546587
grid50_altitude_month_seed20260922,10_10000,alt1_closed_experts,circuit_equipment,5.6163892669491844e-05,-0.0010151087888719604,0.0012011611015894257,0.0006753631478996705
grid50_altitude_month_seed20260922,10_10000,alt1_closed_experts,three_way,-0.004196452258376948,-0.005984581703048048,-0.002254181437665659,0.0011288549691410128
grid50_altitude_month_seed20260922,10_10000,alt2_open_beginners,altitude,-0.00731528798753367,-0.010636749135346629,-0.004384724409366615,0.001841248434733315
grid50_altitude_month_seed20260922,10_10000,alt2_open_beginners,circuit,0.041173627113205935,0.03917650567953266,0.0435065449851527,0.001345645912079867
grid50_altitude_month_seed20260922,10_10000,alt2_open_beginners,equipment,-0.007723140782947335,-0.008881049733641922,-0.006631422114656321,0.0006839049907054179
grid50_altitude_month_seed20260922,10_10000,alt2_open_beginners,altitude_circuit,-0.016943197250350983,-0.020132029474675756,-0.013307236868979356,0.0020704549406409868
grid50_altitude_month_seed20260922,10_10000,alt2_open_beginners,altitude_equipment,-0.0036815053293142164,-0.004940076740020638,-0.0023392428527221803,0.0008037658433732001
grid50_altitude_month_seed20260922,10_10000,alt2_open_beginners,circuit_equipment,5.616389266938082e-05,-0.0010151087888720547,0.0012011611015896367,0.0006753631478996639
grid50_altitude_month_seed20260922,10_10000,alt2_open_beginners,three_way,1.4052276695597499e-05,-0.0013730757762002942,0.0012509090315217907,0.0008481889107555253
grid50_altitude_month_seed20260922,10_10000,alt2_open_experts,altitude,-0.00731528798753367,-0.010636749135346629,-0.004384724409366615,0.001841248434733315
grid50_altitude_month_seed20260922,10_10000,alt2_open_experts,circuit,0.041173627113205935,0.03917650567953266,0.0435065449851527,0.001345645912079867
grid50_altitude_month_seed20260922,10_10000,alt2_open_experts,equipment,0.007723140782947446,0.006631422114656426,0.008881049733641832,0.0006839049907054175
grid50_altitude_month_seed20260922,10_10000,alt2_open_experts,altitude_circuit,-0.016943197250350983,-0.020132029474675756,-0.013307236868979356,0.0020704549406409868
grid50_altitude_month_seed20260922,10_10000,alt2_open_experts,altitude_equipment,0.0036815053293142164,0.002339242852721951,0.0049400767400206375,0.0008037658433732075
grid50_altitude_month_seed20260922,10_10000,alt2_open_experts,circuit_equipment,-5.6163892669491844e-05,-0.001201161101589521,0.0010151087888719593,0.0006753631478996666
grid50_altitude_month_seed20260922,10_10000,alt2_open_experts,three_way,-1.4052276695486476e-05,-0.0012509090315216797,0.0013730757762007051,0.0008481889107555348
grid50_altitude_month_seed20260922,10_10000,alt2_closed_beginners,altitude,-0.00731528798753367,-0.010636749135346629,-0.004384724409366615,0.001841248434733315
grid50_altitude_month_seed20260922,10_10000,alt2_closed_beginners,circuit,-0.041173627113205824,-0.0435065449851528,-0.03917650567953256,0.001345645912079865
grid50_altitude_month_seed20260922,10_10000,alt2_closed_beginners,equipment,-0.007723140782947335,-0.008881049733641922,-0.006631422114656321,0.0006839049907054179
grid50_altitude_month_seed20260922,10_10000,alt2_closed_beginners,altitude_circuit,0.016943197250350872,0.013307236868979139,0.020132029474675895,0.0020704549406409868
grid50_altitude_month_seed20260922,10_10000,alt2_closed_beginners,altitude_equipment,-0.0036815053293142164,-0.004940076740020638,-0.0023392428527221803,0.0008037658433732001
grid50_altitude_month_seed20260922,10_10000,alt2_closed_beginners,circuit_equipment,-5.6163892669602866e-05,-0.0012011611015896153,0.0010151087888719593,0.0006753631478996693
grid50_altitude_month_seed20260922,10_10000,alt2_closed_beginners,three_way,-1.4052276695486476e-05,-0.0012509090315217964,0.0013730757762004885,0.0008481889107555361
grid50_altitude_month_seed20260922,10_10000,alt2_closed_experts,altitude,-0.00731528798753367,-0.010636749135346629,-0.004384724409366615,0.001841248434733315
grid50_altitude_month_seed20260922,10_10000,alt2_closed_experts,circuit,-0.041173627113205824,-0.0435065449851528,-0.03917650567953256,0.001345645912079865
grid50_altitude_month_seed20260922,10_10000,alt2_closed_experts,equipment,0.007723140782947446,0.006631422114656426,0.008881049733641832,0.0006839049907054175
grid50_altitude_month_seed20260922,10_10000,alt2_closed_experts,altitude_circuit,0.016943197250350872,0.013307236868979139,0.020132029474675895,0.0020704549406409868
grid50_altitude_month_seed20260922,10_10000,alt2_closed_experts,altitude_equipment,0.0036815053293142164,0.002339242852721951,0.0049400767400206375,0.0008037658433732075
grid50_altitude_month_seed20260922,10_10000,alt2_closed_experts,circuit_equipment,5.6163892669491844e-05,-0.0010151087888719604,0.0012011611015894257,0.0006753631478996705
grid50_altitude_month_seed20260922,10_10000,alt2_closed_experts,three_way,1.4052276695486476e-05,-0.0013730757762005052,0.001250909031521885,0.0008481889107555246
grid50_altitude_month_seed20260922,10_10000,alt3_open_beginners,altitude,0.00023966162537802926,-0.0029944671248562484,0.003584308992805551,0.002044128175301092
grid50_altitude_month_seed20260922,10_10000,alt3_open_beginners,circuit,0.041173627113205935,0.03917650567953266,0.0435065449851527,0.001345645912079867
grid50_altitude_month_seed20260922,10_10000,alt3_open_beginners,equipment,-0.007723140782947335,-0.008881049733641922,-0.006631422114656321,0.0006839049907054179
grid50_altitude_month_seed20260922,10_10000,alt3_open_beginners,altitude_circuit,-0.029369366508945727,-0.0320327288222619,-0.026777700162690297,0.0016242054868036105
grid50_altitude_month_seed20260922,10_10000,alt3_open_beginners,altitude_equipment,-0.0006166223314174601,-0.0020249124056768595,0.0007378392037822865,0.0008474842791072266
grid50_altitude_month_seed20260922,10_10000,alt3_open_beginners,circuit_equipment,5.616389266938082e-05,-0.0010151087888720547,0.0012011611015896367,0.0006753631478996639
grid50_altitude_month_seed20260922,10_10000,alt3_open_beginners,three_way,0.002782159110356841,0.0014931937832713459,0.004008988866308887,0.0007508099164756666
grid50_altitude_month_seed20260922,10_10000,alt3_open_experts,altitude,0.00023966162537802926,-0.0029944671248562484,0.003584308992805551,0.002044128175301092
grid50_altitude_month_seed20260922,10_10000,alt3_open_experts,circuit,0.041173627113205935,0.03917650567953266,0.0435065449851527,0.001345645912079867
grid50_altitude_month_seed20260922,10_10000,alt3_open_experts,equipment,0.007723140782947446,0.006631422114656426,0.008881049733641832,0.0006839049907054175
grid50_altitude_month_seed20260922,10_10000,alt3_open_experts,altitude_circuit,-0.029369366508945727,-0.0320327288222619,-0.026777700162690297,0.0016242054868036105
grid50_altitude_month_seed20260922,10_10000,alt3_open_experts,altitude_equipment,0.0006166223314173491,-0.0007378392037822924,0.002024912405676965,0.0008474842791072275
grid50_altitude_month_seed20260922,10_10000,alt3_open_experts,circuit_equipment,-5.6163892669491844e-05,-0.001201161101589521,0.0010151087888719593,0.0006753631478996666
grid50_altitude_month_seed20260922,10_10000,alt3_open_experts,three_way,-0.002782159110356841,-0.00400898886630901,-0.0014931937832714573,0.0007508099164756705
grid50_altitude_month_seed20260922,10_10000,alt3_closed_beginners,altitude,0.00023966162537802926,-0.0029944671248562484,0.003584308992805551,0.002044128175301092
grid50_altitude_month_seed20260922,10_10000,alt3_closed_beginners,circuit,-0.041173627113205824,-0.0435065449851528,-0.03917650567953256,0.001345645912079865
grid50_altitude_month_seed20260922,10_10000,alt3_closed_beginners,equipment,-0.007723140782947335,-0.008881049733641922,-0.006631422114656321,0.0006839049907054179
grid50_altitude_month_seed20260922,10_10000,alt3_closed_beginners,altitude_circuit,0.029369366508945616,0.026777700162690297,0.03203272882226159,0.001624205486803612
grid50_altitude_month_seed20260922,10_10000,alt3_closed_beginners,altitude_equipment,-0.0006166223314174601,-0.0020249124056768595,0.0007378392037822865,0.0008474842791072266
grid50_altitude_month_seed20260922,10_10000,alt3_closed_beginners,circuit_equipment,-5.6163892669602866e-05,-0.0012011611015896153,0.0010151087888719593,0.0006753631478996693
grid50_altitude_month_seed20260922,10_10000,alt3_closed_beginners,three_way,-0.002782159110356619,-0.00400898886630911,-0.0014931937832715516,0.000750809916475665
grid50_altitude_month_seed20260922,10_10000,alt3_closed_experts,altitude,0.00023966162537802926,-0.0029944671248562484,0.003584308992805551,0.002044128175301092
grid50_altitude_month_seed20260922,10_10000,alt3_closed_experts,circuit,-0.041173627113205824,-0.0435065449851528,-0.03917650567953256,0.001345645912079865
grid50_altitude_month_seed20260922,10_10000,alt3_closed_experts,equipment,0.007723140782947446,0.006631422114656426,0.008881049733641832,0.0006839049907054175
grid50_altitude_month_seed20260922,10_10000,alt3_closed_experts,altitude_circuit,0.029369366508945616,0.026777700162690297,0.03203272882226159,0.001624205486803612
grid50_altitude_month_seed20260922,10_10000,alt3_closed_experts,altitude_equipment,0.0006166223314173491,-0.0007378392037822924,0.002024912405676965,0.0008474842791072275
grid50_altitude_month_seed20260922,10_10000,alt3_closed_experts,circuit_equipment,5.6163892669491844e-05,-0.0010151087888719604,0.0012011611015894257,0.0006753631478996705
grid50_altitude_month_seed20260922,10_10000,alt3_closed_experts,three_way,0.00278215911035673,0.0014931937832712405,0.0040089888663090096,0.000750809916475674
grid50_altitude_month_seed20260922,10_100,alt0_open_beginners,altitude,-0.006108120071015022,-0.009755797539378663,-0.002053377980671641,0.00234697840619761
grid50_altitude_month_seed20260922,10_100,alt0_open_beginners,circuit,0.005901530327626414,0.004467922247698824,0.007226950377685404,0.000825827864012867
grid50_altitude_month_seed20260922,10_100,alt0_open_beginners,equipment,-0.0068656341311144065,-0.007624190845627022,-0.0061976495835752606,0.0004419157095773364
grid50_altitude_month_seed20260922,10_100,alt0_open_beginners,altitude_circuit,0.008767351696345904,0.005033805611012848,0.012165928285883297,0.002173831600938712
grid50_altitude_month_seed20260922,10_100,alt0_open_beginners,altitude_equipment,0.00026148035233297673,-0.0015707054942040726,0.002220591908305413,0.0011563189846369821
grid50_altitude_month_seed20260922,10_100,alt0_open_beginners,circuit_equipment,-0.0008326517849239767,-0.0014629821279296795,-0.00012930322980200852,0.00040153322737733374
grid50_altitude_month_seed20260922,10_100,alt0_open_beginners,three_way,-0.0010125869280197541,-0.00275217708445793,0.0007517861065274078,0.0010662081079081446
grid50_altitude_month_seed20260922,10_100,alt0_open_experts,altitude,-0.006108120071015022,-0.009755797539378663,-0.002053377980671641,0.00234697840619761
grid50_altitude_month_seed20260922,10_100,alt0_open_experts,circuit,0.005901530327626414,0.004467922247698824,0.007226950377685404,0.000825827864012867
grid50_altitude_month_seed20260922,10_100,alt0_open_experts,equipment,0.0068656341311144065,0.006197649583575043,0.007624190845627026,0.00044191570957733225
grid50_altitude_month_seed20260922,10_100,alt0_open_experts,altitude_circuit,0.008767351696345904,0.005033805611012848,0.012165928285883297,0.002173831600938712
grid50_altitude_month_seed20260922,10_100,alt0_open_experts,altitude_equipment,-0.00026148035233297673,-0.002220591908305525,0.0015707054942042705,0.0011563189846369834
grid50_altitude_month_seed20260922,10_100,alt0_open_experts,circuit_equipment,0.0008326517849239767,0.0001293032298017914,0.0014629821279296905,0.0004015332273773358
grid50_altitude_month_seed20260922,10_100,alt0_open_experts,three_way,0.0010125869280196431,-0.0007517861065276299,0.0027521770844579287,0.0010662081079081415
grid50_altitude_month_seed20260922,10_100,alt0_closed_beginners,altitude,-0.006108120071015022,-0.009755797539378663,-0.002053377980671641,0.00234697840619761
grid50_altitude_month_seed20260922,10_100,alt0_closed_beginners,circuit,-0.005901530327626525,-0.007226950377685404,-0.0044679222476989135,0.0008258278640128677
grid50_altitude_month_seed20260922,10_100,alt0_closed_beginners,equipment,-0.0068656341311144065,-0.007624190845627022,-0.0061976495835752606,0.0004419157095773364
grid50_altitude_month_seed20260922,10_100,alt0_closed_beginners,altitude_circuit,-0.008767351696345682,-0.01216592828588341,-0.0050338056110127575,0.0021738316009387057
grid50_altitude_month_seed20260922,10_100,alt0_closed_beginners,altitude_equipment,0.00026148035233297673,-0.0015707054942040726,0.002220591908305413,0.0011563189846369821
grid50_altitude_month_seed20260922,10_100,alt0_closed_beginners,circuit_equipment,0.0008326517849240878,0.000129303229801908,0.0014629821279294852,0.0004015332273773276
grid50_altitude_month_seed20260922,10_100,alt0_closed_beginners,three_way,0.001012586928019532,-0.0007517861065278297,0.0027521770844579287,0.0010662081079081374
grid50_altitude_month_seed20260922,10_100,alt0_closed_experts,altitude,-0.006108120071015022,-0.009755797539378663,-0.002053377980671641,0.00234697840619761
grid50_altitude_month_seed20260922,10_100,alt0_closed_experts,circuit,-0.005901530327626525,-0.007226950377685404,-0.0044679222476989135,0.0008258278640128677
grid50_altitude_month_seed20260922,10_100,alt0_closed_experts,equipment,0.0068656341311144065,0.006197649583575043,0.007624190845627026,0.00044191570957733225
grid50_altitude_month_seed20260922,10_100,alt0_closed_experts,altitude_circuit,-0.008767351696345682,-0.01216592828588341,-0.0050338056110127575,0.0021738316009387057
grid50_altitude_month_seed20260922,10_100,alt0_closed_experts,altitude_equipment,-0.00026148035233297673,-0.002220591908305525,0.0015707054942042705,0.0011563189846369834
grid50_altitude_month_seed20260922,10_100,alt0_closed_experts,circuit_equipment,-0.0008326517849240878,-0.001462982127929574,-0.00012930322980201964,0.0004015332273773336
grid50_altitude_month_seed20260922,10_100,alt0_closed_experts,three_way,-0.001012586928019532,-0.00275217708445793,0.0007517861065273079,0.0010662081079081465
grid50_altitude_month_seed20260922,10_100,alt1_open_beginners,altitude,-0.0036344473104443775,-0.005664847243716193,-0.0016189042358391694,0.0012873505096209015
grid50_altitude_month_seed20260922,10_100,alt1_open_beginners,circuit,0.005901530327626414,0.004467922247698824,0.007226950377685404,0.000825827864012867
grid50_altitude_month_seed20260922,10_100,alt1_open_beginners,equipment,-0.0068656341311144065,-0.007624190845627022,-0.0061976495835752606,0.0004419157095773364
grid50_altitude_month_seed20260922,10_100,alt1_open_beginners,altitude_circuit,0.005827129943553944,0.004076557062494157,0.0076555164791330945,0.0010950586677300391
grid50_altitude_month_seed20260922,10_100,alt1_open_beginners,altitude_equipment,0.0005755790146648732,-0.0006713640166836289,0.001690876153120785,0.000729857074460681
grid50_altitude_month_seed20260922,10_100,alt1_open_beginners,circuit_equipment,-0.0008326517849239767,-0.0014629821279296795,-0.00012930322980200852,0.00040153322737733374
grid50_altitude_month_seed20260922,10_100,alt1_open_beginners,three_way,-0.0024168937635981047,-0.003446779641082415,-0.001318469316090898,0.0006572350212222486
grid50_altitude_month_seed20260922,10_100,alt1_open_experts,altitude,-0.0036344473104443775,-0.005664847243716193,-0.0016189042358391694,0.0012873505096209015
grid50_altitude_month_seed20260922,10_100,alt1_open_experts,circuit,0.005901530327626414,0.004467922247698824,0.007226950377685404,0.000825827864012867
grid50_altitude_month_seed20260922,10_100,alt1_open_experts,equipment,0.0068656341311144065,0.006197649583575043,0.007624190845627026,0.00044191570957733225
grid50_altitude_month_seed20260922,10_100,alt1_open_experts,altitude_circuit,0.005827129943553944,0.004076557062494157,0.0076555164791330945,0.0010950586677300391
grid50_altitude_month_seed20260922,10_100,alt1_open_experts,altitude_equipment,-0.0005755790146647621,-0.0016908761531210016,0.0006713640166836339,0.0007298570744606798
grid50_altitude_month_seed20260922,10_100,alt1_open_experts,circuit_equipment,0.0008326517849239767,0.0001293032298017914,0.0014629821279296905,0.0004015332273773358
grid50_altitude_month_seed20260922,10_100,alt1_open_experts,three_way,0.0024168937635981047,0.0013184693160906923,0.0034467796410825088,0.0006572350212222507
grid50_altitude_month_seed20260922,10_100,alt1_closed_beginners,altitude,-0.0036344473104443775,-0.005664847243716193,-0.0016189042358391694,0.0012873505096209015
grid50_altitude_month_seed20260922,10_100,alt1_closed_beginners,circuit,-0.005901530327626525,-0.007226950377685404,-0.0044679222476989135,0.0008258278640128677
grid50_altitude_month_seed20260922,10_100,alt1_closed_beginners,equipment,-0.0068656341311144065,-0.007624190845627022,-0.0061976495835752606,0.0004419157095773364
grid50_altitude_month_seed20260922,10_100,alt1_closed_beginners,altitude_circuit,-0.005827129943553833,-0.0076555164791331015,-0.004076557062494157,0.0010950586677300378
grid50_altitude_month_seed20260922,10_100,alt1_closed_beginners,altitude_equipment,0.0005755790146648732,-0.0006713640166836289,0.001690876153120785,0.000729857074460681
grid50_altitude_month_seed20260922,10_100,alt1_closed_beginners,circuit_equipment,0.0008326517849240878,0.000129303229801908,0.0014629821279294852,0.0004015332273773276
grid50_altitude_month_seed20260922,10_100,alt1_closed_beginners,three_way,0.0024168937635979937,0.0013184693160907034,0.003446779641082725,0.0006572350212222575
grid50_altitude_month_seed20260922,10_100,alt1_closed_experts,altitude,-0.0036344473104443775,-0.005664847243716193,-0.0016189042358391694,0.0012873505096209015
grid50_altitude_month_seed20260922,10_100,alt1_closed_experts,circuit,-0.005901530327626525,-0.007226950377685404,-0.0044679222476989135,0.0008258278640128677
grid50_altitude_month_seed20260922,10_100,alt1_closed_experts,equipment,0.0068656341311144065,0.006197649583575043,0.007624190845627026,0.00044191570957733225
grid50_altitude_month_seed20260922,10_100,alt1_closed_experts,altitude_circuit,-0.005827129943553833,-0.0076555164791331015,-0.004076557062494157,0.0010950586677300378
grid50_altitude_month_seed20260922,10_100,alt1_closed_experts,altitude_equipment,-0.0005755790146647621,-0.0016908761531210016,0.0006713640166836339,0.0007298570744606798
grid50_altitude_month_seed20260922,10_100,alt1_closed_experts,circuit_equipment,-0.0008326517849240878,-0.001462982127929574,-0.00012930322980201964,0.0004015332273773336
grid50_altitude_month_seed20260922,10_100,alt1_closed_experts,three_way,-0.0024168937635979937,-0.0034467796410825205,-0.0013184693160911089,0.0006572350212222533
grid50_altitude_month_seed20260922,10_100,alt2_open_beginners,altitude,0.00230266786275779,5.928746588049745e-05,0.004206829521644933,0.0012756585648747672
grid50_altitude_month_seed20260922,10_100,alt2_open_beginners,circuit,0.005901530327626414,0.004467922247698824,0.007226950377685404,0.000825827864012867
grid50_altitude_month_seed20260922,10_100,alt2_open_beginners,equipment,-0.0068656341311144065,-0.007624190845627022,-0.0061976495835752606,0.0004419157095773364
grid50_altitude_month_seed20260922,10_100,alt2_open_beginners,altitude_circuit,-0.006751410398615043,-0.008194812893940607,-0.005117280726186235,0.0009188633250843859
grid50_altitude_month_seed20260922,10_100,alt2_open_beginners,altitude_equipment,-0.0008398737473496176,-0.0016493362099663622,-1.8240908123346126e-05,0.0005042920264974435
grid50_altitude_month_seed20260922,10_100,alt2_open_beginners,circuit_equipment,-0.0008326517849239767,-0.0014629821279296795,-0.00012930322980200852,0.00040153322737733374
grid50_altitude_month_seed20260922,10_100,alt2_open_beginners,three_way,0.0012687366162951186,0.0005102574259625403,0.0019570650930504693,0.0004449740335739209
grid50_altitude_month_seed20260922,10_100,alt2_open_experts,altitude,0.00230266786275779,5.928746588049745e-05,0.004206829521644933,0.0012756585648747672
grid50_altitude_month_seed20260922,10_100,alt2_open_experts,circuit,0.005901530327626414,0.004467922247698824,0.007226950377685404,0.000825827864012867
grid50_altitude_month_seed20260922,10_100,alt2_open_experts,equipment,0.0068656341311144065,0.006197649583575043,0.007624190845627026,0.00044191570957733225
grid50_altitude_month_seed20260922,10_100,alt2_open_experts,altitude_circuit,-0.006751410398615043,-0.008194812893940607,-0.005117280726186235,0.0009188633250843859
grid50_altitude_month_seed20260922,10_100,alt2_open_experts,altitude_equipment,0.0008398737473496176,1.8240908123229255e-05,0.001649336209966462,0.000504292026497447
grid50_altitude_month_seed20260922,10_100,alt2_open_experts,circuit_equipment,0.0008326517849239767,0.0001293032298017914,0.0014629821279296905,0.0004015332273773358
grid50_altitude_month_seed20260922,10_100,alt2_open_experts,three_way,-0.0012687366162950076,-0.001957065093050353,-0.0005102574259626459,0.0004449740335739281
grid50_altitude_month_seed20260922,10_100,alt2_closed_beginners,altitude,0.00230266786275779,5.928746588049745e-05,0.004206829521644933,0.0012756585648747672
grid50_altitude_month_seed20260922,10_100,alt2_closed_beginners,circuit,-0.005901530327626525,-0.007226950377685404,-0.0044679222476989135,0.0008258278640128677
grid50_altitude_month_seed20260922,10_100,alt2_closed_beginners,equipment,-0.0068656341311144065,-0.007624190845627022,-0.0061976495835752606,0.0004419157095773364
grid50_altitude_month_seed20260922,10_100,alt2_closed_beginners,altitude_circuit,0.006751410398615154,0.005117280726185919,0.008194812893940496,0.0009188633250843915
grid50_altitude_month_seed20260922,10_100,alt2_closed_beginners,altitude_equipment,-0.0008398737473496176,-0.0016493362099663622,-1.8240908123346126e-05,0.0005042920264974435
grid50_altitude_month_seed20260922,10_100,alt2_closed_beginners,circuit_equipment,0.0008326517849240878,0.000129303229801908,0.0014629821279294852,0.0004015332273773276
grid50_altitude_month_seed20260922,10_100,alt2_closed_beginners,three_way,-0.0012687366162951186,-0.001957065093050042,-0.0005102574259627513,0.00044497403357392223
grid50_altitude_month_seed20260922,10_100,alt2_closed_experts,altitude,0.00230266786275779,5.928746588049745e-05,0.004206829521644933,0.0012756585648747672
grid50_altitude_month_seed20260922,10_100,alt2_closed_experts,circuit,-0.005901530327626525,-0.007226950377685404,-0.0044679222476989135,0.0008258278640128677
grid50_altitude_month_seed20260922,10_100,alt2_closed_experts,equipment,0.0068656341311144065,0.006197649583575043,0.007624190845627026,0.00044191570957733225
grid50_altitude_month_seed20260922,10_100,alt2_closed_experts,altitude_circuit,0.006751410398615154,0.005117280726185919,0.008194812893940496,0.0009188633250843915
grid50_altitude_month_seed20260922,10_100,alt2_closed_experts,altitude_equipment,0.0008398737473496176,1.8240908123229255e-05,0.001649336209966462,0.000504292026497447
grid50_altitude_month_seed20260922,10_100,alt2_closed_experts,circuit_equipment,-0.0008326517849240878,-0.001462982127929574,-0.00012930322980201964,0.0004015332273773336
grid50_altitude_month_seed20260922,10_100,alt2_closed_experts,three_way,0.0012687366162950076,0.0005102574259626458,0.001957065093050364,0.0004449740335739182
grid50_altitude_month_seed20260922,10_100,alt3_open_beginners,altitude,0.007439899518701276,0.00533979512795475,0.009449869387537491,0.0012629377228779
grid50_altitude_month_seed20260922,10_100,alt3_open_beginners,circuit,0.005901530327626414,0.004467922247698824,0.007226950377685404,0.000825827864012867
grid50_altitude_month_seed20260922,10_100,alt3_open_beginners,equipment,-0.0068656341311144065,-0.007624190845627022,-0.0061976495835752606,0.0004419157095773364
grid50_altitude_month_seed20260922,10_100,alt3_open_beginners,altitude_circuit,-0.007843071241284472,-0.009249283447375078,-0.006425272591299747,0.0009007488750166874
grid50_altitude_month_seed20260922,10_100,alt3_open_beginners,altitude_equipment,2.8143803518787536e-06,-0.0008634227541962358,0.0008898526739459233,0.0005311653556737757
grid50_altitude_month_seed20260922,10_100,alt3_open_beginners,circuit_equipment,-0.0008326517849239767,-0.0014629821279296795,-0.00012930322980200852,0.00040153322737733374
grid50_altitude_month_seed20260922,10_100,alt3_open_beginners,three_way,0.0021607440753225182,0.0014391268985897486,0.002876617536528075,0.0004453824020078132
grid50_altitude_month_seed20260922,10_100,alt3_open_experts,altitude,0.007439899518701276,0.00533979512795475,0.009449869387537491,0.0012629377228779
grid50_altitude_month_seed20260922,10_100,alt3_open_experts,circuit,0.005901530327626414,0.004467922247698824,0.007226950377685404,0.000825827864012867
grid50_altitude_month_seed20260922,10_100,alt3_open_experts,equipment,0.0068656341311144065,0.006197649583575043,0.007624190845627026,0.00044191570957733225
grid50_altitude_month_seed20260922,10_100,alt3_open_experts,altitude_circuit,-0.007843071241284472,-0.009249283447375078,-0.006425272591299747,0.0009007488750166874
grid50_altitude_month_seed20260922,10_100,alt3_open_experts,altitude_equipment,-2.814380351989776e-06,-0.000889852673945496,0.0008634227541964245,0.0005311653556737651
grid50_altitude_month_seed20260922,10_100,alt3_open_experts,circuit_equipment,0.0008326517849239767,0.0001293032298017914,0.0014629821279296905,0.0004015332273773358
grid50_altitude_month_seed20260922,10_100,alt3_open_experts,three_way,-0.002160744075322296,-0.002876617536527637,-0.0014391268985896545,0.00044538240200781167
grid50_altitude_month_seed20260922,10_100,alt3_closed_beginners,altitude,0.007439899518701276,0.00533979512795475,0.009449869387537491,0.0012629377228779
grid50_altitude_month_seed20260922,10_100,alt3_closed_beginners,circuit,-0.005901530327626525,-0.007226950377685404,-0.0044679222476989135,0.0008258278640128677
grid50_altitude_month_seed20260922,10_100,alt3_closed_beginners,equipment,-0.0068656341311144065,-0.007624190845627022,-0.0061976495835752606,0.0004419157095773364
grid50_altitude_month_seed20260922,10_100,alt3_closed_beginners,altitude_circuit,0.007843071241284472,0.006425272591299653,0.009249283447374978,0.0009007488750166913
grid50_altitude_month_seed20260922,10_100,alt3_closed_beginners,altitude_equipment,2.8143803518787536e-06,-0.0008634227541962358,0.0008898526739459233,0.0005311653556737757
grid50_altitude_month_seed20260922,10_100,alt3_closed_beginners,circuit_equipment,0.0008326517849240878,0.000129303229801908,0.0014629821279294852,0.0004015332273773276
grid50_altitude_month_seed20260922,10_100,alt3_closed_beginners,three_way,-0.002160744075322407,-0.002876617536527415,-0.0014391268985897599,0.0004453824020078022
grid50_altitude_month_seed20260922,10_100,alt3_closed_experts,altitude,0.007439899518701276,0.00533979512795475,0.009449869387537491,0.0012629377228779
grid50_altitude_month_seed20260922,10_100,alt3_closed_experts,circuit,-0.005901530327626525,-0.007226950377685404,-0.0044679222476989135,0.0008258278640128677
grid50_altitude_month_seed20260922,10_100,alt3_closed_experts,equipment,0.0068656341311144065,0.006197649583575043,0.007624190845627026,0.00044191570957733225
grid50_altitude_month_seed20260922,10_100,alt3_closed_experts,altitude_circuit,0.007843071241284472,0.006425272591299653,0.009249283447374978,0.0009007488750166913
grid50_altitude_month_seed20260922,10_100,alt3_closed_experts,altitude_equipment,-2.814380351989776e-06,-0.000889852673945496,0.0008634227541964245,0.0005311653556737651
grid50_altitude_month_seed20260922,10_100,alt3_closed_experts,circuit_equipment,-0.0008326517849240878,-0.001462982127929574,-0.00012930322980201964,0.0004015332273773336
grid50_altitude_month_seed20260922,10_100,alt3_closed_experts,three_way,0.0021607440753225182,0.00143912689858966,0.0028766175365278644,0.0004453824020078081
grid50_altitude_month_seed20260922,100_1000,alt0_open_beginners,altitude,0.00446475135722757,0.0001773043717678667,0.009131008193966022,0.0026699531824921074
grid50_altitude_month_seed20260922,100_1000,alt0_open_beginners,circuit,0.02086378291087898,0.019278612899385383,0.022585469100116478,0.0010203367411222265
grid50_altitude_month_seed20260922,100_1000,alt0_open_beginners,equipment,-0.004479963147880572,-0.005431335041916835,-0.0036840134364709955,0.0005324710877312912
grid50_altitude_month_seed20260922,100_1000,alt0_open_beginners,altitude_circuit,0.018490889488029016,0.014193203483847543,0.02265461170056653,0.0025428879054279646
grid50_altitude_month_seed20260922,100_1000,alt0_open_beginners,altitude_equipment,0.0003566302564600443,-0.00190308795997462,0.0025633356802694574,0.0013556287560896033
grid50_altitude_month_seed20260922,100_1000,alt0_open_beginners,circuit_equipment,-0.0012113738103689542,-0.002045810786734287,-0.0003046531783120478,0.0005319532784957969
grid50_altitude_month_seed20260922,100_1000,alt0_open_beginners,three_way,0.0008746691488895619,-0.0013291898143728998,0.0031374617623311724,0.001401353655299506
grid50_altitude_month_seed20260922,100_1000,alt0_open_experts,altitude,0.00446475135722757,0.0001773043717678667,0.009131008193966022,0.0026699531824921074
grid50_altitude_month_seed20260922,100_1000,alt0_open_experts,circuit,0.02086378291087898,0.019278612899385383,0.022585469100116478,0.0010203367411222265
grid50_altitude_month_seed20260922,100_1000,alt0_open_experts,equipment,0.004479963147880461,0.0036840134364711117,0.005431335041916829,0.000532471087731296
grid50_altitude_month_seed20260922,100_1000,alt0_open_experts,altitude_circuit,0.018490889488029016,0.014193203483847543,0.02265461170056653,0.0025428879054279646
grid50_altitude_month_seed20260922,100_1000,alt0_open_experts,altitude_equipment,-0.0003566302564599333,-0.0025633356802694683,0.0019030879599747194,0.0013556287560896017
grid50_altitude_month_seed20260922,100_1000,alt0_open_experts,circuit_equipment,0.0012113738103691762,0.0003046531783120587,0.00204581078673417,0.0005319532784958075
grid50_altitude_month_seed20260922,100_1000,alt0_open_experts,three_way,-0.000874669148889673,-0.003137461762331173,0.0013291898143728826,0.0014013536552995
grid50_altitude_month_seed20260922,100_1000,alt0_closed_beginners,altitude,0.00446475135722757,0.0001773043717678667,0.009131008193966022,0.0026699531824921074
grid50_altitude_month_seed20260922,100_1000,alt0_closed_beginners,circuit,-0.020863782910879092,-0.02258546910011659,-0.019278612899385383,0.0010203367411222275
grid50_altitude_month_seed20260922,100_1000,alt0_closed_beginners,equipment,-0.004479963147880572,-0.005431335041916835,-0.0036840134364709955,0.0005324710877312912
grid50_altitude_month_seed20260922,100_1000,alt0_closed_beginners,altitude_circuit,-0.018490889488029016,-0.022654611700566523,-0.014193203483847646,0.002542887905427966
grid50_altitude_month_seed20260922,100_1000,alt0_closed_beginners,altitude_equipment,0.0003566302564600443,-0.00190308795997462,0.0025633356802694574,0.0013556287560896033
grid50_altitude_month_seed20260922,100_1000,alt0_closed_beginners,circuit_equipment,0.0012113738103690652,0.0003046531783121586,0.0020458107867342644,0.0005319532784958016
grid50_altitude_month_seed20260922,100_1000,alt0_closed_beginners,three_way,-0.0008746691488895619,-0.0031374617623310674,0.0013291898143729772,0.0014013536552995123
grid50_altitude_month_seed20260922,100_1000,alt0_closed_experts,altitude,0.00446475135722757,0.0001773043717678667,0.009131008193966022,0.0026699531824921074
grid50_altitude_month_seed20260922,100_1000,alt0_closed_experts,circuit,-0.020863782910879092,-0.02258546910011659,-0.019278612899385383,0.0010203367411222275
grid50_altitude_month_seed20260922,100_1000,alt0_closed_experts,equipment,0.004479963147880461,0.0036840134364711117,0.005431335041916829,0.000532471087731296
grid50_altitude_month_seed20260922,100_1000,alt0_closed_experts,altitude_circuit,-0.018490889488029016,-0.022654611700566523,-0.014193203483847646,0.002542887905427966
grid50_altitude_month_seed20260922,100_1000,alt0_closed_experts,altitude_equipment,-0.0003566302564599333,-0.0025633356802694683,0.0019030879599747194,0.0013556287560896017
grid50_altitude_month_seed20260922,100_1000,alt0_closed_experts,circuit_equipment,-0.0012113738103690652,-0.00204581078673427,-0.00030465317831204227,0.0005319532784957965
grid50_altitude_month_seed20260922,100_1000,alt0_closed_experts,three_way,0.0008746691488895619,-0.0013291898143731051,0.0031374617623312726,0.0014013536552995088
grid50_altitude_month_seed20260922,100_1000,alt1_open_beginners,altitude,0.0009821052075015269,-0.001678535041215601,0.003785397164586365,0.0016540142139286921
grid50_altitude_month_seed20260922,100_1000,alt1_open_beginners,circuit,0.02086378291087898,0.019278612899385383,0.022585469100116478,0.0010203367411222265
grid50_altitude_month_seed20260922,100_1000,alt1_open_beginners,equipment,-0.004479963147880572,-0.005431335041916835,-0.0036840134364709955,0.0005324710877312912
grid50_altitude_month_seed20260922,100_1000,alt1_open_beginners,altitude_circuit,0.013519464972824968,0.011047296298234099,0.016024639889175123,0.0014824525195114818
grid50_altitude_month_seed20260922,100_1000,alt1_open_beginners,altitude_equipment,0.001092535487124957,-0.00045957557724254927,0.002596879212305464,0.0009566163511707285
grid50_altitude_month_seed20260922,100_1000,alt1_open_beginners,circuit_equipment,-0.0012113738103689542,-0.002045810786734287,-0.0003046531783120478,0.0005319532784957969
grid50_altitude_month_seed20260922,100_1000,alt1_open_beginners,three_way,-0.003911046656475015,-0.0053321097439772815,-0.0023749743315683194,0.0008940558487973511
grid50_altitude_month_seed20260922,100_1000,alt1_open_experts,altitude,0.0009821052075015269,-0.001678535041215601,0.003785397164586365,0.0016540142139286921
grid50_altitude_month_seed20260922,100_1000,alt1_open_experts,circuit,0.02086378291087898,0.019278612899385383,0.022585469100116478,0.0010203367411222265
grid50_altitude_month_seed20260922,100_1000,alt1_open_experts,equipment,0.004479963147880461,0.0036840134364711117,0.005431335041916829,0.000532471087731296
grid50_altitude_month_seed20260922,100_1000,alt1_open_experts,altitude_circuit,0.013519464972824968,0.011047296298234099,0.016024639889175123,0.0014824525195114818
grid50_altitude_month_seed20260922,100_1000,alt1_open_experts,altitude_equipment,-0.001092535487124624,-0.0025968792123054695,0.0004595755772425431,0.0009566163511707224
grid50_altitude_month_seed20260922,100_1000,alt1_open_experts,circuit_equipment,0.0012113738103691762,0.0003046531783120587,0.00204581078673417,0.0005319532784958075
grid50_altitude_month_seed20260922,100_1000,alt1_open_experts,three_way,0.0039110466564745705,0.0023749743315687353,0.0053321097439773864,0.0008940558487973498
grid50_altitude_month_seed20260922,100_1000,alt1_closed_beginners,altitude,0.0009821052075015269,-0.001678535041215601,0.003785397164586365,0.0016540142139286921
grid50_altitude_month_seed20260922,100_1000,alt1_closed_beginners,circuit,-0.020863782910879092,-0.02258546910011659,-0.019278612899385383,0.0010203367411222275
grid50_altitude_month_seed20260922,100_1000,alt1_closed_beginners,equipment,-0.004479963147880572,-0.005431335041916835,-0.0036840134364709955,0.0005324710877312912
grid50_altitude_month_seed20260922,100_1000,alt1_closed_beginners,altitude_circuit,-0.013519464972824746,-0.01602463988917512,-0.011047296298234088,0.00148245251951148
grid50_altitude_month_seed20260922,100_1000,alt1_closed_beginners,altitude_equipment,0.001092535487124957,-0.00045957557724254927,0.002596879212305464,0.0009566163511707285
grid50_altitude_month_seed20260922,100_1000,alt1_closed_beginners,circuit_equipment,0.0012113738103690652,0.0003046531783121586,0.0020458107867342644,0.0005319532784958016
grid50_altitude_month_seed20260922,100_1000,alt1_closed_beginners,three_way,0.0039110466564746815,0.00237497433156853,0.005332109743977292,0.0008940558487973374
grid50_altitude_month_seed20260922,100_1000,alt1_closed_experts,altitude,0.0009821052075015269,-0.001678535041215601,0.003785397164586365,0.0016540142139286921
grid50_altitude_month_seed20260922,100_1000,alt1_closed_experts,circuit,-0.020863782910879092,-0.02258546910011659,-0.019278612899385383,0.0010203367411222275
grid50_altitude_month_seed20260922,100_1000,alt1_closed_experts,equipment,0.004479963147880461,0.0036840134364711117,0.005431335041916829,0.000532471087731296
grid50_altitude_month_seed20260922,100_1000,alt1_closed_experts,altitude_circuit,-0.013519464972824746,-0.01602463988917512,-0.011047296298234088,0.00148245251951148
grid50_altitude_month_seed20260922,100_1000,alt1_closed_experts,altitude_equipment,-0.001092535487124624,-0.0025968792123054695,0.0004595755772425431,0.0009566163511707224
grid50_altitude_month_seed20260922,100_1000,alt1_closed_experts,circuit_equipment,-0.0012113738103690652,-0.00204581078673427,-0.00030465317831204227,0.0005319532784957965
grid50_altitude_month_seed20260922,100_1000,alt1_closed_experts,three_way,-0.003911046656474904,-0.0053321097439772815,-0.0023749743315687306,0.0008940558487973492
grid50_altitude_month_seed20260922,100_1000,alt2_open_beginners,altitude,-0.0031865440313147975,-0.005966224696964912,-0.0008365735944656673,0.0015647095324711924
grid50_altitude_month_seed20260922,100_1000,alt2_open_beginners,circuit,0.02086378291087898,0.019278612899385383,0.022585469100116478,0.0010203367411222265
grid50_altitude_month_seed20260922,100_1000,alt2_open_beginners,equipment,-0.004479963147880572,-0.005431335041916835,-0.0036840134364709955,0.0005324710877312912
grid50_altitude_month_seed20260922,100_1000,alt2_open_beginners,altitude_circuit,-0.01394664006105073,-0.01600119601756897,-0.011544392241503687,0.0013798195686878633
grid50_altitude_month_seed20260922,100_1000,alt2_open_beginners,altitude_equipment,-0.0015685597639322202,-0.0025020467540589177,-0.0005215756183387988,0.0006076829275368487
grid50_altitude_month_seed20260922,100_1000,alt2_open_beginners,circuit_equipment,-0.0012113738103689542,-0.002045810786734287,-0.0003046531783120478,0.0005319532784957969
grid50_altitude_month_seed20260922,100_1000,alt2_open_beginners,three_way,0.0005112529765113338,-0.0005430330983787036,0.0014272960650639763,0.0006145695815018529
grid50_altitude_month_seed20260922,100_1000,alt2_open_experts,altitude,-0.0031865440313147975,-0.005966224696964912,-0.0008365735944656673,0.0015647095324711924
grid50_altitude_month_seed20260922,100_1000,alt2_open_experts,circuit,0.02086378291087898,0.019278612899385383,0.022585469100116478,0.0010203367411222265
grid50_altitude_month_seed20260922,100_1000,alt2_open_experts,equipment,0.004479963147880461,0.0036840134364711117,0.005431335041916829,0.000532471087731296
grid50_altitude_month_seed20260922,100_1000,alt2_open_experts,altitude_circuit,-0.01394664006105073,-0.01600119601756897,-0.011544392241503687,0.0013798195686878633
grid50_altitude_month_seed20260922,100_1000,alt2_open_experts,altitude_equipment,0.0015685597639325533,0.0005215756183390152,0.0025020467540588062,0.000607682927536855
grid50_altitude_month_seed20260922,100_1000,alt2_open_experts,circuit_equipment,0.0012113738103691762,0.0003046531783120587,0.00204581078673417,0.0005319532784958075
grid50_altitude_month_seed20260922,100_1000,alt2_open_experts,three_way,-0.0005112529765116669,-0.0014272960650641654,0.0005430330983786976,0.000614569581501866
grid50_altitude_month_seed20260922,100_1000,alt2_closed_beginners,altitude,-0.0031865440313147975,-0.005966224696964912,-0.0008365735944656673,0.0015647095324711924
grid50_altitude_month_seed20260922,100_1000,alt2_closed_beginners,circuit,-0.020863782910879092,-0.02258546910011659,-0.019278612899385383,0.0010203367411222275
grid50_altitude_month_seed20260922,100_1000,alt2_closed_beginners,equipment,-0.004479963147880572,-0.005431335041916835,-0.0036840134364709955,0.0005324710877312912
grid50_altitude_month_seed20260922,100_1000,alt2_closed_beginners,altitude_circuit,0.013946640061050952,0.011544392241503791,0.01600119601756907,0.0013798195686878655
grid50_altitude_month_seed20260922,100_1000,alt2_closed_beginners,altitude_equipment,-0.0015685597639322202,-0.0025020467540589177,-0.0005215756183387988,0.0006076829275368487
grid50_altitude_month_seed20260922,100_1000,alt2_closed_beginners,circuit_equipment,0.0012113738103690652,0.0003046531783121586,0.0020458107867342644,0.0005319532784958016
grid50_altitude_month_seed20260922,100_1000,alt2_closed_beginners,three_way,-0.0005112529765116669,-0.0014272960650642652,0.0005430330983789086,0.0006145695815018611
grid50_altitude_month_seed20260922,100_1000,alt2_closed_experts,altitude,-0.0031865440313147975,-0.005966224696964912,-0.0008365735944656673,0.0015647095324711924
grid50_altitude_month_seed20260922,100_1000,alt2_closed_experts,circuit,-0.020863782910879092,-0.02258546910011659,-0.019278612899385383,0.0010203367411222275
grid50_altitude_month_seed20260922,100_1000,alt2_closed_experts,equipment,0.004479963147880461,0.0036840134364711117,0.005431335041916829,0.000532471087731296
grid50_altitude_month_seed20260922,100_1000,alt2_closed_experts,altitude_circuit,0.013946640061050952,0.011544392241503791,0.01600119601756907,0.0013798195686878655
grid50_altitude_month_seed20260922,100_1000,alt2_closed_experts,altitude_equipment,0.0015685597639325533,0.0005215756183390152,0.0025020467540588062,0.000607682927536855
grid50_altitude_month_seed20260922,100_1000,alt2_closed_experts,circuit_equipment,-0.0012113738103690652,-0.00204581078673427,-0.00030465317831204227,0.0005319532784957965
grid50_altitude_month_seed20260922,100_1000,alt2_closed_experts,three_way,0.0005112529765114449,-0.0005430330983787036,0.001427296065063971,0.0006145695815018543
grid50_altitude_month_seed20260922,100_1000,alt3_open_beginners,altitude,-0.0022603125334146323,-0.004843249251163579,0.00035303707628225824,0.0015940923571061741
grid50_altitude_month_seed20260922,100_1000,alt3_open_beginners,circuit,0.02086378291087898,0.019278612899385383,0.022585469100116478,0.0010203367411222265
grid50_altitude_month_seed20260922,100_1000,alt3_open_beginners,equipment,-0.004479963147880572,-0.005431335041916835,-0.0036840134364709955,0.0005324710877312912
grid50_altitude_month_seed20260922,100_1000,alt3_open_beginners,altitude_circuit,-0.018063714399803033,-0.02000964923614402,-0.01615052251669774,0.0011755084342868843
grid50_altitude_month_seed20260922,100_1000,alt3_open_beginners,altitude_equipment,0.00011939402034755187,-0.0008694718976924587,0.0012512280317465427,0.0006506121825229499
grid50_altitude_month_seed20260922,100_1000,alt3_open_beginners,circuit_equipment,-0.0012113738103689542,-0.002045810786734287,-0.0003046531783120478,0.0005319532784957969
grid50_altitude_month_seed20260922,100_1000,alt3_open_beginners,three_way,0.0025251245310734527,0.0015337838022006888,0.0034070582379528364,0.0005798462492014834
grid50_altitude_month_seed20260922,100_1000,alt3_open_experts,altitude,-0.0022603125334146323,-0.004843249251163579,0.00035303707628225824,0.0015940923571061741
grid50_altitude_month_seed20260922,100_1000,alt3_open_experts,circuit,0.02086378291087898,0.019278612899385383,0.022585469100116478,0.0010203367411222265
grid50_altitude_month_seed20260922,100_1000,alt3_open_experts,equipment,0.004479963147880461,0.0036840134364711117,0.005431335041916829,0.000532471087731296
grid50_altitude_month_seed20260922,100_1000,alt3_open_experts,altitude_circuit,-0.018063714399803033,-0.02000964923614402,-0.01615052251669774,0.0011755084342868843
grid50_altitude_month_seed20260922,100_1000,alt3_open_experts,altitude_equipment,-0.00011939402034744084,-0.0012512280317464376,0.0008694718976925751,0.0006506121825229482
grid50_altitude_month_seed20260922,100_1000,alt3_open_experts,circuit_equipment,0.0012113738103691762,0.0003046531783120587,0.00204581078673417,0.0005319532784958075
grid50_altitude_month_seed20260922,100_1000,alt3_open_experts,three_way,-0.0025251245310736747,-0.0034070582379528425,-0.0015337838022006834,0.0005798462492014913
grid50_altitude_month_seed20260922,100_1000,alt3_closed_beginners,altitude,-0.0022603125334146323,-0.004843249251163579,0.00035303707628225824,0.0015940923571061741
grid50_altitude_month_seed20260922,100_1000,alt3_closed_beginners,circuit,-0.020863782910879092,-0.02258546910011659,-0.019278612899385383,0.0010203367411222275
grid50_altitude_month_seed20260922,100_1000,alt3_closed_beginners,equipment,-0.004479963147880572,-0.005431335041916835,-0.0036840134364709955,0.0005324710877312912
grid50_altitude_month_seed20260922,100_1000,alt3_closed_beginners,altitude_circuit,0.018063714399803033,0.016150522516697748,0.020009649236144338,0.001175508434286892
grid50_altitude_month_seed20260922,100_1000,alt3_closed_beginners,altitude_equipment,0.00011939402034755187,-0.0008694718976924587,0.0012512280317465427,0.0006506121825229499
grid50_altitude_month_seed20260922,100_1000,alt3_closed_beginners,circuit_equipment,0.0012113738103690652,0.0003046531783121586,0.0020458107867342644,0.0005319532784958016
grid50_altitude_month_seed20260922,100_1000,alt3_closed_beginners,three_way,-0.0025251245310734527,-0.0034070582379527314,-0.0015337838022005668,0.0005798462492014837
grid50_altitude_month_seed20260922,100_1000,alt3_closed_experts,altitude,-0.0022603125334146323,-0.004843249251163579,0.00035303707628225824,0.0015940923571061741
grid50_altitude_month_seed20260922,100_1000,alt3_closed_experts,circuit,-0.020863782910879092,-0.02258546910011659,-0.019278612899385383,0.0010203367411222275
grid50_altitude_month_seed20260922,100_1000,alt3_closed_experts,equipment,0.004479963147880461,0.0036840134364711117,0.005431335041916829,0.000532471087731296
grid50_altitude_month_seed20260922,100_1000,alt3_closed_experts,altitude_circuit,0.018063714399803033,0.016150522516697748,0.020009649236144338,0.001175508434286892
grid50_altitude_month_seed20260922,100_1000,alt3_closed_experts,altitude_equipment,-0.00011939402034744084,-0.0012512280317464376,0.0008694718976925751,0.0006506121825229482
grid50_altitude_month_seed20260922,100_1000,alt3_closed_experts,circuit_equipment,-0.0012113738103690652,-0.00204581078673427,-0.00030465317831204227,0.0005319532784957965
grid50_altitude_month_seed20260922,100_1000,alt3_closed_experts,three_way,0.0025251245310735637,0.0015337838022005945,0.00340705823795282,0.0005798462492014869
grid50_altitude_month_seed20260922,1000_10000,alt0_open_beginners,altitude,0.020503148045126096,0.006152461532823427,0.03256779057949024,0.008146819203348752
grid50_altitude_month_seed20260922,1000_10000,alt0_open_beginners,circuit,0.12461529675840444,0.11983749713172243,0.1304898480864907,0.0033580930873779676
grid50_altitude_month_seed20260922,1000_10000,alt0_open_beginners,equipment,-0.016693495105728817,-0.01988313722008963,-0.01337691388170012,0.0019339072736644927
grid50_altitude_month_seed20260922,1000_10000,alt0_open_beginners,altitude_circuit,0.04766815901026478,0.035376290960736925,0.06315432387702284,0.008284425951273702
grid50_altitude_month_seed20260922,1000_10000,alt0_open_beginners,altitude_equipment,0.0037710243837917323,-0.003560830302927493,0.01206991832029776,0.004864769241099505
grid50_altitude_month_seed20260922,1000_10000,alt0_open_beginners,circuit_equipment,0.0044737720595445785,0.0010514403920173884,0.007553773376645883,0.001917574576698624
grid50_altitude_month_seed20260922,1000_10000,alt0_open_beginners,three_way,0.004486531743835176,-0.0036430013049312763,0.011937934380079418,0.004898799980161465
grid50_altitude_month_seed20260922,1000_10000,alt0_open_experts,altitude,0.020503148045126096,0.006152461532823427,0.03256779057949024,0.008146819203348752
grid50_altitude_month_seed20260922,1000_10000,alt0_open_experts,circuit,0.12461529675840444,0.11983749713172243,0.1304898480864907,0.0033580930873779676
grid50_altitude_month_seed20260922,1000_10000,alt0_open_experts,equipment,0.01669349510572915,0.013376913881700115,0.019883137220089414,0.001933907273664496
grid50_altitude_month_seed20260922,1000_10000,alt0_open_experts,altitude_circuit,0.04766815901026478,0.035376290960736925,0.06315432387702284,0.008284425951273702
grid50_altitude_month_seed20260922,1000_10000,alt0_open_experts,altitude_equipment,-0.0037710243837920654,-0.012069918320297968,0.0035608303029274896,0.004864769241099509
grid50_altitude_month_seed20260922,1000_10000,alt0_open_experts,circuit_equipment,-0.0044737720595446895,-0.007553773376645767,-0.0010514403920170842,0.0019175745766986181
grid50_altitude_month_seed20260922,1000_10000,alt0_open_experts,three_way,-0.004486531743835065,-0.011937934380079524,0.003643001304931469,0.0048987999801614725
grid50_altitude_month_seed20260922,1000_10000,alt0_closed_beginners,altitude,0.020503148045126096,0.006152461532823427,0.03256779057949024,0.008146819203348752
grid50_altitude_month_seed20260922,1000_10000,alt0_closed_beginners,circuit,-0.12461529675840444,-0.13048984808649036,-0.11983749713172254,0.003358093087377965
grid50_altitude_month_seed20260922,1000_10000,alt0_closed_beginners,equipment,-0.016693495105728817,-0.01988313722008963,-0.01337691388170012,0.0019339072736644927
grid50_altitude_month_seed20260922,1000_10000,alt0_closed_beginners,altitude_circuit,-0.04766815901026478,-0.06315432387702284,-0.03537629096073674,0.008284425951273707
grid50_altitude_month_seed20260922,1000_10000,alt0_closed_beginners,altitude_equipment,0.0037710243837917323,-0.003560830302927493,0.01206991832029776,0.004864769241099505
grid50_altitude_month_seed20260922,1000_10000,alt0_closed_beginners,circuit_equipment,-0.0044737720595446895,-0.007553773376645878,-0.0010514403920169788,0.0019175745766986246
grid50_altitude_month_seed20260922,1000_10000,alt0_closed_beginners,three_way,-0.004486531743834954,-0.011937934380079635,0.0036430013049315742,0.004898799980161466
grid50_altitude_month_seed20260922,1000_10000,alt0_closed_experts,altitude,0.020503148045126096,0.006152461532823427,0.03256779057949024,0.008146819203348752
grid50_altitude_month_seed20260922,1000_10000,alt0_closed_experts,circuit,-0.12461529675840444,-0.13048984808649036,-0.11983749713172254,0.003358093087377965
grid50_altitude_month_seed20260922,1000_10000,alt0_closed_experts,equipment,0.01669349510572915,0.013376913881700115,0.019883137220089414,0.001933907273664496
grid50_altitude_month_seed20260922,1000_10000,alt0_closed_experts,altitude_circuit,-0.04766815901026478,-0.06315432387702284,-0.03537629096073674,0.008284425951273707
grid50_altitude_month_seed20260922,1000_10000,alt0_closed_experts,altitude_equipment,-0.0037710243837920654,-0.012069918320297968,0.0035608303029274896,0.004864769241099509
grid50_altitude_month_seed20260922,1000_10000,alt0_closed_experts,circuit_equipment,0.004473772059544356,0.0010514403920172774,0.007553773376645766,0.0019175745766986162
grid50_altitude_month_seed20260922,1000_10000,alt0_closed_experts,three_way,0.004486531743835398,-0.0036430013049312707,0.011937934380079413,0.004898799980161471
grid50_altitude_month_seed20260922,1000_10000,alt1_open_beginners,altitude,-0.00961521186490255,-0.017562410045802824,-0.0014005353045246133,0.004882373258023885
grid50_altitude_month_seed20260922,1000_10000,alt1_open_beginners,circuit,0.12461529675840444,0.11983749713172243,0.1304898480864907,0.0033580930873779676
grid50_altitude_month_seed20260922,1000_10000,alt1_open_beginners,equipment,-0.016693495105728817,-0.01988313722008963,-0.01337691388170012,0.0019339072736644927
grid50_altitude_month_seed20260922,1000_10000,alt1_open_beginners,altitude_circuit,0.061503024332869916,0.053564906418879565,0.06895638935216888,0.004698782183493889
grid50_altitude_month_seed20260922,1000_10000,alt1_open_beginners,altitude_equipment,0.00876267913774953,0.003609081574333261,0.0136146480221886,0.0030477173567080157
grid50_altitude_month_seed20260922,1000_10000,alt1_open_beginners,circuit_equipment,0.0044737720595445785,0.0010514403920173884,0.007553773376645883,0.001917574576698624
grid50_altitude_month_seed20260922,1000_10000,alt1_open_beginners,three_way,-0.0069010540252205654,-0.011789010458908433,-0.0017308288270759993,0.0030613784503154147
grid50_altitude_month_seed20260922,1000_10000,alt1_open_experts,altitude,-0.00961521186490255,-0.017562410045802824,-0.0014005353045246133,0.004882373258023885
grid50_altitude_month_seed20260922,1000_10000,alt1_open_experts,circuit,0.12461529675840444,0.11983749713172243,0.1304898480864907,0.0033580930873779676
grid50_altitude_month_seed20260922,1000_10000,alt1_open_experts,equipment,0.01669349510572915,0.013376913881700115,0.019883137220089414,0.001933907273664496
grid50_altitude_month_seed20260922,1000_10000,alt1_open_experts,altitude_circuit,0.061503024332869916,0.053564906418879565,0.06895638935216888,0.004698782183493889
grid50_altitude_month_seed20260922,1000_10000,alt1_open_experts,altitude_equipment,-0.008762679137749863,-0.013614648022188397,-0.003609081574333147,0.0030477173567080122
grid50_altitude_month_seed20260922,1000_10000,alt1_open_experts,circuit_equipment,-0.0044737720595446895,-0.007553773376645767,-0.0010514403920170842,0.0019175745766986181
grid50_altitude_month_seed20260922,1000_10000,alt1_open_experts,three_way,0.0069010540252207875,0.0017308288270757861,0.011789010458908532,0.003061378450315413
grid50_altitude_month_seed20260922,1000_10000,alt1_closed_beginners,altitude,-0.00961521186490255,-0.017562410045802824,-0.0014005353045246133,0.004882373258023885
grid50_altitude_month_seed20260922,1000_10000,alt1_closed_beginners,circuit,-0.12461529675840444,-0.13048984808649036,-0.11983749713172254,0.003358093087377965
grid50_altitude_month_seed20260922,1000_10000,alt1_closed_beginners,equipment,-0.016693495105728817,-0.01988313722008963,-0.01337691388170012,0.0019339072736644927
grid50_altitude_month_seed20260922,1000_10000,alt1_closed_beginners,altitude_circuit,-0.06150302433287003,-0.06895638935216879,-0.053564906418879475,0.004698782183493891
grid50_altitude_month_seed20260922,1000_10000,alt1_closed_beginners,altitude_equipment,0.00876267913774953,0.003609081574333261,0.0136146480221886,0.0030477173567080157
grid50_altitude_month_seed20260922,1000_10000,alt1_closed_beginners,circuit_equipment,-0.0044737720595446895,-0.007553773376645878,-0.0010514403920169788,0.0019175745766986246
grid50_altitude_month_seed20260922,1000_10000,alt1_closed_beginners,three_way,0.0069010540252206765,0.0017308288270760025,0.011789010458908521,0.003061378450315414
grid50_altitude_month_seed20260922,1000_10000,alt1_closed_experts,altitude,-0.00961521186490255,-0.017562410045802824,-0.0014005353045246133,0.004882373258023885
grid50_altitude_month_seed20260922,1000_10000,alt1_closed_experts,circuit,-0.12461529675840444,-0.13048984808649036,-0.11983749713172254,0.003358093087377965
grid50_altitude_month_seed20260922,1000_10000,alt1_closed_experts,equipment,0.01669349510572915,0.013376913881700115,0.019883137220089414,0.001933907273664496
grid50_altitude_month_seed20260922,1000_10000,alt1_closed_experts,altitude_circuit,-0.06150302433287003,-0.06895638935216879,-0.053564906418879475,0.004698782183493891
grid50_altitude_month_seed20260922,1000_10000,alt1_closed_experts,altitude_equipment,-0.008762679137749863,-0.013614648022188397,-0.003609081574333147,0.0030477173567080122
grid50_altitude_month_seed20260922,1000_10000,alt1_closed_experts,circuit_equipment,0.004473772059544356,0.0010514403920172774,0.007553773376645766,0.0019175745766986162
grid50_altitude_month_seed20260922,1000_10000,alt1_closed_experts,three_way,-0.006901054025220343,-0.011789010458908322,-0.001730828827076005,0.0030613784503154234
grid50_altitude_month_seed20260922,1000_10000,alt2_open_beginners,altitude,-0.019008506913656076,-0.02636651767752679,-0.01203534535314037,0.004314064000607644
grid50_altitude_month_seed20260922,1000_10000,alt2_open_beginners,circuit,0.12461529675840444,0.11983749713172243,0.1304898480864907,0.0033580930873779676
grid50_altitude_month_seed20260922,1000_10000,alt2_open_beginners,equipment,-0.016693495105728817,-0.01988313722008963,-0.01337691388170012,0.0019339072736644927
grid50_altitude_month_seed20260922,1000_10000,alt2_open_beginners,altitude_circuit,-0.03343172569502273,-0.042181690805568925,-0.02350359056738299,0.005625183529382268
grid50_altitude_month_seed20260922,1000_10000,alt2_open_beginners,altitude_equipment,-0.009966446215700753,-0.013777968643839488,-0.0063065186930807825,0.0022730548801068533
grid50_altitude_month_seed20260922,1000_10000,alt2_open_beginners,circuit_equipment,0.0044737720595445785,0.0010514403920173884,0.007553773376645883,0.001917574576698624
grid50_altitude_month_seed20260922,1000_10000,alt2_open_beginners,three_way,-0.0016242677733846467,-0.005594474140676248,0.002518250883532779,0.002452976443916185
grid50_altitude_month_seed20260922,1000_10000,alt2_open_experts,altitude,-0.019008506913656076,-0.02636651767752679,-0.01203534535314037,0.004314064000607644
grid50_altitude_month_seed20260922,1000_10000,alt2_open_experts,circuit,0.12461529675840444,0.11983749713172243,0.1304898480864907,0.0033580930873779676
grid50_altitude_month_seed20260922,1000_10000,alt2_open_experts,equipment,0.01669349510572915,0.013376913881700115,0.019883137220089414,0.001933907273664496
grid50_altitude_month_seed20260922,1000_10000,alt2_open_experts,altitude_circuit,-0.03343172569502273,-0.042181690805568925,-0.02350359056738299,0.005625183529382268
grid50_altitude_month_seed20260922,1000_10000,alt2_open_experts,altitude_equipment,0.009966446215700309,0.006306518693080792,0.01377796864383961,0.002273054880106856
grid50_altitude_month_seed20260922,1000_10000,alt2_open_experts,circuit_equipment,-0.0044737720595446895,-0.007553773376645767,-0.0010514403920170842,0.0019175745766986181
grid50_altitude_month_seed20260922,1000_10000,alt2_open_experts,three_way,0.0016242677733849797,-0.002518250883532669,0.005594474140676148,0.0024529764439161876
grid50_altitude_month_seed20260922,1000_10000,alt2_closed_beginners,altitude,-0.019008506913656076,-0.02636651767752679,-0.01203534535314037,0.004314064000607644
grid50_altitude_month_seed20260922,1000_10000,alt2_closed_beginners,circuit,-0.12461529675840444,-0.13048984808649036,-0.11983749713172254,0.003358093087377965
grid50_altitude_month_seed20260922,1000_10000,alt2_closed_beginners,equipment,-0.016693495105728817,-0.01988313722008963,-0.01337691388170012,0.0019339072736644927
grid50_altitude_month_seed20260922,1000_10000,alt2_closed_beginners,altitude_circuit,0.03343172569502251,0.02350359056738288,0.04218169080556903,0.005625183529382272
grid50_altitude_month_seed20260922,1000_10000,alt2_closed_beginners,altitude_equipment,-0.009966446215700753,-0.013777968643839488,-0.0063065186930807825,0.0022730548801068533
grid50_altitude_month_seed20260922,1000_10000,alt2_closed_beginners,circuit_equipment,-0.0044737720595446895,-0.007553773376645878,-0.0010514403920169788,0.0019175745766986246
grid50_altitude_month_seed20260922,1000_10000,alt2_closed_beginners,three_way,0.0016242677733849797,-0.00251825088353288,0.005594474140676364,0.0024529764439161876
grid50_altitude_month_seed20260922,1000_10000,alt2_closed_experts,altitude,-0.019008506913656076,-0.02636651767752679,-0.01203534535314037,0.004314064000607644
grid50_altitude_month_seed20260922,1000_10000,alt2_closed_experts,circuit,-0.12461529675840444,-0.13048984808649036,-0.11983749713172254,0.003358093087377965
grid50_altitude_month_seed20260922,1000_10000,alt2_closed_experts,equipment,0.01669349510572915,0.013376913881700115,0.019883137220089414,0.001933907273664496
grid50_altitude_month_seed20260922,1000_10000,alt2_closed_experts,altitude_circuit,0.03343172569502251,0.02350359056738288,0.04218169080556903,0.005625183529382272
grid50_altitude_month_seed20260922,1000_10000,alt2_closed_experts,altitude_equipment,0.009966446215700309,0.006306518693080792,0.01377796864383961,0.002273054880106856
grid50_altitude_month_seed20260922,1000_10000,alt2_closed_experts,circuit_equipment,0.004473772059544356,0.0010514403920172774,0.007553773376645766,0.0019175745766986162
grid50_altitude_month_seed20260922,1000_10000,alt2_closed_experts,three_way,-0.0016242677733845357,-0.005594474140676153,0.002518250883532879,0.002452976443916173
grid50_altitude_month_seed20260922,1000_10000,alt3_open_beginners,altitude,0.008120570733432864,0.0010540072935849233,0.015939192104563384,0.004654926048334277
grid50_altitude_month_seed20260922,1000_10000,alt3_open_beginners,circuit,0.12461529675840444,0.11983749713172243,0.1304898480864907,0.0033580930873779676
grid50_altitude_month_seed20260922,1000_10000,alt3_open_beginners,equipment,-0.016693495105728817,-0.01988313722008963,-0.01337691388170012,0.0019339072736644927
grid50_altitude_month_seed20260922,1000_10000,alt3_open_beginners,altitude_circuit,-0.07573945764811185,-0.08301202364751649,-0.06933207330828496,0.00420506600274107
grid50_altitude_month_seed20260922,1000_10000,alt3_open_beginners,altitude_equipment,-0.002567257305840953,-0.00635515502751049,0.0008730845498590595,0.0022529739866569485
grid50_altitude_month_seed20260922,1000_10000,alt3_open_beginners,circuit_equipment,0.0044737720595445785,0.0010514403920173884,0.007553773376645883,0.001917574576698624
grid50_altitude_month_seed20260922,1000_10000,alt3_open_beginners,three_way,0.004038790054770147,0.0007157922776260816,0.007612212922988452,0.002104156049159534
grid50_altitude_month_seed20260922,1000_10000,alt3_open_experts,altitude,0.008120570733432864,0.0010540072935849233,0.015939192104563384,0.004654926048334277
grid50_altitude_month_seed20260922,1000_10000,alt3_open_experts,circuit,0.12461529675840444,0.11983749713172243,0.1304898480864907,0.0033580930873779676
grid50_altitude_month_seed20260922,1000_10000,alt3_open_experts,equipment,0.01669349510572915,0.013376913881700115,0.019883137220089414,0.001933907273664496
grid50_altitude_month_seed20260922,1000_10000,alt3_open_experts,altitude_circuit,-0.07573945764811185,-0.08301202364751649,-0.06933207330828496,0.00420506600274107
grid50_altitude_month_seed20260922,1000_10000,alt3_open_experts,altitude_equipment,0.002567257305840842,-0.0008730845498590712,0.006355155027510811,0.0022529739866569425
grid50_altitude_month_seed20260922,1000_10000,alt3_open_experts,circuit_equipment,-0.0044737720595446895,-0.007553773376645767,-0.0010514403920170842,0.0019175745766986181
grid50_altitude_month_seed20260922,1000_10000,alt3_open_experts,three_way,-0.004038790054770147,-0.007612212922988349,-0.0007157922776260654,0.00210415604915953
grid50_altitude_month_seed20260922,1000_10000,alt3_closed_beginners,altitude,0.008120570733432864,0.0010540072935849233,0.015939192104563384,0.004654926048334277
grid50_altitude_month_seed20260922,1000_10000,alt3_closed_beginners,circuit,-0.12461529675840444,-0.13048984808649036,-0.11983749713172254,0.003358093087377965
grid50_altitude_month_seed20260922,1000_10000,alt3_closed_beginners,equipment,-0.016693495105728817,-0.01988313722008963,-0.01337691388170012,0.0019339072736644927
grid50_altitude_month_seed20260922,1000_10000,alt3_closed_beginners,altitude_circuit,0.07573945764811185,0.06933207330828507,0.08301202364751639,0.004205066002741058
grid50_altitude_month_seed20260922,1000_10000,alt3_closed_beginners,altitude_equipment,-0.002567257305840953,-0.00635515502751049,0.0008730845498590595,0.0022529739866569485
grid50_altitude_month_seed20260922,1000_10000,alt3_closed_beginners,circuit_equipment,-0.0044737720595446895,-0.007553773376645878,-0.0010514403920169788,0.0019175745766986246
grid50_altitude_month_seed20260922,1000_10000,alt3_closed_beginners,three_way,-0.004038790054770147,-0.007612212922988549,-0.0007157922776258711,0.0021041560491595265
grid50_altitude_month_seed20260922,1000_10000,alt3_closed_experts,altitude,0.008120570733432864,0.0010540072935849233,0.015939192104563384,0.004654926048334277
grid50_altitude_month_seed20260922,1000_10000,alt3_closed_experts,circuit,-0.12461529675840444,-0.13048984808649036,-0.11983749713172254,0.003358093087377965
grid50_altitude_month_seed20260922,1000_10000,alt3_closed_experts,equipment,0.01669349510572915,0.013376913881700115,0.019883137220089414,0.001933907273664496
grid50_altitude_month_seed20260922,1000_10000,alt3_closed_experts,altitude_circuit,0.07573945764811185,0.06933207330828507,0.08301202364751639,0.004205066002741058
grid50_altitude_month_seed20260922,1000_10000,alt3_closed_experts,altitude_equipment,0.002567257305840842,-0.0008730845498590712,0.006355155027510811,0.0022529739866569425
grid50_altitude_month_seed20260922,1000_10000,alt3_closed_experts,circuit_equipment,0.004473772059544356,0.0010514403920172774,0.007553773376645766,0.0019175745766986162
grid50_altitude_month_seed20260922,1000_10000,alt3_closed_experts,three_way,0.004038790054770369,0.0007157922776260871,0.007612212922988658,0.0021041560491595317
