configuration,window_s,cell,flights,groups,largest_group_fraction,size_balance_index,cells_point,cells_low,cells_high,cells_se,cells_sim_low,cells_sim_high,residual_point,residual_low,residual_high,residual_se,residual_sim_low,residual_sim_high,fit_rms_dex
site_day,10_10000,alt0_open_beginners,613,498,0.011419249592169658,373.1569016881827,0.9459583990156022,0.9441906848073702,0.9475728525243224,0.001024353492038949,0.9431618993340969,0.9487548986971075,0.026719676839179418,0.023370605213299367,0.03084978565225056,0.0023118907432690887,0.02065502084181968,0.03278433283653916,0.01625639925045167
site_day,10_10000,alt0_open_experts,890,662,0.010112359550561797,485.35539215686276,0.9556075315286942,0.9541768678481168,0.9570228720196039,0.0008563447365721209,0.9532696981521359,0.9579453649052524,0.02092252778637682,0.01722718199835771,0.025070098377960596,0.0023464434911439963,0.014767231463458916,0.027077824109294726,0.01406086118007507
site_day,10_10000,alt0_closed_beginners,90,87,0.022222222222222223,84.375,0.813056130635646,0.79894536474753,0.8248179232279045,0.007893930257472963,0.791505588149665,0.834606673121627,-0.023835337314365268,-0.03318565798524981,-0.015470427546801255,0.005351199887940313,-0.03787284604523986,-0.009797828583490672,0.11583707319488952
site_day,10_10000,alt0_closed_experts,65,64,0.03076923076923077,63.059701492537314,0.8285308822047142,0.8146154238449658,0.841071941296599,0.0081393745744726,0.8063102732234743,0.8507514911859541,-0.023806867311191637,-0.03323207267931118,-0.015006948192980474,0.005475149809411412,-0.03816952706263696,-0.009444207559746311,0.10011453934598893
site_day,10_10000,alt1_open_beginners,932,797,0.00536480686695279,663.0717557251909,0.932470717973963,0.9304000043346699,0.9345078238845417,0.0012589139227016232,0.929033864962538,0.9359075709853879,0.02120713097913507,0.018542052772641076,0.023812186760289827,0.001602731676828255,0.017002773007490403,0.025411488950779736,0.01039388534566837
site_day,10_10000,alt1_open_experts,1015,854,0.007881773399014778,662.524115755627,0.9504856604746242,0.9486148887095217,0.9522519117809138,0.0011081268269169061,0.9474604583909447,0.9535108625583038,0.023775791913901778,0.021446917329351185,0.026165169364267892,0.0014485133019913974,0.01997598653393145,0.027575597293872108,0.010962276469364169
site_day,10_10000,alt1_closed_beginners,282,269,0.010638297872340425,256.5290322580645,0.8134211175859294,0.8072121921617734,0.8191704817927192,0.0036156225393854007,0.8035504163500612,0.8232918188217976,-0.015495215182486977,-0.019745728397722616,-0.011357251828408136,0.002583753372392677,-0.022273033481729966,-0.008717396883243989,0.13106551877869255
site_day,10_10000,alt1_closed_experts,489,448,0.010224948875255624,399.20033388981636,0.8148749066237608,0.8106795157168555,0.8187927951555679,0.0024827967580332583,0.8080968359703751,0.8216529772771466,-0.029487707710550093,-0.0328790720853987,-0.02599518492383985,0.0020735837536593436,-0.03492722607199117,-0.024048189349109017,0.1252940096256913
site_day,10_10000,alt2_open_beginners,4809,3574,0.0037429819089207735,2221.777404169469,0.8838435670067132,0.8821466946603598,0.8854359252651789,0.0010056984895716146,0.88109799574871,0.8865891382647164,-0.020554486410300665,-0.022860664961051776,-0.018563344705640788,0.0012889380987170396,-0.023935686924800893,-0.017173285895800437,0.033154570781682824
site_day,10_10000,alt2_open_experts,2312,1960,0.0025951557093425604,1604.2448979591836,0.9065124268925068,0.9046096440329495,0.9083294162250378,0.0011421819235262498,0.9033942539080964,0.9096305998769172,-0.013331908090401634,-0.015725213779716484,-0.011277442874694593,0.0013338871572140458,-0.016831021001057777,-0.00983279517974549,0.020324938219375307
site_day,10_10000,alt2_closed_beginners,8924,5160,0.0031376064545047063,2039.588587819495,0.8352422749422739,0.8338366654574219,0.8367960824450466,0.0009332227648903914,0.8326945634490521,0.8377899864354956,0.013191475751671566,0.011383441129836308,0.015317062395661395,0.001233512601000821,0.009955669900872448,0.016427281602470686,0.10821679997266564
site_day,10_10000,alt2_closed_experts,5066,3608,0.0031583103039873666,2238.691207257502,0.8581919995055267,0.8567775503803285,0.8597970150861384,0.0009129828810776849,0.8556995431845437,0.8606844558265098,0.020694918749029845,0.018718968380158813,0.022931517593157456,0.001268232547190715,0.017368033970516866,0.024021803527542823,0.08896767526491298
site_day,10_10000,alt3_open_beginners,4476,3306,0.002680965147453083,2223.593340732519,0.8848053371925882,0.883223496092707,0.8862863545303497,0.0009049871653909137,0.8823347092897686,0.8872759650954078,-0.027147665837337187,-0.02940306527106214,-0.025274670079890343,0.0012610758547666682,-0.03045577685772292,-0.023839554816951453,0.03547196026147315
site_day,10_10000,alt3_open_experts,2039,1719,0.0029426189308484553,1425.2728830990743,0.8958082174152654,0.8938514160106632,0.8975889043075586,0.0011308130934867353,0.892721081499437,0.8988953533310938,-0.0315910671805546,-0.033915474821965,-0.02951502934140442,0.0013273590531089334,-0.035073055274292934,-0.028109079086816265,0.03056145681851659
site_day,10_10000,alt3_closed_beginners,7442,4773,0.0026874496103198066,2551.0531552280054,0.8555201699780159,0.8541858234148997,0.8568371913503684,0.0008003372254651137,0.8533352379076863,0.8577051020483456,0.025914421174502045,0.024031074187154035,0.028053469422285333,0.0012378674680092782,0.022667191440287397,0.029161650908716693,0.08202955937727643
site_day,10_10000,alt3_closed_experts,4586,3349,0.0034888791975577847,2280.07328707719,0.8778763422127976,0.8765469533990593,0.8792605392901325,0.0008084365712411984,0.8756692988126787,0.8800833856129165,0.03282431184338919,0.030865835233142864,0.035090158824894434,0.0012957596056151596,0.02942521684454053,0.03622340684223785,0.06425216398317748
site_day,10_100,alt0_open_beginners,613,498,0.011419249592169658,373.1569016881827,0.919974784660145,0.9177029135447743,0.9220350862532978,0.0012954635304802612,0.9164806295397433,0.9234689397805468,0.007183593335734817,0.0045469479585079796,0.009993936619853308,0.001600822936699024,0.0030285023352272806,0.011338684336242353,0.011178333659935336
site_day,10_100,alt0_open_experts,890,662,0.010112359550561797,485.35539215686276,0.9368735696435954,0.9350825049273435,0.9387397009820615,0.0011150257933239137,0.9338660954897855,0.9398810437974052,0.010351110056956214,0.007984948256173513,0.012851225448162978,0.001484897652235149,0.00649691436170984,0.014205305752202588,0.009000590843392995
site_day,10_100,alt0_closed_beginners,90,87,0.022222222222222223,84.375,0.8943274980380881,0.8858197153103563,0.9026331206768118,0.0050159624914330875,0.8807983244173638,0.9078566716588123,-0.0066606326310688635,-0.012179558010076285,-0.0015102467458965106,0.003276922709861403,-0.015166202953031246,0.001844937690893519,0.010249329269303813
site_day,10_100,alt0_closed_experts,65,64,0.03076923076923077,63.059701492537314,0.9038453281697635,0.8961582583079492,0.9112397272141814,0.004561109911846956,0.8915429937711358,0.9161476625683912,-0.01087407076162239,-0.016028505613775564,-0.005983004059538755,0.003053055110190915,-0.018798571043062887,-0.0029495704801818946,0.010494812275970674
site_day,10_100,alt1_open_beginners,932,797,0.00536480686695279,663.0717557251909,0.9184180274946773,0.9167206684451302,0.9200973541966234,0.0010396478828063917,0.9156138644382491,0.9212221905511054,0.0031531634096967354,0.0014906143231691316,0.004912991059061987,0.0010189861097255378,0.0005082862548919428,0.005798040564501528,0.010472659568008878
site_day,10_100,alt1_open_experts,1015,854,0.007881773399014778,662.524115755627,0.9374972288246206,0.9358328925623924,0.9391697337966678,0.0010236014459222944,0.9347363466003298,0.9402581110489114,0.008501096477411152,0.006896272603876247,0.010173936869950662,0.0009946532438366664,0.00591937763309377,0.011082815321728534,0.00839349204447812
site_day,10_100,alt1_closed_beginners,282,269,0.010638297872340425,256.5290322580645,0.90145979804936,0.898020493700674,0.9048911433593213,0.002026323367923388,0.895994350350501,0.9069252457482191,-0.002002005380367211,-0.004419730685331557,0.00039860228234604803,0.0014662013144786268,-0.00580767291989215,0.0018036621591577284,0.009372032110396012
site_day,10_100,alt1_closed_experts,489,448,0.010224948875255624,399.20033388981636,0.9075408171852157,0.9054505297369538,0.9096021678799739,0.0012824214023569988,0.904081839603734,0.9109997947666975,-0.009652254506740454,-0.011510343527524359,-0.007801237529850049,0.0011541933478719014,-0.012648075145391055,-0.006656433868089852,0.008767140642969394
site_day,10_100,alt2_open_beginners,4809,3574,0.0037429819089207735,2221.777404169469,0.9140467799435888,0.913145802142515,0.9149413474716533,0.0005415962336754661,0.9125859736695706,0.9155075862176071,-0.00715519931459363,-0.008368437461016232,-0.005956039432394889,0.0007285008565130494,-0.00904609385599819,-0.005264304773189069,0.007355410279900487
site_day,10_100,alt2_open_experts,2312,1960,0.0025951557093425604,1604.2448979591836,0.9285856260377751,0.9276501248668185,0.9295142504381055,0.0005684391183780499,0.9270524184951583,0.9301188335803918,-0.006347621482636345,-0.007693541904560025,-0.0051088699796267905,0.0007943502005729936,-0.008409434375234072,-0.004285808590038619,0.00701984616068946
site_day,10_100,alt2_closed_beginners,8924,5160,0.0031376064545047063,2039.588587819495,0.9148743704228237,0.9141525275508385,0.9156173761987272,0.0004401206479955326,0.9136872665178469,0.9160614743278005,0.005475451819894506,0.004271093806275289,0.006784034254868393,0.0007642442901658621,0.0034917817340538496,0.007459121905735161,0.006790979170180715
site_day,10_100,alt2_closed_experts,5066,3608,0.0031583103039873666,2238.691207257502,0.9311575558424936,0.9304907102867956,0.931855307806058,0.0004262557903153997,0.9300078485622127,0.9323072631227745,0.00802736897733547,0.006869235202162721,0.009205104611868407,0.0006989078242462109,0.006213286017793437,0.009841451936877502,0.005672573605683678
site_day,10_100,alt3_open_beginners,4476,3306,0.002680965147453083,2223.593340732519,0.9198270463435925,0.9189515329112277,0.9207415773373975,0.0005340039677183183,0.918386718110326,0.9212673745768589,-0.006512164570533829,-0.007711445832961716,-0.0053251011365685556,0.0007328638202199284,-0.008414383606870588,-0.004609945534197071,0.006864786520556876
site_day,10_100,alt3_open_experts,2039,1719,0.0029426189308484553,1425.2728830990743,0.9308965012643202,0.9298470839261266,0.9318938430964404,0.0006362261891088483,0.9291804568183726,0.9326125457102679,-0.009173977912035003,-0.010476530720768096,-0.007761906516971762,0.0008263463000555268,-0.011318839780233592,-0.007029116043836414,0.0061065484023103385
site_day,10_100,alt3_closed_beginners,7442,4773,0.0026874496103198066,2551.0531552280054,0.9210539435901105,0.9203635959324926,0.9217636966243068,0.00041606460294620827,0.9199317242233767,0.9221761629568443,0.006517793331237476,0.0052526188190893715,0.007835756355139261,0.0007821641784805109,0.00448761043941477,0.008547976223060182,0.006941056684548294
site_day,10_100,alt3_closed_experts,4586,3349,0.0034888791975577847,2280.07328707719,0.937435767672433,0.9368068136800759,0.9380969336544512,0.00037788091414921675,0.9364165382614845,0.9384549970833814,0.009168349151331023,0.007977846107636726,0.01040169322553427,0.000735117823949353,0.007260279629974007,0.01107641867268804,0.005338790098294187
site_day,100_1000,alt0_open_beginners,613,498,0.011419249592169658,373.1569016881827,0.9368317664254506,0.9349885633344535,0.938628361890733,0.0011261501134859765,0.9337310682585078,0.9399324645923934,0.018510815083009557,0.01572144292935615,0.021819672108172476,0.0018224649015607418,0.013817710372365358,0.023203919793653757,0.0013898769385634609
site_day,100_1000,alt0_open_experts,890,662,0.010112359550561797,485.35539215686276,0.9457518415312505,0.9441614260768905,0.9472575431024739,0.0009476683846972822,0.9431425680533083,0.9483611150091926,0.018470963893048697,0.015793326334879048,0.021573607645776937,0.0017666209943836373,0.01392166513642271,0.023020262649674685,0.0011669596746034232
site_day,100_1000,alt0_closed_beginners,90,87,0.022222222222222223,84.375,0.8587958309505933,0.8485154833382335,0.8673035413243683,0.005917118102893529,0.8425038668194235,0.8750877950817632,-0.017797554570089802,-0.024693355668293688,-0.011947030024292033,0.003931820834066515,-0.02792254894554475,-0.007672560194634855,0.01016404813553937
site_day,100_1000,alt0_closed_experts,65,64,0.03076923076923077,63.059701492537314,0.8663690874104754,0.8558395000366547,0.8759089052893396,0.0058530173334539635,0.8502536158586879,0.8824845589622629,-0.019184224405968453,-0.02560416980401257,-0.012624479113791954,0.0039083273348405065,-0.02924871970032029,-0.009119729111616615,0.00962867851704552
site_day,100_1000,alt1_open_beginners,932,797,0.00536480686695279,663.0717557251909,0.9243278851858214,0.922246786580493,0.9263595534431132,0.0012747306271018962,0.9208180911792607,0.9278376791923821,0.009489579993106068,0.0073168044494099195,0.011721663369112817,0.0013235973774927922,0.006081129667402664,0.012898030318809471,0.002250518338131644
site_day,100_1000,alt1_open_experts,1015,854,0.007881773399014778,662.524115755627,0.9413475814410198,0.9394906539458431,0.9432232726978215,0.0011417367033093677,0.9382039677604918,0.9444911951215479,0.017549349952543758,0.01560860643594078,0.019489707734013394,0.001187094117128724,0.014492414815793666,0.020606285089293852,0.0013622853389084785
site_day,100_1000,alt1_closed_beginners,282,269,0.010638297872340425,256.5290322580645,0.8658062303521009,0.8609840534964689,0.870184901767018,0.002734865539304986,0.8582761573511681,0.8733363033530337,-0.0073045090188564865,-0.010390637340629283,-0.004250544228186671,0.0019262797384952729,-0.012264951607906444,-0.0023440664298065295,0.00845294277188497
site_day,100_1000,alt1_closed_experts,489,448,0.010224948875255624,399.20033388981636,0.8623362447399245,0.8593659049183534,0.8651477589510544,0.0017989301392546545,0.8573831400707976,0.8672893494090514,-0.01973442092679356,-0.02229406667226385,-0.017236995814138546,0.0015472512780516556,-0.023718811657915943,-0.01575003019567118,0.007860288082026445
site_day,100_1000,alt2_open_beginners,4809,3574,0.0037429819089207735,2221.777404169469,0.8944543352950575,0.8933396102178761,0.8955649165660274,0.00066068638566577,0.8926352269537933,0.8962734436363217,-0.01621532065884146,-0.017711739380473913,-0.014730522400317591,0.0009064327851950559,-0.01854951319689154,-0.013881128120791378,0.006171735607746653
site_day,100_1000,alt2_open_experts,2312,1960,0.0025951557093425604,1604.2448979591836,0.9079516227863991,0.9066391443986906,0.9093091400198912,0.0008073018723062836,0.9057288290347908,0.9101744165380073,-0.011677959463260557,-0.013434217895123208,-0.010109278900891732,0.0009889734778795666,-0.014224705951362444,-0.009131212975158669,0.004692364870899247
site_day,100_1000,alt2_closed_beginners,8924,5160,0.0031376064545047063,2039.588587819495,0.8820202912631175,0.881111488411094,0.8829662637877614,0.000565821629000817,0.8804623798738191,0.8835782026524159,0.013078201130976574,0.011665982652979006,0.0147960275036013,0.0009253080116928701,0.010695402216850057,0.015461000045103092,0.008492912493215397
site_day,100_1000,alt2_closed_experts,5066,3608,0.0031583103039873666,2238.691207257502,0.892717095419027,0.8918186123160289,0.8936857281526297,0.0005726697392625046,0.8911403287077949,0.8942938621302591,0.01481507899112533,0.013444001268923905,0.016385138784806345,0.0008898080008411607,0.012523697622551212,0.017106460359699448,0.0074741383228290464
site_day,100_1000,alt3_open_beginners,4476,3306,0.002680965147453083,2223.593340732519,0.8949653177930481,0.8937829825055934,0.8960964043739804,0.0007011435800330573,0.8930348161775552,0.896895819408541,-0.016630569658751093,-0.018210806778400267,-0.015187846503847713,0.0009127929396993739,-0.018981140493600786,-0.014279998823901399,0.006476871384750198
site_day,100_1000,alt3_open_experts,2039,1719,0.0029426189308484553,1425.2728830990743,0.9010589546067048,0.8996919813881936,0.9023956738931768,0.0008340780646729789,0.8987624363226431,0.9033554728907666,-0.019496859140855083,-0.021153877285503563,-0.017868957052718598,0.0009988347172735453,-0.02206899971419452,-0.016924718567515647,0.005903500680598721
site_day,100_1000,alt3_closed_beginners,7442,4773,0.0026874496103198066,2551.0531552280054,0.8867376793294874,0.8858290392795681,0.8876972358876141,0.0005650565398057489,0.8851818745071878,0.8882934841517871,0.016869357699446197,0.015410142223187295,0.018536274791605422,0.000943297306021942,0.014440233809796348,0.019298481589096046,0.0083873294844043
site_day,100_1000,alt3_closed_experts,4586,3349,0.0034888791975577847,2280.07328707719,0.8980863190259618,0.8972518951682872,0.8989314135031294,0.0005205428605561301,0.8966530764464754,0.8995195616054482,0.019258071100159868,0.017808786714299446,0.02086273697242719,0.0009246537722069986,0.016876956945180373,0.021639185255139363,0.007185052049719934
site_day,1000_10000,alt0_open_beginners,613,498,0.011419249592169658,373.1569016881827,0.9711806621855607,0.9689884193507179,0.9732752325204355,0.0013347257016753655,0.9675216362955804,0.9748396880755409,0.060399487197436486,0.05076307245667018,0.07238255979022111,0.0067494314657547015,0.0428390824267446,0.07795989196812837,0.0023765787951987257
site_day,1000_10000,alt0_open_experts,890,662,0.010112359550561797,485.35539215686276,0.9791049960226753,0.977334653814996,0.9808098067479518,0.0010542357210717407,0.9762149072256276,0.981995084819723,0.03493683082309307,0.02493308479956321,0.046556263505458044,0.006597641076115619,0.017771348305614294,0.052102313340571846,0.0018406396692366195
site_day,1000_10000,alt0_closed_beginners,90,87,0.022222222222222223,84.375,0.6086931430414624,0.5667768358409453,0.6453539520463653,0.024710015513292938,0.5409529426456336,0.6764333434372911,-0.052857438429852355,-0.08100478828024563,-0.02597780741918386,0.01695559230859699,-0.09697183022366548,-0.008743046636039233,0.08493126722928865
site_day,1000_10000,alt0_closed_experts,65,64,0.03076923076923077,63.059701492537314,0.652458692092096,0.6110005427022922,0.6881496698814168,0.023291165578452507,0.588608136316927,0.7163092478672649,-0.042478879590676866,-0.07020591356829742,-0.015534916325807963,0.016264540724999492,-0.08479532061086245,-0.00016243857049128008,0.06949414220285553
site_day,1000_10000,alt1_open_beginners,932,797,0.00536480686695279,663.0717557251909,0.9485012365830385,0.9449612302476275,0.95168686806272,0.0020718859421984567,0.9428213547211141,0.954181118444963,0.06783842150494324,0.06056171994046108,0.07471542742381403,0.004290093311629928,0.05667662581318778,0.0790002171966987,0.002098215340434027
site_day,1000_10000,alt1_open_experts,1015,854,0.007881773399014778,662.524115755627,0.9692174324503494,0.9666510185145829,0.9715926027121872,0.0015025320077325377,0.9650983812401146,0.9733364836605842,0.05516762716079604,0.04859963361794598,0.0616274445202035,0.004080786337760847,0.04455039810418882,0.06578485621740326,0.001615506773034088
site_day,1000_10000,alt1_closed_beginners,282,269,0.010638297872340425,256.5290322580645,0.5811191583318419,0.5622554164938474,0.5991376725114198,0.011018266587221864,0.5509136092405614,0.6113247074231224,-0.050313063229443955,-0.06307333348490392,-0.037315382514220855,0.007897235487780912,-0.07085977926597735,-0.029766347192910565,0.10253605668386015
site_day,1000_10000,alt1_closed_experts,489,448,0.010224948875255624,399.20033388981636,0.5921262263364485,0.5791389788740154,0.6047885615452989,0.007850208519443933,0.5706056126415643,0.6136468400313327,-0.07269298543629543,-0.08285564059706495,-0.06216871682636705,0.006331365353732131,-0.08916568227406368,-0.05622028859852718,0.0941505058273975
site_day,1000_10000,alt2_open_beginners,4809,3574,0.0037429819089207735,2221.777404169469,0.8307208524047779,0.8260796807880951,0.8348513245702777,0.0026885978573333046,0.8233503124088973,0.8380913924006584,-0.04054866762456355,-0.047144568668484335,-0.03506275906841447,0.0036098622965948643,-0.04994066507150363,-0.031156670177623465,0.014572926127510183
site_day,1000_10000,alt2_open_experts,2312,1960,0.0025951557093425604,1604.2448979591836,0.8783417264753185,0.873222131388542,0.8830603082359554,0.0029160746514072266,0.8703475800876217,0.8863358728630153,-0.02631478376548102,-0.03315350294168203,-0.020310182522154226,0.003978683221846843,-0.03666636495931698,-0.015963202571645057,0.009734716712428346
site_day,1000_10000,alt2_closed_beginners,8924,5160,0.0031376064545047063,2039.588587819495,0.6426547017056943,0.6385143753998255,0.6475772051758758,0.002844720749206262,0.634856165378684,0.6504532380327046,0.020615775193162267,0.01509958586676693,0.027325650598426853,0.0037562580948320343,0.010842890928300283,0.03038865945802425,0.07492380757707987
site_day,1000_10000,alt2_closed_experts,5066,3608,0.0031583103039873666,2238.691207257502,0.7016735929208723,0.6973368007845973,0.7063852096485339,0.0027733144826426583,0.6940708102065594,0.7092763756351852,0.04624767619688219,0.04067908789185993,0.052668172182678163,0.0036746598082507136,0.03668709113799529,0.0558082612557691,0.060161778465341244
site_day,1000_10000,alt3_open_beginners,4476,3306,0.002680965147453083,2223.593340732519,0.8286044448367922,0.8246370229149292,0.8322432943187875,0.0022605227466921257,0.8224074327880593,0.8348014568855251,-0.06979415283963875,-0.0759793363119018,-0.06457417015517891,0.0035044909789915886,-0.07891199934546282,-0.06067630633381467,0.016075942258717703
site_day,1000_10000,alt3_open_experts,2039,1719,0.0029426189308484553,1425.2728830990743,0.8501008254313038,0.8451881417626528,0.8549394099332938,0.0029109391001905334,0.8421207576777696,0.858080893184838,-0.08168476245658518,-0.08821163289371571,-0.07537385625180523,0.003881534971928065,-0.09178358716270898,-0.07158593775046138,0.01364483119762825
site_day,1000_10000,alt3_closed_beginners,7442,4773,0.0026874496103198066,2551.0531552280054,0.713827642387578,0.7101347062425635,0.7171899712970933,0.0021005674729871965,0.708069132786944,0.719586151988212,0.0646596382279565,0.05902773519604048,0.07068158676577828,0.00365084077280814,0.055161024596698915,0.0741582518592141,0.05668065226885013
site_day,1000_10000,alt3_closed_experts,4586,3349,0.0034888791975577847,2280.07328707719,0.7693742714393472,0.7655527295670925,0.773035156172913,0.002227350047131726,0.7632681992491782,0.7754803436295162,0.08681927706826764,0.0815579405428894,0.09322812057741078,0.003584609983235805,0.07749298009494987,0.09614557404158541,0.04258065269813239
calendar_1day_seed20260921,10_10000,alt0_open_beginners,613,365,0.013050570962479609,238.58349206349206,0.9459583990156022,0.9442225639556443,0.9479212923935121,0.0011665767894713487,0.9428212677452518,0.9490955302859526,0.026719676839179418,0.023260903950927614,0.030730121010249332,0.0022723076064589277,0.020943545896141627,0.03249580778221721,0.01625639925045172
calendar_1day_seed20260921,10_10000,alt0_open_experts,890,459,0.012359550561797753,282.69093504639545,0.9556075315286942,0.9539790349929496,0.9572677106594792,0.0009821554861996057,0.9529663417536951,0.9582487213036932,0.0209225277863766,0.01695123081324316,0.025181058291265497,0.002496453801335126,0.014576624613422193,0.027268430959331007,0.01406086118007499
calendar_1day_seed20260921,10_10000,alt0_closed_beginners,90,79,0.03333333333333333,69.82758620689656,0.813056130635646,0.7988702675193854,0.8250129080069555,0.007998186276804658,0.7915475934338884,0.8345646678374036,-0.023835337314365046,-0.03364192558378919,-0.01476668394325122,0.0056189188963466485,-0.038118443708655185,-0.009552230920074905,0.11583707319488952
calendar_1day_seed20260921,10_10000,alt0_closed_experts,65,63,0.03076923076923077,61.231884057971016,0.8285308822047142,0.813681750494134,0.8422605386314553,0.008809844608111192,0.804839652226139,0.8522221121832894,-0.023806867311191637,-0.03355594753628339,-0.014205796994974637,0.006059551868531044,-0.0392100481786396,-0.008403686443743674,0.10011453934598893
calendar_1day_seed20260921,10_10000,alt1_open_beginners,932,619,0.0075107296137339056,443.17551020408166,0.9324707179739631,0.9301775715543007,0.934697341995084,0.0014124537156849977,0.9286723801710945,0.9362690557768316,0.02120713097913518,0.018410302986661818,0.023971093815066673,0.0016948150239608432,0.016898967121918206,0.025515294836352155,0.010393885345668378
calendar_1day_seed20260921,10_10000,alt1_open_experts,1015,660,0.009852216748768473,428.7245110278818,0.9504856604746242,0.9484054174788507,0.9524278383250241,0.0012353246423715794,0.9471636540712786,0.9538076668779699,0.023775791913901556,0.021275130004119396,0.026231262704705483,0.001518858844480441,0.019914902857871952,0.02763668096993116,0.010962276469364094
calendar_1day_seed20260921,10_10000,alt1_closed_beginners,282,250,0.014184397163120567,223.38202247191012,0.8134211175859294,0.8074513486458949,0.8190921344930724,0.003551473709312859,0.8038705767815288,0.8229716583903299,-0.015495215182486755,-0.0197402364497062,-0.011259755801758992,0.002609857840064213,-0.02212938767923633,-0.008861042685737178,0.13106551877869257
calendar_1day_seed20260921,10_10000,alt1_closed_experts,489,386,0.016359918200409,294.1217712177122,0.8148749066237608,0.8105895946937477,0.8192529598693102,0.0026707585713114895,0.8076927645605585,0.8220570486869632,-0.029487707710550093,-0.03308137499075674,-0.02579221687947268,0.002241628058430362,-0.03518585225501117,-0.023789563166089017,0.12529400962569126
calendar_1day_seed20260921,10_10000,alt2_open_beginners,4809,1307,0.008317737575379496,558.9481812688822,0.8838435670067134,0.881940169820495,0.8857149213305482,0.0011402460716217683,0.8807772436926692,0.8869098903207576,-0.02055448641030022,-0.022797312824472997,-0.018289094898648377,0.0013483483304515514,-0.023981943366997834,-0.01712702945360261,0.0331545707816827
calendar_1day_seed20260921,10_10000,alt2_open_experts,2312,1081,0.007785467128027681,566.1241262444397,0.9065124268925068,0.9042559247627271,0.9088675933147471,0.0014076481961456735,0.90272701198143,0.9102978418035835,-0.013331908090401634,-0.015734956626862577,-0.011097589977100003,0.0013988017159954976,-0.01688761588804747,-0.009776200292755798,0.020324938219375296
calendar_1day_seed20260921,10_10000,alt2_closed_beginners,8924,1490,0.010309278350515464,437.9263137056507,0.8352422749422735,0.832890176906026,0.8376938341536667,0.0014533948831418318,0.831333839100568,0.8391507107839791,0.013191475751671677,0.011245911264003516,0.015138427643265784,0.0012062951353577617,0.010125113328745083,0.016257838174598273,0.10821679997266569
calendar_1day_seed20260921,10_10000,alt2_closed_experts,5066,1386,0.008290564547966837,520.8287198636253,0.8581919995055266,0.855622766022691,0.8605409866955814,0.0014723033192139744,0.8542327155356818,0.8621512834753714,0.020694918749029956,0.018436659222522873,0.023039807897012432,0.0013791378398910553,0.01718919587547806,0.024200641622581853,0.0889676752649126
calendar_1day_seed20260921,10_10000,alt3_open_beginners,4476,1273,0.006702412868632708,539.2306615707596,0.8848053371925882,0.8828851885273863,0.8867022933670946,0.0011701859823801575,0.8816585001642996,0.8879521742208769,-0.027147665837337076,-0.0295177767474471,-0.024924029043154557,0.0014076562552314078,-0.030725881581495747,-0.023569450093178405,0.03547196026147314
calendar_1day_seed20260921,10_10000,alt3_open_experts,2039,970,0.005885237861696911,579.6069984664715,0.8958082174152656,0.8936184932819031,0.8979791828812438,0.0013228934537085199,0.8922507229936155,0.8993657118369157,-0.03159106718055449,-0.03399578214096401,-0.029372870137619883,0.0014132679382081053,-0.03518354763763851,-0.02799858672347047,0.030561456818516634
calendar_1day_seed20260921,10_10000,alt3_closed_beginners,7442,1341,0.0083310937919914,484.9002241367234,0.8555201699780156,0.8533767799021429,0.8578106376028259,0.001345368176240436,0.8519022370533165,0.8591381029027148,0.025914421174502045,0.02391630425409933,0.028075221871515274,0.0012725991250490598,0.022679516197999447,0.029149326151004643,0.08202955937727667
calendar_1day_seed20260921,10_10000,alt3_closed_experts,4586,1237,0.006977758395115569,544.2062826683227,0.8778763422127974,0.8757835633800022,0.8798499865989031,0.001218099270185902,0.8746006578811875,0.8811520265444074,0.032824311843389076,0.030513704643128702,0.03521758871352119,0.0013848215619728344,0.02930414113588421,0.036344482550893946,0.06425216398317746
calendar_1day_seed20260921,10_100,alt0_open_beginners,613,365,0.013050570962479609,238.58349206349206,0.919974784660145,0.9177310833050042,0.9224973674006974,0.0014725017858862402,0.9159906970867498,0.9239588722335402,0.007183593335734817,0.004544413938309838,0.009927231543462004,0.00166547052972954,0.0028710272404915017,0.011496159430978132,0.011178333659935336
calendar_1day_seed20260921,10_100,alt0_open_experts,890,459,0.012359550561797753,282.69093504639545,0.9368735696435954,0.93488437140181,0.9390109117517056,0.0012276984368860715,0.9335518364320253,0.9401953028551654,0.010351110056956214,0.007807043631797649,0.012879764823841693,0.0015685674075335998,0.006289464714644682,0.014412755399267747,0.009000590843392995
calendar_1day_seed20260921,10_100,alt0_closed_beginners,90,79,0.03333333333333333,69.82758620689656,0.8943274980380881,0.8859351246187452,0.9023886129678345,0.00509255619129405,0.880548778016815,0.9081062180593612,-0.0066606326310689745,-0.012584498722448273,-0.0010064712538841896,0.0033927983905226175,-0.015445938072252616,0.0021246728101146674,0.010249329269303813
calendar_1day_seed20260921,10_100,alt0_closed_experts,65,63,0.03076923076923077,61.231884057971016,0.9038453281697635,0.8963444053335797,0.9120296625437053,0.00466314532962755,0.8912284474713654,0.9164622088681615,-0.0108740707616225,-0.015855268679190043,-0.005544166788131533,0.0031566422613003545,-0.019047873988934358,-0.0027002675343106453,0.010494812275970674
calendar_1day_seed20260921,10_100,alt1_open_beginners,932,619,0.0075107296137339056,443.17551020408166,0.9184180274946773,0.9167203350001525,0.9201492445476704,0.0010709760119633688,0.9155203317081153,0.9213157232812392,0.0031531634096967354,0.0013702084250504787,0.004998170695091214,0.0010834582148727425,0.0003476588512751509,0.00595866796811832,0.010472659568008878
calendar_1day_seed20260921,10_100,alt1_open_experts,1015,660,0.009852216748768473,428.7245110278818,0.9374972288246206,0.9355625690010757,0.9392825524076661,0.001133162105624193,0.9344312786798182,0.940563178969423,0.008501096477411152,0.006759013822589748,0.010264090041122153,0.0010684109220453091,0.005734555349272134,0.01126763760555017,0.00839349204447812
calendar_1day_seed20260921,10_100,alt1_closed_beginners,282,250,0.014184397163120567,223.38202247191012,0.90145979804936,0.8979758437282752,0.9047321274087421,0.0020485146158165228,0.8959172162317897,0.9070023798669304,-0.002002005380367322,-0.004473969044402926,0.0004797551742160325,0.0015304555964352953,-0.005964964074409217,0.001960953313674573,0.009372032110396012
calendar_1day_seed20260921,10_100,alt1_closed_experts,489,386,0.016359918200409,294.1217712177122,0.9075408171852157,0.905026083379007,0.9097883719557014,0.0014499472176767475,0.903617754580203,0.9114638797902285,-0.009652254506740565,-0.011728982243899372,-0.007680029903280878,0.0012176499757482245,-0.012805234945330729,-0.006499274068150401,0.008767140642969394
calendar_1day_seed20260921,10_100,alt2_open_beginners,4809,1307,0.008317737575379496,558.9481812688822,0.9140467799435892,0.9130572932207873,0.9151958936864939,0.0006501397715902843,0.9122877234794207,0.9158058364077577,-0.00715519931459363,-0.008394776581822866,-0.005825475578306022,0.0007566748392434346,-0.00911453164656521,-0.00519586698262205,0.0073554102799006345
calendar_1day_seed20260921,10_100,alt2_open_experts,2312,1081,0.007785467128027681,566.1241262444397,0.9285856260377751,0.9274146491593533,0.9295755162138488,0.0006538535806018255,0.9268165212731735,0.9303547308023766,-0.006347621482636678,-0.00767571601569329,-0.004982703686331441,0.0008140691938037037,-0.008455570642775842,-0.004239672322497515,0.00701984616068946
calendar_1day_seed20260921,10_100,alt2_closed_beginners,8924,1490,0.010309278350515464,437.9263137056507,0.9148743704228239,0.9137587463438834,0.915967385026609,0.0006804128166349182,0.9130334054246712,0.9167153354209767,0.005475451819894284,0.004176671440679486,0.006672173477097576,0.0007632394571132827,0.0034991210793958757,0.007451782560392691,0.0067909791701809075
calendar_1day_seed20260921,10_100,alt2_closed_experts,5066,1386,0.008290564547966837,520.8287198636253,0.9311575558424939,0.9301041382775684,0.932157533689226,0.0006376677882452025,0.9294322443111581,0.9328828673738297,0.008027368977335358,0.006885504600694314,0.009221348661890488,0.0007094095429598551,0.006190425310065817,0.0098643126446049,0.005672573605683671
calendar_1day_seed20260921,10_100,alt3_open_beginners,4476,1273,0.006702412868632708,539.2306615707596,0.9198270463435921,0.9187142268859149,0.9209912631705187,0.0006945953255543207,0.91794770831385,0.9217063843733343,-0.006512164570534051,-0.00787068411025445,-0.005229008244449507,0.000773074887708947,-0.008513963155561577,-0.004510365985506525,0.006864786520556783
calendar_1day_seed20260921,10_100,alt3_open_experts,2039,970,0.005885237861696911,579.6069984664715,0.9308965012643202,0.9298134372033974,0.9320772146453984,0.000704620492393064,0.9289900385526209,0.9328029639760196,-0.009173977912034892,-0.010514419184803387,-0.007761935124124615,0.0008547677867277185,-0.01138731192818632,-0.0069606438958834645,0.0061065484023103385
calendar_1day_seed20260921,10_100,alt3_closed_beginners,7442,1341,0.0083310937919914,484.9002241367234,0.9210539435901107,0.9199363586607667,0.9222054388164445,0.0006875774016499571,0.919193593668693,0.9229142935115284,0.006517793331237698,0.005274738210344887,0.00776576779309312,0.0007669662578247878,0.004531812420348839,0.008503774242126557,0.006941056684548728
calendar_1day_seed20260921,10_100,alt3_closed_experts,4586,1237,0.006977758395115569,544.2062826683227,0.937435767672433,0.9365330568428665,0.938239313967424,0.0005177495730702558,0.9360349139281651,0.9388366214167009,0.009168349151331023,0.00799237123901399,0.010421889557520663,0.0007385574745296371,0.007255929887711706,0.011080768414950341,0.0053387900982941215
calendar_1day_seed20260921,100_1000,alt0_open_beginners,613,365,0.013050570962479609,238.58349206349206,0.9368317664254505,0.9348810694223101,0.9389992279480063,0.0012693505370146723,0.9334551010672264,0.9402084317836746,0.018510815083009446,0.015714107874818892,0.021767692060939148,0.0018377844117932122,0.013751013475161784,0.02327061669085711,0.0013898769385633487
calendar_1day_seed20260921,100_1000,alt0_open_experts,890,459,0.012359550561797753,282.69093504639545,0.9457518415312505,0.9439194006881967,0.9475900275636937,0.0010854044060950925,0.9428645008394154,0.9486391822230855,0.018470963893048364,0.015330418597334366,0.021551626695321867,0.001866928463259022,0.013635680143695976,0.023306247642400753,0.0011669596746034232
calendar_1day_seed20260921,100_1000,alt0_closed_beginners,90,79,0.03333333333333333,69.82758620689656,0.8587958309505933,0.8489212822459277,0.8680552268543138,0.005891314049918922,0.8431240401515242,0.8744676217496624,-0.01779755457008969,-0.024785669495075487,-0.01143836351472578,0.0040468448643763396,-0.028278750606230592,-0.007316358533948792,0.01016404813553937
calendar_1day_seed20260921,100_1000,alt0_closed_experts,65,63,0.03076923076923077,61.231884057971016,0.8663690874104754,0.856251738606453,0.8766887297285783,0.006270728693751067,0.8496879959912292,0.8830501788297215,-0.019184224405968675,-0.02622763435304475,-0.0121867068926789,0.004228520585129144,-0.03013595462566069,-0.00823249418627666,0.00962867851704552
calendar_1day_seed20260921,100_1000,alt1_open_beginners,932,619,0.0075107296137339056,443.17551020408166,0.9243278851858214,0.9220923321190745,0.9267060763996521,0.0014179693381969499,0.9205558712277431,0.9280998991438998,0.009489579993106068,0.007417339946508528,0.01186465691523329,0.0013765797852267544,0.005924283305961159,0.013054876680250977,0.0022505183381316984
calendar_1day_seed20260921,100_1000,alt1_open_experts,1015,660,0.009852216748768473,428.7245110278818,0.9413475814410202,0.9392066998760693,0.9433335389064665,0.0012714762710850783,0.9379652613070765,0.9447299015749638,0.017549349952543758,0.015443530310843811,0.019582257182962536,0.0012387462663747484,0.014341037577833478,0.020757662327254036,0.0013622853389084562
calendar_1day_seed20260921,100_1000,alt1_closed_beginners,282,250,0.014184397163120567,223.38202247191012,0.8658062303521009,0.8611677701092999,0.8702895094783736,0.0027538462187301016,0.8584805808506387,0.8731318798535631,-0.0073045090188563755,-0.010661814932700525,-0.004035918996029242,0.001953236380523637,-0.012363327455264495,-0.002245690582448256,0.00845294277188497
calendar_1day_seed20260921,100_1000,alt1_closed_experts,489,386,0.016359918200409,294.1217712177122,0.8623362447399245,0.859056070260928,0.8653625124759498,0.0019643242672813498,0.8571108436294895,0.8675616458503596,-0.019734420926793783,-0.02247814178945743,-0.017022945457253975,0.0016278411495961641,-0.023950476341916237,-0.01551836551167133,0.00786028808202648
calendar_1day_seed20260921,100_1000,alt2_open_beginners,4809,1307,0.008317737575379496,558.9481812688822,0.8944543352950575,0.8931420835811003,0.8957682281163521,0.0007854227180483506,0.8923649914879217,0.8965436791021932,-0.01621532065884146,-0.017811159140290484,-0.014524856171745365,0.0009801101359956995,-0.018753773902455674,-0.013676867415227244,0.006171735607746547
calendar_1day_seed20260921,100_1000,alt2_open_experts,2312,1081,0.007785467128027681,566.1241262444397,0.9079516227863991,0.9063345953896639,0.9095306318358557,0.0009661529846087738,0.9053815090008518,0.9105217365719463,-0.01167795946326089,-0.013419658141506191,-0.010056799339365236,0.0010141558074260048,-0.01430458988400988,-0.009051329042511899,0.004692364870899253
calendar_1day_seed20260921,100_1000,alt2_closed_beginners,8924,1490,0.010309278350515464,437.9263137056507,0.8820202912631173,0.8805648138807861,0.8833881825379541,0.0008872152578636177,0.8796601638285304,0.8843804186977042,0.013078201130976463,0.011645602035032222,0.014600789119672053,0.0008829167279462536,0.01079147564005036,0.015364926621902567,0.008492912493214993
calendar_1day_seed20260921,100_1000,alt2_closed_experts,5066,1386,0.008290564547966837,520.8287198636253,0.8927170954190273,0.8912296677937578,0.8941066614804538,0.0008835652997327594,0.890366677427829,0.8950675134102256,0.014815078991125441,0.01326135086170061,0.016406360955527447,0.0009476273315798114,0.012360755150119057,0.017269402832131825,0.007474138322828555
calendar_1day_seed20260921,100_1000,alt3_open_beginners,4476,1273,0.006702412868632708,539.2306615707596,0.8949653177930478,0.8933905077643222,0.8964963631809764,0.0009503881574713364,0.8924371408437968,0.8974934947422988,-0.016630569658751093,-0.018321935689028568,-0.014964455795150006,0.0010269758578658524,-0.019290403591459754,-0.01397073572604243,0.006476871384750306
calendar_1day_seed20260921,100_1000,alt3_open_experts,2039,970,0.005885237861696911,579.6069984664715,0.9010589546067049,0.8994442289049485,0.9027162978032983,0.000988721150629832,0.8984288060693851,0.9036891031440247,-0.019496859140854972,-0.02129889025439427,-0.017866276058441828,0.0010522025293287658,-0.022222029328795367,-0.016771688952914577,0.00590350068059874
calendar_1day_seed20260921,100_1000,alt3_closed_beginners,7442,1341,0.0083310937919914,484.9002241367234,0.8867376793294866,0.8852165434299594,0.8883739369563294,0.000959845062736777,0.8841843455748657,0.8892910130841074,0.016869357699445753,0.015380076614962518,0.018440692817288818,0.0009514099551712936,0.014405236986871038,0.019333478412020468,0.00838732948440433
calendar_1day_seed20260921,100_1000,alt3_closed_experts,4586,1237,0.006977758395115569,544.2062826683227,0.8980863190259617,0.8968087998202048,0.8993153556490912,0.0007554724152568249,0.8960766475764257,0.9000959904754977,0.019258071100159868,0.017709854550535104,0.02078958734934609,0.0009745393056764011,0.01673404612513945,0.021782096075180286,0.007185052049720239
calendar_1day_seed20260921,1000_10000,alt0_open_beginners,613,365,0.013050570962479609,238.58349206349206,0.9711806621855607,0.9687336858384351,0.9734533286756278,0.0014502533920895614,0.9672788998536186,0.9750824245175027,0.060399487197436486,0.04998894595215921,0.07224503606627866,0.00674667625676335,0.042881027979474226,0.07791794641539874,0.0023765787951985735
calendar_1day_seed20260921,1000_10000,alt0_open_experts,890,459,0.012359550561797753,282.69093504639545,0.9791049960226749,0.977123140078616,0.980948895582239,0.001168879778582365,0.9759602413780605,0.9822497506672893,0.034936830823092735,0.024405328542756503,0.04743383462602861,0.006910183605471123,0.016993807462556892,0.052879854183628575,0.0018406396692365334
calendar_1day_seed20260921,1000_10000,alt0_closed_beginners,90,79,0.03333333333333333,69.82758620689656,0.6086931430414624,0.5653534781711177,0.6487899618554742,0.025485621303755385,0.5401266168388531,0.6772596692440717,-0.052857438429852355,-0.08345324408740742,-0.023893886898623814,0.017677695070508193,-0.09875944534026532,-0.006955431519439399,0.08493126722928865
calendar_1day_seed20260921,1000_10000,alt0_closed_experts,65,63,0.03076923076923077,61.231884057971016,0.652458692092096,0.6087087112191258,0.6893450122596149,0.024614114575917202,0.586236867954147,0.7186805162300449,-0.042478879590676755,-0.07168316442801904,-0.015087875165522936,0.017427777381566187,-0.0877319487612376,0.0027741895798840885,0.06949414220285553
calendar_1day_seed20260921,1000_10000,alt1_open_beginners,932,619,0.0075107296137339056,443.17551020408166,0.9485012365830385,0.9447244080204591,0.952084123052964,0.0022997375187777816,0.9423140218017703,0.9546884513643068,0.06783842150494335,0.06021302930352433,0.07515659880407462,0.004628148019220524,0.05582094515899757,0.07985589785088913,0.0020982153404340027
calendar_1day_seed20260921,1000_10000,alt1_open_experts,1015,660,0.009852216748768473,428.7245110278818,0.9692174324503494,0.9663330843362844,0.9718409084120342,0.0016546464432737502,0.9647657709681133,0.9736690939325855,0.05516762716079626,0.048094286744701495,0.06198215498869485,0.0042189779076761596,0.04421260433114501,0.06612264999044752,0.001615506773034088
calendar_1day_seed20260921,1000_10000,alt1_closed_beginners,282,250,0.014184397163120567,223.38202247191012,0.581119158331841,0.5630752632447926,0.5993154888612545,0.011098126494864847,0.5512607541736543,0.6109775624900278,-0.05031306322944473,-0.06333017397234353,-0.037134921445994395,0.00803821282731462,-0.07118513389675253,-0.02944099256213693,0.10253605668386014
calendar_1day_seed20260921,1000_10000,alt1_closed_experts,489,386,0.016359918200409,294.1217712177122,0.5921262263364485,0.5791783855012579,0.6052374153315563,0.007995518093416878,0.5706150811176768,0.6136373715552202,-0.07269298543629521,-0.08273141165613761,-0.06197260239789246,0.00649198874632692,-0.0895501215678811,-0.05583584930470932,0.09415050582739737
calendar_1day_seed20260921,1000_10000,alt2_open_beginners,4809,1307,0.008317737575379496,558.9481812688822,0.8307208524047782,0.8255983734105106,0.8355619334732287,0.002973951329869253,0.8227197325044869,0.8387219723050695,-0.04054866762456344,-0.04666184386517777,-0.034688745447080074,0.003720540499002449,-0.050209444949577686,-0.030887890299549192,0.014572926127509836
calendar_1day_seed20260921,1000_10000,alt2_open_experts,2312,1081,0.007785467128027681,566.1241262444397,0.8783417264753185,0.8726096464796322,0.8838547185399337,0.0035379434248328976,0.8688232420071211,0.8878602109435159,-0.02631478376548113,-0.03343187089879287,-0.019884413037942562,0.0041883131267381754,-0.03719018224473447,-0.015439385286227793,0.009734716712428265
calendar_1day_seed20260921,1000_10000,alt2_closed_beginners,8924,1490,0.010309278350515464,437.9263137056507,0.6426547017056954,0.6359184527585487,0.6496374087155901,0.004140319774252123,0.6315155836553692,0.6537938197560216,0.020615775193163155,0.014757676123204133,0.0268804482982749,0.0038319369461197934,0.010665745198896433,0.03056580518742988,0.07492380757708023
calendar_1day_seed20260921,1000_10000,alt2_closed_experts,5066,1386,0.008290564547966837,520.8287198636253,0.7016735929208717,0.6941688891287177,0.7083398247190422,0.00419687126234125,0.6903823287233654,0.7129648571183781,0.046247676196881526,0.04032763712867776,0.05285532944533025,0.0038933767836262637,0.03613811115946873,0.05635724123429432,0.060161778465340966
calendar_1day_seed20260921,1000_10000,alt3_open_beginners,4476,1273,0.006702412868632708,539.2306615707596,0.8286044448367922,0.8237696600739337,0.8330546914308166,0.0027271707919545754,0.8212672633988026,0.8359416262747817,-0.06979415283963863,-0.07627782769546254,-0.06402472683404177,0.0038433259758823943,-0.0797737556555193,-0.05981455002375797,0.016075942258717557
calendar_1day_seed20260921,1000_10000,alt3_open_experts,2039,970,0.005885237861696911,579.6069984664715,0.8501008254313033,0.8443593285738754,0.8556391815377152,0.0033554707750262738,0.8410732654563763,0.8591283854062303,-0.08168476245658551,-0.08852127077981484,-0.07538563091962758,0.004132940352207233,-0.09241637966407065,-0.07095314524910037,0.01364483119762842
calendar_1day_seed20260921,1000_10000,alt3_closed_beginners,7442,1341,0.0083310937919914,484.9002241367234,0.7138276423875779,0.7084791439670244,0.7193487918185072,0.003274293241830842,0.7050184824818729,0.7226368022932829,0.0646596382279565,0.058815145284434524,0.07146026557244942,0.0038635183252930362,0.054627603838927424,0.07469167261698559,0.056680652268850495
calendar_1day_seed20260921,1000_10000,alt3_closed_experts,4586,1237,0.006977758395115569,544.2062826683227,0.7693742714393472,0.7636843067595945,0.7747585674131551,0.003299879920942244,0.7604962731214718,0.7782522697572226,0.08681927706826786,0.08054788657839279,0.09346912180787646,0.0038691707621575752,0.07677256552845743,0.0968659886080783,0.0425806526981324
calendar_1day_seed20260922,10_10000,alt0_open_beginners,613,365,0.013050570962479609,238.58349206349206,0.9459583990156022,0.9437875093244399,0.9477939265430536,0.0012097186956875935,0.9427050304710669,0.9492117675601375,0.026719676839179418,0.022776207173996626,0.030830724637004054,0.0024997315914685324,0.020384416547802296,0.033054937130556544,0.01625639925045172
calendar_1day_seed20260922,10_10000,alt0_open_experts,890,459,0.012359550561797753,282.69093504639545,0.9556075315286942,0.9539490294908136,0.9572375891893438,0.0010011131171603095,0.9529151783919678,0.9582998846654205,0.0209225277863766,0.01708436728718745,0.02523680968198887,0.0025026910764915722,0.014579767046545978,0.027265288526207222,0.01406086118007499
calendar_1day_seed20260922,10_10000,alt0_closed_beginners,90,79,0.03333333333333333,69.82758620689656,0.813056130635646,0.7990543966190329,0.826359875375365,0.008274422412925522,0.7908032335791872,0.8353090276921047,-0.023835337314365046,-0.033285931459651016,-0.014636037624043658,0.005633622305085855,-0.038113055693344916,-0.009557618935385172,0.11583707319488952
calendar_1day_seed20260922,10_10000,alt0_closed_experts,65,63,0.03076923076923077,61.231884057971016,0.8285308822047142,0.8129143702167406,0.8415552940269614,0.008824290874419669,0.8047991911421495,0.8522625732672788,-0.023806867311191637,-0.03408452898430678,-0.014727911647853406,0.005928631754317517,-0.03883225062174939,-0.008781484000633884,0.10011453934598893
calendar_1day_seed20260922,10_10000,alt1_open_beginners,932,619,0.0075107296137339056,443.17551020408166,0.9324707179739631,0.930004878901525,0.9345010649130028,0.0013761286814236249,0.9287698131426695,0.9361716228052567,0.02120713097913518,0.01807544873723237,0.02381927618565899,0.0017417000572522525,0.01679300777892504,0.02562125417934532,0.010393885345668378
calendar_1day_seed20260922,10_10000,alt1_open_experts,1015,660,0.009852216748768473,428.7245110278818,0.9504856604746242,0.9483525667635968,0.9525770710390823,0.0012349804043500657,0.9471643541122833,0.9538069668369652,0.023775791913901556,0.021052803341708774,0.02638916986229332,0.0016114064822768013,0.019691881651184684,0.02785970217661843,0.010962276469364094
calendar_1day_seed20260922,10_10000,alt1_closed_beginners,282,250,0.014184397163120567,223.38202247191012,0.8134211175859294,0.8071327398865695,0.819485377355286,0.003723470178652737,0.8034073674480442,0.8234348677238146,-0.015495215182486755,-0.019983512374527605,-0.01109264908641056,0.002674078183761597,-0.022272335330682458,-0.008718095034291051,0.13106551877869257
calendar_1day_seed20260922,10_10000,alt1_closed_experts,489,386,0.016359918200409,294.1217712177122,0.8148749066237608,0.810452845923823,0.8191847020273916,0.00273817853260211,0.8075109599979495,0.8222388532495721,-0.029487707710550093,-0.03321022902495906,-0.02556381761387588,0.002312066676906242,-0.03534735450591475,-0.023628060915185437,0.12529400962569126
calendar_1day_seed20260922,10_10000,alt2_open_beginners,4809,1307,0.008317737575379496,558.9481812688822,0.8838435670067134,0.8819059757703067,0.8856961104167447,0.0011385566949557483,0.8807815786694714,0.8869055553439554,-0.02055448641030022,-0.022778497025739843,-0.01842640648393077,0.0013441405047832197,-0.02396104413635676,-0.017147928684243682,0.0331545707816827
calendar_1day_seed20260922,10_10000,alt2_open_experts,2312,1081,0.007785467128027681,566.1241262444397,0.9065124268925068,0.9042310446886199,0.9087404589024205,0.0013977296956291846,0.9027534291670577,0.9102714246179558,-0.013331908090401634,-0.015633937930278174,-0.011016669143727289,0.0013921478764497813,-0.016860134557394425,-0.009803681623408843,0.020324938219375296
calendar_1day_seed20260922,10_10000,alt2_closed_beginners,8924,1490,0.010309278350515464,437.9263137056507,0.8352422749422735,0.832755043083625,0.8375330404220964,0.0014724253522698807,0.8312823937382153,0.8392021561463318,0.013191475751671677,0.011147256968358638,0.015182471921456692,0.0012349591493668705,0.010061624655994434,0.01632132684734892,0.10821679997266569
calendar_1day_seed20260922,10_10000,alt2_closed_experts,5066,1386,0.008290564547966837,520.8287198636253,0.8581919995055266,0.8558929594733813,0.8605261738042949,0.0014408642679767398,0.8543169974053764,0.8620670016056768,0.020694918749029956,0.018523884212458364,0.023025812301075765,0.0013773786611105234,0.017204123030119454,0.024185714467940458,0.0889676752649126
calendar_1day_seed20260922,10_10000,alt3_open_beginners,4476,1273,0.006702412868632708,539.2306615707596,0.8848053371925882,0.8827867887303736,0.8867529313353005,0.0011785043389329422,0.8816359152769391,0.8879747591082374,-0.027147665837337076,-0.029373346553770746,-0.02488540356696811,0.0013705167291734768,-0.030621070839151682,-0.02367426083552247,0.03547196026147314
calendar_1day_seed20260922,10_10000,alt3_open_experts,2039,970,0.005885237861696911,579.6069984664715,0.8958082174152656,0.8934792732156276,0.8980650211359718,0.0013918038294003124,0.8920651564748368,0.8995512783556945,-0.03159106718055449,-0.033982192078634635,-0.0291482136158862,0.0014860362051898216,-0.03535724199485008,-0.027824892366258895,0.030561456818516634
calendar_1day_seed20260922,10_10000,alt3_closed_beginners,7442,1341,0.0083310937919914,484.9002241367234,0.8555201699780156,0.853312214240329,0.8577946263752928,0.001339751366698724,0.8519170968260062,0.859123243130025,0.025914421174502045,0.023683391103909674,0.028223281045228647,0.0013628803137174866,0.0224603697223933,0.02936847262661079,0.08202955937727667
calendar_1day_seed20260922,10_10000,alt3_closed_experts,4586,1237,0.006977758395115569,544.2062826683227,0.8778763422127974,0.8758962480442124,0.8798440644875777,0.0011993650544968775,0.8746508183322252,0.8811018660933696,0.032824311843389076,0.030562157211460377,0.03514487893311995,0.001416996899815225,0.029233108602592296,0.036415515084185855,0.06425216398317746
calendar_1day_seed20260922,10_100,alt0_open_beginners,613,365,0.013050570962479609,238.58349206349206,0.919974784660145,0.9175892503866949,0.9222271349610386,0.0014104798844777,0.9162794184989116,0.9236701508213785,0.007183593335734817,0.004312270848228955,0.009991150543603633,0.00172221121474893,0.002690227775034984,0.01167695889643465,0.011178333659935336
calendar_1day_seed20260922,10_100,alt0_open_experts,890,459,0.012359550561797753,282.69093504639545,0.9368735696435954,0.9347866565185522,0.9389228204050696,0.001260000272376225,0.9335724503430474,0.9401746889441434,0.010351110056956214,0.007661644143408957,0.012881104601830156,0.0015627326664627975,0.006273834816887454,0.014428385297024974,0.009000590843392995
calendar_1day_seed20260922,10_100,alt0_closed_beginners,90,79,0.03333333333333333,69.82758620689656,0.8943274980380881,0.8854766898212542,0.9033644864542876,0.005353256397116512,0.8803023121704879,0.9083526839056882,-0.0066606326310689745,-0.01226577305479169,-0.0008516278102296548,0.003428808138876068,-0.015606625011985554,0.002285359749847605,0.010249329269303813
calendar_1day_seed20260922,10_100,alt0_closed_experts,65,63,0.03076923076923077,61.231884057971016,0.9038453281697635,0.8961893190185015,0.9112905920134453,0.004653109110940256,0.8916544829529507,0.9160361733865763,-0.0108740707616225,-0.015886280844181467,-0.0058351853793266305,0.003089380913917545,-0.018934474551586325,-0.0028136669716586783,0.010494812275970674
calendar_1day_seed20260922,10_100,alt1_open_beginners,932,619,0.0075107296137339056,443.17551020408166,0.9184180274946773,0.9165128063566789,0.9200673200240452,0.0011014349164937922,0.9155323391810724,0.9213037158082822,0.0031531634096967354,0.0013388342027428556,0.004775586832789663,0.0010676927137503664,0.00036748089393432186,0.0059388459254591484,0.010472659568008878
calendar_1day_seed20260922,10_100,alt1_open_experts,1015,660,0.009852216748768473,428.7245110278818,0.9374972288246206,0.9355788922502222,0.9394772583948263,0.0011509881505944448,0.9344817142394818,0.9405127434097594,0.008501096477411152,0.006829865440557798,0.010339215028793125,0.0010750583390625739,0.00569619654695102,0.011305996407871284,0.00839349204447812
calendar_1day_seed20260922,10_100,alt1_closed_beginners,282,250,0.014184397163120567,223.38202247191012,0.90145979804936,0.8980899426889076,0.9048437220028757,0.0020837459097003174,0.8960005184041444,0.9069190776945757,-0.002002005380367322,-0.004398018799883496,0.0005309874731867114,0.001530028930561702,-0.005993954361179532,0.0019899436004448875,0.009372032110396012
calendar_1day_seed20260922,10_100,alt1_closed_experts,489,386,0.016359918200409,294.1217712177122,0.9075408171852157,0.9052224689464125,0.9100249207522509,0.001433626157404264,0.9037848092844774,0.9112968250859541,-0.009652254506740565,-0.011634608967264487,-0.007551055477211427,0.0012436982395920392,-0.012897147345567291,-0.006407361667913839,0.008767140642969394
calendar_1day_seed20260922,10_100,alt2_open_beginners,4809,1307,0.008317737575379496,558.9481812688822,0.9140467799435892,0.9129774691458258,0.9150720007270009,0.0006524853509731871,0.9123373104834276,0.9157562494037508,-0.00715519931459363,-0.008352240678614653,-0.005909778135049499,0.0007678389220068354,-0.009158543003662208,-0.005151855625525051,0.0073554102799006345
calendar_1day_seed20260922,10_100,alt2_open_experts,2312,1081,0.007785467128027681,566.1241262444397,0.9285856260377751,0.9274446289883287,0.9296030486612213,0.0006513035847447538,0.9268792527287739,0.9302919993467762,-0.006347621482636678,-0.007693258065485381,-0.004986936976059319,0.0008204311300058887,-0.008488181800049278,-0.004207061165224079,0.00701984616068946
calendar_1day_seed20260922,10_100,alt2_closed_beginners,8924,1490,0.010309278350515464,437.9263137056507,0.9148743704228239,0.9137181416850222,0.9159288916721541,0.0006921507777631331,0.9130609801073963,0.9166877607382515,0.005475451819894284,0.004138468238056281,0.0066946075631915455,0.0007790266726831873,0.0034429185324998434,0.007507985107288724,0.0067909791701809075
calendar_1day_seed20260922,10_100,alt2_closed_experts,5066,1386,0.008290564547966837,520.8287198636253,0.9311575558424939,0.9302274162708374,0.9321470327775521,0.0006038449792482424,0.9295755210134251,0.9327395906715628,0.008027368977335358,0.006892089469135404,0.009210358314590366,0.0007123427363509605,0.006168818590761135,0.009885919363909583,0.005672573605683671
calendar_1day_seed20260922,10_100,alt3_open_beginners,4476,1273,0.006702412868632708,539.2306615707596,0.9198270463435921,0.9186401148727673,0.9209637538100578,0.0007045594867995349,0.9179811460122598,0.9216729466749245,-0.006512164570534051,-0.007730958368542951,-0.005276776418572438,0.0007447229548901527,-0.008455197137682828,-0.004569132003385274,0.006864786520556783
calendar_1day_seed20260922,10_100,alt3_open_experts,2039,970,0.005885237861696911,579.6069984664715,0.9308965012643202,0.929632842242154,0.9319669639532591,0.0007091750555290423,0.9290385084411448,0.9327544940874957,-0.009173977912034892,-0.010617463973095964,-0.007720647964136229,0.0008913377032814011,-0.011499538275699004,-0.00684841754837078,0.0061065484023103385
calendar_1day_seed20260922,10_100,alt3_closed_beginners,7442,1341,0.0083310937919914,484.9002241367234,0.9210539435901107,0.9199723484700894,0.9221583516676494,0.0006768711632761306,0.9192805848773691,0.9228273023028524,0.006517793331237698,0.00520240221713964,0.007916646205872319,0.0008301101456800562,0.004351979807180455,0.00868360685529494,0.006941056684548728
calendar_1day_seed20260922,10_100,alt3_closed_experts,4586,1237,0.006977758395115569,544.2062826683227,0.937435767672433,0.9365407529838244,0.9382484595764147,0.0005170773880424996,0.936081058325962,0.938790477018904,0.009168349151331023,0.007910553124363095,0.010386646610773325,0.0007600131017554686,0.007185423556686969,0.011151274745975078,0.0053387900982941215
calendar_1day_seed20260922,100_1000,alt0_open_beginners,613,365,0.013050570962479609,238.58349206349206,0.9368317664254505,0.9344959705658936,0.9387960427416547,0.0012942166079885657,0.9333586253619813,0.9403049074889197,0.018510815083009446,0.015545968586143388,0.021772475826619064,0.0019356355372916385,0.013548802174946759,0.023472827991072136,0.0013898769385633487
calendar_1day_seed20260922,100_1000,alt0_open_experts,890,459,0.012359550561797753,282.69093504639545,0.9457518415312505,0.9438759086263823,0.9475876924064801,0.0011301498692490306,0.9427189876066948,0.9487846954558061,0.018470963893048364,0.015535184970005899,0.02160608339577017,0.0018896356899244012,0.013626871860071757,0.023315055926024973,0.0011669596746034232
calendar_1day_seed20260922,100_1000,alt0_closed_beginners,90,79,0.03333333333333333,69.82758620689656,0.8587958309505933,0.8487986383983924,0.8679538275615892,0.006017764065702595,0.8426466459085745,0.8749450159926121,-0.01779755457008969,-0.024412775207698474,-0.01143769573929907,0.003969574682864933,-0.02797358225526797,-0.0076215268849114115,0.01016404813553937
calendar_1day_seed20260922,100_1000,alt0_closed_experts,65,63,0.03076923076923077,61.231884057971016,0.8663690874104754,0.855901712017143,0.8758706204910763,0.006262224075231638,0.8495638730050327,0.883174301815918,-0.019184224405968675,-0.02605399070067463,-0.012568477900537828,0.004114552802154938,-0.029731904339436538,-0.008636544472500812,0.00962867851704552
calendar_1day_seed20260922,100_1000,alt1_open_beginners,932,619,0.0075107296137339056,443.17551020408166,0.9243278851858214,0.9220461934449251,0.9264308413600209,0.0013759137738662906,0.9206355027837482,0.9280202675878947,0.009489579993106068,0.006987278278843639,0.011556397709671267,0.001398969178570129,0.005903314403169783,0.013075845583042353,0.0022505183381316984
calendar_1day_seed20260922,100_1000,alt1_open_experts,1015,660,0.009852216748768473,428.7245110278818,0.9413475814410202,0.9391563533875316,0.9435118834024323,0.0012844648044239352,0.9379006101772538,0.9447945527047865,0.017549349952543758,0.015430816552352549,0.019712691515816262,0.0012684128839240622,0.014297766179913358,0.020800933725174157,0.0013622853389084562
calendar_1day_seed20260922,100_1000,alt1_closed_beginners,282,250,0.014184397163120567,223.38202247191012,0.8658062303521009,0.8610130634301476,0.8704001191956039,0.002846507302439645,0.858167384320807,0.8734450763833949,-0.0073045090188563755,-0.010621157539899983,-0.004066467385590317,0.001964452052720802,-0.012340393231082535,-0.002268624806630216,0.00845294277188497
calendar_1day_seed20260922,100_1000,alt1_closed_experts,489,386,0.016359918200409,294.1217712177122,0.8623362447399245,0.8592302144278966,0.8656065126119811,0.0019962179633205607,0.8569792229421446,0.8676932665377045,-0.019734420926793783,-0.02242772268074424,-0.016862648081728937,0.0016759703246605716,-0.02403078055869632,-0.015438061294891248,0.00786028808202648
calendar_1day_seed20260922,100_1000,alt2_open_beginners,4809,1307,0.008317737575379496,558.9481812688822,0.8944543352950575,0.8931665728413767,0.8956822511266189,0.0007760844607813253,0.8923716462051305,0.8965370243849844,-0.01621532065884146,-0.017832685408587456,-0.014570175315074025,0.000992796307267021,-0.01876035974126542,-0.013670281576417495,0.006171735607746547
calendar_1day_seed20260922,100_1000,alt2_open_experts,2312,1081,0.007785467128027681,566.1241262444397,0.9079516227863991,0.9063768755799326,0.9094382506544703,0.0009524638655927305,0.905395604464086,0.9105076411087122,-0.01167795946326089,-0.013259442243361758,-0.010006947293708563,0.001003597552359755,-0.01425068760002423,-0.00910523132649755,0.004692364870899253
calendar_1day_seed20260922,100_1000,alt2_closed_beginners,8924,1490,0.010309278350515464,437.9263137056507,0.8820202912631173,0.880502656073768,0.8834417177324136,0.0009079445537161438,0.8795837443254562,0.8844568382007785,0.013078201130976463,0.011533575322918821,0.0146250032391402,0.0009133528360855568,0.010736815846940237,0.01541958641501269,0.008492912493214993
calendar_1day_seed20260922,100_1000,alt2_closed_experts,5066,1386,0.008290564547966837,520.8287198636253,0.8927170954190273,0.8913530786720981,0.8940990952880199,0.0008512932701128351,0.8904325770507466,0.895001613787308,0.014815078991125441,0.013343292225055037,0.016393497262725404,0.0009519282415928307,0.012374805431702066,0.017255352550548816,0.007474138322828555
calendar_1day_seed20260922,100_1000,alt3_open_beginners,4476,1273,0.006702412868632708,539.2306615707596,0.8949653177930478,0.893358710357825,0.8965565930783871,0.0009508187304017191,0.8924137143318572,0.8975169212542383,-0.016630569658751093,-0.018186793894059396,-0.0149351686922438,0.00098231321075133,-0.019148735262555158,-0.014112404054947028,0.006476871384750306
calendar_1day_seed20260922,100_1000,alt3_open_experts,2039,970,0.005885237861696911,579.6069984664715,0.9010589546067049,0.8992289624437273,0.9026349917166507,0.001017369235975668,0.8983287571665183,0.9037891520468916,-0.019496859140854972,-0.02135317988998442,-0.017767316678371003,0.0010889957345040571,-0.022288506012039785,-0.016705212269670158,0.00590350068059874
calendar_1day_seed20260922,100_1000,alt3_closed_beginners,7442,1341,0.0083310937919914,484.9002241367234,0.8867376793294866,0.8851506023906669,0.8883242746819394,0.0009608892456535864,0.884159050778496,0.8893163078804771,0.016869357699445753,0.015266065214438735,0.018526316967515125,0.0010137368434847685,0.014270637431172305,0.0194680779677192,0.00838732948440433
calendar_1day_seed20260922,100_1000,alt3_closed_experts,4586,1237,0.006977758395115569,544.2062826683227,0.8980863190259617,0.8967769088714762,0.8992634316712915,0.0007692060825628753,0.8960220886528316,0.9001505493990918,0.019258071100159868,0.01760722872463451,0.020949260323605508,0.0010068333118206016,0.01667704807528212,0.021839094125037616,0.007185052049720239
calendar_1day_seed20260922,1000_10000,alt0_open_beginners,613,365,0.013050570962479609,238.58349206349206,0.9711806621855607,0.9684423476170906,0.9736164400804329,0.0015427765410370024,0.9670186958572481,0.9753426285138732,0.060399487197436486,0.04938558546062868,0.07299194907324488,0.0072082342591767105,0.041833309520828525,0.07896566487404444,0.0023765787951985735
calendar_1day_seed20260922,1000_10000,alt0_open_experts,890,459,0.012359550561797753,282.69093504639545,0.9791049960226749,0.9771263091769833,0.9808773402570299,0.001133963154452242,0.9760458903512825,0.9821641016940672,0.034936830823092735,0.024709798593388177,0.04716613390561631,0.006915486910169017,0.017124679597430557,0.05274898204875492,0.0018406396692365334
calendar_1day_seed20260922,1000_10000,alt0_closed_beginners,90,79,0.03333333333333333,69.82758620689656,0.6086931430414624,0.5623664361619686,0.6494965196000415,0.026016546236888913,0.5385080018128192,0.6788782842701055,-0.052857438429852355,-0.08402387500620441,-0.02450710309215635,0.01776676287876511,-0.09861911382565045,-0.007095763034054257,0.08493126722928865
calendar_1day_seed20260922,1000_10000,alt0_closed_experts,65,63,0.03076923076923077,61.231884057971016,0.652458692092096,0.6081945671617538,0.68725645701733,0.02443141441318729,0.5865497795334509,0.718367604650741,-0.042478879590676755,-0.07267187271631356,-0.01664013922213422,0.017146164661720257,-0.08664208629786749,0.0016843271165139784,0.06949414220285553
calendar_1day_seed20260922,1000_10000,alt1_open_beginners,932,619,0.0075107296137339056,443.17551020408166,0.9485012365830385,0.9445968822393062,0.9520571377060488,0.0022465530486396033,0.94244068413458,0.954561789031497,0.06783842150494335,0.059721779029240966,0.07503730732011153,0.004846000592236216,0.05535662571676358,0.08032021729312312,0.0020982153404340027
calendar_1day_seed20260922,1000_10000,alt1_open_experts,1015,660,0.009852216748768473,428.7245110278818,0.9692174324503494,0.9664277668015075,0.9717410726786886,0.0016222610105611436,0.964841039938475,0.9735938249622238,0.05516762716079626,0.0472110456033637,0.06235701573035345,0.004516376628801969,0.04353484055455267,0.06680041376703985,0.001615506773034088
calendar_1day_seed20260922,1000_10000,alt1_closed_beginners,282,250,0.014184397163120567,223.38202247191012,0.581119158331841,0.5619805120174105,0.5994998172065453,0.011343877851364993,0.5505166463062581,0.611721670357424,-0.05031306322944473,-0.06393597477980746,-0.037086235266201785,0.008241442372240622,-0.07154046482224773,-0.02908566163664174,0.10253605668386014
calendar_1day_seed20260922,1000_10000,alt1_closed_experts,489,386,0.016359918200409,294.1217712177122,0.5921262263364485,0.578481657913311,0.6060142281124405,0.008407998489376027,0.5694438704213368,0.6148085822515602,-0.07269298543629521,-0.0833155554574703,-0.0614090400857049,0.006765914601642,-0.09011988474647231,-0.05526608612611811,0.09415050582739737
calendar_1day_seed20260922,1000_10000,alt2_open_beginners,4809,1307,0.008317737575379496,558.9481812688822,0.8307208524047782,0.825835154826027,0.8353315827523224,0.002956224100374464,0.8227458120554905,0.838695892754066,-0.04054866762456344,-0.04661194564016067,-0.03504909184020721,0.0036257160825213684,-0.04988738867227744,-0.03120994657684944,0.014572926127509836
calendar_1day_seed20260922,1000_10000,alt2_open_experts,2312,1081,0.007785467128027681,566.1241262444397,0.8783417264753185,0.8726604607046756,0.8839362865458184,0.003549266608139194,0.8687668284130557,0.8879166245375812,-0.02631478376548113,-0.03285603779841932,-0.019588226925653773,0.00413033164123894,-0.03695323811606385,-0.015676329414898407,0.009734716712428265
calendar_1day_seed20260922,1000_10000,alt2_closed_beginners,8924,1490,0.010309278350515464,437.9263137056507,0.6426547017056954,0.635572240390505,0.6491109698039313,0.004168262822987345,0.6314099303111487,0.6538994731002421,0.020615775193163155,0.014506185331036231,0.027246013078566667,0.0038145196177262375,0.01079075474749012,0.030440795638836192,0.07492380757708023
calendar_1day_seed20260922,1000_10000,alt2_closed_experts,5066,1386,0.008290564547966837,520.8287198636253,0.7016735929208717,0.6950695205191553,0.7083651680330673,0.004146653589545749,0.6904871170082515,0.712860068833492,0.046247676196881526,0.0403311177872389,0.05274373913641983,0.0038254394142227376,0.036394529739392445,0.05610082265437061,0.060161778465340966
calendar_1day_seed20260922,1000_10000,alt3_open_beginners,4476,1273,0.006702412868632708,539.2306615707596,0.8286044448367922,0.8239189520115393,0.833055264775611,0.0027514743709991765,0.8211817602284196,0.8360271294451648,-0.06979415283963863,-0.07604186029802121,-0.064008983832219,0.003747600128451863,-0.07944680941876361,-0.06014149626051366,0.016075942258717557
calendar_1day_seed20260922,1000_10000,alt3_open_experts,2039,970,0.005885237861696911,579.6069984664715,0.8501008254313033,0.8441742669402926,0.85578145036573,0.0035595387354353408,0.8404982161310294,0.8597034347315772,-0.08168476245658551,-0.08875649043565727,-0.07501421845557914,0.004298096063755408,-0.09275532597069729,-0.07061419894247374,0.01364483119762842
calendar_1day_seed20260922,1000_10000,alt3_closed_beginners,7442,1341,0.0083310937919914,484.9002241367234,0.7138276423875779,0.7083698722256532,0.7192570478767764,0.003294177733091289,0.7049409005685796,0.7227143842065762,0.0646596382279565,0.05846153162991088,0.07151349303391571,0.003983851681385613,0.05439847086096994,0.07492080559494307,0.056680652268850495
calendar_1day_seed20260922,1000_10000,alt3_closed_experts,4586,1237,0.006977758395115569,544.2062826683227,0.7693742714393472,0.7640610371663423,0.7745384741194279,0.0031830236236601354,0.7607873913620857,0.7779611515166087,0.08681927706826786,0.08103929655157653,0.09323204430742342,0.003825636705512356,0.07696562244955574,0.09667293168697999,0.0425806526981324
calendar_3day_seed20260921,10_10000,alt0_open_beginners,613,298,0.01794453507340946,174.04770727188514,0.9459583990156022,0.9438740390199843,0.9478569700047044,0.0012174894025434025,0.942640537667345,0.9492762603638594,0.026719676839179418,0.023010819922976246,0.030950347378742242,0.0024022331500663653,0.02038824441755316,0.03305110926080568,0.016256399250451675
calendar_3day_seed20260921,10_10000,alt0_open_experts,890,369,0.012359550561797753,206.81462140992167,0.9556075315286942,0.9539263782168377,0.9572946787565411,0.001020910747234725,0.9528253797488148,0.9583896833085735,0.0209225277863766,0.017035539786877957,0.025349498295788756,0.0024738053152666556,0.0144024565861944,0.0274425989865588,0.014060861180074933
calendar_3day_seed20260921,10_10000,alt0_closed_beginners,90,76,0.03333333333333333,66.39344262295081,0.813056130635646,0.7989543941158654,0.825669071207721,0.008223433933886358,0.7906459038671914,0.8354663574041006,-0.023835337314365046,-0.03342284838124627,-0.014878995059169382,0.005525169809420033,-0.03839772034757984,-0.00927295428115025,0.11583707319488952
calendar_3day_seed20260921,10_10000,alt0_closed_experts,65,58,0.03076923076923077,53.48101265822785,0.8285308822047142,0.8134640624194237,0.8416276599557887,0.008407197871050353,0.8056198681086276,0.8514418963008007,-0.023806867311191637,-0.03351841174541195,-0.014929514491267566,0.0056829690202938096,-0.03878515295561037,-0.008828581666772901,0.10011453934598895
calendar_3day_seed20260921,10_10000,alt1_open_beginners,932,487,0.008583690987124463,312.2300503235083,0.9324707179739631,0.9301820213786913,0.9345506212678704,0.0013418649881152555,0.9288139124450225,0.9361275235029036,0.02120713097913518,0.018455734956994225,0.023874675081955326,0.0016771903532637974,0.016786653566441146,0.025627608391829215,0.010393885345668345
calendar_3day_seed20260921,10_10000,alt1_open_experts,1015,527,0.014778325123152709,296.638353008926,0.9504856604746242,0.9482556077569471,0.9525947035587763,0.001323208785350159,0.9468796962046961,0.9540916247445523,0.023775791913901556,0.021145197463543264,0.026102963412943374,0.0015007348861796586,0.019820388370177675,0.027731195457625438,0.010962276469364238
calendar_3day_seed20260921,10_10000,alt1_closed_beginners,282,233,0.014184397163120567,199.80904522613065,0.8134211175859293,0.8070829665511591,0.8193685132759422,0.003791508986416576,0.8030886242670375,0.823753610904821,-0.015495215182486866,-0.020156204074086564,-0.011191621611043635,0.0026966710741490544,-0.022602681278713763,-0.008387749086259968,0.13106551877869257
calendar_3day_seed20260921,10_10000,alt1_closed_experts,489,339,0.018404907975460124,243.25635808748729,0.8148749066237608,0.8100845902581179,0.8192587921221683,0.002720279110823201,0.8074616930882533,0.8222881201592683,-0.029487707710550093,-0.03340024755788368,-0.025565860111080807,0.0023681547084503335,-0.035729321477346664,-0.023246093943753522,0.1252940096256913
calendar_3day_seed20260921,10_10000,alt2_open_beginners,4809,835,0.011852776044915784,324.50476377566054,0.8838435670067134,0.8818513880919581,0.8857093879440346,0.0011709831226028417,0.8806524430151377,0.8870346909982891,-0.020554486410300332,-0.022733974649424154,-0.01855203386164942,0.0012967633193553877,-0.023972293430037598,-0.017136679390563066,0.033154570781682734
calendar_3day_seed20260921,10_10000,alt2_open_experts,2312,750,0.010380622837370242,352.87457090044893,0.9065124268925068,0.9041557058845182,0.9088208867904561,0.0014579459073684675,0.9025392815297609,0.9104855722552526,-0.013331908090401745,-0.015769030660638846,-0.011174459352145156,0.0014094389420555744,-0.017046687987509877,-0.009617128193293613,0.0203249382193752
calendar_3day_seed20260921,10_10000,alt2_closed_beginners,8924,930,0.016584491259524877,261.55510742976503,0.8352422749422735,0.8325957113140015,0.8380186286521158,0.0016742203349339822,0.830679745752172,0.8398048041323751,0.013191475751671566,0.011148394584336535,0.015500027327950522,0.0012883066896792546,0.0097959574008371,0.016586994102506032,0.10821679997266566
calendar_3day_seed20260921,10_10000,alt2_closed_experts,5066,908,0.015791551519936834,298.23548004741207,0.8581919995055268,0.8555464549986774,0.8608723929116858,0.0015696421204935565,0.8539144633632799,0.8624695356477737,0.020694918749030067,0.0185536031766421,0.02293470120676697,0.0013307174312284854,0.01718762076345757,0.024202216734602565,0.0889676752649127
calendar_3day_seed20260921,10_10000,alt3_open_beginners,4476,825,0.010723860589812333,311.9775763804541,0.8848053371925882,0.8826044620846708,0.8870311737351979,0.0013266552092041069,0.881189980843788,0.8884206935413885,-0.027147665837337076,-0.029598749455620042,-0.025065557043334623,0.0014080267448497437,-0.030858723684745543,-0.02343660798992861,0.03547196026147308
calendar_3day_seed20260921,10_10000,alt3_open_experts,2039,680,0.009318293281020108,365.4320998505757,0.8958082174152655,0.8936836059979936,0.8980714494538505,0.0013629931868222452,0.8920938340267545,0.8995226008037766,-0.0315910671805546,-0.03414752890243727,-0.029212611863525084,0.0015098349713369263,-0.03557045531303611,-0.02761167904807309,0.03056145681851679
calendar_3day_seed20260921,10_10000,alt3_closed_beginners,7442,823,0.011287288363343187,284.99646992229714,0.8555201699780156,0.8533081418134654,0.8579904440660681,0.0014465114455043753,0.8515781854278219,0.8594621545282093,0.025914421174502045,0.02374826958872872,0.028365478365146145,0.0013827312905616844,0.022270033150293193,0.029558809198710897,0.0820295593772766
calendar_3day_seed20260921,10_10000,alt3_closed_experts,4586,788,0.010466637592673354,309.11249595814104,0.8778763422127976,0.8758993181237406,0.8801219006433181,0.0012591228688328805,0.8744450227364391,0.8813076616891562,0.0328243118433893,0.030622389568530382,0.035115467422598745,0.0013896260926299995,0.029161751572512874,0.036486872114265725,0.06425216398317748
calendar_3day_seed20260921,10_100,alt0_open_beginners,613,298,0.01794453507340946,174.04770727188514,0.919974784660145,0.9174126801812639,0.9224437388492429,0.001514776587932276,0.9159188212093833,0.9240307481109068,0.007183593335734706,0.00440691791460126,0.010051053784433328,0.0017655106337452757,0.002613481139192451,0.011753705532276962,0.011178333659935336
calendar_3day_seed20260921,10_100,alt0_open_experts,890,369,0.012359550561797753,206.81462140992167,0.9368735696435954,0.9347569835657783,0.9390981365271655,0.0013277122705697686,0.9333184893198957,0.940428649967295,0.010351110056956214,0.007949502443350503,0.013156891889152478,0.0015790611145893403,0.006263631725793962,0.014438588388118467,0.009000590843392995
calendar_3day_seed20260921,10_100,alt0_closed_beginners,90,76,0.03333333333333333,66.39344262295081,0.8943274980380881,0.8850001344213794,0.9030017694356661,0.005489347894004791,0.8796292286008824,0.9090257674752937,-0.0066606326310690855,-0.01250301887540255,-0.0007387902365436679,0.0035734391257219466,-0.01591065776256278,0.002589392500424609,0.010249329269303813
calendar_3day_seed20260921,10_100,alt0_closed_experts,65,58,0.03076923076923077,53.48101265822785,0.9038453281697635,0.8961132018207485,0.9115289413906488,0.004645739279661765,0.8914059038545264,0.9162847524850005,-0.0108740707616225,-0.016160920078011426,-0.005606905783232918,0.003156415669527038,-0.019044609909303352,-0.0027035316139416513,0.010494812275970674
calendar_3day_seed20260921,10_100,alt1_open_beginners,932,487,0.008583690987124463,312.2300503235083,0.9184180274946773,0.9167356128230899,0.9200898934567844,0.0010342448435772746,0.9156487350999392,0.9211873198894154,0.0031531634096966243,0.0015263007206522182,0.004715497703206006,0.0009653633051804319,0.0006542724198755102,0.0056520543995177384,0.010472659568008878
calendar_3day_seed20260921,10_100,alt1_open_experts,1015,527,0.014778325123152709,296.638353008926,0.9374972288246206,0.9354280134672721,0.9394547879189526,0.0012111048054669173,0.9342543764692637,0.9407400811799775,0.008501096477411152,0.006637788449119796,0.010306053538845011,0.0010952324227307532,0.005666032809427322,0.011336160145394982,0.00839349204447812
calendar_3day_seed20260921,10_100,alt1_closed_beginners,282,233,0.014184397163120567,199.80904522613065,0.90145979804936,0.8979784680776957,0.9048918340278372,0.0020583997873047967,0.8959482299601275,0.9069713661385926,-0.002002005380367433,-0.004407344850144751,0.0004886243095419399,0.001486737749035059,-0.005850500082158736,0.0018464893214238704,0.009372032110396012
calendar_3day_seed20260921,10_100,alt1_closed_experts,489,339,0.018404907975460124,243.25635808748729,0.9075408171852157,0.9051677128960179,0.9098953780769203,0.0014681126779570392,0.9036098009476846,0.9114718334227468,-0.009652254506740565,-0.011658897555829845,-0.007609584825641202,0.0012440140869102619,-0.012872446921667263,-0.006432062091813868,0.008767140642969394
calendar_3day_seed20260921,10_100,alt2_open_beginners,4809,835,0.011852776044915784,324.50476377566054,0.9140467799435892,0.9130142858988748,0.9151492717673151,0.0006578924442477692,0.9122852081516435,0.9158083517355349,-0.00715519931459363,-0.008466496728235217,-0.0057381642723302595,0.000808043513885275,-0.009246860190240756,-0.0050635384389465035,0.0073554102799006345
calendar_3day_seed20260921,10_100,alt2_open_experts,2312,750,0.010380622837370242,352.87457090044893,0.9285856260377751,0.9274300726969137,0.9296891021312045,0.0006972131876461661,0.9267187690840759,0.9304524829914742,-0.006347621482636567,-0.007835658687251995,-0.004944920910024025,0.0008731377316443154,-0.00860778198259572,-0.0040874609826774145,0.00701984616068946
calendar_3day_seed20260921,10_100,alt2_closed_beginners,8924,930,0.016584491259524877,261.55510742976503,0.9148743704228239,0.9136545121431624,0.9161663914757447,0.0007890829778239903,0.9127615230609294,0.9169872177847185,0.005475451819894284,0.004097605505120305,0.006936757919516668,0.0008439146908584996,0.0032909366162945162,0.007659967023494051,0.006790979170180782
calendar_3day_seed20260921,10_100,alt2_closed_experts,5066,908,0.015791551519936834,298.23548004741207,0.9311575558424937,0.9299685631702094,0.932307652994109,0.0007186870083727158,0.929233200619605,0.9330819110653824,0.008027368977335247,0.006863160105734394,0.00917083821065901,0.0007201963210566876,0.006163104935048599,0.009891633019621895,0.005672573605683697
calendar_3day_seed20260921,10_100,alt3_open_beginners,4476,825,0.010723860589812333,311.9775763804541,0.9198270463435924,0.9186350311202504,0.9212967585646382,0.0007852540140588831,0.9177244514091576,0.9219296412780271,-0.006512164570534051,-0.007905842579219956,-0.005253918951192749,0.0008059501255986806,-0.008598406606352176,-0.004425922534715927,0.006864786520556834
calendar_3day_seed20260921,10_100,alt3_open_experts,2039,680,0.009318293281020108,365.4320998505757,0.9308965012643202,0.9296886878792525,0.9321350255809449,0.0007383172729981705,0.9289195840752089,0.9328734184534315,-0.009173977912035003,-0.010795713717262628,-0.007702249366227177,0.0009306492873706858,-0.011583009938023789,-0.006764945886046216,0.0061065484023103385
calendar_3day_seed20260921,10_100,alt3_closed_beginners,7442,823,0.011287288363343187,284.99646992229714,0.9210539435901107,0.9198599398925553,0.9223395643203687,0.0007672774960933702,0.9189994825523977,0.9231084046278237,0.006517793331237476,0.005163142285735334,0.008047201109722967,0.0008655702063812022,0.004277221747278919,0.008758364915196033,0.006941056684548728
calendar_3day_seed20260921,10_100,alt3_closed_experts,4586,788,0.010466637592673354,309.11249595814104,0.937435767672433,0.9365812250394427,0.9383717574996856,0.0005533139459531775,0.9359542151058949,0.938917320238971,0.009168349151330912,0.007920746954427082,0.010457658555252358,0.0007637189321542156,0.007191424662825238,0.011145273639836587,0.005338790098294185
calendar_3day_seed20260921,100_1000,alt0_open_beginners,613,298,0.01794453507340946,174.04770727188514,0.9368317664254505,0.9345639110947679,0.9390526184802452,0.001334389315317389,0.9332272597245828,0.9404362731263183,0.01851081508300967,0.015534822924552683,0.021762917422311127,0.0019295101981193145,0.013491915577704268,0.02352971458831507,0.0013898769385632742
calendar_3day_seed20260921,100_1000,alt0_open_experts,890,369,0.012359550561797753,206.81462140992167,0.9457518415312505,0.9438919417712607,0.9476765726405686,0.0011436161251794047,0.9426626591321475,0.9488410239303534,0.018470963893048697,0.015568477658705292,0.021839972487294426,0.0018992382414824522,0.013530805566897189,0.023411122219200206,0.0011669596746034232
calendar_3day_seed20260921,100_1000,alt0_closed_beginners,90,76,0.03333333333333333,66.39344262295081,0.8587958309505933,0.8480360696248543,0.8685307103992657,0.006170607559967432,0.8421275347921836,0.875464127109003,-0.017797554570089358,-0.0249149147311336,-0.011035745339214028,0.0041887411167893865,-0.02869299878147396,-0.006902110358704756,0.01016404813553937
calendar_3day_seed20260921,100_1000,alt0_closed_experts,65,58,0.03076923076923077,53.48101265822785,0.8663690874104754,0.8547018196911028,0.8765346401338082,0.0063978502314558745,0.8490869541037156,0.8836512207172351,-0.01918422440596823,-0.026763191657389072,-0.012316470667276582,0.004352179346797983,-0.030504792077460822,-0.00786365673447564,0.00962867851704552
calendar_3day_seed20260921,100_1000,alt1_open_beginners,932,487,0.008583690987124463,312.2300503235083,0.9243278851858217,0.9220921910046338,0.9264191227395853,0.0013156686915006036,0.920773947395554,0.9278818229760893,0.009489579993106512,0.007181315028197327,0.011608488647251157,0.0013379396597600695,0.00600943010685903,0.012969729879353993,0.002250518338131648
calendar_3day_seed20260921,100_1000,alt1_open_experts,1015,527,0.014778325123152709,296.638353008926,0.9413475814410199,0.9391287938768339,0.9435106235699388,0.0013662991978281038,0.9376568784674352,0.9450382844146047,0.01754934995254387,0.015360517145828251,0.01946055280703596,0.0012426712181236343,0.014317005304675726,0.02078169460041201,0.0013622853389084807
calendar_3day_seed20260921,100_1000,alt1_closed_beginners,282,233,0.014184397163120567,199.80904522613065,0.8658062303521009,0.86106297382494,0.8703919758096058,0.0028059887912277835,0.8582265792829266,0.8733858814212753,-0.007304509018856042,-0.01047036637298645,-0.0041142950820925285,0.0019167901113081784,-0.012290321973250192,-0.0023186960644618927,0.008452942771884988
calendar_3day_seed20260921,100_1000,alt1_closed_experts,489,339,0.018404907975460124,243.25635808748729,0.8623362447399245,0.8589263207977929,0.8655882973342814,0.0020021591093207667,0.8569279311069323,0.8677445583729168,-0.01973442092679334,-0.022467243462979243,-0.016827693003315436,0.0017598049456968503,-0.02431189565587262,-0.015156946197714058,0.0078602880820264
calendar_3day_seed20260921,100_1000,alt2_open_beginners,4809,835,0.011852776044915784,324.50476377566054,0.8944543352950575,0.8930806899402105,0.8958253177981786,0.0008305229159913461,0.8922108930090984,0.8966977775810165,-0.016215320658841126,-0.0177672193183974,-0.014637410666679335,0.0009757386318578464,-0.018753339966286055,-0.013677301351396196,0.006171735607746691
calendar_3day_seed20260921,100_1000,alt2_open_experts,2312,750,0.010380622837370242,352.87457090044893,0.9079516227863991,0.9063432096668386,0.9095748585306198,0.0009983281575793256,0.9052548981556239,0.9106483474171743,-0.011677959463260446,-0.01340444525845529,-0.010044549728744584,0.0010472164733829233,-0.014401901656119596,-0.008954017270401295,0.004692364870899207
calendar_3day_seed20260921,100_1000,alt2_closed_beginners,8924,930,0.016584491259524877,261.55510742976503,0.882020291263117,0.8803532961260669,0.8837423483021591,0.0010324824021648094,0.8792313077974888,0.8848092747287452,0.013078201130976574,0.011595245323527726,0.0147217770258098,0.0009429300432334103,0.01062552110257637,0.015530881159376779,0.008492912493215286
calendar_3day_seed20260921,100_1000,alt2_closed_experts,5066,908,0.015791551519936834,298.23548004741207,0.8927170954190271,0.8910982167518428,0.8942828527047512,0.0009557462111357493,0.8901353948741989,0.8952987959638553,0.014815078991125774,0.01328079080034072,0.016347789298751254,0.0009334061042620072,0.012387171929791888,0.01724298605245966,0.007474138322828924
calendar_3day_seed20260921,100_1000,alt3_open_beginners,4476,825,0.010723860589812333,311.9775763804541,0.8949653177930474,0.8933458209082814,0.896764049707384,0.001074006739305637,0.8920641670987439,0.897866468487351,-0.016630569658751315,-0.018446704733080355,-0.015061930891373988,0.001057741831034997,-0.01938188963503169,-0.01387924968247094,0.006476871384750614
calendar_3day_seed20260921,100_1000,alt3_open_experts,2039,680,0.009318293281020108,365.4320998505757,0.901058954606705,0.8994175642030473,0.9027905613075636,0.0010216571675337716,0.8982992127052277,0.9038186965081824,-0.01949685914085464,-0.02142115992194913,-0.017723915369983655,0.0011329445884660646,-0.022443790978858406,-0.016549927302850872,0.005903500680598632
calendar_3day_seed20260921,100_1000,alt3_closed_beginners,7442,823,0.011287288363343187,284.99646992229714,0.886737679329487,0.8851234958001922,0.8885663525152643,0.0010539389433282065,0.8838907365820262,0.8895846220769478,0.01686935769944642,0.015231020384664284,0.018715004286941655,0.001064473712356884,0.01410052725036879,0.019638188148524048,0.008387329484404054
calendar_3day_seed20260921,100_1000,alt3_closed_experts,4586,788,0.010466637592673354,309.11249595814104,0.8980863190259617,0.896844206438913,0.8995124546434912,0.0007983376488595185,0.8959298168928607,0.9002428211590627,0.0192580711001602,0.017650210771036713,0.021043648354454554,0.0010349256867140618,0.01656609879436995,0.021950043405950453,0.007185052049720344
calendar_3day_seed20260921,1000_10000,alt0_open_beginners,613,298,0.01794453507340946,174.04770727188514,0.9711806621855607,0.9684468488637601,0.9734375582156096,0.001507943964895719,0.9670933392094996,0.9752679851616217,0.060399487197436486,0.0490791350621377,0.07322499096254288,0.007306974113530625,0.04177927171723027,0.0790197026776427,0.0023765787951984256
calendar_3day_seed20260921,1000_10000,alt0_open_experts,890,369,0.012359550561797753,206.81462140992167,0.9791049960226749,0.9771611254592034,0.9809379573978824,0.0011390485702414397,0.9760175740094044,0.9821924180359454,0.034936830823092735,0.024548723127153872,0.04712443659584987,0.006902660899720017,0.017346918590944775,0.052526743055240695,0.0018406396692364983
calendar_3day_seed20260921,1000_10000,alt0_closed_beginners,90,76,0.03333333333333333,66.39344262295081,0.6086931430414624,0.5616687500591897,0.6494975026029798,0.02665385103943169,0.5364471575870143,0.6809391284959104,-0.052857438429852466,-0.08293355718535164,-0.024794916100108075,0.01753162256547819,-0.09753292034819708,-0.008181956511507854,0.08493126722928865
calendar_3day_seed20260921,1000_10000,alt0_closed_experts,65,58,0.03076923076923077,53.48101265822785,0.652458692092096,0.6108524037193865,0.6861871768875035,0.02295325744439336,0.590243265848189,0.7146741183360029,-0.042478879590676866,-0.0715082718079061,-0.018542848114721427,0.015804230559069734,-0.0827524831284,-0.002205276052953724,0.06949414220285553
calendar_3day_seed20260921,1000_10000,alt1_open_beginners,932,487,0.008583690987124463,312.2300503235083,0.9485012365830385,0.9448331689930691,0.9519192396350024,0.002230447595260199,0.9424555479399346,0.9545469252261425,0.06783842150494312,0.05986402440794509,0.07524934014243483,0.004677347124530868,0.05591923170335157,0.07975761130653468,0.002098215340434066
calendar_3day_seed20260921,1000_10000,alt1_open_experts,1015,527,0.014778325123152709,296.638353008926,0.9692174324503497,0.9662731575329714,0.9718932613546428,0.0017467939571439387,0.9644827000984265,0.973952164802273,0.05516762716079637,0.04772232595602489,0.06225192726463016,0.004424567783451527,0.043892589880715205,0.06644266444087754,0.0016155067730341133
calendar_3day_seed20260921,1000_10000,alt1_closed_beginners,282,233,0.014184397163120567,199.80904522613065,0.5811191583318419,0.5612277381675117,0.5994124887501209,0.011670195529086907,0.5494867771349312,0.6127515395287526,-0.05031306322944418,-0.06384763410129506,-0.036953857867130936,0.008325287087930814,-0.07152822522444781,-0.029097901234440542,0.10253605668385998
calendar_3day_seed20260921,1000_10000,alt1_closed_experts,489,339,0.018404907975460124,243.25635808748729,0.5921262263364485,0.5778943164248579,0.605227972386015,0.00821509390457195,0.5698589917121312,0.6143934609607659,-0.07269298543629554,-0.0833586772706635,-0.06141255392958668,0.006683699240620864,-0.08972492206719156,-0.05566104880539953,0.0941505058273975
calendar_3day_seed20260921,1000_10000,alt2_open_beginners,4809,835,0.011852776044915784,324.50476377566054,0.8307208524047782,0.8255572812855512,0.8354642737045664,0.003032362321463971,0.822501552167638,0.8389401526419185,-0.04054866762456344,-0.04679416167913295,-0.03516431134815904,0.00353928990216137,-0.04956776904756268,-0.0315295662015642,0.014572926127509983
calendar_3day_seed20260921,1000_10000,alt2_open_experts,2312,750,0.010380622837370242,352.87457090044893,0.8783417264753185,0.8725607459305812,0.8841440473668929,0.0036060394381236516,0.8685674588691317,0.8881159940815053,-0.02631478376548113,-0.03378765784528274,-0.019952133293676563,0.004128155917084789,-0.03683448063558076,-0.01579508689538151,0.009734716712428407
calendar_3day_seed20260921,1000_10000,alt2_closed_beginners,8924,930,0.016584491259524877,261.55510742976503,0.6426547017056949,0.6352455974761635,0.6506752515377087,0.004674010101050332,0.6299856706799395,0.6553237327314504,0.0206157751931626,0.014347984216363557,0.027841445950033853,0.0040355247447187974,0.010332128480466022,0.030899421905859176,0.0749238075770802
calendar_3day_seed20260921,1000_10000,alt2_closed_experts,5066,908,0.015791551519936834,298.23548004741207,0.7016735929208717,0.6942966961089747,0.7092309301504097,0.004422666349012838,0.6896858359454178,0.7136613498963257,0.046247676196881415,0.04014779856736402,0.052551810288592564,0.003765017599823665,0.03665335741235632,0.05584199498140651,0.06016177846534091
calendar_3day_seed20260921,1000_10000,alt3_open_beginners,4476,825,0.010723860589812333,311.9775763804541,0.8286044448367922,0.8238553940086445,0.8335062286684594,0.0029868601587137787,0.8205084794447117,0.8367004102288726,-0.06979415283963863,-0.07622847880290738,-0.06402436664613435,0.0037847170787888504,-0.07943867141103587,-0.060149634268241395,0.016075942258717616
calendar_3day_seed20260921,1000_10000,alt3_open_experts,2039,680,0.009318293281020108,365.4320998505757,0.8501008254313028,0.844585926349202,0.855704511922338,0.003371526830118997,0.8409622106034602,0.8592394402591454,-0.08168476245658596,-0.08914899092345323,-0.07505798886411737,0.004309000105756677,-0.09266530094307754,-0.07070422397009438,0.013644831197628925
calendar_3day_seed20260921,1000_10000,alt3_closed_beginners,7442,823,0.011287288363343187,284.99646992229714,0.7138276423875779,0.7085918801548728,0.7197113896072024,0.0034245962532407676,0.704545181450396,0.7231101033247598,0.0646596382279564,0.05843437305497863,0.07192037445422496,0.004006846866996864,0.05444907077548446,0.07487020568042833,0.05668065226885058
calendar_3day_seed20260921,1000_10000,alt3_closed_experts,4586,788,0.010466637592673354,309.11249595814104,0.7693742714393472,0.7638278938009797,0.7751366270061824,0.003395869869924675,0.7601696741425129,0.7785788687361815,0.08681927706826775,0.08088936397784449,0.09349940663907651,0.003742339559420195,0.07728274827894731,0.0963558058575882,0.04258065269813243
calendar_3day_seed20260922,10_10000,alt0_open_beginners,613,298,0.01794453507340946,174.04770727188514,0.9459583990156022,0.9436816617425676,0.9478233661002727,0.0012704855772511295,0.9424393950440247,0.9494774029871796,0.026719676839179418,0.023141074151173325,0.031015937282395323,0.002435898541894954,0.02037556090962092,0.033063792768737915,0.016256399250451675
calendar_3day_seed20260922,10_10000,alt0_open_experts,890,369,0.012359550561797753,206.81462140992167,0.9556075315286942,0.9538861890092889,0.9572675181480883,0.0010014123690751738,0.9528338092865362,0.9583812537708521,0.0209225277863766,0.017029517274741814,0.025371053200385546,0.00250003596343327,0.014411370729831958,0.02743368484292124,0.014060861180074933
calendar_3day_seed20260922,10_10000,alt0_closed_beginners,90,76,0.03333333333333333,66.39344262295081,0.813056130635646,0.797549856043226,0.8260158939749535,0.00867692778719662,0.7890226871310759,0.837089574140216,-0.023835337314365046,-0.03440590443490925,-0.015131663010253815,0.00593683771885105,-0.039297388009656646,-0.008373286619073446,0.11583707319488952
calendar_3day_seed20260922,10_10000,alt0_closed_experts,65,58,0.03076923076923077,53.48101265822785,0.8285308822047142,0.8134315858395806,0.8415097184794627,0.008655499842663249,0.8045567900405024,0.8525049743689259,-0.023806867311191637,-0.03376485380604917,-0.014531481146162362,0.006019525390251088,-0.039484271874587695,-0.008129462747795583,0.10011453934598895
calendar_3day_seed20260922,10_10000,alt1_open_beginners,932,487,0.008583690987124463,312.2300503235083,0.9324707179739631,0.9300852235573921,0.9344286370063565,0.001338695868281478,0.928762784439283,0.9361786515086432,0.02120713097913518,0.018425534958753285,0.02400831589540244,0.001660030268241089,0.016883706055162418,0.025530555903107943,0.010393885345668345
calendar_3day_seed20260922,10_10000,alt1_open_experts,1015,527,0.014778325123152709,296.638353008926,0.9504856604746242,0.9482679809328195,0.9526873226081706,0.0013268541145782286,0.9468105263507035,0.954160794598545,0.023775791913901556,0.021157069970539087,0.026085800488816306,0.0015555946424982005,0.01972436178178636,0.02782722204601675,0.010962276469364238
calendar_3day_seed20260922,10_10000,alt1_closed_beginners,282,233,0.014184397163120567,199.80904522613065,0.8134211175859293,0.8070244810739543,0.8190248142161793,0.0036501819588492935,0.8033108061899014,0.8235314289819572,-0.015495215182486866,-0.019823193670057304,-0.011235791705933229,0.0026293348097892527,-0.022343121433110173,-0.008647308931863558,0.13106551877869257
calendar_3day_seed20260922,10_10000,alt1_closed_experts,489,339,0.018404907975460124,243.25635808748729,0.8148749066237608,0.8101040619242178,0.8191758710848938,0.0027196090394391147,0.8073421056362589,0.8224077076112628,-0.029487707710550093,-0.03321910150016199,-0.025657556992727457,0.0022633247964965494,-0.03538236820164279,-0.023593047219457396,0.1252940096256913
calendar_3day_seed20260922,10_10000,alt2_open_beginners,4809,835,0.011852776044915784,324.50476377566054,0.8838435670067134,0.881907684838804,0.8857850489395264,0.001193899473366463,0.8805366920105162,0.8871504420029106,-0.020554486410300332,-0.02277902228601547,-0.018374583795467504,0.001350331958081559,-0.02407132520227764,-0.017037647618323024,0.033154570781682734
calendar_3day_seed20260922,10_10000,alt2_open_experts,2312,750,0.010380622837370242,352.87457090044893,0.9065124268925068,0.9042660225177195,0.9088246774514341,0.0014136157127361915,0.9025969796048909,0.9104278741801226,-0.013331908090401745,-0.015715380172940975,-0.011081908616689501,0.0014351999518860336,-0.017069779237440026,-0.009594036943363462,0.0203249382193752
calendar_3day_seed20260922,10_10000,alt2_closed_beginners,8924,930,0.016584491259524877,261.55510742976503,0.8352422749422735,0.8325158446031936,0.8377747849544513,0.0016170778030022703,0.8307632762719959,0.8397212736125512,0.013191475751671566,0.011180774482497612,0.015366596077010452,0.0012945752731066801,0.009819851083864361,0.016563100419478772,0.10821679997266566
calendar_3day_seed20260922,10_10000,alt2_closed_experts,5066,908,0.015791551519936834,298.23548004741207,0.8581919995055268,0.8554106700813305,0.8608419430169127,0.0016087006392642444,0.8537362039892183,0.8626477950218353,0.020694918749030067,0.01853903201008934,0.023052085462798598,0.0013837341927185642,0.01709108633018412,0.024298751167876012,0.0889676752649127
calendar_3day_seed20260922,10_10000,alt3_open_beginners,4476,825,0.010723860589812333,311.9775763804541,0.8848053371925882,0.8826145218643904,0.8868319998296668,0.001281359769633752,0.8812562137715126,0.8883544606136639,-0.027147665837337076,-0.029607678766267676,-0.02491671522350696,0.0014717569617493215,-0.030980746987838925,-0.023314584686835227,0.03547196026147308
calendar_3day_seed20260922,10_10000,alt3_open_experts,2039,680,0.009318293281020108,365.4320998505757,0.8958082174152655,0.8935582773924597,0.8979221161025439,0.001365230075944288,0.8920267891602831,0.8995896456702479,-0.0315910671805546,-0.03420960142205285,-0.029287980710024055,0.0015026773194057519,-0.03550467809458396,-0.027677456266525242,0.03056145681851679
calendar_3day_seed20260922,10_10000,alt3_closed_beginners,7442,823,0.011287288363343187,284.99646992229714,0.8555201699780156,0.853201437358775,0.8577976872845962,0.001387546101986277,0.8516769305654115,0.8593634093906197,0.025914421174502045,0.023759035275170155,0.028359662725351027,0.0013808713252384127,0.022318044880315097,0.029510797468688992,0.0820295593772766
calendar_3day_seed20260922,10_10000,alt3_closed_experts,4586,788,0.010466637592673354,309.11249595814104,0.8778763422127976,0.875850306087875,0.8799932723105874,0.0012956760306367873,0.8742875654652853,0.88146511896031,0.0328243118433893,0.030571405060257472,0.03512133941409669,0.0014349709810853866,0.02908703703371023,0.03656158665306836,0.06425216398317748
calendar_3day_seed20260922,10_100,alt0_open_beginners,613,298,0.01794453507340946,174.04770727188514,0.919974784660145,0.9174756590706158,0.9224748712190628,0.0015482746341054846,0.9157954108214096,0.9241541584988805,0.007183593335734706,0.00431265793000789,0.009942121127034177,0.0017440155213265236,0.0026300963155651714,0.01173709035590424,0.011178333659935336
calendar_3day_seed20260922,10_100,alt0_open_experts,890,369,0.012359550561797753,206.81462140992167,0.9368735696435954,0.9345585016548783,0.9390487246537847,0.0013459476769946768,0.9332403521344883,0.9405067871527024,0.010351110056956214,0.0077235605870344,0.013005056821757526,0.0016447750006698054,0.006056722780687768,0.01464549733322466,0.009000590843392995
calendar_3day_seed20260922,10_100,alt0_closed_beginners,90,76,0.03333333333333333,66.39344262295081,0.8943274980380881,0.8851345901633503,0.9033357461926842,0.005424948108364564,0.8796835287440385,0.9089714673321376,-0.0066606326310690855,-0.012560802738480014,-0.0009878982045194776,0.0035255509059200917,-0.015865588291298846,0.002544323029160675,0.010249329269303813
calendar_3day_seed20260922,10_100,alt0_closed_experts,65,58,0.03076923076923077,53.48101265822785,0.9038453281697635,0.8957531521125354,0.9112492120729418,0.004730777089123236,0.891075186770015,0.916615469569512,-0.0108740707616225,-0.016223572167723032,-0.005676033402431388,0.003207111460852304,-0.019247604312077855,-0.002500537211167147,0.010494812275970674
calendar_3day_seed20260922,10_100,alt1_open_beginners,932,487,0.008583690987124463,312.2300503235083,0.9184180274946773,0.9166529347311855,0.9200901036375837,0.0010675222628720483,0.9155363845875112,0.9212996704018434,0.0031531634096966243,0.00150933033197162,0.004834273822866524,0.0010190516384938786,0.0004924940850616478,0.0058138327343316,0.010472659568008878
calendar_3day_seed20260922,10_100,alt1_open_experts,1015,527,0.014778325123152709,296.638353008926,0.9374972288246206,0.9356101207557125,0.9393971594796997,0.0011806745967791834,0.9343101453362385,0.9406843123130028,0.008501096477411152,0.006644168584736726,0.010314665124522143,0.0011173017907081396,0.0055839031884719155,0.011418289766350388,0.00839349204447812
calendar_3day_seed20260922,10_100,alt1_closed_beginners,282,233,0.014184397163120567,199.80904522613065,0.90145979804936,0.898057830662878,0.9045734739056639,0.0020294985686336816,0.8959814203528869,0.9069381757458332,-0.002002005380367433,-0.004397651025782163,0.0004971281855490944,0.0014883952129255864,-0.005888096463855191,0.0018840857031203252,0.009372032110396012
calendar_3day_seed20260922,10_100,alt1_closed_experts,489,339,0.018404907975460124,243.25635808748729,0.9075408171852157,0.9048945962707273,0.9099065463820236,0.0014930367867044632,0.9035105510107476,0.9115710833596838,-0.009652254506740565,-0.011686007102879365,-0.007617490192663739,0.0012536564117788215,-0.012925459742327752,-0.006379049271153379,0.008767140642969394
calendar_3day_seed20260922,10_100,alt2_open_beginners,4809,835,0.011852776044915784,324.50476377566054,0.9140467799435892,0.9129843694997234,0.9151615927130666,0.0006821427089244099,0.9122054209694367,0.9158881389177417,-0.00715519931459363,-0.008432679103124757,-0.005962485407509649,0.0007693704668043417,-0.009163969354286473,-0.005146429274900787,0.0073554102799006345
calendar_3day_seed20260922,10_100,alt2_open_experts,2312,750,0.010380622837370242,352.87457090044893,0.9285856260377751,0.927485418412106,0.9296788397747731,0.0006758908296211529,0.9267611432303099,0.9304101088452402,-0.006347621482636567,-0.007727761623128554,-0.004981687246415479,0.0008560988583776732,-0.00858283301196299,-0.004112409953310145,0.00701984616068946
calendar_3day_seed20260922,10_100,alt2_closed_beginners,8924,930,0.016584491259524877,261.55510742976503,0.9148743704228239,0.9135728656688019,0.9161126153854124,0.000772128259331773,0.9127901067036395,0.9169586341420084,0.005475451819894284,0.004143007903728496,0.006897808495596724,0.0008477676468526172,0.003261992474759944,0.007688911165028623,0.006790979170180782
calendar_3day_seed20260922,10_100,alt2_closed_experts,5066,908,0.015791551519936834,298.23548004741207,0.9311575558424937,0.9299597803811052,0.9323482022538842,0.0007398649089974678,0.9291603830045825,0.9331547286804049,0.008027368977335247,0.0069002435979828415,0.009186790344914408,0.0007112363713345324,0.006170382810695716,0.00988435514397478,0.005672573605683697
calendar_3day_seed20260922,10_100,alt3_open_beginners,4476,825,0.010723860589812333,311.9775763804541,0.9198270463435924,0.9185707939891907,0.9211066359677194,0.0007830981263634163,0.9177131708396015,0.9219409218475833,-0.006512164570534051,-0.00791803444054361,-0.005181514463752729,0.0008345342557749515,-0.008691072499065713,-0.004333256642002389,0.006864786520556834
calendar_3day_seed20260922,10_100,alt3_open_experts,2039,680,0.009318293281020108,365.4320998505757,0.9308965012643202,0.9296760508202073,0.9320943914277304,0.0007442703253146517,0.9288874365557427,0.9329055659728978,-0.009173977912035003,-0.010633078956227032,-0.007842295647459346,0.0008639699344949443,-0.011429740245644554,-0.006918215578425452,0.0061065484023103385
calendar_3day_seed20260922,10_100,alt3_closed_beginners,7442,823,0.011287288363343187,284.99646992229714,0.9210539435901107,0.9197801945794447,0.92233555393657,0.0007622991614088403,0.9189962122921213,0.9231116748881002,0.006517793331237476,0.005163858405659494,0.007932267382314345,0.0008438544421310506,0.004314551077534418,0.008721035584940534,0.006941056684548728
calendar_3day_seed20260922,10_100,alt3_closed_experts,4586,788,0.010466637592673354,309.11249595814104,0.937435767672433,0.9365333820915106,0.9383735103596451,0.0005715256395295903,0.9358930056498564,0.9389785296950095,0.009168349151330912,0.00794815843919366,0.010468971378324565,0.0007608030649964896,0.00718194797139052,0.011154750331271304,0.005338790098294185
calendar_3day_seed20260922,100_1000,alt0_open_beginners,613,298,0.01794453507340946,174.04770727188514,0.9368317664254505,0.9343691310409821,0.9390213267193679,0.0014050738459155487,0.9330387120485587,0.9406248208023423,0.01851081508300967,0.015387709675423217,0.02187307508971437,0.0020136274054635,0.013339698925265476,0.02368193124075386,0.0013898769385632742
calendar_3day_seed20260922,100_1000,alt0_open_experts,890,369,0.012359550561797753,206.81462140992167,0.9457518415312505,0.9438216447979446,0.9476148527860866,0.0011227975118356713,0.9427208036758299,0.948782879386671,0.018470963893048697,0.015325443419525742,0.02184980465807176,0.0019911879975822743,0.013357473482922946,0.02358445430317445,0.0011669596746034232
calendar_3day_seed20260922,100_1000,alt0_closed_beginners,90,76,0.03333333333333333,66.39344262295081,0.8587958309505933,0.8477343958356011,0.867979237211903,0.0063804729915950265,0.8415714828654295,0.8760201790357571,-0.017797554570089358,-0.025192281254238835,-0.011386291627088015,0.0042391548523114456,-0.02868395892299474,-0.006911150217183977,0.01016404813553937
calendar_3day_seed20260922,100_1000,alt0_closed_experts,65,58,0.03076923076923077,53.48101265822785,0.8663690874104754,0.8553912732439485,0.8760043734773766,0.00649303880016741,0.848840863316136,0.8838973115048148,-0.01918422440596823,-0.02638865669352855,-0.01260754480836135,0.004364989917429478,-0.03039378076637863,-0.007974668045557833,0.00962867851704552
calendar_3day_seed20260922,100_1000,alt1_open_beginners,932,487,0.008583690987124463,312.2300503235083,0.9243278851858217,0.9221047342089093,0.9263737047314855,0.001320040882905747,0.9207643807741946,0.9278913895974487,0.009489579993106512,0.0072143734927160915,0.01169959752886197,0.0013597893718730503,0.005997559188789437,0.012981600797423587,0.002250518338131648
calendar_3day_seed20260922,100_1000,alt1_open_experts,1015,527,0.014778325123152709,296.638353008926,0.9413475814410199,0.9390942485538742,0.9436138065286502,0.0013747314524113622,0.9376364375977425,0.9450587252842974,0.01754934995254387,0.015366696618567826,0.019544132790920134,0.0012958699387759641,0.014221478092756135,0.020877221812331603,0.0013622853389084807
calendar_3day_seed20260922,100_1000,alt1_closed_beginners,282,233,0.014184397163120567,199.80904522613065,0.8658062303521009,0.8609558866570651,0.8703896268131017,0.002817185297973513,0.8582011232923857,0.8734113374118161,-0.007304509018856042,-0.010521863823936495,-0.004175182317106081,0.0019818077624872755,-0.012393910421685021,-0.0022151076160270627,0.008452942771884988
calendar_3day_seed20260922,100_1000,alt1_closed_experts,489,339,0.018404907975460124,243.25635808748729,0.8623362447399245,0.8589586686021515,0.8654939581252749,0.001997861771531557,0.856942935086513,0.8677295543933361,-0.01973442092679334,-0.022518550752525984,-0.016893126398463083,0.0017131405850842032,-0.024133868876289793,-0.015334972977296885,0.0078602880820264
calendar_3day_seed20260922,100_1000,alt2_open_beginners,4809,835,0.011852776044915784,324.50476377566054,0.8944543352950575,0.8930352434867265,0.8958514216826344,0.0008454409464754326,0.8921720328440126,0.8967366377461023,-0.016215320658841126,-0.017828874072918277,-0.014660335553181665,0.0009866004415800425,-0.018748969868645046,-0.013681671449037206,0.006171735607746691
calendar_3day_seed20260922,100_1000,alt2_open_experts,2312,750,0.010380622837370242,352.87457090044893,0.9079516227863991,0.9063905136446481,0.9095786158504635,0.0009844606602662379,0.9052940309259033,0.9106092146468948,-0.011677959463260446,-0.013452386622735785,-0.01004289872670019,0.001035175319207029,-0.01433635187723204,-0.009019567049288852,0.004692364870899207
calendar_3day_seed20260922,100_1000,alt2_closed_beginners,8924,930,0.016584491259524877,261.55510742976503,0.882020291263117,0.8802781457513732,0.8836580894675697,0.0010297575743192435,0.8792404185284822,0.8848001639977517,0.013078201130976574,0.011505985395897445,0.014669899999968428,0.0009638374001190839,0.010603008779268043,0.015553393482685106,0.008492912493215286
calendar_3day_seed20260922,100_1000,alt2_closed_experts,5066,908,0.015791551519936834,298.23548004741207,0.8927170954190271,0.8910593163396467,0.8943346655370248,0.0010029570103865402,0.8900095719040605,0.8954246189339937,0.014815078991125774,0.013306703193881502,0.016386344658686963,0.0009685327729330088,0.012327828639928935,0.017302329342322613,0.007474138322828924
calendar_3day_seed20260922,100_1000,alt3_open_beginners,4476,825,0.010723860589812333,311.9775763804541,0.8949653177930474,0.8932585964710614,0.8965874550922368,0.001033821855472815,0.8921744733650292,0.8977561622210657,-0.016630569658751315,-0.01843963934007321,-0.014911063019925336,0.0011136193846527883,-0.01949041114577639,-0.01377072817172624,0.006476871384750614
calendar_3day_seed20260922,100_1000,alt3_open_experts,2039,680,0.009318293281020108,365.4320998505757,0.901058954606705,0.8993430729769873,0.9027412130867595,0.001026826878856594,0.8982869934044672,0.9038309158089429,-0.01949685914085464,-0.021250058159157724,-0.01781833986716639,0.0010771951933149998,-0.02226316111612667,-0.016730557165582607,0.005903500680598632
calendar_3day_seed20260922,100_1000,alt3_closed_beginners,7442,823,0.011287288363343187,284.99646992229714,0.886737679329487,0.8851097539911361,0.8884613728197644,0.0010227314805506646,0.8839767738226594,0.8894985848363146,0.01686935769944642,0.015280977824126834,0.01863640370031832,0.001044668816310917,0.014186585414534346,0.019552129984358492,0.008387329484404054
calendar_3day_seed20260922,100_1000,alt3_closed_experts,4586,788,0.010466637592673354,309.11249595814104,0.8980863190259617,0.8967461741437246,0.8993824221827914,0.0008292692240450906,0.8958476728017583,0.9003249652501651,0.0192580711001602,0.017666627147494646,0.02095335073865357,0.0010355094579458128,0.016598820597832062,0.02191732160248834,0.007185052049720344
calendar_3day_seed20260922,1000_10000,alt0_open_beginners,613,298,0.01794453507340946,174.04770727188514,0.9711806621855607,0.9685301377710819,0.9734561270730628,0.0014844741848409249,0.9670756283197397,0.9752856960513816,0.060399487197436486,0.05029727160864538,0.07309881478707662,0.00711366354369287,0.042073687072064256,0.07872528732280872,0.0023765787951984256
calendar_3day_seed20260922,1000_10000,alt0_open_experts,890,369,0.012359550561797753,206.81462140992167,0.9791049960226749,0.9771124002026642,0.9808853822967757,0.0011242520623709461,0.9759960886150015,0.9822139034303482,0.034936830823092735,0.02470269171334528,0.04720661495316278,0.006692295790754683,0.01769653343090345,0.05217712821528202,0.0018406396692364983
calendar_3day_seed20260922,1000_10000,alt0_closed_beginners,90,76,0.03333333333333333,66.39344262295081,0.6086931430414624,0.5578767972253438,0.6480240348680217,0.027556723939410416,0.5324902112845321,0.6848960747983927,-0.052857438429852466,-0.086480955614372,-0.02446514309833907,0.018881745166285328,-0.10149947580064571,-0.004215401059059223,0.08493126722928865
calendar_3day_seed20260922,1000_10000,alt0_closed_experts,65,58,0.03076923076923077,53.48101265822785,0.652458692092096,0.6110527880256369,0.6886462095923513,0.02363068098671206,0.5871124929372361,0.7178048912469558,-0.042478879590676866,-0.0700270628592758,-0.01569617519356254,0.017180299456427413,-0.0867377529544131,0.001779993773059367,0.06949414220285553
calendar_3day_seed20260922,1000_10000,alt1_open_beginners,932,487,0.008583690987124463,312.2300503235083,0.9485012365830385,0.9444332541398434,0.9520145530097377,0.0023211030481283938,0.9420826631137745,0.9549198100523025,0.06783842150494312,0.059991234046126475,0.07514733751904935,0.004568638406409046,0.05606896491387582,0.07960787809601043,0.002098215340434066
calendar_3day_seed20260922,1000_10000,alt1_open_experts,1015,527,0.014778325123152709,296.638353008926,0.9692174324503497,0.966197089975374,0.971953437359411,0.0017338965936730278,0.9644226678734082,0.9740121970272912,0.05516762716079637,0.04713231699949847,0.062201889058902914,0.004520178903649147,0.04352300908033591,0.06681224524125684,0.0016155067730341133
calendar_3day_seed20260922,1000_10000,alt1_closed_beginners,282,233,0.014184397163120567,199.80904522613065,0.5811191583318419,0.561441382759197,0.5999227761921037,0.011412576915263161,0.5495598255985068,0.612678491065177,-0.05031306322944418,-0.06370534880291134,-0.03679861134345997,0.008098932270758481,-0.07117705449234821,-0.02944907196654015,0.10253605668385998
calendar_3day_seed20260922,1000_10000,alt1_closed_experts,489,339,0.018404907975460124,243.25635808748729,0.5921262263364485,0.5779619511357488,0.605635060609488,0.008385079838583623,0.5689388667605819,0.6153135859123151,-0.07269298543629554,-0.08336315221824775,-0.06156799679315875,0.006494297505408759,-0.08942321133295664,-0.05596275953963445,0.0941505058273975
calendar_3day_seed20260922,1000_10000,alt2_open_beginners,4809,835,0.011852776044915784,324.50476377566054,0.8307208524047782,0.8257793862904735,0.8356823123328949,0.0030331921932371516,0.822333130474729,0.8391085743348274,-0.04054866762456344,-0.04674534028487497,-0.034553036455406666,0.0037626225897533882,-0.0502417138451942,-0.03085562140393268,0.014572926127509983
calendar_3day_seed20260922,1000_10000,alt2_open_experts,2312,750,0.010380622837370242,352.87457090044893,0.8783417264753185,0.8727955406378574,0.884045564395788,0.0034898579887663365,0.8686911812674026,0.8879922716832344,-0.02631478376548113,-0.033979835353096226,-0.01966432825462849,0.004308609650259442,-0.0374143696235881,-0.015215197907374165,0.009734716712428407
calendar_3day_seed20260922,1000_10000,alt2_closed_beginners,8924,930,0.016584491259524877,261.55510742976503,0.6426547017056949,0.6349629634946656,0.6497965517227882,0.004515788832065915,0.6301671379098227,0.6551422655015672,0.0206157751931626,0.014512026219160007,0.027445990906577747,0.0039723193004922155,0.010382520684025572,0.030849029702299628,0.0749238075770802
calendar_3day_seed20260922,1000_10000,alt2_closed_experts,5066,908,0.015791551519936834,298.23548004741207,0.7016735929208717,0.693903382694568,0.7085331162371452,0.00446264764892573,0.6893329810617108,0.7140142047800326,0.046247676196881415,0.039892989659088045,0.05261758986609136,0.00391386343482882,0.036165012238411176,0.056330340155351655,0.06016177846534091
calendar_3day_seed20260922,1000_10000,alt3_open_beginners,4476,825,0.010723860589812333,311.9775763804541,0.8286044448367922,0.8235101306097088,0.8332428846974214,0.0029465687619022697,0.8204562636968992,0.8367526259766852,-0.06979415283963863,-0.07636469572581511,-0.06356481748016067,0.0038536337113654106,-0.0797216565396826,-0.05986664913959466,0.016075942258717616
calendar_3day_seed20260922,1000_10000,alt3_open_experts,2039,680,0.009318293281020108,365.4320998505757,0.8501008254313028,0.8444903375989186,0.8554833760595597,0.0033409151688966647,0.8408621535492281,0.8593394973133776,-0.08168476245658596,-0.08949236588213166,-0.07491736816955864,0.004399742593583834,-0.09301911962401081,-0.0703504052891611,0.013644831197628925
calendar_3day_seed20260922,1000_10000,alt3_closed_beginners,7442,823,0.011287288363343187,284.99646992229714,0.7138276423875779,0.7085739486354146,0.7192250134093674,0.003264251082244183,0.7048009706030559,0.7228543141720999,0.0646596382279564,0.05861205888105821,0.07154648064593513,0.004060533353210907,0.054199131883187486,0.07512014457272531,0.05668065226885058
calendar_3day_seed20260922,1000_10000,alt3_closed_experts,4586,788,0.010466637592673354,309.11249595814104,0.7693742714393472,0.7638827179607681,0.774973903021518,0.00343954082392285,0.7598628688772407,0.7788856740014537,0.08681927706826775,0.08059571879927016,0.09342586332098181,0.0039051386763564416,0.0767590893175806,0.0968794648189549,0.04258065269813243
grid50_altitude_month_seed20260921,10_10000,alt0_open_beginners,613,142,0.06851549755301795,39.8186923810533,0.9459583990156021,0.9435842019647421,0.9485077755183801,0.0015594724063940023,0.9416198665738001,0.950296931457404,0.026719676839179307,0.021133742025019747,0.032862476616372045,0.003578951786336254,0.017156612037479715,0.0362827416408789,0.016256399250451636
grid50_altitude_month_seed20260921,10_10000,alt0_open_experts,890,174,0.05056179775280899,48.63089390962672,0.9556075315286942,0.9525559581079095,0.9585056774974325,0.0018123886610246715,0.9505653730584513,0.960649689998937,0.0209225277863766,0.015527373939996408,0.026293819499791486,0.0033241217456959496,0.012040376374280857,0.029804679198472343,0.014060861180075003
grid50_altitude_month_seed20260921,10_10000,alt0_closed_beginners,90,52,0.08888888888888889,30.681818181818183,0.813056130635646,0.7948466404433983,0.8273446884196759,0.010245487540189478,0.7845526573501053,0.8415596039211867,-0.023835337314365046,-0.03351868578470039,-0.01614272771220361,0.005380203656115242,-0.03821140027397294,-0.009459274354757151,0.11583707319488949
grid50_altitude_month_seed20260921,10_10000,alt0_closed_experts,65,44,0.07692307692307693,32.751937984496124,0.8285308822047142,0.8140310194375904,0.8418888267768847,0.00875183901959943,0.8041828159251965,0.8528789484842318,-0.023806867311191637,-0.03127438004965111,-0.01681693347954847,0.0046273884069617304,-0.0361713857065928,-0.011442348915790473,0.10011453934598893
grid50_altitude_month_seed20260921,10_10000,alt1_open_beginners,932,326,0.023605150214592276,138.00826183666985,0.9324707179739631,0.9291524788226704,0.9356806607276763,0.0019912551334121107,0.9269309437780288,0.9380104921698974,0.02120713097913518,0.017397170470279926,0.024641585752763536,0.0022174908789243,0.015281929903979235,0.027132332054291126,0.01039388534566836
grid50_altitude_month_seed20260921,10_10000,alt1_open_experts,1015,329,0.030541871921182268,134.16134913400182,0.9504856604746242,0.9471356083573249,0.9538330845382698,0.0020822474289373624,0.9446927410325979,0.9562785799166506,0.023775791913901556,0.019920425918485116,0.027381969054489173,0.0022847708455186566,0.017670816782315343,0.02988076704548777,0.01096227646936412
grid50_altitude_month_seed20260921,10_10000,alt1_closed_beginners,282,134,0.0673758865248227,59.08172362555721,0.8134211175859294,0.805857329055744,0.8199950557555291,0.004296685870294922,0.8014675165064392,0.8253747186654196,-0.015495215182486755,-0.019920709170262542,-0.010633598275912847,0.0028718755237259687,-0.023168951341956234,-0.007821479023017277,0.13106551877869255
grid50_altitude_month_seed20260921,10_10000,alt1_closed_experts,489,147,0.06952965235173825,43.88346485593687,0.8148749066237607,0.807646862340626,0.8219369813883833,0.004399297422683628,0.8026358349279796,0.8271139783195418,-0.029487707710550204,-0.03406020309988707,-0.024501933925515647,0.0029684464220123366,-0.03741948416041886,-0.021555931260681546,0.12529400962569112
grid50_altitude_month_seed20260921,10_10000,alt2_open_beginners,4809,408,0.06903722187564983,49.97996823098452,0.8838435670067135,0.8796803751183135,0.8886348777658898,0.0028356627486399314,0.8759546073954106,0.8917325266180164,-0.02055448641030022,-0.024090336290838982,-0.01644650482728526,0.002357457683852568,-0.026853682919182338,-0.014255289901418106,0.03315457078168271
grid50_altitude_month_seed20260921,10_10000,alt2_open_experts,2312,388,0.06487889273356401,68.37751682144959,0.9065124268925068,0.9029822018228645,0.9102313101895688,0.0022210110207017777,0.9003334600012646,0.912691393783749,-0.013331908090401745,-0.016833984809663406,-0.00925778062308532,0.002369000367889121,-0.019661946991698456,-0.007001869189105035,0.0203249382193753
grid50_altitude_month_seed20260921,10_10000,alt2_closed_beginners,8924,348,0.106006275212909,26.21086313295045,0.8352422749422735,0.8293572322199616,0.839634896538624,0.003075860850196373,0.8266850718585058,0.8437994780260413,0.013191475751671566,0.00967118970398454,0.01634010857691648,0.00208785451546005,0.007612666865758939,0.018770284637584192,0.1082167999726657
grid50_altitude_month_seed20260921,10_10000,alt2_closed_experts,5066,348,0.09415712593762338,32.428237850951454,0.8581919995055268,0.8513362161776891,0.8631792380695635,0.0036341642273489522,0.8480815677117077,0.8683024312993459,0.020694918749030067,0.016262705596701076,0.024263845465466897,0.002484522132336687,0.01405620228363863,0.027333635214421503,0.08896767526491278
grid50_altitude_month_seed20260921,10_10000,alt3_open_beginners,4476,292,0.05697050938337802,51.59959821773508,0.8848053371925885,0.8800304333354149,0.8897742697790841,0.003037459011869978,0.8763549699981387,0.8932557043870383,-0.027147665837336965,-0.03059050292774738,-0.023878281426195698,0.002068539346610116,-0.032674864022017774,-0.02162046765265616,0.035471960261473076
grid50_altitude_month_seed20260921,10_10000,alt3_open_experts,2039,258,0.06620892594409024,54.74239930477833,0.8958082174152655,0.8924683796057243,0.8993388948707091,0.0021426587371472035,0.8898472306067083,0.9017692042238227,-0.03159106718055471,-0.03488209671872536,-0.028674166535180727,0.001894976412614927,-0.03665450008309177,-0.026527634278017652,0.030561456818516814
grid50_altitude_month_seed20260921,10_10000,alt3_closed_beginners,7442,263,0.07686105885514646,33.53055951100907,0.8555201699780156,0.8510992007874213,0.8596595859170503,0.0026224576778455582,0.8482243578392845,0.8628159821167467,0.025914421174501934,0.022970969744104824,0.029377387124542936,0.0019630899279415156,0.02066898694872086,0.03115985540028301,0.0820295593772766
grid50_altitude_month_seed20260921,10_10000,alt3_closed_experts,4586,237,0.06607064980375055,38.467890680157886,0.8778763422127976,0.8736955088904111,0.881331866336557,0.0023683805958406483,0.8712873855839667,0.8844652988416286,0.03282431184338919,0.029751977864578227,0.03606442579396983,0.0019255330766929212,0.027679230632591242,0.03796939305418713,0.0642521639831775
grid50_altitude_month_seed20260921,10_100,alt0_open_beginners,613,142,0.06851549755301795,39.8186923810533,0.919974784660145,0.9166704629945778,0.9237265098240559,0.0021577447464563525,0.9140999745131743,0.9258495948071158,0.00718359333573515,0.0031907911817493743,0.011263029584508541,0.00240957809045557,0.0011751964834136536,0.013191990188056647,0.011178333659935336
grid50_altitude_month_seed20260921,10_100,alt0_open_experts,890,174,0.05056179775280899,48.63089390962672,0.9368735696435952,0.9333716714006637,0.9404730002393863,0.002133067836832993,0.9310659463866814,0.9426811929005091,0.010351110056956547,0.006367805827370642,0.013930819452813215,0.0022652784560030516,0.004702531163168916,0.01599968895074418,0.009000590843392883
grid50_altitude_month_seed20260921,10_100,alt0_closed_beginners,90,52,0.08888888888888889,30.681818181818183,0.8943274980380879,0.8826778467217986,0.906156089920177,0.007055764840754451,0.8751170335245354,0.9135379625516403,-0.0066606326310690855,-0.012653045264884338,-0.0007546684720723906,0.003644251831439574,-0.015747746810858367,0.0024264815487201954,0.010249329269303723
grid50_altitude_month_seed20260921,10_100,alt0_closed_experts,65,44,0.07692307692307693,32.751937984496124,0.9038453281697635,0.8951736889781037,0.9131114870400705,0.005500551594442866,0.8888691840387029,0.9188214723008241,-0.010874070761622279,-0.015526654937894907,-0.005994398868436397,0.002913055311232864,-0.018137911859771032,-0.0036102296634735274,0.010494812275970674
grid50_altitude_month_seed20260921,10_100,alt1_open_beginners,932,326,0.023605150214592276,138.00826183666985,0.9184180274946773,0.9163609932620972,0.920465654326225,0.0012660061509257503,0.9149711203506322,0.9218649346387223,0.0031531634096967354,0.0010402604953020699,0.005207858791671676,0.0012903643246365063,-6.442102020987267e-05,0.006370747839603343,0.010472659568008968
grid50_altitude_month_seed20260921,10_100,alt1_open_experts,1015,329,0.030541871921182268,134.16134913400182,0.9374972288246206,0.9345376123534056,0.9406742911829522,0.0018429379232311432,0.9324795313284656,0.9425149263207756,0.008501096477411263,0.006013229506985324,0.011000140622485909,0.0015269847244797385,0.0046934878971172595,0.012308705057705267,0.00839349204447812
grid50_altitude_month_seed20260921,10_100,alt1_closed_beginners,282,134,0.0673758865248227,59.08172362555721,0.9014597980493607,0.8971659915024521,0.9054880276946712,0.0026178298105471232,0.8943323316707253,0.9085872644279961,-0.002002005380366878,-0.004822497953172922,0.0007652247879073702,0.001702967935194079,-0.006248436414062904,0.002244425653329148,0.00937203211039622
grid50_altitude_month_seed20260921,10_100,alt1_closed_experts,489,147,0.06952965235173825,43.88346485593687,0.9075408171852157,0.9043639459689906,0.9109835353401575,0.002046819554136649,0.9019680188709535,0.913113615499478,-0.009652254506740676,-0.011946467864061306,-0.007217317201831282,0.0014456680331340897,-0.01325709607389753,-0.006047412939583823,0.008767140642969394
grid50_altitude_month_seed20260921,10_100,alt2_open_beginners,4809,408,0.06903722187564983,49.97996823098452,0.9140467799435892,0.9116183422782854,0.9162202966301882,0.0014335356242049643,0.9101437466283862,0.9179498132587922,-0.007155199314593519,-0.008873134821132616,-0.005200363213569377,0.0011509493660545119,-0.010025145956113608,-0.00428525267307343,0.007355410279900767
grid50_altitude_month_seed20260921,10_100,alt2_open_experts,2312,388,0.06487889273356401,68.37751682144959,0.9285856260377751,0.9267802511976582,0.9300505956631283,0.0009897448754515985,0.925890885037124,0.9312803670384261,-0.006347621482636456,-0.008145103243869606,-0.004492313404006121,0.00113535366759602,-0.009178679512951569,-0.0035165634523213448,0.00701984616068946
grid50_altitude_month_seed20260921,10_100,alt2_closed_beginners,8924,348,0.106006275212909,26.21086313295045,0.9148743704228243,0.9117315488139058,0.9171755378281888,0.0016822171356845068,0.9102942613462721,0.9194544794993764,0.005475451819894506,0.0036130798526002373,0.007156619627869776,0.0011002939615107146,0.002731816823728264,0.008219086816060747,0.0067909791701810775
grid50_altitude_month_seed20260921,10_100,alt2_closed_experts,5066,348,0.09415712593762338,32.428237850951454,0.9311575558424943,0.9280052019929624,0.9336276110404959,0.0017341032522469955,0.9264361783955434,0.9358789332894452,0.008027368977335692,0.0061788280289023,0.00965705029207925,0.00105221957156046,0.005403609744647932,0.010651128210023451,0.005672573605683735
grid50_altitude_month_seed20260921,10_100,alt3_open_beginners,4476,292,0.05697050938337802,51.59959821773508,0.9198270463435921,0.9169137638993365,0.9228893840455812,0.0018154474713450908,0.9148841960627764,0.9247698966244079,-0.006512164570534051,-0.00829408386407305,-0.0046524307868799795,0.0011273821752232978,-0.009323345307861528,-0.0037009838332065738,0.0068647865205569035
grid50_altitude_month_seed20260921,10_100,alt3_open_experts,2039,258,0.06620892594409024,54.74239930477833,0.9308965012643202,0.928880031285301,0.9328289975407071,0.001234456954167274,0.9275354919270246,0.9342575106016159,-0.00917397791203478,-0.011092907348588898,-0.007364456965597959,0.001098760424884142,-0.011913788962143198,-0.0064341668619263635,0.006106548402310337
grid50_altitude_month_seed20260921,10_100,alt3_closed_beginners,7442,263,0.07686105885514646,33.53055951100907,0.9210539435901113,0.9190920212418933,0.9233081788950201,0.0012794050023305008,0.9175705558992733,0.9245373312809493,0.006517793331238031,0.004764784525554633,0.008390410966369194,0.0011068199076802597,0.0037578855798625563,0.009277701082613506,0.0069410566845486635
grid50_altitude_month_seed20260921,10_100,alt3_closed_experts,4586,237,0.06607064980375055,38.467890680157886,0.937435767672433,0.9357546583938439,0.9390298342980757,0.000967603418851342,0.934801310379629,0.940070224965237,0.009168349151330912,0.007506224646259396,0.010781408664697028,0.0009986219019384166,0.006678238241029736,0.011658460061632089,0.005338790098294383
grid50_altitude_month_seed20260921,100_1000,alt0_open_beginners,613,142,0.06851549755301795,39.8186923810533,0.9368317664254505,0.9341683215548164,0.9397936734808441,0.0017172834254012767,0.9321324359416803,0.9415310969092208,0.01851081508300967,0.013986486904033391,0.023200693661686297,0.0028405820454274287,0.011075022823197066,0.02594660734282227,0.0013898769385632742
grid50_altitude_month_seed20260921,100_1000,alt0_open_experts,890,174,0.05056179775280899,48.63089390962672,0.9457518415312505,0.9426538730763081,0.9489139803112091,0.0019251595035736464,0.9404836600491229,0.9510200230133781,0.018470963893048586,0.014125758108125901,0.02266309821292087,0.002575276755659705,0.011729661349988853,0.02521226643610832,0.001166959674603652
grid50_altitude_month_seed20260921,100_1000,alt0_closed_beginners,90,52,0.08888888888888889,30.681818181818183,0.8587958309505933,0.8450688633087918,0.8719138032158613,0.00822391359603926,0.8362911661491323,0.8813004957520543,-0.01779755457008947,-0.02519716423706943,-0.010827061312238285,0.004378665681061229,-0.029259588709167807,-0.00633552043101113,0.01016404813553937
grid50_altitude_month_seed20260921,100_1000,alt0_closed_experts,65,44,0.07692307692307693,32.751937984496124,0.8663690874104754,0.8550873684688717,0.876494397992695,0.006512694918485269,0.8485471569654283,0.8841910178555225,-0.019184224405968453,-0.0248107258051156,-0.013407992758834126,0.0034520608545039566,-0.028220684881962256,-0.010147763929974648,0.00962867851704552
grid50_altitude_month_seed20260921,100_1000,alt1_open_beginners,932,326,0.023605150214592276,138.00826183666985,0.9243278851858208,0.9210646289502114,0.9276715604511542,0.0019804871752438476,0.9189083000330875,0.929747470338554,0.009489579993105957,0.006443028081055868,0.012474731135395893,0.001840958193083926,0.004670503316617198,0.014308656669594716,0.0022505183381314126
grid50_altitude_month_seed20260921,100_1000,alt1_open_experts,1015,329,0.030541871921182268,134.16134913400182,0.9413475814410199,0.9380205863000075,0.9445743921046992,0.002052577061949115,0.9357307229686037,0.9469644399134362,0.01754934995254409,0.014414704562568149,0.020356008208574704,0.0018833356673765283,0.012619341752059192,0.02247935815302899,0.0013622853389083462
grid50_altitude_month_seed20260921,100_1000,alt1_closed_beginners,282,134,0.0673758865248227,59.08172362555721,0.8658062303521007,0.8591367884735127,0.8714087456520215,0.0037318805552416126,0.8555939731348982,0.8760184875693032,-0.007304509018856042,-0.011160059035597174,-0.00358213941399122,0.0023539480835679657,-0.013466439447153741,-0.0011425785905583435,0.008452942771885116
grid50_altitude_month_seed20260921,100_1000,alt1_closed_experts,489,147,0.06952965235173825,43.88346485593687,0.8623362447399244,0.857209881221284,0.867258993113848,0.003104920400538127,0.8538396582870973,0.8708328311927516,-0.01973442092679334,-0.023071368314426282,-0.016349042037299706,0.0020754587468043047,-0.025167349755548792,-0.014301492098037886,0.007860288082026391
grid50_altitude_month_seed20260921,100_1000,alt2_open_beginners,4809,408,0.06903722187564983,49.97996823098452,0.8944543352950579,0.8915468091584201,0.8971626758151205,0.0017080231452449635,0.8897803454837608,0.899128325106355,-0.01621532065884057,-0.01848198639547543,-0.013431642203801494,0.0015382821767621774,-0.02024208225926276,-0.012188559058418385,0.006171735607746718
grid50_altitude_month_seed20260921,100_1000,alt2_open_experts,2312,388,0.06487889273356401,68.37751682144959,0.9079516227863988,0.9055950048527188,0.9102230462921187,0.0013656223220618491,0.9042146097153719,0.9116886358574258,-0.011677959463260668,-0.014103871600119578,-0.008948672582297307,0.0016421228284223695,-0.015976544760911274,-0.0073793741656100606,0.004692364870899226
grid50_altitude_month_seed20260921,100_1000,alt2_closed_beginners,8924,348,0.106006275212909,26.21086313295045,0.8820202912631165,0.8773053534179011,0.8850324878294655,0.0024319805919521195,0.8753651984795664,0.8886753840466667,0.01307820113097613,0.010418158696727565,0.015313487714315965,0.0014850187060974026,0.009190867329704273,0.016965534932247988,0.008492912493215304
grid50_altitude_month_seed20260921,100_1000,alt2_closed_experts,5066,348,0.09415712593762338,32.428237850951454,0.8927170954190273,0.8878214682062904,0.8963510562922996,0.002650615997464168,0.8854637088356554,0.8999704820023993,0.014815078991125885,0.012009895295394894,0.01708762384789016,0.0015725984649171917,0.010698487635474728,0.018931670346777042,0.00747413832282885
grid50_altitude_month_seed20260921,100_1000,alt3_open_beginners,4476,292,0.05697050938337802,51.59959821773508,0.8949653177930477,0.891083033106308,0.8991606238222468,0.002357526513544411,0.8885139679182842,0.9014166676678111,-0.016630569658750982,-0.019025702078952232,-0.014297267253692125,0.0014516712149902984,-0.020430609725044287,-0.012830529592457677,0.006476871384750505
grid50_altitude_month_seed20260921,100_1000,alt3_open_experts,2039,258,0.06620892594409024,54.74239930477833,0.9010589546067047,0.8983340227034411,0.9040232254388145,0.0017818638965919882,0.8961829002505475,0.9059350089628619,-0.019496859140854972,-0.021942458600877908,-0.017341198277989918,0.0014318811587769517,-0.023245094772543284,-0.01574862350916666,0.005903500680598796
grid50_altitude_month_seed20260921,100_1000,alt3_closed_beginners,7442,263,0.07686105885514646,33.53055951100907,0.8867376793294868,0.8837735756504348,0.8897094579621095,0.0017689004022942996,0.881897099457639,0.8915782592013345,0.016869357699446197,0.014680820398251188,0.01946544300159775,0.0014566984689825823,0.01305615778924551,0.020682557609646882,0.008387329484404026
grid50_altitude_month_seed20260921,100_1000,alt3_closed_experts,4586,237,0.06607064980375055,38.467890680157886,0.8980863190259617,0.8957237665488421,0.9003143594326073,0.0013898121936992045,0.8942831105910813,0.901889527460842,0.01925807110016009,0.017103971046218462,0.0214444198396061,0.0012968296654035064,0.015863359793079443,0.022652782407240737,0.007185052049720281
grid50_altitude_month_seed20260921,1000_10000,alt0_open_beginners,613,142,0.06851549755301795,39.8186923810533,0.9711806621855602,0.968479367320224,0.9736934734715134,0.0016047891779565277,0.966613341530538,0.9757479828405824,0.060399487197436263,0.047574596603140784,0.07526364572530166,0.00862995793210979,0.0372617308637039,0.08353724353116862,0.002376578795198522
grid50_altitude_month_seed20260921,1000_10000,alt0_open_experts,890,174,0.05056179775280899,48.63089390962672,0.9791049960226749,0.9759160784500462,0.9818628311758136,0.0018736274357650307,0.9737725464992535,0.9844374455460962,0.03493683082309296,0.022415355502530397,0.04904950598144514,0.008298989669441433,0.012686432582651671,0.05718722906353424,0.0018406396692365334
grid50_altitude_month_seed20260921,1000_10000,alt0_closed_beginners,90,52,0.08888888888888889,30.681818181818183,0.6086931430414624,0.5604792517514531,0.6438579836011874,0.025542885537270382,0.5359966478845115,0.6813896381984132,-0.05285743842985269,-0.07860868684338213,-0.0313636476040538,0.014498451916108317,-0.09172919774667222,-0.013985679113033153,0.08493126722928866
grid50_altitude_month_seed20260921,1000_10000,alt0_closed_experts,65,44,0.07692307692307693,32.751937984496124,0.652458692092096,0.609726204820395,0.6876292280115718,0.023653401911819156,0.5851397740701296,0.7197776101140623,-0.04247887959067709,-0.06515541465346547,-0.022340608839670855,0.01357495551884317,-0.07887465527199158,-0.006083103909362585,0.06949414220285553
grid50_altitude_month_seed20260921,1000_10000,alt1_open_beginners,932,326,0.023605150214592276,138.00826183666985,0.9485012365830388,0.9432663151625084,0.9536479735015879,0.0032455683767514073,0.9392641656406117,0.9577383075254658,0.06783842150494346,0.05825397329158608,0.07642861356226784,0.005592504887249703,0.05284437212552119,0.08283247088436572,0.0020982153404339532
grid50_altitude_month_seed20260921,1000_10000,alt1_open_experts,1015,329,0.030541871921182268,134.16134913400182,0.9692174324503494,0.9646423613241245,0.9736664154736112,0.0027851632063142337,0.9612907006312795,0.9771441642694193,0.05516762716079615,0.04507156163874037,0.06385636962358576,0.005577749333080892,0.04021313885682906,0.07012211546476324,0.001615506773034152
grid50_altitude_month_seed20260921,1000_10000,alt1_closed_beginners,282,134,0.0673758865248227,59.08172362555721,0.5811191583318419,0.5609843110154019,0.5996483307422406,0.01203089701873227,0.5468785457910276,0.6153597708726563,-0.05031306322944451,-0.06328679777496259,-0.03695765497181927,0.007965160364387614,-0.07166843264377121,-0.028957693815117806,0.10253605668386019
grid50_altitude_month_seed20260921,1000_10000,alt1_closed_experts,489,147,0.06952965235173825,43.88346485593687,0.5921262263364485,0.5727478986230112,0.611857269886867,0.011849857640740775,0.5584008620923144,0.6258515905805826,-0.07269298543629588,-0.08515086302120967,-0.059105543337106096,0.007936993141050055,-0.09397283578606755,-0.05141313508652421,0.09415050582739724
grid50_altitude_month_seed20260921,1000_10000,alt2_open_beginners,4809,408,0.06903722187564983,49.97996823098452,0.8307208524047782,0.8191301730431307,0.8448118138279922,0.007961196982651112,0.8080628360640498,0.8533788687455066,-0.04054866762456355,-0.050039487908005977,-0.029514050401155362,0.006398911999178626,-0.05770477288054775,-0.02339256236857935,0.014572926127510025
grid50_altitude_month_seed20260921,1000_10000,alt2_open_experts,2312,388,0.06487889273356401,68.37751682144959,0.8783417264753176,0.8678029721113616,0.8899757095047305,0.006700595704084641,0.8592714525847691,0.8974120003658661,-0.02631478376548213,-0.03556041052658243,-0.015275023452627958,0.0063774963531144984,-0.04341347159205829,-0.009216095938905967,0.009734716712428248
grid50_altitude_month_seed20260921,1000_10000,alt2_closed_beginners,8924,348,0.106006275212909,26.21086313295045,0.6426547017056949,0.6280668004045761,0.6536935541254211,0.007780271161615383,0.6205116104721358,0.6647977929392541,0.020615775193162045,0.011238865836038087,0.029414221029338154,0.005660961475518188,0.005438187044344225,0.03579336334197986,0.07492380757708023
grid50_altitude_month_seed20260921,1000_10000,alt2_closed_experts,5066,348,0.09415712593762338,32.428237850951454,0.7016735929208735,0.6835949144234493,0.7142268727555064,0.009309852736687812,0.6751772261185786,0.7281699597231684,0.04624767619688264,0.03379146782656391,0.05609850722218605,0.0070489352966269835,0.027348795276645292,0.06514655711711997,0.06016177846534115
grid50_altitude_month_seed20260921,1000_10000,alt3_open_beginners,4476,292,0.05697050938337802,51.59959821773508,0.8286044448367926,0.818077104389647,0.8391604085686847,0.006470483526385871,0.8101890832030143,0.847019806470571,-0.06979415283963808,-0.07875968397456874,-0.062043609773809384,0.005301099963670827,-0.08400691728473511,-0.05558138839454105,0.016075942258717762
grid50_altitude_month_seed20260921,1000_10000,alt3_open_experts,2039,258,0.06620892594409024,54.74239930477833,0.8501008254313028,0.8426407237532567,0.857802325744142,0.004689425279595947,0.8367544561798882,0.8634471946827175,-0.08168476245658585,-0.09042751524486475,-0.0737494973804369,0.004958259882523297,-0.09497833930871516,-0.06839118560445653,0.013644831197628807
grid50_altitude_month_seed20260921,1000_10000,alt3_closed_beginners,7442,263,0.07686105885514646,33.53055951100907,0.7138276423875779,0.702438932611328,0.7229359471949115,0.006361749092360734,0.6957217450954445,0.7319335396797113,0.06465963822795606,0.057115186197297246,0.0737639092091878,0.005026614780708847,0.051182795247431176,0.07813648120848095,0.05668065226885056
grid50_altitude_month_seed20260921,1000_10000,alt3_closed_experts,4586,237,0.06607064980375055,38.467890680157886,0.7693742714393472,0.757398866887811,0.7786222960092343,0.006647394252641221,0.7504554118849573,0.7882931309937371,0.08681927706826742,0.0790117668522407,0.09570196703755146,0.005273863984534539,0.07267953493147404,0.1009590192050608,0.04258065269813243
grid50_altitude_month_seed20260922,10_10000,alt0_open_beginners,613,142,0.06851549755301795,39.8186923810533,0.9459583990156021,0.9434477212781438,0.9483947389974725,0.001483630260076259,0.9418895855659858,0.9500272124652184,0.026719676839179307,0.021173998251640302,0.03284666042823858,0.003551645422357199,0.017414089079572023,0.03602526459878659,0.016256399250451636
grid50_altitude_month_seed20260922,10_10000,alt0_open_experts,890,174,0.05056179775280899,48.63089390962672,0.9556075315286942,0.9527716968719364,0.9583556389098733,0.001690734782106576,0.9509707398655101,0.9602443231918782,0.0209225277863766,0.015640535751183335,0.0266567848998067,0.0033729622879076883,0.01208510376246061,0.02975995181029259,0.014060861180075003
grid50_altitude_month_seed20260922,10_10000,alt0_closed_beginners,90,52,0.08888888888888889,30.681818181818183,0.813056130635646,0.7957630714799344,0.8285811732606341,0.010168306821962231,0.7851698407220806,0.8409424205492113,-0.023835337314365046,-0.03300417143328135,-0.015328335393827967,0.005328293811098353,-0.03779588229332871,-0.009874792335401384,0.11583707319488949
grid50_altitude_month_seed20260922,10_10000,alt0_closed_experts,65,44,0.07692307692307693,32.751937984496124,0.8285308822047142,0.8123889072667327,0.8429238583575018,0.009008324203909764,0.8038258113621392,0.8532359530472892,-0.023806867311191637,-0.032380197894310965,-0.016573270446894956,0.004793800896024251,-0.03636699920364586,-0.011246735418737417,0.10011453934598893
grid50_altitude_month_seed20260922,10_10000,alt1_open_beginners,932,326,0.023605150214592276,138.00826183666985,0.9324707179739631,0.9291969832764486,0.9356734867962838,0.0019151729484807184,0.9272184110745884,0.9377230248733378,0.02120713097913518,0.017679920162355305,0.024596678264257415,0.0021275597078019262,0.01563275875995815,0.026781503198312212,0.01039388534566836
grid50_altitude_month_seed20260922,10_10000,alt1_open_experts,1015,329,0.030541871921182268,134.16134913400182,0.9504856604746242,0.946780165267645,0.9538612817274784,0.0021257188037992506,0.9446559376038086,0.9563153833454399,0.023775791913901556,0.020281195171162697,0.02727311321251466,0.002168600328744345,0.018093890069868283,0.02945769375793483,0.01096227646936412
grid50_altitude_month_seed20260922,10_10000,alt1_closed_beginners,282,134,0.0673758865248227,59.08172362555721,0.8134211175859294,0.8060168251679457,0.8200209101308473,0.004333336913860521,0.8015370653450913,0.8253051698267675,-0.015495215182486755,-0.02061024141353025,-0.010936478824662955,0.0029296689401101983,-0.02317117609265479,-0.007819254272318719,0.13106551877869255
grid50_altitude_month_seed20260922,10_10000,alt1_closed_experts,489,147,0.06952965235173825,43.88346485593687,0.8148749066237607,0.8078655000009616,0.8217050695249047,0.004266827188628496,0.8031732553974048,0.8265765578501166,-0.029487707710550204,-0.03375380664206392,-0.02463472668210789,0.002788952167517867,-0.036794979711525955,-0.02218043570957445,0.12529400962569112
grid50_altitude_month_seed20260922,10_10000,alt2_open_beginners,4809,408,0.06903722187564983,49.97996823098452,0.8838435670067135,0.8793822042250865,0.888272428579752,0.002686913741211309,0.8764747831106251,0.8912123509028019,-0.02055448641030022,-0.02415456326214776,-0.01649471540953466,0.0023114083596188924,-0.026610556423181223,-0.01449841639741922,0.03315457078168271
grid50_altitude_month_seed20260922,10_10000,alt2_open_experts,2312,388,0.06487889273356401,68.37751682144959,0.9065124268925068,0.9029495883143471,0.9102182716733853,0.0022570021619125018,0.9003226631762217,0.9127021906087919,-0.013331908090401745,-0.016905622675199333,-0.009388226473543338,0.0023737349397647592,-0.019551278599906824,-0.007112537580896666,0.0203249382193753
grid50_altitude_month_seed20260922,10_10000,alt2_closed_beginners,8924,348,0.106006275212909,26.21086313295045,0.8352422749422735,0.8297902277807588,0.8392788489451368,0.0029070655596483536,0.827269730996314,0.8432148188882331,0.013191475751671566,0.009729534885922759,0.016505611392017682,0.0020627780910697033,0.007786836416277411,0.018596115087065723,0.1082167999726657
grid50_altitude_month_seed20260922,10_10000,alt2_closed_experts,5066,348,0.09415712593762338,32.428237850951454,0.8581919995055268,0.8514450710707302,0.8629459817171549,0.003493221371230434,0.8486119400525612,0.8677720589584924,0.020694918749030067,0.016425342443054457,0.024594938388723352,0.002502146051722844,0.014139101120082067,0.027250736377978067,0.08896767526491278
grid50_altitude_month_seed20260922,10_10000,alt3_open_beginners,4476,292,0.05697050938337802,51.59959821773508,0.8848053371925885,0.8797276652144804,0.8898494121233563,0.003110316478807553,0.8762753834284446,0.8933352909567324,-0.027147665837336965,-0.030529466961450778,-0.023925655987619067,0.0020045244015613546,-0.032399675966947095,-0.021895655707726835,0.035471960261473076
grid50_altitude_month_seed20260922,10_10000,alt3_open_experts,2039,258,0.06620892594409024,54.74239930477833,0.8958082174152655,0.8921730156227574,0.899878733957525,0.0023195522058943804,0.8894469119967948,0.9021695228337362,-0.03159106718055471,-0.03474755017670704,-0.02874123921086329,0.001831296743837738,-0.036389207348599684,-0.026792927012509737,0.030561456818516814
grid50_altitude_month_seed20260922,10_10000,alt3_closed_beginners,7442,263,0.07686105885514646,33.53055951100907,0.8555201699780156,0.8510273677522617,0.8593975589192355,0.0025827714585919116,0.8484369933060436,0.8626033466499876,0.025914421174501934,0.022818722458476347,0.029145521781306267,0.0018950711599466077,0.020949187066790845,0.030879655282213023,0.0820295593772766
grid50_altitude_month_seed20260922,10_10000,alt3_closed_experts,4586,237,0.06607064980375055,38.467890680157886,0.8778763422127976,0.8734908715612136,0.881463937888784,0.002397957314115048,0.8713000130330628,0.8844526713925325,0.03282431184338919,0.02991979390388272,0.035921915205460016,0.0018907419702816947,0.027870420549941377,0.037778203136836996,0.0642521639831775
grid50_altitude_month_seed20260922,10_100,alt0_open_beginners,613,142,0.06851549755301795,39.8186923810533,0.919974784660145,0.9167643548372412,0.9235998337309737,0.0020477926742787362,0.9145517369647771,0.925397832355513,0.00718359333573515,0.003121586518523611,0.01108038312139018,0.002393815409514303,0.0009001011981060597,0.01346708547336424,0.011178333659935336
grid50_altitude_month_seed20260922,10_100,alt0_open_experts,890,174,0.05056179775280899,48.63089390962672,0.9368735696435952,0.9337059007877409,0.9401733681677552,0.0019835366688751676,0.9316206873103727,0.9421264519768178,0.010351110056956547,0.006572243083705908,0.013855339803742978,0.002231840460101836,0.004492783668148753,0.016209436445764343,0.009000590843392883
grid50_altitude_month_seed20260922,10_100,alt0_closed_beginners,90,52,0.08888888888888889,30.681818181818183,0.8943274980380879,0.8835377743996494,0.9061589604065794,0.006987027360706808,0.8758241685253484,0.9128308275508273,-0.0066606326310690855,-0.01248396248161508,-0.000827835255559328,0.003590857447339905,-0.01608622344648001,0.00276495818434184,0.010249329269303723
grid50_altitude_month_seed20260922,10_100,alt0_closed_experts,65,44,0.07692307692307693,32.751937984496124,0.9038453281697635,0.8948789098257038,0.9133542188344707,0.005526268263810239,0.8892104402006499,0.9184802161388771,-0.010874070761622279,-0.015736915037203602,-0.006009833781274821,0.002899303213540413,-0.01848441067107263,-0.003263730852171926,0.010494812275970674
grid50_altitude_month_seed20260922,10_100,alt1_open_beginners,932,326,0.023605150214592276,138.00826183666985,0.9184180274946773,0.9163670771436809,0.9206121550112527,0.001285398557851903,0.9150139828497558,0.9218220721395988,0.0031531634096967354,0.0010807006226554946,0.005313424043310454,0.0012742226411688322,-0.00019152553981497148,0.006497852359208443,0.010472659568008968
grid50_altitude_month_seed20260922,10_100,alt1_open_experts,1015,329,0.030541871921182268,134.16134913400182,0.9374972288246206,0.9344375994436493,0.9404186775749587,0.0018465863659827399,0.9326070238433631,0.9423874338058781,0.008501096477411263,0.006066777921337796,0.01093809428805293,0.0015349594216696777,0.004472003248540273,0.012530189706282252,0.00839349204447812
grid50_altitude_month_seed20260922,10_100,alt1_closed_beginners,282,134,0.0673758865248227,59.08172362555721,0.9014597980493607,0.8967402371763731,0.905470436071363,0.002643467561636323,0.894459259934358,0.9084603361643634,-0.002002005380366878,-0.005104926704698437,0.0006089533809196952,0.0017324792696818015,-0.006549565658567161,0.002545554897833405,0.00937203211039622
grid50_altitude_month_seed20260922,10_100,alt1_closed_experts,489,147,0.06952965235173825,43.88346485593687,0.9075408171852157,0.904585346771355,0.9110251152125276,0.0020505667021547204,0.902110423196608,0.9129712111738235,-0.009652254506740676,-0.011769953946276335,-0.007207808128485982,0.0014286476377780226,-0.013402291440976119,-0.005902217572505234,0.008767140642969394
grid50_altitude_month_seed20260922,10_100,alt2_open_beginners,4809,408,0.06903722187564983,49.97996823098452,0.9140467799435892,0.9115564841999161,0.9161342842804665,0.0013761940917352963,0.9104022868797624,0.9176912730074159,-0.007155199314593519,-0.008906172205442792,-0.005334347183746992,0.0011001911619138692,-0.010043075500993974,-0.004267323128193064,0.007355410279900767
grid50_altitude_month_seed20260922,10_100,alt2_open_experts,2312,388,0.06487889273356401,68.37751682144959,0.9285856260377751,0.9268881049776119,0.930140928433908,0.0009785454147963294,0.9259942023437758,0.9311770497317743,-0.006347621482636456,-0.008100589445341732,-0.004404967863151855,0.001119082887555535,-0.009285086291895572,-0.003410156673377341,0.00701984616068946
grid50_altitude_month_seed20260922,10_100,alt2_closed_beginners,8924,348,0.106006275212909,26.21086313295045,0.9148743704228243,0.9118356918216378,0.9170959581785223,0.0015834308536386893,0.9106810645528225,0.919067676292826,0.005475451819894506,0.0035958631300493367,0.007165288795747209,0.0010996507286617887,0.00258899420907714,0.008361909430711871,0.0067909791701810775
grid50_altitude_month_seed20260922,10_100,alt2_closed_experts,5066,348,0.09415712593762338,32.428237850951454,0.9311575558424943,0.9280723075859142,0.9334643460300699,0.0016314874967175142,0.9268369844193097,0.9354781272656788,0.008027368977335692,0.006279871754350008,0.009556144213756685,0.0010091047299574058,0.005378584275085741,0.010676153679585642,0.005672573605683735
grid50_altitude_month_seed20260922,10_100,alt3_open_beginners,4476,292,0.05697050938337802,51.59959821773508,0.9198270463435921,0.9165852984331843,0.922964098684278,0.001856326404784432,0.9149110473961584,0.9247430452910259,-0.006512164570534051,-0.008379447915732674,-0.004627873128222937,0.0011277197633691555,-0.00947230019269414,-0.0035520289483739636,0.0068647865205569035
grid50_altitude_month_seed20260922,10_100,alt3_open_experts,2039,258,0.06620892594409024,54.74239930477833,0.9308965012643202,0.9287960091301252,0.9331233159814495,0.0013379290208951837,0.92735334331456,0.9344396592140805,-0.00917397791203478,-0.011106856512628438,-0.00746477111455307,0.0010843371388793085,-0.012020239098092472,-0.00632771672597709,0.006106548402310337
grid50_altitude_month_seed20260922,10_100,alt3_closed_beginners,7442,263,0.07686105885514646,33.53055951100907,0.9210539435901113,0.9190182667378463,0.9230342356082085,0.0012464599208275285,0.9177530178245705,0.924354869355652,0.006517793331238031,0.0047176806010901014,0.008357868512529181,0.001101535422521009,0.0036263886142239303,0.009409198048252132,0.0069410566845486635
grid50_altitude_month_seed20260922,10_100,alt3_closed_experts,4586,237,0.06607064980375055,38.467890680157886,0.937435767672433,0.9357997449198296,0.938987982167201,0.0009826107387323531,0.9348335780225442,0.9400379573223218,0.009168349151330912,0.007538578003239532,0.010800500417693848,0.0010006400811461875,0.006541783185764536,0.011794915116897288,0.005338790098294383
grid50_altitude_month_seed20260922,100_1000,alt0_open_beginners,613,142,0.06851549755301795,39.8186923810533,0.9368317664254505,0.93419430528395,0.9394878367891676,0.001617552845574669,0.9324201735255612,0.9412433593253399,0.01851081508300967,0.013821955619847564,0.0230509338811604,0.0028277198325832335,0.01098188991380973,0.026039740252209606,0.0013898769385632742
grid50_altitude_month_seed20260922,100_1000,alt0_open_experts,890,174,0.05056179775280899,48.63089390962672,0.9457518415312505,0.9429008590217692,0.9487712704316242,0.0017837841107579285,0.9408868818858923,0.9506168011766086,0.018470963893048586,0.01412133307521834,0.022557540827026917,0.00254835791287708,0.011685851800503497,0.025256075985593675,0.001166959674603652
grid50_altitude_month_seed20260922,100_1000,alt0_closed_beginners,90,52,0.08888888888888889,30.681818181818183,0.8587958309505933,0.8455141942930537,0.871992610551973,0.008297592841146213,0.8361655955525231,0.8814260663486635,-0.01779755457008947,-0.024952611536992637,-0.010645097491448987,0.004454019927747308,-0.029656573399228628,-0.005938535740950308,0.01016404813553937
grid50_altitude_month_seed20260922,100_1000,alt0_closed_experts,65,44,0.07692307692307693,32.751937984496124,0.8663690874104754,0.8556785695790864,0.8769268565011197,0.006534087750004973,0.848548504173249,0.8841896706477017,-0.019184224405968453,-0.024810007636774944,-0.01349188157002353,0.0034823741671977794,-0.02845619478078291,-0.009912254031153995,0.00962867851704552
grid50_altitude_month_seed20260922,100_1000,alt1_open_beginners,932,326,0.023605150214592276,138.00826183666985,0.9243278851858208,0.9210582573544213,0.9273787478773371,0.0019324476960449494,0.9190574715739238,0.9295982987977177,0.009489579993105957,0.0066382887341861095,0.012554175960043172,0.0017931700532346933,0.004715187922544671,0.014263972063667241,0.0022505183381314126
grid50_altitude_month_seed20260922,100_1000,alt1_open_experts,1015,329,0.030541871921182268,134.16134913400182,0.9413475814410199,0.9377739617716724,0.944670830230307,0.002094831884271802,0.9356342933142063,0.9470608695678335,0.01754934995254409,0.01456491984394807,0.02061718169023586,0.0018611605767105588,0.01259393020110507,0.022504769703983112,0.0013622853389083462
grid50_altitude_month_seed20260922,100_1000,alt1_closed_beginners,282,134,0.0673758865248227,59.08172362555721,0.8658062303521007,0.8590107342439395,0.871508848113078,0.003818580427339286,0.855391719106305,0.8762207415978964,-0.007304509018856042,-0.011533311266851337,-0.0037560572576368304,0.002414010456368983,-0.013731915254170654,-0.0008771027835414299,0.008452942771885116
grid50_altitude_month_seed20260922,100_1000,alt1_closed_experts,489,147,0.06952965235173825,43.88346485593687,0.8623362447399244,0.8572317393385678,0.8675519698430303,0.003076893461503154,0.8539445551666167,0.8707279343132321,-0.01973442092679334,-0.022923269542892043,-0.01617819668182205,0.002018543097546553,-0.025108878380857864,-0.014359963472728814,0.007860288082026391
grid50_altitude_month_seed20260922,100_1000,alt2_open_beginners,4809,408,0.06903722187564983,49.97996823098452,0.8944543352950579,0.8916937467537147,0.8970307400458034,0.001599564902394682,0.8900918013688112,0.8988168692213047,-0.01621532065884057,-0.01839234984156049,-0.013644699811645311,0.0014771780033204277,-0.020148370362151415,-0.012282270955529726,0.006171735607746718
grid50_altitude_month_seed20260922,100_1000,alt2_open_experts,2312,388,0.06487889273356401,68.37751682144959,0.9079516227863988,0.9057848155178162,0.9101307752237143,0.0013353681509064388,0.9043096393610077,0.91159360621179,-0.011677959463260668,-0.014113056095807475,-0.00884993931293362,0.0016717496752005376,-0.016129064576712062,-0.007226854349809274,0.004692364870899226
grid50_altitude_month_seed20260922,100_1000,alt2_closed_beginners,8924,348,0.106006275212909,26.21086313295045,0.8820202912631165,0.8774575627540069,0.8849866882955882,0.0022996453616479853,0.8757484101450036,0.8882921723812295,0.01307820113097613,0.010464336612418195,0.015397241137790773,0.001517808932678998,0.009036969837972128,0.017119432423980133,0.008492912493215304
grid50_altitude_month_seed20260922,100_1000,alt2_closed_experts,5066,348,0.09415712593762338,32.428237850951454,0.8927170954190273,0.8878296247195303,0.8962406621854322,0.002529929832546592,0.8858171536229894,0.8996170372150653,0.014815078991125885,0.012119496963048237,0.01725070802662617,0.0015393258927098585,0.010716557870440114,0.018913600111811656,0.00747413832282885
grid50_altitude_month_seed20260922,100_1000,alt3_open_beginners,4476,292,0.05697050938337802,51.59959821773508,0.8949653177930477,0.8909088254175633,0.8988490419426245,0.0024021597653693617,0.8884138465417092,0.9015167890443861,-0.016630569658750982,-0.019090444192459997,-0.014379735706886755,0.0014121276323038857,-0.020390419963037625,-0.01287071935446434,0.006476871384750505
grid50_altitude_month_seed20260922,100_1000,alt3_open_experts,2039,258,0.06620892594409024,54.74239930477833,0.9010589546067047,0.8981171655828174,0.9043413591973106,0.001915498248229788,0.8958347676537036,0.9062831415597058,-0.019496859140854972,-0.02186490179104212,-0.017300528771011375,0.0014115267396478794,-0.023255109542707975,-0.01573860873900197,0.005903500680598796
grid50_altitude_month_seed20260922,100_1000,alt3_closed_beginners,7442,263,0.07686105885514646,33.53055951100907,0.8867376793294868,0.8836167654797189,0.88932454609804,0.0017251578140564567,0.8820326126699947,0.8914427459889789,0.016869357699446197,0.014612325853361668,0.01933777363592822,0.0014511886408953665,0.013005505786750537,0.020733209612141857,0.008387329484404026
grid50_altitude_month_seed20260922,100_1000,alt3_closed_experts,4586,237,0.06607064980375055,38.467890680157886,0.8980863190259617,0.8956768472815215,0.9000985578661829,0.0013994631135334336,0.8942695277834303,0.9019031102684931,0.01925807110016009,0.01713857570138011,0.021347349561377675,0.0012794100303112046,0.015851587095647823,0.022664555104672357,0.007185052049720281
grid50_altitude_month_seed20260922,1000_10000,alt0_open_beginners,613,142,0.06851549755301795,39.8186923810533,0.9711806621855602,0.9686088885852381,0.973654762508054,0.00159415705703417,0.9668292710645228,0.9755320533065976,0.060399487197436263,0.04763209696027451,0.07582185939655137,0.008524130458938947,0.037829301089840846,0.08296967330503169,0.002376578795198522
grid50_altitude_month_seed20260922,1000_10000,alt0_open_experts,890,174,0.05056179775280899,48.63089390962672,0.9791049960226749,0.9758315149512408,0.9819141126650388,0.0018137677610918872,0.9741541582765355,0.9840558337688142,0.03493683082309296,0.021979846455440325,0.05066930117068684,0.00857854561344278,0.012222564311033864,0.05765109733515205,0.0018406396692365334
grid50_altitude_month_seed20260922,1000_10000,alt0_closed_beginners,90,52,0.08888888888888889,30.681818181818183,0.6086931430414624,0.5655239320461157,0.6460662521745488,0.024769768865787887,0.5410818924202332,0.6763043936626916,-0.05285743842985269,-0.07540816030487525,-0.03095738375265778,0.013845836663195032,-0.08951843415358297,-0.016196442706122402,0.08493126722928866
grid50_altitude_month_seed20260922,1000_10000,alt0_closed_experts,65,44,0.07692307692307693,32.751937984496124,0.652458692092096,0.6072748477864421,0.6871068547035251,0.024510720326323752,0.5855545371171634,0.7193628470670285,-0.04247887959067709,-0.0682419527636487,-0.022516472510620965,0.0139640616011613,-0.07945291121470374,-0.0055048479666504405,0.06949414220285553
grid50_altitude_month_seed20260922,1000_10000,alt1_open_beginners,932,326,0.023605150214592276,138.00826183666985,0.9485012365830388,0.942961376356353,0.9532911395622788,0.0030867658766701397,0.9400756391369173,0.9569268340291602,0.06783842150494346,0.05828746016537724,0.07605163221984956,0.005358704944299574,0.05364964665322818,0.08202719635665873,0.0020982153404339532
grid50_altitude_month_seed20260922,1000_10000,alt1_open_experts,1015,329,0.030541871921182268,134.16134913400182,0.9692174324503494,0.9639047260540425,0.9733009748924066,0.0028326087240348,0.9614855791823473,0.9769492857183515,0.05516762716079615,0.04668138931926261,0.06320273046606946,0.005117647827341849,0.04161712315893522,0.06871813116265708,0.001615506773034152
grid50_altitude_month_seed20260922,1000_10000,alt1_closed_beginners,282,134,0.0673758865248227,59.08172362555721,0.5811191583318419,0.5606469871343104,0.5990368947582441,0.011699616681031559,0.5491840312872732,0.6130542853764106,-0.05031306322944451,-0.06353776515697987,-0.037671029577454794,0.007917125584730247,-0.07127602229551325,-0.02935010416337577,0.10253605668386019
grid50_altitude_month_seed20260922,1000_10000,alt1_closed_experts,489,147,0.06952965235173825,43.88346485593687,0.5921262263364485,0.5729622498144051,0.610122153964787,0.011279648064286486,0.5613374403640818,0.6229150123088152,-0.07269298543629588,-0.08438330782757718,-0.06014480789726353,0.007342394999652964,-0.09213417329890791,-0.05325179757368384,0.09415050582739724
grid50_altitude_month_seed20260922,1000_10000,alt2_open_beginners,4809,408,0.06903722187564983,49.97996823098452,0.8307208524047782,0.8186316677804462,0.8431209094595904,0.007645834919847025,0.8098508772437129,0.8515908275658436,-0.04054866762456355,-0.051305636428772644,-0.029733378864065487,0.006381736988158098,-0.0574462259393131,-0.023651109309813997,0.014572926127510025
grid50_altitude_month_seed20260922,1000_10000,alt2_open_experts,2312,388,0.06487889273356401,68.37751682144959,0.8783417264753176,0.8669804149012706,0.8890679320213357,0.0068252954120904315,0.8597114856696333,0.8969719672810019,-0.02631478376548213,-0.036033673970726626,-0.015742536011641977,0.006365409143768864,-0.04316910922634987,-0.009460458304614398,0.009734716712428248
grid50_altitude_month_seed20260922,1000_10000,alt2_closed_beginners,8924,348,0.106006275212909,26.21086313295045,0.6426547017056949,0.6286247440142685,0.6530767603044547,0.0074963245467830585,0.6221928281849184,0.6631165752264715,0.020615775193162045,0.01156968172363622,0.02956825461219273,0.00554589115286183,0.005931368841626766,0.03530018154469732,0.07492380757708023
grid50_altitude_month_seed20260922,1000_10000,alt2_closed_experts,5066,348,0.09415712593762338,32.428237850951454,0.7016735929208735,0.6842632668196533,0.7137411043239639,0.009079068163371382,0.6768914822630395,0.7264557035787075,0.04624767619688264,0.033696264631037705,0.05776680293237553,0.007178063776614396,0.027241604420906722,0.06525374797285854,0.06016177846534115
grid50_altitude_month_seed20260922,1000_10000,alt3_open_beginners,4476,292,0.05697050938337802,51.59959821773508,0.8286044448367926,0.8177416937207824,0.8395032982769897,0.006655351600819494,0.8104380805282053,0.8467708091453799,-0.06979415283963808,-0.07869414179001918,-0.06153499742482748,0.0051968114387092425,-0.08355426619111164,-0.056034039488164517,0.016075942258717762
grid50_altitude_month_seed20260922,1000_10000,alt3_open_experts,2039,258,0.06620892594409024,54.74239930477833,0.8501008254313028,0.8421238895890346,0.8585499232347741,0.004928640719898145,0.8366476694999494,0.8635539813626563,-0.08168476245658585,-0.08980940346108275,-0.07428144413896094,0.0047453727518650705,-0.09424955679841703,-0.06911996811475467,0.013644831197628807
grid50_altitude_month_seed20260922,1000_10000,alt3_closed_beginners,7442,263,0.07686105885514646,33.53055951100907,0.7138276423875779,0.7022544985876616,0.7232253385584317,0.006440661947446524,0.6962472922658259,0.7314079925093299,0.06465963822795606,0.05644937701275701,0.07281210892812973,0.004789042107808749,0.051979216198867466,0.07734006025704465,0.05668065226885056
grid50_altitude_month_seed20260922,1000_10000,alt3_closed_experts,4586,237,0.06607064980375055,38.467890680157886,0.7693742714393472,0.757435433574914,0.7792357044253936,0.006742594654348274,0.7509697695853893,0.7877787732933051,0.08681927706826742,0.07923020325196262,0.09539213207078108,0.005156059733887859,0.07316706604964188,0.10047148808689296,0.04258065269813243
