Commit: 7193433e5402199159061f746aa7f965122b0b6d
.............                                                            [100%]
13 passed in 0.92s
Matplotlib is building the font cache; this may take a moment.
Redraw complete in 5.1s: /var/folders/j5/c4x_f8yj2677rf4jd7hkcf0m0000gn/T/ch3-review-clean-k00568by/redraw/figures
All 30 redraw products byte-identical to committed files.
Rc files read:
  NONE
Latexmk: This is Latexmk, John Collins, 27 Dec. 2024. Version 4.86a.
No existing .aux file, so I'll make a simple one, and require run of *latex.
Latexmk: applying rule 'pdflatex'...
Rule 'pdflatex':  Reasons for rerun
Category 'other':
  Rerun of 'pdflatex' forced or previously required:
    Reason or flag: 'Initial setup'

------------
Run number 1 of rule 'pdflatex'
------------
------------
Running 'pdflatex  -interaction=nonstopmode -halt-on-error -recorder  "main.tex"'
------------
This is pdfTeX, Version 3.141592653-2.6-1.40.27 (TeX Live 2025/Homebrew) (preloaded format=pdflatex)
 restricted \write18 enabled.
entering extended mode
(./main.tex
LaTeX2e <2024-11-01> patch level 2
L3 programming layer <2025-01-18>
(./preamble.tex
(/opt/homebrew/Cellar/texlive/20250308_1/share/texmf-dist/tex/latex/base/report
.cls
Document Class: report 2024/06/29 v1.4n Standard LaTeX document class

(/opt/homebrew/Cellar/texlive/20250308_1/share/texmf-dist/tex/latex/base/size11
.clo))
(/opt/homebrew/Cellar/texlive/20250308_1/share/texmf-dist/tex/latex/base/inpute
nc.sty)
(/opt/homebrew/Cellar/texlive/20250308_1/share/texmf-dist/tex/latex/base/fonten
c.sty)
(/opt/homebrew/Cellar/texlive/20250308_1/share/texmf-dist/tex/latex/lm/lmodern.
sty)
(/opt/homebrew/Cellar/texlive/20250308_1/share/texmf-dist/tex/generic/babel/bab
el.sty
(/opt/homebrew/Cellar/texlive/20250308_1/share/texmf-dist/tex/generic/babel/txt
babel.def)
(/opt/homebrew/Cellar/texlive/20250308_1/share/texmf-dist/tex/generic/babel-eng
lish/english.ldf))
(/opt/homebrew/Cellar/texlive/20250308_1/share/texmf-dist/tex/generic/babel/loc
ale/en/babel-english.tex)
(/opt/homebrew/Cellar/texlive/20250308_1/share/texmf-dist/tex/latex/amsmath/ams
math.sty
For additional information on amsmath, use the `?' option.

(/opt/homebrew/Cellar/texlive/20250308_1/share/texmf-dist/tex/latex/amsmath/ams
text.sty
(/opt/homebrew/Cellar/texlive/20250308_1/share/texmf-dist/tex/latex/amsmath/ams
gen.sty))
(/opt/homebrew/Cellar/texlive/20250308_1/share/texmf-dist/tex/latex/amsmath/ams
bsy.sty)
(/opt/homebrew/Cellar/texlive/20250308_1/share/texmf-dist/tex/latex/amsmath/ams
opn.sty))
(/opt/homebrew/Cellar/texlive/20250308_1/share/texmf-dist/tex/latex/amsfonts/am
ssymb.sty
(/opt/homebrew/Cellar/texlive/20250308_1/share/texmf-dist/tex/latex/amsfonts/am
sfonts.sty))
(/opt/homebrew/Cellar/texlive/20250308_1/share/texmf-dist/tex/latex/enumitem/en
umitem.sty)
(/opt/homebrew/Cellar/texlive/20250308_1/share/texmf-dist/tex/latex/geometry/ge
ometry.sty
(/opt/homebrew/Cellar/texlive/20250308_1/share/texmf-dist/tex/latex/graphics/ke
yval.sty)
(/opt/homebrew/Cellar/texlive/20250308_1/share/texmf-dist/tex/generic/iftex/ifv
tex.sty
(/opt/homebrew/Cellar/texlive/20250308_1/share/texmf-dist/tex/generic/iftex/ift
ex.sty)))
(/opt/homebrew/Cellar/texlive/20250308_1/share/texmf-dist/tex/latex/microtype/m
icrotype.sty
(/opt/homebrew/Cellar/texlive/20250308_1/share/texmf-dist/tex/latex/etoolbox/et
oolbox.sty)
(/opt/homebrew/Cellar/texlive/20250308_1/share/texmf-dist/tex/latex/microtype/m
icrotype-pdftex.def)
(/opt/homebrew/Cellar/texlive/20250308_1/share/texmf-dist/tex/latex/microtype/m
icrotype.cfg))
(/opt/homebrew/Cellar/texlive/20250308_1/share/texmf-dist/tex/latex/graphics/gr
aphicx.sty
(/opt/homebrew/Cellar/texlive/20250308_1/share/texmf-dist/tex/latex/graphics/gr
aphics.sty
(/opt/homebrew/Cellar/texlive/20250308_1/share/texmf-dist/tex/latex/graphics/tr
ig.sty)
(/opt/homebrew/Cellar/texlive/20250308_1/share/texmf-dist/tex/latex/graphics-cf
g/graphics.cfg)
(/opt/homebrew/Cellar/texlive/20250308_1/share/texmf-dist/tex/latex/graphics-de
f/pdftex.def)))
(/opt/homebrew/Cellar/texlive/20250308_1/share/texmf-dist/tex/latex/placeins/pl
aceins.sty)
(/opt/homebrew/Cellar/texlive/20250308_1/share/texmf-dist/tex/latex/float/float
.sty)
(/opt/homebrew/Cellar/texlive/20250308_1/share/texmf-dist/tex/latex/caption/cap
tion.sty
(/opt/homebrew/Cellar/texlive/20250308_1/share/texmf-dist/tex/latex/caption/cap
tion3.sty))
(/opt/homebrew/Cellar/texlive/20250308_1/share/texmf-dist/tex/latex/booktabs/bo
oktabs.sty)
(/opt/homebrew/Cellar/texlive/20250308_1/share/texmf-dist/tex/latex/tools/tabul
arx.sty
(/opt/homebrew/Cellar/texlive/20250308_1/share/texmf-dist/tex/latex/tools/array
.sty))
(/opt/homebrew/Cellar/texlive/20250308_1/share/texmf-dist/tex/latex/tools/longt
able.sty)
(/opt/homebrew/Cellar/texlive/20250308_1/share/texmf-dist/tex/latex/needspace/n
eedspace.sty)
(/opt/homebrew/Cellar/texlive/20250308_1/share/texmf-dist/tex/latex/multirow/mu
ltirow.sty)
(/opt/homebrew/Cellar/texlive/20250308_1/share/texmf-dist/tex/latex/siunitx/siu
nitx.sty
(/opt/homebrew/Cellar/texlive/20250308_1/share/texmf-dist/tex/latex/translation
s/translations.sty
(/opt/homebrew/Cellar/texlive/20250308_1/share/texmf-dist/tex/generic/pdftexcmd
s/pdftexcmds.sty
(/opt/homebrew/Cellar/texlive/20250308_1/share/texmf-dist/tex/generic/infwarerr
/infwarerr.sty)
(/opt/homebrew/Cellar/texlive/20250308_1/share/texmf-dist/tex/generic/ltxcmds/l
txcmds.sty))))
(/opt/homebrew/Cellar/texlive/20250308_1/share/texmf-dist/tex/latex/xcolor/xcol
or.sty
(/opt/homebrew/Cellar/texlive/20250308_1/share/texmf-dist/tex/latex/graphics-cf
g/color.cfg)
(/opt/homebrew/Cellar/texlive/20250308_1/share/texmf-dist/tex/latex/graphics/ma
thcolor.ltx))
(/opt/homebrew/Cellar/texlive/20250308_1/share/texmf-dist/tex/latex/csquotes/cs
quotes.sty
(/opt/homebrew/Cellar/texlive/20250308_1/share/texmf-dist/tex/latex/csquotes/cs
quotes.def)
(/opt/homebrew/Cellar/texlive/20250308_1/share/texmf-dist/tex/latex/csquotes/cs
quotes.cfg))
(/opt/homebrew/Cellar/texlive/20250308_1/share/texmf-dist/tex/latex/hyperref/xr
-hyper.sty)
(/opt/homebrew/Cellar/texlive/20250308_1/share/texmf-dist/tex/latex/hyperref/hy
perref.sty
(/opt/homebrew/Cellar/texlive/20250308_1/share/texmf-dist/tex/latex/kvsetkeys/k
vsetkeys.sty)
(/opt/homebrew/Cellar/texlive/20250308_1/share/texmf-dist/tex/generic/kvdefinek
eys/kvdefinekeys.sty)
(/opt/homebrew/Cellar/texlive/20250308_1/share/texmf-dist/tex/generic/pdfescape
/pdfescape.sty)
(/opt/homebrew/Cellar/texlive/20250308_1/share/texmf-dist/tex/latex/hycolor/hyc
olor.sty)
(/opt/homebrew/Cellar/texlive/20250308_1/share/texmf-dist/tex/latex/hyperref/na
meref.sty
(/opt/homebrew/Cellar/texlive/20250308_1/share/texmf-dist/tex/latex/refcount/re
fcount.sty)
(/opt/homebrew/Cellar/texlive/20250308_1/share/texmf-dist/tex/generic/gettitles
tring/gettitlestring.sty
(/opt/homebrew/Cellar/texlive/20250308_1/share/texmf-dist/tex/latex/kvoptions/k
voptions.sty)))
(/opt/homebrew/Cellar/texlive/20250308_1/share/texmf-dist/tex/generic/stringenc
/stringenc.sty)
(/opt/homebrew/Cellar/texlive/20250308_1/share/texmf-dist/tex/latex/hyperref/pd
1enc.def)
(/opt/homebrew/Cellar/texlive/20250308_1/share/texmf-dist/tex/generic/intcalc/i
ntcalc.sty)
(/opt/homebrew/Cellar/texlive/20250308_1/share/texmf-dist/tex/latex/hyperref/pu
enc.def)
(/opt/homebrew/Cellar/texlive/20250308_1/share/texmf-dist/tex/latex/url/url.sty
)
(/opt/homebrew/Cellar/texlive/20250308_1/share/texmf-dist/tex/generic/bitset/bi
tset.sty
(/opt/homebrew/Cellar/texlive/20250308_1/share/texmf-dist/tex/generic/bigintcal
c/bigintcalc.sty))
(/opt/homebrew/Cellar/texlive/20250308_1/share/texmf-dist/tex/latex/base/atbegs
hi-ltx.sty))
(/opt/homebrew/Cellar/texlive/20250308_1/share/texmf-dist/tex/latex/hyperref/hp
dftex.def
(/opt/homebrew/Cellar/texlive/20250308_1/share/texmf-dist/tex/latex/base/atvery
end-ltx.sty)
(/opt/homebrew/Cellar/texlive/20250308_1/share/texmf-dist/tex/latex/rerunfilech
eck/rerunfilecheck.sty
(/opt/homebrew/Cellar/texlive/20250308_1/share/texmf-dist/tex/generic/uniquecou
nter/uniquecounter.sty)))
(/opt/homebrew/Cellar/texlive/20250308_1/share/texmf-dist/tex/latex/pgf/fronten
dlayer/tikz.sty
(/opt/homebrew/Cellar/texlive/20250308_1/share/texmf-dist/tex/latex/pgf/basicla
yer/pgf.sty
(/opt/homebrew/Cellar/texlive/20250308_1/share/texmf-dist/tex/latex/pgf/utiliti
es/pgfrcs.sty
(/opt/homebrew/Cellar/texlive/20250308_1/share/texmf-dist/tex/generic/pgf/utili
ties/pgfutil-common.tex)
(/opt/homebrew/Cellar/texlive/20250308_1/share/texmf-dist/tex/generic/pgf/utili
ties/pgfutil-latex.def)
(/opt/homebrew/Cellar/texlive/20250308_1/share/texmf-dist/tex/generic/pgf/utili
ties/pgfrcs.code.tex
(/opt/homebrew/Cellar/texlive/20250308_1/share/texmf-dist/tex/generic/pgf/pgf.r
evision.tex)))
(/opt/homebrew/Cellar/texlive/20250308_1/share/texmf-dist/tex/latex/pgf/basicla
yer/pgfcore.sty
(/opt/homebrew/Cellar/texlive/20250308_1/share/texmf-dist/tex/latex/pgf/systeml
ayer/pgfsys.sty
(/opt/homebrew/Cellar/texlive/20250308_1/share/texmf-dist/tex/generic/pgf/syste
mlayer/pgfsys.code.tex
(/opt/homebrew/Cellar/texlive/20250308_1/share/texmf-dist/tex/generic/pgf/utili
ties/pgfkeys.code.tex
(/opt/homebrew/Cellar/texlive/20250308_1/share/texmf-dist/tex/generic/pgf/utili
ties/pgfkeyslibraryfiltered.code.tex))
(/opt/homebrew/Cellar/texlive/20250308_1/share/texmf-dist/tex/generic/pgf/syste
mlayer/pgf.cfg)
(/opt/homebrew/Cellar/texlive/20250308_1/share/texmf-dist/tex/generic/pgf/syste
mlayer/pgfsys-pdftex.def
(/opt/homebrew/Cellar/texlive/20250308_1/share/texmf-dist/tex/generic/pgf/syste
mlayer/pgfsys-common-pdf.def)))
(/opt/homebrew/Cellar/texlive/20250308_1/share/texmf-dist/tex/generic/pgf/syste
mlayer/pgfsyssoftpath.code.tex)
(/opt/homebrew/Cellar/texlive/20250308_1/share/texmf-dist/tex/generic/pgf/syste
mlayer/pgfsysprotocol.code.tex))
(/opt/homebrew/Cellar/texlive/20250308_1/share/texmf-dist/tex/generic/pgf/basic
layer/pgfcore.code.tex
(/opt/homebrew/Cellar/texlive/20250308_1/share/texmf-dist/tex/generic/pgf/math/
pgfmath.code.tex
(/opt/homebrew/Cellar/texlive/20250308_1/share/texmf-dist/tex/generic/pgf/math/
pgfmathutil.code.tex)
(/opt/homebrew/Cellar/texlive/20250308_1/share/texmf-dist/tex/generic/pgf/math/
pgfmathparser.code.tex)
(/opt/homebrew/Cellar/texlive/20250308_1/share/texmf-dist/tex/generic/pgf/math/
pgfmathfunctions.code.tex)
(/opt/homebrew/Cellar/texlive/20250308_1/share/texmf-dist/tex/generic/pgf/math/
pgfmathfunctions.basic.code.tex)
(/opt/homebrew/Cellar/texlive/20250308_1/share/texmf-dist/tex/generic/pgf/math/
pgfmathfunctions.trigonometric.code.tex)
(/opt/homebrew/Cellar/texlive/20250308_1/share/texmf-dist/tex/generic/pgf/math/
pgfmathfunctions.random.code.tex)
(/opt/homebrew/Cellar/texlive/20250308_1/share/texmf-dist/tex/generic/pgf/math/
pgfmathfunctions.comparison.code.tex)
(/opt/homebrew/Cellar/texlive/20250308_1/share/texmf-dist/tex/generic/pgf/math/
pgfmathfunctions.base.code.tex)
(/opt/homebrew/Cellar/texlive/20250308_1/share/texmf-dist/tex/generic/pgf/math/
pgfmathfunctions.round.code.tex)
(/opt/homebrew/Cellar/texlive/20250308_1/share/texmf-dist/tex/generic/pgf/math/
pgfmathfunctions.misc.code.tex)
(/opt/homebrew/Cellar/texlive/20250308_1/share/texmf-dist/tex/generic/pgf/math/
pgfmathfunctions.integerarithmetics.code.tex)
(/opt/homebrew/Cellar/texlive/20250308_1/share/texmf-dist/tex/generic/pgf/math/
pgfmathcalc.code.tex)
(/opt/homebrew/Cellar/texlive/20250308_1/share/texmf-dist/tex/generic/pgf/math/
pgfmathfloat.code.tex))
(/opt/homebrew/Cellar/texlive/20250308_1/share/texmf-dist/tex/generic/pgf/math/
pgfint.code.tex)
(/opt/homebrew/Cellar/texlive/20250308_1/share/texmf-dist/tex/generic/pgf/basic
layer/pgfcorepoints.code.tex)
(/opt/homebrew/Cellar/texlive/20250308_1/share/texmf-dist/tex/generic/pgf/basic
layer/pgfcorepathconstruct.code.tex)
(/opt/homebrew/Cellar/texlive/20250308_1/share/texmf-dist/tex/generic/pgf/basic
layer/pgfcorepathusage.code.tex)
(/opt/homebrew/Cellar/texlive/20250308_1/share/texmf-dist/tex/generic/pgf/basic
layer/pgfcorescopes.code.tex)
(/opt/homebrew/Cellar/texlive/20250308_1/share/texmf-dist/tex/generic/pgf/basic
layer/pgfcoregraphicstate.code.tex)
(/opt/homebrew/Cellar/texlive/20250308_1/share/texmf-dist/tex/generic/pgf/basic
layer/pgfcoretransformations.code.tex)
(/opt/homebrew/Cellar/texlive/20250308_1/share/texmf-dist/tex/generic/pgf/basic
layer/pgfcorequick.code.tex)
(/opt/homebrew/Cellar/texlive/20250308_1/share/texmf-dist/tex/generic/pgf/basic
layer/pgfcoreobjects.code.tex)
(/opt/homebrew/Cellar/texlive/20250308_1/share/texmf-dist/tex/generic/pgf/basic
layer/pgfcorepathprocessing.code.tex)
(/opt/homebrew/Cellar/texlive/20250308_1/share/texmf-dist/tex/generic/pgf/basic
layer/pgfcorearrows.code.tex)
(/opt/homebrew/Cellar/texlive/20250308_1/share/texmf-dist/tex/generic/pgf/basic
layer/pgfcoreshade.code.tex)
(/opt/homebrew/Cellar/texlive/20250308_1/share/texmf-dist/tex/generic/pgf/basic
layer/pgfcoreimage.code.tex)
(/opt/homebrew/Cellar/texlive/20250308_1/share/texmf-dist/tex/generic/pgf/basic
layer/pgfcoreexternal.code.tex)
(/opt/homebrew/Cellar/texlive/20250308_1/share/texmf-dist/tex/generic/pgf/basic
layer/pgfcorelayers.code.tex)
(/opt/homebrew/Cellar/texlive/20250308_1/share/texmf-dist/tex/generic/pgf/basic
layer/pgfcoretransparency.code.tex)
(/opt/homebrew/Cellar/texlive/20250308_1/share/texmf-dist/tex/generic/pgf/basic
layer/pgfcorepatterns.code.tex)
(/opt/homebrew/Cellar/texlive/20250308_1/share/texmf-dist/tex/generic/pgf/basic
layer/pgfcorerdf.code.tex)))
(/opt/homebrew/Cellar/texlive/20250308_1/share/texmf-dist/tex/generic/pgf/modul
es/pgfmoduleshapes.code.tex)
(/opt/homebrew/Cellar/texlive/20250308_1/share/texmf-dist/tex/generic/pgf/modul
es/pgfmoduleplot.code.tex)
(/opt/homebrew/Cellar/texlive/20250308_1/share/texmf-dist/tex/latex/pgf/compati
bility/pgfcomp-version-0-65.sty)
(/opt/homebrew/Cellar/texlive/20250308_1/share/texmf-dist/tex/latex/pgf/compati
bility/pgfcomp-version-1-18.sty))
(/opt/homebrew/Cellar/texlive/20250308_1/share/texmf-dist/tex/latex/pgf/utiliti
es/pgffor.sty
(/opt/homebrew/Cellar/texlive/20250308_1/share/texmf-dist/tex/latex/pgf/utiliti
es/pgfkeys.sty
(/opt/homebrew/Cellar/texlive/20250308_1/share/texmf-dist/tex/generic/pgf/utili
ties/pgfkeys.code.tex))
(/opt/homebrew/Cellar/texlive/20250308_1/share/texmf-dist/tex/latex/pgf/math/pg
fmath.sty
(/opt/homebrew/Cellar/texlive/20250308_1/share/texmf-dist/tex/generic/pgf/math/
pgfmath.code.tex))
(/opt/homebrew/Cellar/texlive/20250308_1/share/texmf-dist/tex/generic/pgf/utili
ties/pgffor.code.tex))
(/opt/homebrew/Cellar/texlive/20250308_1/share/texmf-dist/tex/generic/pgf/front
endlayer/tikz/tikz.code.tex
(/opt/homebrew/Cellar/texlive/20250308_1/share/texmf-dist/tex/generic/pgf/libra
ries/pgflibraryplothandlers.code.tex)
(/opt/homebrew/Cellar/texlive/20250308_1/share/texmf-dist/tex/generic/pgf/modul
es/pgfmodulematrix.code.tex)
(/opt/homebrew/Cellar/texlive/20250308_1/share/texmf-dist/tex/generic/pgf/front
endlayer/tikz/libraries/tikzlibrarytopaths.code.tex)))
(/opt/homebrew/Cellar/texlive/20250308_1/share/texmf-dist/tex/generic/pgf/libra
ries/pgflibraryarrows.meta.code.tex)
(/opt/homebrew/Cellar/texlive/20250308_1/share/texmf-dist/tex/generic/pgf/front
endlayer/tikz/libraries/tikzlibrarycalc.code.tex)
(/opt/homebrew/Cellar/texlive/20250308_1/share/texmf-dist/tex/generic/pgf/front
endlayer/tikz/libraries/tikzlibraryangles.code.tex)
(/opt/homebrew/Cellar/texlive/20250308_1/share/texmf-dist/tex/generic/pgf/front
endlayer/tikz/libraries/tikzlibraryquotes.code.tex)
(/opt/homebrew/Cellar/texlive/20250308_1/share/texmf-dist/tex/generic/pgf/front
endlayer/tikz/libraries/tikzlibrarypositioning.code.tex)
(/opt/homebrew/Cellar/texlive/20250308_1/share/texmf-dist/tex/generic/pgf/front
endlayer/tikz/libraries/tikzlibrarydecorations.pathreplacing.code.tex
(/opt/homebrew/Cellar/texlive/20250308_1/share/texmf-dist/tex/generic/pgf/front
endlayer/tikz/libraries/tikzlibrarydecorations.code.tex
(/opt/homebrew/Cellar/texlive/20250308_1/share/texmf-dist/tex/generic/pgf/modul
es/pgfmoduledecorations.code.tex))
(/opt/homebrew/Cellar/texlive/20250308_1/share/texmf-dist/tex/generic/pgf/libra
ries/decorations/pgflibrarydecorations.pathreplacing.code.tex))
(/opt/homebrew/Cellar/texlive/20250308_1/share/texmf-dist/tex/latex/titlesec/ti
tletoc.sty)
(/opt/homebrew/Cellar/texlive/20250308_1/share/texmf-dist/tex/latex/fancyhdr/fa
ncyhdr.sty)
(/opt/homebrew/Cellar/texlive/20250308_1/share/texmf-dist/tex/latex/dejavu/Deja
VuSans.sty)
(/opt/homebrew/Cellar/texlive/20250308_1/share/texmf-dist/tex/latex/sansmath/sa
nsmath.sty)
(/opt/homebrew/Cellar/texlive/20250308_1/share/texmf-dist/tex/latex/cite/cite.s
ty) (./generated/stats.tex) (./generated/census.tex) (./generated/msd.tex)
(./generated/altitude_noise.tex) (./generated/pipeline_census.tex)
(./generated/trim.tex) (./generated/verify.tex) (./generated/audit.tex)
(./generated/prelim.tex) (./generated/terrain.tex)
(./generated/dataset_stats.tex) (./generated/kinematic_isotropy.tex)
(./generated/ch3_revision.tex) (./generated/ch3_terrain_axes_values.tex)
(./generated/ch3_channel_wind_values.tex)
(./generated/ch3_regional_variations_values.tex)
(./generated/ch3_grouped_tamsd_values.tex) (./generated/ch3_msd_weights.tex)
(./generated/ch3_altitude_hurst_values.tex)
(./generated/ch3_self_similarity_values.tex)
(./generated/duration_equipment.tex) (./generated/snapshot_status.tex)
(./generated/segmentation.tex) (./generated/ch5_vilpellet_values.tex))
(/opt/homebrew/Cellar/texlive/20250308_1/share/texmf-dist/tex/latex/lm/t1lmr.fd
)
(/opt/homebrew/Cellar/texlive/20250308_1/share/texmf-dist/tex/latex/l3backend/l
3backend-pdftex.def) (./main.aux)
*geometry* driver: auto-detecting
*geometry* detected driver: pdftex

(/opt/homebrew/Cellar/texlive/20250308_1/share/texmf-dist/tex/latex/microtype/m
t-cmr.cfg)
(/opt/homebrew/Cellar/texlive/20250308_1/share/texmf-dist/tex/context/base/mkii
/supp-pdf.mkii
[Loading MPS to PDF converter (version 2006.09.02).]
)
(/opt/homebrew/Cellar/texlive/20250308_1/share/texmf-dist/tex/latex/epstopdf-pk
g/epstopdf-base.sty
(/opt/homebrew/Cellar/texlive/20250308_1/share/texmf-dist/tex/latex/latexconfig
/epstopdf-sys.cfg))
(/opt/homebrew/Cellar/texlive/20250308_1/share/texmf-dist/tex/latex/caption/ltc
aption.sty)
(/opt/homebrew/Cellar/texlive/20250308_1/share/texmf-dist/tex/latex/translation
s/translations-basic-dictionary-english.trsl)
(/opt/homebrew/Cellar/texlive/20250308_1/share/texmf-dist/tex/latex/lm/t1lmtt.f
d)
(/opt/homebrew/Cellar/texlive/20250308_1/share/texmf-dist/tex/latex/lm/ot1lmr.f
d)
(/opt/homebrew/Cellar/texlive/20250308_1/share/texmf-dist/tex/latex/lm/omllmm.f
d)
(/opt/homebrew/Cellar/texlive/20250308_1/share/texmf-dist/tex/latex/lm/omslmsy.
fd)
(/opt/homebrew/Cellar/texlive/20250308_1/share/texmf-dist/tex/latex/lm/omxlmex.
fd)
(/opt/homebrew/Cellar/texlive/20250308_1/share/texmf-dist/tex/latex/amsfonts/um
sa.fd)
(/opt/homebrew/Cellar/texlive/20250308_1/share/texmf-dist/tex/latex/microtype/m
t-msa.cfg)
(/opt/homebrew/Cellar/texlive/20250308_1/share/texmf-dist/tex/latex/amsfonts/um
sb.fd)
(/opt/homebrew/Cellar/texlive/20250308_1/share/texmf-dist/tex/latex/microtype/m
t-msb.cfg)
[1{/opt/homebrew/Cellar/texlive/20250308_1/share/texmf-dist/fonts/map/pdftex/up
dmap/pdftex.map}{/opt/homebrew/Cellar/texlive/20250308_1/share/texmf-dist/fonts
/enc/dvips/lm/lm-ec.enc}]
[1]
No file main.toc.

[2] (./sections/01-introduction.tex
Chapter 1.

LaTeX Warning: Citation `reddy2016' on page 1 undefined on input line 41.


LaTeX Warning: Citation `vilpellet2026' on page 1 undefined on input line 44.


Underfull \vbox (badness 10000) has occurred while \output is active
[1{/opt/homebrew/Cellar/texlive/20250308_1/share/texmf-dist/fonts/enc/dvips/lm/
lm-rm.enc}{/opt/homebrew/Cellar/texlive/20250308_1/share/texmf-dist/fonts/enc/d
vips/lm/lm-mathit.enc}{/opt/homebrew/Cellar/texlive/20250308_1/share/texmf-dist
/fonts/enc/dvips/lm/lm-mathsy.enc}{/opt/homebrew/Cellar/texlive/20250308_1/shar
e/texmf-dist/fonts/enc/dvips/lm/lm-mathex.enc}]

LaTeX Warning: Citation `metzler2000' on page 2 undefined on input line 61.


LaTeX Warning: Citation `zaburdaev2015' on page 2 undefined on input line 79.


[2]

LaTeX Warning: Citation `tejedor2010' on page 3 undefined on input line 128.


LaTeX Warning: Citation `schulz2013' on page 3 undefined on input line 128.


LaTeX Warning: Reference `fig:thesis-structure' on page 3 undefined on input li
ne 153.


(/opt/homebrew/Cellar/texlive/20250308_1/share/texmf-dist/tex/latex/dejavu/T1De
jaVuSans-TLF.fd)
Underfull \vbox (badness 10000) has occurred while \output is active
[3]

LaTeX Warning: Reference `ch:dataset' on page 4 undefined on input line 206.


LaTeX Warning: Reference `ch:fixed-transport' on page 4 undefined on input line
 209.

) (./sections/03-dataset.tex
[4{/opt/homebrew/Cellar/texlive/20250308_1/share/texmf-dist/fonts/enc/dvips/dej
avu/dejavusans_t1-type1.enc}]
Chapter 2.

(/opt/homebrew/Cellar/texlive/20250308_1/share/texmf-dist/tex/latex/lm/ts1lmr.f
d)

LaTeX Warning: Reference `sec:catalog' on page 5 undefined on input line 31.


LaTeX Warning: Reference `sec:catalog' on page 5 undefined on input line 34.


LaTeX Warning: Reference `sec:igcformat' on page 5 undefined on input line 40.


LaTeX Warning: Reference `sec:coverage' on page 5 undefined on input line 45.


[5{/opt/homebrew/Cellar/texlive/20250308_1/share/texmf-dist/fonts/enc/dvips/lm/
lm-ts1.enc}]

LaTeX Warning: Citation `fai_igc_spec' on page 6 undefined on input line 62.


LaTeX Warning: Reference `sec:fixlevel' on page 6 undefined on input line 81.


LaTeX Warning: Reference `tab:catalogfields' on page 6 undefined on input line
96.


LaTeX Warning: Reference `sec:glider' on page 6 undefined on input line 117.


[6]

LaTeX Warning: Citation `vilpellet2026' on page 7 undefined on input line 140.


LaTeX Warning: Reference `tab:aileclass' on page 7 undefined on input line 147.



LaTeX Warning: Citation `fpren926_2_2012' on page 7 undefined on input line 152
.


LaTeX Warning: Citation `fai_sc7_2024' on page 7 undefined on input line 155.


LaTeX Warning: Citation `fai_sc7_2024' on page 7 undefined on input line 174.


LaTeX Warning: Citation `fpren926_2_2012' on page 7 undefined on input line 174
.


LaTeX Warning: Reference `sec:acquisition' on page 7 undefined on input line 20
6.


LaTeX Warning: Reference `tab:seasons-para' on page 7 undefined on input line 2
14.


LaTeX Warning: Reference `tab:seasons-hang' on page 7 undefined on input line 2
18.

(./generated/seasons_table_para.tex

Package longtable Warning: Column widths have changed
(longtable)                in table 2.3 on input line 45.

[7]) (./generated/seasons_table_hang.tex

Package longtable Warning: Column widths have changed
(longtable)                in table 2.4 on input line 43.

[8])

LaTeX Warning: Reference `tab:seasons-para' on page 9 undefined on input line 2
39.


LaTeX Warning: Reference `tab:seasons-hang' on page 9 undefined on input line 2
40.


LaTeX Warning: Reference `sec:altchannel' on page 9 undefined on input line 251
.


LaTeX Warning: Reference `sec:glider' on page 9 undefined on input line 253.


LaTeX Warning: Reference `sec:altchannel' on page 9 undefined on input line 273
.


LaTeX Warning: Reference `sec:fixlevel' on page 9 undefined on input line 274.


LaTeX Warning: Reference `sec:trimming' on page 9 undefined on input line 275.


[9]

LaTeX Warning: Reference `sec:flightfilter' on page 10 undefined on input line
276.


LaTeX Warning: Reference `sec:enu' on page 10 undefined on input line 277.


LaTeX Warning: Reference `sec:uniform' on page 10 undefined on input line 278.


LaTeX Warning: Reference `sec:savgol' on page 10 undefined on input line 279.


LaTeX Warning: Reference `sec:pipelinemap' on page 10 undefined on input line 2
83.


LaTeX Warning: Reference `tab:workingparams' on page 10 undefined on input line
 290.


LaTeX Warning: Reference `tab:pipecensus' on page 10 undefined on input line 29
1.

(./generated/cleaning_witness_audit.tex)
[10]

LaTeX Warning: Citation `fai_igc_spec' on page 11 undefined on input line 326.


LaTeX Warning: Citation `fai_civl_s7h_2024' on page 11 undefined on input line
326.


LaTeX Warning: Reference `fig:altnoise' on page 11 undefined on input line 345.



LaTeX Warning: Reference `app:psd' on page 11 undefined on input line 349.


LaTeX Warning: Reference `app:psd' on page 11 undefined on input line 365.


[11]

LaTeX Warning: Citation `garciacrespillo2024' on page 12 undefined on input lin
e 377.


LaTeX Warning: Reference `fig:altnoise' on page 12 undefined on input line 390.



[12 <./generated/altitude_noise.pdf>]

LaTeX Warning: Reference `sec:uniform' on page 13 undefined on input line 414.


LaTeX Warning: Reference `sec:fixlevel' on page 13 undefined on input line 421.



LaTeX Warning: Reference `sec:trimming' on page 13 undefined on input line 422.



LaTeX Warning: Reference `eq:baro-coverage' on page 13 undefined on input line
437.


LaTeX Warning: Reference `fig:defect-schematic' on page 13 undefined on input l
ine 448.


[13]

LaTeX Warning: Reference `sec:enu' on page 14 undefined on input line 473.


LaTeX Warning: Citation `sklearn_haversine' on page 14 undefined on input line
474.


[14 <./generated/cleaning_defects_schematic.pdf>]

LaTeX Warning: Reference `app:geodesy' on page 15 undefined on input line 493.


LaTeX Warning: Citation `rousseeuw1993' on page 15 undefined on input line 511.



LaTeX Warning: Reference `sec:uniform' on page 15 undefined on input line 549.


LaTeX Warning: Reference `fig:reach-gate' on page 15 undefined on input line 55
1.


[15]

LaTeX Warning: Reference `fig:vz-window' on page 16 undefined on input line 593
.


(/opt/homebrew/Cellar/texlive/20250308_1/share/texmf-dist/tex/latex/dejavu/OT1D
ejaVuSans-TLF.fd)

LaTeX Warning: Reference `eq:vzlocal' on page 16 undefined on input line 654.


[16 <./generated/horizontal_gate_explainer.pdf>]

LaTeX Warning: Reference `fig:vz-decision' on page 17 undefined on input line 6
76.


LaTeX Warning: Reference `eq:vz-censor' on page 17 undefined on input line 748.



LaTeX Warning: Reference `fig:vertical-median' on page 17 undefined on input li
ne 753.


[17{/opt/homebrew/Cellar/texlive/20250308_1/share/texmf-dist/fonts/enc/dvips/de
javu/dejavusans_ot1.enc}]
[18 <./generated/vertical_median_explainer.pdf>]

LaTeX Warning: Reference `fig:fixlevel' on page 19 undefined on input line 800.



LaTeX Warning: Reference `sec:flightfilter' on page 19 undefined on input line
847.


LaTeX Warning: Reference `sec:dataset-checks' on page 19 undefined on input lin
e 847.


LaTeX Warning: Reference `eq:baro-coverage' on page 19 undefined on input line
867.


[19]

LaTeX Warning: Reference `eq:reach' on page 20 undefined on input line 918.


LaTeX Warning: Citation `daviesgather1993' on page 20 undefined on input line 9
19.


LaTeX Warning: Reference `eq:frozenlock' on page 20 undefined on input line 943
.


LaTeX Warning: Reference `eq:frozen-witness' on page 20 undefined on input line
 943.


LaTeX Warning: Reference `eq:vz-censor' on page 20 undefined on input line 953.



LaTeX Warning: Reference `sec:uniform' on page 20 undefined on input line 961.


LaTeX Warning: Reference `tab:workingparams' on page 20 undefined on input line
 967.


LaTeX Warning: Reference `fig:fixlevel' on page 20 undefined on input line 967.



LaTeX Warning: Reference `sec:trimming' on page 20 undefined on input line 975.



[20 <./generated/fixlevel_diagnostics.pdf>]

LaTeX Warning: Reference `fig:cleaning-real' on page 21 undefined on input line
 995.


LaTeX Warning: Reference `tab:workingparams' on page 21 undefined on input line
 1019.


[21]
[22 <./generated/cleaning_real_examples.pdf>]

LaTeX Warning: Reference `fig:trim-split' on page 23 undefined on input line 10
43.


[23 <./generated/trim_split_seconds.pdf>]

LaTeX Warning: Reference `fig:trim-interior' on page 24 undefined on input line
 1087.


LaTeX Warning: Reference `fig:preproc' on page 24 undefined on input line 1127.



[24 <./generated/trim_interior_excisions.pdf>]

LaTeX Warning: Reference `sec:dataset-checks' on page 25 undefined on input lin
e 1163.


LaTeX Warning: Reference `sec:glider' on page 25 undefined on input line 1166.


LaTeX Warning: Reference `sec:uniform' on page 25 undefined on input line 1167.



LaTeX Warning: Reference `sec:preproc' on page 25 undefined on input line 1199.



LaTeX Warning: Citation `nga_wgs84' on page 25 undefined on input line 1203.


LaTeX Warning: Citation `esa_navipedia_ellipsoidal_cartesian' on page 25 undefi
ned on input line 1203.


LaTeX Warning: Reference `app:geodesy' on page 25 undefined on input line 1214.



LaTeX Warning: Reference `fig:ellipsoid' on page 25 undefined on input line 121
9.


LaTeX Warning: Reference `app:geodesy' on page 25 undefined on input line 1225.



LaTeX Warning: Reference `eq:ecef' on page 25 undefined on input line 1225.


LaTeX Warning: Reference `fig:enu-rotation' on page 25 undefined on input line
1295.


LaTeX Warning: Reference `sec:trimming' on page 25 undefined on input line 1303
.


[25]
[26 <./generated/preproc_diagnostics.pdf>]

LaTeX Warning: Reference `app:geodesy' on page 27 undefined on input line 1314.



[27]

LaTeX Warning: Reference `sec:altchannel' on page 28 undefined on input line 15
12.


LaTeX Warning: Reference `fig:sampling' on page 28 undefined on input line 1521
.


LaTeX Warning: Citation `fritsch1984' on page 28 undefined on input line 1623.


[28]
[29 <./generated/sampling_intervals.pdf>]

LaTeX Warning: Reference `fig:uniform-sampling-schematic' on page 30 undefined
on input line 1636.


LaTeX Warning: Reference `fig:gaps' on page 30 undefined on input line 1671.


[30]

LaTeX Warning: Citation `savitzky1964' on page 31 undefined on input line 1702.



[31 <./generated/gap_diagnostics.pdf>]

LaTeX Warning: Reference `tab:savgol-kernels' on page 32 undefined on input lin
e 1731.


LaTeX Warning: Reference `fig:savgol-spectrum' on page 32 undefined on input li
ne 1772.


[32]

LaTeX Warning: Reference `tab:savgol-kernels' on page 33 undefined on input lin
e 1817.


LaTeX Warning: Reference `fig:savgol-response' on page 33 undefined on input li
ne 1823.


[33 <./generated/savgol_explainer.pdf>]

LaTeX Warning: Reference `tab:savgol-kernels' on page 34 undefined on input lin
e 1871.


LaTeX Warning: Reference `fig:savgol-response' on page 34 undefined on input li
ne 1879.


[34 <./generated/savgol_spectrum.pdf>]

LaTeX Warning: Reference `fig:pipelinemap' on page 35 undefined on input line 1
939.


LaTeX Warning: Reference `sec:preproc' on page 35 undefined on input line 1940.



LaTeX Warning: Reference `sec:prelim' on page 35 undefined on input line 1942.


LaTeX Warning: Reference `sec:altchannel' on page 35 undefined on input line 19
75.


LaTeX Warning: Reference `sec:fixlevel' on page 35 undefined on input line 1980
.


LaTeX Warning: Reference `sec:trimming' on page 35 undefined on input line 1984
.


LaTeX Warning: Reference `sec:flightfilter' on page 35 undefined on input line
1988.


LaTeX Warning: Reference `sec:enu' on page 35 undefined on input line 1992.


LaTeX Warning: Reference `sec:uniform' on page 35 undefined on input line 1996.



LaTeX Warning: Reference `sec:savgol' on page 35 undefined on input line 2000.


LaTeX Warning: Reference `tab:workingparams' on page 35 undefined on input line
 2041.


LaTeX Warning: Reference `tab:workingparams' on page 35 undefined on input line
 2046.


LaTeX Warning: Reference `tab:pipecensus' on page 35 undefined on input line 20
55.


LaTeX Warning: Reference `sec:flightfilter' on page 35 undefined on input line
2058.


LaTeX Warning: Reference `sec:uniform' on page 35 undefined on input line 2058.



[35 <./generated/savgol_response.pdf>]
[36]

LaTeX Warning: Reference `sec:fixlevel' on page 37 undefined on input line 2066
.


LaTeX Warning: Reference `fig:sampling' on page 37 undefined on input line 2070
.


LaTeX Warning: Reference `sec:uniform' on page 37 undefined on input line 2071.



LaTeX Warning: Reference `sec:flightfilter' on page 37 undefined on input line
2086.


LaTeX Warning: Reference `sec:uniform' on page 37 undefined on input line 2086.



LaTeX Warning: Reference `tab:workingparams' on page 37 undefined on input line
 2113.


LaTeX Warning: Reference `sec:savgol' on page 37 undefined on input line 2130.


LaTeX Warning: Reference `sec:altchannel' on page 37 undefined on input line 21
46.


LaTeX Warning: Reference `sec:fixlevel' on page 37 undefined on input line 2160
.


LaTeX Warning: Reference `eq:hampel' on page 37 undefined on input line 2162.


LaTeX Warning: Reference `sec:fixlevel' on page 37 undefined on input line 2166
.


LaTeX Warning: Reference `sec:fixlevel' on page 37 undefined on input line 2175
.


LaTeX Warning: Reference `eq:vz-censor' on page 37 undefined on input line 2178
.


LaTeX Warning: Reference `sec:trimming' on page 37 undefined on input line 2200
.


LaTeX Warning: Reference `sec:flightfilter' on page 37 undefined on input line
2214.


LaTeX Warning: Reference `sec:flightfilter' on page 37 undefined on input line
2228.


LaTeX Warning: Reference `sec:uniform' on page 37 undefined on input line 2235.



LaTeX Warning: Reference `sec:savgol' on page 37 undefined on input line 2247.


LaTeX Warning: Reference `eq:savgol-window' on page 37 undefined on input line
2253.


LaTeX Warning: Reference `eq:savgol-window' on page 37 undefined on input line
2258.


[37]

Package longtable Warning: Column widths have changed
(longtable)                in table 2.8 on input line 2259.

[38]
[39]

LaTeX Warning: Reference `fig:prelim-ensemble' on page 40 undefined on input li
ne 2288.


LaTeX Warning: Reference `sec:savgol' on page 40 undefined on input line 2308.


LaTeX Warning: Reference `sec:flightfilter' on page 40 undefined on input line
2335.


LaTeX Warning: Reference `fig:gaps' on page 40 undefined on input line 2360.


LaTeX Warning: Reference `fig:sampling' on page 40 undefined on input line 2360
.


LaTeX Warning: Reference `sec:flightfilter' on page 40 undefined on input line
2360.


LaTeX Warning: Reference `tab:pipecensus' on page 40 undefined on input line 23
65.


LaTeX Warning: Reference `fig:seasons' on page 40 undefined on input line 2391.



LaTeX Warning: Reference `fig:prelim-map' on page 40 undefined on input line 24
12.


[40]
[41 <./generated/prelim_ensemble.pdf>]
[42 <./generated/dataset_seasons.pdf>]

LaTeX Warning: Reference `fig:prelim-map' on page 43 undefined on input line 24
42.


LaTeX Warning: Reference `fig:terrain-map' on page 43 undefined on input line 2
462.


LaTeX Warning: Citation `hernandezaguayo2026' on page 43 undefined on input lin
e 2479.


LaTeX Warning: Citation `kapos2000' on page 43 undefined on input line 2480.


LaTeX Warning: Citation `hernandezaguayo2026' on page 43 undefined on input lin
e 2502.


[43]
[44 <./generated/prelim_map.pdf>]) (./sections/04-fixed-transport.tex
[45 <./generated/terrain_map.pdf>]
Chapter 3.
(./generated/ch3_transport_values.tex)
(./generated/ch3_transport_interpolation_table.tex)
[46]

LaTeX Warning: Reference `fig:fixed-general' on page 47 undefined on input line
 57.


LaTeX Warning: Citation `cameron_miller2015' on page 47 undefined on input line
 97.


LaTeX Warning: Reference `tab:fixed-clusters' on page 47 undefined on input lin
e 98.

(./generated/ch3_transport_cluster_context.tex)

LaTeX Warning: Reference `tab:fixed-cohorts' on page 47 undefined on input line
 112.

(./generated/ch3_transport_general_fit.tex)
(./generated/ch3_transport_support_table.tex)
[47]
[48 <./generated/ch3_transport_general.pdf>]

LaTeX Warning: Reference `sec:fixed-scaling' on page 49 undefined on input line
 159.

(./generated/ch3_transport_launch_interpretation.tex)
[49] (./generated/ch3_transport_cohort_table.tex)
(./generated/ch3_transport_cohort_composition.tex)
(./generated/ch3_transport_cohort_contrast_table.tex)

LaTeX Warning: Reference `fig:fixed-cohorts' on page 50 undefined on input line
 233.

(./generated/ch3_transport_cohort_effect.tex
[50 <./generated/ch3_transport_general_slopes.pdf>]
[51 <./generated/ch3_transport_cohorts.pdf>])

LaTeX Warning: Reference `tab:fixed-task' on page 52 undefined on input line 25
1.

(./generated/ch3_transport_task_composition.tex)
(./generated/ch3_transport_task_table.tex)
(./generated/ch3_transport_task_contrasts.tex)
[52 <./generated/ch3_transport_task_altitude.pdf>]

LaTeX Warning: Reference `eq:fixed-mixture' on page 53 undefined on input line
295.


LaTeX Warning: Reference `eq:fixed-weights' on page 53 undefined on input line
324.


LaTeX Warning: Citation `embrechts_maejima_selfsimilar' on page 53 undefined on
 input line 339.


[53]

LaTeX Warning: Reference `eq:fixed-selfsimilar' on page 54 undefined on input l
ine 360.


LaTeX Warning: Reference `eq:fixed-weights' on page 54 undefined on input line
364.


LaTeX Warning: Reference `eq:fixed-fit' on page 54 undefined on input line 386.



LaTeX Warning: Reference `eq:fixed-cdf' on page 54 undefined on input line 403.



[54] (./generated/ch3_transport_quantile_findings.tex)
[55 <./generated/ch3_transport_quantiles_para.pdf>]
[56 <./generated/ch3_transport_quantiles_hang.pdf> <./generated/ch3_transport_q
uantile_exponents.pdf>] (./generated/ch3_transport_fit_table.tex)
(./generated/ch3_transport_scaling_table.tex)
(./generated/ch3_transport_moment_findings.tex)
[57 <./generated/ch3_transport_fixed_slopes.pdf>]

LaTeX Warning: Citation `nist_kurtosis' on page 58 undefined on input line 491.


(./generated/ch3_transport_kurtosis_findings.tex)
[58 <./generated/ch3_transport_spectrum.pdf>]

LaTeX Warning: Reference `tab:fixed-scaling' on page 59 undefined on input line
 518.

(./generated/ch3_transport_scaling_conclusion.tex))
No file main.bbl.

[59 <./generated/ch3_transport_kurtosis.pdf>]
[60] (./appendices/B-psd.tex
Appendix 2.A.

LaTeX Warning: Reference `ch:dataset' on page 61 undefined on input line 4.


LaTeX Warning: Reference `eq:psd-variance' on page 61 undefined on input line 2
8.


LaTeX Warning: Citation `welch1967' on page 61 undefined on input line 46.


[61]

LaTeX Warning: Reference `sec:altchannel' on page 62 undefined on input line 54
.

) (./appendices/geodesy.tex
[62]
Appendix 2.B.

LaTeX Warning: Reference `sec:enu' on page 63 undefined on input line 9.


LaTeX Warning: Reference `eq:ecef' on page 63 undefined on input line 10.


LaTeX Warning: Citation `nga_wgs84' on page 63 undefined on input line 13.


LaTeX Warning: Reference `sec:altchannel' on page 63 undefined on input line 17
.


LaTeX Warning: Reference `fig:ellipsoid' on page 63 undefined on input line 48.



LaTeX Warning: Reference `eq:geo-ellipse' on page 63 undefined on input line 49
.


LaTeX Warning: Reference `eq:geo-normal' on page 63 undefined on input line 57.



LaTeX Warning: Reference `eq:geo-ellipse' on page 63 undefined on input line 57
.


[63]

LaTeX Warning: Reference `eq:geo-normal' on page 64 undefined on input line 71.



LaTeX Warning: Reference `fig:ellipsoid' on page 64 undefined on input line 78.



LaTeX Warning: Reference `eq:geo-ps' on page 64 undefined on input line 81.


LaTeX Warning: Reference `eq:geo-ps' on page 64 undefined on input line 93.


LaTeX Warning: Reference `eq:geo-zs' on page 64 undefined on input line 93.


LaTeX Warning: Reference `eq:geo-meridian' on page 64 undefined on input line 9
4.


LaTeX Warning: Reference `eq:ecef' on page 64 undefined on input line 100.


LaTeX Warning: Reference `eq:geo-ps' on page 64 undefined on input line 107.


LaTeX Warning: Reference `eq:geo-zs' on page 64 undefined on input line 107.


LaTeX Warning: Reference `eq:geo-psi' on page 64 undefined on input line 115.


LaTeX Warning: Reference `sec:enu' on page 64 undefined on input line 126.


LaTeX Warning: Reference `eq:geo-up' on page 64 undefined on input line 138.


LaTeX Warning: Reference `eq:geo-meridian' on page 64 undefined on input line 1
39.


[64]

LaTeX Warning: Reference `eq:geo-up' on page 65 undefined on input line 147.


LaTeX Warning: Reference `sec:enu' on page 65 undefined on input line 155.


(/opt/homebrew/Cellar/texlive/20250308_1/share/texmf-dist/tex/latex/lm/ot1lmss.
fd)

LaTeX Warning: Citation `esa_navipedia_ellipsoidal_cartesian' on page 65 undefi
ned on input line 166.


LaTeX Warning: Reference `eq:ecef' on page 65 undefined on input line 169.


LaTeX Warning: Reference `sec:enu' on page 65 undefined on input line 197.


LaTeX Warning: Reference `sec:altchannel' on page 65 undefined on input line 19
7.


LaTeX Warning: Reference `sec:fixlevel' on page 65 undefined on input line 207.



LaTeX Warning: Reference `eq:haversine' on page 65 undefined on input line 208.



[65]

LaTeX Warning: Reference `eq:geo-ps' on page 66 undefined on input line 228.


LaTeX Warning: Citation `nga_wgs84' on page 66 undefined on input line 229.


LaTeX Warning: Reference `eq:geo-ps' on page 66 undefined on input line 231.


LaTeX Warning: Reference `eq:geo-zs' on page 66 undefined on input line 231.


LaTeX Warning: Reference `eq:haversine' on page 66 undefined on input line 245.



LaTeX Warning: Reference `eq:geo-ps' on page 66 undefined on input line 250.


LaTeX Warning: Reference `eq:geo-M' on page 66 undefined on input line 250.


LaTeX Warning: Reference `sec:prelim' on page 66 undefined on input line 264.


LaTeX Warning: Reference `fig:prelim-map' on page 66 undefined on input line 26
4.


LaTeX Warning: Reference `eq:geo-flatscale' on page 66 undefined on input line
265.


LaTeX Warning: Reference `sec:prelim' on page 66 undefined on input line 278.

)
[66]

Package longtable Warning: Table widths have changed. Rerun LaTeX.

(./main.aux)

LaTeX Warning: There were undefined references.


LaTeX Warning: Label(s) may have changed. Rerun to get cross-references right.


Package rerunfilecheck Warning: File `main.out' has changed.
(rerunfilecheck)                Rerun to get outlines right
(rerunfilecheck)                or use package `bookmark'.

 )
(see the transcript file for additional information)</opt/homebrew/Cellar/texli
ve/20250308_1/share/texmf-dist/fonts/type1/public/dejavu/DejaVuSans-Bold.pfb></
opt/homebrew/Cellar/texlive/20250308_1/share/texmf-dist/fonts/type1/public/deja
vu/DejaVuSans-Oblique.pfb></opt/homebrew/Cellar/texlive/20250308_1/share/texmf-
dist/fonts/type1/public/dejavu/DejaVuSans.pfb></opt/homebrew/Cellar/texlive/202
50308_1/share/texmf-dist/fonts/type1/public/amsfonts/cm/cmmi10.pfb></opt/homebr
ew/Cellar/texlive/20250308_1/share/texmf-dist/fonts/type1/public/amsfonts/cm/cm
mi9.pfb></opt/homebrew/Cellar/texlive/20250308_1/share/texmf-dist/fonts/type1/p
ublic/amsfonts/cm/cmsy10.pfb></opt/homebrew/Cellar/texlive/20250308_1/share/tex
mf-dist/fonts/type1/public/amsfonts/cm/cmsy6.pfb></opt/homebrew/Cellar/texlive/
20250308_1/share/texmf-dist/fonts/type1/public/amsfonts/cm/cmsy9.pfb></opt/home
brew/Cellar/texlive/20250308_1/share/texmf-dist/fonts/type1/public/lm/lmbx10.pf
b></opt/homebrew/Cellar/texlive/20250308_1/share/texmf-dist/fonts/type1/public/
lm/lmbx12.pfb></opt/homebrew/Cellar/texlive/20250308_1/share/texmf-dist/fonts/t
ype1/public/lm/lmbx8.pfb></opt/homebrew/Cellar/texlive/20250308_1/share/texmf-d
ist/fonts/type1/public/lm/lmbx9.pfb></opt/homebrew/Cellar/texlive/20250308_1/sh
are/texmf-dist/fonts/type1/public/lm/lmcsc10.pfb></opt/homebrew/Cellar/texlive/
20250308_1/share/texmf-dist/fonts/type1/public/lm/lmex10.pfb></opt/homebrew/Cel
lar/texlive/20250308_1/share/texmf-dist/fonts/type1/public/lm/lmmi10.pfb></opt/
homebrew/Cellar/texlive/20250308_1/share/texmf-dist/fonts/type1/public/lm/lmmi1
2.pfb></opt/homebrew/Cellar/texlive/20250308_1/share/texmf-dist/fonts/type1/pub
lic/lm/lmmi6.pfb></opt/homebrew/Cellar/texlive/20250308_1/share/texmf-dist/font
s/type1/public/lm/lmmi7.pfb></opt/homebrew/Cellar/texlive/20250308_1/share/texm
f-dist/fonts/type1/public/lm/lmmi8.pfb></opt/homebrew/Cellar/texlive/20250308_1
/share/texmf-dist/fonts/type1/public/lm/lmmi9.pfb></opt/homebrew/Cellar/texlive
/20250308_1/share/texmf-dist/fonts/type1/public/lm/lmmib10.pfb></opt/homebrew/C
ellar/texlive/20250308_1/share/texmf-dist/fonts/type1/public/lm/lmr10.pfb></opt
/homebrew/Cellar/texlive/20250308_1/share/texmf-dist/fonts/type1/public/lm/lmr1
2.pfb></opt/homebrew/Cellar/texlive/20250308_1/share/texmf-dist/fonts/type1/pub
lic/lm/lmr17.pfb></opt/homebrew/Cellar/texlive/20250308_1/share/texmf-dist/font
s/type1/public/lm/lmr5.pfb></opt/homebrew/Cellar/texlive/20250308_1/share/texmf
-dist/fonts/type1/public/lm/lmr6.pfb></opt/homebrew/Cellar/texlive/20250308_1/s
hare/texmf-dist/fonts/type1/public/lm/lmr7.pfb></opt/homebrew/Cellar/texlive/20
250308_1/share/texmf-dist/fonts/type1/public/lm/lmr8.pfb></opt/homebrew/Cellar/
texlive/20250308_1/share/texmf-dist/fonts/type1/public/lm/lmr9.pfb></opt/homebr
ew/Cellar/texlive/20250308_1/share/texmf-dist/fonts/type1/public/lm/lmri10.pfb>
</opt/homebrew/Cellar/texlive/20250308_1/share/texmf-dist/fonts/type1/public/lm
/lmri12.pfb></opt/homebrew/Cellar/texlive/20250308_1/share/texmf-dist/fonts/typ
e1/public/lm/lmss8.pfb></opt/homebrew/Cellar/texlive/20250308_1/share/texmf-dis
t/fonts/type1/public/lm/lmsy10.pfb></opt/homebrew/Cellar/texlive/20250308_1/sha
re/texmf-dist/fonts/type1/public/lm/lmsy6.pfb></opt/homebrew/Cellar/texlive/202
50308_1/share/texmf-dist/fonts/type1/public/lm/lmsy7.pfb></opt/homebrew/Cellar/
texlive/20250308_1/share/texmf-dist/fonts/type1/public/lm/lmsy8.pfb></opt/homeb
rew/Cellar/texlive/20250308_1/share/texmf-dist/fonts/type1/public/lm/lmtt10.pfb
></opt/homebrew/Cellar/texlive/20250308_1/share/texmf-dist/fonts/type1/public/a
msfonts/symbols/msbm10.pfb>
Output written on main.pdf (69 pages, 3265017 bytes).
Transcript written on main.log.
Latexmk: Getting log file 'main.log'
Latexmk: Examining 'main.fls'
Latexmk: Examining 'main.log'
Latexmk: Missing input file 'main.toc' (or dependence on it) from following:
  No file main.toc.
Latexmk: Missing bbl file 'main.bbl' in following:
 No file main.bbl.
Latexmk: References changed.
Latexmk: References changed.
Latexmk: Log file says output to 'main.pdf'
Latexmk: Found bibliography file(s):
  ./references.bib
Latexmk: applying rule 'bibtex main'...
Rule 'bibtex main':  Reasons for rerun
Category 'other':
  Rerun of 'bibtex main' forced or previously required:
    Reason or flag: 'Initial set up of rule'

------------
Run number 1 of rule 'bibtex main'
------------
------------
Running 'bibtex  "main.aux"'
------------
This is BibTeX, Version 0.99d (TeX Live 2025/Homebrew)
The top-level auxiliary file: main.aux
The style file: unsrt.bst
Database file #1: references.bib
Latexmk: applying rule 'pdflatex'...
Rule 'pdflatex':  Reasons for rerun
Changed files or newly in use/created:
  main.aux
  main.bbl
  main.out
  main.toc

------------
Run number 2 of rule 'pdflatex'
------------
------------
Running 'pdflatex  -interaction=nonstopmode -halt-on-error -recorder  "main.tex"'
------------
This is pdfTeX, Version 3.141592653-2.6-1.40.27 (TeX Live 2025/Homebrew) (preloaded format=pdflatex)
 restricted \write18 enabled.
entering extended mode
(./main.tex
LaTeX2e <2024-11-01> patch level 2
L3 programming layer <2025-01-18>
(./preamble.tex
(/opt/homebrew/Cellar/texlive/20250308_1/share/texmf-dist/tex/latex/base/report
.cls
Document Class: report 2024/06/29 v1.4n Standard LaTeX document class

(/opt/homebrew/Cellar/texlive/20250308_1/share/texmf-dist/tex/latex/base/size11
.clo))
(/opt/homebrew/Cellar/texlive/20250308_1/share/texmf-dist/tex/latex/base/inpute
nc.sty)
(/opt/homebrew/Cellar/texlive/20250308_1/share/texmf-dist/tex/latex/base/fonten
c.sty)
(/opt/homebrew/Cellar/texlive/20250308_1/share/texmf-dist/tex/latex/lm/lmodern.
sty)
(/opt/homebrew/Cellar/texlive/20250308_1/share/texmf-dist/tex/generic/babel/bab
el.sty
(/opt/homebrew/Cellar/texlive/20250308_1/share/texmf-dist/tex/generic/babel/txt
babel.def)
(/opt/homebrew/Cellar/texlive/20250308_1/share/texmf-dist/tex/generic/babel-eng
lish/english.ldf))
(/opt/homebrew/Cellar/texlive/20250308_1/share/texmf-dist/tex/generic/babel/loc
ale/en/babel-english.tex)
(/opt/homebrew/Cellar/texlive/20250308_1/share/texmf-dist/tex/latex/amsmath/ams
math.sty
For additional information on amsmath, use the `?' option.

(/opt/homebrew/Cellar/texlive/20250308_1/share/texmf-dist/tex/latex/amsmath/ams
text.sty
(/opt/homebrew/Cellar/texlive/20250308_1/share/texmf-dist/tex/latex/amsmath/ams
gen.sty))
(/opt/homebrew/Cellar/texlive/20250308_1/share/texmf-dist/tex/latex/amsmath/ams
bsy.sty)
(/opt/homebrew/Cellar/texlive/20250308_1/share/texmf-dist/tex/latex/amsmath/ams
opn.sty))
(/opt/homebrew/Cellar/texlive/20250308_1/share/texmf-dist/tex/latex/amsfonts/am
ssymb.sty
(/opt/homebrew/Cellar/texlive/20250308_1/share/texmf-dist/tex/latex/amsfonts/am
sfonts.sty))
(/opt/homebrew/Cellar/texlive/20250308_1/share/texmf-dist/tex/latex/enumitem/en
umitem.sty)
(/opt/homebrew/Cellar/texlive/20250308_1/share/texmf-dist/tex/latex/geometry/ge
ometry.sty
(/opt/homebrew/Cellar/texlive/20250308_1/share/texmf-dist/tex/latex/graphics/ke
yval.sty)
(/opt/homebrew/Cellar/texlive/20250308_1/share/texmf-dist/tex/generic/iftex/ifv
tex.sty
(/opt/homebrew/Cellar/texlive/20250308_1/share/texmf-dist/tex/generic/iftex/ift
ex.sty)))
(/opt/homebrew/Cellar/texlive/20250308_1/share/texmf-dist/tex/latex/microtype/m
icrotype.sty
(/opt/homebrew/Cellar/texlive/20250308_1/share/texmf-dist/tex/latex/etoolbox/et
oolbox.sty)
(/opt/homebrew/Cellar/texlive/20250308_1/share/texmf-dist/tex/latex/microtype/m
icrotype-pdftex.def)
(/opt/homebrew/Cellar/texlive/20250308_1/share/texmf-dist/tex/latex/microtype/m
icrotype.cfg))
(/opt/homebrew/Cellar/texlive/20250308_1/share/texmf-dist/tex/latex/graphics/gr
aphicx.sty
(/opt/homebrew/Cellar/texlive/20250308_1/share/texmf-dist/tex/latex/graphics/gr
aphics.sty
(/opt/homebrew/Cellar/texlive/20250308_1/share/texmf-dist/tex/latex/graphics/tr
ig.sty)
(/opt/homebrew/Cellar/texlive/20250308_1/share/texmf-dist/tex/latex/graphics-cf
g/graphics.cfg)
(/opt/homebrew/Cellar/texlive/20250308_1/share/texmf-dist/tex/latex/graphics-de
f/pdftex.def)))
(/opt/homebrew/Cellar/texlive/20250308_1/share/texmf-dist/tex/latex/placeins/pl
aceins.sty)
(/opt/homebrew/Cellar/texlive/20250308_1/share/texmf-dist/tex/latex/float/float
.sty)
(/opt/homebrew/Cellar/texlive/20250308_1/share/texmf-dist/tex/latex/caption/cap
tion.sty
(/opt/homebrew/Cellar/texlive/20250308_1/share/texmf-dist/tex/latex/caption/cap
tion3.sty))
(/opt/homebrew/Cellar/texlive/20250308_1/share/texmf-dist/tex/latex/booktabs/bo
oktabs.sty)
(/opt/homebrew/Cellar/texlive/20250308_1/share/texmf-dist/tex/latex/tools/tabul
arx.sty
(/opt/homebrew/Cellar/texlive/20250308_1/share/texmf-dist/tex/latex/tools/array
.sty))
(/opt/homebrew/Cellar/texlive/20250308_1/share/texmf-dist/tex/latex/tools/longt
able.sty)
(/opt/homebrew/Cellar/texlive/20250308_1/share/texmf-dist/tex/latex/needspace/n
eedspace.sty)
(/opt/homebrew/Cellar/texlive/20250308_1/share/texmf-dist/tex/latex/multirow/mu
ltirow.sty)
(/opt/homebrew/Cellar/texlive/20250308_1/share/texmf-dist/tex/latex/siunitx/siu
nitx.sty
(/opt/homebrew/Cellar/texlive/20250308_1/share/texmf-dist/tex/latex/translation
s/translations.sty
(/opt/homebrew/Cellar/texlive/20250308_1/share/texmf-dist/tex/generic/pdftexcmd
s/pdftexcmds.sty
(/opt/homebrew/Cellar/texlive/20250308_1/share/texmf-dist/tex/generic/infwarerr
/infwarerr.sty)
(/opt/homebrew/Cellar/texlive/20250308_1/share/texmf-dist/tex/generic/ltxcmds/l
txcmds.sty))))
(/opt/homebrew/Cellar/texlive/20250308_1/share/texmf-dist/tex/latex/xcolor/xcol
or.sty
(/opt/homebrew/Cellar/texlive/20250308_1/share/texmf-dist/tex/latex/graphics-cf
g/color.cfg)
(/opt/homebrew/Cellar/texlive/20250308_1/share/texmf-dist/tex/latex/graphics/ma
thcolor.ltx))
(/opt/homebrew/Cellar/texlive/20250308_1/share/texmf-dist/tex/latex/csquotes/cs
quotes.sty
(/opt/homebrew/Cellar/texlive/20250308_1/share/texmf-dist/tex/latex/csquotes/cs
quotes.def)
(/opt/homebrew/Cellar/texlive/20250308_1/share/texmf-dist/tex/latex/csquotes/cs
quotes.cfg))
(/opt/homebrew/Cellar/texlive/20250308_1/share/texmf-dist/tex/latex/hyperref/xr
-hyper.sty)
(/opt/homebrew/Cellar/texlive/20250308_1/share/texmf-dist/tex/latex/hyperref/hy
perref.sty
(/opt/homebrew/Cellar/texlive/20250308_1/share/texmf-dist/tex/latex/kvsetkeys/k
vsetkeys.sty)
(/opt/homebrew/Cellar/texlive/20250308_1/share/texmf-dist/tex/generic/kvdefinek
eys/kvdefinekeys.sty)
(/opt/homebrew/Cellar/texlive/20250308_1/share/texmf-dist/tex/generic/pdfescape
/pdfescape.sty)
(/opt/homebrew/Cellar/texlive/20250308_1/share/texmf-dist/tex/latex/hycolor/hyc
olor.sty)
(/opt/homebrew/Cellar/texlive/20250308_1/share/texmf-dist/tex/latex/hyperref/na
meref.sty
(/opt/homebrew/Cellar/texlive/20250308_1/share/texmf-dist/tex/latex/refcount/re
fcount.sty)
(/opt/homebrew/Cellar/texlive/20250308_1/share/texmf-dist/tex/generic/gettitles
tring/gettitlestring.sty
(/opt/homebrew/Cellar/texlive/20250308_1/share/texmf-dist/tex/latex/kvoptions/k
voptions.sty)))
(/opt/homebrew/Cellar/texlive/20250308_1/share/texmf-dist/tex/generic/stringenc
/stringenc.sty)
(/opt/homebrew/Cellar/texlive/20250308_1/share/texmf-dist/tex/latex/hyperref/pd
1enc.def)
(/opt/homebrew/Cellar/texlive/20250308_1/share/texmf-dist/tex/generic/intcalc/i
ntcalc.sty)
(/opt/homebrew/Cellar/texlive/20250308_1/share/texmf-dist/tex/latex/hyperref/pu
enc.def)
(/opt/homebrew/Cellar/texlive/20250308_1/share/texmf-dist/tex/latex/url/url.sty
)
(/opt/homebrew/Cellar/texlive/20250308_1/share/texmf-dist/tex/generic/bitset/bi
tset.sty
(/opt/homebrew/Cellar/texlive/20250308_1/share/texmf-dist/tex/generic/bigintcal
c/bigintcalc.sty))
(/opt/homebrew/Cellar/texlive/20250308_1/share/texmf-dist/tex/latex/base/atbegs
hi-ltx.sty))
(/opt/homebrew/Cellar/texlive/20250308_1/share/texmf-dist/tex/latex/hyperref/hp
dftex.def
(/opt/homebrew/Cellar/texlive/20250308_1/share/texmf-dist/tex/latex/base/atvery
end-ltx.sty)
(/opt/homebrew/Cellar/texlive/20250308_1/share/texmf-dist/tex/latex/rerunfilech
eck/rerunfilecheck.sty
(/opt/homebrew/Cellar/texlive/20250308_1/share/texmf-dist/tex/generic/uniquecou
nter/uniquecounter.sty)))
(/opt/homebrew/Cellar/texlive/20250308_1/share/texmf-dist/tex/latex/pgf/fronten
dlayer/tikz.sty
(/opt/homebrew/Cellar/texlive/20250308_1/share/texmf-dist/tex/latex/pgf/basicla
yer/pgf.sty
(/opt/homebrew/Cellar/texlive/20250308_1/share/texmf-dist/tex/latex/pgf/utiliti
es/pgfrcs.sty
(/opt/homebrew/Cellar/texlive/20250308_1/share/texmf-dist/tex/generic/pgf/utili
ties/pgfutil-common.tex)
(/opt/homebrew/Cellar/texlive/20250308_1/share/texmf-dist/tex/generic/pgf/utili
ties/pgfutil-latex.def)
(/opt/homebrew/Cellar/texlive/20250308_1/share/texmf-dist/tex/generic/pgf/utili
ties/pgfrcs.code.tex
(/opt/homebrew/Cellar/texlive/20250308_1/share/texmf-dist/tex/generic/pgf/pgf.r
evision.tex)))
(/opt/homebrew/Cellar/texlive/20250308_1/share/texmf-dist/tex/latex/pgf/basicla
yer/pgfcore.sty
(/opt/homebrew/Cellar/texlive/20250308_1/share/texmf-dist/tex/latex/pgf/systeml
ayer/pgfsys.sty
(/opt/homebrew/Cellar/texlive/20250308_1/share/texmf-dist/tex/generic/pgf/syste
mlayer/pgfsys.code.tex
(/opt/homebrew/Cellar/texlive/20250308_1/share/texmf-dist/tex/generic/pgf/utili
ties/pgfkeys.code.tex
(/opt/homebrew/Cellar/texlive/20250308_1/share/texmf-dist/tex/generic/pgf/utili
ties/pgfkeyslibraryfiltered.code.tex))
(/opt/homebrew/Cellar/texlive/20250308_1/share/texmf-dist/tex/generic/pgf/syste
mlayer/pgf.cfg)
(/opt/homebrew/Cellar/texlive/20250308_1/share/texmf-dist/tex/generic/pgf/syste
mlayer/pgfsys-pdftex.def
(/opt/homebrew/Cellar/texlive/20250308_1/share/texmf-dist/tex/generic/pgf/syste
mlayer/pgfsys-common-pdf.def)))
(/opt/homebrew/Cellar/texlive/20250308_1/share/texmf-dist/tex/generic/pgf/syste
mlayer/pgfsyssoftpath.code.tex)
(/opt/homebrew/Cellar/texlive/20250308_1/share/texmf-dist/tex/generic/pgf/syste
mlayer/pgfsysprotocol.code.tex))
(/opt/homebrew/Cellar/texlive/20250308_1/share/texmf-dist/tex/generic/pgf/basic
layer/pgfcore.code.tex
(/opt/homebrew/Cellar/texlive/20250308_1/share/texmf-dist/tex/generic/pgf/math/
pgfmath.code.tex
(/opt/homebrew/Cellar/texlive/20250308_1/share/texmf-dist/tex/generic/pgf/math/
pgfmathutil.code.tex)
(/opt/homebrew/Cellar/texlive/20250308_1/share/texmf-dist/tex/generic/pgf/math/
pgfmathparser.code.tex)
(/opt/homebrew/Cellar/texlive/20250308_1/share/texmf-dist/tex/generic/pgf/math/
pgfmathfunctions.code.tex)
(/opt/homebrew/Cellar/texlive/20250308_1/share/texmf-dist/tex/generic/pgf/math/
pgfmathfunctions.basic.code.tex)
(/opt/homebrew/Cellar/texlive/20250308_1/share/texmf-dist/tex/generic/pgf/math/
pgfmathfunctions.trigonometric.code.tex)
(/opt/homebrew/Cellar/texlive/20250308_1/share/texmf-dist/tex/generic/pgf/math/
pgfmathfunctions.random.code.tex)
(/opt/homebrew/Cellar/texlive/20250308_1/share/texmf-dist/tex/generic/pgf/math/
pgfmathfunctions.comparison.code.tex)
(/opt/homebrew/Cellar/texlive/20250308_1/share/texmf-dist/tex/generic/pgf/math/
pgfmathfunctions.base.code.tex)
(/opt/homebrew/Cellar/texlive/20250308_1/share/texmf-dist/tex/generic/pgf/math/
pgfmathfunctions.round.code.tex)
(/opt/homebrew/Cellar/texlive/20250308_1/share/texmf-dist/tex/generic/pgf/math/
pgfmathfunctions.misc.code.tex)
(/opt/homebrew/Cellar/texlive/20250308_1/share/texmf-dist/tex/generic/pgf/math/
pgfmathfunctions.integerarithmetics.code.tex)
(/opt/homebrew/Cellar/texlive/20250308_1/share/texmf-dist/tex/generic/pgf/math/
pgfmathcalc.code.tex)
(/opt/homebrew/Cellar/texlive/20250308_1/share/texmf-dist/tex/generic/pgf/math/
pgfmathfloat.code.tex))
(/opt/homebrew/Cellar/texlive/20250308_1/share/texmf-dist/tex/generic/pgf/math/
pgfint.code.tex)
(/opt/homebrew/Cellar/texlive/20250308_1/share/texmf-dist/tex/generic/pgf/basic
layer/pgfcorepoints.code.tex)
(/opt/homebrew/Cellar/texlive/20250308_1/share/texmf-dist/tex/generic/pgf/basic
layer/pgfcorepathconstruct.code.tex)
(/opt/homebrew/Cellar/texlive/20250308_1/share/texmf-dist/tex/generic/pgf/basic
layer/pgfcorepathusage.code.tex)
(/opt/homebrew/Cellar/texlive/20250308_1/share/texmf-dist/tex/generic/pgf/basic
layer/pgfcorescopes.code.tex)
(/opt/homebrew/Cellar/texlive/20250308_1/share/texmf-dist/tex/generic/pgf/basic
layer/pgfcoregraphicstate.code.tex)
(/opt/homebrew/Cellar/texlive/20250308_1/share/texmf-dist/tex/generic/pgf/basic
layer/pgfcoretransformations.code.tex)
(/opt/homebrew/Cellar/texlive/20250308_1/share/texmf-dist/tex/generic/pgf/basic
layer/pgfcorequick.code.tex)
(/opt/homebrew/Cellar/texlive/20250308_1/share/texmf-dist/tex/generic/pgf/basic
layer/pgfcoreobjects.code.tex)
(/opt/homebrew/Cellar/texlive/20250308_1/share/texmf-dist/tex/generic/pgf/basic
layer/pgfcorepathprocessing.code.tex)
(/opt/homebrew/Cellar/texlive/20250308_1/share/texmf-dist/tex/generic/pgf/basic
layer/pgfcorearrows.code.tex)
(/opt/homebrew/Cellar/texlive/20250308_1/share/texmf-dist/tex/generic/pgf/basic
layer/pgfcoreshade.code.tex)
(/opt/homebrew/Cellar/texlive/20250308_1/share/texmf-dist/tex/generic/pgf/basic
layer/pgfcoreimage.code.tex)
(/opt/homebrew/Cellar/texlive/20250308_1/share/texmf-dist/tex/generic/pgf/basic
layer/pgfcoreexternal.code.tex)
(/opt/homebrew/Cellar/texlive/20250308_1/share/texmf-dist/tex/generic/pgf/basic
layer/pgfcorelayers.code.tex)
(/opt/homebrew/Cellar/texlive/20250308_1/share/texmf-dist/tex/generic/pgf/basic
layer/pgfcoretransparency.code.tex)
(/opt/homebrew/Cellar/texlive/20250308_1/share/texmf-dist/tex/generic/pgf/basic
layer/pgfcorepatterns.code.tex)
(/opt/homebrew/Cellar/texlive/20250308_1/share/texmf-dist/tex/generic/pgf/basic
layer/pgfcorerdf.code.tex)))
(/opt/homebrew/Cellar/texlive/20250308_1/share/texmf-dist/tex/generic/pgf/modul
es/pgfmoduleshapes.code.tex)
(/opt/homebrew/Cellar/texlive/20250308_1/share/texmf-dist/tex/generic/pgf/modul
es/pgfmoduleplot.code.tex)
(/opt/homebrew/Cellar/texlive/20250308_1/share/texmf-dist/tex/latex/pgf/compati
bility/pgfcomp-version-0-65.sty)
(/opt/homebrew/Cellar/texlive/20250308_1/share/texmf-dist/tex/latex/pgf/compati
bility/pgfcomp-version-1-18.sty))
(/opt/homebrew/Cellar/texlive/20250308_1/share/texmf-dist/tex/latex/pgf/utiliti
es/pgffor.sty
(/opt/homebrew/Cellar/texlive/20250308_1/share/texmf-dist/tex/latex/pgf/utiliti
es/pgfkeys.sty
(/opt/homebrew/Cellar/texlive/20250308_1/share/texmf-dist/tex/generic/pgf/utili
ties/pgfkeys.code.tex))
(/opt/homebrew/Cellar/texlive/20250308_1/share/texmf-dist/tex/latex/pgf/math/pg
fmath.sty
(/opt/homebrew/Cellar/texlive/20250308_1/share/texmf-dist/tex/generic/pgf/math/
pgfmath.code.tex))
(/opt/homebrew/Cellar/texlive/20250308_1/share/texmf-dist/tex/generic/pgf/utili
ties/pgffor.code.tex))
(/opt/homebrew/Cellar/texlive/20250308_1/share/texmf-dist/tex/generic/pgf/front
endlayer/tikz/tikz.code.tex
(/opt/homebrew/Cellar/texlive/20250308_1/share/texmf-dist/tex/generic/pgf/libra
ries/pgflibraryplothandlers.code.tex)
(/opt/homebrew/Cellar/texlive/20250308_1/share/texmf-dist/tex/generic/pgf/modul
es/pgfmodulematrix.code.tex)
(/opt/homebrew/Cellar/texlive/20250308_1/share/texmf-dist/tex/generic/pgf/front
endlayer/tikz/libraries/tikzlibrarytopaths.code.tex)))
(/opt/homebrew/Cellar/texlive/20250308_1/share/texmf-dist/tex/generic/pgf/libra
ries/pgflibraryarrows.meta.code.tex)
(/opt/homebrew/Cellar/texlive/20250308_1/share/texmf-dist/tex/generic/pgf/front
endlayer/tikz/libraries/tikzlibrarycalc.code.tex)
(/opt/homebrew/Cellar/texlive/20250308_1/share/texmf-dist/tex/generic/pgf/front
endlayer/tikz/libraries/tikzlibraryangles.code.tex)
(/opt/homebrew/Cellar/texlive/20250308_1/share/texmf-dist/tex/generic/pgf/front
endlayer/tikz/libraries/tikzlibraryquotes.code.tex)
(/opt/homebrew/Cellar/texlive/20250308_1/share/texmf-dist/tex/generic/pgf/front
endlayer/tikz/libraries/tikzlibrarypositioning.code.tex)
(/opt/homebrew/Cellar/texlive/20250308_1/share/texmf-dist/tex/generic/pgf/front
endlayer/tikz/libraries/tikzlibrarydecorations.pathreplacing.code.tex
(/opt/homebrew/Cellar/texlive/20250308_1/share/texmf-dist/tex/generic/pgf/front
endlayer/tikz/libraries/tikzlibrarydecorations.code.tex
(/opt/homebrew/Cellar/texlive/20250308_1/share/texmf-dist/tex/generic/pgf/modul
es/pgfmoduledecorations.code.tex))
(/opt/homebrew/Cellar/texlive/20250308_1/share/texmf-dist/tex/generic/pgf/libra
ries/decorations/pgflibrarydecorations.pathreplacing.code.tex))
(/opt/homebrew/Cellar/texlive/20250308_1/share/texmf-dist/tex/latex/titlesec/ti
tletoc.sty)
(/opt/homebrew/Cellar/texlive/20250308_1/share/texmf-dist/tex/latex/fancyhdr/fa
ncyhdr.sty)
(/opt/homebrew/Cellar/texlive/20250308_1/share/texmf-dist/tex/latex/dejavu/Deja
VuSans.sty)
(/opt/homebrew/Cellar/texlive/20250308_1/share/texmf-dist/tex/latex/sansmath/sa
nsmath.sty)
(/opt/homebrew/Cellar/texlive/20250308_1/share/texmf-dist/tex/latex/cite/cite.s
ty) (./generated/stats.tex) (./generated/census.tex) (./generated/msd.tex)
(./generated/altitude_noise.tex) (./generated/pipeline_census.tex)
(./generated/trim.tex) (./generated/verify.tex) (./generated/audit.tex)
(./generated/prelim.tex) (./generated/terrain.tex)
(./generated/dataset_stats.tex) (./generated/kinematic_isotropy.tex)
(./generated/ch3_revision.tex) (./generated/ch3_terrain_axes_values.tex)
(./generated/ch3_channel_wind_values.tex)
(./generated/ch3_regional_variations_values.tex)
(./generated/ch3_grouped_tamsd_values.tex) (./generated/ch3_msd_weights.tex)
(./generated/ch3_altitude_hurst_values.tex)
(./generated/ch3_self_similarity_values.tex)
(./generated/duration_equipment.tex) (./generated/snapshot_status.tex)
(./generated/segmentation.tex) (./generated/ch5_vilpellet_values.tex))
(/opt/homebrew/Cellar/texlive/20250308_1/share/texmf-dist/tex/latex/lm/t1lmr.fd
)
(/opt/homebrew/Cellar/texlive/20250308_1/share/texmf-dist/tex/latex/l3backend/l
3backend-pdftex.def) (./main.aux)
*geometry* driver: auto-detecting
*geometry* detected driver: pdftex

(/opt/homebrew/Cellar/texlive/20250308_1/share/texmf-dist/tex/latex/microtype/m
t-cmr.cfg)
(/opt/homebrew/Cellar/texlive/20250308_1/share/texmf-dist/tex/context/base/mkii
/supp-pdf.mkii
[Loading MPS to PDF converter (version 2006.09.02).]
)
(/opt/homebrew/Cellar/texlive/20250308_1/share/texmf-dist/tex/latex/epstopdf-pk
g/epstopdf-base.sty
(/opt/homebrew/Cellar/texlive/20250308_1/share/texmf-dist/tex/latex/latexconfig
/epstopdf-sys.cfg))
(/opt/homebrew/Cellar/texlive/20250308_1/share/texmf-dist/tex/latex/caption/ltc
aption.sty)
(/opt/homebrew/Cellar/texlive/20250308_1/share/texmf-dist/tex/latex/translation
s/translations-basic-dictionary-english.trsl) (./main.out) (./main.out)
(/opt/homebrew/Cellar/texlive/20250308_1/share/texmf-dist/tex/latex/lm/t1lmtt.f
d)
(/opt/homebrew/Cellar/texlive/20250308_1/share/texmf-dist/tex/latex/lm/ot1lmr.f
d)
(/opt/homebrew/Cellar/texlive/20250308_1/share/texmf-dist/tex/latex/lm/omllmm.f
d)
(/opt/homebrew/Cellar/texlive/20250308_1/share/texmf-dist/tex/latex/lm/omslmsy.
fd)
(/opt/homebrew/Cellar/texlive/20250308_1/share/texmf-dist/tex/latex/lm/omxlmex.
fd)
(/opt/homebrew/Cellar/texlive/20250308_1/share/texmf-dist/tex/latex/amsfonts/um
sa.fd)
(/opt/homebrew/Cellar/texlive/20250308_1/share/texmf-dist/tex/latex/microtype/m
t-msa.cfg)
(/opt/homebrew/Cellar/texlive/20250308_1/share/texmf-dist/tex/latex/amsfonts/um
sb.fd)
(/opt/homebrew/Cellar/texlive/20250308_1/share/texmf-dist/tex/latex/microtype/m
t-msb.cfg)
[1{/opt/homebrew/Cellar/texlive/20250308_1/share/texmf-dist/fonts/map/pdftex/up
dmap/pdftex.map}{/opt/homebrew/Cellar/texlive/20250308_1/share/texmf-dist/fonts
/enc/dvips/lm/lm-ec.enc}]
[1] (./main.toc
[2])
[3{/opt/homebrew/Cellar/texlive/20250308_1/share/texmf-dist/fonts/enc/dvips/lm/
lm-rm.enc}{/opt/homebrew/Cellar/texlive/20250308_1/share/texmf-dist/fonts/enc/d
vips/lm/lm-mathit.enc}] (./sections/01-introduction.tex
Chapter 1.

LaTeX Warning: Citation `reddy2016' on page 1 undefined on input line 41.


LaTeX Warning: Citation `vilpellet2026' on page 1 undefined on input line 44.


Underfull \vbox (badness 10000) has occurred while \output is active
[1{/opt/homebrew/Cellar/texlive/20250308_1/share/texmf-dist/fonts/enc/dvips/lm/
lm-mathsy.enc}{/opt/homebrew/Cellar/texlive/20250308_1/share/texmf-dist/fonts/e
nc/dvips/lm/lm-mathex.enc}]

LaTeX Warning: Citation `metzler2000' on page 2 undefined on input line 61.


LaTeX Warning: Citation `zaburdaev2015' on page 2 undefined on input line 79.


[2]

LaTeX Warning: Citation `tejedor2010' on page 3 undefined on input line 128.


LaTeX Warning: Citation `schulz2013' on page 3 undefined on input line 128.


(/opt/homebrew/Cellar/texlive/20250308_1/share/texmf-dist/tex/latex/dejavu/T1De
jaVuSans-TLF.fd)
Underfull \vbox (badness 10000) has occurred while \output is active
[3]) (./sections/03-dataset.tex
[4{/opt/homebrew/Cellar/texlive/20250308_1/share/texmf-dist/fonts/enc/dvips/dej
avu/dejavusans_t1-type1.enc}]
Chapter 2.

(/opt/homebrew/Cellar/texlive/20250308_1/share/texmf-dist/tex/latex/lm/ts1lmr.f
d)
[5{/opt/homebrew/Cellar/texlive/20250308_1/share/texmf-dist/fonts/enc/dvips/lm/
lm-ts1.enc}]

LaTeX Warning: Citation `fai_igc_spec' on page 6 undefined on input line 62.


[6]

LaTeX Warning: Citation `vilpellet2026' on page 7 undefined on input line 140.


LaTeX Warning: Citation `fpren926_2_2012' on page 7 undefined on input line 152
.


LaTeX Warning: Citation `fai_sc7_2024' on page 7 undefined on input line 155.


LaTeX Warning: Citation `fai_sc7_2024' on page 7 undefined on input line 174.


LaTeX Warning: Citation `fpren926_2_2012' on page 7 undefined on input line 174
.

(./generated/seasons_table_para.tex [7]) (./generated/seasons_table_hang.tex
[8])
[9] (./generated/cleaning_witness_audit.tex)
[10]

LaTeX Warning: Citation `fai_igc_spec' on page 11 undefined on input line 326.


LaTeX Warning: Citation `fai_civl_s7h_2024' on page 11 undefined on input line
326.


[11]

LaTeX Warning: Citation `garciacrespillo2024' on page 12 undefined on input lin
e 377.


[12 <./generated/altitude_noise.pdf>]
[13]

LaTeX Warning: Citation `sklearn_haversine' on page 14 undefined on input line
474.


[14 <./generated/cleaning_defects_schematic.pdf>]

LaTeX Warning: Citation `rousseeuw1993' on page 15 undefined on input line 511.



[15]
(/opt/homebrew/Cellar/texlive/20250308_1/share/texmf-dist/tex/latex/dejavu/OT1D
ejaVuSans-TLF.fd)
[16 <./generated/horizontal_gate_explainer.pdf>]
[17{/opt/homebrew/Cellar/texlive/20250308_1/share/texmf-dist/fonts/enc/dvips/de
javu/dejavusans_ot1.enc}]
[18 <./generated/vertical_median_explainer.pdf>]
[19]

LaTeX Warning: Citation `daviesgather1993' on page 20 undefined on input line 9
19.


[20 <./generated/fixlevel_diagnostics.pdf>]
[21]
[22 <./generated/cleaning_real_examples.pdf>]
[23 <./generated/trim_split_seconds.pdf>]
[24 <./generated/trim_interior_excisions.pdf>]

LaTeX Warning: Citation `nga_wgs84' on page 25 undefined on input line 1203.


LaTeX Warning: Citation `esa_navipedia_ellipsoidal_cartesian' on page 25 undefi
ned on input line 1203.


[25]
[26 <./generated/preproc_diagnostics.pdf>]
[27]

LaTeX Warning: Citation `fritsch1984' on page 28 undefined on input line 1623.


[28]
[29 <./generated/sampling_intervals.pdf>]
[30]

LaTeX Warning: Citation `savitzky1964' on page 31 undefined on input line 1702.



[31 <./generated/gap_diagnostics.pdf>]
[32]
[33 <./generated/savgol_explainer.pdf>]
[34 <./generated/savgol_spectrum.pdf>]
[35 <./generated/savgol_response.pdf>]
[36]
[37] [38]
[39]
[40]
[41 <./generated/prelim_ensemble.pdf>]
[42 <./generated/dataset_seasons.pdf>]

LaTeX Warning: Citation `hernandezaguayo2026' on page 43 undefined on input lin
e 2479.


LaTeX Warning: Citation `kapos2000' on page 43 undefined on input line 2480.


LaTeX Warning: Citation `hernandezaguayo2026' on page 43 undefined on input lin
e 2502.


[43]
[44 <./generated/prelim_map.pdf>]) (./sections/04-fixed-transport.tex
[45 <./generated/terrain_map.pdf>]
Chapter 3.
(./generated/ch3_transport_values.tex)
(./generated/ch3_transport_interpolation_table.tex)
[46]

LaTeX Warning: Citation `cameron_miller2015' on page 47 undefined on input line
 97.

(./generated/ch3_transport_cluster_context.tex)
(./generated/ch3_transport_general_fit.tex)
(./generated/ch3_transport_support_table.tex)
[47]
[48 <./generated/ch3_transport_general.pdf>]
(./generated/ch3_transport_launch_interpretation.tex)
[49] (./generated/ch3_transport_cohort_table.tex)
(./generated/ch3_transport_cohort_composition.tex)
(./generated/ch3_transport_cohort_contrast_table.tex)
(./generated/ch3_transport_cohort_effect.tex
[50 <./generated/ch3_transport_general_slopes.pdf>]
[51 <./generated/ch3_transport_cohorts.pdf>])
(./generated/ch3_transport_task_composition.tex)
(./generated/ch3_transport_task_table.tex)
(./generated/ch3_transport_task_contrasts.tex)
[52 <./generated/ch3_transport_task_altitude.pdf>]

LaTeX Warning: Citation `embrechts_maejima_selfsimilar' on page 53 undefined on
 input line 339.


[53]
[54] (./generated/ch3_transport_quantile_findings.tex)
[55 <./generated/ch3_transport_quantiles_para.pdf>]
[56 <./generated/ch3_transport_quantiles_hang.pdf> <./generated/ch3_transport_q
uantile_exponents.pdf>] (./generated/ch3_transport_fit_table.tex)
(./generated/ch3_transport_scaling_table.tex)
(./generated/ch3_transport_moment_findings.tex)
[57 <./generated/ch3_transport_fixed_slopes.pdf>]

LaTeX Warning: Citation `nist_kurtosis' on page 58 undefined on input line 491.


(./generated/ch3_transport_kurtosis_findings.tex)
[58 <./generated/ch3_transport_spectrum.pdf>]
(./generated/ch3_transport_scaling_conclusion.tex)) (./main.bbl
[59 <./generated/ch3_transport_kurtosis.pdf>]
[60]
Underfull \hbox (badness 10000) in paragraph at lines 80--85
[]\T1/lmr/m/n/10.95 (+20) scikit-learn de-vel-op-ers.  \T1/lmtt/m/n/10.95 sklea
rn.metrics.pairwise.haversine_distances\T1/lmr/m/n/10.95 (+20) .

Underfull \hbox (badness 1902) in paragraph at lines 80--85
\T1/lmr/m/n/10.95 (+20) scikit-learn API ref-er-ence.  States the great-circle
for-mula used here. [][]$\T1/lmtt/m/n/10.95 https :

Underfull \hbox (badness 10000) in paragraph at lines 80--85
\T1/lmtt/m/n/10.95 / / scikit-[]learn . org / stable / modules / generated / sk
learn . metrics . pairwise .
)
[61]
[62] (./appendices/B-psd.tex
Appendix 2.A.

LaTeX Warning: Citation `welch1967' on page 63 undefined on input line 46.


[63]) (./appendices/geodesy.tex
[64]
Appendix 2.B.

LaTeX Warning: Citation `nga_wgs84' on page 65 undefined on input line 13.


[65]
[66]
(/opt/homebrew/Cellar/texlive/20250308_1/share/texmf-dist/tex/latex/lm/ot1lmss.
fd)

LaTeX Warning: Citation `esa_navipedia_ellipsoidal_cartesian' on page 67 undefi
ned on input line 166.


[67]

LaTeX Warning: Citation `nga_wgs84' on page 68 undefined on input line 229.

)
[68] (./main.aux)

LaTeX Warning: There were undefined references.


LaTeX Warning: Label(s) may have changed. Rerun to get cross-references right.


Package rerunfilecheck Warning: File `main.out' has changed.
(rerunfilecheck)                Rerun to get outlines right
(rerunfilecheck)                or use package `bookmark'.

 )
(see the transcript file for additional information)
pdfTeX warning (dest): name{section*.85} has been referenced but does not exist
, replaced by a fixed one

</opt/homebrew/Cellar/texlive/20250308_1/share/texmf-dist/fonts/type1/public/de
javu/DejaVuSans-Bold.pfb></opt/homebrew/Cellar/texlive/20250308_1/share/texmf-d
ist/fonts/type1/public/dejavu/DejaVuSans-Oblique.pfb></opt/homebrew/Cellar/texl
ive/20250308_1/share/texmf-dist/fonts/type1/public/dejavu/DejaVuSans.pfb></opt/
homebrew/Cellar/texlive/20250308_1/share/texmf-dist/fonts/type1/public/amsfonts
/cm/cmmi10.pfb></opt/homebrew/Cellar/texlive/20250308_1/share/texmf-dist/fonts/
type1/public/amsfonts/cm/cmmi9.pfb></opt/homebrew/Cellar/texlive/20250308_1/sha
re/texmf-dist/fonts/type1/public/amsfonts/cm/cmsy10.pfb></opt/homebrew/Cellar/t
exlive/20250308_1/share/texmf-dist/fonts/type1/public/amsfonts/cm/cmsy6.pfb></o
pt/homebrew/Cellar/texlive/20250308_1/share/texmf-dist/fonts/type1/public/amsfo
nts/cm/cmsy9.pfb></opt/homebrew/Cellar/texlive/20250308_1/share/texmf-dist/font
s/type1/public/lm/lmbx10.pfb></opt/homebrew/Cellar/texlive/20250308_1/share/tex
mf-dist/fonts/type1/public/lm/lmbx12.pfb></opt/homebrew/Cellar/texlive/20250308
_1/share/texmf-dist/fonts/type1/public/lm/lmbx8.pfb></opt/homebrew/Cellar/texli
ve/20250308_1/share/texmf-dist/fonts/type1/public/lm/lmbx9.pfb></opt/homebrew/C
ellar/texlive/20250308_1/share/texmf-dist/fonts/type1/public/lm/lmcsc10.pfb></o
pt/homebrew/Cellar/texlive/20250308_1/share/texmf-dist/fonts/type1/public/lm/lm
ex10.pfb></opt/homebrew/Cellar/texlive/20250308_1/share/texmf-dist/fonts/type1/
public/lm/lmmi10.pfb></opt/homebrew/Cellar/texlive/20250308_1/share/texmf-dist/
fonts/type1/public/lm/lmmi12.pfb></opt/homebrew/Cellar/texlive/20250308_1/share
/texmf-dist/fonts/type1/public/lm/lmmi6.pfb></opt/homebrew/Cellar/texlive/20250
308_1/share/texmf-dist/fonts/type1/public/lm/lmmi7.pfb></opt/homebrew/Cellar/te
xlive/20250308_1/share/texmf-dist/fonts/type1/public/lm/lmmi8.pfb></opt/homebre
w/Cellar/texlive/20250308_1/share/texmf-dist/fonts/type1/public/lm/lmmi9.pfb></
opt/homebrew/Cellar/texlive/20250308_1/share/texmf-dist/fonts/type1/public/lm/l
mmib10.pfb></opt/homebrew/Cellar/texlive/20250308_1/share/texmf-dist/fonts/type
1/public/lm/lmr10.pfb></opt/homebrew/Cellar/texlive/20250308_1/share/texmf-dist
/fonts/type1/public/lm/lmr12.pfb></opt/homebrew/Cellar/texlive/20250308_1/share
/texmf-dist/fonts/type1/public/lm/lmr17.pfb></opt/homebrew/Cellar/texlive/20250
308_1/share/texmf-dist/fonts/type1/public/lm/lmr5.pfb></opt/homebrew/Cellar/tex
live/20250308_1/share/texmf-dist/fonts/type1/public/lm/lmr6.pfb></opt/homebrew/
Cellar/texlive/20250308_1/share/texmf-dist/fonts/type1/public/lm/lmr7.pfb></opt
/homebrew/Cellar/texlive/20250308_1/share/texmf-dist/fonts/type1/public/lm/lmr8
.pfb></opt/homebrew/Cellar/texlive/20250308_1/share/texmf-dist/fonts/type1/publ
ic/lm/lmr9.pfb></opt/homebrew/Cellar/texlive/20250308_1/share/texmf-dist/fonts/
type1/public/lm/lmri10.pfb></opt/homebrew/Cellar/texlive/20250308_1/share/texmf
-dist/fonts/type1/public/lm/lmri12.pfb></opt/homebrew/Cellar/texlive/20250308_1
/share/texmf-dist/fonts/type1/public/lm/lmss8.pfb></opt/homebrew/Cellar/texlive
/20250308_1/share/texmf-dist/fonts/type1/public/lm/lmsy10.pfb></opt/homebrew/Ce
llar/texlive/20250308_1/share/texmf-dist/fonts/type1/public/lm/lmsy6.pfb></opt/
homebrew/Cellar/texlive/20250308_1/share/texmf-dist/fonts/type1/public/lm/lmsy7
.pfb></opt/homebrew/Cellar/texlive/20250308_1/share/texmf-dist/fonts/type1/publ
ic/lm/lmsy8.pfb></opt/homebrew/Cellar/texlive/20250308_1/share/texmf-dist/fonts
/type1/public/lm/lmtt10.pfb></opt/homebrew/Cellar/texlive/20250308_1/share/texm
f-dist/fonts/type1/public/amsfonts/symbols/msbm10.pfb>
Output written on main.pdf (72 pages, 3295143 bytes).
Transcript written on main.log.
Latexmk: Getting log file 'main.log'
Latexmk: Examining 'main.fls'
Latexmk: Examining 'main.log'
Latexmk: Found input bbl file 'main.bbl'
Latexmk: References changed.
Latexmk: References changed.
Latexmk: Log file says output to 'main.pdf'
Latexmk: Found bibliography file(s):
  ./references.bib
Latexmk: applying rule 'bibtex main'...
Rule 'bibtex main':  Reasons for rerun
Changed files or newly in use/created:
  main.aux

------------
Run number 2 of rule 'bibtex main'
------------
------------
Running 'bibtex  "main.aux"'
------------
This is BibTeX, Version 0.99d (TeX Live 2025/Homebrew)
The top-level auxiliary file: main.aux
The style file: unsrt.bst
Database file #1: references.bib
Latexmk: applying rule 'pdflatex'...
Rule 'pdflatex':  Reasons for rerun
Changed files or newly in use/created:
  main.aux
  main.out
  main.toc

------------
Run number 3 of rule 'pdflatex'
------------
------------
Running 'pdflatex  -interaction=nonstopmode -halt-on-error -recorder  "main.tex"'
------------
This is pdfTeX, Version 3.141592653-2.6-1.40.27 (TeX Live 2025/Homebrew) (preloaded format=pdflatex)
 restricted \write18 enabled.
entering extended mode
(./main.tex
LaTeX2e <2024-11-01> patch level 2
L3 programming layer <2025-01-18>
(./preamble.tex
(/opt/homebrew/Cellar/texlive/20250308_1/share/texmf-dist/tex/latex/base/report
.cls
Document Class: report 2024/06/29 v1.4n Standard LaTeX document class

(/opt/homebrew/Cellar/texlive/20250308_1/share/texmf-dist/tex/latex/base/size11
.clo))
(/opt/homebrew/Cellar/texlive/20250308_1/share/texmf-dist/tex/latex/base/inpute
nc.sty)
(/opt/homebrew/Cellar/texlive/20250308_1/share/texmf-dist/tex/latex/base/fonten
c.sty)
(/opt/homebrew/Cellar/texlive/20250308_1/share/texmf-dist/tex/latex/lm/lmodern.
sty)
(/opt/homebrew/Cellar/texlive/20250308_1/share/texmf-dist/tex/generic/babel/bab
el.sty
(/opt/homebrew/Cellar/texlive/20250308_1/share/texmf-dist/tex/generic/babel/txt
babel.def)
(/opt/homebrew/Cellar/texlive/20250308_1/share/texmf-dist/tex/generic/babel-eng
lish/english.ldf))
(/opt/homebrew/Cellar/texlive/20250308_1/share/texmf-dist/tex/generic/babel/loc
ale/en/babel-english.tex)
(/opt/homebrew/Cellar/texlive/20250308_1/share/texmf-dist/tex/latex/amsmath/ams
math.sty
For additional information on amsmath, use the `?' option.

(/opt/homebrew/Cellar/texlive/20250308_1/share/texmf-dist/tex/latex/amsmath/ams
text.sty
(/opt/homebrew/Cellar/texlive/20250308_1/share/texmf-dist/tex/latex/amsmath/ams
gen.sty))
(/opt/homebrew/Cellar/texlive/20250308_1/share/texmf-dist/tex/latex/amsmath/ams
bsy.sty)
(/opt/homebrew/Cellar/texlive/20250308_1/share/texmf-dist/tex/latex/amsmath/ams
opn.sty))
(/opt/homebrew/Cellar/texlive/20250308_1/share/texmf-dist/tex/latex/amsfonts/am
ssymb.sty
(/opt/homebrew/Cellar/texlive/20250308_1/share/texmf-dist/tex/latex/amsfonts/am
sfonts.sty))
(/opt/homebrew/Cellar/texlive/20250308_1/share/texmf-dist/tex/latex/enumitem/en
umitem.sty)
(/opt/homebrew/Cellar/texlive/20250308_1/share/texmf-dist/tex/latex/geometry/ge
ometry.sty
(/opt/homebrew/Cellar/texlive/20250308_1/share/texmf-dist/tex/latex/graphics/ke
yval.sty)
(/opt/homebrew/Cellar/texlive/20250308_1/share/texmf-dist/tex/generic/iftex/ifv
tex.sty
(/opt/homebrew/Cellar/texlive/20250308_1/share/texmf-dist/tex/generic/iftex/ift
ex.sty)))
(/opt/homebrew/Cellar/texlive/20250308_1/share/texmf-dist/tex/latex/microtype/m
icrotype.sty
(/opt/homebrew/Cellar/texlive/20250308_1/share/texmf-dist/tex/latex/etoolbox/et
oolbox.sty)
(/opt/homebrew/Cellar/texlive/20250308_1/share/texmf-dist/tex/latex/microtype/m
icrotype-pdftex.def)
(/opt/homebrew/Cellar/texlive/20250308_1/share/texmf-dist/tex/latex/microtype/m
icrotype.cfg))
(/opt/homebrew/Cellar/texlive/20250308_1/share/texmf-dist/tex/latex/graphics/gr
aphicx.sty
(/opt/homebrew/Cellar/texlive/20250308_1/share/texmf-dist/tex/latex/graphics/gr
aphics.sty
(/opt/homebrew/Cellar/texlive/20250308_1/share/texmf-dist/tex/latex/graphics/tr
ig.sty)
(/opt/homebrew/Cellar/texlive/20250308_1/share/texmf-dist/tex/latex/graphics-cf
g/graphics.cfg)
(/opt/homebrew/Cellar/texlive/20250308_1/share/texmf-dist/tex/latex/graphics-de
f/pdftex.def)))
(/opt/homebrew/Cellar/texlive/20250308_1/share/texmf-dist/tex/latex/placeins/pl
aceins.sty)
(/opt/homebrew/Cellar/texlive/20250308_1/share/texmf-dist/tex/latex/float/float
.sty)
(/opt/homebrew/Cellar/texlive/20250308_1/share/texmf-dist/tex/latex/caption/cap
tion.sty
(/opt/homebrew/Cellar/texlive/20250308_1/share/texmf-dist/tex/latex/caption/cap
tion3.sty))
(/opt/homebrew/Cellar/texlive/20250308_1/share/texmf-dist/tex/latex/booktabs/bo
oktabs.sty)
(/opt/homebrew/Cellar/texlive/20250308_1/share/texmf-dist/tex/latex/tools/tabul
arx.sty
(/opt/homebrew/Cellar/texlive/20250308_1/share/texmf-dist/tex/latex/tools/array
.sty))
(/opt/homebrew/Cellar/texlive/20250308_1/share/texmf-dist/tex/latex/tools/longt
able.sty)
(/opt/homebrew/Cellar/texlive/20250308_1/share/texmf-dist/tex/latex/needspace/n
eedspace.sty)
(/opt/homebrew/Cellar/texlive/20250308_1/share/texmf-dist/tex/latex/multirow/mu
ltirow.sty)
(/opt/homebrew/Cellar/texlive/20250308_1/share/texmf-dist/tex/latex/siunitx/siu
nitx.sty
(/opt/homebrew/Cellar/texlive/20250308_1/share/texmf-dist/tex/latex/translation
s/translations.sty
(/opt/homebrew/Cellar/texlive/20250308_1/share/texmf-dist/tex/generic/pdftexcmd
s/pdftexcmds.sty
(/opt/homebrew/Cellar/texlive/20250308_1/share/texmf-dist/tex/generic/infwarerr
/infwarerr.sty)
(/opt/homebrew/Cellar/texlive/20250308_1/share/texmf-dist/tex/generic/ltxcmds/l
txcmds.sty))))
(/opt/homebrew/Cellar/texlive/20250308_1/share/texmf-dist/tex/latex/xcolor/xcol
or.sty
(/opt/homebrew/Cellar/texlive/20250308_1/share/texmf-dist/tex/latex/graphics-cf
g/color.cfg)
(/opt/homebrew/Cellar/texlive/20250308_1/share/texmf-dist/tex/latex/graphics/ma
thcolor.ltx))
(/opt/homebrew/Cellar/texlive/20250308_1/share/texmf-dist/tex/latex/csquotes/cs
quotes.sty
(/opt/homebrew/Cellar/texlive/20250308_1/share/texmf-dist/tex/latex/csquotes/cs
quotes.def)
(/opt/homebrew/Cellar/texlive/20250308_1/share/texmf-dist/tex/latex/csquotes/cs
quotes.cfg))
(/opt/homebrew/Cellar/texlive/20250308_1/share/texmf-dist/tex/latex/hyperref/xr
-hyper.sty)
(/opt/homebrew/Cellar/texlive/20250308_1/share/texmf-dist/tex/latex/hyperref/hy
perref.sty
(/opt/homebrew/Cellar/texlive/20250308_1/share/texmf-dist/tex/latex/kvsetkeys/k
vsetkeys.sty)
(/opt/homebrew/Cellar/texlive/20250308_1/share/texmf-dist/tex/generic/kvdefinek
eys/kvdefinekeys.sty)
(/opt/homebrew/Cellar/texlive/20250308_1/share/texmf-dist/tex/generic/pdfescape
/pdfescape.sty)
(/opt/homebrew/Cellar/texlive/20250308_1/share/texmf-dist/tex/latex/hycolor/hyc
olor.sty)
(/opt/homebrew/Cellar/texlive/20250308_1/share/texmf-dist/tex/latex/hyperref/na
meref.sty
(/opt/homebrew/Cellar/texlive/20250308_1/share/texmf-dist/tex/latex/refcount/re
fcount.sty)
(/opt/homebrew/Cellar/texlive/20250308_1/share/texmf-dist/tex/generic/gettitles
tring/gettitlestring.sty
(/opt/homebrew/Cellar/texlive/20250308_1/share/texmf-dist/tex/latex/kvoptions/k
voptions.sty)))
(/opt/homebrew/Cellar/texlive/20250308_1/share/texmf-dist/tex/generic/stringenc
/stringenc.sty)
(/opt/homebrew/Cellar/texlive/20250308_1/share/texmf-dist/tex/latex/hyperref/pd
1enc.def)
(/opt/homebrew/Cellar/texlive/20250308_1/share/texmf-dist/tex/generic/intcalc/i
ntcalc.sty)
(/opt/homebrew/Cellar/texlive/20250308_1/share/texmf-dist/tex/latex/hyperref/pu
enc.def)
(/opt/homebrew/Cellar/texlive/20250308_1/share/texmf-dist/tex/latex/url/url.sty
)
(/opt/homebrew/Cellar/texlive/20250308_1/share/texmf-dist/tex/generic/bitset/bi
tset.sty
(/opt/homebrew/Cellar/texlive/20250308_1/share/texmf-dist/tex/generic/bigintcal
c/bigintcalc.sty))
(/opt/homebrew/Cellar/texlive/20250308_1/share/texmf-dist/tex/latex/base/atbegs
hi-ltx.sty))
(/opt/homebrew/Cellar/texlive/20250308_1/share/texmf-dist/tex/latex/hyperref/hp
dftex.def
(/opt/homebrew/Cellar/texlive/20250308_1/share/texmf-dist/tex/latex/base/atvery
end-ltx.sty)
(/opt/homebrew/Cellar/texlive/20250308_1/share/texmf-dist/tex/latex/rerunfilech
eck/rerunfilecheck.sty
(/opt/homebrew/Cellar/texlive/20250308_1/share/texmf-dist/tex/generic/uniquecou
nter/uniquecounter.sty)))
(/opt/homebrew/Cellar/texlive/20250308_1/share/texmf-dist/tex/latex/pgf/fronten
dlayer/tikz.sty
(/opt/homebrew/Cellar/texlive/20250308_1/share/texmf-dist/tex/latex/pgf/basicla
yer/pgf.sty
(/opt/homebrew/Cellar/texlive/20250308_1/share/texmf-dist/tex/latex/pgf/utiliti
es/pgfrcs.sty
(/opt/homebrew/Cellar/texlive/20250308_1/share/texmf-dist/tex/generic/pgf/utili
ties/pgfutil-common.tex)
(/opt/homebrew/Cellar/texlive/20250308_1/share/texmf-dist/tex/generic/pgf/utili
ties/pgfutil-latex.def)
(/opt/homebrew/Cellar/texlive/20250308_1/share/texmf-dist/tex/generic/pgf/utili
ties/pgfrcs.code.tex
(/opt/homebrew/Cellar/texlive/20250308_1/share/texmf-dist/tex/generic/pgf/pgf.r
evision.tex)))
(/opt/homebrew/Cellar/texlive/20250308_1/share/texmf-dist/tex/latex/pgf/basicla
yer/pgfcore.sty
(/opt/homebrew/Cellar/texlive/20250308_1/share/texmf-dist/tex/latex/pgf/systeml
ayer/pgfsys.sty
(/opt/homebrew/Cellar/texlive/20250308_1/share/texmf-dist/tex/generic/pgf/syste
mlayer/pgfsys.code.tex
(/opt/homebrew/Cellar/texlive/20250308_1/share/texmf-dist/tex/generic/pgf/utili
ties/pgfkeys.code.tex
(/opt/homebrew/Cellar/texlive/20250308_1/share/texmf-dist/tex/generic/pgf/utili
ties/pgfkeyslibraryfiltered.code.tex))
(/opt/homebrew/Cellar/texlive/20250308_1/share/texmf-dist/tex/generic/pgf/syste
mlayer/pgf.cfg)
(/opt/homebrew/Cellar/texlive/20250308_1/share/texmf-dist/tex/generic/pgf/syste
mlayer/pgfsys-pdftex.def
(/opt/homebrew/Cellar/texlive/20250308_1/share/texmf-dist/tex/generic/pgf/syste
mlayer/pgfsys-common-pdf.def)))
(/opt/homebrew/Cellar/texlive/20250308_1/share/texmf-dist/tex/generic/pgf/syste
mlayer/pgfsyssoftpath.code.tex)
(/opt/homebrew/Cellar/texlive/20250308_1/share/texmf-dist/tex/generic/pgf/syste
mlayer/pgfsysprotocol.code.tex))
(/opt/homebrew/Cellar/texlive/20250308_1/share/texmf-dist/tex/generic/pgf/basic
layer/pgfcore.code.tex
(/opt/homebrew/Cellar/texlive/20250308_1/share/texmf-dist/tex/generic/pgf/math/
pgfmath.code.tex
(/opt/homebrew/Cellar/texlive/20250308_1/share/texmf-dist/tex/generic/pgf/math/
pgfmathutil.code.tex)
(/opt/homebrew/Cellar/texlive/20250308_1/share/texmf-dist/tex/generic/pgf/math/
pgfmathparser.code.tex)
(/opt/homebrew/Cellar/texlive/20250308_1/share/texmf-dist/tex/generic/pgf/math/
pgfmathfunctions.code.tex)
(/opt/homebrew/Cellar/texlive/20250308_1/share/texmf-dist/tex/generic/pgf/math/
pgfmathfunctions.basic.code.tex)
(/opt/homebrew/Cellar/texlive/20250308_1/share/texmf-dist/tex/generic/pgf/math/
pgfmathfunctions.trigonometric.code.tex)
(/opt/homebrew/Cellar/texlive/20250308_1/share/texmf-dist/tex/generic/pgf/math/
pgfmathfunctions.random.code.tex)
(/opt/homebrew/Cellar/texlive/20250308_1/share/texmf-dist/tex/generic/pgf/math/
pgfmathfunctions.comparison.code.tex)
(/opt/homebrew/Cellar/texlive/20250308_1/share/texmf-dist/tex/generic/pgf/math/
pgfmathfunctions.base.code.tex)
(/opt/homebrew/Cellar/texlive/20250308_1/share/texmf-dist/tex/generic/pgf/math/
pgfmathfunctions.round.code.tex)
(/opt/homebrew/Cellar/texlive/20250308_1/share/texmf-dist/tex/generic/pgf/math/
pgfmathfunctions.misc.code.tex)
(/opt/homebrew/Cellar/texlive/20250308_1/share/texmf-dist/tex/generic/pgf/math/
pgfmathfunctions.integerarithmetics.code.tex)
(/opt/homebrew/Cellar/texlive/20250308_1/share/texmf-dist/tex/generic/pgf/math/
pgfmathcalc.code.tex)
(/opt/homebrew/Cellar/texlive/20250308_1/share/texmf-dist/tex/generic/pgf/math/
pgfmathfloat.code.tex))
(/opt/homebrew/Cellar/texlive/20250308_1/share/texmf-dist/tex/generic/pgf/math/
pgfint.code.tex)
(/opt/homebrew/Cellar/texlive/20250308_1/share/texmf-dist/tex/generic/pgf/basic
layer/pgfcorepoints.code.tex)
(/opt/homebrew/Cellar/texlive/20250308_1/share/texmf-dist/tex/generic/pgf/basic
layer/pgfcorepathconstruct.code.tex)
(/opt/homebrew/Cellar/texlive/20250308_1/share/texmf-dist/tex/generic/pgf/basic
layer/pgfcorepathusage.code.tex)
(/opt/homebrew/Cellar/texlive/20250308_1/share/texmf-dist/tex/generic/pgf/basic
layer/pgfcorescopes.code.tex)
(/opt/homebrew/Cellar/texlive/20250308_1/share/texmf-dist/tex/generic/pgf/basic
layer/pgfcoregraphicstate.code.tex)
(/opt/homebrew/Cellar/texlive/20250308_1/share/texmf-dist/tex/generic/pgf/basic
layer/pgfcoretransformations.code.tex)
(/opt/homebrew/Cellar/texlive/20250308_1/share/texmf-dist/tex/generic/pgf/basic
layer/pgfcorequick.code.tex)
(/opt/homebrew/Cellar/texlive/20250308_1/share/texmf-dist/tex/generic/pgf/basic
layer/pgfcoreobjects.code.tex)
(/opt/homebrew/Cellar/texlive/20250308_1/share/texmf-dist/tex/generic/pgf/basic
layer/pgfcorepathprocessing.code.tex)
(/opt/homebrew/Cellar/texlive/20250308_1/share/texmf-dist/tex/generic/pgf/basic
layer/pgfcorearrows.code.tex)
(/opt/homebrew/Cellar/texlive/20250308_1/share/texmf-dist/tex/generic/pgf/basic
layer/pgfcoreshade.code.tex)
(/opt/homebrew/Cellar/texlive/20250308_1/share/texmf-dist/tex/generic/pgf/basic
layer/pgfcoreimage.code.tex)
(/opt/homebrew/Cellar/texlive/20250308_1/share/texmf-dist/tex/generic/pgf/basic
layer/pgfcoreexternal.code.tex)
(/opt/homebrew/Cellar/texlive/20250308_1/share/texmf-dist/tex/generic/pgf/basic
layer/pgfcorelayers.code.tex)
(/opt/homebrew/Cellar/texlive/20250308_1/share/texmf-dist/tex/generic/pgf/basic
layer/pgfcoretransparency.code.tex)
(/opt/homebrew/Cellar/texlive/20250308_1/share/texmf-dist/tex/generic/pgf/basic
layer/pgfcorepatterns.code.tex)
(/opt/homebrew/Cellar/texlive/20250308_1/share/texmf-dist/tex/generic/pgf/basic
layer/pgfcorerdf.code.tex)))
(/opt/homebrew/Cellar/texlive/20250308_1/share/texmf-dist/tex/generic/pgf/modul
es/pgfmoduleshapes.code.tex)
(/opt/homebrew/Cellar/texlive/20250308_1/share/texmf-dist/tex/generic/pgf/modul
es/pgfmoduleplot.code.tex)
(/opt/homebrew/Cellar/texlive/20250308_1/share/texmf-dist/tex/latex/pgf/compati
bility/pgfcomp-version-0-65.sty)
(/opt/homebrew/Cellar/texlive/20250308_1/share/texmf-dist/tex/latex/pgf/compati
bility/pgfcomp-version-1-18.sty))
(/opt/homebrew/Cellar/texlive/20250308_1/share/texmf-dist/tex/latex/pgf/utiliti
es/pgffor.sty
(/opt/homebrew/Cellar/texlive/20250308_1/share/texmf-dist/tex/latex/pgf/utiliti
es/pgfkeys.sty
(/opt/homebrew/Cellar/texlive/20250308_1/share/texmf-dist/tex/generic/pgf/utili
ties/pgfkeys.code.tex))
(/opt/homebrew/Cellar/texlive/20250308_1/share/texmf-dist/tex/latex/pgf/math/pg
fmath.sty
(/opt/homebrew/Cellar/texlive/20250308_1/share/texmf-dist/tex/generic/pgf/math/
pgfmath.code.tex))
(/opt/homebrew/Cellar/texlive/20250308_1/share/texmf-dist/tex/generic/pgf/utili
ties/pgffor.code.tex))
(/opt/homebrew/Cellar/texlive/20250308_1/share/texmf-dist/tex/generic/pgf/front
endlayer/tikz/tikz.code.tex
(/opt/homebrew/Cellar/texlive/20250308_1/share/texmf-dist/tex/generic/pgf/libra
ries/pgflibraryplothandlers.code.tex)
(/opt/homebrew/Cellar/texlive/20250308_1/share/texmf-dist/tex/generic/pgf/modul
es/pgfmodulematrix.code.tex)
(/opt/homebrew/Cellar/texlive/20250308_1/share/texmf-dist/tex/generic/pgf/front
endlayer/tikz/libraries/tikzlibrarytopaths.code.tex)))
(/opt/homebrew/Cellar/texlive/20250308_1/share/texmf-dist/tex/generic/pgf/libra
ries/pgflibraryarrows.meta.code.tex)
(/opt/homebrew/Cellar/texlive/20250308_1/share/texmf-dist/tex/generic/pgf/front
endlayer/tikz/libraries/tikzlibrarycalc.code.tex)
(/opt/homebrew/Cellar/texlive/20250308_1/share/texmf-dist/tex/generic/pgf/front
endlayer/tikz/libraries/tikzlibraryangles.code.tex)
(/opt/homebrew/Cellar/texlive/20250308_1/share/texmf-dist/tex/generic/pgf/front
endlayer/tikz/libraries/tikzlibraryquotes.code.tex)
(/opt/homebrew/Cellar/texlive/20250308_1/share/texmf-dist/tex/generic/pgf/front
endlayer/tikz/libraries/tikzlibrarypositioning.code.tex)
(/opt/homebrew/Cellar/texlive/20250308_1/share/texmf-dist/tex/generic/pgf/front
endlayer/tikz/libraries/tikzlibrarydecorations.pathreplacing.code.tex
(/opt/homebrew/Cellar/texlive/20250308_1/share/texmf-dist/tex/generic/pgf/front
endlayer/tikz/libraries/tikzlibrarydecorations.code.tex
(/opt/homebrew/Cellar/texlive/20250308_1/share/texmf-dist/tex/generic/pgf/modul
es/pgfmoduledecorations.code.tex))
(/opt/homebrew/Cellar/texlive/20250308_1/share/texmf-dist/tex/generic/pgf/libra
ries/decorations/pgflibrarydecorations.pathreplacing.code.tex))
(/opt/homebrew/Cellar/texlive/20250308_1/share/texmf-dist/tex/latex/titlesec/ti
tletoc.sty)
(/opt/homebrew/Cellar/texlive/20250308_1/share/texmf-dist/tex/latex/fancyhdr/fa
ncyhdr.sty)
(/opt/homebrew/Cellar/texlive/20250308_1/share/texmf-dist/tex/latex/dejavu/Deja
VuSans.sty)
(/opt/homebrew/Cellar/texlive/20250308_1/share/texmf-dist/tex/latex/sansmath/sa
nsmath.sty)
(/opt/homebrew/Cellar/texlive/20250308_1/share/texmf-dist/tex/latex/cite/cite.s
ty) (./generated/stats.tex) (./generated/census.tex) (./generated/msd.tex)
(./generated/altitude_noise.tex) (./generated/pipeline_census.tex)
(./generated/trim.tex) (./generated/verify.tex) (./generated/audit.tex)
(./generated/prelim.tex) (./generated/terrain.tex)
(./generated/dataset_stats.tex) (./generated/kinematic_isotropy.tex)
(./generated/ch3_revision.tex) (./generated/ch3_terrain_axes_values.tex)
(./generated/ch3_channel_wind_values.tex)
(./generated/ch3_regional_variations_values.tex)
(./generated/ch3_grouped_tamsd_values.tex) (./generated/ch3_msd_weights.tex)
(./generated/ch3_altitude_hurst_values.tex)
(./generated/ch3_self_similarity_values.tex)
(./generated/duration_equipment.tex) (./generated/snapshot_status.tex)
(./generated/segmentation.tex) (./generated/ch5_vilpellet_values.tex))
(/opt/homebrew/Cellar/texlive/20250308_1/share/texmf-dist/tex/latex/lm/t1lmr.fd
)
(/opt/homebrew/Cellar/texlive/20250308_1/share/texmf-dist/tex/latex/l3backend/l
3backend-pdftex.def) (./main.aux)
*geometry* driver: auto-detecting
*geometry* detected driver: pdftex

(/opt/homebrew/Cellar/texlive/20250308_1/share/texmf-dist/tex/latex/microtype/m
t-cmr.cfg)
(/opt/homebrew/Cellar/texlive/20250308_1/share/texmf-dist/tex/context/base/mkii
/supp-pdf.mkii
[Loading MPS to PDF converter (version 2006.09.02).]
)
(/opt/homebrew/Cellar/texlive/20250308_1/share/texmf-dist/tex/latex/epstopdf-pk
g/epstopdf-base.sty
(/opt/homebrew/Cellar/texlive/20250308_1/share/texmf-dist/tex/latex/latexconfig
/epstopdf-sys.cfg))
(/opt/homebrew/Cellar/texlive/20250308_1/share/texmf-dist/tex/latex/caption/ltc
aption.sty)
(/opt/homebrew/Cellar/texlive/20250308_1/share/texmf-dist/tex/latex/translation
s/translations-basic-dictionary-english.trsl) (./main.out) (./main.out)
(/opt/homebrew/Cellar/texlive/20250308_1/share/texmf-dist/tex/latex/lm/t1lmtt.f
d)
(/opt/homebrew/Cellar/texlive/20250308_1/share/texmf-dist/tex/latex/lm/ot1lmr.f
d)
(/opt/homebrew/Cellar/texlive/20250308_1/share/texmf-dist/tex/latex/lm/omllmm.f
d)
(/opt/homebrew/Cellar/texlive/20250308_1/share/texmf-dist/tex/latex/lm/omslmsy.
fd)
(/opt/homebrew/Cellar/texlive/20250308_1/share/texmf-dist/tex/latex/lm/omxlmex.
fd)
(/opt/homebrew/Cellar/texlive/20250308_1/share/texmf-dist/tex/latex/amsfonts/um
sa.fd)
(/opt/homebrew/Cellar/texlive/20250308_1/share/texmf-dist/tex/latex/microtype/m
t-msa.cfg)
(/opt/homebrew/Cellar/texlive/20250308_1/share/texmf-dist/tex/latex/amsfonts/um
sb.fd)
(/opt/homebrew/Cellar/texlive/20250308_1/share/texmf-dist/tex/latex/microtype/m
t-msb.cfg)
[1{/opt/homebrew/Cellar/texlive/20250308_1/share/texmf-dist/fonts/map/pdftex/up
dmap/pdftex.map}{/opt/homebrew/Cellar/texlive/20250308_1/share/texmf-dist/fonts
/enc/dvips/lm/lm-ec.enc}]
[1] (./main.toc
[2])
[3{/opt/homebrew/Cellar/texlive/20250308_1/share/texmf-dist/fonts/enc/dvips/lm/
lm-rm.enc}{/opt/homebrew/Cellar/texlive/20250308_1/share/texmf-dist/fonts/enc/d
vips/lm/lm-mathit.enc}] (./sections/01-introduction.tex
Chapter 1.

Underfull \vbox (badness 10000) has occurred while \output is active
[1{/opt/homebrew/Cellar/texlive/20250308_1/share/texmf-dist/fonts/enc/dvips/lm/
lm-mathsy.enc}{/opt/homebrew/Cellar/texlive/20250308_1/share/texmf-dist/fonts/e
nc/dvips/lm/lm-mathex.enc}]
[2]
(/opt/homebrew/Cellar/texlive/20250308_1/share/texmf-dist/tex/latex/dejavu/T1De
jaVuSans-TLF.fd)
Underfull \vbox (badness 10000) has occurred while \output is active
[3]) (./sections/03-dataset.tex
[4{/opt/homebrew/Cellar/texlive/20250308_1/share/texmf-dist/fonts/enc/dvips/dej
avu/dejavusans_t1-type1.enc}]
Chapter 2.

(/opt/homebrew/Cellar/texlive/20250308_1/share/texmf-dist/tex/latex/lm/ts1lmr.f
d)
[5{/opt/homebrew/Cellar/texlive/20250308_1/share/texmf-dist/fonts/enc/dvips/lm/
lm-ts1.enc}]
[6] (./generated/seasons_table_para.tex [7])
(./generated/seasons_table_hang.tex [8])
[9] (./generated/cleaning_witness_audit.tex)
[10]
[11]
[12 <./generated/altitude_noise.pdf>]
[13]
[14 <./generated/cleaning_defects_schematic.pdf>]
[15]
(/opt/homebrew/Cellar/texlive/20250308_1/share/texmf-dist/tex/latex/dejavu/OT1D
ejaVuSans-TLF.fd)
[16 <./generated/horizontal_gate_explainer.pdf>]
[17{/opt/homebrew/Cellar/texlive/20250308_1/share/texmf-dist/fonts/enc/dvips/de
javu/dejavusans_ot1.enc}]
[18 <./generated/vertical_median_explainer.pdf>]
[19]
[20 <./generated/fixlevel_diagnostics.pdf>]
[21]
[22 <./generated/cleaning_real_examples.pdf>]
[23 <./generated/trim_split_seconds.pdf>]
[24 <./generated/trim_interior_excisions.pdf>]
[25]
[26 <./generated/preproc_diagnostics.pdf>]
[27]
[28]
[29 <./generated/sampling_intervals.pdf>]
[30]
[31 <./generated/gap_diagnostics.pdf>]
[32]
[33 <./generated/savgol_explainer.pdf>]
[34 <./generated/savgol_spectrum.pdf>]
[35 <./generated/savgol_response.pdf>]
[36]
[37] [38]
[39]
[40]
[41 <./generated/prelim_ensemble.pdf>]
[42 <./generated/dataset_seasons.pdf>]
[43]
[44 <./generated/prelim_map.pdf>]) (./sections/04-fixed-transport.tex
[45 <./generated/terrain_map.pdf>]
Chapter 3.
(./generated/ch3_transport_values.tex)
(./generated/ch3_transport_interpolation_table.tex)
[46] (./generated/ch3_transport_cluster_context.tex)
(./generated/ch3_transport_general_fit.tex)
(./generated/ch3_transport_support_table.tex)
[47]
[48 <./generated/ch3_transport_general.pdf>]
(./generated/ch3_transport_launch_interpretation.tex)
[49] (./generated/ch3_transport_cohort_table.tex)
(./generated/ch3_transport_cohort_composition.tex)
(./generated/ch3_transport_cohort_contrast_table.tex)
(./generated/ch3_transport_cohort_effect.tex
[50 <./generated/ch3_transport_general_slopes.pdf>]
[51 <./generated/ch3_transport_cohorts.pdf>])
(./generated/ch3_transport_task_composition.tex)
(./generated/ch3_transport_task_table.tex)
(./generated/ch3_transport_task_contrasts.tex)
[52 <./generated/ch3_transport_task_altitude.pdf>]
[53]
[54] (./generated/ch3_transport_quantile_findings.tex)
[55 <./generated/ch3_transport_quantiles_para.pdf>]
[56 <./generated/ch3_transport_quantiles_hang.pdf> <./generated/ch3_transport_q
uantile_exponents.pdf>] (./generated/ch3_transport_fit_table.tex)
(./generated/ch3_transport_scaling_table.tex)
(./generated/ch3_transport_moment_findings.tex)
[57 <./generated/ch3_transport_fixed_slopes.pdf>]
(./generated/ch3_transport_kurtosis_findings.tex)
[58 <./generated/ch3_transport_spectrum.pdf>]
(./generated/ch3_transport_scaling_conclusion.tex)) (./main.bbl
[59 <./generated/ch3_transport_kurtosis.pdf>]
[60]
Underfull \hbox (badness 10000) in paragraph at lines 80--85
[]\T1/lmr/m/n/10.95 (+20) scikit-learn de-vel-op-ers.  \T1/lmtt/m/n/10.95 sklea
rn.metrics.pairwise.haversine_distances\T1/lmr/m/n/10.95 (+20) .

Underfull \hbox (badness 1902) in paragraph at lines 80--85
\T1/lmr/m/n/10.95 (+20) scikit-learn API ref-er-ence.  States the great-circle
for-mula used here. [][]$\T1/lmtt/m/n/10.95 https :

Underfull \hbox (badness 10000) in paragraph at lines 80--85
\T1/lmtt/m/n/10.95 / / scikit-[]learn . org / stable / modules / generated / sk
learn . metrics . pairwise .
)
[61]
[62] (./appendices/B-psd.tex
Appendix 2.A.

[63]) (./appendices/geodesy.tex
[64]
Appendix 2.B.

[65]
[66]
(/opt/homebrew/Cellar/texlive/20250308_1/share/texmf-dist/tex/latex/lm/ot1lmss.
fd)
[67])
[68] (./main.aux) )
(see the transcript file for additional information)</opt/homebrew/Cellar/texli
ve/20250308_1/share/texmf-dist/fonts/type1/public/dejavu/DejaVuSans-Bold.pfb></
opt/homebrew/Cellar/texlive/20250308_1/share/texmf-dist/fonts/type1/public/deja
vu/DejaVuSans-Oblique.pfb></opt/homebrew/Cellar/texlive/20250308_1/share/texmf-
dist/fonts/type1/public/dejavu/DejaVuSans.pfb></opt/homebrew/Cellar/texlive/202
50308_1/share/texmf-dist/fonts/type1/public/amsfonts/cm/cmmi10.pfb></opt/homebr
ew/Cellar/texlive/20250308_1/share/texmf-dist/fonts/type1/public/amsfonts/cm/cm
mi9.pfb></opt/homebrew/Cellar/texlive/20250308_1/share/texmf-dist/fonts/type1/p
ublic/amsfonts/cm/cmsy10.pfb></opt/homebrew/Cellar/texlive/20250308_1/share/tex
mf-dist/fonts/type1/public/amsfonts/cm/cmsy6.pfb></opt/homebrew/Cellar/texlive/
20250308_1/share/texmf-dist/fonts/type1/public/amsfonts/cm/cmsy9.pfb></opt/home
brew/Cellar/texlive/20250308_1/share/texmf-dist/fonts/type1/public/lm/lmbx10.pf
b></opt/homebrew/Cellar/texlive/20250308_1/share/texmf-dist/fonts/type1/public/
lm/lmbx12.pfb></opt/homebrew/Cellar/texlive/20250308_1/share/texmf-dist/fonts/t
ype1/public/lm/lmbx8.pfb></opt/homebrew/Cellar/texlive/20250308_1/share/texmf-d
ist/fonts/type1/public/lm/lmbx9.pfb></opt/homebrew/Cellar/texlive/20250308_1/sh
are/texmf-dist/fonts/type1/public/lm/lmcsc10.pfb></opt/homebrew/Cellar/texlive/
20250308_1/share/texmf-dist/fonts/type1/public/lm/lmex10.pfb></opt/homebrew/Cel
lar/texlive/20250308_1/share/texmf-dist/fonts/type1/public/lm/lmmi10.pfb></opt/
homebrew/Cellar/texlive/20250308_1/share/texmf-dist/fonts/type1/public/lm/lmmi1
2.pfb></opt/homebrew/Cellar/texlive/20250308_1/share/texmf-dist/fonts/type1/pub
lic/lm/lmmi6.pfb></opt/homebrew/Cellar/texlive/20250308_1/share/texmf-dist/font
s/type1/public/lm/lmmi7.pfb></opt/homebrew/Cellar/texlive/20250308_1/share/texm
f-dist/fonts/type1/public/lm/lmmi8.pfb></opt/homebrew/Cellar/texlive/20250308_1
/share/texmf-dist/fonts/type1/public/lm/lmmi9.pfb></opt/homebrew/Cellar/texlive
/20250308_1/share/texmf-dist/fonts/type1/public/lm/lmmib10.pfb></opt/homebrew/C
ellar/texlive/20250308_1/share/texmf-dist/fonts/type1/public/lm/lmr10.pfb></opt
/homebrew/Cellar/texlive/20250308_1/share/texmf-dist/fonts/type1/public/lm/lmr1
2.pfb></opt/homebrew/Cellar/texlive/20250308_1/share/texmf-dist/fonts/type1/pub
lic/lm/lmr17.pfb></opt/homebrew/Cellar/texlive/20250308_1/share/texmf-dist/font
s/type1/public/lm/lmr5.pfb></opt/homebrew/Cellar/texlive/20250308_1/share/texmf
-dist/fonts/type1/public/lm/lmr6.pfb></opt/homebrew/Cellar/texlive/20250308_1/s
hare/texmf-dist/fonts/type1/public/lm/lmr7.pfb></opt/homebrew/Cellar/texlive/20
250308_1/share/texmf-dist/fonts/type1/public/lm/lmr8.pfb></opt/homebrew/Cellar/
texlive/20250308_1/share/texmf-dist/fonts/type1/public/lm/lmr9.pfb></opt/homebr
ew/Cellar/texlive/20250308_1/share/texmf-dist/fonts/type1/public/lm/lmri10.pfb>
</opt/homebrew/Cellar/texlive/20250308_1/share/texmf-dist/fonts/type1/public/lm
/lmri12.pfb></opt/homebrew/Cellar/texlive/20250308_1/share/texmf-dist/fonts/typ
e1/public/lm/lmss8.pfb></opt/homebrew/Cellar/texlive/20250308_1/share/texmf-dis
t/fonts/type1/public/lm/lmsy10.pfb></opt/homebrew/Cellar/texlive/20250308_1/sha
re/texmf-dist/fonts/type1/public/lm/lmsy6.pfb></opt/homebrew/Cellar/texlive/202
50308_1/share/texmf-dist/fonts/type1/public/lm/lmsy7.pfb></opt/homebrew/Cellar/
texlive/20250308_1/share/texmf-dist/fonts/type1/public/lm/lmsy8.pfb></opt/homeb
rew/Cellar/texlive/20250308_1/share/texmf-dist/fonts/type1/public/lm/lmtt10.pfb
></opt/homebrew/Cellar/texlive/20250308_1/share/texmf-dist/fonts/type1/public/a
msfonts/symbols/msbm10.pfb>
Output written on main.pdf (72 pages, 3297008 bytes).
Transcript written on main.log.
Latexmk: Getting log file 'main.log'
Latexmk: Examining 'main.fls'
Latexmk: Examining 'main.log'
Latexmk: Found input bbl file 'main.bbl'
Latexmk: Log file says output to 'main.pdf'
Latexmk: Found bibliography file(s):
  ./references.bib
Latexmk: All targets (main.pdf) are up-to-date

Rc files read:
  NONE
Latexmk: This is Latexmk, John Collins, 27 Dec. 2024. Version 4.86a.
No existing .aux file, so I'll make a simple one, and require run of *latex.
Latexmk: applying rule 'pdflatex'...
Rule 'pdflatex':  Reasons for rerun
Category 'other':
  Rerun of 'pdflatex' forced or previously required:
    Reason or flag: 'Initial setup'

------------
Run number 1 of rule 'pdflatex'
------------
------------
Running 'pdflatex  -interaction=nonstopmode -halt-on-error -recorder  "esperimenti.tex"'
------------
This is pdfTeX, Version 3.141592653-2.6-1.40.27 (TeX Live 2025/Homebrew) (preloaded format=pdflatex)
 restricted \write18 enabled.
entering extended mode
(./esperimenti.tex
LaTeX2e <2024-11-01> patch level 2
L3 programming layer <2025-01-18>
(./preamble.tex
(/opt/homebrew/Cellar/texlive/20250308_1/share/texmf-dist/tex/latex/base/report
.cls
Document Class: report 2024/06/29 v1.4n Standard LaTeX document class

(/opt/homebrew/Cellar/texlive/20250308_1/share/texmf-dist/tex/latex/base/size11
.clo))
(/opt/homebrew/Cellar/texlive/20250308_1/share/texmf-dist/tex/latex/base/inpute
nc.sty)
(/opt/homebrew/Cellar/texlive/20250308_1/share/texmf-dist/tex/latex/base/fonten
c.sty)
(/opt/homebrew/Cellar/texlive/20250308_1/share/texmf-dist/tex/latex/lm/lmodern.
sty)
(/opt/homebrew/Cellar/texlive/20250308_1/share/texmf-dist/tex/generic/babel/bab
el.sty
(/opt/homebrew/Cellar/texlive/20250308_1/share/texmf-dist/tex/generic/babel/txt
babel.def)
(/opt/homebrew/Cellar/texlive/20250308_1/share/texmf-dist/tex/generic/babel-eng
lish/english.ldf))
(/opt/homebrew/Cellar/texlive/20250308_1/share/texmf-dist/tex/generic/babel/loc
ale/en/babel-english.tex)
(/opt/homebrew/Cellar/texlive/20250308_1/share/texmf-dist/tex/latex/amsmath/ams
math.sty
For additional information on amsmath, use the `?' option.

(/opt/homebrew/Cellar/texlive/20250308_1/share/texmf-dist/tex/latex/amsmath/ams
text.sty
(/opt/homebrew/Cellar/texlive/20250308_1/share/texmf-dist/tex/latex/amsmath/ams
gen.sty))
(/opt/homebrew/Cellar/texlive/20250308_1/share/texmf-dist/tex/latex/amsmath/ams
bsy.sty)
(/opt/homebrew/Cellar/texlive/20250308_1/share/texmf-dist/tex/latex/amsmath/ams
opn.sty))
(/opt/homebrew/Cellar/texlive/20250308_1/share/texmf-dist/tex/latex/amsfonts/am
ssymb.sty
(/opt/homebrew/Cellar/texlive/20250308_1/share/texmf-dist/tex/latex/amsfonts/am
sfonts.sty))
(/opt/homebrew/Cellar/texlive/20250308_1/share/texmf-dist/tex/latex/enumitem/en
umitem.sty)
(/opt/homebrew/Cellar/texlive/20250308_1/share/texmf-dist/tex/latex/geometry/ge
ometry.sty
(/opt/homebrew/Cellar/texlive/20250308_1/share/texmf-dist/tex/latex/graphics/ke
yval.sty)
(/opt/homebrew/Cellar/texlive/20250308_1/share/texmf-dist/tex/generic/iftex/ifv
tex.sty
(/opt/homebrew/Cellar/texlive/20250308_1/share/texmf-dist/tex/generic/iftex/ift
ex.sty)))
(/opt/homebrew/Cellar/texlive/20250308_1/share/texmf-dist/tex/latex/microtype/m
icrotype.sty
(/opt/homebrew/Cellar/texlive/20250308_1/share/texmf-dist/tex/latex/etoolbox/et
oolbox.sty)
(/opt/homebrew/Cellar/texlive/20250308_1/share/texmf-dist/tex/latex/microtype/m
icrotype-pdftex.def)
(/opt/homebrew/Cellar/texlive/20250308_1/share/texmf-dist/tex/latex/microtype/m
icrotype.cfg))
(/opt/homebrew/Cellar/texlive/20250308_1/share/texmf-dist/tex/latex/graphics/gr
aphicx.sty
(/opt/homebrew/Cellar/texlive/20250308_1/share/texmf-dist/tex/latex/graphics/gr
aphics.sty
(/opt/homebrew/Cellar/texlive/20250308_1/share/texmf-dist/tex/latex/graphics/tr
ig.sty)
(/opt/homebrew/Cellar/texlive/20250308_1/share/texmf-dist/tex/latex/graphics-cf
g/graphics.cfg)
(/opt/homebrew/Cellar/texlive/20250308_1/share/texmf-dist/tex/latex/graphics-de
f/pdftex.def)))
(/opt/homebrew/Cellar/texlive/20250308_1/share/texmf-dist/tex/latex/placeins/pl
aceins.sty)
(/opt/homebrew/Cellar/texlive/20250308_1/share/texmf-dist/tex/latex/float/float
.sty)
(/opt/homebrew/Cellar/texlive/20250308_1/share/texmf-dist/tex/latex/caption/cap
tion.sty
(/opt/homebrew/Cellar/texlive/20250308_1/share/texmf-dist/tex/latex/caption/cap
tion3.sty))
(/opt/homebrew/Cellar/texlive/20250308_1/share/texmf-dist/tex/latex/booktabs/bo
oktabs.sty)
(/opt/homebrew/Cellar/texlive/20250308_1/share/texmf-dist/tex/latex/tools/tabul
arx.sty
(/opt/homebrew/Cellar/texlive/20250308_1/share/texmf-dist/tex/latex/tools/array
.sty))
(/opt/homebrew/Cellar/texlive/20250308_1/share/texmf-dist/tex/latex/tools/longt
able.sty)
(/opt/homebrew/Cellar/texlive/20250308_1/share/texmf-dist/tex/latex/needspace/n
eedspace.sty)
(/opt/homebrew/Cellar/texlive/20250308_1/share/texmf-dist/tex/latex/multirow/mu
ltirow.sty)
(/opt/homebrew/Cellar/texlive/20250308_1/share/texmf-dist/tex/latex/siunitx/siu
nitx.sty
(/opt/homebrew/Cellar/texlive/20250308_1/share/texmf-dist/tex/latex/translation
s/translations.sty
(/opt/homebrew/Cellar/texlive/20250308_1/share/texmf-dist/tex/generic/pdftexcmd
s/pdftexcmds.sty
(/opt/homebrew/Cellar/texlive/20250308_1/share/texmf-dist/tex/generic/infwarerr
/infwarerr.sty)
(/opt/homebrew/Cellar/texlive/20250308_1/share/texmf-dist/tex/generic/ltxcmds/l
txcmds.sty))))
(/opt/homebrew/Cellar/texlive/20250308_1/share/texmf-dist/tex/latex/xcolor/xcol
or.sty
(/opt/homebrew/Cellar/texlive/20250308_1/share/texmf-dist/tex/latex/graphics-cf
g/color.cfg)
(/opt/homebrew/Cellar/texlive/20250308_1/share/texmf-dist/tex/latex/graphics/ma
thcolor.ltx))
(/opt/homebrew/Cellar/texlive/20250308_1/share/texmf-dist/tex/latex/csquotes/cs
quotes.sty
(/opt/homebrew/Cellar/texlive/20250308_1/share/texmf-dist/tex/latex/csquotes/cs
quotes.def)
(/opt/homebrew/Cellar/texlive/20250308_1/share/texmf-dist/tex/latex/csquotes/cs
quotes.cfg))
(/opt/homebrew/Cellar/texlive/20250308_1/share/texmf-dist/tex/latex/hyperref/xr
-hyper.sty)
(/opt/homebrew/Cellar/texlive/20250308_1/share/texmf-dist/tex/latex/hyperref/hy
perref.sty
(/opt/homebrew/Cellar/texlive/20250308_1/share/texmf-dist/tex/latex/kvsetkeys/k
vsetkeys.sty)
(/opt/homebrew/Cellar/texlive/20250308_1/share/texmf-dist/tex/generic/kvdefinek
eys/kvdefinekeys.sty)
(/opt/homebrew/Cellar/texlive/20250308_1/share/texmf-dist/tex/generic/pdfescape
/pdfescape.sty)
(/opt/homebrew/Cellar/texlive/20250308_1/share/texmf-dist/tex/latex/hycolor/hyc
olor.sty)
(/opt/homebrew/Cellar/texlive/20250308_1/share/texmf-dist/tex/latex/hyperref/na
meref.sty
(/opt/homebrew/Cellar/texlive/20250308_1/share/texmf-dist/tex/latex/refcount/re
fcount.sty)
(/opt/homebrew/Cellar/texlive/20250308_1/share/texmf-dist/tex/generic/gettitles
tring/gettitlestring.sty
(/opt/homebrew/Cellar/texlive/20250308_1/share/texmf-dist/tex/latex/kvoptions/k
voptions.sty)))
(/opt/homebrew/Cellar/texlive/20250308_1/share/texmf-dist/tex/generic/stringenc
/stringenc.sty)
(/opt/homebrew/Cellar/texlive/20250308_1/share/texmf-dist/tex/latex/hyperref/pd
1enc.def)
(/opt/homebrew/Cellar/texlive/20250308_1/share/texmf-dist/tex/generic/intcalc/i
ntcalc.sty)
(/opt/homebrew/Cellar/texlive/20250308_1/share/texmf-dist/tex/latex/hyperref/pu
enc.def)
(/opt/homebrew/Cellar/texlive/20250308_1/share/texmf-dist/tex/latex/url/url.sty
)
(/opt/homebrew/Cellar/texlive/20250308_1/share/texmf-dist/tex/generic/bitset/bi
tset.sty
(/opt/homebrew/Cellar/texlive/20250308_1/share/texmf-dist/tex/generic/bigintcal
c/bigintcalc.sty))
(/opt/homebrew/Cellar/texlive/20250308_1/share/texmf-dist/tex/latex/base/atbegs
hi-ltx.sty))
(/opt/homebrew/Cellar/texlive/20250308_1/share/texmf-dist/tex/latex/hyperref/hp
dftex.def
(/opt/homebrew/Cellar/texlive/20250308_1/share/texmf-dist/tex/latex/base/atvery
end-ltx.sty)
(/opt/homebrew/Cellar/texlive/20250308_1/share/texmf-dist/tex/latex/rerunfilech
eck/rerunfilecheck.sty
(/opt/homebrew/Cellar/texlive/20250308_1/share/texmf-dist/tex/generic/uniquecou
nter/uniquecounter.sty)))
(/opt/homebrew/Cellar/texlive/20250308_1/share/texmf-dist/tex/latex/pgf/fronten
dlayer/tikz.sty
(/opt/homebrew/Cellar/texlive/20250308_1/share/texmf-dist/tex/latex/pgf/basicla
yer/pgf.sty
(/opt/homebrew/Cellar/texlive/20250308_1/share/texmf-dist/tex/latex/pgf/utiliti
es/pgfrcs.sty
(/opt/homebrew/Cellar/texlive/20250308_1/share/texmf-dist/tex/generic/pgf/utili
ties/pgfutil-common.tex)
(/opt/homebrew/Cellar/texlive/20250308_1/share/texmf-dist/tex/generic/pgf/utili
ties/pgfutil-latex.def)
(/opt/homebrew/Cellar/texlive/20250308_1/share/texmf-dist/tex/generic/pgf/utili
ties/pgfrcs.code.tex
(/opt/homebrew/Cellar/texlive/20250308_1/share/texmf-dist/tex/generic/pgf/pgf.r
evision.tex)))
(/opt/homebrew/Cellar/texlive/20250308_1/share/texmf-dist/tex/latex/pgf/basicla
yer/pgfcore.sty
(/opt/homebrew/Cellar/texlive/20250308_1/share/texmf-dist/tex/latex/pgf/systeml
ayer/pgfsys.sty
(/opt/homebrew/Cellar/texlive/20250308_1/share/texmf-dist/tex/generic/pgf/syste
mlayer/pgfsys.code.tex
(/opt/homebrew/Cellar/texlive/20250308_1/share/texmf-dist/tex/generic/pgf/utili
ties/pgfkeys.code.tex
(/opt/homebrew/Cellar/texlive/20250308_1/share/texmf-dist/tex/generic/pgf/utili
ties/pgfkeyslibraryfiltered.code.tex))
(/opt/homebrew/Cellar/texlive/20250308_1/share/texmf-dist/tex/generic/pgf/syste
mlayer/pgf.cfg)
(/opt/homebrew/Cellar/texlive/20250308_1/share/texmf-dist/tex/generic/pgf/syste
mlayer/pgfsys-pdftex.def
(/opt/homebrew/Cellar/texlive/20250308_1/share/texmf-dist/tex/generic/pgf/syste
mlayer/pgfsys-common-pdf.def)))
(/opt/homebrew/Cellar/texlive/20250308_1/share/texmf-dist/tex/generic/pgf/syste
mlayer/pgfsyssoftpath.code.tex)
(/opt/homebrew/Cellar/texlive/20250308_1/share/texmf-dist/tex/generic/pgf/syste
mlayer/pgfsysprotocol.code.tex))
(/opt/homebrew/Cellar/texlive/20250308_1/share/texmf-dist/tex/generic/pgf/basic
layer/pgfcore.code.tex
(/opt/homebrew/Cellar/texlive/20250308_1/share/texmf-dist/tex/generic/pgf/math/
pgfmath.code.tex
(/opt/homebrew/Cellar/texlive/20250308_1/share/texmf-dist/tex/generic/pgf/math/
pgfmathutil.code.tex)
(/opt/homebrew/Cellar/texlive/20250308_1/share/texmf-dist/tex/generic/pgf/math/
pgfmathparser.code.tex)
(/opt/homebrew/Cellar/texlive/20250308_1/share/texmf-dist/tex/generic/pgf/math/
pgfmathfunctions.code.tex)
(/opt/homebrew/Cellar/texlive/20250308_1/share/texmf-dist/tex/generic/pgf/math/
pgfmathfunctions.basic.code.tex)
(/opt/homebrew/Cellar/texlive/20250308_1/share/texmf-dist/tex/generic/pgf/math/
pgfmathfunctions.trigonometric.code.tex)
(/opt/homebrew/Cellar/texlive/20250308_1/share/texmf-dist/tex/generic/pgf/math/
pgfmathfunctions.random.code.tex)
(/opt/homebrew/Cellar/texlive/20250308_1/share/texmf-dist/tex/generic/pgf/math/
pgfmathfunctions.comparison.code.tex)
(/opt/homebrew/Cellar/texlive/20250308_1/share/texmf-dist/tex/generic/pgf/math/
pgfmathfunctions.base.code.tex)
(/opt/homebrew/Cellar/texlive/20250308_1/share/texmf-dist/tex/generic/pgf/math/
pgfmathfunctions.round.code.tex)
(/opt/homebrew/Cellar/texlive/20250308_1/share/texmf-dist/tex/generic/pgf/math/
pgfmathfunctions.misc.code.tex)
(/opt/homebrew/Cellar/texlive/20250308_1/share/texmf-dist/tex/generic/pgf/math/
pgfmathfunctions.integerarithmetics.code.tex)
(/opt/homebrew/Cellar/texlive/20250308_1/share/texmf-dist/tex/generic/pgf/math/
pgfmathcalc.code.tex)
(/opt/homebrew/Cellar/texlive/20250308_1/share/texmf-dist/tex/generic/pgf/math/
pgfmathfloat.code.tex))
(/opt/homebrew/Cellar/texlive/20250308_1/share/texmf-dist/tex/generic/pgf/math/
pgfint.code.tex)
(/opt/homebrew/Cellar/texlive/20250308_1/share/texmf-dist/tex/generic/pgf/basic
layer/pgfcorepoints.code.tex)
(/opt/homebrew/Cellar/texlive/20250308_1/share/texmf-dist/tex/generic/pgf/basic
layer/pgfcorepathconstruct.code.tex)
(/opt/homebrew/Cellar/texlive/20250308_1/share/texmf-dist/tex/generic/pgf/basic
layer/pgfcorepathusage.code.tex)
(/opt/homebrew/Cellar/texlive/20250308_1/share/texmf-dist/tex/generic/pgf/basic
layer/pgfcorescopes.code.tex)
(/opt/homebrew/Cellar/texlive/20250308_1/share/texmf-dist/tex/generic/pgf/basic
layer/pgfcoregraphicstate.code.tex)
(/opt/homebrew/Cellar/texlive/20250308_1/share/texmf-dist/tex/generic/pgf/basic
layer/pgfcoretransformations.code.tex)
(/opt/homebrew/Cellar/texlive/20250308_1/share/texmf-dist/tex/generic/pgf/basic
layer/pgfcorequick.code.tex)
(/opt/homebrew/Cellar/texlive/20250308_1/share/texmf-dist/tex/generic/pgf/basic
layer/pgfcoreobjects.code.tex)
(/opt/homebrew/Cellar/texlive/20250308_1/share/texmf-dist/tex/generic/pgf/basic
layer/pgfcorepathprocessing.code.tex)
(/opt/homebrew/Cellar/texlive/20250308_1/share/texmf-dist/tex/generic/pgf/basic
layer/pgfcorearrows.code.tex)
(/opt/homebrew/Cellar/texlive/20250308_1/share/texmf-dist/tex/generic/pgf/basic
layer/pgfcoreshade.code.tex)
(/opt/homebrew/Cellar/texlive/20250308_1/share/texmf-dist/tex/generic/pgf/basic
layer/pgfcoreimage.code.tex)
(/opt/homebrew/Cellar/texlive/20250308_1/share/texmf-dist/tex/generic/pgf/basic
layer/pgfcoreexternal.code.tex)
(/opt/homebrew/Cellar/texlive/20250308_1/share/texmf-dist/tex/generic/pgf/basic
layer/pgfcorelayers.code.tex)
(/opt/homebrew/Cellar/texlive/20250308_1/share/texmf-dist/tex/generic/pgf/basic
layer/pgfcoretransparency.code.tex)
(/opt/homebrew/Cellar/texlive/20250308_1/share/texmf-dist/tex/generic/pgf/basic
layer/pgfcorepatterns.code.tex)
(/opt/homebrew/Cellar/texlive/20250308_1/share/texmf-dist/tex/generic/pgf/basic
layer/pgfcorerdf.code.tex)))
(/opt/homebrew/Cellar/texlive/20250308_1/share/texmf-dist/tex/generic/pgf/modul
es/pgfmoduleshapes.code.tex)
(/opt/homebrew/Cellar/texlive/20250308_1/share/texmf-dist/tex/generic/pgf/modul
es/pgfmoduleplot.code.tex)
(/opt/homebrew/Cellar/texlive/20250308_1/share/texmf-dist/tex/latex/pgf/compati
bility/pgfcomp-version-0-65.sty)
(/opt/homebrew/Cellar/texlive/20250308_1/share/texmf-dist/tex/latex/pgf/compati
bility/pgfcomp-version-1-18.sty))
(/opt/homebrew/Cellar/texlive/20250308_1/share/texmf-dist/tex/latex/pgf/utiliti
es/pgffor.sty
(/opt/homebrew/Cellar/texlive/20250308_1/share/texmf-dist/tex/latex/pgf/utiliti
es/pgfkeys.sty
(/opt/homebrew/Cellar/texlive/20250308_1/share/texmf-dist/tex/generic/pgf/utili
ties/pgfkeys.code.tex))
(/opt/homebrew/Cellar/texlive/20250308_1/share/texmf-dist/tex/latex/pgf/math/pg
fmath.sty
(/opt/homebrew/Cellar/texlive/20250308_1/share/texmf-dist/tex/generic/pgf/math/
pgfmath.code.tex))
(/opt/homebrew/Cellar/texlive/20250308_1/share/texmf-dist/tex/generic/pgf/utili
ties/pgffor.code.tex))
(/opt/homebrew/Cellar/texlive/20250308_1/share/texmf-dist/tex/generic/pgf/front
endlayer/tikz/tikz.code.tex
(/opt/homebrew/Cellar/texlive/20250308_1/share/texmf-dist/tex/generic/pgf/libra
ries/pgflibraryplothandlers.code.tex)
(/opt/homebrew/Cellar/texlive/20250308_1/share/texmf-dist/tex/generic/pgf/modul
es/pgfmodulematrix.code.tex)
(/opt/homebrew/Cellar/texlive/20250308_1/share/texmf-dist/tex/generic/pgf/front
endlayer/tikz/libraries/tikzlibrarytopaths.code.tex)))
(/opt/homebrew/Cellar/texlive/20250308_1/share/texmf-dist/tex/generic/pgf/libra
ries/pgflibraryarrows.meta.code.tex)
(/opt/homebrew/Cellar/texlive/20250308_1/share/texmf-dist/tex/generic/pgf/front
endlayer/tikz/libraries/tikzlibrarycalc.code.tex)
(/opt/homebrew/Cellar/texlive/20250308_1/share/texmf-dist/tex/generic/pgf/front
endlayer/tikz/libraries/tikzlibraryangles.code.tex)
(/opt/homebrew/Cellar/texlive/20250308_1/share/texmf-dist/tex/generic/pgf/front
endlayer/tikz/libraries/tikzlibraryquotes.code.tex)
(/opt/homebrew/Cellar/texlive/20250308_1/share/texmf-dist/tex/generic/pgf/front
endlayer/tikz/libraries/tikzlibrarypositioning.code.tex)
(/opt/homebrew/Cellar/texlive/20250308_1/share/texmf-dist/tex/generic/pgf/front
endlayer/tikz/libraries/tikzlibrarydecorations.pathreplacing.code.tex
(/opt/homebrew/Cellar/texlive/20250308_1/share/texmf-dist/tex/generic/pgf/front
endlayer/tikz/libraries/tikzlibrarydecorations.code.tex
(/opt/homebrew/Cellar/texlive/20250308_1/share/texmf-dist/tex/generic/pgf/modul
es/pgfmoduledecorations.code.tex))
(/opt/homebrew/Cellar/texlive/20250308_1/share/texmf-dist/tex/generic/pgf/libra
ries/decorations/pgflibrarydecorations.pathreplacing.code.tex))
(/opt/homebrew/Cellar/texlive/20250308_1/share/texmf-dist/tex/latex/titlesec/ti
tletoc.sty)
(/opt/homebrew/Cellar/texlive/20250308_1/share/texmf-dist/tex/latex/fancyhdr/fa
ncyhdr.sty)
(/opt/homebrew/Cellar/texlive/20250308_1/share/texmf-dist/tex/latex/dejavu/Deja
VuSans.sty)
(/opt/homebrew/Cellar/texlive/20250308_1/share/texmf-dist/tex/latex/sansmath/sa
nsmath.sty)
(/opt/homebrew/Cellar/texlive/20250308_1/share/texmf-dist/tex/latex/cite/cite.s
ty) (./generated/stats.tex) (./generated/census.tex) (./generated/msd.tex)
(./generated/altitude_noise.tex) (./generated/pipeline_census.tex)
(./generated/trim.tex) (./generated/verify.tex) (./generated/audit.tex)
(./generated/prelim.tex) (./generated/terrain.tex)
(./generated/dataset_stats.tex) (./generated/kinematic_isotropy.tex)
(./generated/ch3_revision.tex) (./generated/ch3_terrain_axes_values.tex)
(./generated/ch3_channel_wind_values.tex)
(./generated/ch3_regional_variations_values.tex)
(./generated/ch3_grouped_tamsd_values.tex) (./generated/ch3_msd_weights.tex)
(./generated/ch3_altitude_hurst_values.tex)
(./generated/ch3_self_similarity_values.tex)
(./generated/duration_equipment.tex) (./generated/snapshot_status.tex)
(./generated/segmentation.tex) (./generated/ch5_vilpellet_values.tex))
(./generated/ch3_pooled_moment_values.tex)
(/opt/homebrew/Cellar/texlive/20250308_1/share/texmf-dist/tex/latex/lm/t1lmr.fd
)
(/opt/homebrew/Cellar/texlive/20250308_1/share/texmf-dist/tex/latex/l3backend/l
3backend-pdftex.def) (./esperimenti.aux)
*geometry* driver: auto-detecting
*geometry* detected driver: pdftex

(/opt/homebrew/Cellar/texlive/20250308_1/share/texmf-dist/tex/latex/microtype/m
t-cmr.cfg)
(/opt/homebrew/Cellar/texlive/20250308_1/share/texmf-dist/tex/context/base/mkii
/supp-pdf.mkii
[Loading MPS to PDF converter (version 2006.09.02).]
)
(/opt/homebrew/Cellar/texlive/20250308_1/share/texmf-dist/tex/latex/epstopdf-pk
g/epstopdf-base.sty
(/opt/homebrew/Cellar/texlive/20250308_1/share/texmf-dist/tex/latex/latexconfig
/epstopdf-sys.cfg))
(/opt/homebrew/Cellar/texlive/20250308_1/share/texmf-dist/tex/latex/caption/ltc
aption.sty)
(/opt/homebrew/Cellar/texlive/20250308_1/share/texmf-dist/tex/latex/translation
s/translations-basic-dictionary-english.trsl)
(/opt/homebrew/Cellar/texlive/20250308_1/share/texmf-dist/tex/latex/lm/ot1lmr.f
d)
(/opt/homebrew/Cellar/texlive/20250308_1/share/texmf-dist/tex/latex/lm/omllmm.f
d)
(/opt/homebrew/Cellar/texlive/20250308_1/share/texmf-dist/tex/latex/lm/omslmsy.
fd)
(/opt/homebrew/Cellar/texlive/20250308_1/share/texmf-dist/tex/latex/lm/omxlmex.
fd)
(/opt/homebrew/Cellar/texlive/20250308_1/share/texmf-dist/tex/latex/amsfonts/um
sa.fd)
(/opt/homebrew/Cellar/texlive/20250308_1/share/texmf-dist/tex/latex/microtype/m
t-msa.cfg)
(/opt/homebrew/Cellar/texlive/20250308_1/share/texmf-dist/tex/latex/amsfonts/um
sb.fd)
(/opt/homebrew/Cellar/texlive/20250308_1/share/texmf-dist/tex/latex/microtype/m
t-msb.cfg)
[1{/opt/homebrew/Cellar/texlive/20250308_1/share/texmf-dist/fonts/map/pdftex/up
dmap/pdftex.map}{/opt/homebrew/Cellar/texlive/20250308_1/share/texmf-dist/fonts
/enc/dvips/lm/lm-ec.enc}]
(/opt/homebrew/Cellar/texlive/20250308_1/share/texmf-dist/tex/latex/lm/t1lmtt.f
d)
[1]
No file esperimenti.toc.

[2] (./sections/04-global-observables.tex
Chapter 3.

LaTeX Warning: Reference `ch:phases' on page 1 undefined on input line 7.


LaTeX Warning: Reference `ch:models' on page 1 undefined on input line 7.


LaTeX Warning: Reference `sec:quantile-population' on page 1 undefined on input
 line 25.


LaTeX Warning: Reference `ch:global' on page 1 undefined on input line 40.


[1{/opt/homebrew/Cellar/texlive/20250308_1/share/texmf-dist/fonts/enc/dvips/lm/
lm-rm.enc}{/opt/homebrew/Cellar/texlive/20250308_1/share/texmf-dist/fonts/enc/d
vips/lm/lm-mathit.enc}{/opt/homebrew/Cellar/texlive/20250308_1/share/texmf-dist
/fonts/enc/dvips/lm/lm-mathsy.enc}{/opt/homebrew/Cellar/texlive/20250308_1/shar
e/texmf-dist/fonts/enc/dvips/lm/lm-mathex.enc}]

LaTeX Warning: Reference `eq:flight-msd' on page 2 undefined on input line 92.


LaTeX Warning: Reference `fig:msd' on page 2 undefined on input line 103.


LaTeX Warning: Reference `sec:duration-check' on page 2 undefined on input line
 127.


LaTeX Warning: Reference `fig:msd' on page 2 undefined on input line 135.


LaTeX Warning: Reference `sec:quantile-population' on page 2 undefined on input
 line 139.


LaTeX Warning: Reference `fig:msd' on page 2 undefined on input line 143.


LaTeX Warning: Reference `fig:msd-weights' on page 2 undefined on input line 16
2.


[2]

LaTeX Warning: Reference `eq:segment-msd' on page 3 undefined on input line 189
.


LaTeX Warning: Reference `eq:weights-global' on page 3 undefined on input line
189.


LaTeX Warning: Reference `eq:discrete-tamsd' on page 3 undefined on input line
189.


[3 <./generated/msd.pdf>]

LaTeX Warning: Citation `efron1979' on page 4 undefined on input line 215.


[4 <./generated/ch3_msd_weights.pdf>]

LaTeX Warning: Reference `ch:global' on page 5 undefined on input line 221.


LaTeX Warning: Reference `ch:global' on page 5 undefined on input line 237.


[5]
[6 <./generated/prelim_isotropy.pdf>]
[7 <./generated/ch3_pca.pdf>]

LaTeX Warning: Citation `taylor1922' on page 8 undefined on input line 400.


LaTeX Warning: Reference `eq:wind-integrated-covariance' on page 8 undefined on
 input line 427.


[8]

LaTeX Warning: Citation `kessy2018' on page 9 undefined on input line 454.


LaTeX Warning: Citation `noaa_etopo2022' on page 9 undefined on input line 483.



[9]

LaTeX Warning: Citation `noaa_etopo2022' on page 10 undefined on input line 543
.


[10 <./generated/ch3_terrain_axes.pdf>] (./sections/04-environment-wind.tex

LaTeX Warning: Citation `era5_pressure' on page 11 undefined on input line 20.


LaTeX Warning: Citation `earthmover_era5' on page 11 undefined on input line 22
.


LaTeX Warning: Citation `ecmwf_geopotential_height' on page 11 undefined on inp
ut line 30.


LaTeX Warning: Citation `era5_hourly' on page 11 undefined on input line 47.


LaTeX Warning: Citation `open_meteo_historical' on page 11 undefined on input l
ine 47.


[11]

LaTeX Warning: Reference `fig:independent-coastal-wind' on page 12 undefined on
 input line 101.


[12 <./generated/ch3_channel_wind.pdf>])

LaTeX Warning: Reference `fig:kinematic-isotropy-terrain' on page 13 undefined
on input line 586.


LaTeX Warning: Reference `eq:archive-directional-ratio' on page 13 undefined on
 input line 599.


LaTeX Warning: Reference `fig:kinematic-isotropy-terrain' on page 13 undefined
on input line 626.


[13]
[14 <./generated/kinematic_isotropy_terrain.pdf>]
[15 <./generated/kinematic_isotropy_terrain_level.pdf>]

LaTeX Warning: Reference `fig:kinematic-equipment' on page 16 undefined on inpu
t line 648.


LaTeX Warning: Citation `dhv_classification' on page 16 undefined on input line
 692.


LaTeX Warning: Citation `dreal_pays_de_caux' on page 16 undefined on input line
 697.


LaTeX Warning: Reference `fig:kinematic-low-relief' on page 16 undefined on inp
ut line 700.


LaTeX Warning: Reference `sec:independent-terrain-axis' on page 16 undefined on
 input line 713.


LaTeX Warning: Reference `sec:independent-coastal-wind' on page 16 undefined on
 input line 714.


[16]
[17 <./generated/kinematic_isotropy_flat_level.pdf>]
(./sections/04-regional-variations.tex

LaTeX Warning: Reference `eq:filter' on page 18 undefined on input line 5.


LaTeX Warning: Reference `ch:global' on page 18 undefined on input line 7.


[18]

LaTeX Warning: Reference `sec:transport-anisotropy' on page 19 undefined on inp
ut line 41.


LaTeX Warning: Reference `fig:variation-support' on page 19 undefined on input
line 60.


LaTeX Warning: Reference `tab:regional-variations' on page 19 undefined on inpu
t line 93.


[19]
[20 <./generated/ch3_regional_variations.pdf>]
[21 <./generated/ch3_variation_axes.pdf> <./generated/ch3_variation_controls.pd
f>]

LaTeX Warning: Reference `eq:variation-hurst' on page 22 undefined on input lin
e 176.


LaTeX Warning: Reference `fig:variation-orders' on page 22 undefined on input l
ine 198.

)) (./sections/04-global-transport.tex
[22]
[23 <./generated/ch3_variation_orders.pdf>]
[24 <./generated/ch3_variation_distributions.pdf>]
[25 <./generated/ch3_variation_support.pdf>]
Chapter 4.

LaTeX Warning: Reference `ch:observables' on page 26 undefined on input line 4.



LaTeX Warning: Reference `ch:phases' on page 26 undefined on input line 9.


LaTeX Warning: Reference `tab:chapter3-populations' on page 26 undefined on inp
ut line 10.


LaTeX Warning: Reference `ch:observables' on page 26 undefined on input line 10
.


LaTeX Warning: Reference `ch:phases' on page 26 undefined on input line 22.


LaTeX Warning: Citation `mandelbrot1968' on page 26 undefined on input line 65.



[26]

LaTeX Warning: Reference `tab:orderscan' on page 27 undefined on input line 86.



[27 <./generated/ch3_scaling.pdf>]

LaTeX Warning: Reference `fig:transport' on page 28 undefined on input line 115
.


LaTeX Warning: Reference `eq:variation-hurst' on page 28 undefined on input lin
e 138.


LaTeX Warning: Reference `eq:persistent-msd' on page 28 undefined on input line
 154.


LaTeX Warning: Reference `tab:orderscan' on page 28 undefined on input line 169
.


LaTeX Warning: Reference `eq:variation-hurst' on page 28 undefined on input lin
e 176.


[28]

LaTeX Warning: Reference `fig:transport' on page 29 undefined on input line 191
.


[29]
[30 <./generated/closed_loop_schematic.pdf>]

LaTeX Warning: Reference `eq:increment-scaling' on page 31 undefined on input l
ine 291.


LaTeX Warning: Reference `eq:radial-jacobian' on page 31 undefined on input lin
e 306.


LaTeX Warning: Reference `sec:transport-vector-scaling' on page 31 undefined on
 input line 327.


LaTeX Warning: Reference `eq:increment-scaling' on page 31 undefined on input l
ine 334.


LaTeX Warning: Reference `fig:quantile-selection' on page 31 undefined on input
 line 366.


(/opt/homebrew/Cellar/texlive/20250308_1/share/texmf-dist/tex/latex/dejavu/T1De
jaVuSans-TLF.fd)
(/opt/homebrew/Cellar/texlive/20250308_1/share/texmf-dist/tex/latex/dejavu/OT1D
ejaVuSans-TLF.fd)
[31]

LaTeX Warning: Reference `eq:quantile-fixed-population' on page 32 undefined on
 input line 454.


[32{/opt/homebrew/Cellar/texlive/20250308_1/share/texmf-dist/fonts/enc/dvips/de
javu/dejavusans_t1-type1.enc}{/opt/homebrew/Cellar/texlive/20250308_1/share/tex
mf-dist/fonts/enc/dvips/dejavu/dejavusans_ot1.enc}]

LaTeX Warning: Reference `tab:quantileH' on page 33 undefined on input line 470
.


LaTeX Warning: Reference `eq:displacement-global' on page 33 undefined on input
 line 483.


LaTeX Warning: Reference `fig:msd' on page 33 undefined on input line 485.


LaTeX Warning: Reference `eq:sssi-increment' on page 33 undefined on input line
 498.


LaTeX Warning: Reference `eq:sssi-increment' on page 33 undefined on input line
 507.


LaTeX Warning: Reference `eq:quantile-ratio-constant' on page 33 undefined on i
nput line 512.


LaTeX Warning: Reference `eq:quantile-ratio-constant' on page 33 undefined on i
nput line 525.


[33]

LaTeX Warning: Reference `sec:moment-spectrum' on page 34 undefined on input li
ne 558.


[34 <./generated/quantile_scaling_schematic.pdf>]

LaTeX Warning: Reference `sec:quantile-population' on page 35 undefined on inpu
t line 570.


LaTeX Warning: Citation `fraiman2022' on page 35 undefined on input line 604.


LaTeX Warning: Citation `didier2011' on page 35 undefined on input line 606.


LaTeX Warning: Reference `sec:quantile-population' on page 35 undefined on inpu
t line 609.

(./generated/ch3_self_similarity_table.tex)
[35]
[36 <./generated/ch3_fixed_quantiles.pdf>]
[37 <./generated/ch3_fixed_exponents.pdf>]

LaTeX Warning: Reference `fig:fixed-component-exponents' on page 38 undefined o
n input line 687.


LaTeX Warning: Reference `sec:quantile-population' on page 38 undefined on inpu
t line 718.


LaTeX Warning: Reference `eq:sssi-increment' on page 38 undefined on input line
 735.


LaTeX Warning: Reference `eq:quantile-ratio-growth' on page 38 undefined on inp
ut line 758.


LaTeX Warning: Reference `eq:nu-as-weighted-rank-exponent' on page 38 undefined
 on input line 760.


[38]

LaTeX Warning: Reference `eq:equal-flight-moment' on page 39 undefined on input
 line 776.


LaTeX Warning: Reference `sec:quantile-population' on page 39 undefined on inpu
t line 777.


LaTeX Warning: Reference `tab:quantileH' on page 39 undefined on input line 784
.


LaTeX Warning: Reference `fig:absolute-laws-para' on page 39 undefined on input
 line 931.

(./generated/ch3_self_similarity_collapse.tex)
[39]
[40 <./generated/ch3_absolute_laws_para.pdf>]
[41 <./generated/ch3_absolute_laws_hang.pdf>]

LaTeX Warning: Reference `fig:absolute-laws-para' on page 42 undefined on input
 line 960.


LaTeX Warning: Reference `fig:absolute-laws-hang' on page 42 undefined on input
 line 960.


LaTeX Warning: Reference `tab:component-collapse' on page 42 undefined on input
 line 971.


[42]

LaTeX Warning: Reference `eq:radial-jacobian' on page 43 undefined on input lin
e 1023.


LaTeX Warning: Reference `app:squared-displacements' on page 43 undefined on in
put line 1041.

(./generated/ch3_self_similarity_ranges.tex)

LaTeX Warning: Reference `tab:component-fit-ranges' on page 43 undefined on inp
ut line 1062.


[43]

LaTeX Warning: Reference `sec:transport-propagator' on page 44 undefined on inp
ut line 1091.


LaTeX Warning: Reference `sec:transport-temporal-scaling' on page 44 undefined
on input line 1096.


LaTeX Warning: Reference `fig:joint-para' on page 44 undefined on input line 11
00.


LaTeX Warning: Reference `fig:joint-hang' on page 44 undefined on input line 11
00.


LaTeX Warning: Citation `szekely2013' on page 44 undefined on input line 1119.

(./sections/04-temporal-scaling.tex
[44]
[45 <./generated/ch3_joint_para.pdf>]
[46 <./generated/ch3_joint_hang.pdf>]
(./generated/ch3_temporal_scaling_population.tex)
(/opt/homebrew/Cellar/texlive/20250308_1/share/texmf-dist/tex/latex/lm/ot1lmss.
fd)

LaTeX Warning: Citation `fraiman2022' on page 47 undefined on input line 91.

(./generated/ch3_temporal_scaling_bounds.tex)

LaTeX Warning: Reference `fig:temporal-scaling-para' on page 47 undefined on in
put line 135.


LaTeX Warning: Reference `fig:temporal-scaling-hang' on page 47 undefined on in
put line 135.


[47])
[48 <./generated/ch3_temporal_scaling_distances.pdf> <./generated/ch3_temporal_
scaling_para.pdf>] (./sections/04-grouped-tamsd.tex
[49 <./generated/ch3_temporal_scaling_hang.pdf>]

LaTeX Warning: Reference `fig:tamsd-regions' on page 50 undefined on input line
 51.


LaTeX Warning: Reference `fig:tamsd-altitude' on page 50 undefined on input lin
e 51.


LaTeX Warning: Reference `fig:tamsd-regions' on page 50 undefined on input line
 80.


LaTeX Warning: Reference `fig:tamsd-regions' on page 50 undefined on input line
 101.


LaTeX Warning: Reference `fig:tamsd-regions' on page 50 undefined on input line
 113.


LaTeX Warning: Reference `fig:tamsd-region-altitude' on page 50 undefined on in
put line 154.


[50]
[51 <./generated/ch3_tamsd_regions.pdf>]
[52 <./generated/ch3_tamsd_altitude.pdf>]

LaTeX Warning: Reference `sec:regional-variations' on page 53 undefined on inpu
t line 167.


LaTeX Warning: Reference `sec:strata-compat' on page 53 undefined on input line
 182.


[53 <./generated/ch3_tamsd_region_altitude.pdf>]

LaTeX Warning: Reference `tab:altitude-hurst' on page 54 undefined on input lin
e 221.


LaTeX Warning: Reference `eq:altitude-effective-hurst' on page 54 undefined on
input line 229.


LaTeX Warning: Reference `fig:altitude-hurst' on page 54 undefined on input lin
e 243.

(./generated/ch3_altitude_hurst_table.tex)

LaTeX Warning: Reference `tab:altitude-hurst' on page 54 undefined on input lin
e 249.


LaTeX Warning: Reference `fig:altitude-hurst' on page 54 undefined on input lin
e 249.


[54]
[55 <./generated/ch3_altitude_hurst.pdf>])

LaTeX Warning: Reference `fig:msd-duration' on page 56 undefined on input line
1194.


LaTeX Warning: Reference `tab:duration-bands' on page 56 undefined on input lin
e 1229.


LaTeX Warning: Reference `fig:duration-equipment' on page 56 undefined on input
 line 1238.

(./generated/duration_bands_table.tex)

LaTeX Warning: Reference `fig:duration-equipment' on page 56 undefined on input
 line 1256.


LaTeX Warning: Reference `fig:msd-duration' on page 56 undefined on input line
1269.


LaTeX Warning: Reference `tab:duration-equipment' on page 56 undefined on input
 line 1276.


[56] (./generated/duration_equipment_table.tex)

LaTeX Warning: Reference `fig:duration-composition' on page 57 undefined on inp
ut line 1310.


[57 <./generated/ch3_duration.pdf>]
[58 <./generated/ch3_duration_equipment.pdf>]

LaTeX Warning: Reference `ch:observables' on page 59 undefined on input line 13
56.


[59 <./generated/ch3_duration_composition.pdf>]

LaTeX Warning: Reference `ch:phases' on page 60 undefined on input line 1371.

) (./sections/05-flight-phases.tex
[60]
Chapter 5.
(./generated/segmentation_audit_values.tex)

LaTeX Warning: Reference `ch:observables' on page 61 undefined on input line 5.



LaTeX Warning: Reference `ch:global' on page 61 undefined on input line 5.


LaTeX Warning: Citation `vilpellet2026' on page 61 undefined on input line 19.


LaTeX Warning: Citation `rabiner1989' on page 61 undefined on input line 79.


LaTeX Warning: Citation `mcclintock2020' on page 61 undefined on input line 80.



[61]
[62]

LaTeX Warning: Citation `rabiner1989' on page 63 undefined on input line 166.


LaTeX Warning: Citation `viterbi1967' on page 63 undefined on input line 196.


LaTeX Warning: Citation `rabiner1989' on page 63 undefined on input line 196.


[63]

LaTeX Warning: Citation `baum1970' on page 64 undefined on input line 216.


LaTeX Warning: Citation `dempster1977' on page 64 undefined on input line 228.


[64]

LaTeX Warning: Reference `fig:coherence-schematic' on page 65 undefined on inpu
t line 311.


LaTeX Warning: Reference `eq:phasefeatures' on page 65 undefined on input line
354.


LaTeX Warning: Reference `eq:turncoherence' on page 65 undefined on input line
354.


LaTeX Warning: Reference `eq:phasefeatures' on page 65 undefined on input line
375.


LaTeX Warning: Reference `eq:turncoherence' on page 65 undefined on input line
375.


[65]

LaTeX Warning: Reference `eq:hmmjoint' on page 66 undefined on input line 414.


LaTeX Warning: Citation `baum1970' on page 66 undefined on input line 422.


LaTeX Warning: Citation `dempster1977' on page 66 undefined on input line 422.


LaTeX Warning: Reference `eq:baumwelch' on page 66 undefined on input line 437.



LaTeX Warning: Reference `eq:baumwelchcovariance' on page 66 undefined on input
 line 437.


LaTeX Warning: Citation `hmmlearn033' on page 66 undefined on input line 438.


[66]

LaTeX Warning: Reference `tab:segmentationaudit' on page 67 undefined on input
line 477.


LaTeX Warning: Reference `tab:segmentationaudit' on page 67 undefined on input
line 495.


[67]

LaTeX Warning: Reference `fig:phasedecodingmatrix' on page 68 undefined on inpu
t line 524.


LaTeX Warning: Citation `viterbi1967' on page 68 undefined on input line 540.


[68 <./generated/segmentation_decoding_transitions.pdf>]

LaTeX Warning: Reference `tab:segmentationfit' on page 69 undefined on input li
ne 554.

(./generated/segmentation_fit_table.tex)
(./generated/segmentation_audit_table.tex)

LaTeX Warning: Reference `tab:segmentationaudit' on page 69 undefined on input
line 565.


LaTeX Warning: Reference `eq:phasecoverage' on page 69 undefined on input line
577.


LaTeX Warning: Reference `fig:phasecoverage' on page 69 undefined on input line
 583.


[69]

LaTeX Warning: Reference `eq:phasecoverage' on page 70 undefined on input line
592.


LaTeX Warning: Reference `eq:phasemarginal' on page 70 undefined on input line
598.


LaTeX Warning: Reference `eq:phasepersistence' on page 70 undefined on input li
ne 598.


LaTeX Warning: Reference `tab:phase-figure-quantities' on page 70 undefined on
input line 611.


LaTeX Warning: Reference `fig:segmentationexamplepara' on page 70 undefined on
input line 620.


LaTeX Warning: Reference `fig:phaseablation' on page 70 undefined on input line
 633.


[70 <./generated/segmentation_coverage.pdf>]
[71 <./generated/segmentation_current_example_para.pdf>]
[72 <./generated/segmentation_current_example_hang.pdf>]
Underfull \vbox (badness 2512) has occurred while \output is active
[73 <./generated/segmentation_decoder_ablation.pdf>]

LaTeX Warning: Citation `efron1979' on page 74 undefined on input line 697.


LaTeX Warning: Citation `vilpellet2026' on page 74 undefined on input line 745.



[74]

LaTeX Warning: Citation `langrock2012' on page 75 undefined on input line 766.


LaTeX Warning: Reference `ch:global' on page 75 undefined on input line 771.

) (./sections/06-vilpellet-segmentation.tex
[75]
Chapter 6.

LaTeX Warning: Reference `ch:phases' on page 76 undefined on input line 7.


LaTeX Warning: Reference `sec:hmmtheory' on page 76 undefined on input line 11.



LaTeX Warning: Reference `eq:hmmjoint' on page 76 undefined on input line 12.


LaTeX Warning: Reference `eq:viterbi-recursion' on page 76 undefined on input l
ine 12.


LaTeX Warning: Reference `eq:baumwelch' on page 76 undefined on input line 13.


LaTeX Warning: Citation `vilpellet2026' on page 76 undefined on input line 16.


LaTeX Warning: Reference `tab:vilpellet-gates' on page 76 undefined on input li
ne 39.


[76]

LaTeX Warning: Reference `eq:turnrate' on page 77 undefined on input line 94.


[77]

LaTeX Warning: Reference `ch:phases' on page 78 undefined on input line 142.


LaTeX Warning: Reference `ch:phases' on page 78 undefined on input line 159.


LaTeX Warning: Reference `ch:phases' on page 78 undefined on input line 189.


[78]

LaTeX Warning: Reference `eq:viterbi-recursion' on page 79 undefined on input l
ine 204.


LaTeX Warning: Reference `tab:vilpellet-gates' on page 79 undefined on input li
ne 225.


LaTeX Warning: Reference `sec:phaseobs' on page 79 undefined on input line 232.



LaTeX Warning: Reference `ch:phases' on page 79 undefined on input line 238.


LaTeX Warning: Reference `fig:vilpellet-comparison' on page 79 undefined on inp
ut line 242.


LaTeX Warning: Reference `fig:vilpellet-timeline' on page 79 undefined on input
 line 242.


LaTeX Warning: Reference `tab:vilpellet-example' on page 79 undefined on input
line 245.


[79]
[80 <./generated/ch5_vilpellet_comparison.pdf> <./generated/ch5_vilpellet_examp
le.pdf>]

LaTeX Warning: Reference `ch:phases' on page 81 undefined on input line 299.


LaTeX Warning: Reference `sec:phasevalidation' on page 81 undefined on input li
ne 312.


LaTeX Warning: Reference `eq:hmmsojourn' on page 81 undefined on input line 316
.

) (./sections/07-stochastic-models-comparison.tex
[81]
Chapter 7.

LaTeX Warning: Reference `ch:observables' on page 82 undefined on input line 4.



LaTeX Warning: Reference `ch:global' on page 82 undefined on input line 4.


LaTeX Warning: Citation `zaburdaev2015' on page 82 undefined on input line 40.


LaTeX Warning: Citation `rebenshtok2014' on page 82 undefined on input line 40.



LaTeX Warning: Reference `eq:levy-spectrum' on page 82 undefined on input line
53.


LaTeX Warning: Reference `sec:moment-spectrum' on page 82 undefined on input li
ne 87.


LaTeX Warning: Reference `fig:shape' on page 82 undefined on input line 89.


[82]

LaTeX Warning: Reference `sec:quantile-population' on page 83 undefined on inpu
t line 118.


LaTeX Warning: Reference `sec:component-self-similarity' on page 83 undefined o
n input line 118.


LaTeX Warning: Citation `mardia1970' on page 83 undefined on input line 132.


[83 <./generated/moment_spectrum_schematic.pdf>]
Underfull \vbox (badness 10000) has occurred while \output is active
[84 <./generated/ch3_models.pdf>]

LaTeX Warning: Reference `fig:velocity-memory' on page 85 undefined on input li
ne 216.


[85]

LaTeX Warning: Citation `taylor1922' on page 86 undefined on input line 264.


[86 <./generated/ch3_velocity_memory.pdf>]

LaTeX Warning: Reference `ch:phases' on page 87 undefined on input line 293.


LaTeX Warning: Reference `tab:fingerprint' on page 87 undefined on input line 2
97.


LaTeX Warning: Reference `eq:persistent-msd' on page 87 undefined on input line
 328.


LaTeX Warning: Reference `eq:levy-spectrum' on page 87 undefined on input line
333.

)
No file esperimenti.bbl.
(./appendices/C-displacement-squares.tex
[87]
[88]
Appendix 4.A.

LaTeX Warning: Reference `sec:component-self-similarity' on page 89 undefined o
n input line 4.


LaTeX Warning: Reference `eq:squared-displacement-scaling' on page 89 undefined
 on input line 7.


LaTeX Warning: Reference `tab:component-collapse' on page 89 undefined on input
 line 24.

)
[89]
[90 <./generated/ch3_squared_laws_para.pdf>]
[91 <./generated/ch3_squared_laws_hang.pdf>] (./esperimenti.aux)

LaTeX Warning: There were undefined references.


LaTeX Warning: Label(s) may have changed. Rerun to get cross-references right.


Package rerunfilecheck Warning: File `esperimenti.out' has changed.
(rerunfilecheck)                Rerun to get outlines right
(rerunfilecheck)                or use package `bookmark'.

 )
(see the transcript file for additional information)</opt/homebrew/Cellar/texli
ve/20250308_1/share/texmf-dist/fonts/type1/public/dejavu/DejaVuSans-Bold.pfb></
opt/homebrew/Cellar/texlive/20250308_1/share/texmf-dist/fonts/type1/public/deja
vu/DejaVuSans-Oblique.pfb></opt/homebrew/Cellar/texlive/20250308_1/share/texmf-
dist/fonts/type1/public/dejavu/DejaVuSans.pfb></opt/homebrew/Cellar/texlive/202
50308_1/share/texmf-dist/fonts/type1/public/amsfonts/cm/cmmi10.pfb></opt/homebr
ew/Cellar/texlive/20250308_1/share/texmf-dist/fonts/type1/public/amsfonts/cm/cm
mi6.pfb></opt/homebrew/Cellar/texlive/20250308_1/share/texmf-dist/fonts/type1/p
ublic/amsfonts/cm/cmmi9.pfb></opt/homebrew/Cellar/texlive/20250308_1/share/texm
f-dist/fonts/type1/public/amsfonts/cm/cmsy5.pfb></opt/homebrew/Cellar/texlive/2
0250308_1/share/texmf-dist/fonts/type1/public/amsfonts/cm/cmsy7.pfb></opt/homeb
rew/Cellar/texlive/20250308_1/share/texmf-dist/fonts/type1/public/amsfonts/cm/c
msy9.pfb></opt/homebrew/Cellar/texlive/20250308_1/share/texmf-dist/fonts/type1/
public/lm/lmbx10.pfb></opt/homebrew/Cellar/texlive/20250308_1/share/texmf-dist/
fonts/type1/public/lm/lmbx12.pfb></opt/homebrew/Cellar/texlive/20250308_1/share
/texmf-dist/fonts/type1/public/lm/lmbx8.pfb></opt/homebrew/Cellar/texlive/20250
308_1/share/texmf-dist/fonts/type1/public/lm/lmex10.pfb></opt/homebrew/Cellar/t
exlive/20250308_1/share/texmf-dist/fonts/type1/public/lm/lmmi10.pfb></opt/homeb
rew/Cellar/texlive/20250308_1/share/texmf-dist/fonts/type1/public/lm/lmmi5.pfb>
</opt/homebrew/Cellar/texlive/20250308_1/share/texmf-dist/fonts/type1/public/lm
/lmmi6.pfb></opt/homebrew/Cellar/texlive/20250308_1/share/texmf-dist/fonts/type
1/public/lm/lmmi7.pfb></opt/homebrew/Cellar/texlive/20250308_1/share/texmf-dist
/fonts/type1/public/lm/lmmi8.pfb></opt/homebrew/Cellar/texlive/20250308_1/share
/texmf-dist/fonts/type1/public/lm/lmmib10.pfb></opt/homebrew/Cellar/texlive/202
50308_1/share/texmf-dist/fonts/type1/public/lm/lmmib7.pfb></opt/homebrew/Cellar
/texlive/20250308_1/share/texmf-dist/fonts/type1/public/lm/lmr10.pfb></opt/home
brew/Cellar/texlive/20250308_1/share/texmf-dist/fonts/type1/public/lm/lmr12.pfb
></opt/homebrew/Cellar/texlive/20250308_1/share/texmf-dist/fonts/type1/public/l
m/lmr17.pfb></opt/homebrew/Cellar/texlive/20250308_1/share/texmf-dist/fonts/typ
e1/public/lm/lmr5.pfb></opt/homebrew/Cellar/texlive/20250308_1/share/texmf-dist
/fonts/type1/public/lm/lmr6.pfb></opt/homebrew/Cellar/texlive/20250308_1/share/
texmf-dist/fonts/type1/public/lm/lmr7.pfb></opt/homebrew/Cellar/texlive/2025030
8_1/share/texmf-dist/fonts/type1/public/lm/lmr8.pfb></opt/homebrew/Cellar/texli
ve/20250308_1/share/texmf-dist/fonts/type1/public/lm/lmri10.pfb></opt/homebrew/
Cellar/texlive/20250308_1/share/texmf-dist/fonts/type1/public/lm/lmss8.pfb></op
t/homebrew/Cellar/texlive/20250308_1/share/texmf-dist/fonts/type1/public/lm/lms
y10.pfb></opt/homebrew/Cellar/texlive/20250308_1/share/texmf-dist/fonts/type1/p
ublic/lm/lmsy5.pfb></opt/homebrew/Cellar/texlive/20250308_1/share/texmf-dist/fo
nts/type1/public/lm/lmsy6.pfb></opt/homebrew/Cellar/texlive/20250308_1/share/te
xmf-dist/fonts/type1/public/lm/lmsy7.pfb></opt/homebrew/Cellar/texlive/20250308
_1/share/texmf-dist/fonts/type1/public/lm/lmsy8.pfb></opt/homebrew/Cellar/texli
ve/20250308_1/share/texmf-dist/fonts/type1/public/lm/lmtt10.pfb></opt/homebrew/
Cellar/texlive/20250308_1/share/texmf-dist/fonts/type1/public/amsfonts/symbols/
msbm10.pfb>
Output written on esperimenti.pdf (94 pages, 3658653 bytes).
Transcript written on esperimenti.log.
Latexmk: Getting log file 'esperimenti.log'
Latexmk: Examining 'esperimenti.fls'
Latexmk: Examining 'esperimenti.log'
Latexmk: Missing input file 'esperimenti.toc' (or dependence on it) from following:
  No file esperimenti.toc.
Latexmk: Missing bbl file 'esperimenti.bbl' in following:
 No file esperimenti.bbl.
Latexmk: References changed.
Latexmk: References changed.
Latexmk: Log file says output to 'esperimenti.pdf'
Latexmk: Found bibliography file(s):
  ./references.bib
Latexmk: applying rule 'bibtex esperimenti'...
Rule 'bibtex esperimenti':  Reasons for rerun
Category 'other':
  Rerun of 'bibtex esperimenti' forced or previously required:
    Reason or flag: 'Initial set up of rule'

------------
Run number 1 of rule 'bibtex esperimenti'
------------
------------
Running 'bibtex  "esperimenti.aux"'
------------
This is BibTeX, Version 0.99d (TeX Live 2025/Homebrew)
The top-level auxiliary file: esperimenti.aux
The style file: unsrt.bst
Database file #1: references.bib
Latexmk: applying rule 'pdflatex'...
Rule 'pdflatex':  Reasons for rerun
Changed files or newly in use/created:
  esperimenti.aux
  esperimenti.bbl
  esperimenti.out
  esperimenti.toc

------------
Run number 2 of rule 'pdflatex'
------------
------------
Running 'pdflatex  -interaction=nonstopmode -halt-on-error -recorder  "esperimenti.tex"'
------------
This is pdfTeX, Version 3.141592653-2.6-1.40.27 (TeX Live 2025/Homebrew) (preloaded format=pdflatex)
 restricted \write18 enabled.
entering extended mode
(./esperimenti.tex
LaTeX2e <2024-11-01> patch level 2
L3 programming layer <2025-01-18>
(./preamble.tex
(/opt/homebrew/Cellar/texlive/20250308_1/share/texmf-dist/tex/latex/base/report
.cls
Document Class: report 2024/06/29 v1.4n Standard LaTeX document class

(/opt/homebrew/Cellar/texlive/20250308_1/share/texmf-dist/tex/latex/base/size11
.clo))
(/opt/homebrew/Cellar/texlive/20250308_1/share/texmf-dist/tex/latex/base/inpute
nc.sty)
(/opt/homebrew/Cellar/texlive/20250308_1/share/texmf-dist/tex/latex/base/fonten
c.sty)
(/opt/homebrew/Cellar/texlive/20250308_1/share/texmf-dist/tex/latex/lm/lmodern.
sty)
(/opt/homebrew/Cellar/texlive/20250308_1/share/texmf-dist/tex/generic/babel/bab
el.sty
(/opt/homebrew/Cellar/texlive/20250308_1/share/texmf-dist/tex/generic/babel/txt
babel.def)
(/opt/homebrew/Cellar/texlive/20250308_1/share/texmf-dist/tex/generic/babel-eng
lish/english.ldf))
(/opt/homebrew/Cellar/texlive/20250308_1/share/texmf-dist/tex/generic/babel/loc
ale/en/babel-english.tex)
(/opt/homebrew/Cellar/texlive/20250308_1/share/texmf-dist/tex/latex/amsmath/ams
math.sty
For additional information on amsmath, use the `?' option.

(/opt/homebrew/Cellar/texlive/20250308_1/share/texmf-dist/tex/latex/amsmath/ams
text.sty
(/opt/homebrew/Cellar/texlive/20250308_1/share/texmf-dist/tex/latex/amsmath/ams
gen.sty))
(/opt/homebrew/Cellar/texlive/20250308_1/share/texmf-dist/tex/latex/amsmath/ams
bsy.sty)
(/opt/homebrew/Cellar/texlive/20250308_1/share/texmf-dist/tex/latex/amsmath/ams
opn.sty))
(/opt/homebrew/Cellar/texlive/20250308_1/share/texmf-dist/tex/latex/amsfonts/am
ssymb.sty
(/opt/homebrew/Cellar/texlive/20250308_1/share/texmf-dist/tex/latex/amsfonts/am
sfonts.sty))
(/opt/homebrew/Cellar/texlive/20250308_1/share/texmf-dist/tex/latex/enumitem/en
umitem.sty)
(/opt/homebrew/Cellar/texlive/20250308_1/share/texmf-dist/tex/latex/geometry/ge
ometry.sty
(/opt/homebrew/Cellar/texlive/20250308_1/share/texmf-dist/tex/latex/graphics/ke
yval.sty)
(/opt/homebrew/Cellar/texlive/20250308_1/share/texmf-dist/tex/generic/iftex/ifv
tex.sty
(/opt/homebrew/Cellar/texlive/20250308_1/share/texmf-dist/tex/generic/iftex/ift
ex.sty)))
(/opt/homebrew/Cellar/texlive/20250308_1/share/texmf-dist/tex/latex/microtype/m
icrotype.sty
(/opt/homebrew/Cellar/texlive/20250308_1/share/texmf-dist/tex/latex/etoolbox/et
oolbox.sty)
(/opt/homebrew/Cellar/texlive/20250308_1/share/texmf-dist/tex/latex/microtype/m
icrotype-pdftex.def)
(/opt/homebrew/Cellar/texlive/20250308_1/share/texmf-dist/tex/latex/microtype/m
icrotype.cfg))
(/opt/homebrew/Cellar/texlive/20250308_1/share/texmf-dist/tex/latex/graphics/gr
aphicx.sty
(/opt/homebrew/Cellar/texlive/20250308_1/share/texmf-dist/tex/latex/graphics/gr
aphics.sty
(/opt/homebrew/Cellar/texlive/20250308_1/share/texmf-dist/tex/latex/graphics/tr
ig.sty)
(/opt/homebrew/Cellar/texlive/20250308_1/share/texmf-dist/tex/latex/graphics-cf
g/graphics.cfg)
(/opt/homebrew/Cellar/texlive/20250308_1/share/texmf-dist/tex/latex/graphics-de
f/pdftex.def)))
(/opt/homebrew/Cellar/texlive/20250308_1/share/texmf-dist/tex/latex/placeins/pl
aceins.sty)
(/opt/homebrew/Cellar/texlive/20250308_1/share/texmf-dist/tex/latex/float/float
.sty)
(/opt/homebrew/Cellar/texlive/20250308_1/share/texmf-dist/tex/latex/caption/cap
tion.sty
(/opt/homebrew/Cellar/texlive/20250308_1/share/texmf-dist/tex/latex/caption/cap
tion3.sty))
(/opt/homebrew/Cellar/texlive/20250308_1/share/texmf-dist/tex/latex/booktabs/bo
oktabs.sty)
(/opt/homebrew/Cellar/texlive/20250308_1/share/texmf-dist/tex/latex/tools/tabul
arx.sty
(/opt/homebrew/Cellar/texlive/20250308_1/share/texmf-dist/tex/latex/tools/array
.sty))
(/opt/homebrew/Cellar/texlive/20250308_1/share/texmf-dist/tex/latex/tools/longt
able.sty)
(/opt/homebrew/Cellar/texlive/20250308_1/share/texmf-dist/tex/latex/needspace/n
eedspace.sty)
(/opt/homebrew/Cellar/texlive/20250308_1/share/texmf-dist/tex/latex/multirow/mu
ltirow.sty)
(/opt/homebrew/Cellar/texlive/20250308_1/share/texmf-dist/tex/latex/siunitx/siu
nitx.sty
(/opt/homebrew/Cellar/texlive/20250308_1/share/texmf-dist/tex/latex/translation
s/translations.sty
(/opt/homebrew/Cellar/texlive/20250308_1/share/texmf-dist/tex/generic/pdftexcmd
s/pdftexcmds.sty
(/opt/homebrew/Cellar/texlive/20250308_1/share/texmf-dist/tex/generic/infwarerr
/infwarerr.sty)
(/opt/homebrew/Cellar/texlive/20250308_1/share/texmf-dist/tex/generic/ltxcmds/l
txcmds.sty))))
(/opt/homebrew/Cellar/texlive/20250308_1/share/texmf-dist/tex/latex/xcolor/xcol
or.sty
(/opt/homebrew/Cellar/texlive/20250308_1/share/texmf-dist/tex/latex/graphics-cf
g/color.cfg)
(/opt/homebrew/Cellar/texlive/20250308_1/share/texmf-dist/tex/latex/graphics/ma
thcolor.ltx))
(/opt/homebrew/Cellar/texlive/20250308_1/share/texmf-dist/tex/latex/csquotes/cs
quotes.sty
(/opt/homebrew/Cellar/texlive/20250308_1/share/texmf-dist/tex/latex/csquotes/cs
quotes.def)
(/opt/homebrew/Cellar/texlive/20250308_1/share/texmf-dist/tex/latex/csquotes/cs
quotes.cfg))
(/opt/homebrew/Cellar/texlive/20250308_1/share/texmf-dist/tex/latex/hyperref/xr
-hyper.sty)
(/opt/homebrew/Cellar/texlive/20250308_1/share/texmf-dist/tex/latex/hyperref/hy
perref.sty
(/opt/homebrew/Cellar/texlive/20250308_1/share/texmf-dist/tex/latex/kvsetkeys/k
vsetkeys.sty)
(/opt/homebrew/Cellar/texlive/20250308_1/share/texmf-dist/tex/generic/kvdefinek
eys/kvdefinekeys.sty)
(/opt/homebrew/Cellar/texlive/20250308_1/share/texmf-dist/tex/generic/pdfescape
/pdfescape.sty)
(/opt/homebrew/Cellar/texlive/20250308_1/share/texmf-dist/tex/latex/hycolor/hyc
olor.sty)
(/opt/homebrew/Cellar/texlive/20250308_1/share/texmf-dist/tex/latex/hyperref/na
meref.sty
(/opt/homebrew/Cellar/texlive/20250308_1/share/texmf-dist/tex/latex/refcount/re
fcount.sty)
(/opt/homebrew/Cellar/texlive/20250308_1/share/texmf-dist/tex/generic/gettitles
tring/gettitlestring.sty
(/opt/homebrew/Cellar/texlive/20250308_1/share/texmf-dist/tex/latex/kvoptions/k
voptions.sty)))
(/opt/homebrew/Cellar/texlive/20250308_1/share/texmf-dist/tex/generic/stringenc
/stringenc.sty)
(/opt/homebrew/Cellar/texlive/20250308_1/share/texmf-dist/tex/latex/hyperref/pd
1enc.def)
(/opt/homebrew/Cellar/texlive/20250308_1/share/texmf-dist/tex/generic/intcalc/i
ntcalc.sty)
(/opt/homebrew/Cellar/texlive/20250308_1/share/texmf-dist/tex/latex/hyperref/pu
enc.def)
(/opt/homebrew/Cellar/texlive/20250308_1/share/texmf-dist/tex/latex/url/url.sty
)
(/opt/homebrew/Cellar/texlive/20250308_1/share/texmf-dist/tex/generic/bitset/bi
tset.sty
(/opt/homebrew/Cellar/texlive/20250308_1/share/texmf-dist/tex/generic/bigintcal
c/bigintcalc.sty))
(/opt/homebrew/Cellar/texlive/20250308_1/share/texmf-dist/tex/latex/base/atbegs
hi-ltx.sty))
(/opt/homebrew/Cellar/texlive/20250308_1/share/texmf-dist/tex/latex/hyperref/hp
dftex.def
(/opt/homebrew/Cellar/texlive/20250308_1/share/texmf-dist/tex/latex/base/atvery
end-ltx.sty)
(/opt/homebrew/Cellar/texlive/20250308_1/share/texmf-dist/tex/latex/rerunfilech
eck/rerunfilecheck.sty
(/opt/homebrew/Cellar/texlive/20250308_1/share/texmf-dist/tex/generic/uniquecou
nter/uniquecounter.sty)))
(/opt/homebrew/Cellar/texlive/20250308_1/share/texmf-dist/tex/latex/pgf/fronten
dlayer/tikz.sty
(/opt/homebrew/Cellar/texlive/20250308_1/share/texmf-dist/tex/latex/pgf/basicla
yer/pgf.sty
(/opt/homebrew/Cellar/texlive/20250308_1/share/texmf-dist/tex/latex/pgf/utiliti
es/pgfrcs.sty
(/opt/homebrew/Cellar/texlive/20250308_1/share/texmf-dist/tex/generic/pgf/utili
ties/pgfutil-common.tex)
(/opt/homebrew/Cellar/texlive/20250308_1/share/texmf-dist/tex/generic/pgf/utili
ties/pgfutil-latex.def)
(/opt/homebrew/Cellar/texlive/20250308_1/share/texmf-dist/tex/generic/pgf/utili
ties/pgfrcs.code.tex
(/opt/homebrew/Cellar/texlive/20250308_1/share/texmf-dist/tex/generic/pgf/pgf.r
evision.tex)))
(/opt/homebrew/Cellar/texlive/20250308_1/share/texmf-dist/tex/latex/pgf/basicla
yer/pgfcore.sty
(/opt/homebrew/Cellar/texlive/20250308_1/share/texmf-dist/tex/latex/pgf/systeml
ayer/pgfsys.sty
(/opt/homebrew/Cellar/texlive/20250308_1/share/texmf-dist/tex/generic/pgf/syste
mlayer/pgfsys.code.tex
(/opt/homebrew/Cellar/texlive/20250308_1/share/texmf-dist/tex/generic/pgf/utili
ties/pgfkeys.code.tex
(/opt/homebrew/Cellar/texlive/20250308_1/share/texmf-dist/tex/generic/pgf/utili
ties/pgfkeyslibraryfiltered.code.tex))
(/opt/homebrew/Cellar/texlive/20250308_1/share/texmf-dist/tex/generic/pgf/syste
mlayer/pgf.cfg)
(/opt/homebrew/Cellar/texlive/20250308_1/share/texmf-dist/tex/generic/pgf/syste
mlayer/pgfsys-pdftex.def
(/opt/homebrew/Cellar/texlive/20250308_1/share/texmf-dist/tex/generic/pgf/syste
mlayer/pgfsys-common-pdf.def)))
(/opt/homebrew/Cellar/texlive/20250308_1/share/texmf-dist/tex/generic/pgf/syste
mlayer/pgfsyssoftpath.code.tex)
(/opt/homebrew/Cellar/texlive/20250308_1/share/texmf-dist/tex/generic/pgf/syste
mlayer/pgfsysprotocol.code.tex))
(/opt/homebrew/Cellar/texlive/20250308_1/share/texmf-dist/tex/generic/pgf/basic
layer/pgfcore.code.tex
(/opt/homebrew/Cellar/texlive/20250308_1/share/texmf-dist/tex/generic/pgf/math/
pgfmath.code.tex
(/opt/homebrew/Cellar/texlive/20250308_1/share/texmf-dist/tex/generic/pgf/math/
pgfmathutil.code.tex)
(/opt/homebrew/Cellar/texlive/20250308_1/share/texmf-dist/tex/generic/pgf/math/
pgfmathparser.code.tex)
(/opt/homebrew/Cellar/texlive/20250308_1/share/texmf-dist/tex/generic/pgf/math/
pgfmathfunctions.code.tex)
(/opt/homebrew/Cellar/texlive/20250308_1/share/texmf-dist/tex/generic/pgf/math/
pgfmathfunctions.basic.code.tex)
(/opt/homebrew/Cellar/texlive/20250308_1/share/texmf-dist/tex/generic/pgf/math/
pgfmathfunctions.trigonometric.code.tex)
(/opt/homebrew/Cellar/texlive/20250308_1/share/texmf-dist/tex/generic/pgf/math/
pgfmathfunctions.random.code.tex)
(/opt/homebrew/Cellar/texlive/20250308_1/share/texmf-dist/tex/generic/pgf/math/
pgfmathfunctions.comparison.code.tex)
(/opt/homebrew/Cellar/texlive/20250308_1/share/texmf-dist/tex/generic/pgf/math/
pgfmathfunctions.base.code.tex)
(/opt/homebrew/Cellar/texlive/20250308_1/share/texmf-dist/tex/generic/pgf/math/
pgfmathfunctions.round.code.tex)
(/opt/homebrew/Cellar/texlive/20250308_1/share/texmf-dist/tex/generic/pgf/math/
pgfmathfunctions.misc.code.tex)
(/opt/homebrew/Cellar/texlive/20250308_1/share/texmf-dist/tex/generic/pgf/math/
pgfmathfunctions.integerarithmetics.code.tex)
(/opt/homebrew/Cellar/texlive/20250308_1/share/texmf-dist/tex/generic/pgf/math/
pgfmathcalc.code.tex)
(/opt/homebrew/Cellar/texlive/20250308_1/share/texmf-dist/tex/generic/pgf/math/
pgfmathfloat.code.tex))
(/opt/homebrew/Cellar/texlive/20250308_1/share/texmf-dist/tex/generic/pgf/math/
pgfint.code.tex)
(/opt/homebrew/Cellar/texlive/20250308_1/share/texmf-dist/tex/generic/pgf/basic
layer/pgfcorepoints.code.tex)
(/opt/homebrew/Cellar/texlive/20250308_1/share/texmf-dist/tex/generic/pgf/basic
layer/pgfcorepathconstruct.code.tex)
(/opt/homebrew/Cellar/texlive/20250308_1/share/texmf-dist/tex/generic/pgf/basic
layer/pgfcorepathusage.code.tex)
(/opt/homebrew/Cellar/texlive/20250308_1/share/texmf-dist/tex/generic/pgf/basic
layer/pgfcorescopes.code.tex)
(/opt/homebrew/Cellar/texlive/20250308_1/share/texmf-dist/tex/generic/pgf/basic
layer/pgfcoregraphicstate.code.tex)
(/opt/homebrew/Cellar/texlive/20250308_1/share/texmf-dist/tex/generic/pgf/basic
layer/pgfcoretransformations.code.tex)
(/opt/homebrew/Cellar/texlive/20250308_1/share/texmf-dist/tex/generic/pgf/basic
layer/pgfcorequick.code.tex)
(/opt/homebrew/Cellar/texlive/20250308_1/share/texmf-dist/tex/generic/pgf/basic
layer/pgfcoreobjects.code.tex)
(/opt/homebrew/Cellar/texlive/20250308_1/share/texmf-dist/tex/generic/pgf/basic
layer/pgfcorepathprocessing.code.tex)
(/opt/homebrew/Cellar/texlive/20250308_1/share/texmf-dist/tex/generic/pgf/basic
layer/pgfcorearrows.code.tex)
(/opt/homebrew/Cellar/texlive/20250308_1/share/texmf-dist/tex/generic/pgf/basic
layer/pgfcoreshade.code.tex)
(/opt/homebrew/Cellar/texlive/20250308_1/share/texmf-dist/tex/generic/pgf/basic
layer/pgfcoreimage.code.tex)
(/opt/homebrew/Cellar/texlive/20250308_1/share/texmf-dist/tex/generic/pgf/basic
layer/pgfcoreexternal.code.tex)
(/opt/homebrew/Cellar/texlive/20250308_1/share/texmf-dist/tex/generic/pgf/basic
layer/pgfcorelayers.code.tex)
(/opt/homebrew/Cellar/texlive/20250308_1/share/texmf-dist/tex/generic/pgf/basic
layer/pgfcoretransparency.code.tex)
(/opt/homebrew/Cellar/texlive/20250308_1/share/texmf-dist/tex/generic/pgf/basic
layer/pgfcorepatterns.code.tex)
(/opt/homebrew/Cellar/texlive/20250308_1/share/texmf-dist/tex/generic/pgf/basic
layer/pgfcorerdf.code.tex)))
(/opt/homebrew/Cellar/texlive/20250308_1/share/texmf-dist/tex/generic/pgf/modul
es/pgfmoduleshapes.code.tex)
(/opt/homebrew/Cellar/texlive/20250308_1/share/texmf-dist/tex/generic/pgf/modul
es/pgfmoduleplot.code.tex)
(/opt/homebrew/Cellar/texlive/20250308_1/share/texmf-dist/tex/latex/pgf/compati
bility/pgfcomp-version-0-65.sty)
(/opt/homebrew/Cellar/texlive/20250308_1/share/texmf-dist/tex/latex/pgf/compati
bility/pgfcomp-version-1-18.sty))
(/opt/homebrew/Cellar/texlive/20250308_1/share/texmf-dist/tex/latex/pgf/utiliti
es/pgffor.sty
(/opt/homebrew/Cellar/texlive/20250308_1/share/texmf-dist/tex/latex/pgf/utiliti
es/pgfkeys.sty
(/opt/homebrew/Cellar/texlive/20250308_1/share/texmf-dist/tex/generic/pgf/utili
ties/pgfkeys.code.tex))
(/opt/homebrew/Cellar/texlive/20250308_1/share/texmf-dist/tex/latex/pgf/math/pg
fmath.sty
(/opt/homebrew/Cellar/texlive/20250308_1/share/texmf-dist/tex/generic/pgf/math/
pgfmath.code.tex))
(/opt/homebrew/Cellar/texlive/20250308_1/share/texmf-dist/tex/generic/pgf/utili
ties/pgffor.code.tex))
(/opt/homebrew/Cellar/texlive/20250308_1/share/texmf-dist/tex/generic/pgf/front
endlayer/tikz/tikz.code.tex
(/opt/homebrew/Cellar/texlive/20250308_1/share/texmf-dist/tex/generic/pgf/libra
ries/pgflibraryplothandlers.code.tex)
(/opt/homebrew/Cellar/texlive/20250308_1/share/texmf-dist/tex/generic/pgf/modul
es/pgfmodulematrix.code.tex)
(/opt/homebrew/Cellar/texlive/20250308_1/share/texmf-dist/tex/generic/pgf/front
endlayer/tikz/libraries/tikzlibrarytopaths.code.tex)))
(/opt/homebrew/Cellar/texlive/20250308_1/share/texmf-dist/tex/generic/pgf/libra
ries/pgflibraryarrows.meta.code.tex)
(/opt/homebrew/Cellar/texlive/20250308_1/share/texmf-dist/tex/generic/pgf/front
endlayer/tikz/libraries/tikzlibrarycalc.code.tex)
(/opt/homebrew/Cellar/texlive/20250308_1/share/texmf-dist/tex/generic/pgf/front
endlayer/tikz/libraries/tikzlibraryangles.code.tex)
(/opt/homebrew/Cellar/texlive/20250308_1/share/texmf-dist/tex/generic/pgf/front
endlayer/tikz/libraries/tikzlibraryquotes.code.tex)
(/opt/homebrew/Cellar/texlive/20250308_1/share/texmf-dist/tex/generic/pgf/front
endlayer/tikz/libraries/tikzlibrarypositioning.code.tex)
(/opt/homebrew/Cellar/texlive/20250308_1/share/texmf-dist/tex/generic/pgf/front
endlayer/tikz/libraries/tikzlibrarydecorations.pathreplacing.code.tex
(/opt/homebrew/Cellar/texlive/20250308_1/share/texmf-dist/tex/generic/pgf/front
endlayer/tikz/libraries/tikzlibrarydecorations.code.tex
(/opt/homebrew/Cellar/texlive/20250308_1/share/texmf-dist/tex/generic/pgf/modul
es/pgfmoduledecorations.code.tex))
(/opt/homebrew/Cellar/texlive/20250308_1/share/texmf-dist/tex/generic/pgf/libra
ries/decorations/pgflibrarydecorations.pathreplacing.code.tex))
(/opt/homebrew/Cellar/texlive/20250308_1/share/texmf-dist/tex/latex/titlesec/ti
tletoc.sty)
(/opt/homebrew/Cellar/texlive/20250308_1/share/texmf-dist/tex/latex/fancyhdr/fa
ncyhdr.sty)
(/opt/homebrew/Cellar/texlive/20250308_1/share/texmf-dist/tex/latex/dejavu/Deja
VuSans.sty)
(/opt/homebrew/Cellar/texlive/20250308_1/share/texmf-dist/tex/latex/sansmath/sa
nsmath.sty)
(/opt/homebrew/Cellar/texlive/20250308_1/share/texmf-dist/tex/latex/cite/cite.s
ty) (./generated/stats.tex) (./generated/census.tex) (./generated/msd.tex)
(./generated/altitude_noise.tex) (./generated/pipeline_census.tex)
(./generated/trim.tex) (./generated/verify.tex) (./generated/audit.tex)
(./generated/prelim.tex) (./generated/terrain.tex)
(./generated/dataset_stats.tex) (./generated/kinematic_isotropy.tex)
(./generated/ch3_revision.tex) (./generated/ch3_terrain_axes_values.tex)
(./generated/ch3_channel_wind_values.tex)
(./generated/ch3_regional_variations_values.tex)
(./generated/ch3_grouped_tamsd_values.tex) (./generated/ch3_msd_weights.tex)
(./generated/ch3_altitude_hurst_values.tex)
(./generated/ch3_self_similarity_values.tex)
(./generated/duration_equipment.tex) (./generated/snapshot_status.tex)
(./generated/segmentation.tex) (./generated/ch5_vilpellet_values.tex))
(./generated/ch3_pooled_moment_values.tex)
(/opt/homebrew/Cellar/texlive/20250308_1/share/texmf-dist/tex/latex/lm/t1lmr.fd
)
(/opt/homebrew/Cellar/texlive/20250308_1/share/texmf-dist/tex/latex/l3backend/l
3backend-pdftex.def) (./esperimenti.aux)
*geometry* driver: auto-detecting
*geometry* detected driver: pdftex

(/opt/homebrew/Cellar/texlive/20250308_1/share/texmf-dist/tex/latex/microtype/m
t-cmr.cfg)
(/opt/homebrew/Cellar/texlive/20250308_1/share/texmf-dist/tex/context/base/mkii
/supp-pdf.mkii
[Loading MPS to PDF converter (version 2006.09.02).]
)
(/opt/homebrew/Cellar/texlive/20250308_1/share/texmf-dist/tex/latex/epstopdf-pk
g/epstopdf-base.sty
(/opt/homebrew/Cellar/texlive/20250308_1/share/texmf-dist/tex/latex/latexconfig
/epstopdf-sys.cfg))
(/opt/homebrew/Cellar/texlive/20250308_1/share/texmf-dist/tex/latex/caption/ltc
aption.sty)
(/opt/homebrew/Cellar/texlive/20250308_1/share/texmf-dist/tex/latex/translation
s/translations-basic-dictionary-english.trsl) (./esperimenti.out)
(./esperimenti.out)
(/opt/homebrew/Cellar/texlive/20250308_1/share/texmf-dist/tex/latex/lm/ot1lmr.f
d)
(/opt/homebrew/Cellar/texlive/20250308_1/share/texmf-dist/tex/latex/lm/omllmm.f
d)
(/opt/homebrew/Cellar/texlive/20250308_1/share/texmf-dist/tex/latex/lm/omslmsy.
fd)
(/opt/homebrew/Cellar/texlive/20250308_1/share/texmf-dist/tex/latex/lm/omxlmex.
fd)
(/opt/homebrew/Cellar/texlive/20250308_1/share/texmf-dist/tex/latex/amsfonts/um
sa.fd)
(/opt/homebrew/Cellar/texlive/20250308_1/share/texmf-dist/tex/latex/microtype/m
t-msa.cfg)
(/opt/homebrew/Cellar/texlive/20250308_1/share/texmf-dist/tex/latex/amsfonts/um
sb.fd)
(/opt/homebrew/Cellar/texlive/20250308_1/share/texmf-dist/tex/latex/microtype/m
t-msb.cfg)
[1{/opt/homebrew/Cellar/texlive/20250308_1/share/texmf-dist/fonts/map/pdftex/up
dmap/pdftex.map}{/opt/homebrew/Cellar/texlive/20250308_1/share/texmf-dist/fonts
/enc/dvips/lm/lm-ec.enc}]
(/opt/homebrew/Cellar/texlive/20250308_1/share/texmf-dist/tex/latex/lm/t1lmtt.f
d)
[1] (./esperimenti.toc
[2])
[3] (./sections/04-global-observables.tex
Chapter 3.

[1{/opt/homebrew/Cellar/texlive/20250308_1/share/texmf-dist/fonts/enc/dvips/lm/
lm-rm.enc}{/opt/homebrew/Cellar/texlive/20250308_1/share/texmf-dist/fonts/enc/d
vips/lm/lm-mathit.enc}{/opt/homebrew/Cellar/texlive/20250308_1/share/texmf-dist
/fonts/enc/dvips/lm/lm-mathsy.enc}{/opt/homebrew/Cellar/texlive/20250308_1/shar
e/texmf-dist/fonts/enc/dvips/lm/lm-mathex.enc}]
[2]
[3 <./generated/msd.pdf>]

LaTeX Warning: Citation `efron1979' on page 4 undefined on input line 215.


[4 <./generated/ch3_msd_weights.pdf>]
[5]
[6 <./generated/prelim_isotropy.pdf>]
[7 <./generated/ch3_pca.pdf>]

LaTeX Warning: Citation `taylor1922' on page 8 undefined on input line 400.


[8]

LaTeX Warning: Citation `kessy2018' on page 9 undefined on input line 454.


LaTeX Warning: Citation `noaa_etopo2022' on page 9 undefined on input line 483.



[9]

LaTeX Warning: Citation `noaa_etopo2022' on page 10 undefined on input line 543
.


[10 <./generated/ch3_terrain_axes.pdf>] (./sections/04-environment-wind.tex

LaTeX Warning: Citation `era5_pressure' on page 11 undefined on input line 20.


LaTeX Warning: Citation `earthmover_era5' on page 11 undefined on input line 22
.


LaTeX Warning: Citation `ecmwf_geopotential_height' on page 11 undefined on inp
ut line 30.


LaTeX Warning: Citation `era5_hourly' on page 11 undefined on input line 47.


LaTeX Warning: Citation `open_meteo_historical' on page 11 undefined on input l
ine 47.


[11]
[12 <./generated/ch3_channel_wind.pdf>])
[13]
[14 <./generated/kinematic_isotropy_terrain.pdf>]
[15 <./generated/kinematic_isotropy_terrain_level.pdf>]

LaTeX Warning: Citation `dhv_classification' on page 16 undefined on input line
 692.


LaTeX Warning: Citation `dreal_pays_de_caux' on page 16 undefined on input line
 697.


[16]
[17 <./generated/kinematic_isotropy_flat_level.pdf>]
(./sections/04-regional-variations.tex
[18]
[19]
[20 <./generated/ch3_regional_variations.pdf>]
[21 <./generated/ch3_variation_axes.pdf> <./generated/ch3_variation_controls.pd
f>])) (./sections/04-global-transport.tex
[22]
[23 <./generated/ch3_variation_orders.pdf>]
[24 <./generated/ch3_variation_distributions.pdf>]
[25 <./generated/ch3_variation_support.pdf>]
Chapter 4.

LaTeX Warning: Citation `mandelbrot1968' on page 26 undefined on input line 65.



[26]
[27 <./generated/ch3_scaling.pdf>]
[28]
[29]
[30 <./generated/closed_loop_schematic.pdf>]
(/opt/homebrew/Cellar/texlive/20250308_1/share/texmf-dist/tex/latex/dejavu/T1De
jaVuSans-TLF.fd)
(/opt/homebrew/Cellar/texlive/20250308_1/share/texmf-dist/tex/latex/dejavu/OT1D
ejaVuSans-TLF.fd)
[31]
[32{/opt/homebrew/Cellar/texlive/20250308_1/share/texmf-dist/fonts/enc/dvips/de
javu/dejavusans_t1-type1.enc}{/opt/homebrew/Cellar/texlive/20250308_1/share/tex
mf-dist/fonts/enc/dvips/dejavu/dejavusans_ot1.enc}]
[33]
[34 <./generated/quantile_scaling_schematic.pdf>]

LaTeX Warning: Citation `fraiman2022' on page 35 undefined on input line 604.


LaTeX Warning: Citation `didier2011' on page 35 undefined on input line 606.

(./generated/ch3_self_similarity_table.tex)
[35]
[36 <./generated/ch3_fixed_quantiles.pdf>]
[37 <./generated/ch3_fixed_exponents.pdf>]
[38] (./generated/ch3_self_similarity_collapse.tex)
[39]
[40 <./generated/ch3_absolute_laws_para.pdf>]
[41 <./generated/ch3_absolute_laws_hang.pdf>]
[42] (./generated/ch3_self_similarity_ranges.tex)
[43]

LaTeX Warning: Citation `szekely2013' on page 44 undefined on input line 1119.

(./sections/04-temporal-scaling.tex
[44]
[45 <./generated/ch3_joint_para.pdf>]
[46 <./generated/ch3_joint_hang.pdf>]
(./generated/ch3_temporal_scaling_population.tex)
(/opt/homebrew/Cellar/texlive/20250308_1/share/texmf-dist/tex/latex/lm/ot1lmss.
fd)

LaTeX Warning: Citation `fraiman2022' on page 47 undefined on input line 91.

(./generated/ch3_temporal_scaling_bounds.tex)
[47])
[48 <./generated/ch3_temporal_scaling_distances.pdf> <./generated/ch3_temporal_
scaling_para.pdf>] (./sections/04-grouped-tamsd.tex
[49 <./generated/ch3_temporal_scaling_hang.pdf>]
[50]
[51 <./generated/ch3_tamsd_regions.pdf>]
[52 <./generated/ch3_tamsd_altitude.pdf>]
[53 <./generated/ch3_tamsd_region_altitude.pdf>]
(./generated/ch3_altitude_hurst_table.tex)
[54]
[55 <./generated/ch3_altitude_hurst.pdf>])
(./generated/duration_bands_table.tex)
[56] (./generated/duration_equipment_table.tex)
[57 <./generated/ch3_duration.pdf>]
[58 <./generated/ch3_duration_equipment.pdf>]
[59 <./generated/ch3_duration_composition.pdf>])
(./sections/05-flight-phases.tex
[60]
Chapter 5.
(./generated/segmentation_audit_values.tex)

LaTeX Warning: Citation `vilpellet2026' on page 61 undefined on input line 19.


LaTeX Warning: Citation `rabiner1989' on page 61 undefined on input line 79.


LaTeX Warning: Citation `mcclintock2020' on page 61 undefined on input line 80.



[61]
[62]

LaTeX Warning: Citation `rabiner1989' on page 63 undefined on input line 166.


LaTeX Warning: Citation `viterbi1967' on page 63 undefined on input line 196.


LaTeX Warning: Citation `rabiner1989' on page 63 undefined on input line 196.


[63]

LaTeX Warning: Citation `baum1970' on page 64 undefined on input line 216.


LaTeX Warning: Citation `dempster1977' on page 64 undefined on input line 228.


[64]
[65]

LaTeX Warning: Citation `baum1970' on page 66 undefined on input line 422.


LaTeX Warning: Citation `dempster1977' on page 66 undefined on input line 422.


LaTeX Warning: Citation `hmmlearn033' on page 66 undefined on input line 438.


[66]
[67]

LaTeX Warning: Citation `viterbi1967' on page 68 undefined on input line 540.


[68 <./generated/segmentation_decoding_transitions.pdf>]
(./generated/segmentation_fit_table.tex)
(./generated/segmentation_audit_table.tex)
[69]
[70 <./generated/segmentation_coverage.pdf>]
[71 <./generated/segmentation_current_example_para.pdf>]
[72 <./generated/segmentation_current_example_hang.pdf>]
Underfull \vbox (badness 2512) has occurred while \output is active
[73 <./generated/segmentation_decoder_ablation.pdf>]

LaTeX Warning: Citation `efron1979' on page 74 undefined on input line 697.


LaTeX Warning: Citation `vilpellet2026' on page 74 undefined on input line 745.



[74]

LaTeX Warning: Citation `langrock2012' on page 75 undefined on input line 766.

) (./sections/06-vilpellet-segmentation.tex
[75]
Chapter 6.

LaTeX Warning: Citation `vilpellet2026' on page 76 undefined on input line 16.


[76]
[77]
[78]
[79]
[80 <./generated/ch5_vilpellet_comparison.pdf> <./generated/ch5_vilpellet_examp
le.pdf>]) (./sections/07-stochastic-models-comparison.tex
[81]
Chapter 7.

LaTeX Warning: Citation `zaburdaev2015' on page 82 undefined on input line 40.


LaTeX Warning: Citation `rebenshtok2014' on page 82 undefined on input line 40.



[82]

LaTeX Warning: Citation `mardia1970' on page 83 undefined on input line 132.


[83 <./generated/moment_spectrum_schematic.pdf>]
Underfull \vbox (badness 10000) has occurred while \output is active
[84 <./generated/ch3_models.pdf>]
[85]

LaTeX Warning: Citation `taylor1922' on page 86 undefined on input line 264.


[86 <./generated/ch3_velocity_memory.pdf>]) (./esperimenti.bbl
[87]
[88]
Underfull \hbox (badness 10000) in paragraph at lines 60--67
[]\T1/lmr/m/n/10.95 (+20) DREAL Nor-mandie.  Le pays de caux.  [][]$\T1/lmtt/m/
n/10.95 https : / / www . normandie .

Underfull \hbox (badness 10000) in paragraph at lines 60--67
\T1/lmtt/m/n/10.95 developpement-[]durable . gouv . fr / le-[]pays-[]de-[]caux-
[]a1902 . html$[][]\T1/lmr/m/n/10.95 (+20) , Febru-ary 2018.

[89]) (./appendices/C-displacement-squares.tex
[90]
Appendix 4.A.
)
[91]
[92 <./generated/ch3_squared_laws_para.pdf>]
[93 <./generated/ch3_squared_laws_hang.pdf>] (./esperimenti.aux)

LaTeX Warning: There were undefined references.


LaTeX Warning: Label(s) may have changed. Rerun to get cross-references right.

 )
(see the transcript file for additional information)</opt/homebrew/Cellar/texli
ve/20250308_1/share/texmf-dist/fonts/type1/public/dejavu/DejaVuSans-Bold.pfb></
opt/homebrew/Cellar/texlive/20250308_1/share/texmf-dist/fonts/type1/public/deja
vu/DejaVuSans-Oblique.pfb></opt/homebrew/Cellar/texlive/20250308_1/share/texmf-
dist/fonts/type1/public/dejavu/DejaVuSans.pfb></opt/homebrew/Cellar/texlive/202
50308_1/share/texmf-dist/fonts/type1/public/amsfonts/cm/cmmi10.pfb></opt/homebr
ew/Cellar/texlive/20250308_1/share/texmf-dist/fonts/type1/public/amsfonts/cm/cm
mi6.pfb></opt/homebrew/Cellar/texlive/20250308_1/share/texmf-dist/fonts/type1/p
ublic/amsfonts/cm/cmmi9.pfb></opt/homebrew/Cellar/texlive/20250308_1/share/texm
f-dist/fonts/type1/public/amsfonts/cm/cmsy5.pfb></opt/homebrew/Cellar/texlive/2
0250308_1/share/texmf-dist/fonts/type1/public/amsfonts/cm/cmsy7.pfb></opt/homeb
rew/Cellar/texlive/20250308_1/share/texmf-dist/fonts/type1/public/amsfonts/cm/c
msy9.pfb></opt/homebrew/Cellar/texlive/20250308_1/share/texmf-dist/fonts/type1/
public/lm/lmbx10.pfb></opt/homebrew/Cellar/texlive/20250308_1/share/texmf-dist/
fonts/type1/public/lm/lmbx12.pfb></opt/homebrew/Cellar/texlive/20250308_1/share
/texmf-dist/fonts/type1/public/lm/lmbx8.pfb></opt/homebrew/Cellar/texlive/20250
308_1/share/texmf-dist/fonts/type1/public/lm/lmex10.pfb></opt/homebrew/Cellar/t
exlive/20250308_1/share/texmf-dist/fonts/type1/public/lm/lmmi10.pfb></opt/homeb
rew/Cellar/texlive/20250308_1/share/texmf-dist/fonts/type1/public/lm/lmmi5.pfb>
</opt/homebrew/Cellar/texlive/20250308_1/share/texmf-dist/fonts/type1/public/lm
/lmmi6.pfb></opt/homebrew/Cellar/texlive/20250308_1/share/texmf-dist/fonts/type
1/public/lm/lmmi7.pfb></opt/homebrew/Cellar/texlive/20250308_1/share/texmf-dist
/fonts/type1/public/lm/lmmi8.pfb></opt/homebrew/Cellar/texlive/20250308_1/share
/texmf-dist/fonts/type1/public/lm/lmmib10.pfb></opt/homebrew/Cellar/texlive/202
50308_1/share/texmf-dist/fonts/type1/public/lm/lmmib7.pfb></opt/homebrew/Cellar
/texlive/20250308_1/share/texmf-dist/fonts/type1/public/lm/lmr10.pfb></opt/home
brew/Cellar/texlive/20250308_1/share/texmf-dist/fonts/type1/public/lm/lmr12.pfb
></opt/homebrew/Cellar/texlive/20250308_1/share/texmf-dist/fonts/type1/public/l
m/lmr17.pfb></opt/homebrew/Cellar/texlive/20250308_1/share/texmf-dist/fonts/typ
e1/public/lm/lmr5.pfb></opt/homebrew/Cellar/texlive/20250308_1/share/texmf-dist
/fonts/type1/public/lm/lmr6.pfb></opt/homebrew/Cellar/texlive/20250308_1/share/
texmf-dist/fonts/type1/public/lm/lmr7.pfb></opt/homebrew/Cellar/texlive/2025030
8_1/share/texmf-dist/fonts/type1/public/lm/lmr8.pfb></opt/homebrew/Cellar/texli
ve/20250308_1/share/texmf-dist/fonts/type1/public/lm/lmri10.pfb></opt/homebrew/
Cellar/texlive/20250308_1/share/texmf-dist/fonts/type1/public/lm/lmss8.pfb></op
t/homebrew/Cellar/texlive/20250308_1/share/texmf-dist/fonts/type1/public/lm/lms
y10.pfb></opt/homebrew/Cellar/texlive/20250308_1/share/texmf-dist/fonts/type1/p
ublic/lm/lmsy5.pfb></opt/homebrew/Cellar/texlive/20250308_1/share/texmf-dist/fo
nts/type1/public/lm/lmsy6.pfb></opt/homebrew/Cellar/texlive/20250308_1/share/te
xmf-dist/fonts/type1/public/lm/lmsy7.pfb></opt/homebrew/Cellar/texlive/20250308
_1/share/texmf-dist/fonts/type1/public/lm/lmsy8.pfb></opt/homebrew/Cellar/texli
ve/20250308_1/share/texmf-dist/fonts/type1/public/lm/lmtt10.pfb></opt/homebrew/
Cellar/texlive/20250308_1/share/texmf-dist/fonts/type1/public/amsfonts/symbols/
msbm10.pfb>
Output written on esperimenti.pdf (97 pages, 3689327 bytes).
Transcript written on esperimenti.log.
Latexmk: Getting log file 'esperimenti.log'
Latexmk: Examining 'esperimenti.fls'
Latexmk: Examining 'esperimenti.log'
Latexmk: Found input bbl file 'esperimenti.bbl'
Latexmk: References changed.
Latexmk: Log file says output to 'esperimenti.pdf'
Latexmk: Found bibliography file(s):
  ./references.bib
Latexmk: applying rule 'bibtex esperimenti'...
Rule 'bibtex esperimenti':  Reasons for rerun
Changed files or newly in use/created:
  esperimenti.aux

------------
Run number 2 of rule 'bibtex esperimenti'
------------
------------
Running 'bibtex  "esperimenti.aux"'
------------
This is BibTeX, Version 0.99d (TeX Live 2025/Homebrew)
The top-level auxiliary file: esperimenti.aux
The style file: unsrt.bst
Database file #1: references.bib
Latexmk: applying rule 'pdflatex'...
Rule 'pdflatex':  Reasons for rerun
Changed files or newly in use/created:
  esperimenti.aux
  esperimenti.toc

------------
Run number 3 of rule 'pdflatex'
------------
------------
Running 'pdflatex  -interaction=nonstopmode -halt-on-error -recorder  "esperimenti.tex"'
------------
This is pdfTeX, Version 3.141592653-2.6-1.40.27 (TeX Live 2025/Homebrew) (preloaded format=pdflatex)
 restricted \write18 enabled.
entering extended mode
(./esperimenti.tex
LaTeX2e <2024-11-01> patch level 2
L3 programming layer <2025-01-18>
(./preamble.tex
(/opt/homebrew/Cellar/texlive/20250308_1/share/texmf-dist/tex/latex/base/report
.cls
Document Class: report 2024/06/29 v1.4n Standard LaTeX document class

(/opt/homebrew/Cellar/texlive/20250308_1/share/texmf-dist/tex/latex/base/size11
.clo))
(/opt/homebrew/Cellar/texlive/20250308_1/share/texmf-dist/tex/latex/base/inpute
nc.sty)
(/opt/homebrew/Cellar/texlive/20250308_1/share/texmf-dist/tex/latex/base/fonten
c.sty)
(/opt/homebrew/Cellar/texlive/20250308_1/share/texmf-dist/tex/latex/lm/lmodern.
sty)
(/opt/homebrew/Cellar/texlive/20250308_1/share/texmf-dist/tex/generic/babel/bab
el.sty
(/opt/homebrew/Cellar/texlive/20250308_1/share/texmf-dist/tex/generic/babel/txt
babel.def)
(/opt/homebrew/Cellar/texlive/20250308_1/share/texmf-dist/tex/generic/babel-eng
lish/english.ldf))
(/opt/homebrew/Cellar/texlive/20250308_1/share/texmf-dist/tex/generic/babel/loc
ale/en/babel-english.tex)
(/opt/homebrew/Cellar/texlive/20250308_1/share/texmf-dist/tex/latex/amsmath/ams
math.sty
For additional information on amsmath, use the `?' option.

(/opt/homebrew/Cellar/texlive/20250308_1/share/texmf-dist/tex/latex/amsmath/ams
text.sty
(/opt/homebrew/Cellar/texlive/20250308_1/share/texmf-dist/tex/latex/amsmath/ams
gen.sty))
(/opt/homebrew/Cellar/texlive/20250308_1/share/texmf-dist/tex/latex/amsmath/ams
bsy.sty)
(/opt/homebrew/Cellar/texlive/20250308_1/share/texmf-dist/tex/latex/amsmath/ams
opn.sty))
(/opt/homebrew/Cellar/texlive/20250308_1/share/texmf-dist/tex/latex/amsfonts/am
ssymb.sty
(/opt/homebrew/Cellar/texlive/20250308_1/share/texmf-dist/tex/latex/amsfonts/am
sfonts.sty))
(/opt/homebrew/Cellar/texlive/20250308_1/share/texmf-dist/tex/latex/enumitem/en
umitem.sty)
(/opt/homebrew/Cellar/texlive/20250308_1/share/texmf-dist/tex/latex/geometry/ge
ometry.sty
(/opt/homebrew/Cellar/texlive/20250308_1/share/texmf-dist/tex/latex/graphics/ke
yval.sty)
(/opt/homebrew/Cellar/texlive/20250308_1/share/texmf-dist/tex/generic/iftex/ifv
tex.sty
(/opt/homebrew/Cellar/texlive/20250308_1/share/texmf-dist/tex/generic/iftex/ift
ex.sty)))
(/opt/homebrew/Cellar/texlive/20250308_1/share/texmf-dist/tex/latex/microtype/m
icrotype.sty
(/opt/homebrew/Cellar/texlive/20250308_1/share/texmf-dist/tex/latex/etoolbox/et
oolbox.sty)
(/opt/homebrew/Cellar/texlive/20250308_1/share/texmf-dist/tex/latex/microtype/m
icrotype-pdftex.def)
(/opt/homebrew/Cellar/texlive/20250308_1/share/texmf-dist/tex/latex/microtype/m
icrotype.cfg))
(/opt/homebrew/Cellar/texlive/20250308_1/share/texmf-dist/tex/latex/graphics/gr
aphicx.sty
(/opt/homebrew/Cellar/texlive/20250308_1/share/texmf-dist/tex/latex/graphics/gr
aphics.sty
(/opt/homebrew/Cellar/texlive/20250308_1/share/texmf-dist/tex/latex/graphics/tr
ig.sty)
(/opt/homebrew/Cellar/texlive/20250308_1/share/texmf-dist/tex/latex/graphics-cf
g/graphics.cfg)
(/opt/homebrew/Cellar/texlive/20250308_1/share/texmf-dist/tex/latex/graphics-de
f/pdftex.def)))
(/opt/homebrew/Cellar/texlive/20250308_1/share/texmf-dist/tex/latex/placeins/pl
aceins.sty)
(/opt/homebrew/Cellar/texlive/20250308_1/share/texmf-dist/tex/latex/float/float
.sty)
(/opt/homebrew/Cellar/texlive/20250308_1/share/texmf-dist/tex/latex/caption/cap
tion.sty
(/opt/homebrew/Cellar/texlive/20250308_1/share/texmf-dist/tex/latex/caption/cap
tion3.sty))
(/opt/homebrew/Cellar/texlive/20250308_1/share/texmf-dist/tex/latex/booktabs/bo
oktabs.sty)
(/opt/homebrew/Cellar/texlive/20250308_1/share/texmf-dist/tex/latex/tools/tabul
arx.sty
(/opt/homebrew/Cellar/texlive/20250308_1/share/texmf-dist/tex/latex/tools/array
.sty))
(/opt/homebrew/Cellar/texlive/20250308_1/share/texmf-dist/tex/latex/tools/longt
able.sty)
(/opt/homebrew/Cellar/texlive/20250308_1/share/texmf-dist/tex/latex/needspace/n
eedspace.sty)
(/opt/homebrew/Cellar/texlive/20250308_1/share/texmf-dist/tex/latex/multirow/mu
ltirow.sty)
(/opt/homebrew/Cellar/texlive/20250308_1/share/texmf-dist/tex/latex/siunitx/siu
nitx.sty
(/opt/homebrew/Cellar/texlive/20250308_1/share/texmf-dist/tex/latex/translation
s/translations.sty
(/opt/homebrew/Cellar/texlive/20250308_1/share/texmf-dist/tex/generic/pdftexcmd
s/pdftexcmds.sty
(/opt/homebrew/Cellar/texlive/20250308_1/share/texmf-dist/tex/generic/infwarerr
/infwarerr.sty)
(/opt/homebrew/Cellar/texlive/20250308_1/share/texmf-dist/tex/generic/ltxcmds/l
txcmds.sty))))
(/opt/homebrew/Cellar/texlive/20250308_1/share/texmf-dist/tex/latex/xcolor/xcol
or.sty
(/opt/homebrew/Cellar/texlive/20250308_1/share/texmf-dist/tex/latex/graphics-cf
g/color.cfg)
(/opt/homebrew/Cellar/texlive/20250308_1/share/texmf-dist/tex/latex/graphics/ma
thcolor.ltx))
(/opt/homebrew/Cellar/texlive/20250308_1/share/texmf-dist/tex/latex/csquotes/cs
quotes.sty
(/opt/homebrew/Cellar/texlive/20250308_1/share/texmf-dist/tex/latex/csquotes/cs
quotes.def)
(/opt/homebrew/Cellar/texlive/20250308_1/share/texmf-dist/tex/latex/csquotes/cs
quotes.cfg))
(/opt/homebrew/Cellar/texlive/20250308_1/share/texmf-dist/tex/latex/hyperref/xr
-hyper.sty)
(/opt/homebrew/Cellar/texlive/20250308_1/share/texmf-dist/tex/latex/hyperref/hy
perref.sty
(/opt/homebrew/Cellar/texlive/20250308_1/share/texmf-dist/tex/latex/kvsetkeys/k
vsetkeys.sty)
(/opt/homebrew/Cellar/texlive/20250308_1/share/texmf-dist/tex/generic/kvdefinek
eys/kvdefinekeys.sty)
(/opt/homebrew/Cellar/texlive/20250308_1/share/texmf-dist/tex/generic/pdfescape
/pdfescape.sty)
(/opt/homebrew/Cellar/texlive/20250308_1/share/texmf-dist/tex/latex/hycolor/hyc
olor.sty)
(/opt/homebrew/Cellar/texlive/20250308_1/share/texmf-dist/tex/latex/hyperref/na
meref.sty
(/opt/homebrew/Cellar/texlive/20250308_1/share/texmf-dist/tex/latex/refcount/re
fcount.sty)
(/opt/homebrew/Cellar/texlive/20250308_1/share/texmf-dist/tex/generic/gettitles
tring/gettitlestring.sty
(/opt/homebrew/Cellar/texlive/20250308_1/share/texmf-dist/tex/latex/kvoptions/k
voptions.sty)))
(/opt/homebrew/Cellar/texlive/20250308_1/share/texmf-dist/tex/generic/stringenc
/stringenc.sty)
(/opt/homebrew/Cellar/texlive/20250308_1/share/texmf-dist/tex/latex/hyperref/pd
1enc.def)
(/opt/homebrew/Cellar/texlive/20250308_1/share/texmf-dist/tex/generic/intcalc/i
ntcalc.sty)
(/opt/homebrew/Cellar/texlive/20250308_1/share/texmf-dist/tex/latex/hyperref/pu
enc.def)
(/opt/homebrew/Cellar/texlive/20250308_1/share/texmf-dist/tex/latex/url/url.sty
)
(/opt/homebrew/Cellar/texlive/20250308_1/share/texmf-dist/tex/generic/bitset/bi
tset.sty
(/opt/homebrew/Cellar/texlive/20250308_1/share/texmf-dist/tex/generic/bigintcal
c/bigintcalc.sty))
(/opt/homebrew/Cellar/texlive/20250308_1/share/texmf-dist/tex/latex/base/atbegs
hi-ltx.sty))
(/opt/homebrew/Cellar/texlive/20250308_1/share/texmf-dist/tex/latex/hyperref/hp
dftex.def
(/opt/homebrew/Cellar/texlive/20250308_1/share/texmf-dist/tex/latex/base/atvery
end-ltx.sty)
(/opt/homebrew/Cellar/texlive/20250308_1/share/texmf-dist/tex/latex/rerunfilech
eck/rerunfilecheck.sty
(/opt/homebrew/Cellar/texlive/20250308_1/share/texmf-dist/tex/generic/uniquecou
nter/uniquecounter.sty)))
(/opt/homebrew/Cellar/texlive/20250308_1/share/texmf-dist/tex/latex/pgf/fronten
dlayer/tikz.sty
(/opt/homebrew/Cellar/texlive/20250308_1/share/texmf-dist/tex/latex/pgf/basicla
yer/pgf.sty
(/opt/homebrew/Cellar/texlive/20250308_1/share/texmf-dist/tex/latex/pgf/utiliti
es/pgfrcs.sty
(/opt/homebrew/Cellar/texlive/20250308_1/share/texmf-dist/tex/generic/pgf/utili
ties/pgfutil-common.tex)
(/opt/homebrew/Cellar/texlive/20250308_1/share/texmf-dist/tex/generic/pgf/utili
ties/pgfutil-latex.def)
(/opt/homebrew/Cellar/texlive/20250308_1/share/texmf-dist/tex/generic/pgf/utili
ties/pgfrcs.code.tex
(/opt/homebrew/Cellar/texlive/20250308_1/share/texmf-dist/tex/generic/pgf/pgf.r
evision.tex)))
(/opt/homebrew/Cellar/texlive/20250308_1/share/texmf-dist/tex/latex/pgf/basicla
yer/pgfcore.sty
(/opt/homebrew/Cellar/texlive/20250308_1/share/texmf-dist/tex/latex/pgf/systeml
ayer/pgfsys.sty
(/opt/homebrew/Cellar/texlive/20250308_1/share/texmf-dist/tex/generic/pgf/syste
mlayer/pgfsys.code.tex
(/opt/homebrew/Cellar/texlive/20250308_1/share/texmf-dist/tex/generic/pgf/utili
ties/pgfkeys.code.tex
(/opt/homebrew/Cellar/texlive/20250308_1/share/texmf-dist/tex/generic/pgf/utili
ties/pgfkeyslibraryfiltered.code.tex))
(/opt/homebrew/Cellar/texlive/20250308_1/share/texmf-dist/tex/generic/pgf/syste
mlayer/pgf.cfg)
(/opt/homebrew/Cellar/texlive/20250308_1/share/texmf-dist/tex/generic/pgf/syste
mlayer/pgfsys-pdftex.def
(/opt/homebrew/Cellar/texlive/20250308_1/share/texmf-dist/tex/generic/pgf/syste
mlayer/pgfsys-common-pdf.def)))
(/opt/homebrew/Cellar/texlive/20250308_1/share/texmf-dist/tex/generic/pgf/syste
mlayer/pgfsyssoftpath.code.tex)
(/opt/homebrew/Cellar/texlive/20250308_1/share/texmf-dist/tex/generic/pgf/syste
mlayer/pgfsysprotocol.code.tex))
(/opt/homebrew/Cellar/texlive/20250308_1/share/texmf-dist/tex/generic/pgf/basic
layer/pgfcore.code.tex
(/opt/homebrew/Cellar/texlive/20250308_1/share/texmf-dist/tex/generic/pgf/math/
pgfmath.code.tex
(/opt/homebrew/Cellar/texlive/20250308_1/share/texmf-dist/tex/generic/pgf/math/
pgfmathutil.code.tex)
(/opt/homebrew/Cellar/texlive/20250308_1/share/texmf-dist/tex/generic/pgf/math/
pgfmathparser.code.tex)
(/opt/homebrew/Cellar/texlive/20250308_1/share/texmf-dist/tex/generic/pgf/math/
pgfmathfunctions.code.tex)
(/opt/homebrew/Cellar/texlive/20250308_1/share/texmf-dist/tex/generic/pgf/math/
pgfmathfunctions.basic.code.tex)
(/opt/homebrew/Cellar/texlive/20250308_1/share/texmf-dist/tex/generic/pgf/math/
pgfmathfunctions.trigonometric.code.tex)
(/opt/homebrew/Cellar/texlive/20250308_1/share/texmf-dist/tex/generic/pgf/math/
pgfmathfunctions.random.code.tex)
(/opt/homebrew/Cellar/texlive/20250308_1/share/texmf-dist/tex/generic/pgf/math/
pgfmathfunctions.comparison.code.tex)
(/opt/homebrew/Cellar/texlive/20250308_1/share/texmf-dist/tex/generic/pgf/math/
pgfmathfunctions.base.code.tex)
(/opt/homebrew/Cellar/texlive/20250308_1/share/texmf-dist/tex/generic/pgf/math/
pgfmathfunctions.round.code.tex)
(/opt/homebrew/Cellar/texlive/20250308_1/share/texmf-dist/tex/generic/pgf/math/
pgfmathfunctions.misc.code.tex)
(/opt/homebrew/Cellar/texlive/20250308_1/share/texmf-dist/tex/generic/pgf/math/
pgfmathfunctions.integerarithmetics.code.tex)
(/opt/homebrew/Cellar/texlive/20250308_1/share/texmf-dist/tex/generic/pgf/math/
pgfmathcalc.code.tex)
(/opt/homebrew/Cellar/texlive/20250308_1/share/texmf-dist/tex/generic/pgf/math/
pgfmathfloat.code.tex))
(/opt/homebrew/Cellar/texlive/20250308_1/share/texmf-dist/tex/generic/pgf/math/
pgfint.code.tex)
(/opt/homebrew/Cellar/texlive/20250308_1/share/texmf-dist/tex/generic/pgf/basic
layer/pgfcorepoints.code.tex)
(/opt/homebrew/Cellar/texlive/20250308_1/share/texmf-dist/tex/generic/pgf/basic
layer/pgfcorepathconstruct.code.tex)
(/opt/homebrew/Cellar/texlive/20250308_1/share/texmf-dist/tex/generic/pgf/basic
layer/pgfcorepathusage.code.tex)
(/opt/homebrew/Cellar/texlive/20250308_1/share/texmf-dist/tex/generic/pgf/basic
layer/pgfcorescopes.code.tex)
(/opt/homebrew/Cellar/texlive/20250308_1/share/texmf-dist/tex/generic/pgf/basic
layer/pgfcoregraphicstate.code.tex)
(/opt/homebrew/Cellar/texlive/20250308_1/share/texmf-dist/tex/generic/pgf/basic
layer/pgfcoretransformations.code.tex)
(/opt/homebrew/Cellar/texlive/20250308_1/share/texmf-dist/tex/generic/pgf/basic
layer/pgfcorequick.code.tex)
(/opt/homebrew/Cellar/texlive/20250308_1/share/texmf-dist/tex/generic/pgf/basic
layer/pgfcoreobjects.code.tex)
(/opt/homebrew/Cellar/texlive/20250308_1/share/texmf-dist/tex/generic/pgf/basic
layer/pgfcorepathprocessing.code.tex)
(/opt/homebrew/Cellar/texlive/20250308_1/share/texmf-dist/tex/generic/pgf/basic
layer/pgfcorearrows.code.tex)
(/opt/homebrew/Cellar/texlive/20250308_1/share/texmf-dist/tex/generic/pgf/basic
layer/pgfcoreshade.code.tex)
(/opt/homebrew/Cellar/texlive/20250308_1/share/texmf-dist/tex/generic/pgf/basic
layer/pgfcoreimage.code.tex)
(/opt/homebrew/Cellar/texlive/20250308_1/share/texmf-dist/tex/generic/pgf/basic
layer/pgfcoreexternal.code.tex)
(/opt/homebrew/Cellar/texlive/20250308_1/share/texmf-dist/tex/generic/pgf/basic
layer/pgfcorelayers.code.tex)
(/opt/homebrew/Cellar/texlive/20250308_1/share/texmf-dist/tex/generic/pgf/basic
layer/pgfcoretransparency.code.tex)
(/opt/homebrew/Cellar/texlive/20250308_1/share/texmf-dist/tex/generic/pgf/basic
layer/pgfcorepatterns.code.tex)
(/opt/homebrew/Cellar/texlive/20250308_1/share/texmf-dist/tex/generic/pgf/basic
layer/pgfcorerdf.code.tex)))
(/opt/homebrew/Cellar/texlive/20250308_1/share/texmf-dist/tex/generic/pgf/modul
es/pgfmoduleshapes.code.tex)
(/opt/homebrew/Cellar/texlive/20250308_1/share/texmf-dist/tex/generic/pgf/modul
es/pgfmoduleplot.code.tex)
(/opt/homebrew/Cellar/texlive/20250308_1/share/texmf-dist/tex/latex/pgf/compati
bility/pgfcomp-version-0-65.sty)
(/opt/homebrew/Cellar/texlive/20250308_1/share/texmf-dist/tex/latex/pgf/compati
bility/pgfcomp-version-1-18.sty))
(/opt/homebrew/Cellar/texlive/20250308_1/share/texmf-dist/tex/latex/pgf/utiliti
es/pgffor.sty
(/opt/homebrew/Cellar/texlive/20250308_1/share/texmf-dist/tex/latex/pgf/utiliti
es/pgfkeys.sty
(/opt/homebrew/Cellar/texlive/20250308_1/share/texmf-dist/tex/generic/pgf/utili
ties/pgfkeys.code.tex))
(/opt/homebrew/Cellar/texlive/20250308_1/share/texmf-dist/tex/latex/pgf/math/pg
fmath.sty
(/opt/homebrew/Cellar/texlive/20250308_1/share/texmf-dist/tex/generic/pgf/math/
pgfmath.code.tex))
(/opt/homebrew/Cellar/texlive/20250308_1/share/texmf-dist/tex/generic/pgf/utili
ties/pgffor.code.tex))
(/opt/homebrew/Cellar/texlive/20250308_1/share/texmf-dist/tex/generic/pgf/front
endlayer/tikz/tikz.code.tex
(/opt/homebrew/Cellar/texlive/20250308_1/share/texmf-dist/tex/generic/pgf/libra
ries/pgflibraryplothandlers.code.tex)
(/opt/homebrew/Cellar/texlive/20250308_1/share/texmf-dist/tex/generic/pgf/modul
es/pgfmodulematrix.code.tex)
(/opt/homebrew/Cellar/texlive/20250308_1/share/texmf-dist/tex/generic/pgf/front
endlayer/tikz/libraries/tikzlibrarytopaths.code.tex)))
(/opt/homebrew/Cellar/texlive/20250308_1/share/texmf-dist/tex/generic/pgf/libra
ries/pgflibraryarrows.meta.code.tex)
(/opt/homebrew/Cellar/texlive/20250308_1/share/texmf-dist/tex/generic/pgf/front
endlayer/tikz/libraries/tikzlibrarycalc.code.tex)
(/opt/homebrew/Cellar/texlive/20250308_1/share/texmf-dist/tex/generic/pgf/front
endlayer/tikz/libraries/tikzlibraryangles.code.tex)
(/opt/homebrew/Cellar/texlive/20250308_1/share/texmf-dist/tex/generic/pgf/front
endlayer/tikz/libraries/tikzlibraryquotes.code.tex)
(/opt/homebrew/Cellar/texlive/20250308_1/share/texmf-dist/tex/generic/pgf/front
endlayer/tikz/libraries/tikzlibrarypositioning.code.tex)
(/opt/homebrew/Cellar/texlive/20250308_1/share/texmf-dist/tex/generic/pgf/front
endlayer/tikz/libraries/tikzlibrarydecorations.pathreplacing.code.tex
(/opt/homebrew/Cellar/texlive/20250308_1/share/texmf-dist/tex/generic/pgf/front
endlayer/tikz/libraries/tikzlibrarydecorations.code.tex
(/opt/homebrew/Cellar/texlive/20250308_1/share/texmf-dist/tex/generic/pgf/modul
es/pgfmoduledecorations.code.tex))
(/opt/homebrew/Cellar/texlive/20250308_1/share/texmf-dist/tex/generic/pgf/libra
ries/decorations/pgflibrarydecorations.pathreplacing.code.tex))
(/opt/homebrew/Cellar/texlive/20250308_1/share/texmf-dist/tex/latex/titlesec/ti
tletoc.sty)
(/opt/homebrew/Cellar/texlive/20250308_1/share/texmf-dist/tex/latex/fancyhdr/fa
ncyhdr.sty)
(/opt/homebrew/Cellar/texlive/20250308_1/share/texmf-dist/tex/latex/dejavu/Deja
VuSans.sty)
(/opt/homebrew/Cellar/texlive/20250308_1/share/texmf-dist/tex/latex/sansmath/sa
nsmath.sty)
(/opt/homebrew/Cellar/texlive/20250308_1/share/texmf-dist/tex/latex/cite/cite.s
ty) (./generated/stats.tex) (./generated/census.tex) (./generated/msd.tex)
(./generated/altitude_noise.tex) (./generated/pipeline_census.tex)
(./generated/trim.tex) (./generated/verify.tex) (./generated/audit.tex)
(./generated/prelim.tex) (./generated/terrain.tex)
(./generated/dataset_stats.tex) (./generated/kinematic_isotropy.tex)
(./generated/ch3_revision.tex) (./generated/ch3_terrain_axes_values.tex)
(./generated/ch3_channel_wind_values.tex)
(./generated/ch3_regional_variations_values.tex)
(./generated/ch3_grouped_tamsd_values.tex) (./generated/ch3_msd_weights.tex)
(./generated/ch3_altitude_hurst_values.tex)
(./generated/ch3_self_similarity_values.tex)
(./generated/duration_equipment.tex) (./generated/snapshot_status.tex)
(./generated/segmentation.tex) (./generated/ch5_vilpellet_values.tex))
(./generated/ch3_pooled_moment_values.tex)
(/opt/homebrew/Cellar/texlive/20250308_1/share/texmf-dist/tex/latex/lm/t1lmr.fd
)
(/opt/homebrew/Cellar/texlive/20250308_1/share/texmf-dist/tex/latex/l3backend/l
3backend-pdftex.def) (./esperimenti.aux)
*geometry* driver: auto-detecting
*geometry* detected driver: pdftex

(/opt/homebrew/Cellar/texlive/20250308_1/share/texmf-dist/tex/latex/microtype/m
t-cmr.cfg)
(/opt/homebrew/Cellar/texlive/20250308_1/share/texmf-dist/tex/context/base/mkii
/supp-pdf.mkii
[Loading MPS to PDF converter (version 2006.09.02).]
)
(/opt/homebrew/Cellar/texlive/20250308_1/share/texmf-dist/tex/latex/epstopdf-pk
g/epstopdf-base.sty
(/opt/homebrew/Cellar/texlive/20250308_1/share/texmf-dist/tex/latex/latexconfig
/epstopdf-sys.cfg))
(/opt/homebrew/Cellar/texlive/20250308_1/share/texmf-dist/tex/latex/caption/ltc
aption.sty)
(/opt/homebrew/Cellar/texlive/20250308_1/share/texmf-dist/tex/latex/translation
s/translations-basic-dictionary-english.trsl) (./esperimenti.out)
(./esperimenti.out)
(/opt/homebrew/Cellar/texlive/20250308_1/share/texmf-dist/tex/latex/lm/ot1lmr.f
d)
(/opt/homebrew/Cellar/texlive/20250308_1/share/texmf-dist/tex/latex/lm/omllmm.f
d)
(/opt/homebrew/Cellar/texlive/20250308_1/share/texmf-dist/tex/latex/lm/omslmsy.
fd)
(/opt/homebrew/Cellar/texlive/20250308_1/share/texmf-dist/tex/latex/lm/omxlmex.
fd)
(/opt/homebrew/Cellar/texlive/20250308_1/share/texmf-dist/tex/latex/amsfonts/um
sa.fd)
(/opt/homebrew/Cellar/texlive/20250308_1/share/texmf-dist/tex/latex/microtype/m
t-msa.cfg)
(/opt/homebrew/Cellar/texlive/20250308_1/share/texmf-dist/tex/latex/amsfonts/um
sb.fd)
(/opt/homebrew/Cellar/texlive/20250308_1/share/texmf-dist/tex/latex/microtype/m
t-msb.cfg)
[1{/opt/homebrew/Cellar/texlive/20250308_1/share/texmf-dist/fonts/map/pdftex/up
dmap/pdftex.map}{/opt/homebrew/Cellar/texlive/20250308_1/share/texmf-dist/fonts
/enc/dvips/lm/lm-ec.enc}]
(/opt/homebrew/Cellar/texlive/20250308_1/share/texmf-dist/tex/latex/lm/t1lmtt.f
d)
[1] (./esperimenti.toc
[2])
[3] (./sections/04-global-observables.tex
Chapter 3.

[1{/opt/homebrew/Cellar/texlive/20250308_1/share/texmf-dist/fonts/enc/dvips/lm/
lm-rm.enc}{/opt/homebrew/Cellar/texlive/20250308_1/share/texmf-dist/fonts/enc/d
vips/lm/lm-mathit.enc}{/opt/homebrew/Cellar/texlive/20250308_1/share/texmf-dist
/fonts/enc/dvips/lm/lm-mathsy.enc}{/opt/homebrew/Cellar/texlive/20250308_1/shar
e/texmf-dist/fonts/enc/dvips/lm/lm-mathex.enc}]
[2]
[3 <./generated/msd.pdf>]
[4 <./generated/ch3_msd_weights.pdf>]
[5]
[6 <./generated/prelim_isotropy.pdf>]
[7 <./generated/ch3_pca.pdf>]
[8]
[9]
[10 <./generated/ch3_terrain_axes.pdf>] (./sections/04-environment-wind.tex
[11]
[12 <./generated/ch3_channel_wind.pdf>])
[13]
[14 <./generated/kinematic_isotropy_terrain.pdf>]
[15 <./generated/kinematic_isotropy_terrain_level.pdf>]
[16]
[17 <./generated/kinematic_isotropy_flat_level.pdf>]
(./sections/04-regional-variations.tex
[18]
[19]
[20 <./generated/ch3_regional_variations.pdf>]
[21 <./generated/ch3_variation_axes.pdf> <./generated/ch3_variation_controls.pd
f>])) (./sections/04-global-transport.tex
[22]
[23 <./generated/ch3_variation_orders.pdf>]
[24 <./generated/ch3_variation_distributions.pdf>]
[25 <./generated/ch3_variation_support.pdf>]
Chapter 4.

[26]
[27 <./generated/ch3_scaling.pdf>]
[28]
[29]
[30 <./generated/closed_loop_schematic.pdf>]
(/opt/homebrew/Cellar/texlive/20250308_1/share/texmf-dist/tex/latex/dejavu/T1De
jaVuSans-TLF.fd)
(/opt/homebrew/Cellar/texlive/20250308_1/share/texmf-dist/tex/latex/dejavu/OT1D
ejaVuSans-TLF.fd)
[31]
[32{/opt/homebrew/Cellar/texlive/20250308_1/share/texmf-dist/fonts/enc/dvips/de
javu/dejavusans_t1-type1.enc}{/opt/homebrew/Cellar/texlive/20250308_1/share/tex
mf-dist/fonts/enc/dvips/dejavu/dejavusans_ot1.enc}]
[33]
[34 <./generated/quantile_scaling_schematic.pdf>]
(./generated/ch3_self_similarity_table.tex)
[35]
[36 <./generated/ch3_fixed_quantiles.pdf>]
[37 <./generated/ch3_fixed_exponents.pdf>]
[38] (./generated/ch3_self_similarity_collapse.tex)
[39]
[40 <./generated/ch3_absolute_laws_para.pdf>]
[41 <./generated/ch3_absolute_laws_hang.pdf>]
[42] (./generated/ch3_self_similarity_ranges.tex)
[43] (./sections/04-temporal-scaling.tex
[44]
[45 <./generated/ch3_joint_para.pdf>]
[46 <./generated/ch3_joint_hang.pdf>]
(./generated/ch3_temporal_scaling_population.tex)
(/opt/homebrew/Cellar/texlive/20250308_1/share/texmf-dist/tex/latex/lm/ot1lmss.
fd) (./generated/ch3_temporal_scaling_bounds.tex)
[47])
[48 <./generated/ch3_temporal_scaling_distances.pdf> <./generated/ch3_temporal_
scaling_para.pdf>] (./sections/04-grouped-tamsd.tex
[49 <./generated/ch3_temporal_scaling_hang.pdf>]
[50]
[51 <./generated/ch3_tamsd_regions.pdf>]
[52 <./generated/ch3_tamsd_altitude.pdf>]
[53 <./generated/ch3_tamsd_region_altitude.pdf>]
(./generated/ch3_altitude_hurst_table.tex)
[54]
[55 <./generated/ch3_altitude_hurst.pdf>])
(./generated/duration_bands_table.tex)
[56] (./generated/duration_equipment_table.tex)
[57 <./generated/ch3_duration.pdf>]
[58 <./generated/ch3_duration_equipment.pdf>]
[59 <./generated/ch3_duration_composition.pdf>])
(./sections/05-flight-phases.tex
[60]
Chapter 5.
(./generated/segmentation_audit_values.tex)
[61]
[62]
[63]
[64]
[65]
[66]
[67]
[68 <./generated/segmentation_decoding_transitions.pdf>]
(./generated/segmentation_fit_table.tex)
(./generated/segmentation_audit_table.tex)
[69]
[70 <./generated/segmentation_coverage.pdf>]
[71 <./generated/segmentation_current_example_para.pdf>]
[72 <./generated/segmentation_current_example_hang.pdf>]
Underfull \vbox (badness 2512) has occurred while \output is active
[73 <./generated/segmentation_decoder_ablation.pdf>]
[74]) (./sections/06-vilpellet-segmentation.tex
[75]
Chapter 6.

[76]
[77]
[78]
[79]
[80 <./generated/ch5_vilpellet_comparison.pdf> <./generated/ch5_vilpellet_examp
le.pdf>]) (./sections/07-stochastic-models-comparison.tex
[81]
Chapter 7.

[82]
[83 <./generated/moment_spectrum_schematic.pdf>]
Underfull \vbox (badness 10000) has occurred while \output is active
[84 <./generated/ch3_models.pdf>]
[85]
[86 <./generated/ch3_velocity_memory.pdf>]) (./esperimenti.bbl
[87]
[88]
Underfull \hbox (badness 10000) in paragraph at lines 60--67
[]\T1/lmr/m/n/10.95 (+20) DREAL Nor-mandie.  Le pays de caux.  [][]$\T1/lmtt/m/
n/10.95 https : / / www . normandie .

Underfull \hbox (badness 10000) in paragraph at lines 60--67
\T1/lmtt/m/n/10.95 developpement-[]durable . gouv . fr / le-[]pays-[]de-[]caux-
[]a1902 . html$[][]\T1/lmr/m/n/10.95 (+20) , Febru-ary 2018.

[89]) (./appendices/C-displacement-squares.tex
[90]
Appendix 4.A.
)
[91]
[92 <./generated/ch3_squared_laws_para.pdf>]
[93 <./generated/ch3_squared_laws_hang.pdf>] (./esperimenti.aux) )
(see the transcript file for additional information)</opt/homebrew/Cellar/texli
ve/20250308_1/share/texmf-dist/fonts/type1/public/dejavu/DejaVuSans-Bold.pfb></
opt/homebrew/Cellar/texlive/20250308_1/share/texmf-dist/fonts/type1/public/deja
vu/DejaVuSans-Oblique.pfb></opt/homebrew/Cellar/texlive/20250308_1/share/texmf-
dist/fonts/type1/public/dejavu/DejaVuSans.pfb></opt/homebrew/Cellar/texlive/202
50308_1/share/texmf-dist/fonts/type1/public/amsfonts/cm/cmmi10.pfb></opt/homebr
ew/Cellar/texlive/20250308_1/share/texmf-dist/fonts/type1/public/amsfonts/cm/cm
mi6.pfb></opt/homebrew/Cellar/texlive/20250308_1/share/texmf-dist/fonts/type1/p
ublic/amsfonts/cm/cmmi9.pfb></opt/homebrew/Cellar/texlive/20250308_1/share/texm
f-dist/fonts/type1/public/amsfonts/cm/cmsy5.pfb></opt/homebrew/Cellar/texlive/2
0250308_1/share/texmf-dist/fonts/type1/public/amsfonts/cm/cmsy7.pfb></opt/homeb
rew/Cellar/texlive/20250308_1/share/texmf-dist/fonts/type1/public/amsfonts/cm/c
msy9.pfb></opt/homebrew/Cellar/texlive/20250308_1/share/texmf-dist/fonts/type1/
public/lm/lmbx10.pfb></opt/homebrew/Cellar/texlive/20250308_1/share/texmf-dist/
fonts/type1/public/lm/lmbx12.pfb></opt/homebrew/Cellar/texlive/20250308_1/share
/texmf-dist/fonts/type1/public/lm/lmbx8.pfb></opt/homebrew/Cellar/texlive/20250
308_1/share/texmf-dist/fonts/type1/public/lm/lmex10.pfb></opt/homebrew/Cellar/t
exlive/20250308_1/share/texmf-dist/fonts/type1/public/lm/lmmi10.pfb></opt/homeb
rew/Cellar/texlive/20250308_1/share/texmf-dist/fonts/type1/public/lm/lmmi5.pfb>
</opt/homebrew/Cellar/texlive/20250308_1/share/texmf-dist/fonts/type1/public/lm
/lmmi6.pfb></opt/homebrew/Cellar/texlive/20250308_1/share/texmf-dist/fonts/type
1/public/lm/lmmi7.pfb></opt/homebrew/Cellar/texlive/20250308_1/share/texmf-dist
/fonts/type1/public/lm/lmmi8.pfb></opt/homebrew/Cellar/texlive/20250308_1/share
/texmf-dist/fonts/type1/public/lm/lmmib10.pfb></opt/homebrew/Cellar/texlive/202
50308_1/share/texmf-dist/fonts/type1/public/lm/lmmib7.pfb></opt/homebrew/Cellar
/texlive/20250308_1/share/texmf-dist/fonts/type1/public/lm/lmr10.pfb></opt/home
brew/Cellar/texlive/20250308_1/share/texmf-dist/fonts/type1/public/lm/lmr12.pfb
></opt/homebrew/Cellar/texlive/20250308_1/share/texmf-dist/fonts/type1/public/l
m/lmr17.pfb></opt/homebrew/Cellar/texlive/20250308_1/share/texmf-dist/fonts/typ
e1/public/lm/lmr5.pfb></opt/homebrew/Cellar/texlive/20250308_1/share/texmf-dist
/fonts/type1/public/lm/lmr6.pfb></opt/homebrew/Cellar/texlive/20250308_1/share/
texmf-dist/fonts/type1/public/lm/lmr7.pfb></opt/homebrew/Cellar/texlive/2025030
8_1/share/texmf-dist/fonts/type1/public/lm/lmr8.pfb></opt/homebrew/Cellar/texli
ve/20250308_1/share/texmf-dist/fonts/type1/public/lm/lmri10.pfb></opt/homebrew/
Cellar/texlive/20250308_1/share/texmf-dist/fonts/type1/public/lm/lmss8.pfb></op
t/homebrew/Cellar/texlive/20250308_1/share/texmf-dist/fonts/type1/public/lm/lms
y10.pfb></opt/homebrew/Cellar/texlive/20250308_1/share/texmf-dist/fonts/type1/p
ublic/lm/lmsy5.pfb></opt/homebrew/Cellar/texlive/20250308_1/share/texmf-dist/fo
nts/type1/public/lm/lmsy6.pfb></opt/homebrew/Cellar/texlive/20250308_1/share/te
xmf-dist/fonts/type1/public/lm/lmsy7.pfb></opt/homebrew/Cellar/texlive/20250308
_1/share/texmf-dist/fonts/type1/public/lm/lmsy8.pfb></opt/homebrew/Cellar/texli
ve/20250308_1/share/texmf-dist/fonts/type1/public/lm/lmtt10.pfb></opt/homebrew/
Cellar/texlive/20250308_1/share/texmf-dist/fonts/type1/public/amsfonts/symbols/
msbm10.pfb>
Output written on esperimenti.pdf (97 pages, 3691052 bytes).
Transcript written on esperimenti.log.
Latexmk: Getting log file 'esperimenti.log'
Latexmk: Examining 'esperimenti.fls'
Latexmk: Examining 'esperimenti.log'
Latexmk: Found input bbl file 'esperimenti.bbl'
Latexmk: Log file says output to 'esperimenti.pdf'
Latexmk: Found bibliography file(s):
  ./references.bib
Latexmk: All targets (esperimenti.pdf) are up-to-date

Both volumes compile without missing references, overflows or duplicate destinations.
Report on SSD equals committed report: yes
