discipline,statistic,side_km,shift_x_km,shift_y_km,months,month_offset,pool_terrain,config_index,seed,rng_seed,replicate_key,groups,flights,singleton_groups,singleton_group_fraction,flights_in_singletons_fraction,flights_per_group_median,flights_per_group_p95,largest_group_flights,largest_group_fraction,size_balance_index,years_per_group_median,groups_with_multiple_years,archive_groups,unknown_archive_flights,point,se,se_monte_carlo,low,high,valid_replicates,invalid_replicates,se_ratio_site_day,se_ratio_grid
para,msd_100,50,0.0,0.0,1,0,False,0,20260918,3104056205,config_0_seed_20260918,1901,46273,636,0.3345607574960547,0.013744516240572257,3.0,91.0,2056,0.04443195816134679,94.81734181072255,2.0,1125,3836,3,614697.1473775358,5297.009563104241,119.08221384164692,606708.045862308,624562.2147158177,1000,0,3.6553543841118237,0.9856904514720664
para,msd_1000,50,0.0,0.0,1,0,False,0,20260918,3104056205,config_0_seed_20260918,1901,46273,636,0.3345607574960547,0.013744516240572257,3.0,91.0,2056,0.04443195816134679,94.81734181072255,2.0,1125,3836,3,38415664.9788811,486946.0794395582,11287.573439659765,37707382.57082498,39311403.60914409,1000,0,3.5010680072660714,0.9887654400387955
para,msd_10000,50,0.0,0.0,1,0,False,0,20260918,3104056205,config_0_seed_20260918,1901,46273,636,0.3345607574960547,0.013744516240572257,3.0,91.0,2056,0.04443195816134679,94.81734181072255,2.0,1125,3836,3,1444562811.0101752,66472095.087130055,1563374.887194416,1346198112.118418,1568475195.4311335,1000,0,4.231985652308836,0.991154947172689
para,hurst,50,0.0,0.0,1,0,False,0,20260918,3104056205,config_0_seed_20260918,1901,46273,636,0.3345607574960547,0.013744516240572257,3.0,91.0,2056,0.04443195816134679,94.81734181072255,2.0,1125,3836,3,0.8822765078884939,0.0020570624827948606,4.728437028858241e-05,0.8791443884334211,0.8859722440536055,1000,0,3.9691697499311216,0.9903007952083601
para,msd_100,50,0.0,0.0,1,0,False,0,20260919,2714469867,config_0_seed_20260919,1901,46273,636,0.3345607574960547,0.013744516240572257,3.0,91.0,2056,0.04443195816134679,94.81734181072255,2.0,1125,3836,3,614697.1473775358,5450.805950769292,124.48612347626218,605958.8753992454,624039.0388130754,1000,0,3.7614860218245085,1.0143095485279334
para,msd_1000,50,0.0,0.0,1,0,False,0,20260919,2714469867,config_0_seed_20260919,1901,46273,636,0.3345607574960547,0.013744516240572257,3.0,91.0,2056,0.04443195816134679,94.81734181072255,2.0,1125,3836,3,38415664.9788811,498011.6460660019,10945.760580039492,37614529.31211904,39263821.22695577,1000,0,3.580627742797163,1.0112345599612043
para,msd_10000,50,0.0,0.0,1,0,False,0,20260919,2714469867,config_0_seed_20260919,1901,46273,636,0.3345607574960547,0.013744516240572257,3.0,91.0,2056,0.04443195816134679,94.81734181072255,2.0,1125,3836,3,1444562811.0101752,67658487.1729787,1535016.4432830114,1341948479.8134031,1563803405.973503,1000,0,4.30751801335061,1.008845052827311
para,hurst,50,0.0,0.0,1,0,False,0,20260919,2714469867,config_0_seed_20260919,1901,46273,636,0.3345607574960547,0.013744516240572257,3.0,91.0,2056,0.04443195816134679,94.81734181072255,2.0,1125,3836,3,0.8822765078884939,0.002097357048620446,4.647965708615734e-05,0.8790045339803052,0.8857847128084785,1000,0,4.046919440618311,1.0096992047916398
para,msd_100,50,25.0,0.0,1,0,False,1,20260918,366913783,config_1_seed_20260918,1947,46273,650,0.33384694401643555,0.014047068484861583,3.0,83.69999999999982,2008,0.04339463618092624,94.22828637234764,2.0,1152,3967,3,614697.1473775362,5335.027366960099,122.46103296759284,606048.354991025,623467.9732099741,1000,0,3.6815896673113833,0.9927649688578148
para,msd_1000,50,25.0,0.0,1,0,False,1,20260918,366913783,config_1_seed_20260918,1947,46273,650,0.33384694401643555,0.014047068484861583,3.0,83.69999999999982,2008,0.04339463618092624,94.22828637234764,2.0,1152,3967,3,38415664.97888111,483349.5823312529,10880.36004283979,37623139.16586423,39186974.83209065,1000,0,3.4752097418527743,0.9814625944137019
para,msd_10000,50,25.0,0.0,1,0,False,1,20260918,366913783,config_1_seed_20260918,1947,46273,650,0.33384694401643555,0.014047068484861583,3.0,83.69999999999982,2008,0.04339463618092624,94.22828637234764,2.0,1152,3967,3,1444562811.0101776,65421370.14047772,1489781.8900968651,1344770152.5432992,1563760266.7283661,1000,0,4.165090620748193,0.9754877528766894
para,hurst,50,25.0,0.0,1,0,False,1,20260918,366913783,config_1_seed_20260918,1947,46273,650,0.33384694401643555,0.014047068484861583,3.0,83.69999999999982,2008,0.04339463618092624,94.22828637234764,2.0,1152,3967,3,0.8822765078884938,0.0020226999568549024,4.4724693942924724e-05,0.8790327508399367,0.8858003179276133,1000,0,3.9028661254020327,0.973758158779799
para,msd_100,50,25.0,0.0,1,0,False,1,20260919,3674443743,config_1_seed_20260919,1947,46273,650,0.33384694401643555,0.014047068484861583,3.0,83.69999999999982,2008,0.04339463618092624,94.22828637234764,2.0,1152,3967,3,614697.1473775362,5654.451655538833,121.80005306480447,605998.3163023067,624576.9674978433,1000,0,3.902017620053045,1.0522048221315174
para,msd_1000,50,25.0,0.0,1,0,False,1,20260919,3674443743,config_1_seed_20260919,1947,46273,650,0.33384694401643555,0.014047068484861583,3.0,83.69999999999982,2008,0.04339463618092624,94.22828637234764,2.0,1152,3967,3,38415664.97888111,513362.0420561539,11205.572205195778,37633439.80245718,39271873.94736272,1000,0,3.6909947476241465,1.0424042144400762
para,msd_10000,50,25.0,0.0,1,0,False,1,20260919,3674443743,config_1_seed_20260919,1947,46273,650,0.33384694401643555,0.014047068484861583,3.0,83.69999999999982,2008,0.04339463618092624,94.22828637234764,2.0,1152,3967,3,1444562811.0101776,68408161.47972472,1549788.6339682105,1343645420.1320722,1569309984.0047543,1000,0,4.355246476037022,1.020023328416874
para,hurst,50,25.0,0.0,1,0,False,1,20260919,3674443743,config_1_seed_20260919,1947,46273,650,0.33384694401643555,0.014047068484861583,3.0,83.69999999999982,2008,0.04339463618092624,94.22828637234764,2.0,1152,3967,3,0.8822765078884938,0.0021122918291301487,4.7135128553604375e-05,0.8791394803326581,0.8858958543024262,1000,0,4.075736591053349,1.0168890325867228
para,msd_100,50,0.0,25.0,1,0,False,2,20260918,1260699777,config_2_seed_20260918,1875,46273,624,0.3328,0.013485185745467119,3.0,99.59999999999991,1825,0.03943984613057291,104.74635508026716,2.0,1102,3826,3,614697.147377536,5245.189916306568,116.93193616246622,606851.0043744224,623764.9392011377,1000,0,3.6195947407038944,0.9760476274524722
para,msd_1000,50,0.0,25.0,1,0,False,2,20260918,1260699777,config_2_seed_20260918,1875,46273,624,0.3328,0.013485185745467119,3.0,99.59999999999991,1825,0.03943984613057291,104.74635508026716,2.0,1102,3826,3,38415664.97888105,488684.958947206,10908.572434215272,37681684.22833542,39278318.46552936,1000,0,3.5135702855875706,0.9922963113901629
para,msd_10000,50,0.0,25.0,1,0,False,2,20260918,1260699777,config_2_seed_20260918,1875,46273,624,0.3328,0.013485185745467119,3.0,99.59999999999991,1825,0.03943984613057291,104.74635508026716,2.0,1102,3826,3,1444562811.0101762,66995220.97157982,1459562.3662887302,1343712949.0176437,1562856985.981733,1000,0,4.2652907743219295,0.9989551948959906
para,hurst,50,0.0,25.0,1,0,False,2,20260918,1260699777,config_2_seed_20260918,1875,46273,624,0.3328,0.013485185745467119,3.0,99.59999999999991,1825,0.03943984613057291,104.74635508026716,2.0,1102,3826,3,0.8822765078884938,0.0020960802589217627,4.5793758822798197e-05,0.8789332024322845,0.8858262608988922,1000,0,4.044455832880858,1.0090845390415737
para,msd_100,50,0.0,25.0,1,0,False,2,20260919,3780788155,config_2_seed_20260919,1875,46273,624,0.3328,0.013485185745467119,3.0,99.59999999999991,1825,0.03943984613057291,104.74635508026716,2.0,1102,3826,3,614697.147377536,5366.877516160636,122.63746990376661,606772.5525854721,623661.3836111217,1000,0,3.703568782343709,0.9986917823873965
para,msd_1000,50,0.0,25.0,1,0,False,2,20260919,3780788155,config_2_seed_20260919,1875,46273,624,0.3328,0.013485185745467119,3.0,99.59999999999991,1825,0.03943984613057291,104.74635508026716,2.0,1102,3826,3,38415664.97888105,494957.73291389144,11280.972810229534,37644439.88879269,39279862.51865378,1000,0,3.558670573235127,1.00503345493298
para,msd_10000,50,0.0,25.0,1,0,False,2,20260919,3780788155,config_2_seed_20260919,1875,46273,624,0.3328,0.013485185745467119,3.0,99.59999999999991,1825,0.03943984613057291,104.74635508026716,2.0,1102,3826,3,1444562811.0101762,65523385.538271435,1498107.638059529,1341136597.2326832,1563961400.8429337,1000,0,4.1715854920052475,0.9770088884160236
para,hurst,50,0.0,25.0,1,0,False,2,20260919,3780788155,config_2_seed_20260919,1875,46273,624,0.3328,0.013485185745467119,3.0,99.59999999999991,1825,0.03943984613057291,104.74635508026716,2.0,1102,3826,3,0.8822765078884938,0.0020435428028506347,4.579678458130696e-05,0.878976566672245,0.8858224670355552,1000,0,3.94308308260225,0.9837922180933184
para,msd_100,50,25.0,25.0,1,0,False,3,20260918,2368458979,config_3_seed_20260918,1917,46273,623,0.3249869587897757,0.013463574870875024,3.0,92.19999999999982,1745,0.037710976163205324,115.10648870274704,2.0,1141,3919,3,614697.147377536,5259.533734575796,111.67492593138974,606459.7843498108,623636.4195231383,1000,0,3.62949310663484,0.9787167871995319
para,msd_1000,50,25.0,25.0,1,0,False,3,20260918,2368458979,config_3_seed_20260918,1917,46273,623,0.3249869587897757,0.013463574870875024,3.0,92.19999999999982,1745,0.037710976163205324,115.10648870274704,2.0,1141,3919,3,38415664.978881165,500935.2402175814,10718.654767741542,37643409.644727334,39275818.84397263,1000,0,3.6016479386309723,1.0171710465247852
para,msd_10000,50,25.0,25.0,1,0,False,3,20260918,2368458979,config_3_seed_20260918,1917,46273,623,0.3249869587897757,0.013463574870875024,3.0,92.19999999999982,1745,0.037710976163205324,115.10648870274704,2.0,1141,3919,3,1444562811.0101779,63531993.25821022,1490336.1262487436,1352921648.0026157,1564214289.1621172,1000,0,4.0448023125930295,0.9473155515720895
para,hurst,50,25.0,25.0,1,0,False,3,20260918,2368458979,config_3_seed_20260918,1917,46273,623,0.3249869587897757,0.013463574870875024,3.0,92.19999999999982,1745,0.037710976163205324,115.10648870274704,2.0,1141,3919,3,0.882276507888494,0.002048486910855451,4.6074655115642696e-05,0.8792086498959627,0.8860927496664502,1000,0,3.9526229016875924,0.9861723859927948
para,msd_100,50,25.0,25.0,1,0,False,3,20260919,3611734819,config_3_seed_20260919,1917,46273,623,0.3249869587897757,0.013463574870875024,3.0,92.19999999999982,1745,0.037710976163205324,115.10648870274704,2.0,1141,3919,3,614697.147377536,5312.54399081978,123.49556097136457,606017.1655476005,623314.346932668,1000,0,3.666074364466435,0.9885811649748217
para,msd_1000,50,25.0,25.0,1,0,False,3,20260919,3611734819,config_3_seed_20260919,1917,46273,623,0.3249869587897757,0.013463574870875024,3.0,92.19999999999982,1745,0.037710976163205324,115.10648870274704,2.0,1141,3919,3,38415664.978881165,497071.28732883255,11250.658585094336,37620660.69627942,39234180.77588568,1000,0,3.573866706967804,1.0093251201693865
para,msd_10000,50,25.0,25.0,1,0,False,3,20260919,3611734819,config_3_seed_20260919,1917,46273,623,0.3249869587897757,0.013463574870875024,3.0,92.19999999999982,1745,0.037710976163205324,115.10648870274704,2.0,1141,3919,3,1444562811.0101779,61887898.660691775,1349023.6228162227,1346623752.9928358,1547719778.6833816,1000,0,3.9401300476581502,0.9228007158080848
para,hurst,50,25.0,25.0,1,0,False,3,20260919,3611734819,config_3_seed_20260919,1917,46273,623,0.3249869587897757,0.013463574870875024,3.0,92.19999999999982,1745,0.037710976163205324,115.10648870274704,2.0,1141,3919,3,0.882276507888494,0.00199337045527519,4.3912259124043914e-05,0.879151645076607,0.8855994578295843,1000,0,3.8462738869919555,0.9596384959205593
para,msd_100,25,0.0,0.0,1,0,False,4,20260918,1808375059,config_4_seed_20260918,2632,46273,925,0.3514437689969605,0.019990058997687635,2.0,67.0,1745,0.037710976163205324,139.09946851320967,2.0,1483,5658,3,614697.1473775362,4884.205546074717,105.28263383016275,607167.0262915973,623402.0785472823,1000,0,3.3704870536961415,0.9088740944185484
para,msd_1000,25,0.0,0.0,1,0,False,4,20260918,1808375059,config_4_seed_20260918,2632,46273,925,0.3514437689969605,0.019990058997687635,2.0,67.0,1745,0.037710976163205324,139.09946851320967,2.0,1483,5658,3,38415664.978881076,455565.090335478,10032.709429254588,37682606.87821086,39203554.27946329,1000,0,3.2754434840845525,0.9250449608923978
para,msd_10000,25,0.0,0.0,1,0,False,4,20260918,1808375059,config_4_seed_20260918,2632,46273,925,0.3514437689969605,0.019990058997687635,2.0,67.0,1745,0.037710976163205324,139.09946851320967,2.0,1483,5658,3,1444562811.0101774,58963568.12093796,1332912.239812188,1353411052.5947611,1550708592.8188374,1000,0,3.753950796490801,0.8791964834178474
para,hurst,25,0.0,0.0,1,0,False,4,20260918,1808375059,config_4_seed_20260918,2632,46273,925,0.3514437689969605,0.019990058997687635,2.0,67.0,1745,0.037710976163205324,139.09946851320967,2.0,1483,5658,3,0.8822765078884939,0.0018894980140630494,4.2250925688256134e-05,0.8791745678093771,0.8855649810139992,1000,0,3.6458485936627194,0.9096327416019752
para,msd_100,25,0.0,0.0,1,0,False,4,20260919,3341015763,config_4_seed_20260919,2632,46273,925,0.3514437689969605,0.019990058997687635,2.0,67.0,1745,0.037710976163205324,139.09946851320967,2.0,1483,5658,3,614697.1473775362,4970.9928927174915,112.51384090099863,607159.4549550468,623558.6657334231,1000,0,3.4303771679685022,0.9250238592764858
para,msd_1000,25,0.0,0.0,1,0,False,4,20260919,3341015763,config_4_seed_20260919,2632,46273,925,0.3514437689969605,0.019990058997687635,2.0,67.0,1745,0.037710976163205324,139.09946851320967,2.0,1483,5658,3,38415664.978881076,465570.79784141085,10198.321959256305,37706130.73011242,39242991.1617325,1000,0,3.34738299426482,0.9453619902365701
para,msd_10000,25,0.0,0.0,1,0,False,4,20260919,3341015763,config_4_seed_20260919,2632,46273,925,0.3514437689969605,0.019990058997687635,2.0,67.0,1745,0.037710976163205324,139.09946851320967,2.0,1483,5658,3,1444562811.0101774,59568919.26336396,1434996.2020938916,1354028762.751432,1549367920.418416,1000,0,3.7924908386844103,0.8882227790206219
para,hurst,25,0.0,0.0,1,0,False,4,20260919,3341015763,config_4_seed_20260919,2632,46273,925,0.3514437689969605,0.019990058997687635,2.0,67.0,1745,0.037710976163205324,139.09946851320967,2.0,1483,5658,3,0.8822765078884939,0.0018974479467248038,4.461395049571582e-05,0.8792087633719176,0.8855172290916064,1000,0,3.6611882503328235,0.9134599586664232
para,msd_100,25,12.5,0.0,1,0,False,5,20260918,3932578366,config_5_seed_20260918,2583,46273,916,0.3546264034068912,0.019795561126358784,3.0,63.0,1786,0.03859702202148121,132.4386445823281,2.0,1467,5536,3,614697.1473775366,4932.015682159871,108.12114157880198,607425.1721805362,623662.1838663863,1000,0,3.4034798184744317,0.917770811341804
para,msd_1000,25,12.5,0.0,1,0,False,5,20260918,3932578366,config_5_seed_20260918,2583,46273,916,0.3546264034068912,0.019795561126358784,3.0,63.0,1786,0.03859702202148121,132.4386445823281,2.0,1467,5536,3,38415664.97888109,461822.6471905215,10269.542261677107,37727698.68940529,39216274.21380774,1000,0,3.3204343630214073,0.9377512054204695
para,msd_10000,25,12.5,0.0,1,0,False,5,20260918,3932578366,config_5_seed_20260918,2583,46273,916,0.3546264034068912,0.019795561126358784,3.0,63.0,1786,0.03859702202148121,132.4386445823281,2.0,1467,5536,3,1444562811.0101776,59564728.501204714,1304213.9112606985,1354179316.4175258,1548005654.8297238,1000,0,3.7922240313074664,0.8881602912256891
para,hurst,25,12.5,0.0,1,0,False,5,20260918,3932578366,config_5_seed_20260918,2583,46273,916,0.3546264034068912,0.019795561126358784,3.0,63.0,1786,0.03859702202148121,132.4386445823281,2.0,1467,5536,3,0.8822765078884937,0.0019083114833759029,4.1133862772007626e-05,0.8793439921412013,0.8856104257396493,1000,0,3.682149801774968,0.918689828480461
para,msd_100,25,12.5,0.0,1,0,False,5,20260919,3322082798,config_5_seed_20260919,2583,46273,916,0.3546264034068912,0.019795561126358784,3.0,63.0,1786,0.03859702202148121,132.4386445823281,2.0,1467,5536,3,614697.1473775366,5215.601830645992,126.84052294723568,606351.0952320944,623542.6990741572,1000,0,3.599176627927545,0.9705417484908574
para,msd_1000,25,12.5,0.0,1,0,False,5,20260919,3322082798,config_5_seed_20260919,2583,46273,916,0.3546264034068912,0.019795561126358784,3.0,63.0,1786,0.03859702202148121,132.4386445823281,2.0,1467,5536,3,38415664.97888109,483127.69867467834,11176.563324938043,37642531.63642103,39232555.8688059,1000,0,3.4736144322195956,0.9810120498860965
para,msd_10000,25,12.5,0.0,1,0,False,5,20260919,3322082798,config_5_seed_20260919,2583,46273,916,0.3546264034068912,0.019795561126358784,3.0,63.0,1786,0.03859702202148121,132.4386445823281,2.0,1467,5536,3,1444562811.0101776,62149371.24471068,1493740.6427986317,1353223768.3201413,1558828051.650014,1000,0,3.956776855955522,0.9266994923527485
para,hurst,25,12.5,0.0,1,0,False,5,20260919,3322082798,config_5_seed_20260919,2583,46273,916,0.3546264034068912,0.019795561126358784,3.0,63.0,1786,0.03859702202148121,132.4386445823281,2.0,1467,5536,3,0.8822765078884937,0.0019595731760556766,4.413026280509073e-05,0.8791865967745025,0.8857032534662993,1000,0,3.781060924609886,0.943367977758423
para,msd_100,25,0.0,12.5,1,0,False,6,20260918,3203230281,config_6_seed_20260918,2615,46273,930,0.35564053537284895,0.02009811337064811,3.0,69.29999999999973,2003,0.04328658180796577,120.62665344792804,2.0,1471,5648,3,614697.1473775362,5244.283197884008,115.57987667279438,606147.489378878,623662.4148906423,1000,0,3.618969033477661,0.9758789013664335
para,msd_1000,25,0.0,12.5,1,0,False,6,20260918,3203230281,config_6_seed_20260918,2615,46273,930,0.35564053537284895,0.02009811337064811,3.0,69.29999999999973,2003,0.04328658180796577,120.62665344792804,2.0,1471,5648,3,38415664.97888111,476711.0333323702,10354.460018434942,37682841.55247755,39231215.0779011,1000,0,3.4274795875379342,0.9679827285738247
para,msd_10000,25,0.0,12.5,1,0,False,6,20260918,3203230281,config_6_seed_20260918,2615,46273,930,0.35564053537284895,0.02009811337064811,3.0,69.29999999999973,2003,0.04328658180796577,120.62665344792804,2.0,1471,5648,3,1444562811.0101762,63588648.93832127,1368712.5765495629,1346315202.1748567,1553786289.0866563,1000,0,4.0484093303203545,0.9481603355006522
para,hurst,25,0.0,12.5,1,0,False,6,20260918,3203230281,config_6_seed_20260918,2615,46273,930,0.35564053537284895,0.02009811337064811,3.0,69.29999999999973,2003,0.04328658180796577,120.62665344792804,2.0,1471,5648,3,0.8822765078884938,0.0019646247876441616,4.219414719187945e-05,0.8791001722525547,0.8854427444572472,1000,0,3.7908081753974137,0.9457998994987696
para,msd_100,25,0.0,12.5,1,0,False,6,20260919,3227978157,config_6_seed_20260919,2615,46273,930,0.35564053537284895,0.02009811337064811,3.0,69.29999999999973,2003,0.04328658180796577,120.62665344792804,2.0,1471,5648,3,614697.1473775362,5092.642072124068,108.58566777444182,606348.4210729558,623483.7896112567,1000,0,3.514324696469252,0.9476608647683551
para,msd_1000,25,0.0,12.5,1,0,False,6,20260919,3227978157,config_6_seed_20260919,2615,46273,930,0.35564053537284895,0.02009811337064811,3.0,69.29999999999973,2003,0.04328658180796577,120.62665344792804,2.0,1471,5648,3,38415664.97888111,464612.44613205054,10170.202333431165,37638030.64687234,39204908.1199051,1000,0,3.3404925917109853,0.9434160149230237
para,msd_10000,25,0.0,12.5,1,0,False,6,20260919,3227978157,config_6_seed_20260919,2615,46273,930,0.35564053537284895,0.02009811337064811,3.0,69.29999999999973,2003,0.04328658180796577,120.62665344792804,2.0,1471,5648,3,1444562811.0101762,60136573.8897691,1377243.6412163335,1348795550.649782,1542547311.591906,1000,0,3.828630909661027,0.8966869878064203
para,hurst,25,0.0,12.5,1,0,False,6,20260919,3227978157,config_6_seed_20260919,2615,46273,930,0.35564053537284895,0.02009811337064811,3.0,69.29999999999973,2003,0.04328658180796577,120.62665344792804,2.0,1471,5648,3,0.8822765078884938,0.0018713398198742233,4.225866307465833e-05,0.879163944275716,0.8852553014424189,1000,0,3.610811760464663,0.9008911140164529
para,msd_100,25,12.5,12.5,1,0,False,7,20260918,3767669268,config_7_seed_20260918,2561,46273,914,0.35689183912534167,0.019752339377174594,3.0,62.0,2033,0.04393490804572861,123.64033167537606,2.0,1440,5533,3,614697.1473775366,5313.5454695222315,124.65276509909853,606718.8985812857,624099.4313681293,1000,0,3.6667654637597225,0.9887675244636236
para,msd_1000,25,12.5,12.5,1,0,False,7,20260918,3767669268,config_7_seed_20260918,2561,46273,914,0.35689183912534167,0.019752339377174594,3.0,62.0,2033,0.04393490804572861,123.64033167537606,2.0,1440,5533,3,38415664.97888103,487771.14814345806,11635.58900779856,37683578.39750115,39272249.83724984,1000,0,3.507000125348519,0.9904407783452723
para,msd_10000,25,12.5,12.5,1,0,False,7,20260918,3767669268,config_7_seed_20260918,2561,46273,914,0.35689183912534167,0.019752339377174594,3.0,62.0,2033,0.04393490804572861,123.64033167537606,2.0,1440,5533,3,1444562811.0101788,60953605.47697029,1476560.6575066212,1357596155.2118895,1553456671.840658,1000,0,3.8806477138551227,0.9088696172028512
para,hurst,25,12.5,12.5,1,0,False,7,20260918,3767669268,config_7_seed_20260918,2561,46273,914,0.35689183912534167,0.019752339377174594,3.0,62.0,2033,0.04393490804572861,123.64033167537606,2.0,1440,5533,3,0.8822765078884938,0.0019038180355355826,4.477786820047755e-05,0.879407549298106,0.8854873596876116,1000,0,3.6734795463063734,0.916526615157232
para,msd_100,25,12.5,12.5,1,0,False,7,20260919,730363363,config_7_seed_20260919,2561,46273,914,0.35689183912534167,0.019752339377174594,3.0,62.0,2033,0.04393490804572861,123.64033167537606,2.0,1440,5533,3,614697.1473775366,5002.854853581671,108.17800297922447,607030.3322738924,623956.3479647016,1000,0,3.4523644339803505,0.9309528707715289
para,msd_1000,25,12.5,12.5,1,0,False,7,20260919,730363363,config_7_seed_20260919,2561,46273,914,0.35689183912534167,0.019752339377174594,3.0,62.0,2033,0.04393490804572861,123.64033167537606,2.0,1440,5533,3,38415664.97888103,450637.3025971491,9967.993928593205,37743995.481769286,39239281.092831835,1000,0,3.240013442185216,0.9150388710659546
para,msd_10000,25,12.5,12.5,1,0,False,7,20260919,730363363,config_7_seed_20260919,2561,46273,914,0.35689183912534167,0.019752339377174594,3.0,62.0,2033,0.04393490804572861,123.64033167537606,2.0,1440,5533,3,1444562811.0101788,57936737.35479471,1346401.1587025682,1359489685.909042,1549156904.8397126,1000,0,3.6885770022095845,0.8638855714864878
para,hurst,25,12.5,12.5,1,0,False,7,20260919,730363363,config_7_seed_20260919,2561,46273,914,0.35689183912534167,0.019752339377174594,3.0,62.0,2033,0.04393490804572861,123.64033167537606,2.0,1440,5533,3,0.8822765078884938,0.0017993170522517543,4.141574714784011e-05,0.8795059878495246,0.8854628313443166,1000,0,3.471841460367108,0.8662182712388568
para,msd_100,10,0.0,0.0,1,0,False,8,20260918,4114073569,config_8_seed_20260918,3575,46273,1458,0.40783216783216786,0.03150865515527414,2.0,47.0,1741,0.037624532664836945,157.11952877728223,2.0,1826,8162,3,614697.1473775362,4567.228157448247,102.94999701631313,607554.253048154,622361.9357019317,1000,0,3.1517476549133567,0.8498895708719154
para,msd_1000,10,0.0,0.0,1,0,False,8,20260918,4114073569,config_8_seed_20260918,3575,46273,1458,0.40783216783216786,0.03150865515527414,2.0,47.0,1741,0.037624532664836945,157.11952877728223,2.0,1826,8162,3,38415664.978881024,419820.9791244283,9501.98956637264,37733331.387206525,39098892.35143468,1000,0,3.018448778729912,0.8524649703294467
para,msd_10000,10,0.0,0.0,1,0,False,8,20260918,4114073569,config_8_seed_20260918,3575,46273,1458,0.40783216783216786,0.03150865515527414,2.0,47.0,1741,0.037624532664836945,157.11952877728223,2.0,1826,8162,3,1444562811.010179,55232566.13565561,1283563.2354117043,1358620396.759728,1537324729.2779193,1000,0,3.5164143257393663,0.8235641000729795
para,hurst,10,0.0,0.0,1,0,False,8,20260918,4114073569,config_8_seed_20260918,3575,46273,1458,0.40783216783216786,0.03150865515527414,2.0,47.0,1741,0.037624532664836945,157.11952877728223,2.0,1826,8162,3,0.8822765078884938,0.0017363305680116665,3.9939881269544723e-05,0.8794564886419399,0.8850899262577109,1000,0,3.350306966402395,0.8358956310895939
para,msd_100,10,0.0,0.0,1,0,False,8,20260919,1540111235,config_8_seed_20260919,3575,46273,1458,0.40783216783216786,0.03150865515527414,2.0,47.0,1741,0.037624532664836945,157.11952877728223,2.0,1826,8162,3,614697.1473775362,4536.550997302625,108.93403770665344,607107.2076979425,622021.5940606016,1000,0,3.1305779948448773,0.8441810322193821
para,msd_1000,10,0.0,0.0,1,0,False,8,20260919,1540111235,config_8_seed_20260919,3575,46273,1458,0.40783216783216786,0.03150865515527414,2.0,47.0,1741,0.037624532664836945,157.11952877728223,2.0,1826,8162,3,38415664.978881024,415633.0621438071,9944.861523954685,37706861.75657472,39074230.27379761,1000,0,2.9883382946803962,0.8439612206310084
para,msd_10000,10,0.0,0.0,1,0,False,8,20260919,1540111235,config_8_seed_20260919,3575,46273,1458,0.40783216783216786,0.03150865515527414,2.0,47.0,1741,0.037624532664836945,157.11952877728223,2.0,1826,8162,3,1444562811.010179,52484307.835873485,1277644.5435793386,1360631040.7300613,1528894901.472638,1000,0,3.3414448189369774,0.7825852531392855
para,hurst,10,0.0,0.0,1,0,False,8,20260919,1540111235,config_8_seed_20260919,3575,46273,1458,0.40783216783216786,0.03150865515527414,2.0,47.0,1741,0.037624532664836945,157.11952877728223,2.0,1826,8162,3,0.8822765078884938,0.0016679578490799425,3.968929896317136e-05,0.8795749831971242,0.8849890624308316,1000,0,3.218379555361568,0.8029799766090118
para,msd_100,10,5.0,0.0,1,0,False,9,20260918,2010005150,config_9_seed_20260918,3551,46273,1437,0.40467473950999716,0.031054826788840143,2.0,48.0,1740,0.03760292179024485,163.76968466853663,2.0,1824,8157,3,614697.1473775369,4649.615124364006,105.03508121413996,607950.8554138355,622780.8767486523,1000,0,3.2086011601074667,0.865220494036611
para,msd_1000,10,5.0,0.0,1,0,False,9,20260918,2010005150,config_9_seed_20260918,3551,46273,1437,0.40467473950999716,0.031054826788840143,2.0,48.0,1740,0.03760292179024485,163.76968466853663,2.0,1824,8157,3,38415664.97888105,426614.34985565476,9842.000621362004,37765679.7641632,39136163.02635808,1000,0,3.0672920776758,0.8662592085090387
para,msd_10000,10,5.0,0.0,1,0,False,9,20260918,2010005150,config_9_seed_20260918,3551,46273,1437,0.40467473950999716,0.031054826788840143,2.0,48.0,1740,0.03760292179024485,163.76968466853663,2.0,1824,8157,3,1444562811.010176,54616793.16286472,1223798.570217593,1362282312.5664098,1538173362.969516,1000,0,3.477210771488296,0.8143824061980246
para,hurst,10,5.0,0.0,1,0,False,9,20260918,2010005150,config_9_seed_20260918,3551,46273,1437,0.40467473950999716,0.031054826788840143,2.0,48.0,1740,0.03760292179024485,163.76968466853663,2.0,1824,8157,3,0.8822765078884938,0.0017221818455116842,3.787770618266288e-05,0.879587713480036,0.8850930650669446,1000,0,3.323006540763015,0.8290842234342085
para,msd_100,10,5.0,0.0,1,0,False,9,20260919,4037920686,config_9_seed_20260919,3551,46273,1437,0.40467473950999716,0.031054826788840143,2.0,48.0,1740,0.03760292179024485,163.76968466853663,2.0,1824,8157,3,614697.1473775369,4579.6600889724505,100.05960752833666,607178.7038329801,622547.2864635913,1000,0,3.160326668195965,0.8522029584636835
para,msd_1000,10,5.0,0.0,1,0,False,9,20260919,4037920686,config_9_seed_20260919,3551,46273,1437,0.40467473950999716,0.031054826788840143,2.0,48.0,1740,0.03760292179024485,163.76968466853663,2.0,1824,8157,3,38415664.97888105,416174.20351454715,9625.002452321509,37747997.035976365,39118141.267419696,1000,0,2.9922290185623637,0.8450600319946378
para,msd_10000,10,5.0,0.0,1,0,False,9,20260919,4037920686,config_9_seed_20260919,3551,46273,1437,0.40467473950999716,0.031054826788840143,2.0,48.0,1740,0.03760292179024485,163.76968466853663,2.0,1824,8157,3,1444562811.010176,54450462.65940817,1239956.4559154408,1360617874.0993361,1540867439.535672,1000,0,3.4666212405994803,0.8119022782413144
para,hurst,10,5.0,0.0,1,0,False,9,20260919,4037920686,config_9_seed_20260919,3551,46273,1437,0.40467473950999716,0.031054826788840143,2.0,48.0,1740,0.03760292179024485,163.76968466853663,2.0,1824,8157,3,0.8822765078884938,0.0017023368550985296,3.911448753093347e-05,0.8795593599745402,0.8852048414927977,1000,0,3.284714978744662,0.8195305467951071
para,msd_100,10,0.0,5.0,1,0,False,10,20260918,1870139487,config_10_seed_20260918,3517,46273,1460,0.41512652829115726,0.03155187690445832,2.0,46.0,1775,0.038359302400968166,149.5900701851042,2.0,1761,8045,3,614697.1473775366,4918.197464126679,105.92184270187806,607658.4110353283,623863.4954467355,1000,0,3.3939441581614758,0.9151994575601252
para,msd_1000,10,0.0,5.0,1,0,False,10,20260918,1870139487,config_10_seed_20260918,3517,46273,1460,0.41512652829115726,0.03155187690445832,2.0,46.0,1775,0.038359302400968166,149.5900701851042,2.0,1761,8045,3,38415664.97888102,448401.61405134946,9935.655949370037,37778787.05279818,39224935.378716394,1000,0,3.223939182688314,0.9104992071029108
para,msd_10000,10,0.0,5.0,1,0,False,10,20260918,1870139487,config_10_seed_20260918,3517,46273,1460,0.41512652829115726,0.03155187690445832,2.0,46.0,1775,0.038359302400968166,149.5900701851042,2.0,1761,8045,3,1444562811.010178,58609841.35261431,1330367.4456713235,1358455863.1119032,1549951314.6186326,1000,0,3.7314305704256974,0.8739221192517739
para,hurst,10,0.0,5.0,1,0,False,10,20260918,1870139487,config_10_seed_20260918,3517,46273,1460,0.41512652829115726,0.03155187690445832,2.0,46.0,1775,0.038359302400968166,149.5900701851042,2.0,1761,8045,3,0.8822765078884938,0.001834328835378872,4.1152140159046134e-05,0.8795412387314414,0.8854782436545413,1000,0,3.5393978480031776,0.8830734698351286
para,msd_100,10,0.0,5.0,1,0,False,10,20260919,183348734,config_10_seed_20260919,3517,46273,1460,0.41512652829115726,0.03155187690445832,2.0,46.0,1775,0.038359302400968166,149.5900701851042,2.0,1761,8045,3,614697.1473775366,4923.741185358071,115.53878299660127,606805.1413114093,623152.6111785864,1000,0,3.3977697630553405,0.9162310571859722
para,msd_1000,10,0.0,5.0,1,0,False,10,20260919,183348734,config_10_seed_20260919,3517,46273,1460,0.41512652829115726,0.03155187690445832,2.0,46.0,1775,0.038359302400968166,149.5900701851042,2.0,1761,8045,3,38415664.97888102,452459.3047220461,10662.919238293598,37709465.17547961,39196449.997094005,1000,0,3.2531133594409196,0.9187385265490603
para,msd_10000,10,0.0,5.0,1,0,False,10,20260919,183348734,config_10_seed_20260919,3517,46273,1460,0.41512652829115726,0.03155187690445832,2.0,46.0,1775,0.038359302400968166,149.5900701851042,2.0,1761,8045,3,1444562811.010178,58417660.34542469,1381072.6800677823,1354947839.830453,1548205941.0661805,1000,0,3.719195251770453,0.8710565385027551
para,hurst,10,0.0,5.0,1,0,False,10,20260919,183348734,config_10_seed_20260919,3517,46273,1460,0.41512652829115726,0.03155187690445832,2.0,46.0,1775,0.038359302400968166,149.5900701851042,2.0,1761,8045,3,0.8822765078884938,0.001857359469461951,4.4326485263587975e-05,0.879204910113975,0.8855426036940934,1000,0,3.5838362143089446,0.8941607632145879
para,msd_100,10,5.0,5.0,1,0,False,11,20260918,4059106128,config_11_seed_20260918,3536,46273,1417,0.4007352941176471,0.03062260929699825,2.0,49.0,1745,0.037710976163205324,164.56221231555168,2.0,1820,8141,3,614697.1473775378,4730.372044405473,104.37972004588146,607586.0724120559,622963.1468269482,1000,0,3.2643298043933098,0.8802480910282461
para,msd_1000,10,5.0,5.0,1,0,False,11,20260918,4059106128,config_11_seed_20260918,3536,46273,1417,0.4007352941176471,0.03062260929699825,2.0,49.0,1745,0.037710976163205324,164.56221231555168,2.0,1820,8141,3,38415664.978881,438014.10110901296,9604.695775103906,37761518.28657351,39169336.27836129,1000,0,3.1492545496806246,0.8894069050205959
para,msd_10000,10,5.0,5.0,1,0,False,11,20260918,4059106128,config_11_seed_20260918,3536,46273,1417,0.4007352941176471,0.03062260929699825,2.0,49.0,1745,0.037710976163205324,164.56221231555168,2.0,1820,8141,3,1444562811.0101748,55991802.05493922,1235248.6976891276,1365194999.525217,1547949374.2770474,1000,0,3.5647515342012643,0.8348849473620978
para,hurst,10,5.0,5.0,1,0,False,11,20260918,4059106128,config_11_seed_20260918,3536,46273,1417,0.4007352941176471,0.03062260929699825,2.0,49.0,1745,0.037710976163205324,164.56221231555168,2.0,1820,8141,3,0.8822765078884934,0.0017824940242104944,3.847099860058985e-05,0.879722127422035,0.8855280413519973,1000,0,3.4393808741855505,0.8581194127032439
para,msd_100,10,5.0,5.0,1,0,False,11,20260919,474686261,config_11_seed_20260919,3536,46273,1417,0.4007352941176471,0.03062260929699825,2.0,49.0,1745,0.037710976163205324,164.56221231555168,2.0,1820,8141,3,614697.1473775378,4672.26934025217,105.89803847937246,607044.0551826152,622645.5667561895,1000,0,3.224234355852895,0.8694360885188426
para,msd_1000,10,5.0,5.0,1,0,False,11,20260919,474686261,config_11_seed_20260919,3536,46273,1417,0.4007352941176471,0.03062260929699825,2.0,49.0,1745,0.037710976163205324,164.56221231555168,2.0,1820,8141,3,38415664.978881,430504.3393249272,9769.103159302938,37717717.44247595,39133202.422694616,1000,0,3.0952605083799685,0.8741580032868059
para,msd_10000,10,5.0,5.0,1,0,False,11,20260919,474686261,config_11_seed_20260919,3536,46273,1417,0.4007352941176471,0.03062260929699825,2.0,49.0,1745,0.037710976163205324,164.56221231555168,2.0,1820,8141,3,1444562811.0101748,55985586.62770784,1272046.3453742773,1357758831.307472,1540955304.3838608,1000,0,3.56435582531272,0.8347922701049556
para,hurst,10,5.0,5.0,1,0,False,11,20260919,474686261,config_11_seed_20260919,3536,46273,1417,0.4007352941176471,0.03062260929699825,2.0,49.0,1745,0.037710976163205324,164.56221231555168,2.0,1820,8141,3,0.8822765078884934,0.0017691101174901757,3.898736320620497e-05,0.8794518500273181,0.885207385277053,1000,0,3.4135561857599406,0.8516761988587532
para,msd_100,50,0.0,0.0,2,0,False,12,20260918,4010329436,config_12_seed_20260918,1278,46273,398,0.3114241001564945,0.008601128087653707,3.0,127.14999999999986,3107,0.06714498735763837,51.901049890747224,2.0,810,2493,3,614697.1473775363,6573.937491683428,147.51665204787483,604764.7566121442,626434.6371791125,1000,0,4.536535368650458,1.2233067237147184
para,msd_1000,50,0.0,0.0,2,0,False,12,20260918,4010329436,config_12_seed_20260918,1278,46273,398,0.3114241001564945,0.008601128087653707,3.0,127.14999999999986,3107,0.06714498735763837,51.901049890747224,2.0,810,2493,3,38415664.97888109,588338.379499392,13324.37421052386,37546932.37316379,39421339.86908474,1000,0,4.230063173078198,1.1946469665942445
para,msd_10000,50,0.0,0.0,2,0,False,12,20260918,4010329436,config_12_seed_20260918,1278,46273,398,0.3114241001564945,0.008601128087653707,3.0,127.14999999999986,3107,0.06714498735763837,51.901049890747224,2.0,810,2493,3,1444562811.0101783,84215148.55039012,1853627.2156442464,1319833606.9450994,1591610185.104885,1000,0,5.361607752924759,1.2557188246164233
para,hurst,50,0.0,0.0,2,0,False,12,20260918,4010329436,config_12_seed_20260918,1278,46273,398,0.3114241001564945,0.008601128087653707,3.0,127.14999999999986,3107,0.06714498735763837,51.901049890747224,2.0,810,2493,3,0.8822765078884938,0.0025850943735091004,5.373779919707654e-05,0.878349979346991,0.8866767521310175,1000,0,4.988024658399599,1.244503283291865
para,msd_100,50,0.0,0.0,2,0,False,12,20260919,4065665203,config_12_seed_20260919,1278,46273,398,0.3114241001564945,0.008601128087653707,3.0,127.14999999999986,3107,0.06714498735763837,51.901049890747224,2.0,810,2493,3,614697.1473775363,6949.495464374754,149.04006336463488,604288.386742532,627032.5368218736,1000,0,4.795699990803959,1.293192175731744
para,msd_1000,50,0.0,0.0,2,0,False,12,20260919,4065665203,config_12_seed_20260919,1278,46273,398,0.3114241001564945,0.008601128087653707,3.0,127.14999999999986,3107,0.06714498735763837,51.901049890747224,2.0,810,2493,3,38415664.97888109,630593.732350013,13499.651955805466,37480175.64433456,39523556.74211133,1000,0,4.533872712260269,1.2804483198024386
para,msd_10000,50,0.0,0.0,2,0,False,12,20260919,4065665203,config_12_seed_20260919,1278,46273,398,0.3114241001564945,0.008601128087653707,3.0,127.14999999999986,3107,0.06714498735763837,51.901049890747224,2.0,810,2493,3,1444562811.0101783,87925746.47287107,1951433.9823355358,1316248173.2264395,1602430746.7466497,1000,0,5.597845186826052,1.3110469661924478
para,hurst,50,0.0,0.0,2,0,False,12,20260919,4065665203,config_12_seed_20260919,1278,46273,398,0.3114241001564945,0.008601128087653707,3.0,127.14999999999986,3107,0.06714498735763837,51.901049890747224,2.0,810,2493,3,0.8822765078884938,0.002730881490234476,5.886467991227406e-05,0.8780709902488139,0.8869894050561643,1000,0,5.269325697369422,1.3146873923463058
para,msd_100,50,0.0,0.0,2,1,False,13,20260918,3804448291,config_13_seed_20260918,1282,46273,393,0.30655226209048364,0.008493073714693234,3.0,123.85000000000014,3425,0.07401724547792449,51.57291782154473,2.0,811,2518,3,614697.1473775364,6766.001129918048,156.61636182192464,604717.8806715952,627122.5007535509,1000,0,4.669074427469517,1.2590467562797916
para,msd_1000,50,0.0,0.0,2,1,False,13,20260918,3804448291,config_13_seed_20260918,1282,46273,393,0.30655226209048364,0.008493073714693234,3.0,123.85000000000014,3425,0.07401724547792449,51.57291782154473,2.0,811,2518,3,38415664.97888114,621808.5911701375,14275.513111331886,37472166.23854499,39554242.77725831,1000,0,4.470708887716128,1.262609704088518
para,msd_10000,50,0.0,0.0,2,1,False,13,20260918,3804448291,config_13_seed_20260918,1282,46273,393,0.30655226209048364,0.008493073714693234,3.0,123.85000000000014,3425,0.07401724547792449,51.57291782154473,2.0,811,2518,3,1444562811.0101779,90162672.89950553,2142844.0108982422,1316962640.4500957,1619397209.1271837,1000,0,5.740260444392086,1.3444014240489948
para,hurst,50,0.0,0.0,2,1,False,13,20260918,3804448291,config_13_seed_20260918,1282,46273,393,0.30655226209048364,0.008493073714693234,3.0,123.85000000000014,3425,0.07401724547792449,51.57291782154473,2.0,811,2518,3,0.8822765078884937,0.002754716337199384,6.237828717162112e-05,0.8781489425625134,0.887393554448689,1000,0,5.315315818893982,1.326161845893749
para,msd_100,50,0.0,0.0,2,1,False,13,20260919,942058383,config_13_seed_20260919,1282,46273,393,0.30655226209048364,0.008493073714693234,3.0,123.85000000000014,3425,0.07401724547792449,51.57291782154473,2.0,811,2518,3,614697.1473775364,6809.125003712779,173.82760717034193,604977.55393867,627090.9236251768,1000,0,4.698833301652685,1.2670714332458348
para,msd_1000,50,0.0,0.0,2,1,False,13,20260919,942058383,config_13_seed_20260919,1282,46273,393,0.30655226209048364,0.008493073714693234,3.0,123.85000000000014,3425,0.07401724547792449,51.57291782154473,2.0,811,2518,3,38415664.97888114,624219.430808509,15893.02089126886,37505001.82045138,39568462.92561197,1000,0,4.488042456842027,1.2675050200517164
para,msd_10000,50,0.0,0.0,2,1,False,13,20260919,942058383,config_13_seed_20260919,1282,46273,393,0.30655226209048364,0.008493073714693234,3.0,123.85000000000014,3425,0.07401724547792449,51.57291782154473,2.0,811,2518,3,1444562811.0101779,86628283.3110842,2135257.068609229,1320728450.847719,1604291055.7181456,1000,0,5.515241419367181,1.2917006972070377
para,hurst,50,0.0,0.0,2,1,False,13,20260919,942058383,config_13_seed_20260919,1282,46273,393,0.30655226209048364,0.008493073714693234,3.0,123.85000000000014,3425,0.07401724547792449,51.57291782154473,2.0,811,2518,3,0.8822765078884937,0.002657330284673051,6.217565711980251e-05,0.8782752601766288,0.8869575390032417,1000,0,5.12740622597411,1.2792787365737062
para,msd_100,50,0.0,0.0,3,0,False,14,20260918,2966105174,config_14_seed_20260918,1028,46273,309,0.3005836575875486,0.006677760248957275,4.0,148.0,4241,0.0916517191450738,37.396347744607944,2.0,654,2009,3,614697.1473775366,7852.3587509551435,178.9027607476096,603106.0366268952,628794.6636988891,1000,0,5.41874686914887,1.461200881391969
para,msd_1000,50,0.0,0.0,3,0,False,14,20260918,2966105174,config_14_seed_20260918,1028,46273,309,0.3005836575875486,0.006677760248957275,4.0,148.0,4241,0.0916517191450738,37.396347744607944,2.0,654,2009,3,38415664.97888113,706811.5435375107,16480.940122718916,37390158.2477764,39685202.905597895,1000,0,5.081867144497024,1.435211939019449
para,msd_10000,50,0.0,0.0,3,0,False,14,20260918,2966105174,config_14_seed_20260918,1028,46273,309,0.3005836575875486,0.006677760248957275,4.0,148.0,4241,0.0916517191450738,37.396347744607944,2.0,654,2009,3,1444562811.0101783,103651388.93755811,2518872.465699328,1300328177.9069362,1631445234.364915,1000,0,6.599027610768927,1.5455295457758504
para,hurst,50,0.0,0.0,3,0,False,14,20260918,2966105174,config_14_seed_20260918,1028,46273,309,0.3005836575875486,0.006677760248957275,4.0,148.0,4241,0.0916517191450738,37.396347744607944,2.0,654,2009,3,0.8822765078884934,0.0031609102848304126,7.334621267108079e-05,0.8775319035592479,0.8876807129836701,1000,0,6.09908040700298,1.5217097170509255
para,msd_100,50,0.0,0.0,3,0,False,14,20260919,1643681455,config_14_seed_20260919,1028,46273,309,0.3005836575875486,0.006677760248957275,4.0,148.0,4241,0.0916517191450738,37.396347744607944,2.0,654,2009,3,614697.1473775366,7787.796930556813,172.5064329949607,603380.0718887344,628227.9220128295,1000,0,5.374194120956175,1.4491869385930827
para,msd_1000,50,0.0,0.0,3,0,False,14,20260919,1643681455,config_14_seed_20260919,1028,46273,309,0.3005836575875486,0.006677760248957275,4.0,148.0,4241,0.0916517191450738,37.396347744607944,2.0,654,2009,3,38415664.97888113,699695.1814743889,15595.91684531905,37363881.88542221,39658898.25016247,1000,0,5.030701587160587,1.4207618527287527
para,msd_10000,50,0.0,0.0,3,0,False,14,20260919,1643681455,config_14_seed_20260919,1028,46273,309,0.3005836575875486,0.006677760248957275,4.0,148.0,4241,0.0916517191450738,37.396347744607944,2.0,654,2009,3,1444562811.0101783,99047686.06472947,2208417.407812452,1301354324.2501016,1629174565.4041555,1000,0,6.305930116553253,1.4768844568594235
para,hurst,50,0.0,0.0,3,0,False,14,20260919,1643681455,config_14_seed_20260919,1028,46273,309,0.3005836575875486,0.006677760248957275,4.0,148.0,4241,0.0916517191450738,37.396347744607944,2.0,654,2009,3,0.8822765078884934,0.003036135393696623,6.632974191072362e-05,0.8777275155930411,0.8876027902450708,1000,0,5.858323148737153,1.4616412091930868
para,msd_100,50,0.0,0.0,3,1,False,15,20260918,62873937,config_15_seed_20260918,1057,46273,317,0.29990539262062443,0.006850647245694033,4.0,152.0,3236,0.06993279018001859,41.96275745687397,2.0,696,1979,3,614697.1473775363,7687.640124386087,213.96550272735223,603281.8343758534,628531.567835232,1000,0,5.305078025133942,1.4305493268772058
para,msd_1000,50,0.0,0.0,3,1,False,15,20260918,62873937,config_15_seed_20260918,1057,46273,317,0.29990539262062443,0.006850647245694033,4.0,152.0,3236,0.06993279018001859,41.96275745687397,2.0,696,1979,3,38415664.97888111,695806.5974922304,20093.587649767356,37383771.40477848,39659479.31679333,1000,0,5.002743261694302,1.4128659118544118
para,msd_10000,50,0.0,0.0,3,1,False,15,20260918,62873937,config_15_seed_20260918,1057,46273,317,0.29990539262062443,0.006850647245694033,4.0,152.0,3236,0.06993279018001859,41.96275745687397,2.0,696,1979,3,1444562811.0101788,97039153.06546994,2579730.138668336,1310980340.3826544,1624610136.47991,1000,0,6.178055663011306,1.446935537449463
para,hurst,50,0.0,0.0,3,1,False,15,20260918,62873937,config_15_seed_20260918,1057,46273,317,0.29990539262062443,0.006850647245694033,4.0,152.0,3236,0.06993279018001859,41.96275745687397,2.0,696,1979,3,0.8822765078884938,0.002971126148603793,7.391796246345036e-05,0.8779653553233354,0.8874804113476874,1000,0,5.732885671146419,1.4303447815688486
para,msd_100,50,0.0,0.0,3,1,False,15,20260919,3036996243,config_15_seed_20260919,1057,46273,317,0.29990539262062443,0.006850647245694033,4.0,152.0,3236,0.06993279018001859,41.96275745687397,2.0,696,1979,3,614697.1473775363,7386.874719902017,171.27631374290672,603881.5888413821,628557.4621858202,1000,0,5.09752617408051,1.3745815994639774
para,msd_1000,50,0.0,0.0,3,1,False,15,20260919,3036996243,config_15_seed_20260919,1057,46273,317,0.29990539262062443,0.006850647245694033,4.0,152.0,3236,0.06993279018001859,41.96275745687397,2.0,696,1979,3,38415664.97888111,678219.1169694455,15990.993322120463,37399457.17973947,39710232.73961742,1000,0,4.8762919604381025,1.3771537587998073
para,msd_10000,50,0.0,0.0,3,1,False,15,20260919,3036996243,config_15_seed_20260919,1057,46273,317,0.29990539262062443,0.006850647245694033,4.0,152.0,3236,0.06993279018001859,41.96275745687397,2.0,696,1979,3,1444562811.0101788,98266355.11468805,2414637.197647095,1309959617.936302,1632874284.3422873,1000,0,6.256186214755877,1.4652341540444214
para,hurst,50,0.0,0.0,3,1,False,15,20260919,3036996243,config_15_seed_20260919,1057,46273,317,0.29990539262062443,0.006850647245694033,4.0,152.0,3236,0.06993279018001859,41.96275745687397,2.0,696,1979,3,0.8822765078884938,0.003000707761847997,6.984029191810053e-05,0.8778707376028635,0.8876955573285114,1000,0,5.7899643673090795,1.4445858147724098
para,msd_100,50,0.0,0.0,3,2,False,16,20260918,414785720,config_16_seed_20260918,1029,46273,314,0.3051506316812439,0.006785814621917749,4.0,162.9999999999991,4476,0.09673027467421606,35.562265522315776,3.0,665,1979,3,614697.147377536,8040.363335249643,186.95700750310334,603393.6865978767,629479.0790050653,1000,0,5.548484860603671,1.4961855876426147
para,msd_1000,50,0.0,0.0,3,2,False,16,20260918,414785720,config_16_seed_20260918,1029,46273,314,0.3051506316812439,0.006785814621917749,4.0,162.9999999999991,4476,0.09673027467421606,35.562265522315776,3.0,665,1979,3,38415664.9788811,730881.221215624,17135.609361753934,37410594.1389493,39779767.16180028,1000,0,5.254924454170895,1.4840864786160777
para,msd_10000,50,0.0,0.0,3,2,False,16,20260918,414785720,config_16_seed_20260918,1029,46273,314,0.3051506316812439,0.006785814621917749,4.0,162.9999999999991,4476,0.09673027467421606,35.562265522315776,3.0,665,1979,3,1444562811.0101779,108124773.8101192,2976947.916173032,1300833070.2015936,1645730931.0997615,1000,0,6.883828331629601,1.61223148350227
para,hurst,50,0.0,0.0,3,2,False,16,20260918,414785720,config_16_seed_20260918,1029,46273,314,0.3051506316812439,0.006785814621917749,4.0,162.9999999999991,4476,0.09673027467421606,35.562265522315776,3.0,665,1979,3,0.8822765078884934,0.0032666292803532272,8.010760203466299e-05,0.8776545616791901,0.8879970165904564,1000,0,6.303068687637091,1.572604430366891
para,msd_100,50,0.0,0.0,3,2,False,16,20260919,546560792,config_16_seed_20260919,1029,46273,314,0.3051506316812439,0.006785814621917749,4.0,162.9999999999991,4476,0.09673027467421606,35.562265522315776,3.0,665,1979,3,614697.147377536,7831.910321320208,181.86194966647096,604269.8237432779,628996.5952720264,1000,0,5.4046358398928716,1.4573957491567644
para,msd_1000,50,0.0,0.0,3,2,False,16,20260919,546560792,config_16_seed_20260919,1029,46273,314,0.3051506316812439,0.006785814621917749,4.0,162.9999999999991,4476,0.09673027467421606,35.562265522315776,3.0,665,1979,3,38415664.9788811,717712.310527464,16751.191594248303,37453547.484916106,39708950.18042212,1000,0,5.160241995788798,1.4573464260287432
para,msd_10000,50,0.0,0.0,3,2,False,16,20260919,546560792,config_16_seed_20260919,1029,46273,314,0.3051506316812439,0.006785814621917749,4.0,162.9999999999991,4476,0.09673027467421606,35.562265522315776,3.0,665,1979,3,1444562811.0101779,103477480.97982477,2637081.1529958155,1311356925.5535,1643787232.835063,1000,0,6.587955656725879,1.5429364315911063
para,hurst,50,0.0,0.0,3,2,False,16,20260919,546560792,config_16_seed_20260919,1029,46273,314,0.3051506316812439,0.006785814621917749,4.0,162.9999999999991,4476,0.09673027467421606,35.562265522315776,3.0,665,1979,3,0.8822765078884934,0.003138496536531874,7.210224129335079e-05,0.8780326146108114,0.8880223618214476,1000,0,6.05583234211763,1.5109194017594396
para,msd_100,50,0.0,0.0,1,0,True,17,20260918,762812032,config_17_seed_20260918,1178,46273,306,0.2597623089983022,0.006612927625180991,4.5,152.59999999999945,2185,0.04721976098372701,78.16132620922717,3.0,771,2119,3,614697.1473775366,5891.486020775819,133.49630250186993,606207.878646337,625410.0040033828,1000,0,4.065590027433487,1.0963132020959887
para,msd_1000,50,0.0,0.0,1,0,True,17,20260918,762812032,config_17_seed_20260918,1178,46273,306,0.2597623089983022,0.006612927625180991,4.5,152.59999999999945,2185,0.04721976098372701,78.16132620922717,3.0,771,2119,3,38415664.9788811,543015.1742673755,12394.607581694965,37609224.1538984,39409065.090945594,1000,0,3.904196243402542,1.1026162041394336
para,msd_10000,50,0.0,0.0,1,0,True,17,20260918,762812032,config_17_seed_20260918,1178,46273,306,0.2597623089983022,0.006612927625180991,4.5,152.59999999999945,2185,0.04721976098372701,78.16132620922717,3.0,771,2119,3,1444562811.010178,75527116.22172283,1696171.8650978035,1331197178.8985605,1577391515.4104836,1000,0,4.808478983423495,1.1261729420552147
para,hurst,50,0.0,0.0,1,0,True,17,20260918,762812032,config_17_seed_20260918,1178,46273,306,0.2597623089983022,0.006612927625180991,4.5,152.59999999999945,2185,0.04721976098372701,78.16132620922717,3.0,771,2119,3,0.8822765078884935,0.002328323930236628,5.157498057729459e-05,0.8785580148447116,0.8862909992799718,1000,0,4.492577638857053,1.1208901328477174
para,msd_100,50,0.0,0.0,1,0,True,17,20260919,1500720888,config_17_seed_20260919,1178,46273,306,0.2597623089983022,0.006612927625180991,4.5,152.59999999999945,2185,0.04721976098372701,78.16132620922717,3.0,771,2119,3,614697.1473775366,5657.049606753578,133.41890482854495,606277.8462983544,624670.949067981,1000,0,3.903810411296745,1.052688260130875
para,msd_1000,50,0.0,0.0,1,0,True,17,20260919,1500720888,config_17_seed_20260919,1178,46273,306,0.2597623089983022,0.006612927625180991,4.5,152.59999999999945,2185,0.04721976098372701,78.16132620922717,3.0,771,2119,3,38415664.9788811,518192.0617523938,12277.516580363425,37633950.796270035,39314284.9345956,1000,0,3.72572185221945,1.052211781955242
para,msd_10000,50,0.0,0.0,1,0,True,17,20260919,1500720888,config_17_seed_20260919,1178,46273,306,0.2597623089983022,0.006612927625180991,4.5,152.59999999999945,2185,0.04721976098372701,78.16132620922717,3.0,771,2119,3,1444562811.010178,70126132.51371828,1656753.7786074807,1335486083.099576,1561722740.4319475,1000,0,4.464622128442938,1.0456397240970483
para,hurst,50,0.0,0.0,1,0,True,17,20260919,1500720888,config_17_seed_20260919,1178,46273,306,0.2597623089983022,0.006612927625180991,4.5,152.59999999999945,2185,0.04721976098372701,78.16132620922717,3.0,771,2119,3,0.8822765078884935,0.0021671471340606614,4.9302380487534305e-05,0.8788281439402121,0.8858226084571911,1000,0,4.181581706976914,1.0432972008112855
hang,msd_100,50,0.0,0.0,1,0,False,0,20260918,3104056205,config_0_seed_20260918,267,2326,116,0.4344569288389513,0.04987102321582115,2.0,27.69999999999999,311,0.13370593293207222,20.711885948793334,1.0,127,579,0,1542699.114874741,35317.14486989163,850.9317796317289,1478683.932943148,1592878.359525267,1000,0,2.273118709145265,1.0324669303892686
hang,msd_1000,50,0.0,0.0,1,0,False,0,20260918,3104056205,config_0_seed_20260918,267,2326,116,0.4344569288389513,0.04987102321582115,2.0,27.69999999999999,311,0.13370593293207222,20.711885948793334,1.0,127,579,0,86537905.2788684,2387112.047269275,57312.05388043562,82418461.35277562,90050494.3638836,1000,0,2.126866517256759,1.0207864261638746
hang,msd_10000,50,0.0,0.0,1,0,False,0,20260918,3104056205,config_0_seed_20260918,267,2326,116,0.4344569288389513,0.04987102321582115,2.0,27.69999999999999,311,0.13370593293207222,20.711885948793334,1.0,127,579,0,2121003932.6302073,151595111.17598993,4085070.4627819033,1904206818.6186872,2391723291.9208455,1000,0,1.9199255910147537,0.9802008248404087
hang,hurst,50,0.0,0.0,1,0,False,0,20260918,3104056205,config_0_seed_20260918,267,2326,116,0.4344569288389513,0.04987102321582115,2.0,27.69999999999999,311,0.13370593293207222,20.711885948793334,1.0,127,579,0,0.8518430396421116,0.0032141607462140894,8.083534726569394e-05,0.8473103564834507,0.8577614962455461,1000,0,2.0011717517718246,0.987113008688114
hang,msd_100,50,0.0,0.0,1,0,False,0,20260919,2714469867,config_0_seed_20260919,267,2326,116,0.4344569288389513,0.04987102321582115,2.0,27.69999999999999,311,0.13370593293207222,20.711885948793334,1.0,127,579,0,1542699.114874741,33095.98068479531,761.427510348975,1485045.1962492305,1593926.6715362216,1000,0,2.130157836067154,0.9675330696107313
hang,msd_1000,50,0.0,0.0,1,0,False,0,20260919,2714469867,config_0_seed_20260919,267,2326,116,0.4344569288389513,0.04987102321582115,2.0,27.69999999999999,311,0.13370593293207222,20.711885948793334,1.0,127,579,0,86537905.2788684,2289893.8103420283,54399.13611705377,82739639.21172939,90153056.94574088,1000,0,2.040247117374031,0.9792135738361253
hang,msd_10000,50,0.0,0.0,1,0,False,0,20260919,2714469867,config_0_seed_20260919,267,2326,116,0.4344569288389513,0.04987102321582115,2.0,27.69999999999999,311,0.13370593293207222,20.711885948793334,1.0,127,579,0,2121003932.6302073,157719281.00618738,4292596.576508567,1887666670.3977804,2396714792.275271,1000,0,1.9974871316838754,1.0197991751595914
hang,hurst,50,0.0,0.0,1,0,False,0,20260919,2714469867,config_0_seed_20260919,267,2326,116,0.4344569288389513,0.04987102321582115,2.0,27.69999999999999,311,0.13370593293207222,20.711885948793334,1.0,127,579,0,0.8518430396421116,0.0032980839875185776,8.573910175677789e-05,0.8469554947422246,0.8574997575239037,1000,0,2.053423282754988,1.012886991311886
hang,msd_100,50,25.0,0.0,1,0,False,1,20260918,366913783,config_1_seed_20260918,262,2326,114,0.4351145038167939,0.049011177987962166,2.0,31.749999999999943,313,0.1345657781599312,19.83675295152893,1.0,123,563,0,1542699.1148747404,34110.367109811705,814.3947810396118,1481898.399029185,1591859.7226422196,1000,0,2.1954468272781478,0.9971878008276389
hang,msd_1000,50,25.0,0.0,1,0,False,1,20260918,366913783,config_1_seed_20260918,262,2326,114,0.4351145038167939,0.049011177987962166,2.0,31.749999999999943,313,0.1345657781599312,19.83675295152893,1.0,123,563,0,86537905.2788684,2292371.5630192827,52888.62002507097,82492836.9745944,90010824.40274444,1000,0,2.042454742782031,0.9802731203719596
hang,msd_10000,50,25.0,0.0,1,0,False,1,20260918,366913783,config_1_seed_20260918,262,2326,114,0.4351145038167939,0.049011177987962166,2.0,31.749999999999943,313,0.1345657781599312,19.83675295152893,1.0,123,563,0,2121003932.630209,141903836.19713402,3360513.793876199,1922189944.3680756,2377238902.0063405,1000,0,1.797187287007933,0.9175378823857425
hang,hurst,50,25.0,0.0,1,0,False,1,20260918,366913783,config_1_seed_20260918,262,2326,114,0.4351145038167939,0.049011177987962166,2.0,31.749999999999943,313,0.1345657781599312,19.83675295152893,1.0,123,563,0,0.8518430396421116,0.002999822331388569,7.181764934271254e-05,0.8475766631182629,0.857269227047024,1000,0,1.8677223026197838,0.9212867310866988
hang,msd_100,50,25.0,0.0,1,0,False,1,20260919,3674443743,config_1_seed_20260919,262,2326,114,0.4351145038167939,0.049011177987962166,2.0,31.749999999999943,313,0.1345657781599312,19.83675295152893,1.0,123,563,0,1542699.1148747404,34419.26494986561,886.3487732605009,1482270.4623814097,1594504.3213132361,1000,0,2.2153284304492944,1.006218168539957
hang,msd_1000,50,25.0,0.0,1,0,False,1,20260919,3674443743,config_1_seed_20260919,262,2326,114,0.4351145038167939,0.049011177987962166,2.0,31.749999999999943,313,0.1345657781599312,19.83675295152893,1.0,123,563,0,86537905.2788684,2362134.172381035,59522.590335919114,82585924.57052933,90246322.01159917,1000,0,2.104611757228717,1.0101052871408858
hang,msd_10000,50,25.0,0.0,1,0,False,1,20260919,3674443743,config_1_seed_20260919,262,2326,114,0.4351145038167939,0.049011177987962166,2.0,31.749999999999943,313,0.1345657781599312,19.83675295152893,1.0,123,563,0,2121003932.630209,152726339.01488864,3715564.455535099,1905785977.6843626,2398308838.1364226,1000,0,1.9342523939064946,0.9875152458146028
hang,hurst,50,25.0,0.0,1,0,False,1,20260919,3674443743,config_1_seed_20260919,262,2326,114,0.4351145038167939,0.049011177987962166,2.0,31.749999999999943,313,0.1345657781599312,19.83675295152893,1.0,123,563,0,0.8518430396421116,0.0031838201252615507,7.60625558431112e-05,0.8473429034733212,0.8576226957490105,1000,0,1.9822813482184385,0.9777949863492489
hang,msd_100,50,0.0,25.0,1,0,False,2,20260918,1260699777,config_2_seed_20260918,278,2326,124,0.4460431654676259,0.05331040412725709,2.0,35.899999999999864,271,0.11650902837489252,26.130287370200435,1.0,130,592,0,1542699.1148747408,63387.596512152355,1624.75988323264,1458468.6493881785,1661777.7753766964,1000,0,4.079818232485756,1.8530828988797667
hang,msd_1000,50,0.0,25.0,1,0,False,2,20260918,1260699777,config_2_seed_20260918,278,2326,124,0.4460431654676259,0.05331040412725709,2.0,35.899999999999864,271,0.11650902837489252,26.130287370200435,1.0,130,592,0,86537905.2788684,4272495.703823916,111435.19867744211,80739704.65078118,94676707.53635898,1000,0,3.806703614093648,1.8270217459193074
hang,msd_10000,50,0.0,25.0,1,0,False,2,20260918,1260699777,config_2_seed_20260918,278,2326,124,0.4460431654676259,0.05331040412725709,2.0,35.899999999999864,271,0.11650902837489252,26.130287370200435,1.0,130,592,0,2121003932.6302073,208255819.27240488,5845183.709839429,1850858170.1548007,2510248872.196649,1000,0,2.637523557304273,1.3465640431612906
hang,hurst,50,0.0,25.0,1,0,False,2,20260918,1260699777,config_2_seed_20260918,278,2326,124,0.4460431654676259,0.05331040412725709,2.0,35.899999999999864,271,0.11650902837489252,26.130287370200435,1.0,130,592,0,0.8518430396421116,0.0037604270641322874,9.393010488201547e-05,0.8463602432156961,0.8585465295431906,1000,0,2.341283155860726,1.1548789143791585
hang,msd_100,50,0.0,25.0,1,0,False,2,20260919,3780788155,config_2_seed_20260919,278,2326,124,0.4460431654676259,0.05331040412725709,2.0,35.899999999999864,271,0.11650902837489252,26.130287370200435,1.0,130,592,0,1542699.1148747408,60483.258160874204,1487.3780233502107,1457895.353428897,1651160.3271365464,1000,0,3.892886195133929,1.7681770178012437
hang,msd_1000,50,0.0,25.0,1,0,False,2,20260919,3780788155,config_2_seed_20260919,278,2326,124,0.4460431654676259,0.05331040412725709,2.0,35.899999999999864,271,0.11650902837489252,26.130287370200435,1.0,130,592,0,86537905.2788684,4086718.8912932817,97623.49509531923,80795847.27196915,93810668.04585238,1000,0,3.641180390034648,1.7475791203650535
hang,msd_10000,50,0.0,25.0,1,0,False,2,20260919,3780788155,config_2_seed_20260919,278,2326,124,0.4460431654676259,0.05331040412725709,2.0,35.899999999999864,271,0.11650902837489252,26.130287370200435,1.0,130,592,0,2121003932.6302073,207838987.22764313,4875281.013512886,1829845565.0314012,2525120229.3177385,1000,0,2.6322444523009194,1.3438688433561923
hang,hurst,50,0.0,25.0,1,0,False,2,20260919,3780788155,config_2_seed_20260919,278,2326,124,0.4460431654676259,0.05331040412725709,2.0,35.899999999999864,271,0.11650902837489252,26.130287370200435,1.0,130,592,0,0.8518430396421116,0.0038088704685045865,8.689889259431966e-05,0.8461511369702088,0.8589825847022823,1000,0,2.371444551025449,1.1697565506944425
hang,msd_100,50,25.0,25.0,1,0,False,3,20260918,2368458979,config_3_seed_20260918,267,2326,117,0.43820224719101125,0.05030094582975064,2.0,42.099999999999966,271,0.11650902837489252,24.349334365464415,1.0,128,570,0,1542699.11487474,62970.23255433784,1715.440208635427,1451524.2192946705,1660103.4984535042,1000,0,4.052955420541977,1.8408816157362011
hang,msd_1000,50,25.0,25.0,1,0,False,3,20260918,2368458979,config_3_seed_20260918,267,2326,117,0.43820224719101125,0.05030094582975064,2.0,42.099999999999966,271,0.11650902837489252,24.349334365464415,1.0,128,570,0,86537905.27886847,4246164.241094016,116164.30010682628,80445260.14989056,94391434.94745642,1000,0,3.7832428358303556,1.8157617802354722
hang,msd_10000,50,25.0,25.0,1,0,False,3,20260918,2368458979,config_3_seed_20260918,267,2326,117,0.43820224719101125,0.05030094582975064,2.0,42.099999999999966,271,0.11650902837489252,24.349334365464415,1.0,128,570,0,2121003932.6302087,203954575.54821393,5691068.748441452,1833338759.6168947,2497301620.179712,1000,0,2.5830490572019653,1.3187525747466062
hang,hurst,50,25.0,25.0,1,0,False,3,20260918,2368458979,config_3_seed_20260918,267,2326,117,0.43820224719101125,0.05030094582975064,2.0,42.099999999999966,271,0.11650902837489252,24.349334365464415,1.0,128,570,0,0.8518430396421118,0.003590850083524587,8.533027142479942e-05,0.8461817103351256,0.8581054775100676,1000,0,2.235702666850459,1.1027994893755768
hang,msd_100,50,25.0,25.0,1,0,False,3,20260919,3611734819,config_3_seed_20260919,267,2326,117,0.43820224719101125,0.05030094582975064,2.0,42.099999999999966,271,0.11650902837489252,24.349334365464415,1.0,128,570,0,1542699.11487474,64754.3374722337,1844.9660457517368,1455873.7211310093,1666615.2871328352,1000,0,4.167785831745588,1.893038417619773
hang,msd_1000,50,25.0,25.0,1,0,False,3,20260919,3611734819,config_3_seed_20260919,267,2326,117,0.43820224719101125,0.05030094582975064,2.0,42.099999999999966,271,0.11650902837489252,24.349334365464415,1.0,128,570,0,86537905.27886847,4375348.855583338,127340.87216467895,80816690.51676545,94638481.17763591,1000,0,3.8983436043160125,1.8710042231240518
hang,msd_10000,50,25.0,25.0,1,0,False,3,20260919,3611734819,config_3_seed_20260919,267,2326,117,0.43820224719101125,0.05030094582975064,2.0,42.099999999999966,271,0.11650902837489252,24.349334365464415,1.0,128,570,0,2121003932.6302087,211221492.82928297,6152842.547684322,1851975833.9504738,2527286749.863571,1000,0,2.6750832946353524,1.3657398308506743
hang,hurst,50,25.0,25.0,1,0,False,3,20260919,3611734819,config_3_seed_20260919,267,2326,117,0.43820224719101125,0.05030094582975064,2.0,42.099999999999966,271,0.11650902837489252,24.349334365464415,1.0,128,570,0,0.8518430396421118,0.0037287389988732897,9.208318225620213e-05,0.8467006129418498,0.8587291335909517,1000,0,2.3215538186957128,1.1451470733459561
hang,msd_100,25,0.0,0.0,1,0,False,4,20260918,1808375059,config_4_seed_20260918,306,2326,141,0.46078431372549017,0.06061908856405847,2.0,27.5,271,0.11650902837489252,26.53292661396316,1.0,138,679,0,1542699.114874741,62257.48354826005,1698.400125992715,1455398.2191977685,1652971.7319055311,1000,0,4.007080729747781,1.8200449999465003
hang,msd_1000,25,0.0,0.0,1,0,False,4,20260918,1808375059,config_4_seed_20260918,306,2326,141,0.46078431372549017,0.06061908856405847,2.0,27.5,271,0.11650902837489252,26.53292661396316,1.0,138,679,0,86537905.27886844,4165207.6166557227,113071.07440864356,80565167.78113678,94007061.66492406,1000,0,3.7111121899040764,1.7811427838506184
hang,msd_10000,25,0.0,0.0,1,0,False,4,20260918,1808375059,config_4_seed_20260918,306,2326,141,0.46078431372549017,0.06061908856405847,2.0,27.5,271,0.11650902837489252,26.53292661396316,1.0,138,679,0,2121003932.6302068,206714429.67337003,5489845.69748246,1829480596.1105776,2504434774.2986865,1000,0,2.618002127398295,1.3365975518631616
hang,hurst,25,0.0,0.0,1,0,False,4,20260918,1808375059,config_4_seed_20260918,306,2326,141,0.46078431372549017,0.06061908856405847,2.0,27.5,271,0.11650902837489252,26.53292661396316,1.0,138,679,0,0.8518430396421118,0.003762421086333234,8.910143736676269e-05,0.8458966537165716,0.8585719148941452,1000,0,2.3425246559648016,1.155491306045159
hang,msd_100,25,0.0,0.0,1,0,False,4,20260919,3341015763,config_4_seed_20260919,306,2326,141,0.46078431372549017,0.06061908856405847,2.0,27.5,271,0.11650902837489252,26.53292661396316,1.0,138,679,0,1542699.114874741,63300.37840633405,1736.8657501453315,1450123.1899654581,1655425.4003606157,1000,0,4.0742046102962455,1.8505331511490162
hang,msd_1000,25,0.0,0.0,1,0,False,4,20260919,3341015763,config_4_seed_20260919,306,2326,141,0.46078431372549017,0.06061908856405847,2.0,27.5,271,0.11650902837489252,26.53292661396316,1.0,138,679,0,86537905.27886844,4248478.647658496,112016.61176956922,80528925.91699283,94308112.56081635,1000,0,3.785304923294974,1.816751476051531
hang,msd_10000,25,0.0,0.0,1,0,False,4,20260919,3341015763,config_4_seed_20260919,306,2326,141,0.46078431372549017,0.06061908856405847,2.0,27.5,271,0.11650902837489252,26.53292661396316,1.0,138,679,0,2121003932.6302068,202345545.7288201,5504807.89323837,1845132955.5126922,2492305530.891282,1000,0,2.5626709757256187,1.3083487276572916
hang,hurst,25,0.0,0.0,1,0,False,4,20260919,3341015763,config_4_seed_20260919,306,2326,141,0.46078431372549017,0.06061908856405847,2.0,27.5,271,0.11650902837489252,26.53292661396316,1.0,138,679,0,0.8518430396421118,0.0035967633606445817,8.905491067102823e-05,0.8463146631805389,0.8578017417798957,1000,0,2.239384338075792,1.1046155381764962
hang,msd_100,25,12.5,0.0,1,0,False,5,20260918,3932578366,config_5_seed_20260918,299,2326,136,0.45484949832775917,0.058469475494411005,2.0,28.0,271,0.11650902837489252,26.474759733014935,1.0,137,653,0,1542699.1148747408,62242.55745666567,1670.6579835250218,1453095.0615443985,1660157.680116405,1000,0,4.006120041159205,1.8196086482530685
hang,msd_1000,25,12.5,0.0,1,0,False,5,20260918,3932578366,config_5_seed_20260918,299,2326,136,0.45484949832775917,0.058469475494411005,2.0,28.0,271,0.11650902837489252,26.474759733014935,1.0,137,653,0,86537905.27886844,4206297.727703043,113245.81410184587,80403442.07350945,94165939.82882947,1000,0,3.747722612727287,1.7987139019113114
hang,msd_10000,25,12.5,0.0,1,0,False,5,20260918,3932578366,config_5_seed_20260918,299,2326,136,0.45484949832775917,0.058469475494411005,2.0,28.0,271,0.11650902837489252,26.474759733014935,1.0,137,653,0,2121003932.6302078,210010138.36013293,5482001.093112723,1835337933.9856575,2499743650.0377784,1000,0,2.6597417019740215,1.3579073180432095
hang,hurst,25,12.5,0.0,1,0,False,5,20260918,3932578366,config_5_seed_20260918,299,2326,136,0.45484949832775917,0.058469475494411005,2.0,28.0,271,0.11650902837489252,26.474759733014935,1.0,137,653,0,0.8518430396421118,0.0038379316492959488,9.242765115127883e-05,0.8462084031369871,0.8588655448675059,1000,0,2.389538361094317,1.1786816393480763
hang,msd_100,25,12.5,0.0,1,0,False,5,20260919,3322082798,config_5_seed_20260919,299,2326,136,0.45484949832775917,0.058469475494411005,2.0,28.0,271,0.11650902837489252,26.474759733014935,1.0,137,653,0,1542699.1148747408,62898.40398333831,1689.1986985921899,1456784.5083040798,1653273.4656984468,1000,0,4.048332315554536,1.8387817680705039
hang,msd_1000,25,12.5,0.0,1,0,False,5,20260919,3322082798,config_5_seed_20260919,299,2326,136,0.45484949832775917,0.058469475494411005,2.0,28.0,271,0.11650902837489252,26.474759733014935,1.0,137,653,0,86537905.27886844,4210343.893163277,111168.59599778664,80698659.68815646,94085541.74247165,1000,0,3.7513276608650554,1.8004441394108641
hang,msd_10000,25,12.5,0.0,1,0,False,5,20260919,3322082798,config_5_seed_20260919,299,2326,136,0.45484949832775917,0.058469475494411005,2.0,28.0,271,0.11650902837489252,26.474759733014935,1.0,137,653,0,2121003932.6302078,202505084.37239832,4749058.299483582,1837090249.2460597,2497360325.982737,1000,0,2.564691504766335,1.3093802906728544
hang,hurst,25,12.5,0.0,1,0,False,5,20260919,3322082798,config_5_seed_20260919,299,2326,136,0.45484949832775917,0.058469475494411005,2.0,28.0,271,0.11650902837489252,26.474759733014935,1.0,137,653,0,0.8518430396421118,0.0036484453198798164,8.025155993181282e-05,0.8463470262210933,0.8582856175692153,1000,0,2.2715620930370513,1.1204877792695032
hang,msd_100,25,0.0,12.5,1,0,False,6,20260918,3203230281,config_6_seed_20260918,297,2326,138,0.46464646464646464,0.05932932072226999,2.0,29.199999999999932,271,0.11650902837489252,26.22274137262505,1.0,131,666,0,1542699.114874741,61240.36479515,1516.8334956787633,1460343.7738588657,1660930.516650545,1000,0,3.9416158776020462,1.7903103914232572
hang,msd_1000,25,0.0,12.5,1,0,False,6,20260918,3203230281,config_6_seed_20260918,297,2326,138,0.46464646464646464,0.05932932072226999,2.0,29.199999999999932,271,0.11650902837489252,26.22274137262505,1.0,131,666,0,86537905.27886844,4119131.779976589,101719.18026444812,80881651.3896338,94460854.30815934,1000,0,3.6700595906347866,1.7614396498020901
hang,msd_10000,25,0.0,12.5,1,0,False,6,20260918,3203230281,config_6_seed_20260918,297,2326,138,0.46464646464646464,0.05932932072226999,2.0,29.199999999999932,271,0.11650902837489252,26.22274137262505,1.0,131,666,0,2121003932.6302066,201085669.27921477,4772035.096056082,1823381848.1178858,2483449414.5540586,1000,0,2.5467148606612886,1.3002024759376931
hang,hurst,25,0.0,12.5,1,0,False,6,20260918,3203230281,config_6_seed_20260918,297,2326,138,0.46464646464646464,0.05932932072226999,2.0,29.199999999999932,271,0.11650902837489252,26.22274137262505,1.0,131,666,0,0.8518430396421118,0.003658622949020313,8.581028127174513e-05,0.8459768319881177,0.8580620218761643,1000,0,2.2778987966259936,1.1236134692755244
hang,msd_100,25,0.0,12.5,1,0,False,6,20260919,3227978157,config_6_seed_20260919,297,2326,138,0.46464646464646464,0.05932932072226999,2.0,29.199999999999932,271,0.11650902837489252,26.22274137262505,1.0,131,666,0,1542699.114874741,63349.45330040362,1616.618890500076,1458910.8518475753,1664346.2348225475,1000,0,4.0773632195289515,1.8519678142687517
hang,msd_1000,25,0.0,12.5,1,0,False,6,20260919,3227978157,config_6_seed_20260919,297,2326,138,0.46464646464646464,0.05932932072226999,2.0,29.199999999999932,271,0.11650902837489252,26.22274137262505,1.0,131,666,0,86537905.27886844,4248346.848920545,107516.98035430945,80736785.50495963,94600770.13619632,1000,0,3.7851874933975855,1.8166951157466849
hang,msd_10000,25,0.0,12.5,1,0,False,6,20260919,3227978157,config_6_seed_20260919,297,2326,138,0.46464646464646464,0.05932932072226999,2.0,29.199999999999932,271,0.11650902837489252,26.22274137262505,1.0,131,666,0,2121003932.6302066,209793706.71532685,4905282.761521815,1837984314.4629323,2525314956.2593,1000,0,2.657000633015101,1.3565078898221092
hang,hurst,25,0.0,12.5,1,0,False,6,20260919,3227978157,config_6_seed_20260919,297,2326,138,0.46464646464646464,0.05932932072226999,2.0,29.199999999999932,271,0.11650902837489252,26.22274137262505,1.0,131,666,0,0.8518430396421118,0.003761756839740386,8.253481194939446e-05,0.8462856563487855,0.8587521490268021,1000,0,2.3421110887468632,1.1552873067730163
hang,msd_100,25,12.5,12.5,1,0,False,7,20260918,3767669268,config_7_seed_20260918,299,2326,137,0.45819397993311034,0.0588993981083405,2.0,28.099999999999966,271,0.11650902837489252,26.46880167513038,1.0,136,655,0,1542699.11487474,62747.14837232652,1567.3815699991644,1458516.0456850666,1666602.1237421874,1000,0,4.038597045035904,1.8343599379089546
hang,msd_1000,25,12.5,12.5,1,0,False,7,20260918,3767669268,config_7_seed_20260918,299,2326,137,0.45819397993311034,0.0588993981083405,2.0,28.099999999999966,271,0.11650902837489252,26.46880167513038,1.0,136,655,0,86537905.27886848,4194569.313189154,102985.63962549513,80740732.37486827,94465256.53589423,1000,0,3.7372728426133808,1.7936985502649998
hang,msd_10000,25,12.5,12.5,1,0,False,7,20260918,3767669268,config_7_seed_20260918,299,2326,137,0.45819397993311034,0.0588993981083405,2.0,28.099999999999966,271,0.11650902837489252,26.46880167513038,1.0,136,655,0,2121003932.6302073,203139221.10996813,4833514.181158783,1825931643.422608,2498976803.1522894,1000,0,2.572722735728984,1.3134805637516211
hang,hurst,25,12.5,12.5,1,0,False,7,20260918,3767669268,config_7_seed_20260918,299,2326,137,0.45819397993311034,0.0588993981083405,2.0,28.099999999999966,271,0.11650902837489252,26.46880167513038,1.0,136,655,0,0.8518430396421118,0.003639642942511416,8.059312204381656e-05,0.8461106599317161,0.8584013585549367,1000,0,2.2660816362929923,1.1177844480132912
hang,msd_100,25,12.5,12.5,1,0,False,7,20260919,730363363,config_7_seed_20260919,299,2326,137,0.45819397993311034,0.0588993981083405,2.0,28.099999999999966,271,0.11650902837489252,26.46880167513038,1.0,136,655,0,1542699.11487474,60373.26053644675,1396.059463376674,1459369.1571303094,1649613.8662565257,1000,0,3.8858064139407236,1.7649613300648452
hang,msd_1000,25,12.5,12.5,1,0,False,7,20260919,730363363,config_7_seed_20260919,299,2326,137,0.45819397993311034,0.0588993981083405,2.0,28.099999999999966,271,0.11650902837489252,26.46880167513038,1.0,136,655,0,86537905.27886848,4033235.885291728,92877.1112560995,80791715.70567092,93681318.77478892,1000,0,3.593528159031469,1.7247085028675295
hang,msd_10000,25,12.5,12.5,1,0,False,7,20260919,730363363,config_7_seed_20260919,299,2326,137,0.45819397993311034,0.0588993981083405,2.0,28.099999999999966,271,0.11650902837489252,26.46880167513038,1.0,136,655,0,2121003932.6302073,195011331.09303343,4382636.3648316935,1842709313.3696988,2479656311.123807,1000,0,2.4697844290552937,1.2609263327015017
hang,hurst,25,12.5,12.5,1,0,False,7,20260919,730363363,config_7_seed_20260919,299,2326,137,0.45819397993311034,0.0588993981083405,2.0,28.099999999999966,271,0.11650902837489252,26.46880167513038,1.0,136,655,0,0.8518430396421118,0.003543597271411297,7.849255358102514e-05,0.8466208869105801,0.8582990553939819,1000,0,2.206282547491376,1.0882875003317602
hang,msd_100,10,0.0,0.0,1,0,False,8,20260918,4114073569,config_8_seed_20260918,321,2326,157,0.48909657320872274,0.06749785038693035,2.0,26.0,271,0.11650902837489252,26.59317951692341,1.0,133,729,0,1542699.1148747394,62194.09050539686,1352.495712882678,1449982.205506472,1654538.0715261986,1000,0,4.003000560971601,1.8181917578281435
hang,msd_1000,10,0.0,0.0,1,0,False,8,20260918,4114073569,config_8_seed_20260918,321,2326,157,0.48909657320872274,0.06749785038693035,2.0,26.0,271,0.11650902837489252,26.59317951692341,1.0,133,729,0,86537905.27886847,4169914.619944848,89753.30826156161,80224829.23954695,93909053.18982652,1000,0,3.7153060306178842,1.7831556114725746
hang,msd_10000,10,0.0,0.0,1,0,False,8,20260918,4114073569,config_8_seed_20260918,321,2326,157,0.48909657320872274,0.06749785038693035,2.0,26.0,271,0.11650902837489252,26.59317951692341,1.0,133,729,0,2121003932.6302073,201045247.5570287,4379727.292140211,1842890888.9266434,2491384657.754176,1000,0,2.5462029266137067,1.299941112592128
hang,hurst,10,0.0,0.0,1,0,False,8,20260918,4114073569,config_8_seed_20260918,321,2326,157,0.48909657320872274,0.06749785038693035,2.0,26.0,271,0.11650902837489252,26.59317951692341,1.0,133,729,0,0.8518430396421116,0.0036592450752192655,7.989172163568176e-05,0.8462824931050376,0.8583263318421719,1000,0,2.2782861392244764,1.1238045327949067
hang,msd_100,10,0.0,0.0,1,0,False,8,20260919,1540111235,config_8_seed_20260919,321,2326,157,0.48909657320872274,0.06749785038693035,2.0,26.0,271,0.11650902837489252,26.59317951692341,1.0,133,729,0,1542699.1148747394,60085.765309938906,1432.6087738718375,1456173.1272019297,1650648.3429339374,1000,0,3.867302347981471,1.75655664970046
hang,msd_1000,10,0.0,0.0,1,0,False,8,20260919,1540111235,config_8_seed_20260919,321,2326,157,0.48909657320872274,0.06749785038693035,2.0,26.0,271,0.11650902837489252,26.59317951692341,1.0,133,729,0,86537905.27886847,4061882.8102733935,97878.23190460748,80694385.87542188,93686950.51986702,1000,0,3.6190519653544984,1.7369586158046537
hang,msd_10000,10,0.0,0.0,1,0,False,8,20260919,1540111235,config_8_seed_20260919,321,2326,157,0.48909657320872274,0.06749785038693035,2.0,26.0,271,0.11650902837489252,26.59317951692341,1.0,133,729,0,2121003932.6302073,204933931.90584454,5100911.82726213,1832647889.079598,2493883539.1564455,1000,0,2.595452434323772,1.3250850079109435
hang,hurst,10,0.0,0.0,1,0,False,8,20260919,1540111235,config_8_seed_20260919,321,2326,157,0.48909657320872274,0.06749785038693035,2.0,26.0,271,0.11650902837489252,26.59317951692341,1.0,133,729,0,0.8518430396421116,0.003718817821142037,8.649237694133725e-05,0.8460744412295308,0.8580806426097031,1000,0,2.3153767845683824,1.1421001430978155
hang,msd_100,10,5.0,0.0,1,0,False,9,20260918,2010005150,config_9_seed_20260918,318,2326,149,0.46855345911949686,0.06405846947549441,2.0,25.449999999999932,271,0.11650902837489252,26.583248985367675,1.0,136,725,0,1542699.1148747404,61413.32496377897,1572.9186825695326,1456761.8137158402,1649434.679282748,1000,0,3.9527481193700553,1.7953667360128844
hang,msd_1000,10,5.0,0.0,1,0,False,9,20260918,2010005150,config_9_seed_20260918,318,2326,149,0.46855345911949686,0.06405846947549441,2.0,25.449999999999932,271,0.11650902837489252,26.583248985367675,1.0,136,725,0,86537905.27886847,4143766.8600569502,103887.4066529121,80681302.28988414,94387922.83659843,1000,0,3.692008927714626,1.7719742015346993
hang,msd_10000,10,5.0,0.0,1,0,False,9,20260918,2010005150,config_9_seed_20260918,318,2326,149,0.46855345911949686,0.06405846947549441,2.0,25.449999999999932,271,0.11650902837489252,26.583248985367675,1.0,136,725,0,2121003932.6302078,206432580.20168892,4732840.270700043,1838929742.697569,2517867219.879195,1000,0,2.6144325530941055,1.3347751376541577
hang,hurst,10,5.0,0.0,1,0,False,9,20260918,2010005150,config_9_seed_20260918,318,2326,149,0.46855345911949686,0.06405846947549441,2.0,25.449999999999932,271,0.11650902837489252,26.583248985367675,1.0,136,725,0,0.8518430396421116,0.0037346008629197927,8.125023660262764e-05,0.846254840769337,0.8588336405264343,1000,0,2.3252034795772993,1.1469473324842958
hang,msd_100,10,5.0,0.0,1,0,False,9,20260919,4037920686,config_9_seed_20260919,318,2326,149,0.46855345911949686,0.06405846947549441,2.0,25.449999999999932,271,0.11650902837489252,26.583248985367675,1.0,136,725,0,1542699.1148747404,63239.609882968536,1550.0289453037365,1456904.9322494823,1666713.5520612448,1000,0,4.070293363566132,1.8487566346436581
hang,msd_1000,10,5.0,0.0,1,0,False,9,20260919,4037920686,config_9_seed_20260919,318,2326,149,0.46855345911949686,0.06405846947549441,2.0,25.449999999999932,271,0.11650902837489252,26.583248985367675,1.0,136,725,0,86537905.27886847,4286595.822125731,105312.69494310892,80742133.69674616,94859802.1717398,1000,0,3.81926652229052,1.833051295050134
hang,msd_10000,10,5.0,0.0,1,0,False,9,20260919,4037920686,config_9_seed_20260919,318,2326,149,0.46855345911949686,0.06405846947549441,2.0,25.449999999999932,271,0.11650902837489252,26.583248985367675,1.0,136,725,0,2121003932.6302078,210244192.2769363,5142642.717196347,1839770267.033046,2507617801.0458374,1000,0,2.6627059539282043,1.3594206903447836
hang,hurst,10,5.0,0.0,1,0,False,9,20260919,4037920686,config_9_seed_20260919,318,2326,149,0.46855345911949686,0.06405846947549441,2.0,25.449999999999932,271,0.11650902837489252,26.583248985367675,1.0,136,725,0,0.8518430396421116,0.003774210529295826,8.373933988919018e-05,0.8465327920577348,0.8586289136886951,1000,0,2.349864892526913,1.1591120062628655
hang,msd_100,10,0.0,5.0,1,0,False,10,20260918,1870139487,config_10_seed_20260918,318,2326,159,0.5,0.06835769561478934,1.5,26.149999999999977,271,0.11650902837489252,26.57750311938143,1.0,133,723,0,1542699.11487474,62153.46063464942,1420.6925406779562,1455960.244617079,1655875.8160815754,1000,0,4.000385499089153,1.817003977839493
hang,msd_1000,10,0.0,5.0,1,0,False,10,20260918,1870139487,config_10_seed_20260918,318,2326,159,0.5,0.06835769561478934,1.5,26.149999999999977,271,0.11650902837489252,26.57750311938143,1.0,133,723,0,86537905.27886847,4173303.5896020913,94267.10186993465,80671365.94523028,94008662.26811172,1000,0,3.718325531147922,1.7846048162674448
hang,msd_10000,10,0.0,5.0,1,0,False,10,20260918,1870139487,config_10_seed_20260918,318,2326,159,0.5,0.06835769561478934,1.5,26.149999999999977,271,0.11650902837489252,26.57750311938143,1.0,133,723,0,2121003932.6302078,204612711.8372643,4963219.22980479,1844706178.2826433,2509344633.7552404,1000,0,2.59138423829007,1.3230080268412037
hang,hurst,10,0.0,5.0,1,0,False,10,20260918,1870139487,config_10_seed_20260918,318,2326,159,0.5,0.06835769561478934,1.5,26.149999999999977,271,0.11650902837489252,26.57750311938143,1.0,133,723,0,0.8518430396421116,0.003704174813318372,8.387772145600709e-05,0.8464968330157225,0.8584522727316936,1000,0,2.3062598872096527,1.1376030738314176
hang,msd_100,10,0.0,5.0,1,0,False,10,20260919,183348734,config_10_seed_20260919,318,2326,159,0.5,0.06835769561478934,1.5,26.149999999999977,271,0.11650902837489252,26.57750311938143,1.0,133,723,0,1542699.11487474,64346.68440964246,1943.6152399552566,1457982.493174401,1662992.2235802135,1000,0,4.141548042512334,1.8811210243042058
hang,msd_1000,10,0.0,5.0,1,0,False,10,20260919,183348734,config_10_seed_20260919,318,2326,159,0.5,0.06835769561478934,1.5,26.149999999999977,271,0.11650902837489252,26.57750311938143,1.0,133,723,0,86537905.27886847,4323738.788582756,134187.05632131934,80878618.60806458,94760966.23923758,1000,0,3.8523601224838613,1.8489345193127589
hang,msd_10000,10,0.0,5.0,1,0,False,10,20260919,183348734,config_10_seed_20260919,318,2326,159,0.5,0.06835769561478934,1.5,26.149999999999977,271,0.11650902837489252,26.57750311938143,1.0,133,723,0,2121003932.6302078,203593877.08188176,6364604.180895816,1861154821.6597712,2496176723.4060426,1000,0,2.5784808741597893,1.3164203297851773
hang,hurst,10,0.0,5.0,1,0,False,10,20260919,183348734,config_10_seed_20260919,318,2326,159,0.5,0.06835769561478934,1.5,26.149999999999977,271,0.11650902837489252,26.57750311938143,1.0,133,723,0,0.8518430396421116,0.0035341231368912927,8.51618943868478e-05,0.8468326881445852,0.8581209020690813,1000,0,2.200383847373079,1.0853778632074276
hang,msd_100,10,5.0,5.0,1,0,False,11,20260918,4059106128,config_11_seed_20260918,318,2326,153,0.4811320754716981,0.06577815993121239,2.0,25.299999999999955,271,0.11650902837489252,26.58899733632137,1.0,137,719,0,1542699.1148747404,62598.762327236065,1492.151634255234,1458963.6982916757,1661609.5340362026,1000,0,4.029046468495422,1.8300219970858345
hang,msd_1000,10,5.0,5.0,1,0,False,11,20260918,4059106128,config_11_seed_20260918,318,2326,153,0.4811320754716981,0.06577815993121239,2.0,25.299999999999955,271,0.11650902837489252,26.58899733632137,1.0,137,719,0,86537905.2788684,4184389.0593618103,100936.20558274783,80773186.47626673,94657624.10774797,1000,0,3.7282024510382055,1.7893452292997178
hang,msd_10000,10,5.0,5.0,1,0,False,11,20260918,4059106128,config_11_seed_20260918,318,2326,153,0.4811320754716981,0.06577815993121239,2.0,25.299999999999955,271,0.11650902837489252,26.58899733632137,1.0,137,719,0,2121003932.6302078,205266215.3338478,4853750.849244794,1833764680.2085643,2502171342.294403,1000,0,2.5996607458711867,1.3272335237020065
hang,hurst,10,5.0,5.0,1,0,False,11,20260918,4059106128,config_11_seed_20260918,318,2326,153,0.4811320754716981,0.06577815993121239,2.0,25.299999999999955,271,0.11650902837489252,26.58899733632137,1.0,137,719,0,0.8518430396421116,0.003689049747176559,8.16923180735655e-05,0.8461166260767387,0.8585252179942773,1000,0,2.296842855052089,1.1329579578198934
hang,msd_100,10,5.0,5.0,1,0,False,11,20260919,474686261,config_11_seed_20260919,318,2326,153,0.4811320754716981,0.06577815993121239,2.0,25.299999999999955,271,0.11650902837489252,26.58899733632137,1.0,137,719,0,1542699.1148747404,64166.3642773665,1603.0525061568035,1455806.9208247252,1668625.6918542467,1000,0,4.129942091130306,1.8758495173875447
hang,msd_1000,10,5.0,5.0,1,0,False,11,20260919,474686261,config_11_seed_20260919,318,2326,153,0.4811320754716981,0.06577815993121239,2.0,25.299999999999955,271,0.11650902837489252,26.58899733632137,1.0,137,719,0,86537905.2788684,4326765.219445138,107073.55443894272,80654931.1404097,94995160.99946395,1000,0,3.85505660858947,1.8502286938143608
hang,msd_10000,10,5.0,5.0,1,0,False,11,20260919,474686261,config_11_seed_20260919,318,2326,153,0.4811320754716981,0.06577815993121239,2.0,25.299999999999955,271,0.11650902837489252,26.58899733632137,1.0,137,719,0,2121003932.6302078,213096933.23033103,5593415.9806408165,1836904787.918911,2524470144.997911,1000,0,2.6988354195717235,1.3778662656267417
hang,hurst,10,5.0,5.0,1,0,False,11,20260919,474686261,config_11_seed_20260919,318,2326,153,0.4811320754716981,0.06577815993121239,2.0,25.299999999999955,271,0.11650902837489252,26.58899733632137,1.0,137,719,0,0.8518430396421116,0.003764066631352182,9.218806858660222e-05,0.8463780836102347,0.8587779973325883,1000,0,2.3435491903512866,1.155996675571714
hang,msd_100,50,0.0,0.0,2,0,False,12,20260918,4010329436,config_12_seed_20260918,196,2326,77,0.39285714285714285,0.03310404127257094,2.0,40.25,597,0.25666380051590715,10.72990575617186,2.0,107,402,0,1542699.1148747401,47569.32789729365,1155.9990476483918,1450212.3538465146,1609960.6083407786,1000,0,3.0617064211492075,1.390649163054785
hang,msd_1000,50,0.0,0.0,2,0,False,12,20260918,4010329436,config_12_seed_20260918,196,2326,77,0.39285714285714285,0.03310404127257094,2.0,40.25,597,0.25666380051590715,10.72990575617186,2.0,107,402,0,86537905.27886851,3267927.6144196913,82746.50179423727,80501444.13305722,91325256.93301454,1000,0,2.9116546212729837,1.3974443111297392
hang,msd_10000,50,0.0,0.0,2,0,False,12,20260918,4010329436,config_12_seed_20260918,196,2326,77,0.39285714285714285,0.03310404127257094,2.0,40.25,597,0.25666380051590715,10.72990575617186,2.0,107,402,0,2121003932.6302087,208183741.20248422,6565941.669383353,1842656108.647175,2516709884.151784,1000,0,2.636610701144743,1.3460979926202075
hang,hurst,50,0.0,0.0,2,0,False,12,20260918,4010329436,config_12_seed_20260918,196,2326,77,0.39285714285714285,0.03310404127257094,2.0,40.25,597,0.25666380051590715,10.72990575617186,2.0,107,402,0,0.8518430396421116,0.004351074638689532,0.00012484449899452375,0.8459799029502203,0.8600411922210434,1000,0,2.7090268173589087,1.3362749149003794
hang,msd_100,50,0.0,0.0,2,0,False,12,20260919,4065665203,config_12_seed_20260919,196,2326,77,0.39285714285714285,0.03310404127257094,2.0,40.25,597,0.25666380051590715,10.72990575617186,2.0,107,402,0,1542699.1148747401,44327.75843115147,1083.6633304368538,1457948.1989431975,1607678.6372247906,1000,0,2.8530691650055617,1.2958846148819059
hang,msd_1000,50,0.0,0.0,2,0,False,12,20260919,4065665203,config_12_seed_20260919,196,2326,77,0.39285714285714285,0.03310404127257094,2.0,40.25,597,0.25666380051590715,10.72990575617186,2.0,107,402,0,86537905.27886851,3039803.54350201,73054.88421224112,81233497.46177441,91106852.98184392,1000,0,2.708400882609919,1.2998929811281164
hang,msd_10000,50,0.0,0.0,2,0,False,12,20260919,4065665203,config_12_seed_20260919,196,2326,77,0.39285714285714285,0.03310404127257094,2.0,40.25,597,0.25666380051590715,10.72990575617186,2.0,107,402,0,2121003932.6302087,205731161.1930953,6549397.31916424,1868705727.5954344,2524414677.1606965,1000,0,2.605549203926864,1.3302398232535235
hang,hurst,50,0.0,0.0,2,0,False,12,20260919,4065665203,config_12_seed_20260919,196,2326,77,0.39285714285714285,0.03310404127257094,2.0,40.25,597,0.25666380051590715,10.72990575617186,2.0,107,402,0,0.8518430396421116,0.004267724077551525,0.00012466623716887748,0.8464889145773292,0.860042539568823,1000,0,2.6571318433318067,1.3106768102387838
hang,msd_100,50,0.0,0.0,2,1,False,13,20260918,3804448291,config_13_seed_20260918,193,2326,68,0.35233160621761656,0.029234737747205503,2.0,36.39999999999998,428,0.18400687876182287,13.075500517193044,2.0,107,411,0,1542699.1148747415,44394.77599269554,1106.0113139776843,1457094.8692815332,1600386.2024895395,1000,0,2.8573826188124403,1.2978438167456037
hang,msd_1000,50,0.0,0.0,2,1,False,13,20260918,3804448291,config_13_seed_20260918,193,2326,68,0.35233160621761656,0.029234737747205503,2.0,36.39999999999998,428,0.18400687876182287,13.075500517193044,2.0,107,411,0,86537905.27886848,3023586.775515946,75265.3039797342,80964041.50225984,90880357.2503348,1000,0,2.6939520841602875,1.2929583017713768
hang,msd_10000,50,0.0,0.0,2,1,False,13,20260918,3804448291,config_13_seed_20260918,193,2326,68,0.35233160621761656,0.029234737747205503,2.0,36.39999999999998,428,0.18400687876182287,13.075500517193044,2.0,107,411,0,2121003932.6302087,181391637.934714,5685118.444645741,1886811069.1241121,2478547169.839904,1000,0,2.297293395316947,1.172862579429408
hang,hurst,50,0.0,0.0,2,1,False,13,20260918,3804448291,config_13_seed_20260918,193,2326,68,0.35233160621761656,0.029234737747205503,2.0,36.39999999999998,428,0.18400687876182287,13.075500517193044,2.0,107,411,0,0.8518430396421116,0.003786149709198925,0.00011088374558496832,0.8470179218328006,0.8590303858641891,1000,0,2.3572983569513495,1.1627786927561587
hang,msd_100,50,0.0,0.0,2,1,False,13,20260919,942058383,config_13_seed_20260919,193,2326,68,0.35233160621761656,0.029234737747205503,2.0,36.39999999999998,428,0.18400687876182287,13.075500517193044,2.0,107,411,0,1542699.1148747415,42575.25737911123,1014.1005403801515,1468075.9380888175,1605014.6765596832,1000,0,2.740272874595757,1.2446517253499296
hang,msd_1000,50,0.0,0.0,2,1,False,13,20260919,942058383,config_13_seed_20260919,193,2326,68,0.35233160621761656,0.029234737747205503,2.0,36.39999999999998,428,0.18400687876182287,13.075500517193044,2.0,107,411,0,86537905.27886848,2893039.2682402334,71736.87104155966,81649334.91438767,91132256.7476812,1000,0,2.577637006929761,1.2371330532041716
hang,msd_10000,50,0.0,0.0,2,1,False,13,20260919,942058383,config_13_seed_20260919,193,2326,68,0.35233160621761656,0.029234737747205503,2.0,36.39999999999998,428,0.18400687876182287,13.075500517193044,2.0,107,411,0,2121003932.6302087,186880718.7390641,5619689.138310814,1898989942.8415396,2511282406.304016,1000,0,2.3668116444588017,1.2083544992565152
hang,hurst,50,0.0,0.0,2,1,False,13,20260919,942058383,config_13_seed_20260919,193,2326,68,0.35233160621761656,0.029234737747205503,2.0,36.39999999999998,428,0.18400687876182287,13.075500517193044,2.0,107,411,0,0.8518430396421116,0.003901290070358105,0.00010455308378654925,0.8470173921957197,0.8598151233183101,1000,0,2.4289860093228004,1.198139882596819
hang,msd_100,50,0.0,0.0,3,0,False,14,20260918,2966105174,config_14_seed_20260918,162,2326,58,0.35802469135802467,0.024935511607910577,2.0,50.64999999999992,655,0.2815993121238177,8.632601806850202,2.0,92,338,0,1542699.114874741,52546.3448668473,1213.9394724585827,1442175.6076909415,1617816.5719205448,1000,0,3.3820423495178296,1.5361480546549122
hang,msd_1000,50,0.0,0.0,3,0,False,14,20260918,2966105174,config_14_seed_20260918,162,2326,58,0.35802469135802467,0.024935511607910577,2.0,50.64999999999992,655,0.2815993121238177,8.632601806850202,2.0,92,338,0,86537905.27886847,3562258.8763068267,84416.97872600134,80102734.15399331,91894835.29937483,1000,0,3.17389757153826,1.5233074256298607
hang,msd_10000,50,0.0,0.0,3,0,False,14,20260918,2966105174,config_14_seed_20260918,162,2326,58,0.35802469135802467,0.024935511607910577,2.0,50.64999999999992,655,0.2815993121238177,8.632601806850202,2.0,92,338,0,2121003932.6302083,215255309.18621022,6058416.287697049,1851560606.2462063,2545782651.7556515,1000,0,2.7261708738655797,1.3918221371311492
hang,hurst,50,0.0,0.0,3,0,False,14,20260918,2966105174,config_14_seed_20260918,162,2326,58,0.35802469135802467,0.024935511607910577,2.0,50.64999999999992,655,0.2815993121238177,8.632601806850202,2.0,92,338,0,0.8518430396421116,0.004569715633526524,0.00012429758785657507,0.846061126459875,0.860845366071688,1000,0,2.845155100041238,1.4034225740491388
hang,msd_100,50,0.0,0.0,3,0,False,14,20260919,1643681455,config_14_seed_20260919,162,2326,58,0.35802469135802467,0.024935511607910577,2.0,50.64999999999992,655,0.2815993121238177,8.632601806850202,2.0,92,338,0,1542699.114874741,56046.56938973923,1383.273595104985,1427553.5726203471,1614726.471344024,1000,0,3.607327430701662,1.6384741651640418
hang,msd_1000,50,0.0,0.0,3,0,False,14,20260919,1643681455,config_14_seed_20260919,162,2326,58,0.35802469135802467,0.024935511607910577,2.0,50.64999999999992,655,0.2815993121238177,8.632601806850202,2.0,92,338,0,86537905.27886847,3806146.2478847764,96197.3916204966,79085323.07166214,91617208.39119636,1000,0,3.391196078822106,1.627599521471926
hang,msd_10000,50,0.0,0.0,3,0,False,14,20260919,1643681455,config_14_seed_20260919,162,2326,58,0.35802469135802467,0.024935511607910577,2.0,50.64999999999992,655,0.2815993121238177,8.632601806850202,2.0,92,338,0,2121003932.6302083,224175719.3666239,6800175.778688706,1848526734.0494888,2583511221.3214054,1000,0,2.839146309912737,1.4495007347384654
hang,hurst,50,0.0,0.0,3,0,False,14,20260919,1643681455,config_14_seed_20260919,162,2326,58,0.35802469135802467,0.024935511607910577,2.0,50.64999999999992,655,0.2815993121238177,8.632601806850202,2.0,92,338,0,0.8518430396421116,0.0046726153211951406,0.00012896310227378978,0.8460746770019925,0.8613074066873017,1000,0,2.9092215747722014,1.4350244845656794
hang,msd_100,50,0.0,0.0,3,1,False,15,20260918,62873937,config_15_seed_20260918,171,2326,63,0.3684210526315789,0.02708512467755804,2.0,50.0,556,0.23903697334479793,10.478289162786734,2.0,95,338,0,1542699.1148747408,47239.656283519005,1128.5121899793805,1454832.7269749222,1611651.996844822,1000,0,3.040487754807237,1.3810114915962248
hang,msd_1000,50,0.0,0.0,3,1,False,15,20260918,62873937,config_15_seed_20260918,171,2326,63,0.3684210526315789,0.02708512467755804,2.0,50.0,556,0.23903697334479793,10.478289162786734,2.0,95,338,0,86537905.27886848,3156573.5428625103,75517.7658469891,80681844.56788844,91141845.37613958,1000,0,2.812440490697878,1.3498266365117078
hang,msd_10000,50,0.0,0.0,3,1,False,15,20260918,62873937,config_15_seed_20260918,171,2326,63,0.3684210526315789,0.02708512467755804,2.0,50.0,556,0.23903697334479793,10.478289162786734,2.0,95,338,0,2121003932.6302083,199041211.36416808,5680907.209048488,1866297110.3624778,2508762849.959396,1000,0,2.520822158446809,1.2869831885930385
hang,hurst,50,0.0,0.0,3,1,False,15,20260918,62873937,config_15_seed_20260918,171,2326,63,0.3684210526315789,0.02708512467755804,2.0,50.0,556,0.23903697334479793,10.478289162786734,2.0,95,338,0,0.8518430396421116,0.0041122793720369775,0.0001083343322429232,0.8465808573590135,0.8599003422051057,1000,0,2.560350263877634,1.2629376014497278
hang,msd_100,50,0.0,0.0,3,1,False,15,20260919,3036996243,config_15_seed_20260919,171,2326,63,0.3684210526315789,0.02708512467755804,2.0,50.0,556,0.23903697334479793,10.478289162786734,2.0,95,338,0,1542699.1148747408,52578.919369976444,1274.6263379028542,1441572.8245840622,1614744.6156212029,1000,0,3.384138943474582,1.5371003427681955
hang,msd_1000,50,0.0,0.0,3,1,False,15,20260919,3036996243,config_15_seed_20260919,171,2326,63,0.3684210526315789,0.02708512467755804,2.0,50.0,556,0.23903697334479793,10.478289162786734,2.0,95,338,0,86537905.27886848,3473665.3836506894,86065.44437585722,80337729.72779499,91411013.44275123,1000,0,3.094962637003989,1.485422721033239
hang,msd_10000,50,0.0,0.0,3,1,False,15,20260919,3036996243,config_15_seed_20260919,171,2326,63,0.3684210526315789,0.02708512467755804,2.0,50.0,556,0.23903697334479793,10.478289162786734,2.0,95,338,0,2121003932.6302083,197106270.76334974,6468476.548404251,1894844684.9611897,2516929785.4643497,1000,0,2.496316473878315,1.2744720306920592
hang,hurst,50,0.0,0.0,3,1,False,15,20260919,3036996243,config_15_seed_20260919,171,2326,63,0.3684210526315789,0.02708512467755804,2.0,50.0,556,0.23903697334479793,10.478289162786734,2.0,95,338,0,0.8518430396421116,0.00408289441136389,0.00011558760097937926,0.8469908716066397,0.8601060520099509,1000,0,2.542054864901347,1.2539130755375252
hang,msd_100,50,0.0,0.0,3,2,False,16,20260918,414785720,config_16_seed_20260918,170,2326,62,0.36470588235294116,0.026655202063628546,2.0,39.749999999999915,739,0.3177128116938951,7.936586825644577,2.0,96,335,0,1542699.114874741,53329.22120273423,1279.9736496779556,1438301.138879462,1608664.1994775822,1000,0,3.4324306482494404,1.5590347837595817
hang,msd_1000,50,0.0,0.0,3,2,False,16,20260918,414785720,config_16_seed_20260918,170,2326,62,0.36470588235294116,0.026655202063628546,2.0,39.749999999999915,739,0.3177128116938951,7.936586825644577,2.0,96,335,0,86537905.27886848,3534990.176151394,87447.8752800402,79813459.67232762,91201182.64064641,1000,0,3.1496017344844236,1.511646674719722
hang,msd_10000,50,0.0,0.0,3,2,False,16,20260918,414785720,config_16_seed_20260918,170,2326,62,0.36470588235294116,0.026655202063628546,2.0,39.749999999999915,739,0.3177128116938951,7.936586825644577,2.0,96,335,0,2121003932.6302106,210500022.06546685,6335284.653651465,1854350171.028825,2547564343.8898363,1000,0,2.665945993492366,1.3610748635420002
hang,hurst,50,0.0,0.0,3,2,False,16,20260918,414785720,config_16_seed_20260918,170,2326,62,0.36470588235294116,0.026655202063628546,2.0,39.749999999999915,739,0.3177128116938951,7.936586825644577,2.0,96,335,0,0.8518430396421116,0.004516913124261181,0.00012318115081283738,0.8462444180595865,0.8614931083187058,1000,0,2.8122796783346735,1.3872061966173044
hang,msd_100,50,0.0,0.0,3,2,False,16,20260919,546560792,config_16_seed_20260919,170,2326,62,0.36470588235294116,0.026655202063628546,2.0,39.749999999999915,739,0.3177128116938951,7.936586825644577,2.0,96,335,0,1542699.114874741,59636.60235515524,1392.133110942578,1422422.756197092,1623415.4111740487,1000,0,3.8383928560127663,1.7434257497118426
hang,msd_1000,50,0.0,0.0,3,2,False,16,20260919,546560792,config_16_seed_20260919,170,2326,62,0.36470588235294116,0.026655202063628546,2.0,39.749999999999915,739,0.3177128116938951,7.936586825644577,2.0,96,335,0,86537905.27886848,3935040.0431266795,97161.44996891786,78685137.98454186,92134081.07485092,1000,0,3.50603773348836,1.6827176030677158
hang,msd_10000,50,0.0,0.0,3,2,False,16,20260919,546560792,config_16_seed_20260919,170,2326,62,0.36470588235294116,0.026655202063628546,2.0,39.749999999999915,739,0.3177128116938951,7.936586825644577,2.0,96,335,0,2121003932.6302106,219465832.26606542,6969770.356570453,1869353280.4605157,2565643753.6034994,1000,0,2.7794964128612767,1.4190470137374425
hang,hurst,50,0.0,0.0,3,2,False,16,20260919,546560792,config_16_seed_20260919,170,2326,62,0.36470588235294116,0.026655202063628546,2.0,39.749999999999915,739,0.3177128116938951,7.936586825644577,2.0,96,335,0,0.8518430396421116,0.004605139264528987,0.00012988479120890715,0.846644833637502,0.8612306077768894,1000,0,2.867210241431044,1.4143016587429227
hang,msd_100,50,0.0,0.0,1,0,True,17,20260918,762812032,config_17_seed_20260918,212,2326,87,0.41037735849056606,0.037403267411865865,2.0,35.89999999999998,366,0.15735167669819433,16.167548216281475,2.0,107,443,0,1542699.114874741,39651.03836654396,1075.9133259445646,1470878.8855665198,1597215.9635901214,1000,0,2.552061257501769,1.1591646499135133
hang,msd_1000,50,0.0,0.0,1,0,True,17,20260918,762812032,config_17_seed_20260918,212,2326,87,0.41037735849056606,0.037403267411865865,2.0,35.89999999999998,366,0.15735167669819433,16.167548216281475,2.0,107,443,0,86537905.27886847,2601616.2774778935,64790.28508780628,81867357.10761201,90298258.28169076,1000,0,2.3179852649345394,1.1125135852648353
hang,msd_10000,50,0.0,0.0,1,0,True,17,20260918,762812032,config_17_seed_20260918,212,2326,87,0.41037735849056606,0.037403267411865865,2.0,35.89999999999998,366,0.15735167669819433,16.167548216281475,2.0,107,443,0,2121003932.6302083,155321488.49278498,3960372.71686046,1900102597.4838521,2418026784.4869485,1000,0,1.967119508528268,1.0042952569843893
hang,hurst,50,0.0,0.0,1,0,True,17,20260918,762812032,config_17_seed_20260918,212,2326,87,0.41037735849056606,0.037403267411865865,2.0,35.89999999999998,366,0.15735167669819433,16.167548216281475,2.0,107,443,0,0.8518430396421116,0.0033786361530842917,8.494588582530054e-05,0.8471915177075294,0.8580854870797383,1000,0,2.103575944990076,1.0376256701727904
hang,msd_100,50,0.0,0.0,1,0,True,17,20260919,1500720888,config_17_seed_20260919,212,2326,87,0.41037735849056606,0.037403267411865865,2.0,35.89999999999998,366,0.15735167669819433,16.167548216281475,2.0,107,443,0,1542699.114874741,37748.54545117865,898.2687413554271,1475033.2629069048,1594847.0054661587,1000,0,2.429611035212708,1.103546874817285
hang,msd_1000,50,0.0,0.0,1,0,True,17,20260919,1500720888,config_17_seed_20260919,212,2326,87,0.41037735849056606,0.037403267411865865,2.0,35.89999999999998,366,0.15735167669819433,16.167548216281475,2.0,107,443,0,86537905.27886847,2479360.2890181374,59200.70596853688,82213935.17210203,90198418.20188399,1000,0,2.209057756195838,1.0602339892233645
hang,msd_10000,50,0.0,0.0,1,0,True,17,20260919,1500720888,config_17_seed_20260919,212,2326,87,0.41037735849056606,0.037403267411865865,2.0,35.89999999999998,366,0.15735167669819433,16.167548216281475,2.0,107,443,0,2121003932.6302083,161703629.78913367,4549529.545980335,1907411880.7021787,2437279739.0880075,1000,0,2.0479482127343482,1.0455616284023077
hang,hurst,50,0.0,0.0,1,0,True,17,20260919,1500720888,config_17_seed_20260919,212,2326,87,0.41037735849056606,0.037403267411865865,2.0,35.89999999999998,366,0.15735167669819433,16.167548216281475,2.0,107,443,0,0.8518430396421116,0.003505314515327951,9.720327204510224e-05,0.8471547119296617,0.8586136915076911,1000,0,2.1824472834510815,1.076530338969244
