discipline,estimator,t_s,msd_m2,n_flights,sem_m2,p10_m2,p50_m2,p90_m2
paragliders,ensemble,1.0,54.11811715704539,108294,0.33828451509834767,28.24793243408203,39.61251449584961,79.745361328125
paragliders,ensemble,2.0,223.88804448208958,121029,1.0282985142699375,124.58778381347656,178.10101318359375,326.8209228515625
paragliders,ensemble,3.0,492.8888229542653,129067,1.7792899708843641,260.8086853027344,418.1584777832031,735.2716674804688
paragliders,ensemble,4.0,920.7878310616694,131614,3.021028888860545,515.018798828125,795.2862548828125,1348.4677734375
paragliders,ensemble,5.0,1531.3970059659562,147629,6.868207695436544,786.0816040039062,1271.9947509765625,2197.397705078125
paragliders,ensemble,6.0,2100.1075495581795,148231,7.467915997814371,1118.4967041015625,1815.240478515625,3030.010009765625
paragliders,ensemble,7.0,2694.758194819369,148431,8.5293417112405,1300.460205078125,2377.530029296875,3980.449462890625
paragliders,ensemble,8.0,4121.639315914843,148733,17.417386598810438,2270.584228515625,3499.371337890625,5900.6875
paragliders,ensemble,9.0,4836.092743428369,148781,17.643065274627066,2654.11474609375,4230.015625,6932.7978515625
paragliders,ensemble,10.0,5861.169595859399,152775,18.94555917743963,3143.2998046875,5193.61474609375,8453.1103515625
paragliders,ensemble,11.0,6961.699457272609,152900,20.093103231701267,3601.696533203125,6237.69384765625,10184.5859375
paragliders,ensemble,12.0,8059.595884853017,152976,20.97855624301325,3856.953125,7345.59423828125,11974.3955078125
paragliders,ensemble,14.0,11197.933972618654,153031,29.417596089568406,4911.4609375,10311.9306640625,16817.060546875
paragliders,ensemble,16.0,14178.521545814086,153311,35.42779536510462,5591.041015625,13204.1650390625,21637.962890625
paragliders,ensemble,18.0,18007.988930711002,153342,42.08751322192153,5424.8740234375,17082.33984375,27993.19140625
paragliders,ensemble,20.0,21359.475683784738,153679,47.58053597599015,5023.59765625,20617.630859375,33781.6796875
paragliders,ensemble,23.0,27663.45495715086,153762,63.1951172866249,4698.20751953125,27111.05078125,44802.36328125
paragliders,ensemble,25.0,31304.540009336688,153904,75.73613638503274,4691.79345703125,30876.908203125,51426.95703125
paragliders,ensemble,29.0,41737.28737038333,154269,106.42925914274097,5119.27490234375,41705.7265625,69877.71875
paragliders,ensemble,32.0,48516.428891936346,154509,117.62759694296274,5424.44873046875,48877.984375,83359.1328125
paragliders,ensemble,37.0,60902.54858997657,154599,146.88535810510865,5917.12353515625,61332.8671875,108397.4375
paragliders,ensemble,41.0,71292.52742051907,154646,171.59760273234053,6389.58251953125,71010.0234375,131326.203125
paragliders,ensemble,46.0,84515.32503235675,154707,203.46039947388596,7113.064453125,80707.40625,162890.078125
paragliders,ensemble,52.0,100052.47332272527,154759,244.76157016900848,7686.66064453125,87961.5,202590.203125
paragliders,ensemble,59.0,120676.92056033498,154847,298.99348977107644,8024.77294921875,95510.71875,257567.375
paragliders,ensemble,67.0,142972.87579633697,154972,364.2314844198356,8483.04296875,103566.7421875,321619.25
paragliders,ensemble,75.0,167565.36456717667,155030,445.2408652636339,9040.1953125,112106.9765625,394817.84375
paragliders,ensemble,85.0,198859.8202965662,155086,547.2407571528389,9771.962890625,123451.796875,491344.15625
paragliders,ensemble,95.0,231887.94590974133,155119,661.0078564171947,10526.0400390625,134354.625,596042.3125
paragliders,ensemble,107.0,271779.00668914116,155135,808.4640931052927,11486.7763671875,146608.125,724348.0
paragliders,ensemble,121.0,319024.06211144995,155139,983.4819557425238,12662.169921875,160925.140625,874233.0
paragliders,ensemble,137.0,375421.4341187166,155147,1203.8797177136933,13723.3125,178004.703125,1046421.0
paragliders,ensemble,154.0,437813.09995952394,155156,1461.3577145120312,14889.9296875,196806.921875,1234252.25
paragliders,ensemble,174.0,513431.3344603692,155169,1785.3131475760006,16282.0859375,218580.515625,1459847.75
paragliders,ensemble,196.0,601132.0724011355,155173,2177.633319249651,18127.255859375,244268.125,1718148.25
paragliders,ensemble,221.0,708321.1207548499,155178,2670.338358541861,20101.158203125,276165.75,2012943.875
paragliders,ensemble,249.0,841243.8750900311,155198,3294.1915338678095,22428.55078125,315123.75,2364738.5
paragliders,ensemble,281.0,1007600.2684576451,155211,4097.651685348652,25337.09765625,363088.21875,2838642.0
paragliders,ensemble,316.0,1213251.7622145321,155204,5067.500263365051,28730.947265625,420052.40625,3426986.25
paragliders,ensemble,357.0,1479217.8528565732,155213,6287.001174704433,33344.66015625,496087.3125,4220878.5
paragliders,ensemble,402.0,1804981.7697518924,155195,7695.776865933492,39350.0859375,597727.4375,5189854.5
paragliders,ensemble,453.0,2224874.159721665,155214,9398.089038979539,46121.75,735156.75,6566694.0
paragliders,ensemble,511.0,2766663.987717819,155235,11483.317400294987,55490.65234375,926078.0,8298996.5
paragliders,ensemble,576.0,3466650.0124373105,155241,14019.930271173489,66924.6328125,1177025.25,10476273.0
paragliders,ensemble,649.0,4362905.475700467,155230,17068.794327603042,82461.3984375,1514329.875,13105880.0
paragliders,ensemble,732.0,5529632.359131336,155262,20851.005948874354,102469.390625,1987511.0,16239851.0
paragliders,ensemble,825.0,7051796.854331966,155250,25618.261713587963,127740.8359375,2710382.0,20576458.0
paragliders,ensemble,931.0,9065146.441684078,155236,32543.287339733808,166661.890625,3871076.75,24909944.0
paragliders,ensemble,1049.0,11681899.46516454,155246,40460.23602174806,218058.46875,5652206.5,29604352.0
paragliders,ensemble,1183.0,15175419.374965776,155258,51239.71280947764,285514.40625,8089672.5,37834512.0
paragliders,ensemble,1334.0,19806996.91220175,155291,65570.98383248568,387009.65625,11255487.0,49989280.0
paragliders,ensemble,1504.0,25869519.481414888,155300,84245.44673950883,531911.875,15126710.0,64579488.0
paragliders,ensemble,1695.0,33707439.073669925,155331,108106.62296399832,735362.875,19927362.0,85004824.0
paragliders,ensemble,1911.0,43831153.23815301,155300,138232.47547848363,1021188.4375,25377828.0,111196328.0
paragliders,ensemble,2155.0,56612029.26513197,155304,175855.6437073155,1386160.625,31499882.0,145668032.0
paragliders,ensemble,2429.0,72378313.18118341,155293,222844.8213402627,1815398.625,40854984.0,182358688.0
paragliders,ensemble,2739.0,90953669.96210101,154275,281582.45154220704,2286096.25,52175512.0,227294704.0
paragliders,ensemble,3088.0,113016933.68654843,152635,357424.5306452015,2841537.5,64824844.0,278750368.0
paragliders,ensemble,3481.0,139962103.24355444,150144,459132.84083306114,3536032.5,77348064.0,355220064.0
paragliders,ensemble,3925.0,173522727.7809044,146539,595794.5770574303,4205609.5,89295056.0,452431680.0
paragliders,ensemble,4425.0,215952533.01283717,141579,776760.2080654502,4649859.0,102759560.0,573741248.0
paragliders,ensemble,4989.0,270521798.3746178,135063,1021720.2377466526,4893608.0,120867360.0,733709632.0
paragliders,ensemble,5624.0,341093616.2382845,127074,1354141.312169407,5273193.5,144883712.0,938749504.0
paragliders,ensemble,6341.0,432213530.80711126,117519,1813089.366731173,5785448.5,174744656.0,1193034880.0
paragliders,ensemble,7149.0,552488963.1997379,106775,2468739.385452267,6357627.0,214872160.0,1539287936.0
paragliders,ensemble,8059.0,709958652.8370887,94792,3402965.0088622035,7445126.0,265642688.0,2011526912.0
paragliders,ensemble,9086.0,908884911.5585071,82497,4731773.720512015,8466983.0,326740640.0,2573327616.0
paragliders,ensemble,10000.0,1103701216.019782,72165,6217469.070888158,9890178.0,390162368.0,3162896128.0
paragliders,ensemble,10244.0,1159417011.274573,69746,6671571.567268149,10396470.0,407029696.0,3311531776.0
paragliders,ensemble,11549.0,1471995249.9133232,57489,9532721.094450794,13576085.0,500278208.0,4251549184.0
paragliders,ensemble,13021.0,1847629088.7403564,46027,13802903.154025752,18109088.0,593949888.0,5347148288.0
paragliders,ensemble,14680.0,2275145710.5800533,35903,20278523.489200737,23297560.0,652729792.0,6546161664.0
paragliders,ensemble,16550.0,2784087781.494529,27327,30483208.793053754,27610134.0,702505216.0,8089133056.0
paragliders,ensemble,18659.0,3373045400.56894,19934,47015032.29354986,26918726.0,763695616.0,9794096128.0
paragliders,ensemble,21037.0,4099284638.5348706,13685,76058504.51233327,27361126.0,831713472.0,11698860032.0
paragliders,ensemble,23717.0,5099200179.344336,8611,132125977.3393974,30729282.0,829071104.0,14344411136.0
paragliders,ensemble,26739.0,6603032290.417961,4884,251106332.040335,26648142.0,711266432.0,18038470656.0
paragliders,ensemble,30146.0,8893980517.109945,2335,528769684.873541,21633356.0,538131776.0,27528499200.0
paragliders,ensemble,33987.0,12444086166.552006,823,1305693834.1078985,16396465.0,271878336.0,40918806528.0
paragliders,ensemble,38318.0,12520327425.279734,137,4191875560.8117027,4476459.0,109627280.0,1417636864.0
paragliders,ensemble,43200.0,,0,,,,
paragliders,time_averaged,1.0,102.89848639723748,134795,,76.59412384033203,98.20782470703125,134.51063537597656
paragliders,time_averaged,2.0,404.1204171222133,149728,,300.30523681640625,385.67938232421875,528.8917236328125
paragliders,time_averaged,3.0,950.3035810679411,158996,,671.6705932617188,875.0224609375,1337.6873779296875
paragliders,time_averaged,4.0,1512.413183102548,162217,,1066.078369140625,1457.453857421875,2019.651611328125
paragliders,time_averaged,5.0,2300.1795759108354,182087,,1533.9173583984375,2201.44677734375,3152.886962890625
paragliders,time_averaged,6.0,3222.710399873594,183155,,2140.202392578125,3090.2041015625,4395.10107421875
paragliders,time_averaged,7.0,4212.594218878471,183617,,2360.333251953125,4105.4521484375,5927.70263671875
paragliders,time_averaged,8.0,5883.758814235647,184743,,4124.71826171875,5527.86376953125,8083.37255859375
paragliders,time_averaged,9.0,6890.387823954823,184880,,4797.43212890625,6549.4033203125,9335.2138671875
paragliders,time_averaged,10.0,8113.019822439577,190762,,5599.634765625,7720.43017578125,11040.97265625
paragliders,time_averaged,11.0,9760.551578391613,191427,,6529.80029296875,9289.193359375,13471.8994140625
paragliders,time_averaged,12.0,10969.086661052434,191964,,6999.548828125,10465.130859375,15269.6962890625
paragliders,time_averaged,14.0,14944.760015771366,192353,,9812.4814453125,14229.87890625,20833.62109375
paragliders,time_averaged,16.0,18625.816740452607,192787,,12220.4384765625,17473.94921875,26297.6328125
paragliders,time_averaged,18.0,23563.672300824805,192807,,15260.060546875,22123.916015625,33339.2890625
paragliders,time_averaged,20.0,27770.47553225969,193254,,17882.69921875,26110.150390625,39466.16015625
paragliders,time_averaged,23.0,36352.93361171698,193298,,22779.212890625,34142.3984375,52202.07421875
paragliders,time_averaged,25.0,40491.113899277036,193369,,24976.7890625,38031.37890625,58483.1328125
paragliders,time_averaged,29.0,54542.76613039199,193435,,33480.2421875,50986.04296875,79299.984375
paragliders,time_averaged,32.0,64296.98289985562,193664,,38861.55859375,59973.1484375,94477.8515625
paragliders,time_averaged,37.0,83850.73632474094,193700,,49653.98828125,78043.828125,124084.6328125
paragliders,time_averaged,41.0,101840.3277138108,193727,,59704.015625,94821.3203125,151357.640625
paragliders,time_averaged,46.0,127233.35218068321,193753,,73273.671875,118093.6953125,190744.203125
paragliders,time_averaged,52.0,157674.78094458528,193186,,89444.5078125,146299.484375,237873.75
paragliders,time_averaged,59.0,202873.98987444674,192248,,113809.109375,188425.96875,306683.1875
paragliders,time_averaged,67.0,254093.08144233216,191365,,140299.25,235114.90625,387111.09375
paragliders,time_averaged,75.0,315891.49506221246,190263,,172360.171875,291909.34375,483029.4375
paragliders,time_averaged,85.0,393518.02238624205,189150,,211869.359375,363329.6875,604803.125
paragliders,time_averaged,95.0,488801.0813898884,188190,,260781.546875,451022.0625,755251.375
paragliders,time_averaged,107.0,604480.756314175,187312,,318257.625,557243.375,939005.0625
paragliders,time_averaged,121.0,754228.6678916868,186088,,392466.21875,693780.8125,1175353.125
paragliders,time_averaged,137.0,948859.3253948808,184393,,488160.625,871702.125,1485369.25
paragliders,time_averaged,154.0,1175430.5408659559,183110,,597504.0,1078261.5,1847235.375
paragliders,time_averaged,174.0,1468166.035844057,181975,,735033.375,1344992.75,2320802.5
paragliders,time_averaged,196.0,1818105.7040468566,180867,,895467.5,1662456.75,2892266.75
paragliders,time_averaged,221.0,2251828.6738157384,179743,,1090742.5,2056100.625,3598583.25
paragliders,time_averaged,249.0,2788807.3502638256,178554,,1326173.875,2540639.5,4482767.0
paragliders,time_averaged,281.0,3448066.735166676,177356,,1609615.5,3134405.0,5578074.0
paragliders,time_averaged,316.0,4241975.98244594,176006,,1942627.75,3848211.5,6912476.5
paragliders,time_averaged,357.0,5244796.704060551,174747,,2351073.25,4745407.5,8606144.0
paragliders,time_averaged,402.0,6442318.162450283,173278,,2826145.25,5813194.5,10647741.0
paragliders,time_averaged,453.0,7931242.851935828,172005,,3391558.5,7136936.5,13216477.0
paragliders,time_averaged,511.0,9748695.994219745,170740,,4053985.25,8742188.0,16402141.0
paragliders,time_averaged,576.0,11966999.050385615,169482,,4822331.5,10692527.0,20335052.0
paragliders,time_averaged,649.0,14657385.193927636,168121,,5715399.5,13032342.0,25180460.0
paragliders,time_averaged,732.0,17975332.392769232,166941,,6754876.0,15894826.0,31240492.0
paragliders,time_averaged,825.0,21999796.97129311,165729,,7926471.5,19324232.0,38711544.0
paragliders,time_averaged,931.0,26975220.069235943,164463,,9253348.0,23506702.0,48110836.0
paragliders,time_averaged,1049.0,32954079.158244632,163326,,10712683.0,28479502.0,59630440.0
paragliders,time_averaged,1183.0,40279490.09759246,162131,,12308058.0,34471836.0,74062168.0
paragliders,time_averaged,1334.0,49091143.05063009,160182,,13999977.0,41577904.0,91678000.0
paragliders,time_averaged,1504.0,59742826.80319804,157551,,15817133.0,49995312.0,113532224.0
paragliders,time_averaged,1695.0,72734792.24209143,154121,,17717850.0,59971000.0,140770416.0
paragliders,time_averaged,1911.0,88530981.95691478,149610,,19795836.0,71874456.0,174451520.0
paragliders,time_averaged,2155.0,108145152.93609418,143864,,22140744.0,86352352.0,216747744.0
paragliders,time_averaged,2429.0,132545916.41058215,136668,,25111784.0,104015344.0,269706720.0
paragliders,time_averaged,2739.0,163248869.8562524,128163,,28985800.0,125954584.0,336245184.0
paragliders,time_averaged,3088.0,202042641.18178415,118191,,34262948.0,153383792.0,420205056.0
paragliders,time_averaged,3481.0,251464482.8749912,107081,,41585456.0,188164320.0,527008096.0
paragliders,time_averaged,3925.0,315930322.12930745,94859,,52412168.0,233262160.0,663816768.0
paragliders,time_averaged,4425.0,398704262.5389197,82308,,67267264.0,291332928.0,836644288.0
paragliders,time_averaged,4989.0,506499280.96662337,69343,,91653808.0,368797504.0,1060499904.0
paragliders,time_averaged,5624.0,647297164.4719449,57061,,126232592.0,475672704.0,1341070976.0
paragliders,time_averaged,6341.0,829588037.6022086,45533,,178549200.0,617867136.0,1693258112.0
paragliders,time_averaged,7149.0,1056839403.1745082,35451,,251356896.0,787313792.0,2108736384.0
paragliders,time_averaged,8059.0,1352229658.9050536,26740,,342562784.0,994586880.0,2638732288.0
paragliders,time_averaged,9086.0,1729406838.3942425,19408,,488082912.0,1243966464.0,3279139584.0
paragliders,time_averaged,10000.0,2111980424.0239496,14480,,646747392.0,1535867648.0,3958606336.0
paragliders,time_averaged,10244.0,2223202008.0040975,13363,,684455360.0,1621515008.0,4154241024.0
paragliders,time_averaged,11549.0,2879974042.144926,8449,,874316480.0,2070019072.0,5219067904.0
paragliders,time_averaged,13021.0,3797589895.9544854,4870,,1215200896.0,2638935040.0,6634306560.0
paragliders,time_averaged,14680.0,5002798580.516285,2432,,1830944768.0,3235770368.0,8717758464.0
paragliders,time_averaged,16550.0,6794325211.578392,917,,2317732096.0,3989587456.0,12091074560.0
paragliders,time_averaged,18659.0,8585898410.304407,183,,3519425024.0,5507267072.0,10394062848.0
paragliders,time_averaged,21037.0,7991955648.027553,6,,5823979520.0,6681137152.0,11470750720.0
paragliders,time_averaged,23717.0,,0,,,,
paragliders,time_averaged,26739.0,,0,,,,
paragliders,time_averaged,30146.0,,0,,,,
paragliders,time_averaged,33987.0,,0,,,,
paragliders,time_averaged,38318.0,,0,,,,
paragliders,time_averaged,43200.0,,0,,,,
paragliders,ensemble_east,1.0,25.34075893589751,108294,0.21705740772078516,1.2282789945602417,16.85690689086914,46.2916259765625
paragliders,ensemble_east,2.0,106.14654197674761,121029,0.6740300678264847,3.487325668334961,83.73458862304688,209.40829467773438
paragliders,ensemble_east,3.0,234.7965586340624,129067,1.1720050109057039,7.699957847595215,178.93545532226562,484.530517578125
paragliders,ensemble_east,4.0,437.59512237858655,131614,1.9591658231525728,15.847736358642578,352.1561584472656,902.382568359375
paragliders,ensemble_east,5.0,726.0475441764316,147629,4.053152785901155,25.90850257873535,553.1056518554688,1467.214599609375
paragliders,ensemble_east,6.0,995.3654214982424,148231,4.6734805690122245,36.23076629638672,772.2132568359375,2053.5751953125
paragliders,ensemble_east,7.0,1271.6480860619322,148431,5.244000505033066,44.77384567260742,966.4716186523438,2704.031005859375
paragliders,ensemble_east,8.0,1929.885104983884,148733,10.098170126624511,65.86933135986328,1498.4791259765625,3959.64208984375
paragliders,ensemble_east,9.0,2260.4886800182626,148781,10.520414462781803,79.68730926513672,1762.23681640625,4708.056640625
paragliders,ensemble_east,10.0,2726.4675326929823,152775,11.67026887729094,93.52958679199219,2101.52587890625,5764.56640625
paragliders,ensemble_east,11.0,3224.644198519801,152900,12.592615216834751,109.7381362915039,2460.864501953125,6923.6083984375
paragliders,ensemble_east,12.0,3725.137993904165,152976,13.721246121190857,122.81222534179688,2783.154296875,8136.244140625
paragliders,ensemble_east,14.0,5131.754823693515,153031,18.88947644536797,152.47952270507812,3705.6806640625,11395.3935546875
paragliders,ensemble_east,16.0,6465.900109603416,153311,23.78428736911787,172.18922424316406,4488.01953125,14656.71484375
paragliders,ensemble_east,18.0,8163.834471288366,153342,28.872211255651525,192.4144287109375,5407.361328125,18963.80078125
paragliders,ensemble_east,20.0,9645.593664717699,153679,32.86154674953567,203.55746459960938,6107.19140625,23007.04296875
paragliders,ensemble_east,23.0,12444.876472655456,153762,44.71759116506871,232.11651611328125,7314.451171875,30457.64453125
paragliders,ensemble_east,25.0,14069.767210192937,153904,52.060960996499276,247.49131774902344,7932.7001953125,34980.99609375
paragliders,ensemble_east,29.0,18755.625234773972,154269,75.24701685360459,292.8538818359375,9770.181640625,47597.34375
paragliders,ensemble_east,32.0,21802.404347968746,154509,85.44373518589826,329.5138244628906,10882.0419921875,56601.6328125
paragliders,ensemble_east,37.0,27360.82333345668,154599,105.96988353763449,388.8573913574219,12884.439453125,73203.9453125
paragliders,ensemble_east,41.0,32038.8524549588,154646,124.62484166963554,444.61962890625,14394.056640625,88168.015625
paragliders,ensemble_east,46.0,37947.17615917663,154707,144.8815625120488,503.66278076171875,16168.1806640625,107843.1796875
paragliders,ensemble_east,52.0,44887.91224979602,154759,171.1384338510887,558.3773193359375,18277.71875,131361.796875
paragliders,ensemble_east,59.0,54081.97662230965,154847,206.07074451584032,623.1998291015625,20979.84375,162680.015625
paragliders,ensemble_east,67.0,63965.77006066313,154972,246.40165809208844,680.9354858398438,23762.13671875,195289.609375
paragliders,ensemble_east,75.0,74824.7172494292,155030,291.51203273186576,747.1458129882812,26708.26953125,230482.71875
paragliders,ensemble_east,85.0,88566.77399274895,155086,352.01954726991056,815.184326171875,30145.3203125,271769.0625
paragliders,ensemble_east,95.0,102899.32767478257,155119,418.49688452557274,895.033935546875,33866.484375,313320.40625
paragliders,ensemble_east,107.0,120116.17351638593,155135,502.1156712491297,985.5725708007812,38265.828125,361242.21875
paragliders,ensemble_east,121.0,140234.4490099117,155139,602.624737880452,1079.9029541015625,43290.53125,413738.625
paragliders,ensemble_east,137.0,164008.48132752324,155147,726.2401726113279,1209.4229736328125,48764.12890625,476241.4375
paragliders,ensemble_east,154.0,190384.28342147943,155156,868.9833976549381,1316.609619140625,54910.046875,544641.875
paragliders,ensemble_east,174.0,222348.70554001915,155169,1044.1203367777027,1456.6715087890625,62653.19921875,631872.875
paragliders,ensemble_east,196.0,259556.02895921236,155173,1254.9185677099015,1660.2916259765625,70718.7578125,735434.3125
paragliders,ensemble_east,221.0,305907.78382590663,155178,1519.659219547011,1825.721435546875,81176.9375,856806.0
paragliders,ensemble_east,249.0,363496.8425558524,155198,1859.1648836179186,2140.2568359375,93912.09375,1006475.0625
paragliders,ensemble_east,281.0,435954.6357950213,155211,2298.984102161412,2420.238037109375,109371.140625,1185833.25
paragliders,ensemble_east,316.0,526354.2885829612,155204,2828.2041471509165,2809.758544921875,128365.28125,1411757.125
paragliders,ensemble_east,357.0,643718.8911137077,155213,3491.466267590116,3230.14599609375,152402.890625,1744935.625
paragliders,ensemble_east,402.0,789515.4217318827,155195,4278.642803216041,3927.52294921875,183812.953125,2194255.25
paragliders,ensemble_east,453.0,979931.7222562083,155214,5258.40653965404,4661.5615234375,226504.59375,2805082.0
paragliders,ensemble_east,511.0,1228328.4414874287,155235,6484.980033703355,5745.2080078125,283168.0,3541954.0
paragliders,ensemble_east,576.0,1552359.9476544661,155241,8022.234907780098,7060.38916015625,354527.78125,4557713.0
paragliders,ensemble_east,649.0,1972093.6248881947,155230,9914.024983976948,8684.47265625,450317.71875,5898131.0
paragliders,ensemble_east,732.0,2519817.4932773155,155262,12302.887104949898,10917.1259765625,576341.625,7757276.0
paragliders,ensemble_east,825.0,3233303.4684988833,155250,15282.409694506474,13838.4365234375,752867.5,10465880.0
paragliders,ensemble_east,931.0,4167441.1897906964,155236,19153.67275537618,17696.822265625,1006989.5,13010200.0
paragliders,ensemble_east,1049.0,5376487.528034751,155246,24138.24334581694,23645.59375,1383682.25,16206070.0
paragliders,ensemble_east,1183.0,6981766.345497211,155258,30825.642767566478,31469.439453125,1968998.25,19217502.0
paragliders,ensemble_east,1334.0,9109335.2025697,155291,39703.710166515935,41895.75390625,2766624.75,25878066.0
paragliders,ensemble_east,1504.0,11900974.960820604,155300,51410.62782735111,56557.71875,3722681.5,33658696.0
paragliders,ensemble_east,1695.0,15517060.8453557,155331,66346.41626501312,76671.0546875,4796129.0,44005104.0
paragliders,ensemble_east,1911.0,20204698.19090356,155300,85448.5618618156,101852.859375,6220836.0,58126612.0
paragliders,ensemble_east,2155.0,26134711.42960604,155304,109696.69391998,138072.59375,8251919.5,76706504.0
paragliders,ensemble_east,2429.0,33418541.50435967,155293,139829.4805616091,170741.75,10844261.0,97290360.0
paragliders,ensemble_east,2739.0,41898672.319558546,154275,176939.8891685776,207063.421875,13946175.0,121564072.0
paragliders,ensemble_east,3088.0,51859177.32269678,152635,224219.2937983021,250497.3125,17387944.0,147862736.0
paragliders,ensemble_east,3481.0,63908762.311178714,150144,286509.5500802488,302496.75,20695336.0,178110336.0
paragliders,ensemble_east,3925.0,78652476.37359697,146539,368379.5749989051,347557.0,23339868.0,225135296.0
paragliders,ensemble_east,4425.0,97410740.54528567,141579,476633.32603979507,381188.4375,25440114.0,290871456.0
paragliders,ensemble_east,4989.0,121108072.05260125,135063,621998.4247707255,401692.6875,27428906.0,362041568.0
paragliders,ensemble_east,5624.0,151290121.46230483,127074,820032.3324009649,431902.09375,29910188.0,452729216.0
paragliders,ensemble_east,6341.0,189559724.1941302,117519,1093425.751158363,481219.90625,33908472.0,556661184.0
paragliders,ensemble_east,7149.0,238725227.2649359,106775,1479373.3454243138,553446.375,39905408.0,689336768.0
paragliders,ensemble_east,8059.0,301869765.51508456,94792,2020713.2702105888,719138.25,52253328.0,867844544.0
paragliders,ensemble_east,9086.0,381805610.212407,82497,2784178.412513272,952176.125,66979176.0,1108143744.0
paragliders,ensemble_east,10000.0,460705017.9187523,72165,3636154.2894108975,1169976.375,85339648.0,1346571136.0
paragliders,ensemble_east,10244.0,483272085.5601888,69746,3897264.569325682,1250406.5,89299184.0,1418188032.0
paragliders,ensemble_east,11549.0,608350187.0301021,57489,5508979.504114231,1639086.375,115935568.0,1791102848.0
paragliders,ensemble_east,13021.0,758485174.8617417,46027,7952939.696975111,1813966.25,143930448.0,2149416192.0
paragliders,ensemble_east,14680.0,931831204.9302889,35903,11729090.849151311,2115868.5,172943696.0,2480133632.0
paragliders,ensemble_east,16550.0,1138405001.373165,27327,17653817.013534382,2573888.5,202573344.0,2715145984.0
paragliders,ensemble_east,18659.0,1393095127.2455375,19934,27685362.435827177,3218677.5,228297200.0,2909888768.0
paragliders,ensemble_east,21037.0,1717938228.5626523,13685,45854582.71418151,3956472.75,261373472.0,3136991488.0
paragliders,ensemble_east,23717.0,2202028960.7687263,8611,82466304.25966258,4581955.5,267369280.0,3401579264.0
paragliders,ensemble_east,26739.0,3126390712.4985275,4884,166392822.54356435,4336696.0,249180576.0,3864032256.0
paragliders,ensemble_east,30146.0,4488474345.401484,2335,361687389.1515917,3787117.0,192976752.0,3513107968.0
paragliders,ensemble_east,33987.0,6579638850.882338,823,926595425.4653696,2619354.0,112481336.0,3219288832.0
paragliders,ensemble_east,38318.0,10678791012.86816,137,3728070924.202779,494898.375,32458334.0,718821056.0
paragliders,ensemble_east,43200.0,,0,,,,
paragliders,ensemble_north,1.0,28.777358221150628,108294,0.21563511713994604,2.0419068336486816,26.358089447021484,54.91257095336914
paragliders,ensemble_north,2.0,117.74150250535365,121029,0.6735346112403526,4.261235237121582,94.88968658447266,224.42799377441406
paragliders,ensemble_north,3.0,258.0922643202375,129067,1.265517085785213,11.47238826751709,213.402099609375,511.2617492675781
paragliders,ensemble_north,4.0,483.19270868314504,131614,2.2115551404017064,19.773395538330078,408.990966796875,972.4422607421875
paragliders,ensemble_north,5.0,805.3494617896434,147629,4.920779649807399,32.68098831176758,648.1891479492188,1554.9774169921875
paragliders,ensemble_north,6.0,1104.7421280601245,148231,5.361206186659286,50.02233123779297,897.8453369140625,2174.903076171875
paragliders,ensemble_north,7.0,1423.1101087576965,148431,6.410639527638672,59.69506072998047,1133.46435546875,2886.343994140625
paragliders,ensemble_north,8.0,2191.754210931358,148733,12.737466666392743,91.75511932373047,1828.98095703125,4226.69580078125
paragliders,ensemble_north,9.0,2575.604063410649,148781,13.046378494837946,113.23280334472656,2160.579345703125,5038.958984375
paragliders,ensemble_north,10.0,3134.702063166904,152775,14.17803218823947,134.426025390625,2650.172607421875,6198.8173828125
paragliders,ensemble_north,11.0,3737.0552587535467,152900,15.428236325592012,164.0193634033203,3122.923828125,7526.1494140625
paragliders,ensemble_north,12.0,4334.457890949654,152976,16.201779415794533,180.69268798828125,3568.402587890625,8868.84765625
paragliders,ensemble_north,14.0,6066.179148925851,153031,22.867544412427293,229.15206909179688,4999.4052734375,12425.2001953125
paragliders,ensemble_north,16.0,7712.621436211502,153311,27.189711053171493,262.4001159667969,6322.47509765625,16075.849609375
paragliders,ensemble_north,18.0,9844.154459424039,153342,32.768633383382294,281.75872802734375,7947.439453125,20882.263671875
paragliders,ensemble_north,20.0,11713.882019069451,153679,37.83767206699859,295.75299072265625,9253.40625,25335.7109375
paragliders,ensemble_north,23.0,15218.578484498124,153762,48.553421841431316,344.9963073730469,11510.873046875,33647.77734375
paragliders,ensemble_north,25.0,17234.77279914631,153904,57.7671207445151,365.2676696777344,12496.671875,38687.05859375
paragliders,ensemble_north,29.0,22981.662135612823,154269,77.15577309712455,434.5625305175781,15819.4873046875,52643.359375
paragliders,ensemble_north,32.0,26714.02454397052,154509,85.79889531468454,494.3177490234375,17470.404296875,62627.16015625
paragliders,ensemble_north,37.0,33541.72525652384,154599,107.37265648652946,580.137451171875,20348.24609375,81147.6484375
paragliders,ensemble_north,41.0,39253.67496556611,154646,124.27342053277638,640.0328369140625,22469.16796875,97915.71875
paragliders,ensemble_north,46.0,46568.14887318909,154707,149.8767727369548,703.4257202148438,24758.880859375,120199.8125
paragliders,ensemble_north,52.0,55164.56107293804,154759,181.9583848806831,789.933349609375,27211.45703125,148482.25
paragliders,ensemble_north,59.0,66594.94393803149,154847,222.2349945402162,860.7711181640625,30548.51171875,186549.671875
paragliders,ensemble_north,67.0,79007.10573568483,154972,270.23118712149375,935.7636108398438,33696.234375,230064.21875
paragliders,ensemble_north,75.0,92740.64731775744,155030,332.8986626315019,992.1921997070312,36999.91015625,278014.4375
paragliders,ensemble_north,85.0,110293.04630383248,155086,404.5226560721062,1100.4666748046875,40892.4765625,339672.875
paragliders,ensemble_north,95.0,128988.61823497694,155119,485.19173238443204,1138.5826416015625,44766.0859375,403758.09375
paragliders,ensemble_north,107.0,151662.8331727712,155135,589.2976034826909,1249.7451171875,49541.171875,479843.59375
paragliders,ensemble_north,121.0,178789.61310156173,155139,712.366657470285,1396.878662109375,54693.92578125,569173.25
paragliders,ensemble_north,137.0,211412.95279122613,155147,866.9610279314869,1504.54931640625,61227.2265625,674278.625
paragliders,ensemble_north,154.0,247428.81653808217,155156,1044.2173396978587,1673.638671875,67547.6953125,785850.625
paragliders,ensemble_north,174.0,291082.62892040686,155169,1263.2121544602746,1814.8453369140625,75547.6796875,917038.4375
paragliders,ensemble_north,196.0,341576.04344196495,155173,1523.2104155794036,1983.2816162109375,84633.15625,1080154.75
paragliders,ensemble_north,221.0,402413.33692897856,155178,1843.4406362600073,2189.24462890625,95730.65625,1268434.625
paragliders,ensemble_north,249.0,477747.032534229,155198,2239.0169691693854,2499.630615234375,108430.28125,1502642.75
paragliders,ensemble_north,281.0,571645.6326626913,155211,2741.26582428318,2921.191650390625,123454.03125,1794345.25
paragliders,ensemble_north,316.0,686897.4736316478,155204,3339.3263441602758,3336.5009765625,143012.859375,2163598.0
paragliders,ensemble_north,357.0,835498.9617430039,155213,4094.7847258100023,3926.814453125,167222.296875,2633517.75
paragliders,ensemble_north,402.0,1015466.3480201402,155195,4963.781872126587,4552.3330078125,199250.171875,3242632.25
paragliders,ensemble_north,453.0,1244942.437465632,155214,6019.965330882948,5393.88916015625,243384.625,4050984.0
paragliders,ensemble_north,511.0,1538335.546230551,155235,7328.21037909091,6595.22705078125,304005.03125,5174109.5
paragliders,ensemble_north,576.0,1914290.0647829922,155241,8944.098342592733,7609.3984375,390160.1875,6402390.0
paragliders,ensemble_north,649.0,2390811.8508125423,155230,10953.943767216499,9641.169921875,503168.46875,7770302.5
paragliders,ensemble_north,732.0,3009814.865854365,155262,13528.11542346393,11997.1015625,678826.5,9325456.0
paragliders,ensemble_north,825.0,3818493.385833542,155250,16854.08238972591,15157.1171875,936854.625,11114013.0
paragliders,ensemble_north,931.0,4897705.251893956,155236,22120.910929966758,20272.48828125,1297528.25,13234434.0
paragliders,ensemble_north,1049.0,6305411.9371305145,155246,27561.205732630824,26776.3671875,1845438.75,17061522.0
paragliders,ensemble_north,1183.0,8193653.029469601,155258,34920.59795334826,35369.76171875,2692112.5,22147340.0
paragliders,ensemble_north,1334.0,10697661.709633311,155291,44661.42724173437,46973.53125,3891447.75,28636174.0
paragliders,ensemble_north,1504.0,13968544.520596268,155300,57175.46088500881,62754.25,5564649.0,38172472.0
paragliders,ensemble_north,1695.0,18190378.228316694,155331,73261.86234230486,87551.8046875,7592980.5,50786904.0
paragliders,ensemble_north,1911.0,23626455.04725162,155300,93709.00352125306,120681.96875,9827449.0,64882788.0
paragliders,ensemble_north,2155.0,30477317.83553048,155304,119664.23085933324,158215.90625,12267487.0,82197888.0
paragliders,ensemble_north,2429.0,38959771.67682856,155293,152967.69517052628,209347.9375,15504846.0,104719304.0
paragliders,ensemble_north,2739.0,49054997.64254928,154275,194930.1063545569,264960.46875,19139274.0,132696584.0
paragliders,ensemble_north,3088.0,61157756.363861285,152635,248791.6122576075,341207.15625,22933108.0,165905184.0
paragliders,ensemble_north,3481.0,76053340.93238421,150144,319233.3519082088,409367.59375,26767440.0,210403424.0
paragliders,ensemble_north,3925.0,94870251.40731727,146539,413187.1216599635,492673.8125,30470794.0,268715968.0
paragliders,ensemble_north,4425.0,118541792.46756491,141579,535346.2964901079,531265.8125,34884856.0,342275328.0
paragliders,ensemble_north,4989.0,149413726.32203418,135063,700909.9004872896,560986.4375,40761864.0,438705152.0
paragliders,ensemble_north,5624.0,189803494.77599892,127074,925934.4305803042,606722.6875,49601036.0,561549312.0
paragliders,ensemble_north,6341.0,242653806.6130113,117519,1237139.9460382517,704469.8125,62096964.0,713012480.0
paragliders,ensemble_north,7149.0,313763735.9348248,106775,1686621.3267522166,854968.5,79836112.0,929612864.0
paragliders,ensemble_north,8059.0,408088887.3220488,94792,2331660.3347044378,1112400.875,105829856.0,1216184832.0
paragliders,ensemble_north,9086.0,527079301.34614575,82497,3239783.262718846,1294115.625,131003408.0,1611183488.0
paragliders,ensemble_north,10000.0,642996198.1010747,72165,4247557.450855141,1473789.875,154269328.0,1931001728.0
paragliders,ensemble_north,10244.0,676144925.7144336,69746,4557696.683445303,1493348.75,160797408.0,2016114304.0
paragliders,ensemble_north,11549.0,863645062.883293,57489,6518373.144983934,1990118.875,196295232.0,2517543936.0
paragliders,ensemble_north,13021.0,1089143913.8786762,46027,9419855.313868007,2471271.75,239300784.0,3220687104.0
paragliders,ensemble_north,14680.0,1343314505.6498344,35903,13732463.931031805,2989228.25,275441664.0,3950225408.0
paragliders,ensemble_north,16550.0,1645682780.121446,27327,20596466.28028284,3598583.5,280904352.0,4906144256.0
paragliders,ensemble_north,18659.0,1979950273.3234456,19934,31506077.940721802,3335793.75,276194240.0,5795519488.0
paragliders,ensemble_north,21037.0,2381346409.9722514,13685,50215722.88991897,3155701.25,281621152.0,6368680960.0
paragliders,ensemble_north,23717.0,2897171218.575605,8611,84107181.83490585,3240712.5,302382080.0,6861192192.0
paragliders,ensemble_north,26739.0,3476641577.919447,4884,149150086.11036098,2690134.0,254860096.0,7277046784.0
paragliders,ensemble_north,30146.0,4405506171.70848,2335,302865928.9030657,2799983.75,184014656.0,6871690240.0
paragliders,ensemble_north,33987.0,5864447315.669666,823,781053142.7451842,2140998.5,78877400.0,6240108544.0
paragliders,ensemble_north,38318.0,1841536412.4115744,137,806670099.9548638,522024.78125,25751338.0,501739168.0
paragliders,ensemble_north,43200.0,,0,,,,
paragliders,ta_east,1.0,48.220662232921065,134795,,29.7646541595459,44.96337890625,69.09495544433594
paragliders,ta_east,2.0,189.18207505325,149728,,116.39330291748047,176.41188049316406,271.33087158203125
paragliders,ta_east,3.0,443.7408971928316,158996,,260.35736083984375,401.86041259765625,672.342529296875
paragliders,ta_east,4.0,705.4285640194652,162217,,401.0255432128906,659.4201049804688,1033.2689208984375
paragliders,ta_east,5.0,1067.2570977234795,182087,,590.2577514648438,987.01318359375,1598.6304931640625
paragliders,ta_east,6.0,1493.1394682102182,183155,,811.8182373046875,1383.1875,2237.24462890625
paragliders,ta_east,7.0,1950.1214646567146,183617,,924.4765014648438,1816.554931640625,3004.737060546875
paragliders,ta_east,8.0,2708.913266501269,184743,,1526.6246337890625,2469.68310546875,4087.3203125
paragliders,ta_east,9.0,3171.2728460681396,184880,,1772.9921875,2897.76953125,4774.0966796875
paragliders,ta_east,10.0,3726.819262477962,190762,,2017.1412353515625,3402.21044921875,5650.9755859375
paragliders,ta_east,11.0,4471.539647416107,191427,,2342.562744140625,4070.474609375,6883.31787109375
paragliders,ta_east,12.0,5018.1671102390965,191964,,2525.863525390625,4550.537109375,7788.5166015625
paragliders,ta_east,14.0,6806.951479112305,192353,,3358.728271484375,6166.73486328125,10650.5849609375
paragliders,ta_east,16.0,8463.639654864195,192787,,4204.30712890625,7559.65234375,13341.0625
paragliders,ta_east,18.0,10667.321881644939,192807,,5194.7265625,9489.8388671875,16950.298828125
paragliders,ta_east,20.0,12558.558123192244,193254,,5985.119140625,11159.677734375,20092.45703125
paragliders,ta_east,23.0,16400.88222196714,193298,,7525.3779296875,14504.8681640625,26575.029296875
paragliders,ta_east,25.0,18269.530670808756,193369,,8210.1845703125,16110.6748046875,29784.36328125
paragliders,ta_east,29.0,24548.83967281248,193435,,10856.5458984375,21558.763671875,40291.8515625
paragliders,ta_east,32.0,28928.46496592851,193664,,12502.86328125,25271.140625,47871.70703125
paragliders,ta_east,37.0,37682.9802593121,193700,,15837.037109375,32779.7109375,62874.125
paragliders,ta_east,41.0,45728.597256274865,193727,,18876.390625,39702.72265625,76710.4921875
paragliders,ta_east,46.0,57053.95734185242,193753,,22989.55859375,49315.859375,96310.0078125
paragliders,ta_east,52.0,70680.63535938866,193186,,27938.287109375,60934.28515625,120192.921875
paragliders,ta_east,59.0,90890.37739122743,192248,,35399.70703125,78283.5546875,154915.53125
paragliders,ta_east,67.0,113716.59627960174,191365,,43471.45703125,97466.0703125,195006.25
paragliders,ta_east,75.0,141203.00430016228,190263,,53295.03515625,120776.90625,242982.40625
paragliders,ta_east,85.0,175793.71891716198,189150,,65351.41015625,149905.5,304638.03125
paragliders,ta_east,95.0,218126.32922192162,188190,,80011.2890625,185681.171875,379270.125
paragliders,ta_east,107.0,269550.33710693836,187312,,97290.234375,228706.0625,470944.625
paragliders,ta_east,121.0,335957.4446057611,186088,,119365.0390625,284108.75,590127.3125
paragliders,ta_east,137.0,422091.47341461683,184393,,148098.015625,356068.9375,744206.3125
paragliders,ta_east,154.0,522177.4912227958,183110,,180887.40625,439343.78125,924893.6875
paragliders,ta_east,174.0,651141.134892536,181975,,221350.375,546109.5,1159802.25
paragliders,ta_east,196.0,804986.3261662764,180867,,268406.71875,672518.625,1441396.0
paragliders,ta_east,221.0,995004.5300997517,179743,,324295.03125,828038.0,1792236.75
paragliders,ta_east,249.0,1229934.5741680327,178554,,391390.71875,1019093.625,2227743.5
paragliders,ta_east,281.0,1517809.1181339277,177356,,471485.34375,1252046.5,2768705.25
paragliders,ta_east,316.0,1863628.0590978381,176006,,565704.5,1530092.125,3422944.75
paragliders,ta_east,357.0,2298746.195452807,174747,,677291.0625,1876408.5,4253860.0
paragliders,ta_east,402.0,2816753.1912757047,173278,,806838.875,2286872.25,5248197.0
paragliders,ta_east,453.0,3458001.4422826995,172005,,956694.0625,2789906.0,6493112.5
paragliders,ta_east,511.0,4240558.392076498,170740,,1129302.375,3393368.5,8029331.5
paragliders,ta_east,576.0,5191398.592443029,169482,,1324363.375,4117632.0,9921682.0
paragliders,ta_east,649.0,6340081.613214772,168121,,1548682.625,4980648.0,12240612.0
paragliders,ta_east,732.0,7751649.715065626,166941,,1794577.125,6022458.0,15129103.0
paragliders,ta_east,825.0,9458818.436181042,165729,,2063766.875,7256027.0,18659898.0
paragliders,ta_east,931.0,11554704.571992017,164463,,2366843.25,8739741.0,23053414.0
paragliders,ta_east,1049.0,14073463.714023754,163326,,2674111.5,10474987.0,28446508.0
paragliders,ta_east,1183.0,17152862.746188384,162131,,3005437.0,12519757.0,35130060.0
paragliders,ta_east,1334.0,20824337.54788529,160182,,3356941.25,14921015.0,43123320.0
paragliders,ta_east,1504.0,25228166.711295582,157551,,3740880.75,17744686.0,52901552.0
paragliders,ta_east,1695.0,30586009.939628012,154121,,4151529.0,21024078.0,64966940.0
paragliders,ta_east,1911.0,37039431.477162905,149610,,4613257.0,24917154.0,79536480.0
paragliders,ta_east,2155.0,45009491.311307274,143864,,5150072.5,29513176.0,97595408.0
paragliders,ta_east,2429.0,54822084.24210858,136668,,5855862.0,35065888.0,119790392.0
paragliders,ta_east,2739.0,67078223.516790256,128163,,6718446.0,41846236.0,147546272.0
paragliders,ta_east,3088.0,82495909.94846848,118191,,7833485.0,50153948.0,182228576.0
paragliders,ta_east,3481.0,101948303.26935288,107081,,9228725.0,60582644.0,225219232.0
paragliders,ta_east,3925.0,127444363.52311434,94859,,11388248.0,74276896.0,281576384.0
paragliders,ta_east,4425.0,159470396.15999538,82308,,14194999.0,92120112.0,350263712.0
paragliders,ta_east,4989.0,200764597.277289,69343,,18014504.0,115952472.0,437056384.0
paragliders,ta_east,5624.0,253689846.9425292,57061,,23027420.0,147185968.0,546048000.0
paragliders,ta_east,6341.0,320713403.48638415,45533,,29329606.0,186287072.0,675028224.0
paragliders,ta_east,7149.0,402377720.95316875,35451,,38134700.0,233885536.0,820138432.0
paragliders,ta_east,8059.0,510389066.76959044,26740,,48630116.0,296302560.0,1007347968.0
paragliders,ta_east,9086.0,654046406.4930766,19408,,67171928.0,382669248.0,1227374464.0
paragliders,ta_east,10000.0,809809712.990892,14480,,101676272.0,476418784.0,1439558656.0
paragliders,ta_east,10244.0,854392713.642339,13363,,112916040.0,504504832.0,1504212224.0
paragliders,ta_east,11549.0,1146101738.9642131,8449,,210593568.0,686331712.0,1882366592.0
paragliders,ta_east,13021.0,1591298527.092699,4870,,316022304.0,925619840.0,2463875584.0
paragliders,ta_east,14680.0,2241815412.712564,2432,,457210048.0,1202793984.0,3170368000.0
paragliders,ta_east,16550.0,3254007256.9418225,917,,639059968.0,1563239552.0,4351667712.0
paragliders,ta_east,18659.0,4862866353.266935,183,,1094809984.0,2646172672.0,5242415616.0
paragliders,ta_east,21037.0,5082358464.582295,6,,2758770176.0,3900711936.0,8587593216.0
paragliders,ta_east,23717.0,,0,,,,
paragliders,ta_east,26739.0,,0,,,,
paragliders,ta_east,30146.0,,0,,,,
paragliders,ta_east,33987.0,,0,,,,
paragliders,ta_east,38318.0,,0,,,,
paragliders,ta_east,43200.0,,0,,,,
paragliders,ta_north,1.0,54.67782416431644,134795,,35.447505950927734,51.76631546020508,76.09964752197266
paragliders,ta_north,2.0,214.93834206896088,149728,,138.41928100585938,203.54693603515625,299.82464599609375
paragliders,ta_north,3.0,506.56268387511193,158996,,310.4765930175781,464.7720031738281,750.9854736328125
paragliders,ta_north,4.0,806.9846190830776,162217,,483.1298828125,766.8810424804688,1150.179931640625
paragliders,ta_north,5.0,1232.922478187302,182087,,714.3110961914062,1160.987060546875,1803.5518798828125
paragliders,ta_north,6.0,1729.5709316634016,183155,,999.3087158203125,1628.087646484375,2519.975341796875
paragliders,ta_north,7.0,2262.4727542217465,183617,,1145.885986328125,2143.80078125,3406.26904296875
paragliders,ta_north,8.0,3174.8455477345333,184743,,1831.316650390625,2946.580078125,4720.2412109375
paragliders,ta_north,9.0,3719.1149778864706,184880,,2133.1455078125,3480.921142578125,5462.1337890625
paragliders,ta_north,10.0,4386.200559961553,190762,,2462.41552734375,4117.90234375,6464.2890625
paragliders,ta_north,11.0,5289.011930975438,191427,,2877.5126953125,4937.3759765625,7931.4609375
paragliders,ta_north,12.0,5950.919550813158,191964,,3129.388916015625,5542.6689453125,8987.576171875
paragliders,ta_north,14.0,8137.808536658846,192353,,4108.02734375,7600.72900390625,12409.80078125
paragliders,ta_north,16.0,10162.177085588599,192787,,5116.97607421875,9389.939453125,15640.3330078125
paragliders,ta_north,18.0,12896.350419180233,192807,,6284.755859375,11881.7841796875,20024.064453125
paragliders,ta_north,20.0,15211.917409067684,193254,,7261.103515625,14048.8271484375,23740.103515625
paragliders,ta_north,23.0,19952.05138975021,193298,,9173.5849609375,18341.337890625,31593.93359375
paragliders,ta_north,25.0,22221.58322846843,193369,,10053.154296875,20405.533203125,35320.87890625
paragliders,ta_north,29.0,29993.92645758014,193435,,13208.779296875,27435.748046875,48108.3203125
paragliders,ta_north,32.0,35368.51793392702,193664,,15272.958984375,32228.259765625,57140.59765625
paragliders,ta_north,37.0,46167.756065428825,193700,,19371.982421875,41895.3125,75307.0546875
paragliders,ta_north,41.0,56111.73045753738,193727,,23071.857421875,50915.88671875,91902.8125
paragliders,ta_north,46.0,70179.3948388314,193753,,28175.201171875,63339.01171875,115971.71875
paragliders,ta_north,52.0,86994.14558519977,193186,,34282.4140625,78407.703125,144496.4375
paragliders,ta_north,59.0,111983.61248321847,192248,,43385.31640625,100842.765625,186965.65625
paragliders,ta_north,67.0,140376.4851627335,191365,,53408.140625,125824.234375,235889.71875
paragliders,ta_north,75.0,174688.49076205306,190263,,65520.18359375,156035.953125,294527.53125
paragliders,ta_north,85.0,217724.30346908869,189150,,80489.609375,194165.9375,368837.84375
paragliders,ta_north,95.0,270674.7521679544,188190,,98589.3125,240916.78125,461188.90625
paragliders,ta_north,107.0,334930.41920721746,187312,,120137.8203125,297625.4375,574238.625
paragliders,ta_north,121.0,418271.22328592767,186088,,147907.578125,370448.0,719910.875
paragliders,ta_north,137.0,526767.8519802556,184393,,184180.1875,465003.1875,911718.625
paragliders,ta_north,154.0,653253.0496431646,183110,,225083.5625,575230.25,1135782.375
paragliders,ta_north,174.0,817024.9009515297,181975,,276103.1875,716807.875,1429413.625
paragliders,ta_north,196.0,1013119.3778806159,180867,,335942.3125,885534.5,1784575.0
paragliders,ta_north,221.0,1256824.143715961,179743,,408924.5,1094610.75,2227112.25
paragliders,ta_north,249.0,1558872.7760957815,178554,,495774.8125,1352784.375,2780567.25
paragliders,ta_north,281.0,1930257.6170327684,177356,,597946.5625,1669483.75,3469480.5
paragliders,ta_north,316.0,2378347.9233482075,176006,,719696.0,2049643.75,4307120.0
paragliders,ta_north,357.0,2946050.5086077326,174747,,865781.4375,2527238.0,5376579.5
paragliders,ta_north,402.0,3625564.9711747738,173278,,1033749.5625,3095415.0,6670061.5
paragliders,ta_north,453.0,4473241.4096533125,172005,,1230179.125,3798206.5,8305720.5
paragliders,ta_north,511.0,5508137.602142988,170740,,1454532.0,4650186.5,10329369.0
paragliders,ta_north,576.0,6775600.45794234,169482,,1713456.375,5679157.0,12836977.0
paragliders,ta_north,649.0,8317303.580713199,168121,,2009769.0,6922882.5,15921033.0
paragliders,ta_north,732.0,10223682.67770427,166941,,2344765.25,8434763.0,19799060.0
paragliders,ta_north,825.0,12540978.535112163,165729,,2724885.25,10245146.0,24585268.0
paragliders,ta_north,931.0,15420515.497243345,164463,,3148126.0,12464708.0,30622804.0
paragliders,ta_north,1049.0,18880615.44422025,163326,,3596822.75,15063295.0,38014240.0
paragliders,ta_north,1183.0,23126627.35140427,162131,,4077872.5,18178774.0,47210084.0
paragliders,ta_north,1334.0,28266805.502745252,160182,,4596687.0,21867684.0,58616368.0
paragliders,ta_north,1504.0,34514660.09190291,157551,,5159599.0,26227342.0,72627912.0
paragliders,ta_north,1695.0,42148782.30246387,154121,,5753393.5,31457736.0,90029832.0
paragliders,ta_north,1911.0,51491550.47975085,149610,,6396367.0,37711264.0,111718648.0
paragliders,ta_north,2155.0,63135661.62478646,143864,,7126235.5,45375664.0,139149936.0
paragliders,ta_north,2429.0,77723832.1684722,136668,,8092585.0,54823780.0,173645840.0
paragliders,ta_north,2739.0,96170646.33946183,128163,,9254954.0,66629956.0,217230624.0
paragliders,ta_north,3088.0,119546731.2333185,118191,,10934699.0,81701536.0,271885600.0
paragliders,ta_north,3481.0,149516179.60564178,107081,,13271857.0,100688672.0,341720768.0
paragliders,ta_north,3925.0,188485958.60619277,94859,,16733203.0,125515592.0,430033920.0
paragliders,ta_north,4425.0,239233866.37891993,82308,,21752934.0,158029888.0,543129344.0
paragliders,ta_north,4989.0,305734683.68933356,69343,,29398074.0,200864576.0,685121088.0
paragliders,ta_north,5624.0,393607317.52942157,57061,,41025160.0,259861456.0,867730560.0
paragliders,ta_north,6341.0,508874634.1158174,45533,,60077744.0,349089056.0,1089627264.0
paragliders,ta_north,7149.0,654461682.2213397,35451,,86849480.0,468800832.0,1373483264.0
paragliders,ta_north,8059.0,841840592.1354644,26740,,127523952.0,620126976.0,1726123776.0
paragliders,ta_north,9086.0,1075360431.9011612,19408,,193488080.0,788142464.0,2131525504.0
paragliders,ta_north,10000.0,1302170711.0330486,14480,,262104336.0,941702208.0,2549068800.0
paragliders,ta_north,10244.0,1368809294.3617532,13363,,284390816.0,982175744.0,2680616704.0
paragliders,ta_north,11549.0,1733872303.1807153,8449,,400139200.0,1248536064.0,3310093824.0
paragliders,ta_north,13021.0,2206291368.8617883,4870,,541848640.0,1589790336.0,4027721472.0
paragliders,ta_north,14680.0,2760983167.8037105,2432,,754065920.0,1907421056.0,4686403584.0
paragliders,ta_north,16550.0,3540317954.636582,917,,998649408.0,2128684672.0,5495824384.0
paragliders,ta_north,18659.0,3723032057.0374804,183,,1234123008.0,2569794048.0,5892698624.0
paragliders,ta_north,21037.0,2909597183.445259,6,,2718992384.0,2932956416.0,3076842496.0
paragliders,ta_north,23717.0,,0,,,,
paragliders,ta_north,26739.0,,0,,,,
paragliders,ta_north,30146.0,,0,,,,
paragliders,ta_north,33987.0,,0,,,,
paragliders,ta_north,38318.0,,0,,,,
paragliders,ta_north,43200.0,,0,,,,
paragliders,cohort_3600s,1.0,54.28230482534556,103792,0.3466217677124301,,,
paragliders,cohort_3600s,2.0,224.36746495780918,115998,1.0517011766038311,,,
paragliders,cohort_3600s,3.0,493.8135070191101,123746,1.8167410092268301,,,
paragliders,cohort_3600s,4.0,921.8908658411744,126221,3.08932315933956,,,
paragliders,cohort_3600s,5.0,1535.015351815487,141670,7.103231831115188,,,
paragliders,cohort_3600s,6.0,2102.4916596532307,142249,7.696713019014182,,,
paragliders,cohort_3600s,7.0,2696.442032913884,142442,8.777011324010624,,,
paragliders,cohort_3600s,8.0,4127.015544281245,142735,18.055172296216085,,,
paragliders,cohort_3600s,9.0,4839.383016364817,142783,18.277522994180504,,,
paragliders,cohort_3600s,10.0,5861.865720234529,146693,19.59576109817346,,,
paragliders,cohort_3600s,11.0,6960.455505959895,146811,20.755430787960506,,,
paragliders,cohort_3600s,12.0,8054.076230197838,146883,21.64742537786461,,,
paragliders,cohort_3600s,14.0,11189.092416957315,146937,30.394508975620564,,,
paragliders,cohort_3600s,16.0,14168.701820277016,147213,36.506597369968475,,,
paragliders,cohort_3600s,18.0,17990.89023627923,147242,43.3383078913547,,,
paragliders,cohort_3600s,20.0,21334.114399886723,147574,48.942847008949144,,,
paragliders,cohort_3600s,23.0,27629.224932813155,147655,64.66216175897749,,,
paragliders,cohort_3600s,25.0,31263.685859537312,147795,77.74025513331145,,,
paragliders,cohort_3600s,29.0,41706.68900321192,148150,109.54559412620644,,,
paragliders,cohort_3600s,32.0,48477.73901027006,148387,120.96764669482027,,,
paragliders,cohort_3600s,37.0,60884.44667137667,148476,151.04657935415145,,,
paragliders,cohort_3600s,41.0,71284.93794316218,148523,176.32259642142208,,,
paragliders,cohort_3600s,46.0,84526.54770594939,148582,208.7696497692129,,,
paragliders,cohort_3600s,52.0,100081.25297059887,148634,250.89174131232977,,,
paragliders,cohort_3600s,59.0,120733.52315268865,148720,306.0568143236643,,,
paragliders,cohort_3600s,67.0,143040.82448936588,148842,372.41776044719575,,,
paragliders,cohort_3600s,75.0,167665.89897497607,148897,455.19988170994606,,,
paragliders,cohort_3600s,85.0,198971.66040015186,148949,558.9375237895503,,,
paragliders,cohort_3600s,95.0,231997.65967832107,148978,674.7693637825479,,,
paragliders,cohort_3600s,107.0,271849.08957723656,148992,824.9840287202045,,,
paragliders,cohort_3600s,121.0,319114.4164271282,148999,1003.0903140444128,,,
paragliders,cohort_3600s,137.0,375465.34064946667,149009,1226.9967642235877,,,
paragliders,cohort_3600s,154.0,437757.09884716937,149017,1488.6224599068016,,,
paragliders,cohort_3600s,174.0,513187.93927978905,149034,1817.8741749773592,,,
paragliders,cohort_3600s,196.0,600641.7320665526,149038,2217.1900955636083,,,
paragliders,cohort_3600s,221.0,707518.053972104,149048,2718.574924872672,,,
paragliders,cohort_3600s,249.0,840181.7139976239,149064,3353.5949439054975,,,
paragliders,cohort_3600s,281.0,1006043.7603417701,149078,4171.437985429732,,,
paragliders,cohort_3600s,316.0,1211008.2512996674,149073,5159.5002791366605,,,
paragliders,cohort_3600s,357.0,1475704.2287752135,149084,6400.09832497287,,,
paragliders,cohort_3600s,402.0,1799110.614546915,149071,7828.431200134464,,,
paragliders,cohort_3600s,453.0,2214619.5268640225,149093,9546.912569402833,,,
paragliders,cohort_3600s,511.0,2750309.548149118,149112,11651.131493172334,,,
paragliders,cohort_3600s,576.0,3441856.148657099,149120,14206.127155092701,,,
paragliders,cohort_3600s,649.0,4326113.952173897,149112,17266.84871237262,,,
paragliders,cohort_3600s,732.0,5475349.441466895,149139,21052.839463697,,,
paragliders,cohort_3600s,825.0,6970523.915058955,149133,25814.03712623502,,,
paragliders,cohort_3600s,931.0,8945248.45454063,149126,32804.41555173489,,,
paragliders,cohort_3600s,1049.0,11509169.38129128,149142,40714.035451204654,,,
paragliders,cohort_3600s,1183.0,14931904.998651912,149152,51493.970190172025,,,
paragliders,cohort_3600s,1334.0,19472909.53044179,149190,65817.10809982367,,,
paragliders,cohort_3600s,1504.0,25430311.864586756,149203,84518.5604645032,,,
paragliders,cohort_3600s,1695.0,33139162.170400605,149244,108367.20637897555,,,
paragliders,cohort_3600s,1911.0,43089365.54623712,149214,138381.41697945644,,,
paragliders,cohort_3600s,2155.0,55606207.32242342,149217,175613.71012511602,,,
paragliders,cohort_3600s,2429.0,71033905.87981941,149276,221768.63328990623,,,
paragliders,cohort_3600s,2739.0,89704939.5823057,149251,280716.7952770595,,,
paragliders,cohort_3600s,3088.0,112119316.03201383,149263,356969.2723116353,,,
paragliders,cohort_3600s,3481.0,139729627.30492857,149253,459147.24671223614,,,
paragliders,cohort_3600s,3925.0,173522727.7809044,146539,595794.5770574303,,,
paragliders,cohort_3600s,4425.0,215952533.01283717,141579,776760.2080654502,,,
paragliders,cohort_3600s,4989.0,270521798.3746178,135063,1021720.2377466526,,,
paragliders,cohort_3600s,5624.0,341093616.2382845,127074,1354141.312169407,,,
paragliders,cohort_3600s,6341.0,432213530.80711126,117519,1813089.366731173,,,
paragliders,cohort_3600s,7149.0,552488963.1997379,106775,2468739.385452267,,,
paragliders,cohort_3600s,8059.0,709958652.8370887,94792,3402965.0088622035,,,
paragliders,cohort_3600s,9086.0,908884911.5585071,82497,4731773.720512015,,,
paragliders,cohort_3600s,10000.0,1103701216.019782,72165,6217469.070888158,,,
paragliders,cohort_3600s,10244.0,1159417011.274573,69746,6671571.567268149,,,
paragliders,cohort_3600s,11549.0,1471995249.9133232,57489,9532721.094450794,,,
paragliders,cohort_3600s,13021.0,1847629088.7403564,46027,13802903.154025752,,,
paragliders,cohort_3600s,14680.0,2275145710.5800533,35903,20278523.489200737,,,
paragliders,cohort_3600s,16550.0,2784087781.494529,27327,30483208.793053754,,,
paragliders,cohort_3600s,18659.0,3373045400.56894,19934,47015032.29354986,,,
paragliders,cohort_3600s,21037.0,4099284638.5348706,13685,76058504.51233327,,,
paragliders,cohort_3600s,23717.0,5099200179.344336,8611,132125977.3393974,,,
paragliders,cohort_3600s,26739.0,6603032290.417961,4884,251106332.040335,,,
paragliders,cohort_3600s,30146.0,8893980517.109945,2335,528769684.873541,,,
paragliders,cohort_3600s,33987.0,12444086166.552006,823,1305693834.1078985,,,
paragliders,cohort_3600s,38318.0,12520327425.279734,137,4191875560.8117027,,,
paragliders,cohort_3600s,43200.0,,0,,,,
paragliders,cohort_7200s,1.0,55.28761903299525,73825,0.43320868814923524,,,
paragliders,cohort_7200s,2.0,227.3666166706918,82182,1.2699941413660403,,,
paragliders,cohort_7200s,3.0,501.36637998140526,87546,2.2287242096074595,,,
paragliders,cohort_7200s,4.0,933.9921058988983,89384,3.7938371231071333,,,
paragliders,cohort_7200s,5.0,1556.49951097917,100241,8.747844085238864,,,
paragliders,cohort_7200s,6.0,2125.784096461738,100643,9.415595284390639,,,
paragliders,cohort_7200s,7.0,2728.5648943370647,100771,10.901302743803159,,,
paragliders,cohort_7200s,8.0,4163.29018953835,101010,22.34545697257748,,,
paragliders,cohort_7200s,9.0,4880.487914986617,101049,22.603110349666338,,,
paragliders,cohort_7200s,10.0,5901.209841310935,104129,23.860008603178017,,,
paragliders,cohort_7200s,11.0,7001.564343708405,104229,25.38724958784723,,,
paragliders,cohort_7200s,12.0,8083.881645214429,104280,26.21532872948938,,,
paragliders,cohort_7200s,14.0,11210.418361174266,104317,37.20892820726202,,,
paragliders,cohort_7200s,16.0,14217.53018773716,104537,43.46135982253144,,,
paragliders,cohort_7200s,18.0,18027.51973663279,104556,51.7626172910008,,,
paragliders,cohort_7200s,20.0,21384.30401118262,104828,58.88376747620113,,,
paragliders,cohort_7200s,23.0,27680.86986811118,104882,75.91153977577004,,,
paragliders,cohort_7200s,25.0,31325.07094490809,104987,91.85861771616922,,,
paragliders,cohort_7200s,29.0,41915.37758374959,105259,131.96728742358957,,,
paragliders,cohort_7200s,32.0,48777.22040795155,105438,146.57862126407034,,,
paragliders,cohort_7200s,37.0,61446.81996462463,105497,180.8036086414498,,,
paragliders,cohort_7200s,41.0,72159.4915894345,105533,212.82251043127098,,,
paragliders,cohort_7200s,46.0,85909.57726995354,105577,252.2244310973752,,,
paragliders,cohort_7200s,52.0,102077.77154654799,105611,302.0406611460262,,,
paragliders,cohort_7200s,59.0,123796.30538145435,105683,369.18414893526904,,,
paragliders,cohort_7200s,67.0,147299.03092016195,105777,446.6721723376768,,,
paragliders,cohort_7200s,75.0,173298.32917990632,105814,544.229194769261,,,
paragliders,cohort_7200s,85.0,206567.00841859326,105850,672.6798010779457,,,
paragliders,cohort_7200s,95.0,241715.84109462096,105866,814.2929131610395,,,
paragliders,cohort_7200s,107.0,284163.93481905543,105874,991.6400468597934,,,
paragliders,cohort_7200s,121.0,334528.5922803436,105873,1212.2188270905726,,,
paragliders,cohort_7200s,137.0,394530.53951298597,105883,1489.487915326913,,,
paragliders,cohort_7200s,154.0,460908.8510212426,105894,1811.6249351143545,,,
paragliders,cohort_7200s,174.0,541590.2640330907,105903,2220.665594628703,,,
paragliders,cohort_7200s,196.0,636012.4590058635,105909,2719.224959218675,,,
paragliders,cohort_7200s,221.0,750941.606501864,105921,3344.7372608452524,,,
paragliders,cohort_7200s,249.0,893713.921930173,105928,4134.789137814379,,,
paragliders,cohort_7200s,281.0,1072692.7404630096,105945,5156.602317090826,,,
paragliders,cohort_7200s,316.0,1294109.7203918463,105936,6398.993343385916,,,
paragliders,cohort_7200s,357.0,1578060.1183161666,105945,7945.939807202731,,,
paragliders,cohort_7200s,402.0,1923084.458469067,105937,9711.258812495887,,,
paragliders,cohort_7200s,453.0,2363722.549800832,105952,11819.774245467415,,,
paragliders,cohort_7200s,511.0,2928459.504996905,105955,14399.147857165117,,,
paragliders,cohort_7200s,576.0,3654547.833341046,105961,17510.793805811874,,,
paragliders,cohort_7200s,649.0,4577474.049781918,105944,21190.970824797398,,,
paragliders,cohort_7200s,732.0,5768593.628358504,105973,25703.411610513114,,,
paragliders,cohort_7200s,825.0,7311396.025713138,105967,31392.89204451573,,,
paragliders,cohort_7200s,931.0,9352520.772564566,105951,40134.92294045345,,,
paragliders,cohort_7200s,1049.0,12000701.780519325,105969,49544.35983842286,,,
paragliders,cohort_7200s,1183.0,15546485.151045863,105975,62410.80785439279,,,
paragliders,cohort_7200s,1334.0,20311476.469580054,105999,79755.35420190587,,,
paragliders,cohort_7200s,1504.0,26635545.185447436,106006,102584.13023377188,,,
paragliders,cohort_7200s,1695.0,34866020.09709771,106043,131612.6249936748,,,
paragliders,cohort_7200s,1911.0,45535915.134586625,106020,167771.2283453631,,,
paragliders,cohort_7200s,2155.0,58992180.76405347,106026,212074.60768389152,,,
paragliders,cohort_7200s,2429.0,75619573.81986213,106060,266068.8439878304,,,
paragliders,cohort_7200s,2739.0,95715480.11947419,106044,334404.2836749722,,,
paragliders,cohort_7200s,3088.0,119754607.57232787,106058,421852.51557671407,,,
paragliders,cohort_7200s,3481.0,149338625.95039654,106052,539011.4606453589,,,
paragliders,cohort_7200s,3925.0,186239666.00676394,106048,694123.3219404436,,,
paragliders,cohort_7200s,4425.0,232222641.33149529,106059,892436.6958714013,,,
paragliders,cohort_7200s,4989.0,289629815.9047675,106055,1149000.73747613,,,
paragliders,cohort_7200s,5624.0,360520232.9514001,106028,1480247.0512156074,,,
paragliders,cohort_7200s,6341.0,447469057.1332053,106096,1910554.8049023307,,,
paragliders,cohort_7200s,7149.0,553985591.0600855,106104,2477706.002479619,,,
paragliders,cohort_7200s,8059.0,709958652.8370887,94792,3402965.0088622035,,,
paragliders,cohort_7200s,9086.0,908884911.5585071,82497,4731773.720512015,,,
paragliders,cohort_7200s,10000.0,1103701216.019782,72165,6217469.070888158,,,
paragliders,cohort_7200s,10244.0,1159417011.274573,69746,6671571.567268149,,,
paragliders,cohort_7200s,11549.0,1471995249.9133232,57489,9532721.094450794,,,
paragliders,cohort_7200s,13021.0,1847629088.7403564,46027,13802903.154025752,,,
paragliders,cohort_7200s,14680.0,2275145710.5800533,35903,20278523.489200737,,,
paragliders,cohort_7200s,16550.0,2784087781.494529,27327,30483208.793053754,,,
paragliders,cohort_7200s,18659.0,3373045400.56894,19934,47015032.29354986,,,
paragliders,cohort_7200s,21037.0,4099284638.5348706,13685,76058504.51233327,,,
paragliders,cohort_7200s,23717.0,5099200179.344336,8611,132125977.3393974,,,
paragliders,cohort_7200s,26739.0,6603032290.417961,4884,251106332.040335,,,
paragliders,cohort_7200s,30146.0,8893980517.109945,2335,528769684.873541,,,
paragliders,cohort_7200s,33987.0,12444086166.552006,823,1305693834.1078985,,,
paragliders,cohort_7200s,38318.0,12520327425.279734,137,4191875560.8117027,,,
paragliders,cohort_7200s,43200.0,,0,,,,
paragliders,cohort_14400s,1.0,57.885152433943816,26870,0.8077849395909261,,,
paragliders,cohort_14400s,2.0,235.86941765598314,29456,2.2421770526328673,,,
paragliders,cohort_14400s,3.0,524.9566101980561,31132,3.9815665639716356,,,
paragliders,cohort_14400s,4.0,978.6688728791063,31855,7.278968664211915,,,
paragliders,cohort_14400s,5.0,1598.7841290265087,35351,13.263892331254347,,,
paragliders,cohort_14400s,6.0,2190.7005971920025,35486,14.636719226172415,,,
paragliders,cohort_14400s,7.0,2843.4303281170123,35515,19.392763445678206,,,
paragliders,cohort_14400s,8.0,4241.849017514649,35630,32.39786067892967,,,
paragliders,cohort_14400s,9.0,5000.946792609678,35644,32.814828315290946,,,
paragliders,cohort_14400s,10.0,6074.874666629652,36904,36.6490750166367,,,
paragliders,cohort_14400s,11.0,7222.4119782518665,36929,40.7464085033183,,,
paragliders,cohort_14400s,12.0,8337.85313734246,36946,41.90450425761666,,,
paragliders,cohort_14400s,14.0,11491.06572689001,36957,55.58233894481389,,,
paragliders,cohort_14400s,16.0,14722.902913817541,37025,67.84512367099418,,,
paragliders,cohort_14400s,18.0,18607.160591145406,37029,80.1385601735156,,,
paragliders,cohort_14400s,20.0,22115.020323274795,37151,90.6723645519368,,,
paragliders,cohort_14400s,23.0,28701.205007280223,37163,118.08005929368692,,,
paragliders,cohort_14400s,25.0,32629.082926231684,37210,150.43394587593139,,,
paragliders,cohort_14400s,29.0,43742.41268296332,37298,203.87220166722665,,,
paragliders,cohort_14400s,32.0,51198.924904680214,37368,227.31101430115865,,,
paragliders,cohort_14400s,37.0,65358.913581570254,37390,299.8530369444621,,,
paragliders,cohort_14400s,41.0,77467.89834467524,37407,372.14370824043635,,,
paragliders,cohort_14400s,46.0,93514.82638783987,37428,445.6612756459639,,,
paragliders,cohort_14400s,52.0,112399.34522372975,37444,525.7051577262407,,,
paragliders,cohort_14400s,59.0,138266.20159371817,37466,648.5216630812266,,,
paragliders,cohort_14400s,67.0,166863.2941146533,37498,794.0408089040247,,,
paragliders,cohort_14400s,75.0,198246.45761952177,37517,960.9085657514768,,,
paragliders,cohort_14400s,85.0,238929.73264896183,37526,1199.0845567572949,,,
paragliders,cohort_14400s,95.0,282446.5675642802,37530,1466.5607046012512,,,
paragliders,cohort_14400s,107.0,335883.6615113938,37536,1808.719056824287,,,
paragliders,cohort_14400s,121.0,398660.47841611685,37536,2236.6641048349416,,,
paragliders,cohort_14400s,137.0,473738.7283935657,37545,2774.0169714328213,,,
paragliders,cohort_14400s,154.0,557948.2900773742,37546,3407.0256016218295,,,
paragliders,cohort_14400s,174.0,660149.8382066189,37550,4221.085936413309,,,
paragliders,cohort_14400s,196.0,781869.0468630493,37550,5222.954059380041,,,
paragliders,cohort_14400s,221.0,930469.2366867114,37561,6489.9714513695135,,,
paragliders,cohort_14400s,249.0,1114032.747170114,37559,8081.359532568604,,,
paragliders,cohort_14400s,281.0,1344938.8752919703,37563,10142.348428427573,,,
paragliders,cohort_14400s,316.0,1629308.139468788,37556,12664.037905886378,,,
paragliders,cohort_14400s,357.0,1990329.5493234813,37557,15734.15084441209,,,
paragliders,cohort_14400s,402.0,2419077.972645679,37556,19104.47881426648,,,
paragliders,cohort_14400s,453.0,2953815.527333892,37567,23069.743527344053,,,
paragliders,cohort_14400s,511.0,3627236.2268613186,37563,27856.980219655652,,,
paragliders,cohort_14400s,576.0,4483123.789565128,37561,33550.457482793834,,,
paragliders,cohort_14400s,649.0,5548329.135488296,37556,40044.41421322695,,,
paragliders,cohort_14400s,732.0,6929651.337256374,37570,48202.922298117206,,,
paragliders,cohort_14400s,825.0,8723471.275744699,37569,58660.59799566012,,,
paragliders,cohort_14400s,931.0,11135960.686193997,37561,78019.50511131942,,,
paragliders,cohort_14400s,1049.0,14275750.881435698,37568,95396.81879597355,,,
paragliders,cohort_14400s,1183.0,18547272.173634235,37567,119800.91907583868,,,
paragliders,cohort_14400s,1334.0,24343141.986069202,37572,152605.62538495893,,,
paragliders,cohort_14400s,1504.0,32178183.148119867,37571,196198.1473714966,,,
paragliders,cohort_14400s,1695.0,42502274.24313332,37584,251177.68228551012,,,
paragliders,cohort_14400s,1911.0,56076132.77055334,37581,318567.31280713197,,,
paragliders,cohort_14400s,2155.0,73346761.12034988,37588,400267.51957990736,,,
paragliders,cohort_14400s,2429.0,94897214.03714262,37582,498052.07086233847,,,
paragliders,cohort_14400s,2739.0,121394012.7199171,37582,622393.3463970168,,,
paragliders,cohort_14400s,3088.0,153874044.33576274,37582,783177.2534035669,,,
paragliders,cohort_14400s,3481.0,194569009.07743618,37588,996960.5845688501,,,
paragliders,cohort_14400s,3925.0,246617265.6829622,37588,1280448.268377072,,,
paragliders,cohort_14400s,4425.0,312392473.16310924,37587,1639192.155239031,,,
paragliders,cohort_14400s,4989.0,396977912.78808427,37582,2098457.844108636,,,
paragliders,cohort_14400s,5624.0,504361047.5916968,37579,2683308.3092541066,,,
paragliders,cohort_14400s,6341.0,638578441.4001379,37587,3429879.679090454,,,
paragliders,cohort_14400s,7149.0,805711119.6633161,37601,4405452.322211402,,,
paragliders,cohort_14400s,8059.0,1003888778.6137038,37580,5667482.594650746,,,
paragliders,cohort_14400s,9086.0,1228270896.7957242,37576,7273270.289067636,,,
paragliders,cohort_14400s,10000.0,1418851515.6700563,37568,8888467.90583184,,,
paragliders,cohort_14400s,10244.0,1467923607.7617333,37573,9339591.200141694,,,
paragliders,cohort_14400s,11549.0,1717435934.9590752,37590,11975012.295526033,,,
paragliders,cohort_14400s,13021.0,1978157887.137247,37570,15389104.106250584,,,
paragliders,cohort_14400s,14680.0,2275145710.5800533,35903,20278523.489200737,,,
paragliders,cohort_14400s,16550.0,2784087781.494529,27327,30483208.793053754,,,
paragliders,cohort_14400s,18659.0,3373045400.56894,19934,47015032.29354986,,,
paragliders,cohort_14400s,21037.0,4099284638.5348706,13685,76058504.51233327,,,
paragliders,cohort_14400s,23717.0,5099200179.344336,8611,132125977.3393974,,,
paragliders,cohort_14400s,26739.0,6603032290.417961,4884,251106332.040335,,,
paragliders,cohort_14400s,30146.0,8893980517.109945,2335,528769684.873541,,,
paragliders,cohort_14400s,33987.0,12444086166.552006,823,1305693834.1078985,,,
paragliders,cohort_14400s,38318.0,12520327425.279734,137,4191875560.8117027,,,
paragliders,cohort_14400s,43200.0,,0,,,,
paragliders,ta_cohort_3600s,1.0,101.66823067321378,106369,,77.57402801513672,97.7381820678711,130.54412841796875
paragliders,ta_cohort_3600s,2.0,399.9140759364042,118801,,304.53717041015625,384.33721923828125,514.3148193359375
paragliders,ta_cohort_3600s,3.0,944.5214783471788,126833,,681.962646484375,873.0596313476562,1312.0703125
paragliders,ta_cohort_3600s,4.0,1496.3812534890621,129413,,1083.897216796875,1454.759765625,1963.5850830078125
paragliders,ta_cohort_3600s,5.0,2285.3295152496603,145511,,1566.079833984375,2202.570556640625,3080.803955078125
paragliders,ta_cohort_3600s,6.0,3200.0643961798996,146084,,2200.244873046875,3093.51953125,4272.7099609375
paragliders,ta_cohort_3600s,7.0,4183.713582203999,146271,,2416.540283203125,4116.3330078125,5770.60302734375
paragliders,ta_cohort_3600s,8.0,5873.758397847425,146542,,4277.5576171875,5547.21142578125,7883.71630859375
paragliders,ta_cohort_3600s,9.0,6855.698804663885,146587,,4990.568359375,6567.42236328125,9028.38671875
paragliders,ta_cohort_3600s,10.0,8069.224641049231,150946,,5869.5517578125,7739.27734375,10653.3447265625
paragliders,ta_cohort_3600s,11.0,9723.344414508327,151017,,6880.61962890625,9322.794921875,13000.40234375
paragliders,ta_cohort_3600s,12.0,10871.85130688551,151064,,7400.31640625,10489.501953125,14655.02734375
paragliders,ta_cohort_3600s,14.0,14890.601466989636,151076,,10541.4453125,14303.1220703125,20024.953125
paragliders,ta_cohort_3600s,16.0,18503.627843032686,151329,,13036.71875,17527.16015625,25066.515625
paragliders,ta_cohort_3600s,18.0,23339.281852704302,151334,,16303.3896484375,22167.04296875,31617.556640625
paragliders,ta_cohort_3600s,20.0,27529.47177830649,151646,,19227.5703125,26158.296875,37339.6640625
paragliders,ta_cohort_3600s,23.0,36051.17263822156,151675,,24520.060546875,34188.640625,49552.57421875
paragliders,ta_cohort_3600s,25.0,40140.262939317276,151708,,27042.939453125,38095.1640625,55463.6171875
paragliders,ta_cohort_3600s,29.0,54018.254273367194,151711,,36261.390625,51082.55078125,74872.671875
paragliders,ta_cohort_3600s,32.0,63666.47446388962,151887,,42254.38671875,60097.7734375,89037.09375
paragliders,ta_cohort_3600s,37.0,82954.80535172085,151894,,54223.765625,78164.8203125,116923.6328125
paragliders,ta_cohort_3600s,41.0,100837.2510896573,151900,,65587.6953125,95045.296875,142424.8125
paragliders,ta_cohort_3600s,46.0,125783.74828814538,151918,,80725.0078125,118324.9609375,178941.609375
paragliders,ta_cohort_3600s,52.0,156007.4552676203,151925,,98869.28125,146615.453125,223250.34375
paragliders,ta_cohort_3600s,59.0,200896.6855785145,151927,,125924.6328125,188847.765625,288619.34375
paragliders,ta_cohort_3600s,67.0,251108.64247205798,152005,,154899.421875,235557.34375,363861.9375
paragliders,ta_cohort_3600s,75.0,311975.62188131973,152009,,190049.140625,292437.65625,454679.5
paragliders,ta_cohort_3600s,85.0,388367.65279879817,152009,,233633.984375,363786.625,569229.125
paragliders,ta_cohort_3600s,95.0,482645.96710872324,152010,,286502.375,451605.3125,711729.4375
paragliders,ta_cohort_3600s,107.0,597168.1948690374,152011,,349478.71875,558019.125,886494.375
paragliders,ta_cohort_3600s,121.0,744332.8297288601,152013,,429211.78125,694635.6875,1111494.0
paragliders,ta_cohort_3600s,137.0,935915.2683412186,152013,,530528.0,872402.5,1408919.375
paragliders,ta_cohort_3600s,154.0,1158845.6689952016,152013,,646715.5625,1078650.125,1753412.875
paragliders,ta_cohort_3600s,174.0,1447624.3566051447,152013,,793300.5,1345308.125,2205930.5
paragliders,ta_cohort_3600s,196.0,1792434.688222903,152014,,964198.6875,1662980.75,2752949.0
paragliders,ta_cohort_3600s,221.0,2219974.666649094,152014,,1171151.0,2056072.875,3436168.0
paragliders,ta_cohort_3600s,249.0,2750076.5418953304,152014,,1421352.375,2540714.5,4286975.5
paragliders,ta_cohort_3600s,281.0,3402441.50704081,152014,,1719950.5,3135075.5,5351205.5
paragliders,ta_cohort_3600s,316.0,4188840.2822975484,152016,,2067208.0,3848471.75,6648178.5
paragliders,ta_cohort_3600s,357.0,5182234.7944741715,152016,,2490716.0,4746742.0,8305815.0
paragliders,ta_cohort_3600s,402.0,6370129.763866878,152016,,2978804.0,5814513.0,10304301.0
paragliders,ta_cohort_3600s,453.0,7847715.8142483,152016,,3561949.25,7137314.0,12832164.0
paragliders,ta_cohort_3600s,511.0,9655439.024086824,152016,,4242386.5,8743930.0,15955516.0
paragliders,ta_cohort_3600s,576.0,11862047.073921002,152016,,5030785.0,10693528.0,19834482.0
paragliders,ta_cohort_3600s,649.0,14544293.678441228,152016,,5939852.5,13039990.0,24618518.0
paragliders,ta_cohort_3600s,732.0,17842115.053712554,152016,,6981570.0,15907803.0,30588996.0
paragliders,ta_cohort_3600s,825.0,21857804.028620847,152016,,8162683.0,19350200.0,37977480.0
paragliders,ta_cohort_3600s,931.0,26818440.97415746,152016,,9513622.0,23540514.0,47256120.0
paragliders,ta_cohort_3600s,1049.0,32789357.52127856,152016,,10999714.0,28530152.0,58669680.0
paragliders,ta_cohort_3600s,1183.0,40108714.760851204,152016,,12625879.0,34548848.0,72976128.0
paragliders,ta_cohort_3600s,1334.0,48992990.51383724,152016,,14326600.0,41716080.0,90794784.0
paragliders,ta_cohort_3600s,1504.0,59755240.73629969,152016,,16099321.0,50182404.0,112915864.0
paragliders,ta_cohort_3600s,1695.0,72771166.13345163,152016,,17879612.0,60110676.0,140516768.0
paragliders,ta_cohort_3600s,1911.0,88530981.95691478,149610,,19795836.0,71874456.0,174451520.0
paragliders,ta_cohort_3600s,2155.0,108145152.93609418,143864,,22140744.0,86352352.0,216747744.0
paragliders,ta_cohort_3600s,2429.0,132545916.41058215,136668,,25111784.0,104015344.0,269706720.0
paragliders,ta_cohort_3600s,2739.0,163248869.8562524,128163,,28985800.0,125954584.0,336245184.0
paragliders,ta_cohort_3600s,3088.0,202042641.18178415,118191,,34262948.0,153383792.0,420205056.0
paragliders,ta_cohort_3600s,3481.0,251464482.8749912,107081,,41585456.0,188164320.0,527008096.0
paragliders,ta_cohort_3600s,3925.0,315930322.12930745,94859,,52412168.0,233262160.0,663816768.0
paragliders,ta_cohort_3600s,4425.0,398704262.5389197,82308,,67267264.0,291332928.0,836644288.0
paragliders,ta_cohort_3600s,4989.0,506499280.96662337,69343,,91653808.0,368797504.0,1060499904.0
paragliders,ta_cohort_3600s,5624.0,647297164.4719449,57061,,126232592.0,475672704.0,1341070976.0
paragliders,ta_cohort_3600s,6341.0,829588037.6022086,45533,,178549200.0,617867136.0,1693258112.0
paragliders,ta_cohort_3600s,7149.0,1056839403.1745082,35451,,251356896.0,787313792.0,2108736384.0
paragliders,ta_cohort_3600s,8059.0,1352229658.9050536,26740,,342562784.0,994586880.0,2638732288.0
paragliders,ta_cohort_3600s,9086.0,1729406838.3942425,19408,,488082912.0,1243966464.0,3279139584.0
paragliders,ta_cohort_3600s,10000.0,2111980424.0239496,14480,,646747392.0,1535867648.0,3958606336.0
paragliders,ta_cohort_3600s,10244.0,2223202008.0040975,13363,,684455360.0,1621515008.0,4154241024.0
paragliders,ta_cohort_3600s,11549.0,2879974042.144926,8449,,874316480.0,2070019072.0,5219067904.0
paragliders,ta_cohort_3600s,13021.0,3797589895.9544854,4870,,1215200896.0,2638935040.0,6634306560.0
paragliders,ta_cohort_3600s,14680.0,5002798580.516285,2432,,1830944768.0,3235770368.0,8717758464.0
paragliders,ta_cohort_3600s,16550.0,6794325211.578392,917,,2317732096.0,3989587456.0,12091074560.0
paragliders,ta_cohort_3600s,18659.0,8585898410.304407,183,,3519425024.0,5507267072.0,10394062848.0
paragliders,ta_cohort_3600s,21037.0,7991955648.027553,6,,5823979520.0,6681137152.0,11470750720.0
paragliders,ta_cohort_3600s,23717.0,,0,,,,
paragliders,ta_cohort_3600s,26739.0,,0,,,,
paragliders,ta_cohort_3600s,30146.0,,0,,,,
paragliders,ta_cohort_3600s,33987.0,,0,,,,
paragliders,ta_cohort_3600s,38318.0,,0,,,,
paragliders,ta_cohort_3600s,43200.0,,0,,,,
paragliders,ta_cohort_7200s,1.0,103.99442435060008,72694,,79.92657470703125,100.14938354492188,132.6978302001953
paragliders,ta_cohort_7200s,2.0,409.102072880307,80955,,313.6879577636719,393.9454040527344,522.7146606445312
paragliders,ta_cohort_7200s,3.0,964.2070930849804,86391,,701.7950439453125,893.0773315429688,1330.0640869140625
paragliders,ta_cohort_7200s,4.0,1530.0438923678641,88223,,1119.6732177734375,1490.9312744140625,1996.357666015625
paragliders,ta_cohort_7200s,5.0,2334.782244982046,98999,,1614.233154296875,2254.561767578125,3130.6220703125
paragliders,ta_cohort_7200s,6.0,3271.7845397096667,99392,,2261.172119140625,3169.2900390625,4348.794921875
paragliders,ta_cohort_7200s,7.0,4276.1274753620855,99511,,2480.94677734375,4217.71533203125,5875.5498046875
paragliders,ta_cohort_7200s,8.0,5990.226786348403,99721,,4392.00537109375,5676.34716796875,7978.39990234375
paragliders,ta_cohort_7200s,9.0,6997.984941498887,99757,,5133.67578125,6716.9248046875,9153.818359375
paragliders,ta_cohort_7200s,10.0,8234.01416428224,102935,,6025.63916015625,7916.791015625,10807.2099609375
paragliders,ta_cohort_7200s,11.0,9922.065401115524,102983,,7045.4599609375,9535.42578125,13208.9482421875
paragliders,ta_cohort_7200s,12.0,11104.70983009831,103002,,7571.82421875,10758.13671875,14893.765625
paragliders,ta_cohort_7200s,14.0,15204.443317196567,103007,,10834.3818359375,14640.044921875,20336.8046875
paragliders,ta_cohort_7200s,16.0,18950.87123414031,103204,,13444.1826171875,17993.69921875,25539.3203125
paragliders,ta_cohort_7200s,18.0,23893.897059646722,103208,,16837.330078125,22747.279296875,32129.16015625
paragliders,ta_cohort_7200s,20.0,28220.501502027175,103449,,19879.97265625,26887.923828125,38009.3671875
paragliders,ta_cohort_7200s,23.0,37004.41345972924,103468,,25415.12890625,35208.375,50458.640625
paragliders,ta_cohort_7200s,25.0,41253.67619272289,103493,,27978.173828125,39273.21484375,56565.33984375
paragliders,ta_cohort_7200s,29.0,55642.89326362642,103495,,37829.49609375,52812.203125,76445.171875
paragliders,ta_cohort_7200s,32.0,65664.60755553561,103628,,44029.12109375,62195.80078125,91022.765625
paragliders,ta_cohort_7200s,37.0,85727.22342751015,103633,,56686.62890625,81147.1171875,119578.515625
paragliders,ta_cohort_7200s,41.0,104270.40959598165,103637,,68703.2265625,98703.6484375,145663.953125
paragliders,ta_cohort_7200s,46.0,130270.28743304231,103653,,84830.234375,123132.859375,183131.40625
paragliders,ta_cohort_7200s,52.0,161710.27088099968,103656,,104047.5078125,152789.25,228674.9375
paragliders,ta_cohort_7200s,59.0,208451.86401852014,103658,,132989.1875,197087.203125,295759.71875
paragliders,ta_cohort_7200s,67.0,260904.07328625722,103718,,163930.1875,246383.828125,372855.90625
paragliders,ta_cohort_7200s,75.0,324501.0573374906,103722,,201663.96875,306302.25,466151.875
paragliders,ta_cohort_7200s,85.0,404279.80431966035,103722,,248427.15625,381477.5625,583656.0
paragliders,ta_cohort_7200s,95.0,503051.82383955613,103723,,305425.28125,474322.5,729785.0625
paragliders,ta_cohort_7200s,107.0,623040.4453432367,103723,,373541.5625,586717.125,909531.6875
paragliders,ta_cohort_7200s,121.0,777321.266555751,103725,,459952.53125,731683.1875,1140395.125
paragliders,ta_cohort_7200s,137.0,978504.2414125821,103725,,570076.25,919978.1875,1445771.5
paragliders,ta_cohort_7200s,154.0,1212465.86543841,103725,,697798.625,1139730.0,1798707.375
paragliders,ta_cohort_7200s,174.0,1516289.808139861,103725,,859428.875,1423723.25,2262442.0
paragliders,ta_cohort_7200s,196.0,1879623.2680043832,103726,,1047626.625,1762051.125,2824115.75
paragliders,ta_cohort_7200s,221.0,2330309.8286951864,103726,,1276764.5,2181772.5,3522979.5
paragliders,ta_cohort_7200s,249.0,2889793.3679742604,103726,,1555283.75,2701416.0,4397402.0
paragliders,ta_cohort_7200s,281.0,3579486.3958584904,103726,,1889300.75,3340518.5,5487022.0
paragliders,ta_cohort_7200s,316.0,4412220.72410857,103727,,2283915.25,4111539.5,6818167.0
paragliders,ta_cohort_7200s,357.0,5465428.086751861,103727,,2768649.75,5082316.5,8511540.0
paragliders,ta_cohort_7200s,402.0,6726609.736499659,103727,,3332510.5,6237006.0,10559287.0
paragliders,ta_cohort_7200s,453.0,8298134.916371666,103727,,4008930.25,7671106.0,13142451.0
paragliders,ta_cohort_7200s,511.0,10225450.326629391,103727,,4816669.5,9425089.0,16340267.0
paragliders,ta_cohort_7200s,576.0,12582869.947749088,103727,,5769479.5,11559909.0,20305548.0
paragliders,ta_cohort_7200s,649.0,15454566.692943525,103727,,6872377.0,14138357.0,25195252.0
paragliders,ta_cohort_7200s,732.0,18995370.650256526,103727,,8188796.5,17291828.0,31298252.0
paragliders,ta_cohort_7200s,825.0,23318787.3369997,103727,,9723868.0,21114344.0,38843688.0
paragliders,ta_cohort_7200s,931.0,28677765.733936273,103727,,11508842.0,25821350.0,48345140.0
paragliders,ta_cohort_7200s,1049.0,35150571.515444405,103727,,13558313.0,31436960.0,60037568.0
paragliders,ta_cohort_7200s,1183.0,43118318.13832219,103727,,15900271.0,38252972.0,74604304.0
paragliders,ta_cohort_7200s,1334.0,52834774.94956994,103727,,18561594.0,46458228.0,92799304.0
paragliders,ta_cohort_7200s,1504.0,64664673.14936997,103727,,21531264.0,56273604.0,115258752.0
paragliders,ta_cohort_7200s,1695.0,79055107.16964015,103727,,24719118.0,68005544.0,143300560.0
paragliders,ta_cohort_7200s,1911.0,96536096.27347238,103727,,28168272.0,81985264.0,178267248.0
paragliders,ta_cohort_7200s,2155.0,117794798.02156267,103727,,31817984.0,98457896.0,222067088.0
paragliders,ta_cohort_7200s,2429.0,143295319.43885535,103727,,35369892.0,117497664.0,275903872.0
paragliders,ta_cohort_7200s,2739.0,174062299.9871152,103727,,38744860.0,139346992.0,342764960.0
paragliders,ta_cohort_7200s,3088.0,210764732.76878002,103727,,41544056.0,164266608.0,425916864.0
paragliders,ta_cohort_7200s,3481.0,254258453.1938129,103727,,43723576.0,191542048.0,528855328.0
paragliders,ta_cohort_7200s,3925.0,315930322.12930745,94859,,52412168.0,233262160.0,663816768.0
paragliders,ta_cohort_7200s,4425.0,398704262.5389197,82308,,67267264.0,291332928.0,836644288.0
paragliders,ta_cohort_7200s,4989.0,506499280.96662337,69343,,91653808.0,368797504.0,1060499904.0
paragliders,ta_cohort_7200s,5624.0,647297164.4719449,57061,,126232592.0,475672704.0,1341070976.0
paragliders,ta_cohort_7200s,6341.0,829588037.6022086,45533,,178549200.0,617867136.0,1693258112.0
paragliders,ta_cohort_7200s,7149.0,1056839403.1745082,35451,,251356896.0,787313792.0,2108736384.0
paragliders,ta_cohort_7200s,8059.0,1352229658.9050536,26740,,342562784.0,994586880.0,2638732288.0
paragliders,ta_cohort_7200s,9086.0,1729406838.3942425,19408,,488082912.0,1243966464.0,3279139584.0
paragliders,ta_cohort_7200s,10000.0,2111980424.0239496,14480,,646747392.0,1535867648.0,3958606336.0
paragliders,ta_cohort_7200s,10244.0,2223202008.0040975,13363,,684455360.0,1621515008.0,4154241024.0
paragliders,ta_cohort_7200s,11549.0,2879974042.144926,8449,,874316480.0,2070019072.0,5219067904.0
paragliders,ta_cohort_7200s,13021.0,3797589895.9544854,4870,,1215200896.0,2638935040.0,6634306560.0
paragliders,ta_cohort_7200s,14680.0,5002798580.516285,2432,,1830944768.0,3235770368.0,8717758464.0
paragliders,ta_cohort_7200s,16550.0,6794325211.578392,917,,2317732096.0,3989587456.0,12091074560.0
paragliders,ta_cohort_7200s,18659.0,8585898410.304407,183,,3519425024.0,5507267072.0,10394062848.0
paragliders,ta_cohort_7200s,21037.0,7991955648.027553,6,,5823979520.0,6681137152.0,11470750720.0
paragliders,ta_cohort_7200s,23717.0,,0,,,,
paragliders,ta_cohort_7200s,26739.0,,0,,,,
paragliders,ta_cohort_7200s,30146.0,,0,,,,
paragliders,ta_cohort_7200s,33987.0,,0,,,,
paragliders,ta_cohort_7200s,38318.0,,0,,,,
paragliders,ta_cohort_7200s,43200.0,,0,,,,
paragliders,ta_cohort_14400s,1.0,111.75981433073812,25203,,87.18114471435547,107.60691833496094,141.2878875732422
paragliders,ta_cohort_14400s,2.0,440.0627866561048,27667,,343.1609802246094,423.8241271972656,557.0107421875
paragliders,ta_cohort_14400s,3.0,1030.383630739234,29307,,765.9923706054688,957.2329711914062,1397.6793212890625
paragliders,ta_cohort_14400s,4.0,1652.420010431871,29983,,1240.1727294921875,1610.41064453125,2132.6845703125
paragliders,ta_cohort_14400s,5.0,2521.376062061423,33232,,1785.9615478515625,2438.72314453125,3349.408935546875
paragliders,ta_cohort_14400s,6.0,3548.1083506432474,33354,,2532.3408203125,3442.86572265625,4664.64013671875
paragliders,ta_cohort_14400s,7.0,4642.196398923149,33376,,2896.2734375,4582.84765625,6286.7197265625
paragliders,ta_cohort_14400s,8.0,6447.1190312619865,33471,,4800.72119140625,6122.25341796875,8441.962890625
paragliders,ta_cohort_14400s,9.0,7576.852567742686,33481,,5648.78466796875,7279.00146484375,9816.1103515625
paragliders,ta_cohort_14400s,10.0,8932.893620268802,34630,,6655.1015625,8598.6650390625,11614.7099609375
paragliders,ta_cohort_14400s,11.0,10771.947854849048,34639,,7766.02197265625,10378.169921875,14220.8251953125
paragliders,ta_cohort_14400s,12.0,12124.577526369123,34644,,8394.892578125,11767.4423828125,16090.90234375
paragliders,ta_cohort_14400s,14.0,16601.806773775297,34645,,12130.0390625,16033.96484375,21947.927734375
paragliders,ta_cohort_14400s,16.0,20879.297680881453,34704,,15204.642578125,19852.796875,27748.275390625
paragliders,ta_cohort_14400s,18.0,26328.83881877621,34704,,19111.8359375,25122.08984375,34798.1484375
paragliders,ta_cohort_14400s,20.0,31274.611835745603,34807,,22745.982421875,29825.5390625,41389.609375
paragliders,ta_cohort_14400s,23.0,41153.025269506106,34810,,29238.2109375,39257.6953125,55069.9453125
paragliders,ta_cohort_14400s,25.0,46134.38858512607,34818,,32371.306640625,44014.359375,62098.3046875
paragliders,ta_cohort_14400s,29.0,62514.86915771532,34818,,44315.359375,59528.6796875,83762.953125
paragliders,ta_cohort_14400s,32.0,74095.14112462882,34869,,51778.671875,70385.625,100262.4453125
paragliders,ta_cohort_14400s,37.0,97250.74638404332,34871,,67550.453125,92446.1953125,131789.453125
paragliders,ta_cohort_14400s,41.0,118425.01021481885,34873,,82242.0,112490.265625,160666.375
paragliders,ta_cohort_14400s,46.0,148503.9103806503,34882,,102595.65625,141005.578125,202186.578125
paragliders,ta_cohort_14400s,52.0,184961.06056955445,34882,,126624.3203125,175406.359375,253135.15625
paragliders,ta_cohort_14400s,59.0,238849.59869179473,34882,,163252.3125,226847.1875,326365.8125
paragliders,ta_cohort_14400s,67.0,300226.5735669977,34902,,202974.609375,284933.5,412626.5625
paragliders,ta_cohort_14400s,75.0,374351.47446869186,34905,,251887.640625,355173.1875,516379.6875
paragliders,ta_cohort_14400s,85.0,467871.4444436244,34905,,312424.3125,443705.5625,647671.5
paragliders,ta_cohort_14400s,95.0,583679.0159981156,34905,,388355.90625,553927.875,808470.25
paragliders,ta_cohort_14400s,107.0,725271.0297494942,34905,,478123.3125,687103.9375,1009058.125
paragliders,ta_cohort_14400s,121.0,907793.9729652065,34906,,594295.875,859688.625,1267953.0
paragliders,ta_cohort_14400s,137.0,1146335.8477220424,34906,,744916.75,1085855.75,1606007.125
paragliders,ta_cohort_14400s,154.0,1423955.7820153425,34906,,918818.6875,1347906.25,2001423.25
paragliders,ta_cohort_14400s,174.0,1786607.773580917,34906,,1143861.0,1690839.75,2521106.5
paragliders,ta_cohort_14400s,196.0,2222456.708316127,34907,,1409576.75,2102610.0,3149480.5
paragliders,ta_cohort_14400s,221.0,2764154.968553718,34907,,1738912.625,2613488.5,3928318.0
paragliders,ta_cohort_14400s,249.0,3439091.7690920345,34907,,2143538.75,3249627.75,4904190.5
paragliders,ta_cohort_14400s,281.0,4275454.488984249,34907,,2639267.25,4035259.0,6124924.5
paragliders,ta_cohort_14400s,316.0,5289663.061808148,34907,,3232881.25,4990352.0,7604183.5
paragliders,ta_cohort_14400s,357.0,6577562.142744295,34907,,3975344.25,6198853.0,9492447.0
paragliders,ta_cohort_14400s,402.0,8126335.659124965,34907,,4850951.5,7644371.5,11789664.0
paragliders,ta_cohort_14400s,453.0,10064526.39456775,34907,,5941027.0,9456760.0,14663435.0
paragliders,ta_cohort_14400s,511.0,12456535.529106941,34907,,7253876.5,11679518.0,18276622.0
paragliders,ta_cohort_14400s,576.0,15397012.7387637,34907,,8837523.0,14402591.0,22721904.0
paragliders,ta_cohort_14400s,649.0,18997849.89917953,34907,,10732034.0,17713154.0,28225322.0
paragliders,ta_cohort_14400s,732.0,23466478.223501276,34907,,13034185.0,21830792.0,35099036.0
paragliders,ta_cohort_14400s,825.0,28954748.73801924,34907,,15805431.0,26858676.0,43581036.0
paragliders,ta_cohort_14400s,931.0,35805095.97988631,34907,,19177622.0,33103766.0,54334244.0
paragliders,ta_cohort_14400s,1049.0,44139114.3519981,34907,,23157234.0,40662428.0,67513432.0
paragliders,ta_cohort_14400s,1183.0,54479518.43914035,34907,,27993214.0,50004672.0,83993984.0
paragliders,ta_cohort_14400s,1334.0,67202473.8582638,34907,,33793296.0,61410740.0,104457464.0
paragliders,ta_cohort_14400s,1504.0,82838682.42390338,34907,,40652900.0,75441760.0,130093104.0
paragliders,ta_cohort_14400s,1695.0,102062381.38855377,34907,,48806488.0,92454688.0,161985184.0
paragliders,ta_cohort_14400s,1911.0,125691927.64117454,34907,,58498108.0,113277536.0,201518896.0
paragliders,ta_cohort_14400s,2155.0,154808520.43763477,34907,,69942512.0,138676496.0,250894864.0
paragliders,ta_cohort_14400s,2429.0,190250336.4476633,34907,,83019600.0,169292176.0,311991328.0
paragliders,ta_cohort_14400s,2739.0,233706434.75731727,34907,,98309904.0,206407264.0,388489152.0
paragliders,ta_cohort_14400s,3088.0,286448727.4471908,34907,,115674632.0,250970992.0,483111008.0
paragliders,ta_cohort_14400s,3481.0,350137324.07185966,34907,,134991072.0,303571456.0,598626368.0
paragliders,ta_cohort_14400s,3925.0,426989651.3416555,34907,,155925584.0,365700384.0,742261632.0
paragliders,ta_cohort_14400s,4425.0,518639616.6158438,34907,,178580016.0,437874304.0,919842752.0
paragliders,ta_cohort_14400s,4989.0,627039793.857367,34907,,201895600.0,518504320.0,1135721344.0
paragliders,ta_cohort_14400s,5624.0,753353650.6196032,34907,,223803456.0,608709440.0,1400201856.0
paragliders,ta_cohort_14400s,6341.0,898801068.0064324,34907,,243517808.0,702108096.0,1727695872.0
paragliders,ta_cohort_14400s,7149.0,1062646274.4649714,34907,,255322464.0,793225216.0,2112260224.0
paragliders,ta_cohort_14400s,8059.0,1352229658.9050536,26740,,342562784.0,994586880.0,2638732288.0
paragliders,ta_cohort_14400s,9086.0,1729406838.3942425,19408,,488082912.0,1243966464.0,3279139584.0
paragliders,ta_cohort_14400s,10000.0,2111980424.0239496,14480,,646747392.0,1535867648.0,3958606336.0
paragliders,ta_cohort_14400s,10244.0,2223202008.0040975,13363,,684455360.0,1621515008.0,4154241024.0
paragliders,ta_cohort_14400s,11549.0,2879974042.144926,8449,,874316480.0,2070019072.0,5219067904.0
paragliders,ta_cohort_14400s,13021.0,3797589895.9544854,4870,,1215200896.0,2638935040.0,6634306560.0
paragliders,ta_cohort_14400s,14680.0,5002798580.516285,2432,,1830944768.0,3235770368.0,8717758464.0
paragliders,ta_cohort_14400s,16550.0,6794325211.578392,917,,2317732096.0,3989587456.0,12091074560.0
paragliders,ta_cohort_14400s,18659.0,8585898410.304407,183,,3519425024.0,5507267072.0,10394062848.0
paragliders,ta_cohort_14400s,21037.0,7991955648.027553,6,,5823979520.0,6681137152.0,11470750720.0
paragliders,ta_cohort_14400s,23717.0,,0,,,,
paragliders,ta_cohort_14400s,26739.0,,0,,,,
paragliders,ta_cohort_14400s,30146.0,,0,,,,
paragliders,ta_cohort_14400s,33987.0,,0,,,,
paragliders,ta_cohort_14400s,38318.0,,0,,,,
paragliders,ta_cohort_14400s,43200.0,,0,,,,
hang gliders,ensemble,1.0,107.39785702367548,1673,4.782254782304478,29.99079704284668,59.36158752441406,196.5003204345703
hang gliders,ensemble,2.0,431.10387326736753,2444,11.140217975547406,149.23062133789062,294.670166015625,770.0584106445312
hang gliders,ensemble,3.0,887.1276464802417,2944,16.5217948367439,232.43017578125,707.6275024414062,1604.8819580078125
hang gliders,ensemble,4.0,1776.4490304738824,3094,30.880662415715225,771.7440795898438,1469.427734375,2933.94580078125
hang gliders,ensemble,5.0,3303.507974197352,4513,67.40608747892234,1168.9990234375,2652.924560546875,5317.87060546875
hang gliders,ensemble,6.0,4249.380500199299,4539,78.96656863642342,1798.5521240234375,3536.361572265625,6592.279296875
hang gliders,ensemble,7.0,5053.881453588124,4559,89.32772146982322,2004.6612548828125,4114.69775390625,8024.47119140625
hang gliders,ensemble,8.0,9896.499020546575,4577,179.95375896905813,4200.6884765625,7800.52783203125,15847.2314453125
hang gliders,ensemble,9.0,10610.112062708335,4583,179.82654787169926,4565.68798828125,8678.341796875,16472.984375
hang gliders,ensemble,10.0,12409.287437581397,5331,184.46884173375003,5157.31591796875,10310.7158203125,20237.412109375
hang gliders,ensemble,11.0,14218.82425348283,5352,196.7576997774439,5781.47216796875,11817.140625,23414.396484375
hang gliders,ensemble,12.0,15943.711697790466,5354,224.95262972570103,6137.29736328125,13317.33203125,27073.46484375
hang gliders,ensemble,14.0,23580.942294187043,5358,333.1644800706106,7721.82763671875,19600.890625,41050.2890625
hang gliders,ensemble,16.0,30948.67880054517,5371,413.07215421436956,10030.9619140625,24817.189453125,58956.6484375
hang gliders,ensemble,18.0,40380.67376217497,5373,541.8352284346772,10384.181640625,32799.78515625,75036.6796875
hang gliders,ensemble,20.0,45766.17189923612,5381,597.8954494057145,9909.3505859375,37793.97265625,89109.3359375
hang gliders,ensemble,23.0,59007.56793208039,5382,843.3601634000873,8924.48046875,47964.3671875,115156.921875
hang gliders,ensemble,25.0,64821.44149796684,5549,970.7127545512575,9079.0341796875,52325.453125,131734.375
hang gliders,ensemble,29.0,90402.78470802901,5985,1202.427856611839,10521.2509765625,72187.484375,190182.984375
hang gliders,ensemble,32.0,101210.16800203611,6022,1390.2000092245178,10838.5791015625,78327.296875,221967.40625
hang gliders,ensemble,37.0,130905.2453160676,6025,1948.896741751654,11778.583984375,97011.53125,302177.15625
hang gliders,ensemble,41.0,153713.8449298403,6027,2295.884015756721,11623.7470703125,107863.4453125,364255.84375
hang gliders,ensemble,46.0,187772.71971817475,6029,2848.8171364510536,11691.7890625,119815.28125,463909.84375
hang gliders,ensemble,52.0,220484.91952314627,6030,3440.888700930717,12078.27734375,126421.328125,550477.25
hang gliders,ensemble,59.0,274749.184206528,6051,4475.06301929583,12700.2373046875,141618.0625,702895.8125
hang gliders,ensemble,67.0,325302.9163712924,6055,5477.94289594649,13108.822265625,153601.90625,868001.0
hang gliders,ensemble,75.0,375014.01118406554,6056,6517.518219896524,13699.865234375,166511.359375,1003089.5
hang gliders,ensemble,85.0,436801.0181004215,6057,7928.753730696002,14162.896484375,176453.03125,1197836.375
hang gliders,ensemble,95.0,501427.3040963392,6059,9511.561452140726,15640.734375,195443.59375,1416211.5
hang gliders,ensemble,107.0,577066.0738693071,6059,11493.495654702827,16755.279296875,210787.546875,1599942.0
hang gliders,ensemble,121.0,656733.0632546089,6059,13911.896304831987,17245.037109375,227453.546875,1835227.375
hang gliders,ensemble,137.0,761626.601241575,6057,17205.504766294613,19054.388671875,246256.78125,2106049.75
hang gliders,ensemble,154.0,871767.871561062,6059,20999.3507182031,20412.666015625,269081.25,2330795.0
hang gliders,ensemble,174.0,1011699.6417111139,6060,25945.49233258618,23711.650390625,300660.96875,2571912.5
hang gliders,ensemble,196.0,1172509.3480416387,6056,32007.684898131294,26176.26953125,336089.3125,2831079.5
hang gliders,ensemble,221.0,1351527.5789858606,6058,39383.17106514377,29369.92578125,368643.96875,3041073.25
hang gliders,ensemble,249.0,1562157.4462203041,6062,48313.63588918196,34277.90234375,420263.0625,3375456.75
hang gliders,ensemble,281.0,1787986.038806642,6064,56992.365278609315,36705.5546875,475896.3125,3717661.25
hang gliders,ensemble,316.0,2037383.9112444213,6061,64986.39894355262,44254.63671875,554949.125,4215963.5
hang gliders,ensemble,357.0,2326619.1479861266,6059,73853.74765896921,49550.71875,634574.75,4956122.5
hang gliders,ensemble,402.0,2639408.5141775403,6063,82663.89486066838,57683.13671875,725006.6875,5714348.0
hang gliders,ensemble,453.0,3048847.6420843373,6064,90675.96098526378,71432.5546875,871802.9375,6932384.5
hang gliders,ensemble,511.0,3556839.4245077497,6067,98706.79615097324,89774.78125,1092861.75,8165304.0
hang gliders,ensemble,576.0,4297987.070510513,6067,110503.83402851352,104559.8046875,1398627.875,10746902.0
hang gliders,ensemble,649.0,5346118.395562313,6065,129918.25084659734,115442.2421875,1821448.0,14291468.0
hang gliders,ensemble,732.0,6766502.11232428,6065,154975.4010878011,142178.21875,2388401.75,18657722.0
hang gliders,ensemble,825.0,8774105.311641086,6067,193266.81029286401,158133.046875,3301907.75,23718314.0
hang gliders,ensemble,931.0,11916782.352882484,6068,367814.7301684868,220948.125,4608898.5,31305102.0
hang gliders,ensemble,1049.0,15840965.409473088,6066,326869.99236207106,297092.3125,6859477.0,40262516.0
hang gliders,ensemble,1183.0,21529621.125457875,6064,424159.7496734966,372850.6875,10024554.0,54800864.0
hang gliders,ensemble,1334.0,29739149.894428834,6065,802499.5794227615,513653.46875,14020689.0,76182608.0
hang gliders,ensemble,1504.0,39484855.51225119,6064,715418.7262273801,724045.0,19492394.0,102669840.0
hang gliders,ensemble,1695.0,53385907.517959625,6065,954400.9721589574,1078848.875,26670624.0,135220208.0
hang gliders,ensemble,1911.0,71648070.7875325,6068,1262297.8748285812,1486982.125,36438600.0,182666736.0
hang gliders,ensemble,2155.0,95038332.58284062,6077,1635239.4403568336,2330302.25,51639356.0,240357568.0
hang gliders,ensemble,2429.0,126373963.24394733,6074,3047497.8523277417,2964324.25,70126992.0,301698592.0
hang gliders,ensemble,2739.0,160351840.98516035,6039,2728022.8860347136,4135695.75,92752440.0,402571008.0
hang gliders,ensemble,3088.0,208039100.98953354,6005,5041771.866403972,5156809.5,112119256.0,527963200.0
hang gliders,ensemble,3481.0,258995237.77918497,5943,4585539.12039107,6420233.5,139223504.0,657045952.0
hang gliders,ensemble,3925.0,326294297.46783984,5868,5930124.91924812,7842583.0,171515712.0,819088576.0
hang gliders,ensemble,4425.0,410810697.9969204,5735,7737712.611170118,10402742.0,211658928.0,1009944448.0
hang gliders,ensemble,4989.0,505551669.42057973,5584,9513695.073038736,12726889.0,265025536.0,1295816832.0
hang gliders,ensemble,5624.0,639185692.769737,5386,16912762.425090954,14640196.0,322921088.0,1626616960.0
hang gliders,ensemble,6341.0,775015107.8885126,5101,15829899.814159552,18739112.0,379077376.0,1998195584.0
hang gliders,ensemble,7149.0,958341677.90827,4758,20886688.08220388,17360004.0,458452480.0,2474178560.0
hang gliders,ensemble,8059.0,1196710266.6601598,4334,28099167.825195964,22738306.0,596222080.0,2991056128.0
hang gliders,ensemble,9086.0,1448554197.6261432,3893,37663519.12684759,28773814.0,702172416.0,3676428032.0
hang gliders,ensemble,10000.0,1679658564.9224582,3482,48704115.55123822,26545324.0,728971776.0,4300757504.0
hang gliders,ensemble,10244.0,1737093937.2498052,3381,52079421.75207071,25899002.0,723756608.0,4528578560.0
hang gliders,ensemble,11549.0,2058767787.9997146,2847,70182495.71853322,30184900.0,703464448.0,5529456128.0
hang gliders,ensemble,13021.0,2464067991.0694113,2282,102362916.71790962,31002908.0,673452672.0,6204888064.0
hang gliders,ensemble,14680.0,2916911193.5235143,1760,149446939.6207315,29356252.0,603011456.0,6794947072.0
hang gliders,ensemble,16550.0,3761439641.441759,1237,240189669.7023973,31837968.0,764522880.0,8325319168.0
hang gliders,ensemble,18659.0,4893015209.892732,832,413073491.32436574,40114612.0,1084194304.0,8875196416.0
hang gliders,ensemble,21037.0,5964624804.051791,536,712915887.9348786,37606536.0,1045916992.0,8551704576.0
hang gliders,ensemble,23717.0,6685279274.122961,314,1202900039.424574,31603886.0,557415680.0,6120030720.0
hang gliders,ensemble,26739.0,12494334606.806551,110,3248444327.929269,27474476.0,467974656.0,42681860096.0
hang gliders,ensemble,30146.0,15831723073.527367,26,6982101009.902984,2190755.0,489158976.0,54491774976.0
hang gliders,ensemble,33987.0,28561526199.899605,7,11625285222.78705,3167576320.0,13839005696.0,71926300672.0
hang gliders,ensemble,38318.0,40087122161.75685,6,18098402115.096497,2038977664.0,19554146304.0,98668240896.0
hang gliders,ensemble,43200.0,54462257123.08682,3,43550127397.317345,771184640.0,1716164096.0,129251770368.0
hang gliders,time_averaged,1.0,276.2653885099137,2552,,174.0026397705078,252.63973999023438,446.64093017578125
hang gliders,time_averaged,2.0,1069.8885455772015,3460,,691.650390625,991.0272216796875,1623.570556640625
hang gliders,time_averaged,3.0,2715.6331136287854,4197,,1568.302978515625,2403.2490234375,4335.3095703125
hang gliders,time_averaged,4.0,3856.042501051482,4435,,2054.7080078125,3575.491943359375,6018.24658203125
hang gliders,time_averaged,5.0,5943.1499649983525,6390,,3317.139404296875,5273.15625,9507.2822265625
hang gliders,time_averaged,6.0,8107.165326818013,6416,,4281.1103515625,7217.16357421875,12712.8427734375
hang gliders,time_averaged,7.0,10083.292938048346,6445,,4373.93603515625,9064.3505859375,17012.49609375
hang gliders,time_averaged,8.0,16826.38743434549,6463,,9478.248046875,15385.142578125,26221.810546875
hang gliders,time_averaged,9.0,18302.419595496434,6477,,10578.1142578125,16669.390625,27766.5078125
hang gliders,time_averaged,10.0,20068.94596588488,7620,,11631.1103515625,18347.30078125,29533.80859375
hang gliders,time_averaged,11.0,24120.760520168267,7647,,13178.5537109375,21141.11328125,38712.84375
hang gliders,time_averaged,12.0,25584.534254130507,7648,,13593.5078125,22317.63671875,40761.01171875
hang gliders,time_averaged,14.0,37109.40049905712,7648,,16404.298828125,33879.171875,60393.75
hang gliders,time_averaged,16.0,48367.91522415004,7655,,25825.40625,42749.359375,78896.015625
hang gliders,time_averaged,18.0,61707.99183442578,7656,,32594.9765625,56803.5546875,94715.2265625
hang gliders,time_averaged,20.0,69639.20156003257,7660,,37007.8046875,62661.734375,108013.2578125
hang gliders,time_averaged,23.0,90972.16588090394,7660,,44961.3125,80818.7734375,145977.015625
hang gliders,time_averaged,25.0,96001.68562667769,7660,,47508.65625,84405.90625,155577.15625
hang gliders,time_averaged,29.0,136977.1497972077,7660,,68074.890625,123925.15625,215633.09375
hang gliders,time_averaged,32.0,154604.56577515294,7660,,76164.59375,136453.046875,248832.875
hang gliders,time_averaged,37.0,205416.64092876742,7660,,98475.703125,182260.90625,330193.0625
hang gliders,time_averaged,41.0,247307.389058529,7660,,116874.625,219807.71875,400721.78125
hang gliders,time_averaged,46.0,314948.0736198211,7659,,144619.421875,281533.96875,513016.40625
hang gliders,time_averaged,52.0,377172.11391611147,7633,,171698.046875,334291.71875,614762.6875
hang gliders,time_averaged,59.0,499485.1560451427,7586,,222733.703125,448780.90625,815720.8125
hang gliders,time_averaged,67.0,617954.4829063517,7555,,270456.53125,552509.0,1008061.8125
hang gliders,time_averaged,75.0,775984.0290117026,7509,,335242.03125,698705.0,1266080.125
hang gliders,time_averaged,85.0,935218.9119939602,7472,,400378.96875,836415.4375,1543474.875
hang gliders,time_averaged,95.0,1190704.8767739583,7423,,499743.875,1068610.875,1961794.75
hang gliders,time_averaged,107.0,1452932.6685767064,7389,,602688.6875,1295425.125,2402525.25
hang gliders,time_averaged,121.0,1789815.6150301727,7352,,733883.875,1595957.25,2969265.25
hang gliders,time_averaged,137.0,2251935.9503440247,7305,,903003.875,2013142.875,3737349.75
hang gliders,time_averaged,154.0,2761469.0352780838,7256,,1088036.75,2466758.75,4590499.5
hang gliders,time_averaged,174.0,3443517.4361755587,7208,,1338471.875,3066285.0,5742278.0
hang gliders,time_averaged,196.0,4261879.881194858,7151,,1644923.125,3809213.75,7089696.0
hang gliders,time_averaged,221.0,5227885.789265703,7096,,1982903.75,4637025.0,8745514.0
hang gliders,time_averaged,249.0,6446632.623576854,7051,,2389862.0,5727311.5,10826275.0
hang gliders,time_averaged,281.0,7880570.023675467,7008,,2843844.75,6977335.0,13333080.0
hang gliders,time_averaged,316.0,9666169.129723448,6958,,3445233.25,8550903.0,16370657.0
hang gliders,time_averaged,357.0,11859346.734741915,6879,,4185246.25,10467711.0,20246984.0
hang gliders,time_averaged,402.0,14433156.697297467,6843,,4925411.5,12689478.0,24772484.0
hang gliders,time_averaged,453.0,17662282.344800327,6794,,5846089.0,15488429.0,30551144.0
hang gliders,time_averaged,511.0,21557481.935556576,6741,,6952207.0,18799368.0,37700080.0
hang gliders,time_averaged,576.0,26329856.18193033,6683,,8194613.0,22895862.0,46318896.0
hang gliders,time_averaged,649.0,31974902.16057763,6627,,9551256.0,27754908.0,56598456.0
hang gliders,time_averaged,732.0,38897565.87561263,6576,,11175122.0,33542344.0,69721336.0
hang gliders,time_averaged,825.0,47287637.35605033,6516,,13047810.0,40720640.0,84868440.0
hang gliders,time_averaged,931.0,57595210.15221378,6454,,15143311.0,49376640.0,104381072.0
hang gliders,time_averaged,1049.0,69866525.43132187,6405,,17306936.0,59834776.0,127589832.0
hang gliders,time_averaged,1183.0,85008130.54486623,6350,,19753782.0,72335744.0,156788496.0
hang gliders,time_averaged,1334.0,103528424.60996935,6286,,22314452.0,87421016.0,193256256.0
hang gliders,time_averaged,1504.0,125672959.46002823,6216,,25059212.0,105818784.0,238206496.0
hang gliders,time_averaged,1695.0,152408914.73293737,6123,,28243080.0,126639456.0,294099296.0
hang gliders,time_averaged,1911.0,185565407.50857696,5997,,32840690.0,152854896.0,361103104.0
hang gliders,time_averaged,2155.0,227006619.47344002,5835,,37832632.0,185473280.0,448871488.0
hang gliders,time_averaged,2429.0,275064836.0066208,5652,,43192400.0,223973296.0,557231744.0
hang gliders,time_averaged,2739.0,334834235.79649454,5424,,50823944.0,268897280.0,684159680.0
hang gliders,time_averaged,3088.0,409861520.9336073,5136,,61264968.0,325529280.0,845318848.0
hang gliders,time_averaged,3481.0,504405122.91668046,4763,,78399416.0,393208576.0,1042683712.0
hang gliders,time_averaged,3925.0,624625606.6618309,4334,,110603272.0,479046784.0,1309328640.0
hang gliders,time_averaged,4425.0,775937603.5296202,3874,,152764704.0,584975808.0,1615174912.0
hang gliders,time_averaged,4989.0,970081753.3154513,3353,,214676864.0,730852544.0,2044346752.0
hang gliders,time_averaged,5624.0,1226788124.1398644,2809,,312025120.0,903705792.0,2590548736.0
hang gliders,time_averaged,6341.0,1545738452.7909572,2264,,401515872.0,1123906560.0,3263310080.0
hang gliders,time_averaged,7149.0,1970815158.609218,1762,,524638784.0,1362574848.0,4134260480.0
hang gliders,time_averaged,8059.0,2587541433.218321,1219,,714871232.0,1819980800.0,5451466240.0
hang gliders,time_averaged,9086.0,3479020838.7472796,804,,962463808.0,2477777408.0,6657273856.0
hang gliders,time_averaged,10000.0,4288448620.215963,565,,1320229248.0,3238537728.0,7520422400.0
hang gliders,time_averaged,10244.0,4601860397.868322,509,,1472310528.0,3478490624.0,7934661120.0
hang gliders,time_averaged,11549.0,5796813753.906644,296,,2181890560.0,4293138944.0,11348056064.0
hang gliders,time_averaged,13021.0,7500840956.970351,129,,2865190912.0,5175624192.0,14050109440.0
hang gliders,time_averaged,14680.0,9490786676.756042,34,,3871644672.0,5431710720.0,19379513344.0
hang gliders,time_averaged,16550.0,11481142805.85322,7,,4808293888.0,6623024640.0,22950975488.0
hang gliders,time_averaged,18659.0,15398623488.45117,6,,5530770432.0,9775230976.0,30889869312.0
hang gliders,time_averaged,21037.0,18152209864.179546,4,,5543193600.0,8706153472.0,38318071808.0
hang gliders,time_averaged,23717.0,34695194876.050804,2,,11511591936.0,34695192576.0,57878798336.0
hang gliders,time_averaged,26739.0,81150920149.5055,1,,81150918656.0,81150918656.0,81150918656.0
hang gliders,time_averaged,30146.0,,0,,,,
hang gliders,time_averaged,33987.0,,0,,,,
hang gliders,time_averaged,38318.0,,0,,,,
hang gliders,time_averaged,43200.0,,0,,,,
hang gliders,ensemble_east,1.0,47.83162343828865,1673,3.079695602385608,0.902977705001831,17.44837760925293,118.52925872802734
hang gliders,ensemble_east,2.0,189.94574161270847,2444,8.807917037112746,2.415557622909546,91.01872253417969,466.6704406738281
hang gliders,ensemble_east,3.0,392.50473031062256,2944,13.725342989451478,5.99233341217041,178.91018676757812,1011.8265991210938
hang gliders,ensemble_east,4.0,754.8045273628658,3094,26.200585547659408,14.160300254821777,402.76788330078125,1849.45263671875
hang gliders,ensemble_east,5.0,1451.0026701681895,4513,43.8854997794991,28.317935943603516,774.13916015625,3436.14306640625
hang gliders,ensemble_east,6.0,1832.2586189175881,4539,54.71886214981276,41.21467590332031,1022.7940673828125,4295.6708984375
hang gliders,ensemble_east,7.0,2145.4870623812803,4559,63.58114815486432,46.93647003173828,1178.7955322265625,5143.79736328125
hang gliders,ensemble_east,8.0,4219.043872471473,4577,121.2820001108326,66.81983947753906,2206.73046875,9744.6318359375
hang gliders,ensemble_east,9.0,4479.967058729596,4583,122.97247118713301,73.364013671875,2321.825927734375,10505.9736328125
hang gliders,ensemble_east,10.0,5261.322606269897,5331,130.7989831652025,89.73875427246094,2897.60205078125,12361.796875
hang gliders,ensemble_east,11.0,5953.358339583568,5352,139.39834231046726,106.95783233642578,3295.794921875,13985.046875
hang gliders,ensemble_east,12.0,6651.332419751021,5354,174.1624347209325,115.74983215332031,3658.36376953125,15897.7099609375
hang gliders,ensemble_east,14.0,9840.879582128351,5358,238.13696998384054,142.26162719726562,4996.080078125,23465.900390625
hang gliders,ensemble_east,16.0,13057.528880130707,5371,309.8753426135911,187.88194274902344,6747.22900390625,32237.18359375
hang gliders,ensemble_east,18.0,17058.76455752814,5373,396.3561640763702,234.93112182617188,8279.2314453125,41631.69921875
hang gliders,ensemble_east,20.0,19161.320759481383,5381,422.3113280179897,286.4877014160156,9175.3544921875,47618.0234375
hang gliders,ensemble_east,23.0,24611.748437156748,5382,556.6135946334829,351.6131591796875,11476.931640625,60144.8125
hang gliders,ensemble_east,25.0,27157.846054453086,5549,604.1860465327583,381.33990478515625,12475.3720703125,68510.984375
hang gliders,ensemble_east,29.0,38434.27766625973,5985,782.1687453298846,497.6729736328125,17699.482421875,98548.546875
hang gliders,ensemble_east,32.0,42971.37975636157,6022,897.4785269053361,532.9732055664062,19002.46875,111355.1953125
hang gliders,ensemble_east,37.0,56736.375181100724,6025,1278.0159721708908,629.9168701171875,22079.630859375,152296.953125
hang gliders,ensemble_east,41.0,67118.83245864252,6027,1484.3360046572986,616.0211181640625,25646.931640625,179679.6875
hang gliders,ensemble_east,46.0,83079.31148269073,6029,1803.4478852171874,790.521484375,29035.685546875,228420.125
hang gliders,ensemble_east,52.0,97926.4231550532,6030,2125.6093462467456,939.2241821289062,33150.0,268077.34375
hang gliders,ensemble_east,59.0,124814.35099386475,6051,2726.1627106276605,1048.7318115234375,38711.64453125,358122.625
hang gliders,ensemble_east,67.0,150895.11672490722,6055,3299.9374598611066,1198.4193115234375,44099.921875,433063.53125
hang gliders,ensemble_east,75.0,178004.60015705036,6056,3945.37871672612,1209.2060546875,50236.734375,517622.71875
hang gliders,ensemble_east,85.0,213216.01262489814,6057,4800.173059703566,1404.198974609375,56007.34375,627605.125
hang gliders,ensemble_east,95.0,251390.91179118856,6059,5835.670823447316,1627.39111328125,63623.63671875,731492.0
hang gliders,ensemble_east,107.0,297062.0480306868,6059,7152.5894194257135,1699.0335693359375,72179.25,837123.8125
hang gliders,ensemble_east,121.0,344614.53647785785,6059,8695.346000533329,1864.482421875,77699.265625,967625.375
hang gliders,ensemble_east,137.0,408494.1236547646,6057,10848.618472423941,2101.1982421875,90176.015625,1098890.5
hang gliders,ensemble_east,154.0,475936.1559970536,6059,13461.767820187488,2359.53271484375,99971.484375,1230573.0
hang gliders,ensemble_east,174.0,564151.2879471239,6060,16982.811327795433,2882.97802734375,115385.7890625,1408232.75
hang gliders,ensemble_east,196.0,668560.6696575386,6056,21645.464350177193,3143.66796875,131291.328125,1557125.5
hang gliders,ensemble_east,221.0,782888.8052912513,6058,27271.90749540344,3902.504638671875,148110.984375,1740511.875
hang gliders,ensemble_east,249.0,915285.2838426258,6062,33769.14804760885,4413.78955078125,169015.71875,1957936.75
hang gliders,ensemble_east,281.0,1057043.8621510204,6064,40205.89525022393,5082.49560546875,196583.28125,2194884.0
hang gliders,ensemble_east,316.0,1200993.748704789,6061,44961.66598324173,5489.546875,226938.109375,2474105.0
hang gliders,ensemble_east,357.0,1362882.8472488313,6059,49276.28379146207,7118.08642578125,268969.21875,2818044.25
hang gliders,ensemble_east,402.0,1526227.4757699135,6063,52670.09768591812,7903.578125,297398.40625,3351389.25
hang gliders,ensemble_east,453.0,1759967.6905845872,6064,57696.04184449809,10848.771484375,358664.28125,4142816.25
hang gliders,ensemble_east,511.0,2045567.5218070669,6067,63110.39771206729,11378.1044921875,425576.90625,5142182.0
hang gliders,ensemble_east,576.0,2471561.55947743,6067,72293.58823158528,13433.2685546875,520790.65625,6355834.0
hang gliders,ensemble_east,649.0,3072276.484721126,6065,85788.70490795407,17639.9140625,651899.3125,8285659.0
hang gliders,ensemble_east,732.0,3907647.250989947,6065,104122.79935838688,22233.029296875,792398.125,11435125.0
hang gliders,ensemble_east,825.0,5060630.062198214,6067,129447.02728059763,22526.033203125,1032688.5,14845007.0
hang gliders,ensemble_east,931.0,6886323.387169259,6068,264623.85055891465,29315.64453125,1431766.75,19634570.0
hang gliders,ensemble_east,1049.0,9005518.121175809,6066,216850.63108993572,46722.359375,2073432.5,25931540.0
hang gliders,ensemble_east,1183.0,12161281.661245747,6064,285795.9551307375,51021.45703125,3125235.75,35000688.0
hang gliders,ensemble_east,1334.0,16746617.660966402,6065,580955.3217160105,59301.578125,4326367.5,47775628.0
hang gliders,ensemble_east,1504.0,21964558.902356375,6064,491207.27440842835,81647.8359375,5853722.0,65015772.0
hang gliders,ensemble_east,1695.0,29397226.95573433,6065,652118.7105089036,112343.96875,8443851.0,86182232.0
hang gliders,ensemble_east,1911.0,39047046.08918499,6068,846373.181349198,132569.609375,12007892.0,114065856.0
hang gliders,ensemble_east,2155.0,51336403.55698124,6077,1103793.1882105665,152146.359375,15842936.0,151553584.0
hang gliders,ensemble_east,2429.0,68112895.26303434,6074,2168913.5100473906,181217.375,19655572.0,201319136.0
hang gliders,ensemble_east,2739.0,84986800.92032062,6039,1813905.3653459495,204246.4375,25242068.0,250245760.0
hang gliders,ensemble_east,3088.0,108651052.78892352,6005,3602305.1802819055,283571.03125,29672054.0,314092704.0
hang gliders,ensemble_east,3481.0,129144676.49596564,5943,2851141.966736519,350895.5,34853900.0,406204704.0
hang gliders,ensemble_east,3925.0,154362884.81328845,5868,3486514.4331035516,396277.34375,38567456.0,478124608.0
hang gliders,ensemble_east,4425.0,183436316.70453334,5735,4441900.051216684,597814.375,43273516.0,539008128.0
hang gliders,ensemble_east,4989.0,212106650.14987803,5584,5608849.863598472,735346.5,48640976.0,573188608.0
hang gliders,ensemble_east,5624.0,255682349.57666984,5386,11429556.260189047,1095259.25,52567136.0,647281792.0
hang gliders,ensemble_east,6341.0,288691612.83682746,5101,9643263.350624282,1082877.25,56007188.0,715757632.0
hang gliders,ensemble_east,7149.0,344698943.4248313,4758,12619139.545922674,1362384.75,60325744.0,857465472.0
hang gliders,ensemble_east,8059.0,421375832.0632341,4334,17026681.902986996,1603809.875,66955848.0,1064453504.0
hang gliders,ensemble_east,9086.0,511973279.2831939,3893,23123969.118257012,2006066.375,75723600.0,1292716288.0
hang gliders,ensemble_east,10000.0,616772911.4006116,3482,30370277.119481683,2271111.5,80353080.0,1531819648.0
hang gliders,ensemble_east,10244.0,646017196.5944378,3381,32653117.803070948,2157091.5,85132464.0,1589125376.0
hang gliders,ensemble_east,11549.0,821794038.1972625,2847,41103018.114557445,2631514.75,104367656.0,2064018688.0
hang gliders,ensemble_east,13021.0,1084509669.03923,2282,61758839.38183086,4087271.0,141108096.0,2675058688.0
hang gliders,ensemble_east,14680.0,1436735186.660324,1760,98272335.97585659,4618818.0,180571808.0,3213347072.0
hang gliders,ensemble_east,16550.0,1936057301.1105015,1237,157190951.82300934,5777299.5,342026720.0,3662362112.0
hang gliders,ensemble_east,18659.0,2588028055.544877,832,273118754.84201926,9753442.0,484486592.0,3660699136.0
hang gliders,ensemble_east,21037.0,3243973072.600331,536,461702133.5733108,11074611.0,526878400.0,3317959424.0
hang gliders,ensemble_east,23717.0,4036305298.1023,314,840648152.8835685,4672927.5,324184544.0,3100501248.0
hang gliders,ensemble_east,26739.0,9096737374.419218,110,2746586254.044584,5167326.0,238730752.0,8005551104.0
hang gliders,ensemble_east,30146.0,10010063182.733793,26,5650409234.63023,447219.1875,292142464.0,24971644928.0
hang gliders,ensemble_east,33987.0,21456180430.968445,7,11404151369.06185,189174016.0,3520498944.0,67289243648.0
hang gliders,ensemble_east,38318.0,31649948549.364044,6,17406859693.836727,579303040.0,3403701248.0,90966835200.0
hang gliders,ensemble_east,43200.0,46248845088.1558,3,37358706730.60844,396985728.0,655839680.0,110337908736.0
hang gliders,ensemble_north,1.0,59.566233585386726,1673,3.3043470576106673,3.4305741786956787,32.068756103515625,121.1842041015625
hang gliders,ensemble_north,2.0,241.15813165465985,2444,6.9169872031250375,17.485889434814453,168.32015991210938,494.0758972167969
hang gliders,ensemble_north,3.0,494.62291616961875,2944,10.622740792598684,34.95428466796875,371.0744323730469,1024.80029296875
hang gliders,ensemble_north,4.0,1021.644503111016,3094,18.60441074201211,88.8149642944336,841.145263671875,1947.8560791015625
hang gliders,ensemble_north,5.0,1852.5053040291702,4513,42.96696524370264,127.06924438476562,1372.465576171875,3674.25390625
hang gliders,ensemble_north,6.0,2417.121881281715,4539,47.03827644678573,166.50799560546875,1976.357421875,4524.8505859375
hang gliders,ensemble_north,7.0,2908.394391206836,4559,53.883467093308525,180.1377716064453,2288.7509765625,5791.19189453125
hang gliders,ensemble_north,8.0,5677.455148075125,4577,109.31137446337884,407.93988037109375,4475.7685546875,11037.0498046875
hang gliders,ensemble_north,9.0,6130.145003978786,4583,111.3426836736326,439.4784851074219,4954.67041015625,12028.5341796875
hang gliders,ensemble_north,10.0,7147.964831311554,5331,115.89338713587583,452.7978515625,5840.41845703125,14207.35546875
hang gliders,ensemble_north,11.0,8265.465913899343,5352,131.17586227273773,479.9925231933594,6747.7080078125,16679.05859375
hang gliders,ensemble_north,12.0,9292.3792780395,5354,141.84794017036836,493.95330810546875,7525.255859375,18661.41796875
hang gliders,ensemble_north,14.0,13740.062712058765,5358,222.82924335190816,590.6559448242188,10796.025390625,28360.255859375
hang gliders,ensemble_north,16.0,17891.14992041459,5371,274.44013927047166,672.6441650390625,14054.09765625,37545.046875
hang gliders,ensemble_north,18.0,23321.909204647025,5373,373.5932321311886,680.6686401367188,17745.052734375,50154.2109375
hang gliders,ensemble_north,20.0,26604.851139754755,5381,436.33791156491367,638.9610595703125,19595.833984375,57790.1484375
hang gliders,ensemble_north,23.0,34395.81949492409,5382,651.4615794637657,714.1284790039062,23079.099609375,77198.6328125
hang gliders,ensemble_north,25.0,37663.595443514045,5549,729.6102639051807,810.5534057617188,24255.333984375,83793.9140625
hang gliders,ensemble_north,29.0,51968.50704176981,5985,920.9254434086107,1044.60498046875,32121.935546875,118187.453125
hang gliders,ensemble_north,32.0,58238.78824567466,6022,1042.7221553713061,1123.5604248046875,33601.28515625,131557.0625
hang gliders,ensemble_north,37.0,74168.8701349673,6025,1381.6414903570528,1454.773193359375,38302.21484375,172066.140625
hang gliders,ensemble_north,41.0,86595.01247119831,6027,1667.1209333563272,1479.93212890625,41591.94140625,209869.140625
hang gliders,ensemble_north,46.0,104693.40823548535,6029,2093.8716088278466,1566.88818359375,45828.57421875,261429.421875
hang gliders,ensemble_north,52.0,122558.49636809445,6030,2557.4276545945295,1734.444580078125,48273.390625,307499.90625
hang gliders,ensemble_north,59.0,149934.8332126637,6051,3288.695315441428,1587.7420654296875,53951.16796875,386508.9375
hang gliders,ensemble_north,67.0,174407.7996463874,6055,3988.945978979476,1776.6922607421875,57688.671875,456788.1875
hang gliders,ensemble_north,75.0,197009.4110270185,6056,4664.811204561034,1766.132080078125,62244.83203125,529548.9375
hang gliders,ensemble_north,85.0,223585.00547552432,6057,5551.499363956066,1733.1455078125,64642.58984375,599191.25
hang gliders,ensemble_north,95.0,250036.39230515115,6059,6469.952673900523,1969.79833984375,68234.265625,667892.5
hang gliders,ensemble_north,107.0,280004.02583862125,6059,7573.64903084231,2061.736083984375,74602.0703125,713857.3125
hang gliders,ensemble_north,121.0,312118.5267767541,6059,8953.428033990602,2067.8232421875,78392.7734375,798227.0
hang gliders,ensemble_north,137.0,353132.47758681304,6057,10658.772749326785,2065.548828125,81500.7890625,866163.375
hang gliders,ensemble_north,154.0,395831.7155640079,6059,12469.358156424662,2287.32763671875,85657.5078125,978690.1875
hang gliders,ensemble_north,174.0,447548.3537639913,6060,14899.981123497046,2543.079833984375,93489.65625,1091413.75
hang gliders,ensemble_north,196.0,503948.67838410375,6056,17564.580303156326,3172.2958984375,94833.1796875,1193673.0
hang gliders,ensemble_north,221.0,568638.7736946184,6058,20754.594375837565,3183.42138671875,102879.1171875,1355664.0
hang gliders,ensemble_north,249.0,646872.1623776824,6062,25200.6419566668,3592.653076171875,109260.546875,1502933.25
hang gliders,ensemble_north,281.0,730942.1766556286,6064,29770.951681432274,3330.79345703125,118005.625,1771812.125
hang gliders,ensemble_north,316.0,836390.1625396347,6061,35499.54246077304,3717.635009765625,133071.328125,1989002.75
hang gliders,ensemble_north,357.0,963736.3007373001,6059,43165.11752256057,3943.6826171875,145301.03125,2317082.5
hang gliders,ensemble_north,402.0,1113181.0384076363,6063,51998.36549802738,4221.90966796875,161622.984375,2665081.25
hang gliders,ensemble_north,453.0,1288879.951499756,6064,57826.69678850866,5027.4833984375,196157.375,3131154.0
hang gliders,ensemble_north,511.0,1511271.902700707,6067,63705.02010654432,7329.14990234375,246154.578125,3698051.75
hang gliders,ensemble_north,576.0,1826425.5110331,6067,71156.94401074416,7620.611328125,314070.40625,4674209.5
hang gliders,ensemble_north,649.0,2273841.9108412024,6065,83689.29558342232,9399.736328125,390176.6875,6067088.5
hang gliders,ensemble_north,732.0,2858854.861334363,6065,100410.21468599344,11373.2685546875,499145.28125,7831131.5
hang gliders,ensemble_north,825.0,3713475.249442922,6067,127867.55767369093,13748.4873046875,681354.5,10258025.0
hang gliders,ensemble_north,931.0,5030458.965713324,6068,180232.78071990894,19352.50390625,949677.8125,13528654.0
hang gliders,ensemble_north,1049.0,6835447.288297344,6066,219241.96627595733,27267.2578125,1415860.5,17619188.0
hang gliders,ensemble_north,1183.0,9368339.464212188,6064,284536.3241084594,35947.47265625,2048744.25,24314282.0
hang gliders,ensemble_north,1334.0,12992532.233462635,6065,398609.7807734832,47085.4765625,2961435.5,34877132.0
hang gliders,ensemble_north,1504.0,17520296.609894868,6064,488087.29329927743,75918.21875,4242017.0,50746208.0
hang gliders,ensemble_north,1695.0,23988680.56222576,6065,662978.4607636532,96481.28125,6218555.5,68997208.0
hang gliders,ensemble_north,1911.0,32601024.69834788,6068,901412.5917947637,148766.46875,8853618.0,95230416.0
hang gliders,ensemble_north,2155.0,43701929.02585983,6077,1175161.962910262,206466.765625,12244983.0,118309168.0
hang gliders,ensemble_north,2429.0,58261067.98091315,6074,1624470.3601456294,277557.6875,15914084.0,157922720.0
hang gliders,ensemble_north,2739.0,75365040.06484044,6039,1977065.145566834,399179.125,20190998.0,218779696.0
hang gliders,ensemble_north,3088.0,99388048.20061053,6005,2682533.426741461,538608.8125,24521994.0,277816192.0
hang gliders,ensemble_north,3481.0,129850561.28322002,5943,3337557.989537563,629463.1875,32640752.0,359362368.0
hang gliders,ensemble_north,3925.0,171931412.65455306,5868,4395341.082536551,768249.0,47317608.0,486777216.0
hang gliders,ensemble_north,4425.0,227374381.29238778,5735,5732992.255739735,1367926.0,70377120.0,644501056.0
hang gliders,ensemble_north,4989.0,293445019.2707036,5584,7105051.937971374,1736558.375,99511128.0,792310080.0
hang gliders,ensemble_north,5624.0,383503343.1930676,5386,9590053.884763557,1715343.375,137234272.0,999063296.0
hang gliders,ensemble_north,6341.0,486323495.0516889,5101,11364250.294020722,2468768.75,192670320.0,1251957760.0
hang gliders,ensemble_north,7149.0,613642734.4834409,4758,14991027.517063633,2637736.5,244549984.0,1592371200.0
hang gliders,ensemble_north,8059.0,775334434.5969306,4334,20077380.812484115,3504722.75,327045856.0,1915764096.0
hang gliders,ensemble_north,9086.0,936580918.3429447,3893,26605964.04731168,4238108.5,387524896.0,2307608576.0
hang gliders,ensemble_north,10000.0,1062885653.5218534,3482,33773799.43369637,4010666.5,400071328.0,2620351232.0
hang gliders,ensemble_north,10244.0,1091076740.655369,3381,35942557.22264064,3758150.5,403087968.0,2701710080.0
hang gliders,ensemble_north,11549.0,1236973749.802448,2847,50131606.90784004,3844013.25,354720224.0,3087317504.0
hang gliders,ensemble_north,13021.0,1379558322.03019,2282,70956998.34442484,3249083.25,283126656.0,3419075840.0
hang gliders,ensemble_north,14680.0,1480176006.8631914,1760,97409549.58633462,3003336.75,225620704.0,3528927488.0
hang gliders,ensemble_north,16550.0,1825382340.3312492,1237,156644033.35597628,2724205.75,219889680.0,3902473472.0
hang gliders,ensemble_north,18659.0,2304987154.3478494,832,270695288.44604844,2839131.75,203260816.0,3949936384.0
hang gliders,ensemble_north,21037.0,2720651731.4514647,536,459149921.94020677,3042376.0,213412544.0,3249766912.0
hang gliders,ensemble_north,23717.0,2648973976.0206594,314,711169025.8100348,1476713.625,87585272.0,2180969472.0
hang gliders,ensemble_north,26739.0,3397597232.387332,110,1390313728.0956697,1818080.875,89933808.0,4884912128.0
hang gliders,ensemble_north,30146.0,5821659890.793574,26,2748516445.666871,740646.3125,191876480.0,15819984896.0
hang gliders,ensemble_north,33987.0,7105345768.931159,7,2585969383.1096625,254981520.0,4768523776.0,14894990336.0
hang gliders,ensemble_north,38318.0,8437173612.3927965,6,4065512919.7980356,449399904.0,3459219200.0,21402902528.0
hang gliders,ensemble_north,43200.0,8213412034.931023,3,6193908247.276946,374198912.0,1060324416.0,18913859584.0
hang gliders,ta_east,1.0,133.14535574938876,2552,,76.23548889160156,119.37725067138672,217.30294799804688
hang gliders,ta_east,2.0,516.8829986833232,3460,,303.0727844238281,468.55145263671875,821.5960693359375
hang gliders,ta_east,3.0,1308.990216282154,4197,,698.8058471679688,1142.0205078125,2129.846923828125
hang gliders,ta_east,4.0,1852.4970636848989,4435,,915.03125,1666.367919921875,3056.184326171875
hang gliders,ta_east,5.0,2811.5983617930306,6390,,1398.5157470703125,2464.0703125,4643.31103515625
hang gliders,ta_east,6.0,3841.4728030623614,6416,,1731.162841796875,3342.9384765625,6329.55810546875
hang gliders,ta_east,7.0,4789.132995111679,6445,,1792.2958984375,4109.3759765625,8402.4912109375
hang gliders,ta_east,8.0,7889.162969538618,6463,,4016.55419921875,6930.8544921875,12777.77734375
hang gliders,ta_east,9.0,8588.343471066075,6477,,4381.52392578125,7565.06103515625,13797.3388671875
hang gliders,ta_east,10.0,9445.524435822155,7620,,4702.22607421875,8387.400390625,15124.20703125
hang gliders,ta_east,11.0,11343.212505075047,7647,,5188.515625,9736.07421875,19142.69921875
hang gliders,ta_east,12.0,12030.633995344111,7648,,5311.16455078125,10189.6884765625,20485.021484375
hang gliders,ta_east,14.0,17303.986759690775,7648,,6698.31591796875,14893.3154296875,29887.271484375
hang gliders,ta_east,16.0,22610.012622316135,7655,,9922.35546875,19305.83984375,39281.1875
hang gliders,ta_east,18.0,28657.940344783576,7656,,12427.94921875,24936.2890625,48148.109375
hang gliders,ta_east,20.0,32343.678646202607,7660,,13867.662109375,27762.078125,55099.828125
hang gliders,ta_east,23.0,42050.2559056334,7660,,16983.173828125,35706.6015625,72346.625
hang gliders,ta_east,25.0,44389.72127630694,7660,,17680.900390625,37193.15625,77985.515625
hang gliders,ta_east,29.0,63194.01339137016,7660,,24886.73046875,53450.33984375,110097.0
hang gliders,ta_east,32.0,71379.69631128959,7660,,27299.6328125,59861.9609375,125886.53125
hang gliders,ta_east,37.0,94699.95180244217,7660,,34791.078125,78887.921875,169554.0
hang gliders,ta_east,41.0,113724.072078659,7660,,41549.59375,94493.734375,202482.375
hang gliders,ta_east,46.0,144667.4230484443,7659,,51172.7578125,119714.2890625,260119.984375
hang gliders,ta_east,52.0,173049.3432852044,7633,,60530.30078125,142814.25,312087.71875
hang gliders,ta_east,59.0,228261.99374836794,7586,,77937.1875,189354.484375,410419.9375
hang gliders,ta_east,67.0,281845.4759510929,7555,,93344.625,233071.484375,514194.71875
hang gliders,ta_east,75.0,352544.7356061011,7509,,115882.765625,291135.25,643221.25
hang gliders,ta_east,85.0,424378.95992055873,7472,,138789.59375,348269.125,772818.25
hang gliders,ta_east,95.0,539490.2396458015,7423,,170414.015625,442497.875,991501.9375
hang gliders,ta_east,107.0,657404.4808706031,7389,,203136.59375,538392.625,1211369.625
hang gliders,ta_east,121.0,807424.141158508,7352,,247566.375,660541.3125,1488471.625
hang gliders,ta_east,137.0,1014343.8041944683,7305,,304131.65625,826892.1875,1886661.0
hang gliders,ta_east,154.0,1239065.1842164234,7256,,366450.375,1009110.0,2299178.5
hang gliders,ta_east,174.0,1538764.4490466171,7208,,446527.125,1249993.75,2868535.75
hang gliders,ta_east,196.0,1904374.5119309144,7151,,541908.5625,1540454.0,3569657.5
hang gliders,ta_east,221.0,2329213.271231225,7096,,649130.875,1877460.0,4382918.0
hang gliders,ta_east,249.0,2863637.1679446013,7051,,777161.375,2299295.0,5410494.0
hang gliders,ta_east,281.0,3490478.9047553865,7008,,918617.6875,2792389.0,6611335.0
hang gliders,ta_east,316.0,4263192.383593158,6958,,1091250.25,3387024.0,8133105.5
hang gliders,ta_east,357.0,5209052.726230844,6879,,1305782.0,4119552.0,9978963.0
hang gliders,ta_east,402.0,6320158.692087033,6843,,1528674.625,4949818.0,12238615.0
hang gliders,ta_east,453.0,7697780.122507243,6794,,1793933.875,5976626.0,15110226.0
hang gliders,ta_east,511.0,9365127.034804853,6741,,2073972.25,7185487.5,18489904.0
hang gliders,ta_east,576.0,11387516.51831165,6683,,2399875.25,8594003.0,22675050.0
hang gliders,ta_east,649.0,13779636.142156828,6627,,2772447.0,10340618.0,27537176.0
hang gliders,ta_east,732.0,16686813.239945402,6576,,3163095.0,12333272.0,33628960.0
hang gliders,ta_east,825.0,20174092.352646645,6516,,3630857.75,14745818.0,41218640.0
hang gliders,ta_east,931.0,24427790.022766646,6454,,4123683.25,17695428.0,50132660.0
hang gliders,ta_east,1049.0,29379698.436522983,6405,,4673615.0,21137960.0,61453464.0
hang gliders,ta_east,1183.0,35411484.71793017,6350,,5217929.0,25005832.0,75202744.0
hang gliders,ta_east,1334.0,42848770.68163533,6286,,5757885.5,29632254.0,92406480.0
hang gliders,ta_east,1504.0,51595265.95450375,6216,,6369800.0,34938400.0,112644592.0
hang gliders,ta_east,1695.0,62208391.40169705,6123,,6966102.0,41255112.0,137325568.0
hang gliders,ta_east,1911.0,75065062.82470766,5997,,7729604.5,48428544.0,166889632.0
hang gliders,ta_east,2155.0,90669451.6478531,5835,,9168867.0,56830268.0,202868000.0
hang gliders,ta_east,2429.0,109203618.5674967,5652,,10560551.0,66753204.0,246191104.0
hang gliders,ta_east,2739.0,131604084.39091681,5424,,12000982.0,78014208.0,302335872.0
hang gliders,ta_east,3088.0,159829513.16249004,5136,,13671367.0,91141280.0,370582144.0
hang gliders,ta_east,3481.0,195459549.74499625,4763,,16402817.0,107437184.0,456365184.0
hang gliders,ta_east,3925.0,240227213.97968352,4334,,19218210.0,128222048.0,570635648.0
hang gliders,ta_east,4425.0,296527151.8706861,3874,,26298310.0,152837104.0,704940736.0
hang gliders,ta_east,4989.0,369226061.4893155,3353,,35590944.0,184920400.0,872843968.0
hang gliders,ta_east,5624.0,465971398.78974146,2809,,47040536.0,234989600.0,1114073600.0
hang gliders,ta_east,6341.0,596145588.7365738,2264,,60149540.0,296272352.0,1427991936.0
hang gliders,ta_east,7149.0,785574530.7499952,1762,,74739096.0,388154048.0,1810129152.0
hang gliders,ta_east,8059.0,1061961840.4834023,1219,,108330720.0,570232512.0,2260830720.0
hang gliders,ta_east,9086.0,1505428472.3658202,804,,168560144.0,939713024.0,2901262080.0
hang gliders,ta_east,10000.0,1922095924.0309541,565,,232978160.0,1265412480.0,3482872832.0
hang gliders,ta_east,10244.0,2060106679.5372276,509,,239251408.0,1355992576.0,3610090240.0
hang gliders,ta_east,11549.0,2755718878.4749503,296,,493653792.0,1837673728.0,4081568256.0
hang gliders,ta_east,13021.0,4203414369.9655104,129,,754823808.0,2490899456.0,6054549504.0
hang gliders,ta_east,14680.0,5320749398.384803,34,,773787200.0,2626899712.0,11880339456.0
hang gliders,ta_east,16550.0,7312575358.244557,7,,933542144.0,2370883328.0,20737421312.0
hang gliders,ta_east,18659.0,10218491169.477648,6,,995924608.0,2204469504.0,27455078400.0
hang gliders,ta_east,21037.0,11600104254.102974,4,,861948928.0,2327911424.0,29756012544.0
hang gliders,ta_east,23717.0,27978880538.137283,2,,8010231808.0,27978878976.0,47947526144.0
hang gliders,ta_east,26739.0,67650709438.660446,1,,67650707456.0,67650707456.0,67650707456.0
hang gliders,ta_east,30146.0,,0,,,,
hang gliders,ta_east,33987.0,,0,,,,
hang gliders,ta_east,38318.0,,0,,,,
hang gliders,ta_east,43200.0,,0,,,,
hang gliders,ta_north,1.0,143.1200327605247,2552,,76.20726013183594,127.30458068847656,232.7783966064453
hang gliders,ta_north,2.0,553.0055468938777,3460,,311.8050231933594,498.2341003417969,858.2328491210938
hang gliders,ta_north,3.0,1406.6428973466334,4197,,705.879150390625,1242.7388916015625,2337.495361328125
hang gliders,ta_north,4.0,2003.5454373665734,4435,,947.3834838867188,1794.9359130859375,3264.98779296875
hang gliders,ta_north,5.0,3131.5516032053297,6390,,1537.4090576171875,2732.625732421875,5167.150390625
hang gliders,ta_north,6.0,4265.692523755646,6416,,2062.863037109375,3636.327392578125,6955.02392578125
hang gliders,ta_north,7.0,5294.159942936659,6445,,2162.716552734375,4461.07666015625,9277.17578125
hang gliders,ta_north,8.0,8937.224464806864,6463,,4238.7978515625,7956.01806640625,14465.4833984375
hang gliders,ta_north,9.0,9714.07612443037,6477,,4706.310546875,8668.4189453125,15509.0546875
hang gliders,ta_north,10.0,10623.421530062727,7620,,5133.2529296875,9588.80859375,16508.1640625
hang gliders,ta_north,11.0,12777.548015093296,7647,,5770.30126953125,11051.6103515625,21097.654296875
hang gliders,ta_north,12.0,13553.900258786507,7648,,5964.72119140625,11514.115234375,22491.8671875
hang gliders,ta_north,14.0,19805.413739366395,7648,,7315.01171875,17379.587890625,33576.05078125
hang gliders,ta_north,16.0,25757.90260183413,7655,,10754.9931640625,22291.724609375,43706.6640625
hang gliders,ta_north,18.0,33050.05148964193,7656,,13360.5732421875,29533.974609375,54421.34375
hang gliders,ta_north,20.0,37295.522913829984,7660,,15046.9970703125,32739.6015625,61024.76953125
hang gliders,ta_north,23.0,48921.90997527001,7660,,18332.921875,42386.9921875,82501.96875
hang gliders,ta_north,25.0,51611.96435037061,7660,,19000.80859375,44111.3828125,86933.0
hang gliders,ta_north,29.0,73783.1364058378,7660,,26572.17578125,64590.46875,123281.859375
hang gliders,ta_north,32.0,83224.86946386313,7660,,29571.41796875,71439.359375,140217.6875
hang gliders,ta_north,37.0,110716.68912632609,7660,,37617.0625,95250.6640625,188935.03125
hang gliders,ta_north,41.0,133583.3169798697,7660,,44437.02734375,115374.125,227130.859375
hang gliders,ta_north,46.0,170280.65057137844,7659,,53749.78515625,146473.5,291255.09375
hang gliders,ta_north,52.0,204122.7706309072,7633,,63846.6171875,174985.9375,349846.15625
hang gliders,ta_north,59.0,271223.1622967747,7586,,81637.046875,234810.21875,468860.8125
hang gliders,ta_north,67.0,336109.00695525884,7555,,99476.484375,288262.15625,579014.6875
hang gliders,ta_north,75.0,423439.2934055997,7509,,123641.5703125,363710.4375,737384.0
hang gliders,ta_north,85.0,510839.9520734011,7472,,147316.203125,438224.875,885361.125
hang gliders,ta_north,95.0,651214.6371281603,7423,,181837.5,557763.375,1136686.375
hang gliders,ta_north,107.0,795528.1877061039,7389,,220671.421875,680505.875,1391259.5
hang gliders,ta_north,121.0,982391.4738716746,7352,,266859.28125,839676.125,1723542.5
hang gliders,ta_north,137.0,1237592.1461495594,7305,,328535.5625,1055099.75,2177189.75
hang gliders,ta_north,154.0,1522403.851061669,7256,,397771.0625,1300101.625,2672916.5
hang gliders,ta_north,174.0,1904752.987128937,7208,,491302.0625,1621693.875,3366516.5
hang gliders,ta_north,196.0,2357505.3692639363,7151,,602652.6875,2005464.75,4169582.5
hang gliders,ta_north,221.0,2898672.51803449,7096,,730673.875,2457053.5,5150563.0
hang gliders,ta_north,249.0,3582995.4556322466,7051,,875575.0625,3044276.75,6415689.0
hang gliders,ta_north,281.0,4390091.118920071,7008,,1048493.0,3730767.0,7878792.5
hang gliders,ta_north,316.0,5402976.746130277,6958,,1241460.5,4597808.0,9719301.0
hang gliders,ta_north,357.0,6650294.008511111,6879,,1542291.5,5640272.5,12019480.0
hang gliders,ta_north,402.0,8112998.00521042,6843,,1826644.375,6842712.0,14760690.0
hang gliders,ta_north,453.0,9964502.222293116,6794,,2161992.25,8375610.0,18264104.0
hang gliders,ta_north,511.0,12192354.900751686,6741,,2549307.5,10221559.0,22462218.0
hang gliders,ta_north,576.0,14942339.663618602,6683,,3013841.0,12480296.0,27784192.0
hang gliders,ta_north,649.0,18195266.018420875,6627,,3472438.75,15171228.0,34185236.0
hang gliders,ta_north,732.0,22210752.635667346,6576,,4011251.5,18385972.0,42128172.0
hang gliders,ta_north,825.0,27113545.003403526,6516,,4678189.0,22274140.0,51829668.0
hang gliders,ta_north,931.0,33167420.129447054,6454,,5358564.0,27116686.0,63911064.0
hang gliders,ta_north,1049.0,40486826.99479883,6405,,6077344.5,32943370.0,79220568.0
hang gliders,ta_north,1183.0,49596645.82693597,6350,,6786894.5,40068224.0,98190760.0
hang gliders,ta_north,1334.0,60679653.92833382,6286,,7597724.0,48674396.0,120714112.0
hang gliders,ta_north,1504.0,74077693.50552435,6216,,8530054.0,58846060.0,148171488.0
hang gliders,ta_north,1695.0,90200523.33123972,6123,,9553357.0,71045048.0,183098768.0
hang gliders,ta_north,1911.0,110500344.68386969,5997,,11179020.0,85887560.0,226630192.0
hang gliders,ta_north,2155.0,136337167.8255874,5835,,12980736.0,104916320.0,281616480.0
hang gliders,ta_north,2429.0,165861217.4391239,5652,,14791874.0,127143792.0,347067904.0
hang gliders,ta_north,2739.0,203230151.4055772,5424,,17585756.0,155099296.0,426558496.0
hang gliders,ta_north,3088.0,250032007.77111897,5136,,21471488.0,190361168.0,527734208.0
hang gliders,ta_north,3481.0,308945573.1716832,4763,,28094518.0,234842336.0,643620352.0
hang gliders,ta_north,3925.0,384398392.6821459,4334,,39547444.0,294634496.0,791190720.0
hang gliders,ta_north,4425.0,479410451.6589352,3874,,53112096.0,363973792.0,976967168.0
hang gliders,ta_north,4989.0,600855691.8261379,3353,,78769624.0,456023392.0,1201713920.0
hang gliders,ta_north,5624.0,760816725.3501222,2809,,120575520.0,564310528.0,1525754880.0
hang gliders,ta_north,6341.0,949592864.0543804,2264,,173122496.0,690776000.0,1939835392.0
hang gliders,ta_north,7149.0,1185240627.8592246,1762,,227689136.0,856862080.0,2436220416.0
hang gliders,ta_north,8059.0,1525579592.7349174,1219,,292141216.0,1085970048.0,3024458240.0
hang gliders,ta_north,9086.0,1973592366.381461,804,,448119040.0,1338230656.0,3752015360.0
hang gliders,ta_north,10000.0,2366352696.1850004,565,,508614848.0,1595374592.0,4253977088.0
hang gliders,ta_north,10244.0,2541753718.3310966,509,,576456448.0,1764000256.0,4423341056.0
hang gliders,ta_north,11549.0,3041094875.431694,296,,720431616.0,2236626432.0,4914311168.0
hang gliders,ta_north,13021.0,3297426587.004842,129,,886855296.0,2430122240.0,5474992128.0
hang gliders,ta_north,14680.0,4170037278.37124,34,,1297754368.0,3027296256.0,7580094464.0
hang gliders,ta_north,16550.0,4168567447.6086626,7,,1427720960.0,4935208960.0,6811981824.0
hang gliders,ta_north,18659.0,5180132318.97352,6,,1329836288.0,5958459904.0,8252100608.0
hang gliders,ta_north,21037.0,6552105610.076573,4,,3340632064.0,6829304320.0,9541819392.0
hang gliders,ta_north,23717.0,6716314337.913522,2,,3501360128.0,6716314112.0,9931268096.0
hang gliders,ta_north,26739.0,13500210710.84504,1,,13500211200.0,13500211200.0,13500211200.0
hang gliders,ta_north,30146.0,,0,,,,
hang gliders,ta_north,33987.0,,0,,,,
hang gliders,ta_north,38318.0,,0,,,,
hang gliders,ta_north,43200.0,,0,,,,
hang gliders,cohort_3600s,1.0,107.26774419125177,1639,4.8516888346614495,,,
hang gliders,cohort_3600s,2.0,430.7817022633757,2386,11.353584273051768,,,
hang gliders,cohort_3600s,3.0,889.7957977017867,2882,16.792060222810765,,,
hang gliders,cohort_3600s,4.0,1778.8458673378047,3030,31.429018876840036,,,
hang gliders,cohort_3600s,5.0,3226.702725692836,4394,50.321140508471544,,,
hang gliders,cohort_3600s,6.0,4178.168309305656,4420,66.13447906849103,,,
hang gliders,cohort_3600s,7.0,4991.922795695545,4440,79.04686857706183,,,
hang gliders,cohort_3600s,8.0,9674.95481375048,4458,131.6888930114311,,,
hang gliders,cohort_3600s,9.0,10393.097154900874,4464,131.94136863487537,,,
hang gliders,cohort_3600s,10.0,12235.097120703911,5198,153.57352505831545,,,
hang gliders,cohort_3600s,11.0,14068.991163161614,5219,169.44558546537223,,,
hang gliders,cohort_3600s,12.0,15798.109025023728,5221,203.15390213228108,,,
hang gliders,cohort_3600s,14.0,23310.7536274989,5224,289.99385102356905,,,
hang gliders,cohort_3600s,16.0,30728.45822706093,5237,383.765335091366,,,
hang gliders,cohort_3600s,18.0,40056.929505538275,5239,506.1457578749041,,,
hang gliders,cohort_3600s,20.0,45479.323486788126,5247,568.8894990886458,,,
hang gliders,cohort_3600s,23.0,58629.277350473865,5248,819.345843973952,,,
hang gliders,cohort_3600s,25.0,64481.32160966123,5414,957.466755128743,,,
hang gliders,cohort_3600s,29.0,90102.38826988224,5840,1192.0476432635176,,,
hang gliders,cohort_3600s,32.0,100976.89551931973,5877,1389.1255192625636,,,
hang gliders,cohort_3600s,37.0,130661.94181839943,5879,1957.5997161971918,,,
hang gliders,cohort_3600s,41.0,153407.98518515998,5881,2304.7770440555855,,,
hang gliders,cohort_3600s,46.0,187466.14554285043,5883,2862.999658091524,,,
hang gliders,cohort_3600s,52.0,220188.21928971366,5884,3458.558867373038,,,
hang gliders,cohort_3600s,59.0,274197.1828932384,5904,4485.711062165057,,,
hang gliders,cohort_3600s,67.0,324737.8539820666,5908,5501.578975374892,,,
hang gliders,cohort_3600s,75.0,374591.23549712374,5909,6568.9454810186135,,,
hang gliders,cohort_3600s,85.0,436332.26229569805,5910,8006.908513523631,,,
hang gliders,cohort_3600s,95.0,500632.1589639296,5912,9598.763686397857,,,
hang gliders,cohort_3600s,107.0,575889.2135715121,5912,11584.437290200192,,,
hang gliders,cohort_3600s,121.0,654670.924857568,5912,13990.7864482934,,,
hang gliders,cohort_3600s,137.0,758452.6310731309,5910,17249.998034893346,,,
hang gliders,cohort_3600s,154.0,866279.4265612754,5912,20906.240712453226,,,
hang gliders,cohort_3600s,174.0,1003004.6119373542,5913,25663.427138094925,,,
hang gliders,cohort_3600s,196.0,1160798.845598833,5909,31619.193177164867,,,
hang gliders,cohort_3600s,221.0,1334950.8068048034,5911,38851.64928335025,,,
hang gliders,cohort_3600s,249.0,1538127.3194076945,5915,47232.98535067253,,,
hang gliders,cohort_3600s,281.0,1756677.0370921881,5917,55339.199221010174,,,
hang gliders,cohort_3600s,316.0,1997585.5695239424,5915,62300.479248598946,,,
hang gliders,cohort_3600s,357.0,2279785.4184809397,5914,69508.23201675141,,,
hang gliders,cohort_3600s,402.0,2579614.2745176516,5918,75305.93935300341,,,
hang gliders,cohort_3600s,453.0,2980628.9882188533,5918,82218.23371152412,,,
hang gliders,cohort_3600s,511.0,3472578.394441214,5921,89137.46263119469,,,
hang gliders,cohort_3600s,576.0,4201750.024011465,5921,100274.90215859727,,,
hang gliders,cohort_3600s,649.0,5222278.947569043,5920,117221.2893668281,,,
hang gliders,cohort_3600s,732.0,6634112.447965999,5920,143505.42302561208,,,
hang gliders,cohort_3600s,825.0,8601349.816063933,5921,181989.84409934332,,,
hang gliders,cohort_3600s,931.0,11703017.70945932,5922,363807.0071578824,,,
hang gliders,cohort_3600s,1049.0,15548291.301431393,5920,312329.13130171626,,,
hang gliders,cohort_3600s,1183.0,21131030.522471584,5917,407976.9915740863,,,
hang gliders,cohort_3600s,1334.0,29278492.595387235,5918,799978.4409212619,,,
hang gliders,cohort_3600s,1504.0,38923667.719282165,5917,695056.9714175246,,,
hang gliders,cohort_3600s,1695.0,52736365.46688985,5920,928154.2203349539,,,
hang gliders,cohort_3600s,1911.0,70882082.04438642,5921,1225584.01646043,,,
hang gliders,cohort_3600s,2155.0,94115883.787165,5931,1594706.7025532483,,,
hang gliders,cohort_3600s,2429.0,125370317.01712891,5929,3058680.6464060154,,,
hang gliders,cohort_3600s,2739.0,159441563.72718906,5925,2685644.58253735,,,
hang gliders,cohort_3600s,3088.0,207217067.3558594,5921,5056900.291701428,,,
hang gliders,cohort_3600s,3481.0,259060633.8046503,5919,4588906.686690959,,,
hang gliders,cohort_3600s,3925.0,326294297.46783984,5868,5930124.91924812,,,
hang gliders,cohort_3600s,4425.0,410810697.9969204,5735,7737712.611170118,,,
hang gliders,cohort_3600s,4989.0,505551669.42057973,5584,9513695.073038736,,,
hang gliders,cohort_3600s,5624.0,639185692.769737,5386,16912762.425090954,,,
hang gliders,cohort_3600s,6341.0,775015107.8885126,5101,15829899.814159552,,,
hang gliders,cohort_3600s,7149.0,958341677.90827,4758,20886688.08220388,,,
hang gliders,cohort_3600s,8059.0,1196710266.6601598,4334,28099167.825195964,,,
hang gliders,cohort_3600s,9086.0,1448554197.6261432,3893,37663519.12684759,,,
hang gliders,cohort_3600s,10000.0,1679658564.9224582,3482,48704115.55123822,,,
hang gliders,cohort_3600s,10244.0,1737093937.2498052,3381,52079421.75207071,,,
hang gliders,cohort_3600s,11549.0,2058767787.9997146,2847,70182495.71853322,,,
hang gliders,cohort_3600s,13021.0,2464067991.0694113,2282,102362916.71790962,,,
hang gliders,cohort_3600s,14680.0,2916911193.5235143,1760,149446939.6207315,,,
hang gliders,cohort_3600s,16550.0,3761439641.441759,1237,240189669.7023973,,,
hang gliders,cohort_3600s,18659.0,4893015209.892732,832,413073491.32436574,,,
hang gliders,cohort_3600s,21037.0,5964624804.051791,536,712915887.9348786,,,
hang gliders,cohort_3600s,23717.0,6685279274.122961,314,1202900039.424574,,,
hang gliders,cohort_3600s,26739.0,12494334606.806551,110,3248444327.929269,,,
hang gliders,cohort_3600s,30146.0,15831723073.527367,26,6982101009.902984,,,
hang gliders,cohort_3600s,33987.0,28561526199.899605,7,11625285222.78705,,,
hang gliders,cohort_3600s,38318.0,40087122161.75685,6,18098402115.096497,,,
hang gliders,cohort_3600s,43200.0,54462257123.08682,3,43550127397.317345,,,
hang gliders,cohort_7200s,1.0,106.78359192946772,1316,5.559432790059925,,,
hang gliders,cohort_7200s,2.0,431.0642752521876,1896,13.131959702115676,,,
hang gliders,cohort_7200s,3.0,902.1563886168997,2283,20.008794283508113,,,
hang gliders,cohort_7200s,4.0,1816.2367515671936,2405,38.12980716132706,,,
hang gliders,cohort_7200s,5.0,3253.9990438670948,3458,57.08827409694802,,,
hang gliders,cohort_7200s,6.0,4242.655510640062,3481,78.72207918130825,,,
hang gliders,cohort_7200s,7.0,5116.864792188616,3497,95.41470570659729,,,
hang gliders,cohort_7200s,8.0,9739.774399019354,3515,142.59645587120113,,,
hang gliders,cohort_7200s,9.0,10498.096440373765,3521,143.11351137662615,,,
hang gliders,cohort_7200s,10.0,12369.538822557597,4118,162.8420641781866,,,
hang gliders,cohort_7200s,11.0,14311.76373478651,4138,185.77670430457283,,,
hang gliders,cohort_7200s,12.0,16121.161757570133,4140,231.8180113186134,,,
hang gliders,cohort_7200s,14.0,23649.39284205054,4143,320.86839792525564,,,
hang gliders,cohort_7200s,16.0,31574.58232124744,4156,440.20395469395277,,,
hang gliders,cohort_7200s,18.0,41002.85248625685,4158,567.953476447547,,,
hang gliders,cohort_7200s,20.0,46814.816031592476,4165,650.3866823259435,,,
hang gliders,cohort_7200s,23.0,60444.895624142475,4166,933.8368536483123,,,
hang gliders,cohort_7200s,25.0,66823.13440041571,4306,1118.8387284187943,,,
hang gliders,cohort_7200s,29.0,93663.26847256311,4657,1365.6455552153502,,,
hang gliders,cohort_7200s,32.0,104989.22157475053,4691,1535.0380457603935,,,
hang gliders,cohort_7200s,37.0,136740.3440064055,4693,2232.35151527085,,,
hang gliders,cohort_7200s,41.0,161046.1003502742,4695,2621.038791048859,,,
hang gliders,cohort_7200s,46.0,197571.9307216906,4696,3265.09020435757,,,
hang gliders,cohort_7200s,52.0,233314.62384328386,4697,3955.8304470612193,,,
hang gliders,cohort_7200s,59.0,291996.34728614014,4714,5125.359400094598,,,
hang gliders,cohort_7200s,67.0,347538.74917029444,4718,6335.38269266124,,,
hang gliders,cohort_7200s,75.0,402010.91345219465,4718,7573.8165915974605,,,
hang gliders,cohort_7200s,85.0,469047.15078415687,4718,9278.25756519365,,,
hang gliders,cohort_7200s,95.0,538529.3922992038,4720,11188.47614721706,,,
hang gliders,cohort_7200s,107.0,619006.7168707275,4721,13550.848306934515,,,
hang gliders,cohort_7200s,121.0,703909.0461621075,4722,16452.50185408521,,,
hang gliders,cohort_7200s,137.0,815895.4906756484,4720,20382.751734768906,,,
hang gliders,cohort_7200s,154.0,934099.3593491791,4720,24843.554160954434,,,
hang gliders,cohort_7200s,174.0,1085327.5288583706,4723,30630.81897859232,,,
hang gliders,cohort_7200s,196.0,1260805.943163949,4722,37878.253993046055,,,
hang gliders,cohort_7200s,221.0,1455820.1107755923,4722,46775.86025628219,,,
hang gliders,cohort_7200s,249.0,1679529.087335623,4726,56946.60094901625,,,
hang gliders,cohort_7200s,281.0,1916704.7898961287,4727,66711.21248496465,,,
hang gliders,cohort_7200s,316.0,2173159.864773063,4725,74792.62178299451,,,
hang gliders,cohort_7200s,357.0,2476196.127370827,4723,83161.55366919305,,,
hang gliders,cohort_7200s,402.0,2793667.117301825,4726,89832.05286971675,,,
hang gliders,cohort_7200s,453.0,3219793.36090728,4726,97479.30151208842,,,
hang gliders,cohort_7200s,511.0,3726425.380258697,4729,104393.50701738786,,,
hang gliders,cohort_7200s,576.0,4472173.551226729,4730,114978.43817106666,,,
hang gliders,cohort_7200s,649.0,5523008.109386339,4731,130890.93513727083,,,
hang gliders,cohort_7200s,732.0,6984483.375095883,4727,156711.69116172078,,,
hang gliders,cohort_7200s,825.0,9011873.52844638,4728,194962.9840161967,,,
hang gliders,cohort_7200s,931.0,11932849.96373272,4730,248907.98792257006,,,
hang gliders,cohort_7200s,1049.0,16257123.881969923,4729,332050.2406678287,,,
hang gliders,cohort_7200s,1183.0,22256759.589885015,4727,443675.44858215476,,,
hang gliders,cohort_7200s,1334.0,30433087.649055347,4727,584655.3311608302,,,
hang gliders,cohort_7200s,1504.0,41533227.31888222,4728,771273.0621580546,,,
hang gliders,cohort_7200s,1695.0,56612220.48591446,4727,1031692.268979175,,,
hang gliders,cohort_7200s,1911.0,76421813.30626121,4728,1346609.58808828,,,
hang gliders,cohort_7200s,2155.0,101836068.36764959,4735,1753663.746999654,,,
hang gliders,cohort_7200s,2429.0,133710762.65059581,4733,2261337.242748745,,,
hang gliders,cohort_7200s,2739.0,173815636.49611008,4735,2925021.4843656174,,,
hang gliders,cohort_7200s,3088.0,223017719.2480247,4732,3784110.415232979,,,
hang gliders,cohort_7200s,3481.0,284492611.47408307,4728,4939688.661147452,,,
hang gliders,cohort_7200s,3925.0,358253493.312337,4731,6310672.222703093,,,
hang gliders,cohort_7200s,4425.0,446776491.8067227,4733,8126754.231446901,,,
hang gliders,cohort_7200s,4989.0,550838730.123566,4735,10337779.501479803,,,
hang gliders,cohort_7200s,5624.0,673463352.0114701,4739,13132345.123202804,,,
hang gliders,cohort_7200s,6341.0,812566703.5190172,4734,16692991.35708305,,,
hang gliders,cohort_7200s,7149.0,960859518.8467065,4738,20955033.780557215,,,
hang gliders,cohort_7200s,8059.0,1196710266.6601598,4334,28099167.825195964,,,
hang gliders,cohort_7200s,9086.0,1448554197.6261432,3893,37663519.12684759,,,
hang gliders,cohort_7200s,10000.0,1679658564.9224582,3482,48704115.55123822,,,
hang gliders,cohort_7200s,10244.0,1737093937.2498052,3381,52079421.75207071,,,
hang gliders,cohort_7200s,11549.0,2058767787.9997146,2847,70182495.71853322,,,
hang gliders,cohort_7200s,13021.0,2464067991.0694113,2282,102362916.71790962,,,
hang gliders,cohort_7200s,14680.0,2916911193.5235143,1760,149446939.6207315,,,
hang gliders,cohort_7200s,16550.0,3761439641.441759,1237,240189669.7023973,,,
hang gliders,cohort_7200s,18659.0,4893015209.892732,832,413073491.32436574,,,
hang gliders,cohort_7200s,21037.0,5964624804.051791,536,712915887.9348786,,,
hang gliders,cohort_7200s,23717.0,6685279274.122961,314,1202900039.424574,,,
hang gliders,cohort_7200s,26739.0,12494334606.806551,110,3248444327.929269,,,
hang gliders,cohort_7200s,30146.0,15831723073.527367,26,6982101009.902984,,,
hang gliders,cohort_7200s,33987.0,28561526199.899605,7,11625285222.78705,,,
hang gliders,cohort_7200s,38318.0,40087122161.75685,6,18098402115.096497,,,
hang gliders,cohort_7200s,43200.0,54462257123.08682,3,43550127397.317345,,,
hang gliders,cohort_14400s,1.0,87.27101580771696,581,5.948911092626098,,,
hang gliders,cohort_14400s,2.0,410.58373352120975,759,18.5710034109177,,,
hang gliders,cohort_14400s,3.0,926.1941918706608,912,27.934876916936208,,,
hang gliders,cohort_14400s,4.0,1861.877641317493,976,45.24106517612947,,,
hang gliders,cohort_14400s,5.0,3424.32170028191,1360,98.41818335068416,,,
hang gliders,cohort_14400s,6.0,4385.311487533604,1365,102.79028814901385,,,
hang gliders,cohort_14400s,7.0,5502.57794739727,1366,125.74331984709421,,,
hang gliders,cohort_14400s,8.0,10482.273544885706,1374,237.80715001501952,,,
hang gliders,cohort_14400s,9.0,11426.503194485129,1378,237.27070489442838,,,
hang gliders,cohort_14400s,10.0,13231.599946925284,1592,229.14104697575516,,,
hang gliders,cohort_14400s,11.0,15783.919715345142,1595,292.1548257083811,,,
hang gliders,cohort_14400s,12.0,17973.699298054536,1596,446.7462717127697,,,
hang gliders,cohort_14400s,14.0,26843.83194072063,1598,632.0931180194094,,,
hang gliders,cohort_14400s,16.0,35819.32600359282,1601,735.0219203578376,,,
hang gliders,cohort_14400s,18.0,47116.462268626,1602,1044.0059305598427,,,
hang gliders,cohort_14400s,20.0,54931.73113717539,1605,1246.8410231338546,,,
hang gliders,cohort_14400s,23.0,72850.54686061405,1606,1906.237832659695,,,
hang gliders,cohort_14400s,25.0,81070.33390555075,1656,2411.2628520964363,,,
hang gliders,cohort_14400s,29.0,115771.8389408693,1812,2749.368919996378,,,
hang gliders,cohort_14400s,32.0,131117.90226763705,1831,3070.0512246110616,,,
hang gliders,cohort_14400s,37.0,171984.0113608475,1831,4034.632073276763,,,
hang gliders,cohort_14400s,41.0,206046.18875925548,1832,4828.375300112286,,,
hang gliders,cohort_14400s,46.0,255456.12875650742,1832,6113.480375916496,,,
hang gliders,cohort_14400s,52.0,306754.2397225069,1832,7542.241097501101,,,
hang gliders,cohort_14400s,59.0,389824.9023156819,1841,9905.47099613398,,,
hang gliders,cohort_14400s,67.0,467880.617404523,1842,12340.701866782909,,,
hang gliders,cohort_14400s,75.0,548827.2125186605,1842,14868.18536499339,,,
hang gliders,cohort_14400s,85.0,647479.155988125,1842,18385.79966347545,,,
hang gliders,cohort_14400s,95.0,752843.4557132471,1842,22461.439414282482,,,
hang gliders,cohort_14400s,107.0,875028.8517257611,1843,27507.287506740133,,,
hang gliders,cohort_14400s,121.0,1016068.474111538,1842,34092.11292168577,,,
hang gliders,cohort_14400s,137.0,1195708.1869729229,1841,42969.31251674664,,,
hang gliders,cohort_14400s,154.0,1392671.5624385555,1843,53296.91752023397,,,
hang gliders,cohort_14400s,174.0,1649401.6389289622,1845,66831.89014386502,,,
hang gliders,cohort_14400s,196.0,1949861.3734589417,1845,83834.36002034869,,,
hang gliders,cohort_14400s,221.0,2311518.6684469557,1845,105045.92629746914,,,
hang gliders,cohort_14400s,249.0,2709891.970669685,1846,128658.82081034915,,,
hang gliders,cohort_14400s,281.0,3119986.6647593705,1847,151253.2919050682,,,
hang gliders,cohort_14400s,316.0,3523129.0175086437,1844,169665.93905614197,,,
hang gliders,cohort_14400s,357.0,3968586.099620128,1845,186552.62822562346,,,
hang gliders,cohort_14400s,402.0,4395706.5023768125,1847,197877.3111631868,,,
hang gliders,cohort_14400s,453.0,4943478.400371877,1846,211920.6572035195,,,
hang gliders,cohort_14400s,511.0,5568833.633488903,1847,223542.8664292282,,,
hang gliders,cohort_14400s,576.0,6453976.620103707,1846,239277.0729198985,,,
hang gliders,cohort_14400s,649.0,7655173.537874227,1845,260970.64867981325,,,
hang gliders,cohort_14400s,732.0,9319627.355109433,1843,303089.2034550524,,,
hang gliders,cohort_14400s,825.0,11674798.803157438,1842,369954.82703430444,,,
hang gliders,cohort_14400s,931.0,14934109.18555303,1846,457428.79909014393,,,
hang gliders,cohort_14400s,1049.0,20142939.557946943,1846,596143.8133656866,,,
hang gliders,cohort_14400s,1183.0,27381021.054139137,1845,779192.6456987808,,,
hang gliders,cohort_14400s,1334.0,37797745.18259686,1849,1031361.6695227338,,,
hang gliders,cohort_14400s,1504.0,52626365.605963565,1847,1373944.289031559,,,
hang gliders,cohort_14400s,1695.0,72288429.90869674,1847,1826455.473100913,,,
hang gliders,cohort_14400s,1911.0,98988860.05033629,1848,2401871.8910303954,,,
hang gliders,cohort_14400s,2155.0,134526520.99277464,1851,3121616.5354683506,,,
hang gliders,cohort_14400s,2429.0,179659555.95225126,1847,4071287.9193867464,,,
hang gliders,cohort_14400s,2739.0,237808183.63282892,1850,5285444.93676463,,,
hang gliders,cohort_14400s,3088.0,313046245.4475466,1851,6865607.309966631,,,
hang gliders,cohort_14400s,3481.0,403757328.8173042,1849,9017988.211984029,,,
hang gliders,cohort_14400s,3925.0,514619353.62460846,1850,11720651.540601494,,,
hang gliders,cohort_14400s,4425.0,647839439.1128434,1850,15532468.179549154,,,
hang gliders,cohort_14400s,4989.0,802121106.5653229,1850,20081040.651859626,,,
hang gliders,cohort_14400s,5624.0,997871385.838012,1852,25542070.382838182,,,
hang gliders,cohort_14400s,6341.0,1248725062.6251812,1849,32079920.95734304,,,
hang gliders,cohort_14400s,7149.0,1556901047.7711701,1850,40221719.04564503,,,
hang gliders,cohort_14400s,8059.0,1910067887.621064,1851,50034949.8453157,,,
hang gliders,cohort_14400s,9086.0,2243208847.350612,1852,61058544.13887827,,,
hang gliders,cohort_14400s,10000.0,2489654541.9131784,1849,72871898.04985611,,,
hang gliders,cohort_14400s,10244.0,2530956688.2589674,1851,76007393.46382599,,,
hang gliders,cohort_14400s,11549.0,2720919860.418837,1848,94792448.541682,,,
hang gliders,cohort_14400s,13021.0,2818814111.990394,1847,117361877.1663435,,,
hang gliders,cohort_14400s,14680.0,2916911193.5235143,1760,149446939.6207315,,,
hang gliders,cohort_14400s,16550.0,3761439641.441759,1237,240189669.7023973,,,
hang gliders,cohort_14400s,18659.0,4893015209.892732,832,413073491.32436574,,,
hang gliders,cohort_14400s,21037.0,5964624804.051791,536,712915887.9348786,,,
hang gliders,cohort_14400s,23717.0,6685279274.122961,314,1202900039.424574,,,
hang gliders,cohort_14400s,26739.0,12494334606.806551,110,3248444327.929269,,,
hang gliders,cohort_14400s,30146.0,15831723073.527367,26,6982101009.902984,,,
hang gliders,cohort_14400s,33987.0,28561526199.899605,7,11625285222.78705,,,
hang gliders,cohort_14400s,38318.0,40087122161.75685,6,18098402115.096497,,,
hang gliders,cohort_14400s,43200.0,54462257123.08682,3,43550127397.317345,,,
hang gliders,ta_cohort_3600s,1.0,271.2588343993051,1710,,176.11199951171875,249.70603942871094,443.19134521484375
hang gliders,ta_cohort_3600s,2.0,1049.7518454547064,2524,,700.316162109375,983.6861572265625,1497.37841796875
hang gliders,ta_cohort_3600s,3.0,2730.207376553866,3150,,1592.790771484375,2406.8330078125,4334.48876953125
hang gliders,ta_cohort_3600s,4.0,3760.111706612086,3337,,2030.7098388671875,3533.950439453125,5591.17529296875
hang gliders,ta_cohort_3600s,5.0,5770.880550775747,4990,,3387.689697265625,5186.64453125,8902.6171875
hang gliders,ta_cohort_3600s,6.0,7885.280077550838,5016,,4305.8681640625,7096.04736328125,11739.951171875
hang gliders,ta_cohort_3600s,7.0,9785.560812968522,5037,,4368.00830078125,8791.556640625,16196.056640625
hang gliders,ta_cohort_3600s,8.0,16618.137988174753,5055,,9938.560546875,15402.0029296875,25346.234375
hang gliders,ta_cohort_3600s,9.0,17893.472699264043,5063,,10985.6064453125,16581.869140625,26009.58203125
hang gliders,ta_cohort_3600s,10.0,19627.900612643898,6033,,12226.4267578125,18250.658203125,27349.189453125
hang gliders,ta_cohort_3600s,11.0,23581.38942644337,6052,,13883.07421875,20925.45703125,35073.625
hang gliders,ta_cohort_3600s,12.0,24826.956533433244,6053,,14292.919921875,21952.064453125,37186.59375
hang gliders,ta_cohort_3600s,14.0,36164.08834756263,6053,,17202.77734375,33809.328125,55392.79296875
hang gliders,ta_cohort_3600s,16.0,47639.43617164141,6060,,27578.70703125,42676.203125,74367.8671875
hang gliders,ta_cohort_3600s,18.0,60725.87132087072,6061,,35603.56640625,56996.19140625,87996.4765625
hang gliders,ta_cohort_3600s,20.0,68197.32169984793,6064,,40203.10546875,62661.734375,96876.8359375
hang gliders,ta_cohort_3600s,23.0,89173.63524573341,6064,,49584.5390625,80834.015625,133559.5625
hang gliders,ta_cohort_3600s,25.0,93335.83664415288,6064,,52063.74609375,84173.28125,136821.265625
hang gliders,ta_cohort_3600s,29.0,134494.38388904824,6064,,76119.109375,124392.203125,193965.1875
hang gliders,ta_cohort_3600s,32.0,151038.0242982998,6064,,84828.21875,136743.9375,221109.046875
hang gliders,ta_cohort_3600s,37.0,201561.8021053141,6064,,110898.1640625,183214.40625,299950.3125
hang gliders,ta_cohort_3600s,41.0,242149.49051535098,6064,,132059.5625,221221.578125,353930.03125
hang gliders,ta_cohort_3600s,46.0,309800.7764926514,6064,,165396.546875,284341.875,462313.4375
hang gliders,ta_cohort_3600s,52.0,369478.28498342703,6064,,196403.09375,336992.75,545890.375
hang gliders,ta_cohort_3600s,59.0,491422.8419121701,6064,,256110.796875,452154.1875,733068.1875
hang gliders,ta_cohort_3600s,67.0,607407.8291596127,6066,,313105.375,558601.9375,909497.875
hang gliders,ta_cohort_3600s,75.0,763480.1405303266,6066,,387396.4375,703485.25,1151097.25
hang gliders,ta_cohort_3600s,85.0,916539.2765205435,6066,,457834.0625,840344.8125,1380631.25
hang gliders,ta_cohort_3600s,95.0,1171656.2984392906,6066,,576829.6875,1077211.75,1785984.75
hang gliders,ta_cohort_3600s,107.0,1428500.195973616,6066,,693290.375,1307527.75,2188105.5
hang gliders,ta_cohort_3600s,121.0,1756478.0167634052,6066,,838997.75,1610860.5,2688297.25
hang gliders,ta_cohort_3600s,137.0,2213957.440426064,6066,,1036303.125,2028897.0,3424925.5
hang gliders,ta_cohort_3600s,154.0,2713596.2124961526,6066,,1251040.0,2493525.25,4204316.0
hang gliders,ta_cohort_3600s,174.0,3380696.964244509,6066,,1519726.25,3097597.25,5288200.0
hang gliders,ta_cohort_3600s,196.0,4186749.3509225794,6066,,1852649.5,3832149.25,6631425.0
hang gliders,ta_cohort_3600s,221.0,5130910.778908749,6066,,2219962.75,4684103.5,8164511.0
hang gliders,ta_cohort_3600s,249.0,6340098.642652745,6066,,2687411.5,5789250.5,10143944.0
hang gliders,ta_cohort_3600s,281.0,7764253.902665254,6066,,3210234.0,7052665.5,12500760.0
hang gliders,ta_cohort_3600s,316.0,9522482.657210065,6066,,3853525.5,8623654.0,15529698.0
hang gliders,ta_cohort_3600s,357.0,11674834.285993896,6066,,4591496.5,10541275.0,19237564.0
hang gliders,ta_cohort_3600s,402.0,14210049.375691935,6066,,5430637.5,12753532.0,23577932.0
hang gliders,ta_cohort_3600s,453.0,17408498.17440735,6066,,6415676.0,15587093.0,29045448.0
hang gliders,ta_cohort_3600s,511.0,21255555.674529407,6066,,7556306.0,18925818.0,35790464.0
hang gliders,ta_cohort_3600s,576.0,25981201.534197073,6066,,8873708.0,23022992.0,44194472.0
hang gliders,ta_cohort_3600s,649.0,31631330.970725283,6066,,10336376.0,27953056.0,54422552.0
hang gliders,ta_cohort_3600s,732.0,38511772.58465093,6066,,11988652.0,33841816.0,67048672.0
hang gliders,ta_cohort_3600s,825.0,46918506.143551245,6066,,13876512.0,41099616.0,82619456.0
hang gliders,ta_cohort_3600s,931.0,57341807.965774976,6066,,15973018.0,49829688.0,102261728.0
hang gliders,ta_cohort_3600s,1049.0,69871270.49219093,6066,,18259710.0,60442392.0,126058848.0
hang gliders,ta_cohort_3600s,1183.0,85084435.9214815,6066,,20734610.0,73060000.0,155774448.0
hang gliders,ta_cohort_3600s,1334.0,103515226.03683837,6066,,23527528.0,88363056.0,192295424.0
hang gliders,ta_cohort_3600s,1504.0,125759277.8603051,6066,,26315656.0,106399040.0,237758432.0
hang gliders,ta_cohort_3600s,1695.0,152676738.6535928,6066,,28790100.0,126874576.0,294052224.0
hang gliders,ta_cohort_3600s,1911.0,185565407.50857696,5997,,32840690.0,152854896.0,361103104.0
hang gliders,ta_cohort_3600s,2155.0,227006619.47344002,5835,,37832632.0,185473280.0,448871488.0
hang gliders,ta_cohort_3600s,2429.0,275064836.0066208,5652,,43192400.0,223973296.0,557231744.0
hang gliders,ta_cohort_3600s,2739.0,334834235.79649454,5424,,50823944.0,268897280.0,684159680.0
hang gliders,ta_cohort_3600s,3088.0,409861520.9336073,5136,,61264968.0,325529280.0,845318848.0
hang gliders,ta_cohort_3600s,3481.0,504405122.91668046,4763,,78399416.0,393208576.0,1042683712.0
hang gliders,ta_cohort_3600s,3925.0,624625606.6618309,4334,,110603272.0,479046784.0,1309328640.0
hang gliders,ta_cohort_3600s,4425.0,775937603.5296202,3874,,152764704.0,584975808.0,1615174912.0
hang gliders,ta_cohort_3600s,4989.0,970081753.3154513,3353,,214676864.0,730852544.0,2044346752.0
hang gliders,ta_cohort_3600s,5624.0,1226788124.1398644,2809,,312025120.0,903705792.0,2590548736.0
hang gliders,ta_cohort_3600s,6341.0,1545738452.7909572,2264,,401515872.0,1123906560.0,3263310080.0
hang gliders,ta_cohort_3600s,7149.0,1970815158.609218,1762,,524638784.0,1362574848.0,4134260480.0
hang gliders,ta_cohort_3600s,8059.0,2587541433.218321,1219,,714871232.0,1819980800.0,5451466240.0
hang gliders,ta_cohort_3600s,9086.0,3479020838.7472796,804,,962463808.0,2477777408.0,6657273856.0
hang gliders,ta_cohort_3600s,10000.0,4288448620.215963,565,,1320229248.0,3238537728.0,7520422400.0
hang gliders,ta_cohort_3600s,10244.0,4601860397.868322,509,,1472310528.0,3478490624.0,7934661120.0
hang gliders,ta_cohort_3600s,11549.0,5796813753.906644,296,,2181890560.0,4293138944.0,11348056064.0
hang gliders,ta_cohort_3600s,13021.0,7500840956.970351,129,,2865190912.0,5175624192.0,14050109440.0
hang gliders,ta_cohort_3600s,14680.0,9490786676.756042,34,,3871644672.0,5431710720.0,19379513344.0
hang gliders,ta_cohort_3600s,16550.0,11481142805.85322,7,,4808293888.0,6623024640.0,22950975488.0
hang gliders,ta_cohort_3600s,18659.0,15398623488.45117,6,,5530770432.0,9775230976.0,30889869312.0
hang gliders,ta_cohort_3600s,21037.0,18152209864.179546,4,,5543193600.0,8706153472.0,38318071808.0
hang gliders,ta_cohort_3600s,23717.0,34695194876.050804,2,,11511591936.0,34695192576.0,57878798336.0
hang gliders,ta_cohort_3600s,26739.0,81150920149.5055,1,,81150918656.0,81150918656.0,81150918656.0
hang gliders,ta_cohort_3600s,30146.0,,0,,,,
hang gliders,ta_cohort_3600s,33987.0,,0,,,,
hang gliders,ta_cohort_3600s,38318.0,,0,,,,
hang gliders,ta_cohort_3600s,43200.0,,0,,,,
hang gliders,ta_cohort_7200s,1.0,284.3824842116114,1298,,187.9454345703125,259.8353271484375,461.2516784667969
hang gliders,ta_cohort_7200s,2.0,1095.293159830712,1937,,748.4467163085938,1019.3248291015625,1685.2545166015625
hang gliders,ta_cohort_7200s,3.0,2858.934035444702,2410,,1714.01611328125,2506.812255859375,4434.00390625
hang gliders,ta_cohort_7200s,4.0,3943.19098826838,2564,,2165.92626953125,3702.76025390625,6357.11767578125
hang gliders,ta_cohort_7200s,5.0,5971.372377009084,3793,,3522.929443359375,5389.1240234375,9289.076171875
hang gliders,ta_cohort_7200s,6.0,8253.210405825033,3816,,4420.9853515625,7443.38427734375,12445.697265625
hang gliders,ta_cohort_7200s,7.0,10273.242382646844,3832,,4476.87158203125,9296.033203125,17452.56640625
hang gliders,ta_cohort_7200s,8.0,17162.81787864362,3850,,10658.078125,15873.654296875,26218.251953125
hang gliders,ta_cohort_7200s,9.0,18501.447808511304,3855,,11621.0234375,17182.58203125,27095.181640625
hang gliders,ta_cohort_7200s,10.0,20351.16757497058,4624,,13086.4931640625,18865.64453125,28232.158203125
hang gliders,ta_cohort_7200s,11.0,24572.495192468017,4643,,14593.447265625,21965.78515625,37108.05859375
hang gliders,ta_cohort_7200s,12.0,25911.963648568522,4644,,14998.3681640625,23059.193359375,38738.8046875
hang gliders,ta_cohort_7200s,14.0,37552.11388778407,4644,,17849.09375,35188.40625,57163.67578125
hang gliders,ta_cohort_7200s,16.0,49833.52177571743,4651,,29313.421875,45310.5,77903.734375
hang gliders,ta_cohort_7200s,18.0,63263.22005871415,4652,,38819.8203125,59353.875,90770.75
hang gliders,ta_cohort_7200s,20.0,71305.63785114576,4654,,44170.25,65599.515625,101742.1796875
hang gliders,ta_cohort_7200s,23.0,93158.40777573668,4654,,54701.515625,85142.953125,138629.140625
hang gliders,ta_cohort_7200s,25.0,97581.80875914848,4654,,56559.59765625,88641.453125,142082.515625
hang gliders,ta_cohort_7200s,29.0,141108.93552142158,4654,,84316.84375,131181.9375,202342.828125
hang gliders,ta_cohort_7200s,32.0,158896.3621457599,4654,,93597.1015625,144584.21875,231390.359375
hang gliders,ta_cohort_7200s,37.0,212453.49299849637,4654,,122859.2421875,195095.984375,309707.5
hang gliders,ta_cohort_7200s,41.0,255157.57379828286,4654,,148873.796875,235120.390625,370101.3125
hang gliders,ta_cohort_7200s,46.0,327285.092101881,4654,,186104.09375,301547.5625,478815.0625
hang gliders,ta_cohort_7200s,52.0,390407.50627253234,4654,,222548.984375,359486.0,569759.625
hang gliders,ta_cohort_7200s,59.0,519526.35957911384,4654,,292466.28125,483051.9375,761558.9375
hang gliders,ta_cohort_7200s,67.0,643823.2700943245,4656,,356121.3125,592049.375,954472.375
hang gliders,ta_cohort_7200s,75.0,809676.39011476,4656,,443903.5,748692.1875,1200971.0
hang gliders,ta_cohort_7200s,85.0,971925.304634441,4656,,530076.125,895828.9375,1445023.75
hang gliders,ta_cohort_7200s,95.0,1244993.6719418159,4656,,669234.875,1147468.5,1882050.5
hang gliders,ta_cohort_7200s,107.0,1519871.1998633198,4656,,809919.375,1397311.5,2292118.0
hang gliders,ta_cohort_7200s,121.0,1869322.347687448,4656,,987743.875,1722176.25,2807472.0
hang gliders,ta_cohort_7200s,137.0,2359484.9614330907,4656,,1232113.25,2166932.5,3591944.75
hang gliders,ta_cohort_7200s,154.0,2892546.298588439,4656,,1491887.5,2674238.25,4396070.5
hang gliders,ta_cohort_7200s,174.0,3608826.3191582086,4656,,1837518.875,3327025.5,5517817.0
hang gliders,ta_cohort_7200s,196.0,4475577.097064636,4656,,2243724.0,4108309.25,6897805.5
hang gliders,ta_cohort_7200s,221.0,5490068.18429123,4656,,2717944.0,5043782.0,8508754.0
hang gliders,ta_cohort_7200s,249.0,6790306.217280936,4656,,3304653.0,6223509.0,10627604.0
hang gliders,ta_cohort_7200s,281.0,8327181.296862455,4656,,4002138.25,7600979.5,13094554.0
hang gliders,ta_cohort_7200s,316.0,10225998.845860884,4656,,4793705.0,9324608.0,16166878.0
hang gliders,ta_cohort_7200s,357.0,12552755.729441762,4656,,5802706.5,11420696.0,19975302.0
hang gliders,ta_cohort_7200s,402.0,15297208.91914544,4656,,6923374.5,13899464.0,24593370.0
hang gliders,ta_cohort_7200s,453.0,18760623.125353444,4656,,8291260.5,16988058.0,30357732.0
hang gliders,ta_cohort_7200s,511.0,22945630.79469496,4656,,9952732.0,20714772.0,37559880.0
hang gliders,ta_cohort_7200s,576.0,28091469.853139404,4656,,11879310.0,25318428.0,46458216.0
hang gliders,ta_cohort_7200s,649.0,34253274.378284276,4656,,14119798.0,30693844.0,57215028.0
hang gliders,ta_cohort_7200s,732.0,41785508.82655342,4656,,16722796.0,37250984.0,70544928.0
hang gliders,ta_cohort_7200s,825.0,50997859.6100563,4656,,19767544.0,45334616.0,86914000.0
hang gliders,ta_cohort_7200s,931.0,62461626.19893876,4656,,23162036.0,55198500.0,107704272.0
hang gliders,ta_cohort_7200s,1049.0,76262254.64540738,4656,,26933566.0,67124072.0,133711072.0
hang gliders,ta_cohort_7200s,1183.0,93072634.32859586,4656,,31390424.0,81479432.0,165045856.0
hang gliders,ta_cohort_7200s,1334.0,113490032.90027416,4656,,36554796.0,98676400.0,203287504.0
hang gliders,ta_cohort_7200s,1504.0,138195926.763932,4656,,42135504.0,119203104.0,250507648.0
hang gliders,ta_cohort_7200s,1695.0,168207802.77636707,4656,,48434328.0,144707392.0,311396384.0
hang gliders,ta_cohort_7200s,1911.0,203929829.94057843,4656,,54984640.0,174201792.0,382653440.0
hang gliders,ta_cohort_7200s,2155.0,247151607.70520356,4656,,62069840.0,209028976.0,471578240.0
hang gliders,ta_cohort_7200s,2429.0,297991458.35442764,4656,,69529008.0,248226736.0,580894592.0
hang gliders,ta_cohort_7200s,2739.0,358357001.9695411,4656,,75374632.0,294435296.0,708662080.0
hang gliders,ta_cohort_7200s,3088.0,428789473.2609641,4656,,80920936.0,346537536.0,865433472.0
hang gliders,ta_cohort_7200s,3481.0,509622270.51709014,4656,,83156432.0,399477184.0,1049941120.0
hang gliders,ta_cohort_7200s,3925.0,624625606.6618309,4334,,110603272.0,479046784.0,1309328640.0
hang gliders,ta_cohort_7200s,4425.0,775937603.5296202,3874,,152764704.0,584975808.0,1615174912.0
hang gliders,ta_cohort_7200s,4989.0,970081753.3154513,3353,,214676864.0,730852544.0,2044346752.0
hang gliders,ta_cohort_7200s,5624.0,1226788124.1398644,2809,,312025120.0,903705792.0,2590548736.0
hang gliders,ta_cohort_7200s,6341.0,1545738452.7909572,2264,,401515872.0,1123906560.0,3263310080.0
hang gliders,ta_cohort_7200s,7149.0,1970815158.609218,1762,,524638784.0,1362574848.0,4134260480.0
hang gliders,ta_cohort_7200s,8059.0,2587541433.218321,1219,,714871232.0,1819980800.0,5451466240.0
hang gliders,ta_cohort_7200s,9086.0,3479020838.7472796,804,,962463808.0,2477777408.0,6657273856.0
hang gliders,ta_cohort_7200s,10000.0,4288448620.215963,565,,1320229248.0,3238537728.0,7520422400.0
hang gliders,ta_cohort_7200s,10244.0,4601860397.868322,509,,1472310528.0,3478490624.0,7934661120.0
hang gliders,ta_cohort_7200s,11549.0,5796813753.906644,296,,2181890560.0,4293138944.0,11348056064.0
hang gliders,ta_cohort_7200s,13021.0,7500840956.970351,129,,2865190912.0,5175624192.0,14050109440.0
hang gliders,ta_cohort_7200s,14680.0,9490786676.756042,34,,3871644672.0,5431710720.0,19379513344.0
hang gliders,ta_cohort_7200s,16550.0,11481142805.85322,7,,4808293888.0,6623024640.0,22950975488.0
hang gliders,ta_cohort_7200s,18659.0,15398623488.45117,6,,5530770432.0,9775230976.0,30889869312.0
hang gliders,ta_cohort_7200s,21037.0,18152209864.179546,4,,5543193600.0,8706153472.0,38318071808.0
hang gliders,ta_cohort_7200s,23717.0,34695194876.050804,2,,11511591936.0,34695192576.0,57878798336.0
hang gliders,ta_cohort_7200s,26739.0,81150920149.5055,1,,81150918656.0,81150918656.0,81150918656.0
hang gliders,ta_cohort_7200s,30146.0,,0,,,,
hang gliders,ta_cohort_7200s,33987.0,,0,,,,
hang gliders,ta_cohort_7200s,38318.0,,0,,,,
hang gliders,ta_cohort_7200s,43200.0,,0,,,,
hang gliders,ta_cohort_14400s,1.0,325.36133536850656,529,,216.69505310058594,281.7995910644531,504.6817932128906
hang gliders,ta_cohort_14400s,2.0,1251.8958353375563,726,,850.790771484375,1099.396484375,1960.222900390625
hang gliders,ta_cohort_14400s,3.0,3140.592103912431,929,,1920.17529296875,2678.216552734375,4701.2587890625
hang gliders,ta_cohort_14400s,4.0,4522.325419489605,1016,,2379.443603515625,4058.72802734375,7716.4814453125
hang gliders,ta_cohort_14400s,5.0,6853.259261384739,1433,,3927.33642578125,6166.296875,11271.0107421875
hang gliders,ta_cohort_14400s,6.0,9772.915031397359,1438,,4838.7646484375,8504.0712890625,16737.560546875
hang gliders,ta_cohort_14400s,7.0,12009.039131083578,1439,,4868.83349609375,10778.052734375,22408.57421875
hang gliders,ta_cohort_14400s,8.0,19415.83065649517,1447,,12129.763671875,17726.466796875,29700.7265625
hang gliders,ta_cohort_14400s,9.0,21063.88445631242,1450,,13185.939453125,18944.54296875,33747.703125
hang gliders,ta_cohort_14400s,10.0,22980.89285945881,1719,,14867.794921875,20693.71484375,36953.00390625
hang gliders,ta_cohort_14400s,11.0,28475.80862846731,1721,,16209.9072265625,24581.419921875,50367.8671875
hang gliders,ta_cohort_14400s,12.0,30250.363627082937,1721,,16568.060546875,26465.8828125,55739.5234375
hang gliders,ta_cohort_14400s,14.0,44014.21515582417,1721,,18817.9921875,39606.25390625,76667.6015625
hang gliders,ta_cohort_14400s,16.0,57327.02101797916,1722,,34180.45703125,50785.34765625,93728.0625
hang gliders,ta_cohort_14400s,18.0,72237.75190963272,1722,,45980.875,65687.625,115903.953125
hang gliders,ta_cohort_14400s,20.0,83150.92960580444,1723,,52823.94921875,73506.0703125,139220.5
hang gliders,ta_cohort_14400s,23.0,109101.88745995615,1723,,64864.40625,96009.359375,183374.03125
hang gliders,ta_cohort_14400s,25.0,114918.40172403878,1723,,66288.0625,101965.7734375,200293.0
hang gliders,ta_cohort_14400s,29.0,165518.5806826769,1723,,103851.4140625,148353.0625,268546.84375
hang gliders,ta_cohort_14400s,32.0,188785.9780175805,1723,,114886.9296875,165120.046875,323311.53125
hang gliders,ta_cohort_14400s,37.0,251690.63876850807,1723,,152643.21875,226406.296875,419786.9375
hang gliders,ta_cohort_14400s,41.0,303740.1763094327,1723,,187175.90625,266922.84375,511669.375
hang gliders,ta_cohort_14400s,46.0,389720.8382664563,1723,,237710.78125,346255.96875,640070.1875
hang gliders,ta_cohort_14400s,52.0,467857.46600316034,1723,,285759.53125,410396.3125,798655.75
hang gliders,ta_cohort_14400s,59.0,622341.3053955742,1723,,377464.46875,548603.4375,1020458.625
hang gliders,ta_cohort_14400s,67.0,773657.1191424554,1723,,465133.71875,687727.6875,1289542.375
hang gliders,ta_cohort_14400s,75.0,973396.3560195761,1723,,581035.375,865845.8125,1595257.75
hang gliders,ta_cohort_14400s,85.0,1176012.8562876834,1723,,704579.4375,1025045.5,1998691.75
hang gliders,ta_cohort_14400s,95.0,1505328.3373296896,1723,,891322.6875,1335633.625,2478250.5
hang gliders,ta_cohort_14400s,107.0,1846761.3726405543,1723,,1081885.5,1631165.875,3087920.25
hang gliders,ta_cohort_14400s,121.0,2277828.718868082,1723,,1336971.5,2006040.375,3826670.0
hang gliders,ta_cohort_14400s,137.0,2883400.5145913754,1723,,1677960.0,2549361.0,4875210.5
hang gliders,ta_cohort_14400s,154.0,3541238.2222642163,1723,,2051022.875,3100134.25,6025844.0
hang gliders,ta_cohort_14400s,174.0,4438271.285947485,1723,,2556639.5,3873614.5,7557788.5
hang gliders,ta_cohort_14400s,196.0,5513101.456441142,1723,,3142922.5,4852974.5,9388804.0
hang gliders,ta_cohort_14400s,221.0,6791375.208230806,1723,,3836098.25,5938922.0,11613546.0
hang gliders,ta_cohort_14400s,249.0,8420269.485642532,1723,,4737035.5,7359912.5,14445616.0
hang gliders,ta_cohort_14400s,281.0,10372770.616337588,1723,,5769874.5,9027348.0,18025624.0
hang gliders,ta_cohort_14400s,316.0,12779237.585493922,1723,,7055603.5,11145082.0,22313150.0
hang gliders,ta_cohort_14400s,357.0,15758806.22632743,1723,,8608337.0,13717325.0,27529842.0
hang gliders,ta_cohort_14400s,402.0,19291017.787230812,1723,,10421979.0,16640432.0,33723904.0
hang gliders,ta_cohort_14400s,453.0,23764749.530900642,1723,,12758364.0,20578564.0,41702932.0
hang gliders,ta_cohort_14400s,511.0,29222087.23987448,1723,,15494251.0,25241276.0,51698516.0
hang gliders,ta_cohort_14400s,576.0,35958824.692080066,1723,,18786520.0,31047402.0,64084628.0
hang gliders,ta_cohort_14400s,649.0,44090115.78628833,1723,,22725378.0,37930768.0,78562688.0
hang gliders,ta_cohort_14400s,732.0,54134912.41511869,1723,,27568798.0,46415724.0,97068768.0
hang gliders,ta_cohort_14400s,825.0,66486195.5557657,1723,,33224448.0,56728032.0,119652048.0
hang gliders,ta_cohort_14400s,931.0,81979176.0892257,1723,,40163852.0,69688600.0,148613488.0
hang gliders,ta_cohort_14400s,1049.0,100802770.94808693,1723,,48542768.0,85366880.0,183522544.0
hang gliders,ta_cohort_14400s,1183.0,123975308.25445934,1723,,58249004.0,104563976.0,228109856.0
hang gliders,ta_cohort_14400s,1334.0,152460246.45702407,1723,,70557080.0,128260400.0,283376032.0
hang gliders,ta_cohort_14400s,1504.0,187270705.80732417,1723,,84423736.0,157134832.0,350157568.0
hang gliders,ta_cohort_14400s,1695.0,230086058.11893106,1723,,102013568.0,191825600.0,426585856.0
hang gliders,ta_cohort_14400s,1911.0,281859936.0633507,1723,,122833360.0,234883232.0,525279552.0
hang gliders,ta_cohort_14400s,2155.0,345411928.76179737,1723,,146847056.0,285996128.0,647783552.0
hang gliders,ta_cohort_14400s,2429.0,421627428.98690057,1723,,173314224.0,344608608.0,804234624.0
hang gliders,ta_cohort_14400s,2739.0,513922156.54286796,1723,,206124512.0,418973344.0,985476992.0
hang gliders,ta_cohort_14400s,3088.0,624042723.4425498,1723,,243257440.0,505440160.0,1217528576.0
hang gliders,ta_cohort_14400s,3481.0,754071955.1718216,1723,,284532640.0,605139200.0,1482201856.0
hang gliders,ta_cohort_14400s,3925.0,907303998.2405711,1723,,330612608.0,719678336.0,1799230592.0
hang gliders,ta_cohort_14400s,4425.0,1084593024.0611453,1723,,380192288.0,851114368.0,2165216256.0
hang gliders,ta_cohort_14400s,4989.0,1286576302.0063238,1723,,434100256.0,993847488.0,2601150976.0
hang gliders,ta_cohort_14400s,5624.0,1509680907.768601,1723,,475718208.0,1146247296.0,3075200256.0
hang gliders,ta_cohort_14400s,6341.0,1748407776.7788076,1723,,505534688.0,1280738048.0,3618471424.0
hang gliders,ta_cohort_14400s,7149.0,1991264079.580987,1723,,531322208.0,1379966976.0,4180393216.0
hang gliders,ta_cohort_14400s,8059.0,2587541433.218321,1219,,714871232.0,1819980800.0,5451466240.0
hang gliders,ta_cohort_14400s,9086.0,3479020838.7472796,804,,962463808.0,2477777408.0,6657273856.0
hang gliders,ta_cohort_14400s,10000.0,4288448620.215963,565,,1320229248.0,3238537728.0,7520422400.0
hang gliders,ta_cohort_14400s,10244.0,4601860397.868322,509,,1472310528.0,3478490624.0,7934661120.0
hang gliders,ta_cohort_14400s,11549.0,5796813753.906644,296,,2181890560.0,4293138944.0,11348056064.0
hang gliders,ta_cohort_14400s,13021.0,7500840956.970351,129,,2865190912.0,5175624192.0,14050109440.0
hang gliders,ta_cohort_14400s,14680.0,9490786676.756042,34,,3871644672.0,5431710720.0,19379513344.0
hang gliders,ta_cohort_14400s,16550.0,11481142805.85322,7,,4808293888.0,6623024640.0,22950975488.0
hang gliders,ta_cohort_14400s,18659.0,15398623488.45117,6,,5530770432.0,9775230976.0,30889869312.0
hang gliders,ta_cohort_14400s,21037.0,18152209864.179546,4,,5543193600.0,8706153472.0,38318071808.0
hang gliders,ta_cohort_14400s,23717.0,34695194876.050804,2,,11511591936.0,34695192576.0,57878798336.0
hang gliders,ta_cohort_14400s,26739.0,81150920149.5055,1,,81150918656.0,81150918656.0,81150918656.0
hang gliders,ta_cohort_14400s,30146.0,,0,,,,
hang gliders,ta_cohort_14400s,33987.0,,0,,,,
hang gliders,ta_cohort_14400s,38318.0,,0,,,,
hang gliders,ta_cohort_14400s,43200.0,,0,,,,
