Rc files read:
  NONE
Latexmk: This is Latexmk, John Collins, 27 Dec. 2024. Version 4.86a.
No existing .aux file, so I'll make a simple one, and require run of *latex.
Latexmk: applying rule 'pdflatex'...
Rule 'pdflatex':  Reasons for rerun
Category 'other':
  Rerun of 'pdflatex' forced or previously required:
    Reason or flag: 'Initial setup'

------------
Run number 1 of rule 'pdflatex'
------------
------------
Running 'pdflatex  -interaction=nonstopmode -halt-on-error -recorder  "main.tex"'
------------
This is pdfTeX, Version 3.141592653-2.6-1.40.27 (TeX Live 2025/Homebrew) (preloaded format=pdflatex)
 restricted \write18 enabled.
entering extended mode
(./main.tex
LaTeX2e <2024-11-01> patch level 2
L3 programming layer <2025-01-18>
(./preamble.tex
(/opt/homebrew/Cellar/texlive/20250308_1/share/texmf-dist/tex/latex/base/report
.cls
Document Class: report 2024/06/29 v1.4n Standard LaTeX document class

(/opt/homebrew/Cellar/texlive/20250308_1/share/texmf-dist/tex/latex/base/size11
.clo))
(/opt/homebrew/Cellar/texlive/20250308_1/share/texmf-dist/tex/latex/base/inpute
nc.sty)
(/opt/homebrew/Cellar/texlive/20250308_1/share/texmf-dist/tex/latex/base/fonten
c.sty)
(/opt/homebrew/Cellar/texlive/20250308_1/share/texmf-dist/tex/latex/lm/lmodern.
sty)
(/opt/homebrew/Cellar/texlive/20250308_1/share/texmf-dist/tex/generic/babel/bab
el.sty
(/opt/homebrew/Cellar/texlive/20250308_1/share/texmf-dist/tex/generic/babel/txt
babel.def)
(/opt/homebrew/Cellar/texlive/20250308_1/share/texmf-dist/tex/generic/babel-eng
lish/english.ldf))
(/opt/homebrew/Cellar/texlive/20250308_1/share/texmf-dist/tex/generic/babel/loc
ale/en/babel-english.tex)
(/opt/homebrew/Cellar/texlive/20250308_1/share/texmf-dist/tex/latex/amsmath/ams
math.sty
For additional information on amsmath, use the `?' option.

(/opt/homebrew/Cellar/texlive/20250308_1/share/texmf-dist/tex/latex/amsmath/ams
text.sty
(/opt/homebrew/Cellar/texlive/20250308_1/share/texmf-dist/tex/latex/amsmath/ams
gen.sty))
(/opt/homebrew/Cellar/texlive/20250308_1/share/texmf-dist/tex/latex/amsmath/ams
bsy.sty)
(/opt/homebrew/Cellar/texlive/20250308_1/share/texmf-dist/tex/latex/amsmath/ams
opn.sty))
(/opt/homebrew/Cellar/texlive/20250308_1/share/texmf-dist/tex/latex/amsfonts/am
ssymb.sty
(/opt/homebrew/Cellar/texlive/20250308_1/share/texmf-dist/tex/latex/amsfonts/am
sfonts.sty))
(/opt/homebrew/Cellar/texlive/20250308_1/share/texmf-dist/tex/latex/enumitem/en
umitem.sty)
(/opt/homebrew/Cellar/texlive/20250308_1/share/texmf-dist/tex/latex/geometry/ge
ometry.sty
(/opt/homebrew/Cellar/texlive/20250308_1/share/texmf-dist/tex/latex/graphics/ke
yval.sty)
(/opt/homebrew/Cellar/texlive/20250308_1/share/texmf-dist/tex/generic/iftex/ifv
tex.sty
(/opt/homebrew/Cellar/texlive/20250308_1/share/texmf-dist/tex/generic/iftex/ift
ex.sty)))
(/opt/homebrew/Cellar/texlive/20250308_1/share/texmf-dist/tex/latex/microtype/m
icrotype.sty
(/opt/homebrew/Cellar/texlive/20250308_1/share/texmf-dist/tex/latex/etoolbox/et
oolbox.sty)
(/opt/homebrew/Cellar/texlive/20250308_1/share/texmf-dist/tex/latex/microtype/m
icrotype-pdftex.def)
(/opt/homebrew/Cellar/texlive/20250308_1/share/texmf-dist/tex/latex/microtype/m
icrotype.cfg))
(/opt/homebrew/Cellar/texlive/20250308_1/share/texmf-dist/tex/latex/graphics/gr
aphicx.sty
(/opt/homebrew/Cellar/texlive/20250308_1/share/texmf-dist/tex/latex/graphics/gr
aphics.sty
(/opt/homebrew/Cellar/texlive/20250308_1/share/texmf-dist/tex/latex/graphics/tr
ig.sty)
(/opt/homebrew/Cellar/texlive/20250308_1/share/texmf-dist/tex/latex/graphics-cf
g/graphics.cfg)
(/opt/homebrew/Cellar/texlive/20250308_1/share/texmf-dist/tex/latex/graphics-de
f/pdftex.def)))
(/opt/homebrew/Cellar/texlive/20250308_1/share/texmf-dist/tex/latex/placeins/pl
aceins.sty)
(/opt/homebrew/Cellar/texlive/20250308_1/share/texmf-dist/tex/latex/float/float
.sty)
(/opt/homebrew/Cellar/texlive/20250308_1/share/texmf-dist/tex/latex/caption/cap
tion.sty
(/opt/homebrew/Cellar/texlive/20250308_1/share/texmf-dist/tex/latex/caption/cap
tion3.sty))
(/opt/homebrew/Cellar/texlive/20250308_1/share/texmf-dist/tex/latex/booktabs/bo
oktabs.sty)
(/opt/homebrew/Cellar/texlive/20250308_1/share/texmf-dist/tex/latex/tools/tabul
arx.sty
(/opt/homebrew/Cellar/texlive/20250308_1/share/texmf-dist/tex/latex/tools/array
.sty))
(/opt/homebrew/Cellar/texlive/20250308_1/share/texmf-dist/tex/latex/tools/longt
able.sty)
(/opt/homebrew/Cellar/texlive/20250308_1/share/texmf-dist/tex/latex/needspace/n
eedspace.sty)
(/opt/homebrew/Cellar/texlive/20250308_1/share/texmf-dist/tex/latex/multirow/mu
ltirow.sty)
(/opt/homebrew/Cellar/texlive/20250308_1/share/texmf-dist/tex/latex/siunitx/siu
nitx.sty
(/opt/homebrew/Cellar/texlive/20250308_1/share/texmf-dist/tex/latex/translation
s/translations.sty
(/opt/homebrew/Cellar/texlive/20250308_1/share/texmf-dist/tex/generic/pdftexcmd
s/pdftexcmds.sty
(/opt/homebrew/Cellar/texlive/20250308_1/share/texmf-dist/tex/generic/infwarerr
/infwarerr.sty)
(/opt/homebrew/Cellar/texlive/20250308_1/share/texmf-dist/tex/generic/ltxcmds/l
txcmds.sty))))
(/opt/homebrew/Cellar/texlive/20250308_1/share/texmf-dist/tex/latex/xcolor/xcol
or.sty
(/opt/homebrew/Cellar/texlive/20250308_1/share/texmf-dist/tex/latex/graphics-cf
g/color.cfg)
(/opt/homebrew/Cellar/texlive/20250308_1/share/texmf-dist/tex/latex/graphics/ma
thcolor.ltx))
(/opt/homebrew/Cellar/texlive/20250308_1/share/texmf-dist/tex/latex/csquotes/cs
quotes.sty
(/opt/homebrew/Cellar/texlive/20250308_1/share/texmf-dist/tex/latex/csquotes/cs
quotes.def)
(/opt/homebrew/Cellar/texlive/20250308_1/share/texmf-dist/tex/latex/csquotes/cs
quotes.cfg))
(/opt/homebrew/Cellar/texlive/20250308_1/share/texmf-dist/tex/latex/hyperref/xr
-hyper.sty)
(/opt/homebrew/Cellar/texlive/20250308_1/share/texmf-dist/tex/latex/hyperref/hy
perref.sty
(/opt/homebrew/Cellar/texlive/20250308_1/share/texmf-dist/tex/latex/kvsetkeys/k
vsetkeys.sty)
(/opt/homebrew/Cellar/texlive/20250308_1/share/texmf-dist/tex/generic/kvdefinek
eys/kvdefinekeys.sty)
(/opt/homebrew/Cellar/texlive/20250308_1/share/texmf-dist/tex/generic/pdfescape
/pdfescape.sty)
(/opt/homebrew/Cellar/texlive/20250308_1/share/texmf-dist/tex/latex/hycolor/hyc
olor.sty)
(/opt/homebrew/Cellar/texlive/20250308_1/share/texmf-dist/tex/latex/hyperref/na
meref.sty
(/opt/homebrew/Cellar/texlive/20250308_1/share/texmf-dist/tex/latex/refcount/re
fcount.sty)
(/opt/homebrew/Cellar/texlive/20250308_1/share/texmf-dist/tex/generic/gettitles
tring/gettitlestring.sty
(/opt/homebrew/Cellar/texlive/20250308_1/share/texmf-dist/tex/latex/kvoptions/k
voptions.sty)))
(/opt/homebrew/Cellar/texlive/20250308_1/share/texmf-dist/tex/generic/stringenc
/stringenc.sty)
(/opt/homebrew/Cellar/texlive/20250308_1/share/texmf-dist/tex/latex/hyperref/pd
1enc.def)
(/opt/homebrew/Cellar/texlive/20250308_1/share/texmf-dist/tex/generic/intcalc/i
ntcalc.sty)
(/opt/homebrew/Cellar/texlive/20250308_1/share/texmf-dist/tex/latex/hyperref/pu
enc.def)
(/opt/homebrew/Cellar/texlive/20250308_1/share/texmf-dist/tex/latex/url/url.sty
)
(/opt/homebrew/Cellar/texlive/20250308_1/share/texmf-dist/tex/generic/bitset/bi
tset.sty
(/opt/homebrew/Cellar/texlive/20250308_1/share/texmf-dist/tex/generic/bigintcal
c/bigintcalc.sty))
(/opt/homebrew/Cellar/texlive/20250308_1/share/texmf-dist/tex/latex/base/atbegs
hi-ltx.sty))
(/opt/homebrew/Cellar/texlive/20250308_1/share/texmf-dist/tex/latex/hyperref/hp
dftex.def
(/opt/homebrew/Cellar/texlive/20250308_1/share/texmf-dist/tex/latex/base/atvery
end-ltx.sty)
(/opt/homebrew/Cellar/texlive/20250308_1/share/texmf-dist/tex/latex/rerunfilech
eck/rerunfilecheck.sty
(/opt/homebrew/Cellar/texlive/20250308_1/share/texmf-dist/tex/generic/uniquecou
nter/uniquecounter.sty)))
(/opt/homebrew/Cellar/texlive/20250308_1/share/texmf-dist/tex/latex/pgf/fronten
dlayer/tikz.sty
(/opt/homebrew/Cellar/texlive/20250308_1/share/texmf-dist/tex/latex/pgf/basicla
yer/pgf.sty
(/opt/homebrew/Cellar/texlive/20250308_1/share/texmf-dist/tex/latex/pgf/utiliti
es/pgfrcs.sty
(/opt/homebrew/Cellar/texlive/20250308_1/share/texmf-dist/tex/generic/pgf/utili
ties/pgfutil-common.tex)
(/opt/homebrew/Cellar/texlive/20250308_1/share/texmf-dist/tex/generic/pgf/utili
ties/pgfutil-latex.def)
(/opt/homebrew/Cellar/texlive/20250308_1/share/texmf-dist/tex/generic/pgf/utili
ties/pgfrcs.code.tex
(/opt/homebrew/Cellar/texlive/20250308_1/share/texmf-dist/tex/generic/pgf/pgf.r
evision.tex)))
(/opt/homebrew/Cellar/texlive/20250308_1/share/texmf-dist/tex/latex/pgf/basicla
yer/pgfcore.sty
(/opt/homebrew/Cellar/texlive/20250308_1/share/texmf-dist/tex/latex/pgf/systeml
ayer/pgfsys.sty
(/opt/homebrew/Cellar/texlive/20250308_1/share/texmf-dist/tex/generic/pgf/syste
mlayer/pgfsys.code.tex
(/opt/homebrew/Cellar/texlive/20250308_1/share/texmf-dist/tex/generic/pgf/utili
ties/pgfkeys.code.tex
(/opt/homebrew/Cellar/texlive/20250308_1/share/texmf-dist/tex/generic/pgf/utili
ties/pgfkeyslibraryfiltered.code.tex))
(/opt/homebrew/Cellar/texlive/20250308_1/share/texmf-dist/tex/generic/pgf/syste
mlayer/pgf.cfg)
(/opt/homebrew/Cellar/texlive/20250308_1/share/texmf-dist/tex/generic/pgf/syste
mlayer/pgfsys-pdftex.def
(/opt/homebrew/Cellar/texlive/20250308_1/share/texmf-dist/tex/generic/pgf/syste
mlayer/pgfsys-common-pdf.def)))
(/opt/homebrew/Cellar/texlive/20250308_1/share/texmf-dist/tex/generic/pgf/syste
mlayer/pgfsyssoftpath.code.tex)
(/opt/homebrew/Cellar/texlive/20250308_1/share/texmf-dist/tex/generic/pgf/syste
mlayer/pgfsysprotocol.code.tex))
(/opt/homebrew/Cellar/texlive/20250308_1/share/texmf-dist/tex/generic/pgf/basic
layer/pgfcore.code.tex
(/opt/homebrew/Cellar/texlive/20250308_1/share/texmf-dist/tex/generic/pgf/math/
pgfmath.code.tex
(/opt/homebrew/Cellar/texlive/20250308_1/share/texmf-dist/tex/generic/pgf/math/
pgfmathutil.code.tex)
(/opt/homebrew/Cellar/texlive/20250308_1/share/texmf-dist/tex/generic/pgf/math/
pgfmathparser.code.tex)
(/opt/homebrew/Cellar/texlive/20250308_1/share/texmf-dist/tex/generic/pgf/math/
pgfmathfunctions.code.tex)
(/opt/homebrew/Cellar/texlive/20250308_1/share/texmf-dist/tex/generic/pgf/math/
pgfmathfunctions.basic.code.tex)
(/opt/homebrew/Cellar/texlive/20250308_1/share/texmf-dist/tex/generic/pgf/math/
pgfmathfunctions.trigonometric.code.tex)
(/opt/homebrew/Cellar/texlive/20250308_1/share/texmf-dist/tex/generic/pgf/math/
pgfmathfunctions.random.code.tex)
(/opt/homebrew/Cellar/texlive/20250308_1/share/texmf-dist/tex/generic/pgf/math/
pgfmathfunctions.comparison.code.tex)
(/opt/homebrew/Cellar/texlive/20250308_1/share/texmf-dist/tex/generic/pgf/math/
pgfmathfunctions.base.code.tex)
(/opt/homebrew/Cellar/texlive/20250308_1/share/texmf-dist/tex/generic/pgf/math/
pgfmathfunctions.round.code.tex)
(/opt/homebrew/Cellar/texlive/20250308_1/share/texmf-dist/tex/generic/pgf/math/
pgfmathfunctions.misc.code.tex)
(/opt/homebrew/Cellar/texlive/20250308_1/share/texmf-dist/tex/generic/pgf/math/
pgfmathfunctions.integerarithmetics.code.tex)
(/opt/homebrew/Cellar/texlive/20250308_1/share/texmf-dist/tex/generic/pgf/math/
pgfmathcalc.code.tex)
(/opt/homebrew/Cellar/texlive/20250308_1/share/texmf-dist/tex/generic/pgf/math/
pgfmathfloat.code.tex))
(/opt/homebrew/Cellar/texlive/20250308_1/share/texmf-dist/tex/generic/pgf/math/
pgfint.code.tex)
(/opt/homebrew/Cellar/texlive/20250308_1/share/texmf-dist/tex/generic/pgf/basic
layer/pgfcorepoints.code.tex)
(/opt/homebrew/Cellar/texlive/20250308_1/share/texmf-dist/tex/generic/pgf/basic
layer/pgfcorepathconstruct.code.tex)
(/opt/homebrew/Cellar/texlive/20250308_1/share/texmf-dist/tex/generic/pgf/basic
layer/pgfcorepathusage.code.tex)
(/opt/homebrew/Cellar/texlive/20250308_1/share/texmf-dist/tex/generic/pgf/basic
layer/pgfcorescopes.code.tex)
(/opt/homebrew/Cellar/texlive/20250308_1/share/texmf-dist/tex/generic/pgf/basic
layer/pgfcoregraphicstate.code.tex)
(/opt/homebrew/Cellar/texlive/20250308_1/share/texmf-dist/tex/generic/pgf/basic
layer/pgfcoretransformations.code.tex)
(/opt/homebrew/Cellar/texlive/20250308_1/share/texmf-dist/tex/generic/pgf/basic
layer/pgfcorequick.code.tex)
(/opt/homebrew/Cellar/texlive/20250308_1/share/texmf-dist/tex/generic/pgf/basic
layer/pgfcoreobjects.code.tex)
(/opt/homebrew/Cellar/texlive/20250308_1/share/texmf-dist/tex/generic/pgf/basic
layer/pgfcorepathprocessing.code.tex)
(/opt/homebrew/Cellar/texlive/20250308_1/share/texmf-dist/tex/generic/pgf/basic
layer/pgfcorearrows.code.tex)
(/opt/homebrew/Cellar/texlive/20250308_1/share/texmf-dist/tex/generic/pgf/basic
layer/pgfcoreshade.code.tex)
(/opt/homebrew/Cellar/texlive/20250308_1/share/texmf-dist/tex/generic/pgf/basic
layer/pgfcoreimage.code.tex)
(/opt/homebrew/Cellar/texlive/20250308_1/share/texmf-dist/tex/generic/pgf/basic
layer/pgfcoreexternal.code.tex)
(/opt/homebrew/Cellar/texlive/20250308_1/share/texmf-dist/tex/generic/pgf/basic
layer/pgfcorelayers.code.tex)
(/opt/homebrew/Cellar/texlive/20250308_1/share/texmf-dist/tex/generic/pgf/basic
layer/pgfcoretransparency.code.tex)
(/opt/homebrew/Cellar/texlive/20250308_1/share/texmf-dist/tex/generic/pgf/basic
layer/pgfcorepatterns.code.tex)
(/opt/homebrew/Cellar/texlive/20250308_1/share/texmf-dist/tex/generic/pgf/basic
layer/pgfcorerdf.code.tex)))
(/opt/homebrew/Cellar/texlive/20250308_1/share/texmf-dist/tex/generic/pgf/modul
es/pgfmoduleshapes.code.tex)
(/opt/homebrew/Cellar/texlive/20250308_1/share/texmf-dist/tex/generic/pgf/modul
es/pgfmoduleplot.code.tex)
(/opt/homebrew/Cellar/texlive/20250308_1/share/texmf-dist/tex/latex/pgf/compati
bility/pgfcomp-version-0-65.sty)
(/opt/homebrew/Cellar/texlive/20250308_1/share/texmf-dist/tex/latex/pgf/compati
bility/pgfcomp-version-1-18.sty))
(/opt/homebrew/Cellar/texlive/20250308_1/share/texmf-dist/tex/latex/pgf/utiliti
es/pgffor.sty
(/opt/homebrew/Cellar/texlive/20250308_1/share/texmf-dist/tex/latex/pgf/utiliti
es/pgfkeys.sty
(/opt/homebrew/Cellar/texlive/20250308_1/share/texmf-dist/tex/generic/pgf/utili
ties/pgfkeys.code.tex))
(/opt/homebrew/Cellar/texlive/20250308_1/share/texmf-dist/tex/latex/pgf/math/pg
fmath.sty
(/opt/homebrew/Cellar/texlive/20250308_1/share/texmf-dist/tex/generic/pgf/math/
pgfmath.code.tex))
(/opt/homebrew/Cellar/texlive/20250308_1/share/texmf-dist/tex/generic/pgf/utili
ties/pgffor.code.tex))
(/opt/homebrew/Cellar/texlive/20250308_1/share/texmf-dist/tex/generic/pgf/front
endlayer/tikz/tikz.code.tex
(/opt/homebrew/Cellar/texlive/20250308_1/share/texmf-dist/tex/generic/pgf/libra
ries/pgflibraryplothandlers.code.tex)
(/opt/homebrew/Cellar/texlive/20250308_1/share/texmf-dist/tex/generic/pgf/modul
es/pgfmodulematrix.code.tex)
(/opt/homebrew/Cellar/texlive/20250308_1/share/texmf-dist/tex/generic/pgf/front
endlayer/tikz/libraries/tikzlibrarytopaths.code.tex)))
(/opt/homebrew/Cellar/texlive/20250308_1/share/texmf-dist/tex/generic/pgf/libra
ries/pgflibraryarrows.meta.code.tex)
(/opt/homebrew/Cellar/texlive/20250308_1/share/texmf-dist/tex/generic/pgf/front
endlayer/tikz/libraries/tikzlibrarycalc.code.tex)
(/opt/homebrew/Cellar/texlive/20250308_1/share/texmf-dist/tex/generic/pgf/front
endlayer/tikz/libraries/tikzlibraryangles.code.tex)
(/opt/homebrew/Cellar/texlive/20250308_1/share/texmf-dist/tex/generic/pgf/front
endlayer/tikz/libraries/tikzlibraryquotes.code.tex)
(/opt/homebrew/Cellar/texlive/20250308_1/share/texmf-dist/tex/generic/pgf/front
endlayer/tikz/libraries/tikzlibrarypositioning.code.tex)
(/opt/homebrew/Cellar/texlive/20250308_1/share/texmf-dist/tex/generic/pgf/front
endlayer/tikz/libraries/tikzlibrarydecorations.pathreplacing.code.tex
(/opt/homebrew/Cellar/texlive/20250308_1/share/texmf-dist/tex/generic/pgf/front
endlayer/tikz/libraries/tikzlibrarydecorations.code.tex
(/opt/homebrew/Cellar/texlive/20250308_1/share/texmf-dist/tex/generic/pgf/modul
es/pgfmoduledecorations.code.tex))
(/opt/homebrew/Cellar/texlive/20250308_1/share/texmf-dist/tex/generic/pgf/libra
ries/decorations/pgflibrarydecorations.pathreplacing.code.tex))
(/opt/homebrew/Cellar/texlive/20250308_1/share/texmf-dist/tex/latex/titlesec/ti
tletoc.sty)
(/opt/homebrew/Cellar/texlive/20250308_1/share/texmf-dist/tex/latex/fancyhdr/fa
ncyhdr.sty)
(/opt/homebrew/Cellar/texlive/20250308_1/share/texmf-dist/tex/latex/dejavu/Deja
VuSans.sty)
(/opt/homebrew/Cellar/texlive/20250308_1/share/texmf-dist/tex/latex/sansmath/sa
nsmath.sty)
(/opt/homebrew/Cellar/texlive/20250308_1/share/texmf-dist/tex/latex/cite/cite.s
ty) (./generated/stats.tex) (./generated/census.tex) (./generated/msd.tex)
(./generated/altitude_noise.tex) (./generated/pipeline_census.tex)
(./generated/trim.tex) (./generated/verify.tex) (./generated/audit.tex)
(./generated/prelim.tex) (./generated/terrain.tex)
(./generated/dataset_stats.tex) (./generated/kinematic_isotropy.tex)
(./generated/ch3_revision.tex) (./generated/ch3_terrain_axes_values.tex)
(./generated/ch3_alps_sector_values.tex) (./generated/ch3_pca_cohort_values.tex
) (./generated/ch3_channel_wind_values.tex)
(./generated/ch3_regional_variations_values.tex)
(./generated/ch3_grouped_tamsd_values.tex) (./generated/ch3_msd_weights.tex)
(./generated/ch3_altitude_hurst_values.tex)
(./generated/ch3_self_similarity_values.tex)
(./generated/duration_equipment.tex) (./generated/snapshot_status.tex)
(./generated/segmentation.tex) (./generated/ch5_vilpellet_values.tex))
(/opt/homebrew/Cellar/texlive/20250308_1/share/texmf-dist/tex/latex/lm/t1lmr.fd
)
(/opt/homebrew/Cellar/texlive/20250308_1/share/texmf-dist/tex/latex/l3backend/l
3backend-pdftex.def) (./main.aux)
*geometry* driver: auto-detecting
*geometry* detected driver: pdftex

(/opt/homebrew/Cellar/texlive/20250308_1/share/texmf-dist/tex/latex/microtype/m
t-cmr.cfg)
(/opt/homebrew/Cellar/texlive/20250308_1/share/texmf-dist/tex/context/base/mkii
/supp-pdf.mkii
[Loading MPS to PDF converter (version 2006.09.02).]
)
(/opt/homebrew/Cellar/texlive/20250308_1/share/texmf-dist/tex/latex/epstopdf-pk
g/epstopdf-base.sty
(/opt/homebrew/Cellar/texlive/20250308_1/share/texmf-dist/tex/latex/latexconfig
/epstopdf-sys.cfg))
(/opt/homebrew/Cellar/texlive/20250308_1/share/texmf-dist/tex/latex/caption/ltc
aption.sty)
(/opt/homebrew/Cellar/texlive/20250308_1/share/texmf-dist/tex/latex/translation
s/translations-basic-dictionary-english.trsl)
(/opt/homebrew/Cellar/texlive/20250308_1/share/texmf-dist/tex/latex/lm/t1lmtt.f
d)
(/opt/homebrew/Cellar/texlive/20250308_1/share/texmf-dist/tex/latex/lm/ot1lmr.f
d)
(/opt/homebrew/Cellar/texlive/20250308_1/share/texmf-dist/tex/latex/lm/omllmm.f
d)
(/opt/homebrew/Cellar/texlive/20250308_1/share/texmf-dist/tex/latex/lm/omslmsy.
fd)
(/opt/homebrew/Cellar/texlive/20250308_1/share/texmf-dist/tex/latex/lm/omxlmex.
fd)
(/opt/homebrew/Cellar/texlive/20250308_1/share/texmf-dist/tex/latex/amsfonts/um
sa.fd)
(/opt/homebrew/Cellar/texlive/20250308_1/share/texmf-dist/tex/latex/microtype/m
t-msa.cfg)
(/opt/homebrew/Cellar/texlive/20250308_1/share/texmf-dist/tex/latex/amsfonts/um
sb.fd)
(/opt/homebrew/Cellar/texlive/20250308_1/share/texmf-dist/tex/latex/microtype/m
t-msb.cfg)
[1{/opt/homebrew/Cellar/texlive/20250308_1/share/texmf-dist/fonts/map/pdftex/up
dmap/pdftex.map}{/opt/homebrew/Cellar/texlive/20250308_1/share/texmf-dist/fonts
/enc/dvips/lm/lm-ec.enc}]
[1]
No file main.toc.

[2] (./tesi/01-introduction.tex
Chapter 1.

LaTeX Warning: Citation `reddy2016' on page 1 undefined on input line 41.


LaTeX Warning: Citation `vilpellet2026' on page 1 undefined on input line 44.


Underfull \vbox (badness 10000) has occurred while \output is active
[1{/opt/homebrew/Cellar/texlive/20250308_1/share/texmf-dist/fonts/enc/dvips/lm/
lm-rm.enc}{/opt/homebrew/Cellar/texlive/20250308_1/share/texmf-dist/fonts/enc/d
vips/lm/lm-mathit.enc}{/opt/homebrew/Cellar/texlive/20250308_1/share/texmf-dist
/fonts/enc/dvips/lm/lm-mathsy.enc}{/opt/homebrew/Cellar/texlive/20250308_1/shar
e/texmf-dist/fonts/enc/dvips/lm/lm-mathex.enc}]

LaTeX Warning: Citation `metzler2000' on page 2 undefined on input line 61.


LaTeX Warning: Citation `zaburdaev2015' on page 2 undefined on input line 79.


[2]

LaTeX Warning: Citation `tejedor2010' on page 3 undefined on input line 128.


LaTeX Warning: Citation `schulz2013' on page 3 undefined on input line 128.


LaTeX Warning: Reference `fig:thesis-structure' on page 3 undefined on input li
ne 153.


(/opt/homebrew/Cellar/texlive/20250308_1/share/texmf-dist/tex/latex/dejavu/T1De
jaVuSans-TLF.fd)
Underfull \vbox (badness 10000) has occurred while \output is active
[3]

LaTeX Warning: Reference `ch:dataset' on page 4 undefined on input line 206.


LaTeX Warning: Reference `ch:fixed-transport' on page 4 undefined on input line
 209.

) (./tesi/03-dataset.tex
[4{/opt/homebrew/Cellar/texlive/20250308_1/share/texmf-dist/fonts/enc/dvips/dej
avu/dejavusans_t1-type1.enc}]
Chapter 2.

(/opt/homebrew/Cellar/texlive/20250308_1/share/texmf-dist/tex/latex/lm/ts1lmr.f
d)

LaTeX Warning: Reference `sec:catalog' on page 5 undefined on input line 31.


LaTeX Warning: Reference `sec:catalog' on page 5 undefined on input line 34.


LaTeX Warning: Reference `sec:igcformat' on page 5 undefined on input line 40.


LaTeX Warning: Reference `sec:coverage' on page 5 undefined on input line 45.


[5{/opt/homebrew/Cellar/texlive/20250308_1/share/texmf-dist/fonts/enc/dvips/lm/
lm-ts1.enc}]

LaTeX Warning: Citation `fai_igc_spec' on page 6 undefined on input line 62.


LaTeX Warning: Reference `sec:fixlevel' on page 6 undefined on input line 81.


LaTeX Warning: Reference `tab:catalogfields' on page 6 undefined on input line 
96.


LaTeX Warning: Reference `sec:glider' on page 6 undefined on input line 117.


[6]

LaTeX Warning: Citation `vilpellet2026' on page 7 undefined on input line 140.


LaTeX Warning: Reference `tab:aileclass' on page 7 undefined on input line 147.



LaTeX Warning: Citation `fpren926_2_2012' on page 7 undefined on input line 152
.


LaTeX Warning: Citation `fai_sc7_2024' on page 7 undefined on input line 155.


LaTeX Warning: Citation `fai_sc7_2024' on page 7 undefined on input line 179.


LaTeX Warning: Citation `fpren926_2_2012' on page 7 undefined on input line 179
.


LaTeX Warning: Reference `sec:acquisition' on page 7 undefined on input line 21
1.


LaTeX Warning: Reference `tab:seasons-para' on page 7 undefined on input line 2
19.


LaTeX Warning: Reference `tab:seasons-hang' on page 7 undefined on input line 2
23.

(./generated/seasons_table_para.tex
[7]

Package longtable Warning: Column widths have changed
(longtable)                in table 2.3 on input line 45.

[8]) (./generated/seasons_table_hang.tex

Package longtable Warning: Column widths have changed
(longtable)                in table 2.4 on input line 43.

)

LaTeX Warning: Reference `tab:seasons-para' on page 9 undefined on input line 2
44.


LaTeX Warning: Reference `tab:seasons-hang' on page 9 undefined on input line 2
45.


[9]

LaTeX Warning: Reference `sec:altchannel' on page 10 undefined on input line 25
6.


LaTeX Warning: Reference `sec:glider' on page 10 undefined on input line 258.


LaTeX Warning: Reference `sec:altchannel' on page 10 undefined on input line 27
8.


LaTeX Warning: Reference `sec:fixlevel' on page 10 undefined on input line 279.



LaTeX Warning: Reference `sec:trimming' on page 10 undefined on input line 280.



LaTeX Warning: Reference `sec:flightfilter' on page 10 undefined on input line 
281.


LaTeX Warning: Reference `sec:enu' on page 10 undefined on input line 282.


LaTeX Warning: Reference `sec:uniform' on page 10 undefined on input line 283.


LaTeX Warning: Reference `sec:savgol' on page 10 undefined on input line 284.


LaTeX Warning: Reference `sec:pipelinemap' on page 10 undefined on input line 2
88.


LaTeX Warning: Reference `tab:workingparams' on page 10 undefined on input line
 295.


LaTeX Warning: Reference `tab:pipecensus' on page 10 undefined on input line 29
6.

(./generated/cleaning_witness_audit.tex)
[10]

LaTeX Warning: Citation `fai_igc_spec' on page 11 undefined on input line 331.


LaTeX Warning: Citation `fai_civl_s7h_2024' on page 11 undefined on input line 
331.


LaTeX Warning: Reference `fig:altnoise' on page 11 undefined on input line 350.



LaTeX Warning: Reference `app:psd' on page 11 undefined on input line 354.


LaTeX Warning: Reference `app:psd' on page 11 undefined on input line 370.


[11]

LaTeX Warning: Citation `garciacrespillo2024' on page 12 undefined on input lin
e 382.


LaTeX Warning: Reference `fig:altnoise' on page 12 undefined on input line 395.



[12 <./generated/altitude_noise.pdf>]

LaTeX Warning: Reference `sec:uniform' on page 13 undefined on input line 419.


LaTeX Warning: Reference `sec:fixlevel' on page 13 undefined on input line 426.



LaTeX Warning: Reference `sec:trimming' on page 13 undefined on input line 427.



LaTeX Warning: Reference `eq:baro-coverage' on page 13 undefined on input line 
442.


LaTeX Warning: Reference `fig:defect-schematic' on page 13 undefined on input l
ine 453.


[13]

LaTeX Warning: Reference `sec:enu' on page 14 undefined on input line 478.


LaTeX Warning: Citation `sklearn_haversine' on page 14 undefined on input line 
479.


[14 <./generated/cleaning_defects_schematic.pdf>]

LaTeX Warning: Reference `app:geodesy' on page 15 undefined on input line 498.


LaTeX Warning: Citation `rousseeuw1993' on page 15 undefined on input line 516.



LaTeX Warning: Reference `sec:uniform' on page 15 undefined on input line 554.


LaTeX Warning: Reference `fig:reach-gate' on page 15 undefined on input line 55
6.


[15]

LaTeX Warning: Reference `fig:vz-window' on page 16 undefined on input line 598
.


(/opt/homebrew/Cellar/texlive/20250308_1/share/texmf-dist/tex/latex/dejavu/OT1D
ejaVuSans-TLF.fd)

LaTeX Warning: Reference `eq:vzlocal' on page 16 undefined on input line 659.


[16 <./generated/horizontal_gate_explainer.pdf>]

LaTeX Warning: Reference `fig:vz-decision' on page 17 undefined on input line 6
81.


LaTeX Warning: Reference `eq:vz-censor' on page 17 undefined on input line 753.



LaTeX Warning: Reference `fig:vertical-median' on page 17 undefined on input li
ne 758.


[17{/opt/homebrew/Cellar/texlive/20250308_1/share/texmf-dist/fonts/enc/dvips/de
javu/dejavusans_ot1.enc}]
[18 <./generated/vertical_median_explainer.pdf>]

LaTeX Warning: Reference `fig:fixlevel' on page 19 undefined on input line 805.



LaTeX Warning: Reference `sec:flightfilter' on page 19 undefined on input line 
852.


LaTeX Warning: Reference `sec:dataset-checks' on page 19 undefined on input lin
e 852.


LaTeX Warning: Reference `eq:baro-coverage' on page 19 undefined on input line 
872.


[19]

LaTeX Warning: Reference `eq:reach' on page 20 undefined on input line 923.


LaTeX Warning: Citation `daviesgather1993' on page 20 undefined on input line 9
24.


LaTeX Warning: Reference `eq:frozenlock' on page 20 undefined on input line 948
.


LaTeX Warning: Reference `eq:frozen-witness' on page 20 undefined on input line
 948.


LaTeX Warning: Reference `eq:vz-censor' on page 20 undefined on input line 958.



LaTeX Warning: Reference `sec:uniform' on page 20 undefined on input line 966.


LaTeX Warning: Reference `tab:workingparams' on page 20 undefined on input line
 972.


LaTeX Warning: Reference `fig:fixlevel' on page 20 undefined on input line 972.



LaTeX Warning: Reference `sec:trimming' on page 20 undefined on input line 980.



[20 <./generated/fixlevel_diagnostics.pdf>]

LaTeX Warning: Reference `fig:cleaning-real' on page 21 undefined on input line
 1000.


LaTeX Warning: Reference `tab:workingparams' on page 21 undefined on input line
 1024.


[21]
[22 <./generated/cleaning_real_examples.pdf>]

LaTeX Warning: Reference `fig:trim-split' on page 23 undefined on input line 10
48.


LaTeX Warning: Reference `sec:conditional-orography' on page 23 undefined on in
put line 1064.


LaTeX Warning: Reference `fig:trim-alt-shift' on page 23 undefined on input lin
e 1071.


LaTeX Warning: Reference `sec:conditional-orography' on page 23 undefined on in
put line 1083.


[23 <./generated/trim_split_seconds.pdf>]

LaTeX Warning: Reference `fig:trim-interior' on page 24 undefined on input line
 1126.


[24 <./generated/trim_alt_shift.pdf>]

LaTeX Warning: Reference `fig:preproc' on page 25 undefined on input line 1166.



LaTeX Warning: Reference `sec:dataset-checks' on page 25 undefined on input lin
e 1202.


LaTeX Warning: Reference `sec:glider' on page 25 undefined on input line 1205.


LaTeX Warning: Reference `sec:uniform' on page 25 undefined on input line 1206.



LaTeX Warning: Reference `sec:preproc' on page 25 undefined on input line 1238.



[25 <./generated/trim_interior_excisions.pdf>]
[26 <./generated/preproc_diagnostics.pdf>]

LaTeX Warning: Citation `nga_wgs84' on page 27 undefined on input line 1242.


LaTeX Warning: Citation `esa_navipedia_ellipsoidal_cartesian' on page 27 undefi
ned on input line 1242.


LaTeX Warning: Reference `app:geodesy' on page 27 undefined on input line 1253.



LaTeX Warning: Reference `fig:ellipsoid' on page 27 undefined on input line 125
8.


LaTeX Warning: Reference `app:geodesy' on page 27 undefined on input line 1264.



LaTeX Warning: Reference `eq:ecef' on page 27 undefined on input line 1264.


LaTeX Warning: Reference `fig:enu-rotation' on page 27 undefined on input line 
1334.


LaTeX Warning: Reference `sec:trimming' on page 27 undefined on input line 1342
.


LaTeX Warning: Reference `app:geodesy' on page 27 undefined on input line 1353.



[27]
[28]

LaTeX Warning: Reference `sec:altchannel' on page 29 undefined on input line 15
51.


LaTeX Warning: Reference `fig:sampling' on page 29 undefined on input line 1560
.


LaTeX Warning: Citation `fritsch1984' on page 29 undefined on input line 1662.


[29 <./generated/sampling_intervals.pdf>]

LaTeX Warning: Reference `fig:uniform-sampling-schematic' on page 30 undefined 
on input line 1675.


[30]

LaTeX Warning: Reference `fig:gaps' on page 31 undefined on input line 1710.


LaTeX Warning: Citation `savitzky1964' on page 31 undefined on input line 1741.



[31 <./generated/gap_diagnostics.pdf>]

LaTeX Warning: Reference `tab:savgol-kernels' on page 32 undefined on input lin
e 1770.


LaTeX Warning: Reference `fig:savgol-spectrum' on page 32 undefined on input li
ne 1811.


[32]

LaTeX Warning: Reference `tab:savgol-kernels' on page 33 undefined on input lin
e 1856.


LaTeX Warning: Reference `fig:savgol-response' on page 33 undefined on input li
ne 1862.


[33 <./generated/savgol_explainer.pdf>]

LaTeX Warning: Reference `tab:savgol-kernels' on page 34 undefined on input lin
e 1910.


LaTeX Warning: Reference `fig:savgol-response' on page 34 undefined on input li
ne 1918.


[34 <./generated/savgol_spectrum.pdf>]
[35 <./generated/savgol_response.pdf>]

LaTeX Warning: Reference `fig:pipelinemap' on page 36 undefined on input line 1
978.


LaTeX Warning: Reference `sec:preproc' on page 36 undefined on input line 1979.



LaTeX Warning: Reference `sec:prelim' on page 36 undefined on input line 1981.


LaTeX Warning: Reference `sec:altchannel' on page 36 undefined on input line 20
14.


LaTeX Warning: Reference `sec:fixlevel' on page 36 undefined on input line 2019
.


LaTeX Warning: Reference `sec:trimming' on page 36 undefined on input line 2023
.


LaTeX Warning: Reference `sec:flightfilter' on page 36 undefined on input line 
2027.


LaTeX Warning: Reference `sec:enu' on page 36 undefined on input line 2031.


LaTeX Warning: Reference `sec:uniform' on page 36 undefined on input line 2035.



LaTeX Warning: Reference `sec:savgol' on page 36 undefined on input line 2039.


LaTeX Warning: Reference `tab:workingparams' on page 36 undefined on input line
 2080.


LaTeX Warning: Reference `tab:workingparams' on page 36 undefined on input line
 2085.


LaTeX Warning: Reference `tab:pipecensus' on page 36 undefined on input line 20
94.


LaTeX Warning: Reference `sec:flightfilter' on page 36 undefined on input line 
2097.


LaTeX Warning: Reference `sec:uniform' on page 36 undefined on input line 2097.



LaTeX Warning: Reference `sec:fixlevel' on page 36 undefined on input line 2105
.


LaTeX Warning: Reference `fig:sampling' on page 36 undefined on input line 2109
.


LaTeX Warning: Reference `sec:uniform' on page 36 undefined on input line 2110.



LaTeX Warning: Reference `sec:flightfilter' on page 36 undefined on input line 
2125.


LaTeX Warning: Reference `sec:uniform' on page 36 undefined on input line 2125.



LaTeX Warning: Reference `tab:workingparams' on page 36 undefined on input line
 2152.


[36]
[37]

LaTeX Warning: Reference `sec:savgol' on page 38 undefined on input line 2169.


LaTeX Warning: Reference `sec:altchannel' on page 38 undefined on input line 21
85.


LaTeX Warning: Reference `sec:fixlevel' on page 38 undefined on input line 2199
.


LaTeX Warning: Reference `eq:hampel' on page 38 undefined on input line 2201.


LaTeX Warning: Reference `sec:fixlevel' on page 38 undefined on input line 2205
.


LaTeX Warning: Reference `sec:fixlevel' on page 38 undefined on input line 2214
.


LaTeX Warning: Reference `eq:vz-censor' on page 38 undefined on input line 2217
.


LaTeX Warning: Reference `sec:trimming' on page 38 undefined on input line 2239
.


LaTeX Warning: Reference `sec:flightfilter' on page 38 undefined on input line 
2253.


LaTeX Warning: Reference `sec:flightfilter' on page 38 undefined on input line 
2267.


LaTeX Warning: Reference `sec:uniform' on page 38 undefined on input line 2274.



LaTeX Warning: Reference `sec:savgol' on page 38 undefined on input line 2286.


LaTeX Warning: Reference `eq:savgol-window' on page 38 undefined on input line 
2292.


LaTeX Warning: Reference `eq:savgol-window' on page 38 undefined on input line 
2297.


Package longtable Warning: Column widths have changed
(longtable)                in table 2.8 on input line 2298.

[38] [39]

LaTeX Warning: Reference `fig:prelim-ensemble' on page 40 undefined on input li
ne 2327.


LaTeX Warning: Reference `sec:savgol' on page 40 undefined on input line 2347.


[40]

LaTeX Warning: Reference `sec:flightfilter' on page 41 undefined on input line 
2374.


LaTeX Warning: Reference `fig:gaps' on page 41 undefined on input line 2399.


LaTeX Warning: Reference `fig:sampling' on page 41 undefined on input line 2399
.


LaTeX Warning: Reference `sec:flightfilter' on page 41 undefined on input line 
2399.


LaTeX Warning: Reference `tab:pipecensus' on page 41 undefined on input line 24
04.


[41 <./generated/prelim_ensemble.pdf>]

LaTeX Warning: Reference `fig:seasons' on page 42 undefined on input line 2430.



LaTeX Warning: Reference `fig:prelim-map' on page 42 undefined on input line 24
51.


LaTeX Warning: Reference `fig:prelim-map' on page 42 undefined on input line 24
81.


LaTeX Warning: Reference `tab:regional-boxes' on page 42 undefined on input lin
e 2481.


[42]
[43 <./generated/dataset_seasons.pdf>] (./generated/regional_boxes_table.tex)

LaTeX Warning: Reference `fig:prelim-map' on page 44 undefined on input line 25
00.


LaTeX Warning: Reference `sec:conditional-orography' on page 44 undefined on in
put line 2505.


LaTeX Warning: Reference `tab:regional-boxes' on page 44 undefined on input lin
e 2525.


LaTeX Warning: Reference `fig:terrain-map' on page 44 undefined on input line 2
530.


LaTeX Warning: Citation `hernandezaguayo2026' on page 44 undefined on input lin
e 2547.


LaTeX Warning: Citation `kapos2000' on page 44 undefined on input line 2548.


LaTeX Warning: Citation `hernandezaguayo2026' on page 44 undefined on input lin
e 2570.


[44]
[45 <./generated/prelim_map.pdf>]) (./tesi/04-fixed-transport.tex
[46 <./generated/terrain_map.pdf>]
Chapter 3.
(./generated/ch3_transport_values.tex)
(./generated/ch3_transport_grid_bootstrap_values.tex)
(./generated/ch3_transport_origin_dependence_values.tex)
(./generated/ch3_conditional_values.tex)

LaTeX Warning: Reference `ch:experimentals' on page 47 undefined on input line 
12.


[47]

LaTeX Warning: Reference `tab:fixed-interpolation' on page 48 undefined on inpu
t line 80.


LaTeX Warning: Citation `vilpellet2026' on page 48 undefined on input line 88.

(./generated/ch3_transport_interpolation_table.tex)

LaTeX Warning: Reference `fig:fixed-general' on page 48 undefined on input line
 109.


LaTeX Warning: Reference `sec:trimming' on page 48 undefined on input line 111.



[48]

LaTeX Warning: Reference `tab:fixed-support' on page 49 undefined on input line
 129.


LaTeX Warning: Reference `sec:fixed-population' on page 49 undefined on input l
ine 132.


LaTeX Warning: Reference `sec:fixed-scaling' on page 49 undefined on input line
 161.


LaTeX Warning: Reference `par:fixed-uncertainty' on page 49 undefined on input 
line 164.


LaTeX Warning: Reference `fig:fixed-general' on page 49 undefined on input line
 165.


LaTeX Warning: Reference `fig:fixed-general' on page 49 undefined on input line
 170.


LaTeX Warning: Reference `fig:fixed-general-residuals' on page 49 undefined on 
input line 171.


LaTeX Warning: Reference `tab:fixed-support' on page 49 undefined on input line
 183.


LaTeX Warning: Reference `fig:fixed-general-slopes' on page 49 undefined on inp
ut line 184.


LaTeX Warning: Reference `tab:fixed-support' on page 49 undefined on input line
 205.

(./generated/ch3_transport_support_table.tex)

LaTeX Warning: Reference `fig:fixed-general-slopes' on page 49 undefined on inp
ut line 231.


LaTeX Warning: Reference `fig:fixed-general' on page 49 undefined on input line
 236.


LaTeX Warning: Reference `fig:fixed-general-slopes' on page 49 undefined on inp
ut line 236.


[49]
[50 <./generated/ch3_transport_general.pdf> <./generated/ch3_transport_general_
slopes.pdf>]

LaTeX Warning: Citation `vilpellet2026' on page 51 undefined on input line 254.



[51 <./generated/ch3_transport_general_residuals.pdf>]

LaTeX Warning: Reference `fig:fixed-general' on page 52 undefined on input line
 270.


LaTeX Warning: Reference `sec:catalog' on page 52 undefined on input line 276.


LaTeX Warning: Reference `tab:catalogfields' on page 52 undefined on input line
 276.


Underfull \hbox (badness 10000) in paragraph at lines 269--284


LaTeX Warning: Reference `eq:fixed-msd' on page 52 undefined on input line 298.



LaTeX Warning: Reference `eq:fixed-msd' on page 52 undefined on input line 307.



LaTeX Warning: Reference `sec:fixed-population' on page 52 undefined on input l
ine 316.


LaTeX Warning: Reference `sec:conditional-circuit' on page 52 undefined on inpu
t line 317.


Underfull \hbox (badness 10000) in paragraph at lines 327--330


Underfull \hbox (badness 10000) in paragraph at lines 327--330


[52]

LaTeX Warning: Citation `cameron_miller2015' on page 53 undefined on input line
 332.


LaTeX Warning: Reference `tab:fixed-clusters' on page 53 undefined on input lin
e 333.


LaTeX Warning: Reference `tab:fixed-clusters' on page 53 undefined on input lin
e 345.


LaTeX Warning: Reference `eq:fixed-ci' on page 53 undefined on input line 349.

(./generated/ch3_transport_cluster_context.tex)

LaTeX Warning: Reference `tab:fixed-cohorts' on page 53 undefined on input line
 363.


LaTeX Warning: Reference `tab:fixed-grid-groups' on page 53 undefined on input 
line 391.


[53] (./generated/ch3_transport_grid_bootstrap_support.tex)

LaTeX Warning: Reference `fig:fixed-bootstrap-reliability' on page 54 undefined
 on input line 413.


LaTeX Warning: Citation `cameron_miller2015' on page 54 undefined on input line
 434.


[54 <./generated/ch3_transport_grid_bootstrap.pdf>]

LaTeX Warning: Reference `sec:fixed-general' on page 55 undefined on input line
 444.


LaTeX Warning: Reference `eq:fixed-msd' on page 55 undefined on input line 473.



LaTeX Warning: Reference `eq:fixed-kurtosis' on page 55 undefined on input line
 490.

(./generated/ch3_transport_cohort_table.tex)

LaTeX Warning: Reference `sec:fixed-general' on page 55 undefined on input line
 498.


LaTeX Warning: Reference `sec:fixed-circuit' on page 55 undefined on input line
 508.


[55]

LaTeX Warning: Reference `tab:fixed-cohort-fits' on page 56 undefined on input 
line 528.

(./generated/ch3_transport_cohort_contrast_table.tex)
Underfull \hbox (badness 10000) in paragraph at lines 562--570


[56]

LaTeX Warning: Citation `vilpellet2026' on page 57 undefined on input line 579.



[57 <./generated/ch3_transport_cohorts.pdf>]

LaTeX Warning: Reference `fig:conditional-altitude' on page 58 undefined on inp
ut line 614.


LaTeX Warning: Reference `fig:conditional-regions' on page 58 undefined on inpu
t line 616.


LaTeX Warning: Reference `fig:conditional-circuit' on page 58 undefined on inpu
t line 618.


LaTeX Warning: Reference `fig:fixed-task' on page 58 undefined on input line 62
0.


LaTeX Warning: Reference `fig:conditional-equipment' on page 58 undefined on in
put line 622.


LaTeX Warning: Reference `fig:conditional-equipment-altitude' on page 58 undefi
ned on input line 624.


LaTeX Warning: Reference `sec:conditional-factorial' on page 58 undefined on in
put line 634.


LaTeX Warning: Reference `sec:fixed-general' on page 58 undefined on input line
 647.


[58]

LaTeX Warning: Reference `sec:trimming' on page 59 undefined on input line 670.



LaTeX Warning: Reference `fig:trim-alt-shift' on page 59 undefined on input lin
e 670.


LaTeX Warning: Reference `fig:conditional-altitude' on page 59 undefined on inp
ut line 675.


LaTeX Warning: Reference `fig:conditional-regions' on page 59 undefined on inpu
t line 679.


LaTeX Warning: Reference `fig:fixed-task' on page 59 undefined on input line 68
8.


LaTeX Warning: Reference `fig:conditional-circuit' on page 59 undefined on inpu
t line 707.


LaTeX Warning: Reference `fig:fixed-task' on page 59 undefined on input line 70
8.


LaTeX Warning: Reference `eq:fixed-mixture' on page 59 undefined on input line 
712.


LaTeX Warning: Reference `fig:conditional-altitude' on page 59 undefined on inp
ut line 712.


[59 <./generated/ch3_conditional_altitude.pdf>]

LaTeX Warning: Reference `fig:fixed-task' on page 60 undefined on input line 71
5.


LaTeX Warning: Reference `sec:conditional-circuit' on page 60 undefined on inpu
t line 716.


LaTeX Warning: Reference `tab:regional-boxes' on page 60 undefined on input lin
e 728.


LaTeX Warning: Reference `fig:prelim-map' on page 60 undefined on input line 72
8.


LaTeX Warning: Reference `tab:conditional-regions' on page 60 undefined on inpu
t line 768.

(./generated/ch3_conditional_regional_table.tex)
[60]

LaTeX Warning: Reference `fig:conditional-circuit' on page 61 undefined on inpu
t line 817.


LaTeX Warning: Reference `fig:conditional-altitude' on page 61 undefined on inp
ut line 833.


[61 <./generated/ch3_conditional_regions.pdf>]

LaTeX Warning: Reference `fig:conditional-circuit' on page 62 undefined on inpu
t line 841.


LaTeX Warning: Reference `fig:conditional-altitude' on page 62 undefined on inp
ut line 863.


LaTeX Warning: Reference `fig:fixed-task' on page 62 undefined on input line 86
5.


LaTeX Warning: Reference `sec:conditional-orography' on page 62 undefined on in
put line 866.


LaTeX Warning: Reference `tab:fixed-task' on page 62 undefined on input line 86
7.

(./generated/ch3_transport_task_table.tex)
[62 <./generated/ch3_conditional_circuit.pdf>]

LaTeX Warning: Citation `faa_glider2024' on page 63 undefined on input line 911
.


[63 <./generated/ch3_transport_task_altitude.pdf>]

LaTeX Warning: Reference `fig:fixed-task' on page 64 undefined on input line 92
7.


LaTeX Warning: Reference `tab:fixed-task' on page 64 undefined on input line 93
7.


LaTeX Warning: Reference `eq:fixed-mixture' on page 64 undefined on input line 
950.


LaTeX Warning: Reference `sec:glider' on page 64 undefined on input line 971.


LaTeX Warning: Reference `fig:conditional-equipment' on page 64 undefined on in
put line 994.


[64]

LaTeX Warning: Reference `fig:fixed-task' on page 65 undefined on input line 10
04.


LaTeX Warning: Reference `fig:conditional-equipment-altitude' on page 65 undefi
ned on input line 1004.


LaTeX Warning: Reference `fig:fixed-task' on page 65 undefined on input line 10
15.


LaTeX Warning: Reference `fig:conditional-altitude' on page 65 undefined on inp
ut line 1020.


LaTeX Warning: Reference `tab:conditional-equipment' on page 65 undefined on in
put line 1024.

(./generated/ch3_conditional_equipment_table.tex)
[65 <./generated/ch3_conditional_equipment.pdf>])
No file main.bbl.

[66 <./generated/ch3_conditional_equipment_altitude.pdf>]
[67] (./tesi/B-psd.tex
Appendix 2.A.

LaTeX Warning: Reference `ch:dataset' on page 68 undefined on input line 4.


LaTeX Warning: Reference `eq:psd-variance' on page 68 undefined on input line 2
8.


LaTeX Warning: Citation `welch1967' on page 68 undefined on input line 46.


[68]

LaTeX Warning: Reference `sec:altchannel' on page 69 undefined on input line 54
.

) (./tesi/geodesy.tex
[69]
Appendix 2.B.

LaTeX Warning: Reference `sec:enu' on page 70 undefined on input line 9.


LaTeX Warning: Reference `eq:ecef' on page 70 undefined on input line 10.


LaTeX Warning: Citation `nga_wgs84' on page 70 undefined on input line 13.


LaTeX Warning: Reference `sec:altchannel' on page 70 undefined on input line 17
.


LaTeX Warning: Reference `fig:ellipsoid' on page 70 undefined on input line 48.



LaTeX Warning: Reference `eq:geo-ellipse' on page 70 undefined on input line 49
.


LaTeX Warning: Reference `eq:geo-normal' on page 70 undefined on input line 57.



LaTeX Warning: Reference `eq:geo-ellipse' on page 70 undefined on input line 57
.


[70]

LaTeX Warning: Reference `eq:geo-normal' on page 71 undefined on input line 71.



LaTeX Warning: Reference `fig:ellipsoid' on page 71 undefined on input line 78.



LaTeX Warning: Reference `eq:geo-ps' on page 71 undefined on input line 81.


LaTeX Warning: Reference `eq:geo-ps' on page 71 undefined on input line 93.


LaTeX Warning: Reference `eq:geo-zs' on page 71 undefined on input line 93.


LaTeX Warning: Reference `eq:geo-meridian' on page 71 undefined on input line 9
4.


LaTeX Warning: Reference `eq:ecef' on page 71 undefined on input line 100.


LaTeX Warning: Reference `eq:geo-ps' on page 71 undefined on input line 107.


LaTeX Warning: Reference `eq:geo-zs' on page 71 undefined on input line 107.


LaTeX Warning: Reference `eq:geo-psi' on page 71 undefined on input line 115.


LaTeX Warning: Reference `sec:enu' on page 71 undefined on input line 126.


LaTeX Warning: Reference `eq:geo-up' on page 71 undefined on input line 138.


LaTeX Warning: Reference `eq:geo-meridian' on page 71 undefined on input line 1
39.


[71]

LaTeX Warning: Reference `eq:geo-up' on page 72 undefined on input line 147.


LaTeX Warning: Reference `sec:enu' on page 72 undefined on input line 155.


(/opt/homebrew/Cellar/texlive/20250308_1/share/texmf-dist/tex/latex/lm/ot1lmss.
fd)

LaTeX Warning: Citation `esa_navipedia_ellipsoidal_cartesian' on page 72 undefi
ned on input line 166.


LaTeX Warning: Reference `eq:ecef' on page 72 undefined on input line 169.


LaTeX Warning: Reference `sec:enu' on page 72 undefined on input line 197.


LaTeX Warning: Reference `sec:altchannel' on page 72 undefined on input line 19
7.


LaTeX Warning: Reference `sec:fixlevel' on page 72 undefined on input line 207.



LaTeX Warning: Reference `eq:haversine' on page 72 undefined on input line 208.



[72]

LaTeX Warning: Reference `eq:geo-ps' on page 73 undefined on input line 228.


LaTeX Warning: Citation `nga_wgs84' on page 73 undefined on input line 229.


LaTeX Warning: Reference `eq:geo-ps' on page 73 undefined on input line 231.


LaTeX Warning: Reference `eq:geo-zs' on page 73 undefined on input line 231.


LaTeX Warning: Reference `eq:haversine' on page 73 undefined on input line 245.



LaTeX Warning: Reference `eq:geo-ps' on page 73 undefined on input line 250.


LaTeX Warning: Reference `eq:geo-M' on page 73 undefined on input line 250.


LaTeX Warning: Reference `sec:prelim' on page 73 undefined on input line 264.


LaTeX Warning: Reference `fig:prelim-map' on page 73 undefined on input line 26
4.


LaTeX Warning: Reference `eq:geo-flatscale' on page 73 undefined on input line 
265.


LaTeX Warning: Reference `sec:prelim' on page 73 undefined on input line 278.

) (./tesi/experimentals.tex
[73] (./generated/ch3_transport_values.tex)
(./generated/ch3_transport_grid_bootstrap_values.tex)
(./generated/ch3_transport_origin_dependence_values.tex)
(./generated/ch3_conditional_values.tex) (./generated/ch3_factorial_values.tex)

Package hyperref Warning: Difference (2) between bookmark levels is greater 
(hyperref)                than one, level fixed on input line 19.


LaTeX Warning: Reference `sec:fixed-circuit' on page 74 undefined on input line
 24.


LaTeX Warning: Reference `eq:conditional-msd' on page 74 undefined on input lin
e 33.


LaTeX Warning: Citation `mohr2022statistical' on page 74 undefined on input lin
e 38.


LaTeX Warning: Citation `mohr2022statistical' on page 74 undefined on input lin
e 85.


[74]

LaTeX Warning: Reference `tab:factorial-decomposition' on page 75 undefined on 
input line 100.

(./generated/ch3_factorial_decomposition.tex)

LaTeX Warning: Reference `fig:factorial-cells' on page 75 undefined on input li
ne 132.


[75 <./generated/ch3_factorial_cells.pdf>]

LaTeX Warning: Citation `mohr2022statistical' on page 76 undefined on input lin
e 136.


LaTeX Warning: Citation `romano_wolf2005' on page 76 undefined on input line 16
1.


LaTeX Warning: Citation `cameron_miller2015' on page 76 undefined on input line
 180.


LaTeX Warning: Reference `eq:factorial-simultaneous' on page 76 undefined on in
put line 190.


LaTeX Warning: Reference `sec:fixed-bootstrap-reliability' on page 76 undefined
 on input line 206.


LaTeX Warning: Reference `tab:factorial-sensitivity' on page 76 undefined on in
put line 210.


[76] (./generated/ch3_factorial_sensitivity.tex)

LaTeX Warning: Reference `tab:factorial-windows' on page 77 undefined on input 
line 229.

(./generated/ch3_factorial_windows.tex)

LaTeX Warning: Reference `eq:factorial-simple' on page 77 undefined on input li
ne 242.


[77 <./generated/ch3_factorial_contrasts.pdf>]

LaTeX Warning: Reference `ch:fixed-transport' on page 78 undefined on input lin
e 251.


LaTeX Warning: Reference `eq:fixed-weights' on page 78 undefined on input line 
257.


LaTeX Warning: Citation `embrechts_maejima_selfsimilar' on page 78 undefined on
 input line 272.


LaTeX Warning: Reference `eq:fixed-selfsimilar' on page 78 undefined on input l
ine 287.


LaTeX Warning: Reference `eq:fixed-selfsimilar' on page 78 undefined on input l
ine 309.


[78]

LaTeX Warning: Reference `eq:fixed-weights' on page 79 undefined on input line 
313.


LaTeX Warning: Reference `sec:fixed-general' on page 79 undefined on input line
 336.


LaTeX Warning: Reference `fig:fixed-quantiles-para' on page 79 undefined on inp
ut line 347.


LaTeX Warning: Reference `fig:fixed-quantiles-hang' on page 79 undefined on inp
ut line 347.


LaTeX Warning: Reference `fig:fixed-quantile-h' on page 79 undefined on input l
ine 349.


LaTeX Warning: Reference `eq:fixed-cdf' on page 79 undefined on input line 356.



[79]
[80 <./generated/ch3_transport_quantiles_para.pdf>]
[81 <./generated/ch3_transport_quantiles_hang.pdf> <./generated/ch3_transport_q
uantile_exponents.pdf>]

LaTeX Warning: Reference `tab:fixed-fits' on page 82 undefined on input line 40
8.


LaTeX Warning: Reference `fig:fixed-local' on page 82 undefined on input line 4
09.


LaTeX Warning: Reference `fig:fixed-spectrum' on page 82 undefined on input lin
e 410.


LaTeX Warning: Reference `tab:fixed-scaling' on page 82 undefined on input line
 411.

(./generated/ch3_transport_fit_table.tex)
(./generated/ch3_transport_scaling_table.tex)
[82 <./generated/ch3_transport_fixed_slopes.pdf>]

LaTeX Warning: Citation `nist_kurtosis' on page 83 undefined on input line 467.



LaTeX Warning: Reference `fig:fixed-kurtosis' on page 83 undefined on input lin
e 470.


[83 <./generated/ch3_transport_spectrum.pdf>]

LaTeX Warning: Reference `tab:fixed-scaling' on page 84 undefined on input line
 501.


[84 <./generated/ch3_transport_kurtosis.pdf>]

LaTeX Warning: Reference `eq:fixed-scale-family' on page 85 undefined on input 
line 525.


LaTeX Warning: Reference `sec:fixed-bootstrap-reliability' on page 85 undefined
 on input line 534.


LaTeX Warning: Reference `sec:fixed-scaling' on page 85 undefined on input line
 536.


[85 <./generated/ch3_transport_origin_dependence.pdf>]

LaTeX Warning: Reference `sec:fixed-scaling' on page 86 undefined on input line
 578.

)
[86]

Package longtable Warning: Table widths have changed. Rerun LaTeX.

(./main.aux)

LaTeX Warning: There were undefined references.


LaTeX Warning: Label(s) may have changed. Rerun to get cross-references right.


Package rerunfilecheck Warning: File `main.out' has changed.
(rerunfilecheck)                Rerun to get outlines right
(rerunfilecheck)                or use package `bookmark'.

 )
(see the transcript file for additional information)</opt/homebrew/Cellar/texli
ve/20250308_1/share/texmf-dist/fonts/type1/public/dejavu/DejaVuSans-Bold.pfb></
opt/homebrew/Cellar/texlive/20250308_1/share/texmf-dist/fonts/type1/public/deja
vu/DejaVuSans-Oblique.pfb></opt/homebrew/Cellar/texlive/20250308_1/share/texmf-
dist/fonts/type1/public/dejavu/DejaVuSans.pfb></opt/homebrew/Cellar/texlive/202
50308_1/share/texmf-dist/fonts/type1/public/amsfonts/cm/cmmi10.pfb></opt/homebr
ew/Cellar/texlive/20250308_1/share/texmf-dist/fonts/type1/public/amsfonts/cm/cm
mi9.pfb></opt/homebrew/Cellar/texlive/20250308_1/share/texmf-dist/fonts/type1/p
ublic/amsfonts/cm/cmsy10.pfb></opt/homebrew/Cellar/texlive/20250308_1/share/tex
mf-dist/fonts/type1/public/amsfonts/cm/cmsy6.pfb></opt/homebrew/Cellar/texlive/
20250308_1/share/texmf-dist/fonts/type1/public/amsfonts/cm/cmsy9.pfb></opt/home
brew/Cellar/texlive/20250308_1/share/texmf-dist/fonts/type1/public/lm/lmbx10.pf
b></opt/homebrew/Cellar/texlive/20250308_1/share/texmf-dist/fonts/type1/public/
lm/lmbx12.pfb></opt/homebrew/Cellar/texlive/20250308_1/share/texmf-dist/fonts/t
ype1/public/lm/lmbx8.pfb></opt/homebrew/Cellar/texlive/20250308_1/share/texmf-d
ist/fonts/type1/public/lm/lmbx9.pfb></opt/homebrew/Cellar/texlive/20250308_1/sh
are/texmf-dist/fonts/type1/public/lm/lmcsc10.pfb></opt/homebrew/Cellar/texlive/
20250308_1/share/texmf-dist/fonts/type1/public/lm/lmex10.pfb></opt/homebrew/Cel
lar/texlive/20250308_1/share/texmf-dist/fonts/type1/public/lm/lmmi10.pfb></opt/
homebrew/Cellar/texlive/20250308_1/share/texmf-dist/fonts/type1/public/lm/lmmi1
2.pfb></opt/homebrew/Cellar/texlive/20250308_1/share/texmf-dist/fonts/type1/pub
lic/lm/lmmi6.pfb></opt/homebrew/Cellar/texlive/20250308_1/share/texmf-dist/font
s/type1/public/lm/lmmi7.pfb></opt/homebrew/Cellar/texlive/20250308_1/share/texm
f-dist/fonts/type1/public/lm/lmmi8.pfb></opt/homebrew/Cellar/texlive/20250308_1
/share/texmf-dist/fonts/type1/public/lm/lmmi9.pfb></opt/homebrew/Cellar/texlive
/20250308_1/share/texmf-dist/fonts/type1/public/lm/lmmib10.pfb></opt/homebrew/C
ellar/texlive/20250308_1/share/texmf-dist/fonts/type1/public/lm/lmr10.pfb></opt
/homebrew/Cellar/texlive/20250308_1/share/texmf-dist/fonts/type1/public/lm/lmr1
2.pfb></opt/homebrew/Cellar/texlive/20250308_1/share/texmf-dist/fonts/type1/pub
lic/lm/lmr17.pfb></opt/homebrew/Cellar/texlive/20250308_1/share/texmf-dist/font
s/type1/public/lm/lmr5.pfb></opt/homebrew/Cellar/texlive/20250308_1/share/texmf
-dist/fonts/type1/public/lm/lmr6.pfb></opt/homebrew/Cellar/texlive/20250308_1/s
hare/texmf-dist/fonts/type1/public/lm/lmr7.pfb></opt/homebrew/Cellar/texlive/20
250308_1/share/texmf-dist/fonts/type1/public/lm/lmr8.pfb></opt/homebrew/Cellar/
texlive/20250308_1/share/texmf-dist/fonts/type1/public/lm/lmr9.pfb></opt/homebr
ew/Cellar/texlive/20250308_1/share/texmf-dist/fonts/type1/public/lm/lmri10.pfb>
</opt/homebrew/Cellar/texlive/20250308_1/share/texmf-dist/fonts/type1/public/lm
/lmri12.pfb></opt/homebrew/Cellar/texlive/20250308_1/share/texmf-dist/fonts/typ
e1/public/lm/lmss8.pfb></opt/homebrew/Cellar/texlive/20250308_1/share/texmf-dis
t/fonts/type1/public/lm/lmsy10.pfb></opt/homebrew/Cellar/texlive/20250308_1/sha
re/texmf-dist/fonts/type1/public/lm/lmsy6.pfb></opt/homebrew/Cellar/texlive/202
50308_1/share/texmf-dist/fonts/type1/public/lm/lmsy7.pfb></opt/homebrew/Cellar/
texlive/20250308_1/share/texmf-dist/fonts/type1/public/lm/lmsy8.pfb></opt/homeb
rew/Cellar/texlive/20250308_1/share/texmf-dist/fonts/type1/public/lm/lmtt10.pfb
></opt/homebrew/Cellar/texlive/20250308_1/share/texmf-dist/fonts/type1/public/a
msfonts/symbols/msam10.pfb></opt/homebrew/Cellar/texlive/20250308_1/share/texmf
-dist/fonts/type1/public/amsfonts/symbols/msbm10.pfb>
Output written on main.pdf (89 pages, 4066991 bytes).
Transcript written on main.log.
Latexmk: Getting log file 'main.log'
Latexmk: Examining 'main.fls'
Latexmk: Examining 'main.log'
Latexmk: Missing input file 'main.toc' (or dependence on it) from following:
  No file main.toc.
Latexmk: Missing bbl file 'main.bbl' in following:
 No file main.bbl.
Latexmk: References changed.
Latexmk: References changed.
Latexmk: Log file says output to 'main.pdf'
Latexmk: Found bibliography file(s):
  ./references.bib
Latexmk: applying rule 'bibtex main'...
Rule 'bibtex main':  Reasons for rerun
Category 'other':
  Rerun of 'bibtex main' forced or previously required:
    Reason or flag: 'Initial set up of rule'

------------
Run number 1 of rule 'bibtex main'
------------
------------
Running 'bibtex  "main.aux"'
------------
This is BibTeX, Version 0.99d (TeX Live 2025/Homebrew)
The top-level auxiliary file: main.aux
The style file: unsrt.bst
Database file #1: references.bib
Latexmk: applying rule 'pdflatex'...
Rule 'pdflatex':  Reasons for rerun
Changed files or newly in use/created:
  main.aux
  main.bbl
  main.out
  main.toc

------------
Run number 2 of rule 'pdflatex'
------------
------------
Running 'pdflatex  -interaction=nonstopmode -halt-on-error -recorder  "main.tex"'
------------
This is pdfTeX, Version 3.141592653-2.6-1.40.27 (TeX Live 2025/Homebrew) (preloaded format=pdflatex)
 restricted \write18 enabled.
entering extended mode
(./main.tex
LaTeX2e <2024-11-01> patch level 2
L3 programming layer <2025-01-18>
(./preamble.tex
(/opt/homebrew/Cellar/texlive/20250308_1/share/texmf-dist/tex/latex/base/report
.cls
Document Class: report 2024/06/29 v1.4n Standard LaTeX document class

(/opt/homebrew/Cellar/texlive/20250308_1/share/texmf-dist/tex/latex/base/size11
.clo))
(/opt/homebrew/Cellar/texlive/20250308_1/share/texmf-dist/tex/latex/base/inpute
nc.sty)
(/opt/homebrew/Cellar/texlive/20250308_1/share/texmf-dist/tex/latex/base/fonten
c.sty)
(/opt/homebrew/Cellar/texlive/20250308_1/share/texmf-dist/tex/latex/lm/lmodern.
sty)
(/opt/homebrew/Cellar/texlive/20250308_1/share/texmf-dist/tex/generic/babel/bab
el.sty
(/opt/homebrew/Cellar/texlive/20250308_1/share/texmf-dist/tex/generic/babel/txt
babel.def)
(/opt/homebrew/Cellar/texlive/20250308_1/share/texmf-dist/tex/generic/babel-eng
lish/english.ldf))
(/opt/homebrew/Cellar/texlive/20250308_1/share/texmf-dist/tex/generic/babel/loc
ale/en/babel-english.tex)
(/opt/homebrew/Cellar/texlive/20250308_1/share/texmf-dist/tex/latex/amsmath/ams
math.sty
For additional information on amsmath, use the `?' option.

(/opt/homebrew/Cellar/texlive/20250308_1/share/texmf-dist/tex/latex/amsmath/ams
text.sty
(/opt/homebrew/Cellar/texlive/20250308_1/share/texmf-dist/tex/latex/amsmath/ams
gen.sty))
(/opt/homebrew/Cellar/texlive/20250308_1/share/texmf-dist/tex/latex/amsmath/ams
bsy.sty)
(/opt/homebrew/Cellar/texlive/20250308_1/share/texmf-dist/tex/latex/amsmath/ams
opn.sty))
(/opt/homebrew/Cellar/texlive/20250308_1/share/texmf-dist/tex/latex/amsfonts/am
ssymb.sty
(/opt/homebrew/Cellar/texlive/20250308_1/share/texmf-dist/tex/latex/amsfonts/am
sfonts.sty))
(/opt/homebrew/Cellar/texlive/20250308_1/share/texmf-dist/tex/latex/enumitem/en
umitem.sty)
(/opt/homebrew/Cellar/texlive/20250308_1/share/texmf-dist/tex/latex/geometry/ge
ometry.sty
(/opt/homebrew/Cellar/texlive/20250308_1/share/texmf-dist/tex/latex/graphics/ke
yval.sty)
(/opt/homebrew/Cellar/texlive/20250308_1/share/texmf-dist/tex/generic/iftex/ifv
tex.sty
(/opt/homebrew/Cellar/texlive/20250308_1/share/texmf-dist/tex/generic/iftex/ift
ex.sty)))
(/opt/homebrew/Cellar/texlive/20250308_1/share/texmf-dist/tex/latex/microtype/m
icrotype.sty
(/opt/homebrew/Cellar/texlive/20250308_1/share/texmf-dist/tex/latex/etoolbox/et
oolbox.sty)
(/opt/homebrew/Cellar/texlive/20250308_1/share/texmf-dist/tex/latex/microtype/m
icrotype-pdftex.def)
(/opt/homebrew/Cellar/texlive/20250308_1/share/texmf-dist/tex/latex/microtype/m
icrotype.cfg))
(/opt/homebrew/Cellar/texlive/20250308_1/share/texmf-dist/tex/latex/graphics/gr
aphicx.sty
(/opt/homebrew/Cellar/texlive/20250308_1/share/texmf-dist/tex/latex/graphics/gr
aphics.sty
(/opt/homebrew/Cellar/texlive/20250308_1/share/texmf-dist/tex/latex/graphics/tr
ig.sty)
(/opt/homebrew/Cellar/texlive/20250308_1/share/texmf-dist/tex/latex/graphics-cf
g/graphics.cfg)
(/opt/homebrew/Cellar/texlive/20250308_1/share/texmf-dist/tex/latex/graphics-de
f/pdftex.def)))
(/opt/homebrew/Cellar/texlive/20250308_1/share/texmf-dist/tex/latex/placeins/pl
aceins.sty)
(/opt/homebrew/Cellar/texlive/20250308_1/share/texmf-dist/tex/latex/float/float
.sty)
(/opt/homebrew/Cellar/texlive/20250308_1/share/texmf-dist/tex/latex/caption/cap
tion.sty
(/opt/homebrew/Cellar/texlive/20250308_1/share/texmf-dist/tex/latex/caption/cap
tion3.sty))
(/opt/homebrew/Cellar/texlive/20250308_1/share/texmf-dist/tex/latex/booktabs/bo
oktabs.sty)
(/opt/homebrew/Cellar/texlive/20250308_1/share/texmf-dist/tex/latex/tools/tabul
arx.sty
(/opt/homebrew/Cellar/texlive/20250308_1/share/texmf-dist/tex/latex/tools/array
.sty))
(/opt/homebrew/Cellar/texlive/20250308_1/share/texmf-dist/tex/latex/tools/longt
able.sty)
(/opt/homebrew/Cellar/texlive/20250308_1/share/texmf-dist/tex/latex/needspace/n
eedspace.sty)
(/opt/homebrew/Cellar/texlive/20250308_1/share/texmf-dist/tex/latex/multirow/mu
ltirow.sty)
(/opt/homebrew/Cellar/texlive/20250308_1/share/texmf-dist/tex/latex/siunitx/siu
nitx.sty
(/opt/homebrew/Cellar/texlive/20250308_1/share/texmf-dist/tex/latex/translation
s/translations.sty
(/opt/homebrew/Cellar/texlive/20250308_1/share/texmf-dist/tex/generic/pdftexcmd
s/pdftexcmds.sty
(/opt/homebrew/Cellar/texlive/20250308_1/share/texmf-dist/tex/generic/infwarerr
/infwarerr.sty)
(/opt/homebrew/Cellar/texlive/20250308_1/share/texmf-dist/tex/generic/ltxcmds/l
txcmds.sty))))
(/opt/homebrew/Cellar/texlive/20250308_1/share/texmf-dist/tex/latex/xcolor/xcol
or.sty
(/opt/homebrew/Cellar/texlive/20250308_1/share/texmf-dist/tex/latex/graphics-cf
g/color.cfg)
(/opt/homebrew/Cellar/texlive/20250308_1/share/texmf-dist/tex/latex/graphics/ma
thcolor.ltx))
(/opt/homebrew/Cellar/texlive/20250308_1/share/texmf-dist/tex/latex/csquotes/cs
quotes.sty
(/opt/homebrew/Cellar/texlive/20250308_1/share/texmf-dist/tex/latex/csquotes/cs
quotes.def)
(/opt/homebrew/Cellar/texlive/20250308_1/share/texmf-dist/tex/latex/csquotes/cs
quotes.cfg))
(/opt/homebrew/Cellar/texlive/20250308_1/share/texmf-dist/tex/latex/hyperref/xr
-hyper.sty)
(/opt/homebrew/Cellar/texlive/20250308_1/share/texmf-dist/tex/latex/hyperref/hy
perref.sty
(/opt/homebrew/Cellar/texlive/20250308_1/share/texmf-dist/tex/latex/kvsetkeys/k
vsetkeys.sty)
(/opt/homebrew/Cellar/texlive/20250308_1/share/texmf-dist/tex/generic/kvdefinek
eys/kvdefinekeys.sty)
(/opt/homebrew/Cellar/texlive/20250308_1/share/texmf-dist/tex/generic/pdfescape
/pdfescape.sty)
(/opt/homebrew/Cellar/texlive/20250308_1/share/texmf-dist/tex/latex/hycolor/hyc
olor.sty)
(/opt/homebrew/Cellar/texlive/20250308_1/share/texmf-dist/tex/latex/hyperref/na
meref.sty
(/opt/homebrew/Cellar/texlive/20250308_1/share/texmf-dist/tex/latex/refcount/re
fcount.sty)
(/opt/homebrew/Cellar/texlive/20250308_1/share/texmf-dist/tex/generic/gettitles
tring/gettitlestring.sty
(/opt/homebrew/Cellar/texlive/20250308_1/share/texmf-dist/tex/latex/kvoptions/k
voptions.sty)))
(/opt/homebrew/Cellar/texlive/20250308_1/share/texmf-dist/tex/generic/stringenc
/stringenc.sty)
(/opt/homebrew/Cellar/texlive/20250308_1/share/texmf-dist/tex/latex/hyperref/pd
1enc.def)
(/opt/homebrew/Cellar/texlive/20250308_1/share/texmf-dist/tex/generic/intcalc/i
ntcalc.sty)
(/opt/homebrew/Cellar/texlive/20250308_1/share/texmf-dist/tex/latex/hyperref/pu
enc.def)
(/opt/homebrew/Cellar/texlive/20250308_1/share/texmf-dist/tex/latex/url/url.sty
)
(/opt/homebrew/Cellar/texlive/20250308_1/share/texmf-dist/tex/generic/bitset/bi
tset.sty
(/opt/homebrew/Cellar/texlive/20250308_1/share/texmf-dist/tex/generic/bigintcal
c/bigintcalc.sty))
(/opt/homebrew/Cellar/texlive/20250308_1/share/texmf-dist/tex/latex/base/atbegs
hi-ltx.sty))
(/opt/homebrew/Cellar/texlive/20250308_1/share/texmf-dist/tex/latex/hyperref/hp
dftex.def
(/opt/homebrew/Cellar/texlive/20250308_1/share/texmf-dist/tex/latex/base/atvery
end-ltx.sty)
(/opt/homebrew/Cellar/texlive/20250308_1/share/texmf-dist/tex/latex/rerunfilech
eck/rerunfilecheck.sty
(/opt/homebrew/Cellar/texlive/20250308_1/share/texmf-dist/tex/generic/uniquecou
nter/uniquecounter.sty)))
(/opt/homebrew/Cellar/texlive/20250308_1/share/texmf-dist/tex/latex/pgf/fronten
dlayer/tikz.sty
(/opt/homebrew/Cellar/texlive/20250308_1/share/texmf-dist/tex/latex/pgf/basicla
yer/pgf.sty
(/opt/homebrew/Cellar/texlive/20250308_1/share/texmf-dist/tex/latex/pgf/utiliti
es/pgfrcs.sty
(/opt/homebrew/Cellar/texlive/20250308_1/share/texmf-dist/tex/generic/pgf/utili
ties/pgfutil-common.tex)
(/opt/homebrew/Cellar/texlive/20250308_1/share/texmf-dist/tex/generic/pgf/utili
ties/pgfutil-latex.def)
(/opt/homebrew/Cellar/texlive/20250308_1/share/texmf-dist/tex/generic/pgf/utili
ties/pgfrcs.code.tex
(/opt/homebrew/Cellar/texlive/20250308_1/share/texmf-dist/tex/generic/pgf/pgf.r
evision.tex)))
(/opt/homebrew/Cellar/texlive/20250308_1/share/texmf-dist/tex/latex/pgf/basicla
yer/pgfcore.sty
(/opt/homebrew/Cellar/texlive/20250308_1/share/texmf-dist/tex/latex/pgf/systeml
ayer/pgfsys.sty
(/opt/homebrew/Cellar/texlive/20250308_1/share/texmf-dist/tex/generic/pgf/syste
mlayer/pgfsys.code.tex
(/opt/homebrew/Cellar/texlive/20250308_1/share/texmf-dist/tex/generic/pgf/utili
ties/pgfkeys.code.tex
(/opt/homebrew/Cellar/texlive/20250308_1/share/texmf-dist/tex/generic/pgf/utili
ties/pgfkeyslibraryfiltered.code.tex))
(/opt/homebrew/Cellar/texlive/20250308_1/share/texmf-dist/tex/generic/pgf/syste
mlayer/pgf.cfg)
(/opt/homebrew/Cellar/texlive/20250308_1/share/texmf-dist/tex/generic/pgf/syste
mlayer/pgfsys-pdftex.def
(/opt/homebrew/Cellar/texlive/20250308_1/share/texmf-dist/tex/generic/pgf/syste
mlayer/pgfsys-common-pdf.def)))
(/opt/homebrew/Cellar/texlive/20250308_1/share/texmf-dist/tex/generic/pgf/syste
mlayer/pgfsyssoftpath.code.tex)
(/opt/homebrew/Cellar/texlive/20250308_1/share/texmf-dist/tex/generic/pgf/syste
mlayer/pgfsysprotocol.code.tex))
(/opt/homebrew/Cellar/texlive/20250308_1/share/texmf-dist/tex/generic/pgf/basic
layer/pgfcore.code.tex
(/opt/homebrew/Cellar/texlive/20250308_1/share/texmf-dist/tex/generic/pgf/math/
pgfmath.code.tex
(/opt/homebrew/Cellar/texlive/20250308_1/share/texmf-dist/tex/generic/pgf/math/
pgfmathutil.code.tex)
(/opt/homebrew/Cellar/texlive/20250308_1/share/texmf-dist/tex/generic/pgf/math/
pgfmathparser.code.tex)
(/opt/homebrew/Cellar/texlive/20250308_1/share/texmf-dist/tex/generic/pgf/math/
pgfmathfunctions.code.tex)
(/opt/homebrew/Cellar/texlive/20250308_1/share/texmf-dist/tex/generic/pgf/math/
pgfmathfunctions.basic.code.tex)
(/opt/homebrew/Cellar/texlive/20250308_1/share/texmf-dist/tex/generic/pgf/math/
pgfmathfunctions.trigonometric.code.tex)
(/opt/homebrew/Cellar/texlive/20250308_1/share/texmf-dist/tex/generic/pgf/math/
pgfmathfunctions.random.code.tex)
(/opt/homebrew/Cellar/texlive/20250308_1/share/texmf-dist/tex/generic/pgf/math/
pgfmathfunctions.comparison.code.tex)
(/opt/homebrew/Cellar/texlive/20250308_1/share/texmf-dist/tex/generic/pgf/math/
pgfmathfunctions.base.code.tex)
(/opt/homebrew/Cellar/texlive/20250308_1/share/texmf-dist/tex/generic/pgf/math/
pgfmathfunctions.round.code.tex)
(/opt/homebrew/Cellar/texlive/20250308_1/share/texmf-dist/tex/generic/pgf/math/
pgfmathfunctions.misc.code.tex)
(/opt/homebrew/Cellar/texlive/20250308_1/share/texmf-dist/tex/generic/pgf/math/
pgfmathfunctions.integerarithmetics.code.tex)
(/opt/homebrew/Cellar/texlive/20250308_1/share/texmf-dist/tex/generic/pgf/math/
pgfmathcalc.code.tex)
(/opt/homebrew/Cellar/texlive/20250308_1/share/texmf-dist/tex/generic/pgf/math/
pgfmathfloat.code.tex))
(/opt/homebrew/Cellar/texlive/20250308_1/share/texmf-dist/tex/generic/pgf/math/
pgfint.code.tex)
(/opt/homebrew/Cellar/texlive/20250308_1/share/texmf-dist/tex/generic/pgf/basic
layer/pgfcorepoints.code.tex)
(/opt/homebrew/Cellar/texlive/20250308_1/share/texmf-dist/tex/generic/pgf/basic
layer/pgfcorepathconstruct.code.tex)
(/opt/homebrew/Cellar/texlive/20250308_1/share/texmf-dist/tex/generic/pgf/basic
layer/pgfcorepathusage.code.tex)
(/opt/homebrew/Cellar/texlive/20250308_1/share/texmf-dist/tex/generic/pgf/basic
layer/pgfcorescopes.code.tex)
(/opt/homebrew/Cellar/texlive/20250308_1/share/texmf-dist/tex/generic/pgf/basic
layer/pgfcoregraphicstate.code.tex)
(/opt/homebrew/Cellar/texlive/20250308_1/share/texmf-dist/tex/generic/pgf/basic
layer/pgfcoretransformations.code.tex)
(/opt/homebrew/Cellar/texlive/20250308_1/share/texmf-dist/tex/generic/pgf/basic
layer/pgfcorequick.code.tex)
(/opt/homebrew/Cellar/texlive/20250308_1/share/texmf-dist/tex/generic/pgf/basic
layer/pgfcoreobjects.code.tex)
(/opt/homebrew/Cellar/texlive/20250308_1/share/texmf-dist/tex/generic/pgf/basic
layer/pgfcorepathprocessing.code.tex)
(/opt/homebrew/Cellar/texlive/20250308_1/share/texmf-dist/tex/generic/pgf/basic
layer/pgfcorearrows.code.tex)
(/opt/homebrew/Cellar/texlive/20250308_1/share/texmf-dist/tex/generic/pgf/basic
layer/pgfcoreshade.code.tex)
(/opt/homebrew/Cellar/texlive/20250308_1/share/texmf-dist/tex/generic/pgf/basic
layer/pgfcoreimage.code.tex)
(/opt/homebrew/Cellar/texlive/20250308_1/share/texmf-dist/tex/generic/pgf/basic
layer/pgfcoreexternal.code.tex)
(/opt/homebrew/Cellar/texlive/20250308_1/share/texmf-dist/tex/generic/pgf/basic
layer/pgfcorelayers.code.tex)
(/opt/homebrew/Cellar/texlive/20250308_1/share/texmf-dist/tex/generic/pgf/basic
layer/pgfcoretransparency.code.tex)
(/opt/homebrew/Cellar/texlive/20250308_1/share/texmf-dist/tex/generic/pgf/basic
layer/pgfcorepatterns.code.tex)
(/opt/homebrew/Cellar/texlive/20250308_1/share/texmf-dist/tex/generic/pgf/basic
layer/pgfcorerdf.code.tex)))
(/opt/homebrew/Cellar/texlive/20250308_1/share/texmf-dist/tex/generic/pgf/modul
es/pgfmoduleshapes.code.tex)
(/opt/homebrew/Cellar/texlive/20250308_1/share/texmf-dist/tex/generic/pgf/modul
es/pgfmoduleplot.code.tex)
(/opt/homebrew/Cellar/texlive/20250308_1/share/texmf-dist/tex/latex/pgf/compati
bility/pgfcomp-version-0-65.sty)
(/opt/homebrew/Cellar/texlive/20250308_1/share/texmf-dist/tex/latex/pgf/compati
bility/pgfcomp-version-1-18.sty))
(/opt/homebrew/Cellar/texlive/20250308_1/share/texmf-dist/tex/latex/pgf/utiliti
es/pgffor.sty
(/opt/homebrew/Cellar/texlive/20250308_1/share/texmf-dist/tex/latex/pgf/utiliti
es/pgfkeys.sty
(/opt/homebrew/Cellar/texlive/20250308_1/share/texmf-dist/tex/generic/pgf/utili
ties/pgfkeys.code.tex))
(/opt/homebrew/Cellar/texlive/20250308_1/share/texmf-dist/tex/latex/pgf/math/pg
fmath.sty
(/opt/homebrew/Cellar/texlive/20250308_1/share/texmf-dist/tex/generic/pgf/math/
pgfmath.code.tex))
(/opt/homebrew/Cellar/texlive/20250308_1/share/texmf-dist/tex/generic/pgf/utili
ties/pgffor.code.tex))
(/opt/homebrew/Cellar/texlive/20250308_1/share/texmf-dist/tex/generic/pgf/front
endlayer/tikz/tikz.code.tex
(/opt/homebrew/Cellar/texlive/20250308_1/share/texmf-dist/tex/generic/pgf/libra
ries/pgflibraryplothandlers.code.tex)
(/opt/homebrew/Cellar/texlive/20250308_1/share/texmf-dist/tex/generic/pgf/modul
es/pgfmodulematrix.code.tex)
(/opt/homebrew/Cellar/texlive/20250308_1/share/texmf-dist/tex/generic/pgf/front
endlayer/tikz/libraries/tikzlibrarytopaths.code.tex)))
(/opt/homebrew/Cellar/texlive/20250308_1/share/texmf-dist/tex/generic/pgf/libra
ries/pgflibraryarrows.meta.code.tex)
(/opt/homebrew/Cellar/texlive/20250308_1/share/texmf-dist/tex/generic/pgf/front
endlayer/tikz/libraries/tikzlibrarycalc.code.tex)
(/opt/homebrew/Cellar/texlive/20250308_1/share/texmf-dist/tex/generic/pgf/front
endlayer/tikz/libraries/tikzlibraryangles.code.tex)
(/opt/homebrew/Cellar/texlive/20250308_1/share/texmf-dist/tex/generic/pgf/front
endlayer/tikz/libraries/tikzlibraryquotes.code.tex)
(/opt/homebrew/Cellar/texlive/20250308_1/share/texmf-dist/tex/generic/pgf/front
endlayer/tikz/libraries/tikzlibrarypositioning.code.tex)
(/opt/homebrew/Cellar/texlive/20250308_1/share/texmf-dist/tex/generic/pgf/front
endlayer/tikz/libraries/tikzlibrarydecorations.pathreplacing.code.tex
(/opt/homebrew/Cellar/texlive/20250308_1/share/texmf-dist/tex/generic/pgf/front
endlayer/tikz/libraries/tikzlibrarydecorations.code.tex
(/opt/homebrew/Cellar/texlive/20250308_1/share/texmf-dist/tex/generic/pgf/modul
es/pgfmoduledecorations.code.tex))
(/opt/homebrew/Cellar/texlive/20250308_1/share/texmf-dist/tex/generic/pgf/libra
ries/decorations/pgflibrarydecorations.pathreplacing.code.tex))
(/opt/homebrew/Cellar/texlive/20250308_1/share/texmf-dist/tex/latex/titlesec/ti
tletoc.sty)
(/opt/homebrew/Cellar/texlive/20250308_1/share/texmf-dist/tex/latex/fancyhdr/fa
ncyhdr.sty)
(/opt/homebrew/Cellar/texlive/20250308_1/share/texmf-dist/tex/latex/dejavu/Deja
VuSans.sty)
(/opt/homebrew/Cellar/texlive/20250308_1/share/texmf-dist/tex/latex/sansmath/sa
nsmath.sty)
(/opt/homebrew/Cellar/texlive/20250308_1/share/texmf-dist/tex/latex/cite/cite.s
ty) (./generated/stats.tex) (./generated/census.tex) (./generated/msd.tex)
(./generated/altitude_noise.tex) (./generated/pipeline_census.tex)
(./generated/trim.tex) (./generated/verify.tex) (./generated/audit.tex)
(./generated/prelim.tex) (./generated/terrain.tex)
(./generated/dataset_stats.tex) (./generated/kinematic_isotropy.tex)
(./generated/ch3_revision.tex) (./generated/ch3_terrain_axes_values.tex)
(./generated/ch3_alps_sector_values.tex) (./generated/ch3_pca_cohort_values.tex
) (./generated/ch3_channel_wind_values.tex)
(./generated/ch3_regional_variations_values.tex)
(./generated/ch3_grouped_tamsd_values.tex) (./generated/ch3_msd_weights.tex)
(./generated/ch3_altitude_hurst_values.tex)
(./generated/ch3_self_similarity_values.tex)
(./generated/duration_equipment.tex) (./generated/snapshot_status.tex)
(./generated/segmentation.tex) (./generated/ch5_vilpellet_values.tex))
(/opt/homebrew/Cellar/texlive/20250308_1/share/texmf-dist/tex/latex/lm/t1lmr.fd
)
(/opt/homebrew/Cellar/texlive/20250308_1/share/texmf-dist/tex/latex/l3backend/l
3backend-pdftex.def) (./main.aux)
*geometry* driver: auto-detecting
*geometry* detected driver: pdftex

(/opt/homebrew/Cellar/texlive/20250308_1/share/texmf-dist/tex/latex/microtype/m
t-cmr.cfg)
(/opt/homebrew/Cellar/texlive/20250308_1/share/texmf-dist/tex/context/base/mkii
/supp-pdf.mkii
[Loading MPS to PDF converter (version 2006.09.02).]
)
(/opt/homebrew/Cellar/texlive/20250308_1/share/texmf-dist/tex/latex/epstopdf-pk
g/epstopdf-base.sty
(/opt/homebrew/Cellar/texlive/20250308_1/share/texmf-dist/tex/latex/latexconfig
/epstopdf-sys.cfg))
(/opt/homebrew/Cellar/texlive/20250308_1/share/texmf-dist/tex/latex/caption/ltc
aption.sty)
(/opt/homebrew/Cellar/texlive/20250308_1/share/texmf-dist/tex/latex/translation
s/translations-basic-dictionary-english.trsl) (./main.out) (./main.out)
(/opt/homebrew/Cellar/texlive/20250308_1/share/texmf-dist/tex/latex/lm/t1lmtt.f
d)
(/opt/homebrew/Cellar/texlive/20250308_1/share/texmf-dist/tex/latex/lm/ot1lmr.f
d)
(/opt/homebrew/Cellar/texlive/20250308_1/share/texmf-dist/tex/latex/lm/omllmm.f
d)
(/opt/homebrew/Cellar/texlive/20250308_1/share/texmf-dist/tex/latex/lm/omslmsy.
fd)
(/opt/homebrew/Cellar/texlive/20250308_1/share/texmf-dist/tex/latex/lm/omxlmex.
fd)
(/opt/homebrew/Cellar/texlive/20250308_1/share/texmf-dist/tex/latex/amsfonts/um
sa.fd)
(/opt/homebrew/Cellar/texlive/20250308_1/share/texmf-dist/tex/latex/microtype/m
t-msa.cfg)
(/opt/homebrew/Cellar/texlive/20250308_1/share/texmf-dist/tex/latex/amsfonts/um
sb.fd)
(/opt/homebrew/Cellar/texlive/20250308_1/share/texmf-dist/tex/latex/microtype/m
t-msb.cfg)
[1{/opt/homebrew/Cellar/texlive/20250308_1/share/texmf-dist/fonts/map/pdftex/up
dmap/pdftex.map}{/opt/homebrew/Cellar/texlive/20250308_1/share/texmf-dist/fonts
/enc/dvips/lm/lm-ec.enc}]
[1] (./main.toc
[2])
[3{/opt/homebrew/Cellar/texlive/20250308_1/share/texmf-dist/fonts/enc/dvips/lm/
lm-rm.enc}{/opt/homebrew/Cellar/texlive/20250308_1/share/texmf-dist/fonts/enc/d
vips/lm/lm-mathit.enc}] (./tesi/01-introduction.tex
Chapter 1.

LaTeX Warning: Citation `reddy2016' on page 1 undefined on input line 41.


LaTeX Warning: Citation `vilpellet2026' on page 1 undefined on input line 44.


Underfull \vbox (badness 10000) has occurred while \output is active
[1{/opt/homebrew/Cellar/texlive/20250308_1/share/texmf-dist/fonts/enc/dvips/lm/
lm-mathsy.enc}{/opt/homebrew/Cellar/texlive/20250308_1/share/texmf-dist/fonts/e
nc/dvips/lm/lm-mathex.enc}]

LaTeX Warning: Citation `metzler2000' on page 2 undefined on input line 61.


LaTeX Warning: Citation `zaburdaev2015' on page 2 undefined on input line 79.


[2]

LaTeX Warning: Citation `tejedor2010' on page 3 undefined on input line 128.


LaTeX Warning: Citation `schulz2013' on page 3 undefined on input line 128.


(/opt/homebrew/Cellar/texlive/20250308_1/share/texmf-dist/tex/latex/dejavu/T1De
jaVuSans-TLF.fd)
Underfull \vbox (badness 10000) has occurred while \output is active
[3]) (./tesi/03-dataset.tex
[4{/opt/homebrew/Cellar/texlive/20250308_1/share/texmf-dist/fonts/enc/dvips/dej
avu/dejavusans_t1-type1.enc}]
Chapter 2.

(/opt/homebrew/Cellar/texlive/20250308_1/share/texmf-dist/tex/latex/lm/ts1lmr.f
d)
[5{/opt/homebrew/Cellar/texlive/20250308_1/share/texmf-dist/fonts/enc/dvips/lm/
lm-ts1.enc}]

LaTeX Warning: Citation `fai_igc_spec' on page 6 undefined on input line 62.


[6]

LaTeX Warning: Citation `vilpellet2026' on page 7 undefined on input line 140.


LaTeX Warning: Citation `fpren926_2_2012' on page 7 undefined on input line 152
.


LaTeX Warning: Citation `fai_sc7_2024' on page 7 undefined on input line 155.


LaTeX Warning: Citation `fai_sc7_2024' on page 7 undefined on input line 179.


LaTeX Warning: Citation `fpren926_2_2012' on page 7 undefined on input line 179
.

(./generated/seasons_table_para.tex
[7] [8]) (./generated/seasons_table_hang.tex)
[9] (./generated/cleaning_witness_audit.tex)
[10]

LaTeX Warning: Citation `fai_igc_spec' on page 11 undefined on input line 331.


LaTeX Warning: Citation `fai_civl_s7h_2024' on page 11 undefined on input line 
331.


[11]

LaTeX Warning: Citation `garciacrespillo2024' on page 12 undefined on input lin
e 382.


[12 <./generated/altitude_noise.pdf>]
[13]

LaTeX Warning: Citation `sklearn_haversine' on page 14 undefined on input line 
479.


[14 <./generated/cleaning_defects_schematic.pdf>]

LaTeX Warning: Citation `rousseeuw1993' on page 15 undefined on input line 516.



[15]
(/opt/homebrew/Cellar/texlive/20250308_1/share/texmf-dist/tex/latex/dejavu/OT1D
ejaVuSans-TLF.fd)
[16 <./generated/horizontal_gate_explainer.pdf>]
[17{/opt/homebrew/Cellar/texlive/20250308_1/share/texmf-dist/fonts/enc/dvips/de
javu/dejavusans_ot1.enc}]
[18 <./generated/vertical_median_explainer.pdf>]
[19]

LaTeX Warning: Citation `daviesgather1993' on page 20 undefined on input line 9
24.


[20 <./generated/fixlevel_diagnostics.pdf>]
[21]
[22 <./generated/cleaning_real_examples.pdf>]
[23 <./generated/trim_split_seconds.pdf>]
[24 <./generated/trim_alt_shift.pdf>]
[25 <./generated/trim_interior_excisions.pdf>]
[26 <./generated/preproc_diagnostics.pdf>]

LaTeX Warning: Citation `nga_wgs84' on page 27 undefined on input line 1242.


LaTeX Warning: Citation `esa_navipedia_ellipsoidal_cartesian' on page 27 undefi
ned on input line 1242.


[27]
[28]

LaTeX Warning: Citation `fritsch1984' on page 29 undefined on input line 1662.


[29 <./generated/sampling_intervals.pdf>]
[30]

LaTeX Warning: Citation `savitzky1964' on page 31 undefined on input line 1741.



[31 <./generated/gap_diagnostics.pdf>]
[32]
[33 <./generated/savgol_explainer.pdf>]
[34 <./generated/savgol_spectrum.pdf>]
[35 <./generated/savgol_response.pdf>]
[36]
[37] [38] [39]
[40]
[41 <./generated/prelim_ensemble.pdf>]
[42]
[43 <./generated/dataset_seasons.pdf>] (./generated/regional_boxes_table.tex)

LaTeX Warning: Citation `hernandezaguayo2026' on page 44 undefined on input lin
e 2547.


LaTeX Warning: Citation `kapos2000' on page 44 undefined on input line 2548.


LaTeX Warning: Citation `hernandezaguayo2026' on page 44 undefined on input lin
e 2570.


[44]
[45 <./generated/prelim_map.pdf>]) (./tesi/04-fixed-transport.tex
[46 <./generated/terrain_map.pdf>]
Chapter 3.
(./generated/ch3_transport_values.tex)
(./generated/ch3_transport_grid_bootstrap_values.tex)
(./generated/ch3_transport_origin_dependence_values.tex)
(./generated/ch3_conditional_values.tex)
[47]

LaTeX Warning: Citation `vilpellet2026' on page 48 undefined on input line 88.

(./generated/ch3_transport_interpolation_table.tex)
[48] (./generated/ch3_transport_support_table.tex)
[49]
[50 <./generated/ch3_transport_general.pdf> <./generated/ch3_transport_general_
slopes.pdf>]

LaTeX Warning: Citation `vilpellet2026' on page 51 undefined on input line 254.



[51 <./generated/ch3_transport_general_residuals.pdf>]
Underfull \hbox (badness 10000) in paragraph at lines 269--284


Underfull \hbox (badness 10000) in paragraph at lines 327--330


Underfull \hbox (badness 10000) in paragraph at lines 327--330


[52]

LaTeX Warning: Citation `cameron_miller2015' on page 53 undefined on input line
 332.

(./generated/ch3_transport_cluster_context.tex)
[53] (./generated/ch3_transport_grid_bootstrap_support.tex)

LaTeX Warning: Citation `cameron_miller2015' on page 54 undefined on input line
 434.


[54 <./generated/ch3_transport_grid_bootstrap.pdf>]
(./generated/ch3_transport_cohort_table.tex)
[55] (./generated/ch3_transport_cohort_contrast_table.tex)
Underfull \hbox (badness 10000) in paragraph at lines 562--570


[56]

LaTeX Warning: Citation `vilpellet2026' on page 57 undefined on input line 579.



[57 <./generated/ch3_transport_cohorts.pdf>]
[58]
[59 <./generated/ch3_conditional_altitude.pdf>]
(./generated/ch3_conditional_regional_table.tex)
[60]
[61 <./generated/ch3_conditional_regions.pdf>]
(./generated/ch3_transport_task_table.tex)
[62 <./generated/ch3_conditional_circuit.pdf>]

LaTeX Warning: Citation `faa_glider2024' on page 63 undefined on input line 911
.


[63 <./generated/ch3_transport_task_altitude.pdf>]
[64] (./generated/ch3_conditional_equipment_table.tex)
[65 <./generated/ch3_conditional_equipment.pdf>]) (./main.bbl
[66 <./generated/ch3_conditional_equipment_altitude.pdf>]
[67]
Underfull \hbox (badness 10000) in paragraph at lines 80--85
[]\T1/lmr/m/n/10.95 (+20) scikit-learn de-vel-op-ers.  \T1/lmtt/m/n/10.95 sklea
rn.metrics.pairwise.haversine_distances\T1/lmr/m/n/10.95 (+20) .

Underfull \hbox (badness 1902) in paragraph at lines 80--85
\T1/lmr/m/n/10.95 (+20) scikit-learn API ref-er-ence.  States the great-circle 
for-mula used here. [][]$\T1/lmtt/m/n/10.95 https :

Underfull \hbox (badness 10000) in paragraph at lines 80--85
\T1/lmtt/m/n/10.95 / / scikit-[]learn . org / stable / modules / generated / sk
learn . metrics . pairwise .

[68])
[69]
[70] (./tesi/B-psd.tex
Appendix 2.A.

LaTeX Warning: Citation `welch1967' on page 71 undefined on input line 46.


[71]) (./tesi/geodesy.tex
[72]
Appendix 2.B.

LaTeX Warning: Citation `nga_wgs84' on page 73 undefined on input line 13.


[73]
[74]
(/opt/homebrew/Cellar/texlive/20250308_1/share/texmf-dist/tex/latex/lm/ot1lmss.
fd)

LaTeX Warning: Citation `esa_navipedia_ellipsoidal_cartesian' on page 75 undefi
ned on input line 166.


[75]

LaTeX Warning: Citation `nga_wgs84' on page 76 undefined on input line 229.

) (./tesi/experimentals.tex
[76] (./generated/ch3_transport_values.tex)
(./generated/ch3_transport_grid_bootstrap_values.tex)
(./generated/ch3_transport_origin_dependence_values.tex)
(./generated/ch3_conditional_values.tex) (./generated/ch3_factorial_values.tex)

Package hyperref Warning: Difference (2) between bookmark levels is greater 
(hyperref)                than one, level fixed on input line 19.


LaTeX Warning: Citation `mohr2022statistical' on page 77 undefined on input lin
e 38.


LaTeX Warning: Citation `mohr2022statistical' on page 77 undefined on input lin
e 85.


[77] (./generated/ch3_factorial_decomposition.tex)
[78 <./generated/ch3_factorial_cells.pdf>]

LaTeX Warning: Citation `mohr2022statistical' on page 79 undefined on input lin
e 136.


LaTeX Warning: Citation `romano_wolf2005' on page 79 undefined on input line 16
1.


LaTeX Warning: Citation `cameron_miller2015' on page 79 undefined on input line
 180.


[79] (./generated/ch3_factorial_sensitivity.tex)
(./generated/ch3_factorial_windows.tex)
[80 <./generated/ch3_factorial_contrasts.pdf>]

LaTeX Warning: Citation `embrechts_maejima_selfsimilar' on page 81 undefined on
 input line 272.


[81]
[82]
[83 <./generated/ch3_transport_quantiles_para.pdf>]
[84 <./generated/ch3_transport_quantiles_hang.pdf> <./generated/ch3_transport_q
uantile_exponents.pdf>] (./generated/ch3_transport_fit_table.tex)
(./generated/ch3_transport_scaling_table.tex)
[85 <./generated/ch3_transport_fixed_slopes.pdf>]

LaTeX Warning: Citation `nist_kurtosis' on page 86 undefined on input line 467.



[86 <./generated/ch3_transport_spectrum.pdf>]
[87 <./generated/ch3_transport_kurtosis.pdf>]
[88 <./generated/ch3_transport_origin_dependence.pdf>])
[89] (./main.aux)

LaTeX Warning: There were undefined references.


LaTeX Warning: Label(s) may have changed. Rerun to get cross-references right.


Package rerunfilecheck Warning: File `main.out' has changed.
(rerunfilecheck)                Rerun to get outlines right
(rerunfilecheck)                or use package `bookmark'.

 )
(see the transcript file for additional information)
pdfTeX warning (dest): name{figure.caption.123} has been referenced but does no
t exist, replaced by a fixed one


pdfTeX warning (dest): name{table.caption.122} has been referenced but does not
 exist, replaced by a fixed one


pdfTeX warning (dest): name{figure.caption.120} has been referenced but does no
t exist, replaced by a fixed one


pdfTeX warning (dest): name{table.caption.119} has been referenced but does not
 exist, replaced by a fixed one


pdfTeX warning (dest): name{figure.caption.116} has been referenced but does no
t exist, replaced by a fixed one


pdfTeX warning (dest): name{table.caption.114} has been referenced but does not
 exist, replaced by a fixed one


pdfTeX warning (dest): name{figure.caption.109} has been referenced but does no
t exist, replaced by a fixed one


pdfTeX warning (dest): name{table.caption.110} has been referenced but does not
 exist, replaced by a fixed one


pdfTeX warning (dest): name{section*.107} has been referenced but does not exis
t, replaced by a fixed one


pdfTeX warning (dest): name{section*.99} has been referenced but does not exist
, replaced by a fixed one

</opt/homebrew/Cellar/texlive/20250308_1/share/texmf-dist/fonts/type1/public/de
javu/DejaVuSans-Bold.pfb></opt/homebrew/Cellar/texlive/20250308_1/share/texmf-d
ist/fonts/type1/public/dejavu/DejaVuSans-Oblique.pfb></opt/homebrew/Cellar/texl
ive/20250308_1/share/texmf-dist/fonts/type1/public/dejavu/DejaVuSans.pfb></opt/
homebrew/Cellar/texlive/20250308_1/share/texmf-dist/fonts/type1/public/amsfonts
/cm/cmmi10.pfb></opt/homebrew/Cellar/texlive/20250308_1/share/texmf-dist/fonts/
type1/public/amsfonts/cm/cmmi9.pfb></opt/homebrew/Cellar/texlive/20250308_1/sha
re/texmf-dist/fonts/type1/public/amsfonts/cm/cmsy10.pfb></opt/homebrew/Cellar/t
exlive/20250308_1/share/texmf-dist/fonts/type1/public/amsfonts/cm/cmsy6.pfb></o
pt/homebrew/Cellar/texlive/20250308_1/share/texmf-dist/fonts/type1/public/amsfo
nts/cm/cmsy9.pfb></opt/homebrew/Cellar/texlive/20250308_1/share/texmf-dist/font
s/type1/public/lm/lmbx10.pfb></opt/homebrew/Cellar/texlive/20250308_1/share/tex
mf-dist/fonts/type1/public/lm/lmbx12.pfb></opt/homebrew/Cellar/texlive/20250308
_1/share/texmf-dist/fonts/type1/public/lm/lmbx8.pfb></opt/homebrew/Cellar/texli
ve/20250308_1/share/texmf-dist/fonts/type1/public/lm/lmbx9.pfb></opt/homebrew/C
ellar/texlive/20250308_1/share/texmf-dist/fonts/type1/public/lm/lmcsc10.pfb></o
pt/homebrew/Cellar/texlive/20250308_1/share/texmf-dist/fonts/type1/public/lm/lm
ex10.pfb></opt/homebrew/Cellar/texlive/20250308_1/share/texmf-dist/fonts/type1/
public/lm/lmmi10.pfb></opt/homebrew/Cellar/texlive/20250308_1/share/texmf-dist/
fonts/type1/public/lm/lmmi12.pfb></opt/homebrew/Cellar/texlive/20250308_1/share
/texmf-dist/fonts/type1/public/lm/lmmi6.pfb></opt/homebrew/Cellar/texlive/20250
308_1/share/texmf-dist/fonts/type1/public/lm/lmmi7.pfb></opt/homebrew/Cellar/te
xlive/20250308_1/share/texmf-dist/fonts/type1/public/lm/lmmi8.pfb></opt/homebre
w/Cellar/texlive/20250308_1/share/texmf-dist/fonts/type1/public/lm/lmmi9.pfb></
opt/homebrew/Cellar/texlive/20250308_1/share/texmf-dist/fonts/type1/public/lm/l
mmib10.pfb></opt/homebrew/Cellar/texlive/20250308_1/share/texmf-dist/fonts/type
1/public/lm/lmr10.pfb></opt/homebrew/Cellar/texlive/20250308_1/share/texmf-dist
/fonts/type1/public/lm/lmr12.pfb></opt/homebrew/Cellar/texlive/20250308_1/share
/texmf-dist/fonts/type1/public/lm/lmr17.pfb></opt/homebrew/Cellar/texlive/20250
308_1/share/texmf-dist/fonts/type1/public/lm/lmr5.pfb></opt/homebrew/Cellar/tex
live/20250308_1/share/texmf-dist/fonts/type1/public/lm/lmr6.pfb></opt/homebrew/
Cellar/texlive/20250308_1/share/texmf-dist/fonts/type1/public/lm/lmr7.pfb></opt
/homebrew/Cellar/texlive/20250308_1/share/texmf-dist/fonts/type1/public/lm/lmr8
.pfb></opt/homebrew/Cellar/texlive/20250308_1/share/texmf-dist/fonts/type1/publ
ic/lm/lmr9.pfb></opt/homebrew/Cellar/texlive/20250308_1/share/texmf-dist/fonts/
type1/public/lm/lmri10.pfb></opt/homebrew/Cellar/texlive/20250308_1/share/texmf
-dist/fonts/type1/public/lm/lmri12.pfb></opt/homebrew/Cellar/texlive/20250308_1
/share/texmf-dist/fonts/type1/public/lm/lmss8.pfb></opt/homebrew/Cellar/texlive
/20250308_1/share/texmf-dist/fonts/type1/public/lm/lmsy10.pfb></opt/homebrew/Ce
llar/texlive/20250308_1/share/texmf-dist/fonts/type1/public/lm/lmsy6.pfb></opt/
homebrew/Cellar/texlive/20250308_1/share/texmf-dist/fonts/type1/public/lm/lmsy7
.pfb></opt/homebrew/Cellar/texlive/20250308_1/share/texmf-dist/fonts/type1/publ
ic/lm/lmsy8.pfb></opt/homebrew/Cellar/texlive/20250308_1/share/texmf-dist/fonts
/type1/public/lm/lmtt10.pfb></opt/homebrew/Cellar/texlive/20250308_1/share/texm
f-dist/fonts/type1/public/amsfonts/symbols/msam10.pfb></opt/homebrew/Cellar/tex
live/20250308_1/share/texmf-dist/fonts/type1/public/amsfonts/symbols/msbm10.pfb
>
Output written on main.pdf (93 pages, 4105682 bytes).
Transcript written on main.log.
Latexmk: Getting log file 'main.log'
Latexmk: Examining 'main.fls'
Latexmk: Examining 'main.log'
Latexmk: Found input bbl file 'main.bbl'
Latexmk: References changed.
Latexmk: References changed.
Latexmk: Log file says output to 'main.pdf'
Latexmk: Found bibliography file(s):
  ./references.bib
Latexmk: applying rule 'bibtex main'...
Rule 'bibtex main':  Reasons for rerun
Changed files or newly in use/created:
  main.aux

------------
Run number 2 of rule 'bibtex main'
------------
------------
Running 'bibtex  "main.aux"'
------------
This is BibTeX, Version 0.99d (TeX Live 2025/Homebrew)
The top-level auxiliary file: main.aux
The style file: unsrt.bst
Database file #1: references.bib
Latexmk: applying rule 'pdflatex'...
Rule 'pdflatex':  Reasons for rerun
Changed files or newly in use/created:
  main.aux
  main.out
  main.toc

------------
Run number 3 of rule 'pdflatex'
------------
------------
Running 'pdflatex  -interaction=nonstopmode -halt-on-error -recorder  "main.tex"'
------------
This is pdfTeX, Version 3.141592653-2.6-1.40.27 (TeX Live 2025/Homebrew) (preloaded format=pdflatex)
 restricted \write18 enabled.
entering extended mode
(./main.tex
LaTeX2e <2024-11-01> patch level 2
L3 programming layer <2025-01-18>
(./preamble.tex
(/opt/homebrew/Cellar/texlive/20250308_1/share/texmf-dist/tex/latex/base/report
.cls
Document Class: report 2024/06/29 v1.4n Standard LaTeX document class

(/opt/homebrew/Cellar/texlive/20250308_1/share/texmf-dist/tex/latex/base/size11
.clo))
(/opt/homebrew/Cellar/texlive/20250308_1/share/texmf-dist/tex/latex/base/inpute
nc.sty)
(/opt/homebrew/Cellar/texlive/20250308_1/share/texmf-dist/tex/latex/base/fonten
c.sty)
(/opt/homebrew/Cellar/texlive/20250308_1/share/texmf-dist/tex/latex/lm/lmodern.
sty)
(/opt/homebrew/Cellar/texlive/20250308_1/share/texmf-dist/tex/generic/babel/bab
el.sty
(/opt/homebrew/Cellar/texlive/20250308_1/share/texmf-dist/tex/generic/babel/txt
babel.def)
(/opt/homebrew/Cellar/texlive/20250308_1/share/texmf-dist/tex/generic/babel-eng
lish/english.ldf))
(/opt/homebrew/Cellar/texlive/20250308_1/share/texmf-dist/tex/generic/babel/loc
ale/en/babel-english.tex)
(/opt/homebrew/Cellar/texlive/20250308_1/share/texmf-dist/tex/latex/amsmath/ams
math.sty
For additional information on amsmath, use the `?' option.

(/opt/homebrew/Cellar/texlive/20250308_1/share/texmf-dist/tex/latex/amsmath/ams
text.sty
(/opt/homebrew/Cellar/texlive/20250308_1/share/texmf-dist/tex/latex/amsmath/ams
gen.sty))
(/opt/homebrew/Cellar/texlive/20250308_1/share/texmf-dist/tex/latex/amsmath/ams
bsy.sty)
(/opt/homebrew/Cellar/texlive/20250308_1/share/texmf-dist/tex/latex/amsmath/ams
opn.sty))
(/opt/homebrew/Cellar/texlive/20250308_1/share/texmf-dist/tex/latex/amsfonts/am
ssymb.sty
(/opt/homebrew/Cellar/texlive/20250308_1/share/texmf-dist/tex/latex/amsfonts/am
sfonts.sty))
(/opt/homebrew/Cellar/texlive/20250308_1/share/texmf-dist/tex/latex/enumitem/en
umitem.sty)
(/opt/homebrew/Cellar/texlive/20250308_1/share/texmf-dist/tex/latex/geometry/ge
ometry.sty
(/opt/homebrew/Cellar/texlive/20250308_1/share/texmf-dist/tex/latex/graphics/ke
yval.sty)
(/opt/homebrew/Cellar/texlive/20250308_1/share/texmf-dist/tex/generic/iftex/ifv
tex.sty
(/opt/homebrew/Cellar/texlive/20250308_1/share/texmf-dist/tex/generic/iftex/ift
ex.sty)))
(/opt/homebrew/Cellar/texlive/20250308_1/share/texmf-dist/tex/latex/microtype/m
icrotype.sty
(/opt/homebrew/Cellar/texlive/20250308_1/share/texmf-dist/tex/latex/etoolbox/et
oolbox.sty)
(/opt/homebrew/Cellar/texlive/20250308_1/share/texmf-dist/tex/latex/microtype/m
icrotype-pdftex.def)
(/opt/homebrew/Cellar/texlive/20250308_1/share/texmf-dist/tex/latex/microtype/m
icrotype.cfg))
(/opt/homebrew/Cellar/texlive/20250308_1/share/texmf-dist/tex/latex/graphics/gr
aphicx.sty
(/opt/homebrew/Cellar/texlive/20250308_1/share/texmf-dist/tex/latex/graphics/gr
aphics.sty
(/opt/homebrew/Cellar/texlive/20250308_1/share/texmf-dist/tex/latex/graphics/tr
ig.sty)
(/opt/homebrew/Cellar/texlive/20250308_1/share/texmf-dist/tex/latex/graphics-cf
g/graphics.cfg)
(/opt/homebrew/Cellar/texlive/20250308_1/share/texmf-dist/tex/latex/graphics-de
f/pdftex.def)))
(/opt/homebrew/Cellar/texlive/20250308_1/share/texmf-dist/tex/latex/placeins/pl
aceins.sty)
(/opt/homebrew/Cellar/texlive/20250308_1/share/texmf-dist/tex/latex/float/float
.sty)
(/opt/homebrew/Cellar/texlive/20250308_1/share/texmf-dist/tex/latex/caption/cap
tion.sty
(/opt/homebrew/Cellar/texlive/20250308_1/share/texmf-dist/tex/latex/caption/cap
tion3.sty))
(/opt/homebrew/Cellar/texlive/20250308_1/share/texmf-dist/tex/latex/booktabs/bo
oktabs.sty)
(/opt/homebrew/Cellar/texlive/20250308_1/share/texmf-dist/tex/latex/tools/tabul
arx.sty
(/opt/homebrew/Cellar/texlive/20250308_1/share/texmf-dist/tex/latex/tools/array
.sty))
(/opt/homebrew/Cellar/texlive/20250308_1/share/texmf-dist/tex/latex/tools/longt
able.sty)
(/opt/homebrew/Cellar/texlive/20250308_1/share/texmf-dist/tex/latex/needspace/n
eedspace.sty)
(/opt/homebrew/Cellar/texlive/20250308_1/share/texmf-dist/tex/latex/multirow/mu
ltirow.sty)
(/opt/homebrew/Cellar/texlive/20250308_1/share/texmf-dist/tex/latex/siunitx/siu
nitx.sty
(/opt/homebrew/Cellar/texlive/20250308_1/share/texmf-dist/tex/latex/translation
s/translations.sty
(/opt/homebrew/Cellar/texlive/20250308_1/share/texmf-dist/tex/generic/pdftexcmd
s/pdftexcmds.sty
(/opt/homebrew/Cellar/texlive/20250308_1/share/texmf-dist/tex/generic/infwarerr
/infwarerr.sty)
(/opt/homebrew/Cellar/texlive/20250308_1/share/texmf-dist/tex/generic/ltxcmds/l
txcmds.sty))))
(/opt/homebrew/Cellar/texlive/20250308_1/share/texmf-dist/tex/latex/xcolor/xcol
or.sty
(/opt/homebrew/Cellar/texlive/20250308_1/share/texmf-dist/tex/latex/graphics-cf
g/color.cfg)
(/opt/homebrew/Cellar/texlive/20250308_1/share/texmf-dist/tex/latex/graphics/ma
thcolor.ltx))
(/opt/homebrew/Cellar/texlive/20250308_1/share/texmf-dist/tex/latex/csquotes/cs
quotes.sty
(/opt/homebrew/Cellar/texlive/20250308_1/share/texmf-dist/tex/latex/csquotes/cs
quotes.def)
(/opt/homebrew/Cellar/texlive/20250308_1/share/texmf-dist/tex/latex/csquotes/cs
quotes.cfg))
(/opt/homebrew/Cellar/texlive/20250308_1/share/texmf-dist/tex/latex/hyperref/xr
-hyper.sty)
(/opt/homebrew/Cellar/texlive/20250308_1/share/texmf-dist/tex/latex/hyperref/hy
perref.sty
(/opt/homebrew/Cellar/texlive/20250308_1/share/texmf-dist/tex/latex/kvsetkeys/k
vsetkeys.sty)
(/opt/homebrew/Cellar/texlive/20250308_1/share/texmf-dist/tex/generic/kvdefinek
eys/kvdefinekeys.sty)
(/opt/homebrew/Cellar/texlive/20250308_1/share/texmf-dist/tex/generic/pdfescape
/pdfescape.sty)
(/opt/homebrew/Cellar/texlive/20250308_1/share/texmf-dist/tex/latex/hycolor/hyc
olor.sty)
(/opt/homebrew/Cellar/texlive/20250308_1/share/texmf-dist/tex/latex/hyperref/na
meref.sty
(/opt/homebrew/Cellar/texlive/20250308_1/share/texmf-dist/tex/latex/refcount/re
fcount.sty)
(/opt/homebrew/Cellar/texlive/20250308_1/share/texmf-dist/tex/generic/gettitles
tring/gettitlestring.sty
(/opt/homebrew/Cellar/texlive/20250308_1/share/texmf-dist/tex/latex/kvoptions/k
voptions.sty)))
(/opt/homebrew/Cellar/texlive/20250308_1/share/texmf-dist/tex/generic/stringenc
/stringenc.sty)
(/opt/homebrew/Cellar/texlive/20250308_1/share/texmf-dist/tex/latex/hyperref/pd
1enc.def)
(/opt/homebrew/Cellar/texlive/20250308_1/share/texmf-dist/tex/generic/intcalc/i
ntcalc.sty)
(/opt/homebrew/Cellar/texlive/20250308_1/share/texmf-dist/tex/latex/hyperref/pu
enc.def)
(/opt/homebrew/Cellar/texlive/20250308_1/share/texmf-dist/tex/latex/url/url.sty
)
(/opt/homebrew/Cellar/texlive/20250308_1/share/texmf-dist/tex/generic/bitset/bi
tset.sty
(/opt/homebrew/Cellar/texlive/20250308_1/share/texmf-dist/tex/generic/bigintcal
c/bigintcalc.sty))
(/opt/homebrew/Cellar/texlive/20250308_1/share/texmf-dist/tex/latex/base/atbegs
hi-ltx.sty))
(/opt/homebrew/Cellar/texlive/20250308_1/share/texmf-dist/tex/latex/hyperref/hp
dftex.def
(/opt/homebrew/Cellar/texlive/20250308_1/share/texmf-dist/tex/latex/base/atvery
end-ltx.sty)
(/opt/homebrew/Cellar/texlive/20250308_1/share/texmf-dist/tex/latex/rerunfilech
eck/rerunfilecheck.sty
(/opt/homebrew/Cellar/texlive/20250308_1/share/texmf-dist/tex/generic/uniquecou
nter/uniquecounter.sty)))
(/opt/homebrew/Cellar/texlive/20250308_1/share/texmf-dist/tex/latex/pgf/fronten
dlayer/tikz.sty
(/opt/homebrew/Cellar/texlive/20250308_1/share/texmf-dist/tex/latex/pgf/basicla
yer/pgf.sty
(/opt/homebrew/Cellar/texlive/20250308_1/share/texmf-dist/tex/latex/pgf/utiliti
es/pgfrcs.sty
(/opt/homebrew/Cellar/texlive/20250308_1/share/texmf-dist/tex/generic/pgf/utili
ties/pgfutil-common.tex)
(/opt/homebrew/Cellar/texlive/20250308_1/share/texmf-dist/tex/generic/pgf/utili
ties/pgfutil-latex.def)
(/opt/homebrew/Cellar/texlive/20250308_1/share/texmf-dist/tex/generic/pgf/utili
ties/pgfrcs.code.tex
(/opt/homebrew/Cellar/texlive/20250308_1/share/texmf-dist/tex/generic/pgf/pgf.r
evision.tex)))
(/opt/homebrew/Cellar/texlive/20250308_1/share/texmf-dist/tex/latex/pgf/basicla
yer/pgfcore.sty
(/opt/homebrew/Cellar/texlive/20250308_1/share/texmf-dist/tex/latex/pgf/systeml
ayer/pgfsys.sty
(/opt/homebrew/Cellar/texlive/20250308_1/share/texmf-dist/tex/generic/pgf/syste
mlayer/pgfsys.code.tex
(/opt/homebrew/Cellar/texlive/20250308_1/share/texmf-dist/tex/generic/pgf/utili
ties/pgfkeys.code.tex
(/opt/homebrew/Cellar/texlive/20250308_1/share/texmf-dist/tex/generic/pgf/utili
ties/pgfkeyslibraryfiltered.code.tex))
(/opt/homebrew/Cellar/texlive/20250308_1/share/texmf-dist/tex/generic/pgf/syste
mlayer/pgf.cfg)
(/opt/homebrew/Cellar/texlive/20250308_1/share/texmf-dist/tex/generic/pgf/syste
mlayer/pgfsys-pdftex.def
(/opt/homebrew/Cellar/texlive/20250308_1/share/texmf-dist/tex/generic/pgf/syste
mlayer/pgfsys-common-pdf.def)))
(/opt/homebrew/Cellar/texlive/20250308_1/share/texmf-dist/tex/generic/pgf/syste
mlayer/pgfsyssoftpath.code.tex)
(/opt/homebrew/Cellar/texlive/20250308_1/share/texmf-dist/tex/generic/pgf/syste
mlayer/pgfsysprotocol.code.tex))
(/opt/homebrew/Cellar/texlive/20250308_1/share/texmf-dist/tex/generic/pgf/basic
layer/pgfcore.code.tex
(/opt/homebrew/Cellar/texlive/20250308_1/share/texmf-dist/tex/generic/pgf/math/
pgfmath.code.tex
(/opt/homebrew/Cellar/texlive/20250308_1/share/texmf-dist/tex/generic/pgf/math/
pgfmathutil.code.tex)
(/opt/homebrew/Cellar/texlive/20250308_1/share/texmf-dist/tex/generic/pgf/math/
pgfmathparser.code.tex)
(/opt/homebrew/Cellar/texlive/20250308_1/share/texmf-dist/tex/generic/pgf/math/
pgfmathfunctions.code.tex)
(/opt/homebrew/Cellar/texlive/20250308_1/share/texmf-dist/tex/generic/pgf/math/
pgfmathfunctions.basic.code.tex)
(/opt/homebrew/Cellar/texlive/20250308_1/share/texmf-dist/tex/generic/pgf/math/
pgfmathfunctions.trigonometric.code.tex)
(/opt/homebrew/Cellar/texlive/20250308_1/share/texmf-dist/tex/generic/pgf/math/
pgfmathfunctions.random.code.tex)
(/opt/homebrew/Cellar/texlive/20250308_1/share/texmf-dist/tex/generic/pgf/math/
pgfmathfunctions.comparison.code.tex)
(/opt/homebrew/Cellar/texlive/20250308_1/share/texmf-dist/tex/generic/pgf/math/
pgfmathfunctions.base.code.tex)
(/opt/homebrew/Cellar/texlive/20250308_1/share/texmf-dist/tex/generic/pgf/math/
pgfmathfunctions.round.code.tex)
(/opt/homebrew/Cellar/texlive/20250308_1/share/texmf-dist/tex/generic/pgf/math/
pgfmathfunctions.misc.code.tex)
(/opt/homebrew/Cellar/texlive/20250308_1/share/texmf-dist/tex/generic/pgf/math/
pgfmathfunctions.integerarithmetics.code.tex)
(/opt/homebrew/Cellar/texlive/20250308_1/share/texmf-dist/tex/generic/pgf/math/
pgfmathcalc.code.tex)
(/opt/homebrew/Cellar/texlive/20250308_1/share/texmf-dist/tex/generic/pgf/math/
pgfmathfloat.code.tex))
(/opt/homebrew/Cellar/texlive/20250308_1/share/texmf-dist/tex/generic/pgf/math/
pgfint.code.tex)
(/opt/homebrew/Cellar/texlive/20250308_1/share/texmf-dist/tex/generic/pgf/basic
layer/pgfcorepoints.code.tex)
(/opt/homebrew/Cellar/texlive/20250308_1/share/texmf-dist/tex/generic/pgf/basic
layer/pgfcorepathconstruct.code.tex)
(/opt/homebrew/Cellar/texlive/20250308_1/share/texmf-dist/tex/generic/pgf/basic
layer/pgfcorepathusage.code.tex)
(/opt/homebrew/Cellar/texlive/20250308_1/share/texmf-dist/tex/generic/pgf/basic
layer/pgfcorescopes.code.tex)
(/opt/homebrew/Cellar/texlive/20250308_1/share/texmf-dist/tex/generic/pgf/basic
layer/pgfcoregraphicstate.code.tex)
(/opt/homebrew/Cellar/texlive/20250308_1/share/texmf-dist/tex/generic/pgf/basic
layer/pgfcoretransformations.code.tex)
(/opt/homebrew/Cellar/texlive/20250308_1/share/texmf-dist/tex/generic/pgf/basic
layer/pgfcorequick.code.tex)
(/opt/homebrew/Cellar/texlive/20250308_1/share/texmf-dist/tex/generic/pgf/basic
layer/pgfcoreobjects.code.tex)
(/opt/homebrew/Cellar/texlive/20250308_1/share/texmf-dist/tex/generic/pgf/basic
layer/pgfcorepathprocessing.code.tex)
(/opt/homebrew/Cellar/texlive/20250308_1/share/texmf-dist/tex/generic/pgf/basic
layer/pgfcorearrows.code.tex)
(/opt/homebrew/Cellar/texlive/20250308_1/share/texmf-dist/tex/generic/pgf/basic
layer/pgfcoreshade.code.tex)
(/opt/homebrew/Cellar/texlive/20250308_1/share/texmf-dist/tex/generic/pgf/basic
layer/pgfcoreimage.code.tex)
(/opt/homebrew/Cellar/texlive/20250308_1/share/texmf-dist/tex/generic/pgf/basic
layer/pgfcoreexternal.code.tex)
(/opt/homebrew/Cellar/texlive/20250308_1/share/texmf-dist/tex/generic/pgf/basic
layer/pgfcorelayers.code.tex)
(/opt/homebrew/Cellar/texlive/20250308_1/share/texmf-dist/tex/generic/pgf/basic
layer/pgfcoretransparency.code.tex)
(/opt/homebrew/Cellar/texlive/20250308_1/share/texmf-dist/tex/generic/pgf/basic
layer/pgfcorepatterns.code.tex)
(/opt/homebrew/Cellar/texlive/20250308_1/share/texmf-dist/tex/generic/pgf/basic
layer/pgfcorerdf.code.tex)))
(/opt/homebrew/Cellar/texlive/20250308_1/share/texmf-dist/tex/generic/pgf/modul
es/pgfmoduleshapes.code.tex)
(/opt/homebrew/Cellar/texlive/20250308_1/share/texmf-dist/tex/generic/pgf/modul
es/pgfmoduleplot.code.tex)
(/opt/homebrew/Cellar/texlive/20250308_1/share/texmf-dist/tex/latex/pgf/compati
bility/pgfcomp-version-0-65.sty)
(/opt/homebrew/Cellar/texlive/20250308_1/share/texmf-dist/tex/latex/pgf/compati
bility/pgfcomp-version-1-18.sty))
(/opt/homebrew/Cellar/texlive/20250308_1/share/texmf-dist/tex/latex/pgf/utiliti
es/pgffor.sty
(/opt/homebrew/Cellar/texlive/20250308_1/share/texmf-dist/tex/latex/pgf/utiliti
es/pgfkeys.sty
(/opt/homebrew/Cellar/texlive/20250308_1/share/texmf-dist/tex/generic/pgf/utili
ties/pgfkeys.code.tex))
(/opt/homebrew/Cellar/texlive/20250308_1/share/texmf-dist/tex/latex/pgf/math/pg
fmath.sty
(/opt/homebrew/Cellar/texlive/20250308_1/share/texmf-dist/tex/generic/pgf/math/
pgfmath.code.tex))
(/opt/homebrew/Cellar/texlive/20250308_1/share/texmf-dist/tex/generic/pgf/utili
ties/pgffor.code.tex))
(/opt/homebrew/Cellar/texlive/20250308_1/share/texmf-dist/tex/generic/pgf/front
endlayer/tikz/tikz.code.tex
(/opt/homebrew/Cellar/texlive/20250308_1/share/texmf-dist/tex/generic/pgf/libra
ries/pgflibraryplothandlers.code.tex)
(/opt/homebrew/Cellar/texlive/20250308_1/share/texmf-dist/tex/generic/pgf/modul
es/pgfmodulematrix.code.tex)
(/opt/homebrew/Cellar/texlive/20250308_1/share/texmf-dist/tex/generic/pgf/front
endlayer/tikz/libraries/tikzlibrarytopaths.code.tex)))
(/opt/homebrew/Cellar/texlive/20250308_1/share/texmf-dist/tex/generic/pgf/libra
ries/pgflibraryarrows.meta.code.tex)
(/opt/homebrew/Cellar/texlive/20250308_1/share/texmf-dist/tex/generic/pgf/front
endlayer/tikz/libraries/tikzlibrarycalc.code.tex)
(/opt/homebrew/Cellar/texlive/20250308_1/share/texmf-dist/tex/generic/pgf/front
endlayer/tikz/libraries/tikzlibraryangles.code.tex)
(/opt/homebrew/Cellar/texlive/20250308_1/share/texmf-dist/tex/generic/pgf/front
endlayer/tikz/libraries/tikzlibraryquotes.code.tex)
(/opt/homebrew/Cellar/texlive/20250308_1/share/texmf-dist/tex/generic/pgf/front
endlayer/tikz/libraries/tikzlibrarypositioning.code.tex)
(/opt/homebrew/Cellar/texlive/20250308_1/share/texmf-dist/tex/generic/pgf/front
endlayer/tikz/libraries/tikzlibrarydecorations.pathreplacing.code.tex
(/opt/homebrew/Cellar/texlive/20250308_1/share/texmf-dist/tex/generic/pgf/front
endlayer/tikz/libraries/tikzlibrarydecorations.code.tex
(/opt/homebrew/Cellar/texlive/20250308_1/share/texmf-dist/tex/generic/pgf/modul
es/pgfmoduledecorations.code.tex))
(/opt/homebrew/Cellar/texlive/20250308_1/share/texmf-dist/tex/generic/pgf/libra
ries/decorations/pgflibrarydecorations.pathreplacing.code.tex))
(/opt/homebrew/Cellar/texlive/20250308_1/share/texmf-dist/tex/latex/titlesec/ti
tletoc.sty)
(/opt/homebrew/Cellar/texlive/20250308_1/share/texmf-dist/tex/latex/fancyhdr/fa
ncyhdr.sty)
(/opt/homebrew/Cellar/texlive/20250308_1/share/texmf-dist/tex/latex/dejavu/Deja
VuSans.sty)
(/opt/homebrew/Cellar/texlive/20250308_1/share/texmf-dist/tex/latex/sansmath/sa
nsmath.sty)
(/opt/homebrew/Cellar/texlive/20250308_1/share/texmf-dist/tex/latex/cite/cite.s
ty) (./generated/stats.tex) (./generated/census.tex) (./generated/msd.tex)
(./generated/altitude_noise.tex) (./generated/pipeline_census.tex)
(./generated/trim.tex) (./generated/verify.tex) (./generated/audit.tex)
(./generated/prelim.tex) (./generated/terrain.tex)
(./generated/dataset_stats.tex) (./generated/kinematic_isotropy.tex)
(./generated/ch3_revision.tex) (./generated/ch3_terrain_axes_values.tex)
(./generated/ch3_alps_sector_values.tex) (./generated/ch3_pca_cohort_values.tex
) (./generated/ch3_channel_wind_values.tex)
(./generated/ch3_regional_variations_values.tex)
(./generated/ch3_grouped_tamsd_values.tex) (./generated/ch3_msd_weights.tex)
(./generated/ch3_altitude_hurst_values.tex)
(./generated/ch3_self_similarity_values.tex)
(./generated/duration_equipment.tex) (./generated/snapshot_status.tex)
(./generated/segmentation.tex) (./generated/ch5_vilpellet_values.tex))
(/opt/homebrew/Cellar/texlive/20250308_1/share/texmf-dist/tex/latex/lm/t1lmr.fd
)
(/opt/homebrew/Cellar/texlive/20250308_1/share/texmf-dist/tex/latex/l3backend/l
3backend-pdftex.def) (./main.aux)
*geometry* driver: auto-detecting
*geometry* detected driver: pdftex

(/opt/homebrew/Cellar/texlive/20250308_1/share/texmf-dist/tex/latex/microtype/m
t-cmr.cfg)
(/opt/homebrew/Cellar/texlive/20250308_1/share/texmf-dist/tex/context/base/mkii
/supp-pdf.mkii
[Loading MPS to PDF converter (version 2006.09.02).]
)
(/opt/homebrew/Cellar/texlive/20250308_1/share/texmf-dist/tex/latex/epstopdf-pk
g/epstopdf-base.sty
(/opt/homebrew/Cellar/texlive/20250308_1/share/texmf-dist/tex/latex/latexconfig
/epstopdf-sys.cfg))
(/opt/homebrew/Cellar/texlive/20250308_1/share/texmf-dist/tex/latex/caption/ltc
aption.sty)
(/opt/homebrew/Cellar/texlive/20250308_1/share/texmf-dist/tex/latex/translation
s/translations-basic-dictionary-english.trsl) (./main.out) (./main.out)
(/opt/homebrew/Cellar/texlive/20250308_1/share/texmf-dist/tex/latex/lm/t1lmtt.f
d)
(/opt/homebrew/Cellar/texlive/20250308_1/share/texmf-dist/tex/latex/lm/ot1lmr.f
d)
(/opt/homebrew/Cellar/texlive/20250308_1/share/texmf-dist/tex/latex/lm/omllmm.f
d)
(/opt/homebrew/Cellar/texlive/20250308_1/share/texmf-dist/tex/latex/lm/omslmsy.
fd)
(/opt/homebrew/Cellar/texlive/20250308_1/share/texmf-dist/tex/latex/lm/omxlmex.
fd)
(/opt/homebrew/Cellar/texlive/20250308_1/share/texmf-dist/tex/latex/amsfonts/um
sa.fd)
(/opt/homebrew/Cellar/texlive/20250308_1/share/texmf-dist/tex/latex/microtype/m
t-msa.cfg)
(/opt/homebrew/Cellar/texlive/20250308_1/share/texmf-dist/tex/latex/amsfonts/um
sb.fd)
(/opt/homebrew/Cellar/texlive/20250308_1/share/texmf-dist/tex/latex/microtype/m
t-msb.cfg)
[1{/opt/homebrew/Cellar/texlive/20250308_1/share/texmf-dist/fonts/map/pdftex/up
dmap/pdftex.map}{/opt/homebrew/Cellar/texlive/20250308_1/share/texmf-dist/fonts
/enc/dvips/lm/lm-ec.enc}]
[1] (./main.toc
[2])
[3{/opt/homebrew/Cellar/texlive/20250308_1/share/texmf-dist/fonts/enc/dvips/lm/
lm-rm.enc}{/opt/homebrew/Cellar/texlive/20250308_1/share/texmf-dist/fonts/enc/d
vips/lm/lm-mathit.enc}] (./tesi/01-introduction.tex
Chapter 1.

Underfull \vbox (badness 10000) has occurred while \output is active
[1{/opt/homebrew/Cellar/texlive/20250308_1/share/texmf-dist/fonts/enc/dvips/lm/
lm-mathsy.enc}{/opt/homebrew/Cellar/texlive/20250308_1/share/texmf-dist/fonts/e
nc/dvips/lm/lm-mathex.enc}]
[2]
(/opt/homebrew/Cellar/texlive/20250308_1/share/texmf-dist/tex/latex/dejavu/T1De
jaVuSans-TLF.fd)
Underfull \vbox (badness 10000) has occurred while \output is active
[3]) (./tesi/03-dataset.tex
[4{/opt/homebrew/Cellar/texlive/20250308_1/share/texmf-dist/fonts/enc/dvips/dej
avu/dejavusans_t1-type1.enc}]
Chapter 2.

(/opt/homebrew/Cellar/texlive/20250308_1/share/texmf-dist/tex/latex/lm/ts1lmr.f
d)
[5{/opt/homebrew/Cellar/texlive/20250308_1/share/texmf-dist/fonts/enc/dvips/lm/
lm-ts1.enc}]
[6] (./generated/seasons_table_para.tex
[7] [8]) (./generated/seasons_table_hang.tex)
[9] (./generated/cleaning_witness_audit.tex)
[10]
[11]
[12 <./generated/altitude_noise.pdf>]
[13]
[14 <./generated/cleaning_defects_schematic.pdf>]
[15]
(/opt/homebrew/Cellar/texlive/20250308_1/share/texmf-dist/tex/latex/dejavu/OT1D
ejaVuSans-TLF.fd)
[16 <./generated/horizontal_gate_explainer.pdf>]
[17{/opt/homebrew/Cellar/texlive/20250308_1/share/texmf-dist/fonts/enc/dvips/de
javu/dejavusans_ot1.enc}]
[18 <./generated/vertical_median_explainer.pdf>]
[19]
[20 <./generated/fixlevel_diagnostics.pdf>]
[21]
[22 <./generated/cleaning_real_examples.pdf>]
[23 <./generated/trim_split_seconds.pdf>]
[24 <./generated/trim_alt_shift.pdf>]
[25 <./generated/trim_interior_excisions.pdf>]
[26 <./generated/preproc_diagnostics.pdf>]
[27]
[28]
[29 <./generated/sampling_intervals.pdf>]
[30]
[31 <./generated/gap_diagnostics.pdf>]
[32]
[33 <./generated/savgol_explainer.pdf>]
[34 <./generated/savgol_spectrum.pdf>]
[35 <./generated/savgol_response.pdf>]
[36]
[37] [38] [39]
[40]
[41 <./generated/prelim_ensemble.pdf>]
[42]
[43 <./generated/dataset_seasons.pdf>] (./generated/regional_boxes_table.tex)
[44]
[45 <./generated/prelim_map.pdf>]) (./tesi/04-fixed-transport.tex
[46 <./generated/terrain_map.pdf>]
Chapter 3.
(./generated/ch3_transport_values.tex)
(./generated/ch3_transport_grid_bootstrap_values.tex)
(./generated/ch3_transport_origin_dependence_values.tex)
(./generated/ch3_conditional_values.tex)
[47] (./generated/ch3_transport_interpolation_table.tex)
[48] (./generated/ch3_transport_support_table.tex)
[49]
[50 <./generated/ch3_transport_general.pdf> <./generated/ch3_transport_general_
slopes.pdf>]
[51 <./generated/ch3_transport_general_residuals.pdf>]
Underfull \hbox (badness 10000) in paragraph at lines 269--284


Underfull \hbox (badness 10000) in paragraph at lines 327--330


Underfull \hbox (badness 10000) in paragraph at lines 327--330


[52] (./generated/ch3_transport_cluster_context.tex)
[53] (./generated/ch3_transport_grid_bootstrap_support.tex)
[54 <./generated/ch3_transport_grid_bootstrap.pdf>]
(./generated/ch3_transport_cohort_table.tex)
[55] (./generated/ch3_transport_cohort_contrast_table.tex)
Underfull \hbox (badness 10000) in paragraph at lines 562--570


[56]
[57 <./generated/ch3_transport_cohorts.pdf>]
[58]
[59 <./generated/ch3_conditional_altitude.pdf>]
(./generated/ch3_conditional_regional_table.tex)
[60]
[61 <./generated/ch3_conditional_regions.pdf>]
(./generated/ch3_transport_task_table.tex)
[62 <./generated/ch3_conditional_circuit.pdf>]
[63 <./generated/ch3_transport_task_altitude.pdf>]
[64] (./generated/ch3_conditional_equipment_table.tex)
[65 <./generated/ch3_conditional_equipment.pdf>]) (./main.bbl
[66 <./generated/ch3_conditional_equipment_altitude.pdf>]
[67]
Underfull \hbox (badness 10000) in paragraph at lines 80--85
[]\T1/lmr/m/n/10.95 (+20) scikit-learn de-vel-op-ers.  \T1/lmtt/m/n/10.95 sklea
rn.metrics.pairwise.haversine_distances\T1/lmr/m/n/10.95 (+20) .

Underfull \hbox (badness 1902) in paragraph at lines 80--85
\T1/lmr/m/n/10.95 (+20) scikit-learn API ref-er-ence.  States the great-circle 
for-mula used here. [][]$\T1/lmtt/m/n/10.95 https :

Underfull \hbox (badness 10000) in paragraph at lines 80--85
\T1/lmtt/m/n/10.95 / / scikit-[]learn . org / stable / modules / generated / sk
learn . metrics . pairwise .

[68])
[69]
[70] (./tesi/B-psd.tex
Appendix 2.A.

[71]) (./tesi/geodesy.tex
[72]
Appendix 2.B.

[73]
[74]
(/opt/homebrew/Cellar/texlive/20250308_1/share/texmf-dist/tex/latex/lm/ot1lmss.
fd)
[75]) (./tesi/experimentals.tex
[76] (./generated/ch3_transport_values.tex)
(./generated/ch3_transport_grid_bootstrap_values.tex)
(./generated/ch3_transport_origin_dependence_values.tex)
(./generated/ch3_conditional_values.tex) (./generated/ch3_factorial_values.tex)

Package hyperref Warning: Difference (2) between bookmark levels is greater 
(hyperref)                than one, level fixed on input line 19.


[77] (./generated/ch3_factorial_decomposition.tex)
[78 <./generated/ch3_factorial_cells.pdf>]
[79] (./generated/ch3_factorial_sensitivity.tex)
(./generated/ch3_factorial_windows.tex)
[80 <./generated/ch3_factorial_contrasts.pdf>]
[81]
[82]
[83 <./generated/ch3_transport_quantiles_para.pdf>]
[84 <./generated/ch3_transport_quantiles_hang.pdf> <./generated/ch3_transport_q
uantile_exponents.pdf>] (./generated/ch3_transport_fit_table.tex)
(./generated/ch3_transport_scaling_table.tex)
[85 <./generated/ch3_transport_fixed_slopes.pdf>]
[86 <./generated/ch3_transport_spectrum.pdf>]
[87 <./generated/ch3_transport_kurtosis.pdf>]
[88 <./generated/ch3_transport_origin_dependence.pdf>])
[89] (./main.aux) )
(see the transcript file for additional information)</opt/homebrew/Cellar/texli
ve/20250308_1/share/texmf-dist/fonts/type1/public/dejavu/DejaVuSans-Bold.pfb></
opt/homebrew/Cellar/texlive/20250308_1/share/texmf-dist/fonts/type1/public/deja
vu/DejaVuSans-Oblique.pfb></opt/homebrew/Cellar/texlive/20250308_1/share/texmf-
dist/fonts/type1/public/dejavu/DejaVuSans.pfb></opt/homebrew/Cellar/texlive/202
50308_1/share/texmf-dist/fonts/type1/public/amsfonts/cm/cmmi10.pfb></opt/homebr
ew/Cellar/texlive/20250308_1/share/texmf-dist/fonts/type1/public/amsfonts/cm/cm
mi9.pfb></opt/homebrew/Cellar/texlive/20250308_1/share/texmf-dist/fonts/type1/p
ublic/amsfonts/cm/cmsy10.pfb></opt/homebrew/Cellar/texlive/20250308_1/share/tex
mf-dist/fonts/type1/public/amsfonts/cm/cmsy6.pfb></opt/homebrew/Cellar/texlive/
20250308_1/share/texmf-dist/fonts/type1/public/amsfonts/cm/cmsy9.pfb></opt/home
brew/Cellar/texlive/20250308_1/share/texmf-dist/fonts/type1/public/lm/lmbx10.pf
b></opt/homebrew/Cellar/texlive/20250308_1/share/texmf-dist/fonts/type1/public/
lm/lmbx12.pfb></opt/homebrew/Cellar/texlive/20250308_1/share/texmf-dist/fonts/t
ype1/public/lm/lmbx8.pfb></opt/homebrew/Cellar/texlive/20250308_1/share/texmf-d
ist/fonts/type1/public/lm/lmbx9.pfb></opt/homebrew/Cellar/texlive/20250308_1/sh
are/texmf-dist/fonts/type1/public/lm/lmcsc10.pfb></opt/homebrew/Cellar/texlive/
20250308_1/share/texmf-dist/fonts/type1/public/lm/lmex10.pfb></opt/homebrew/Cel
lar/texlive/20250308_1/share/texmf-dist/fonts/type1/public/lm/lmmi10.pfb></opt/
homebrew/Cellar/texlive/20250308_1/share/texmf-dist/fonts/type1/public/lm/lmmi1
2.pfb></opt/homebrew/Cellar/texlive/20250308_1/share/texmf-dist/fonts/type1/pub
lic/lm/lmmi6.pfb></opt/homebrew/Cellar/texlive/20250308_1/share/texmf-dist/font
s/type1/public/lm/lmmi7.pfb></opt/homebrew/Cellar/texlive/20250308_1/share/texm
f-dist/fonts/type1/public/lm/lmmi8.pfb></opt/homebrew/Cellar/texlive/20250308_1
/share/texmf-dist/fonts/type1/public/lm/lmmi9.pfb></opt/homebrew/Cellar/texlive
/20250308_1/share/texmf-dist/fonts/type1/public/lm/lmmib10.pfb></opt/homebrew/C
ellar/texlive/20250308_1/share/texmf-dist/fonts/type1/public/lm/lmr10.pfb></opt
/homebrew/Cellar/texlive/20250308_1/share/texmf-dist/fonts/type1/public/lm/lmr1
2.pfb></opt/homebrew/Cellar/texlive/20250308_1/share/texmf-dist/fonts/type1/pub
lic/lm/lmr17.pfb></opt/homebrew/Cellar/texlive/20250308_1/share/texmf-dist/font
s/type1/public/lm/lmr5.pfb></opt/homebrew/Cellar/texlive/20250308_1/share/texmf
-dist/fonts/type1/public/lm/lmr6.pfb></opt/homebrew/Cellar/texlive/20250308_1/s
hare/texmf-dist/fonts/type1/public/lm/lmr7.pfb></opt/homebrew/Cellar/texlive/20
250308_1/share/texmf-dist/fonts/type1/public/lm/lmr8.pfb></opt/homebrew/Cellar/
texlive/20250308_1/share/texmf-dist/fonts/type1/public/lm/lmr9.pfb></opt/homebr
ew/Cellar/texlive/20250308_1/share/texmf-dist/fonts/type1/public/lm/lmri10.pfb>
</opt/homebrew/Cellar/texlive/20250308_1/share/texmf-dist/fonts/type1/public/lm
/lmri12.pfb></opt/homebrew/Cellar/texlive/20250308_1/share/texmf-dist/fonts/typ
e1/public/lm/lmss8.pfb></opt/homebrew/Cellar/texlive/20250308_1/share/texmf-dis
t/fonts/type1/public/lm/lmsy10.pfb></opt/homebrew/Cellar/texlive/20250308_1/sha
re/texmf-dist/fonts/type1/public/lm/lmsy6.pfb></opt/homebrew/Cellar/texlive/202
50308_1/share/texmf-dist/fonts/type1/public/lm/lmsy7.pfb></opt/homebrew/Cellar/
texlive/20250308_1/share/texmf-dist/fonts/type1/public/lm/lmsy8.pfb></opt/homeb
rew/Cellar/texlive/20250308_1/share/texmf-dist/fonts/type1/public/lm/lmtt10.pfb
></opt/homebrew/Cellar/texlive/20250308_1/share/texmf-dist/fonts/type1/public/a
msfonts/symbols/msam10.pfb></opt/homebrew/Cellar/texlive/20250308_1/share/texmf
-dist/fonts/type1/public/amsfonts/symbols/msbm10.pfb>
Output written on main.pdf (93 pages, 4108049 bytes).
Transcript written on main.log.
Latexmk: Getting log file 'main.log'
Latexmk: Examining 'main.fls'
Latexmk: Examining 'main.log'
Latexmk: Found input bbl file 'main.bbl'
Latexmk: Log file says output to 'main.pdf'
Latexmk: Found bibliography file(s):
  ./references.bib
Latexmk: All targets (main.pdf) are up-to-date

